route,locale,page_type,keyword_status,keyword_score,primary_keyword,audit_scope,words,content_paragraphs,h1_count,h2_count,h3_count,image_count,missing_alt_count,internal_links,descriptive_internal_links,schema_types,search_intent_score,content_quality_score,experience_score,expertise_score,authority_score,trust_score,eeat_score,ai_citation_score,priority,issues,recommendations,title,h1,h2,file
/ar/accessories/fc-bt1,ar,accessory_detail,strong,100,بطارية UAV صلبة FC-BT1,full_inventory,1488,0,0,0,0,0,0,0,0,,22,7,0,0,0,8,8,0,P1 需要补内容,"有效正文段落偏少; H2 结构偏薄; 缺少页面类型应有证据：hasSpecs, hasProductSchema, hasInquiry; 缺少 JSON-LD Schema; 描述性内链不足",增加 3-6 个有信息量的段落，避免只靠卡片、导航和短摘要支撑页面; 增加围绕搜索意图的 H2：应用场景、工作流程、技术参数、案例证据、FAQ; 按页面类型补齐证据模块，而不是继续堆关键词; 补充 Organization / Product / Service / Article / BreadcrumbList 等匹配页面类型的 Schema,,,,.next/server/app/ar/accessories/fc-bt1.html
/ar/accessories/fc-bt2,ar,accessory_detail,strong,100,بطارية UAV صلبة FC-BT2,full_inventory,1346,0,0,0,0,0,0,0,0,,22,7,0,0,0,8,8,0,P1 需要补内容,"有效正文段落偏少; H2 结构偏薄; 缺少页面类型应有证据：hasSpecs, hasProductSchema, hasInquiry; 缺少 JSON-LD Schema; 描述性内链不足",增加 3-6 个有信息量的段落，避免只靠卡片、导航和短摘要支撑页面; 增加围绕搜索意图的 H2：应用场景、工作流程、技术参数、案例证据、FAQ; 按页面类型补齐证据模块，而不是继续堆关键词; 补充 Organization / Product / Service / Article / BreadcrumbList 等匹配页面类型的 Schema,,,,.next/server/app/ar/accessories/fc-bt2.html
/ar/accessories/fc-bt3,ar,accessory_detail,strong,100,بطارية UAV صلبة عالية الجهد FC-BT3,full_inventory,1118,0,0,0,0,0,0,0,0,,22,7,0,0,0,8,8,0,P1 需要补内容,"有效正文段落偏少; H2 结构偏薄; 缺少页面类型应有证据：hasSpecs, hasProductSchema, hasInquiry; 缺少 JSON-LD Schema; 描述性内链不足",增加 3-6 个有信息量的段落，避免只靠卡片、导航和短摘要支撑页面; 增加围绕搜索意图的 H2：应用场景、工作流程、技术参数、案例证据、FAQ; 按页面类型补齐证据模块，而不是继续堆关键词; 补充 Organization / Product / Service / Article / BreadcrumbList 等匹配页面类型的 Schema,,,,.next/server/app/ar/accessories/fc-bt3.html
/ar/accessories/fc-bt4,ar,accessory_detail,strong,100,بطارية UAV صلبة عالية الطاقة FC-BT4,full_inventory,1976,0,0,0,0,0,0,0,0,,22,7,0,0,0,8,8,0,P1 需要补内容,"有效正文段落偏少; H2 结构偏薄; 缺少页面类型应有证据：hasSpecs, hasProductSchema, hasInquiry; 缺少 JSON-LD Schema; 描述性内链不足",增加 3-6 个有信息量的段落，避免只靠卡片、导航和短摘要支撑页面; 增加围绕搜索意图的 H2：应用场景、工作流程、技术参数、案例证据、FAQ; 按页面类型补齐证据模块，而不是继续堆关键词; 补充 Organization / Product / Service / Article / BreadcrumbList 等匹配页面类型的 Schema,,,,.next/server/app/ar/accessories/fc-bt4.html
/ar/accessories/fc-btg,ar,accessory_detail,strong,100,بطارية UAV تدريبية صلبة FC-BTG,full_inventory,1203,0,0,0,0,0,0,0,0,,22,7,0,0,0,8,8,0,P1 需要补内容,"有效正文段落偏少; H2 结构偏薄; 缺少页面类型应有证据：hasSpecs, hasProductSchema, hasInquiry; 缺少 JSON-LD Schema; 描述性内链不足",增加 3-6 个有信息量的段落，避免只靠卡片、导航和短摘要支撑页面; 增加围绕搜索意图的 H2：应用场景、工作流程、技术参数、案例证据、FAQ; 按页面类型补齐证据模块，而不是继续堆关键词; 补充 Organization / Product / Service / Article / BreadcrumbList 等匹配页面类型的 Schema,,,,.next/server/app/ar/accessories/fc-btg.html
/ar/accessories/fc-c2d-propeller,ar,accessory_detail,strong,100,مروحة UAV FC-C2D,full_inventory,1197,0,0,0,0,0,0,0,0,,22,7,0,0,0,8,8,0,P1 需要补内容,"有效正文段落偏少; H2 结构偏薄; 缺少页面类型应有证据：hasSpecs, hasProductSchema, hasInquiry; 缺少 JSON-LD Schema; 描述性内链不足",增加 3-6 个有信息量的段落，避免只靠卡片、导航和短摘要支撑页面; 增加围绕搜索意图的 H2：应用场景、工作流程、技术参数、案例证据、FAQ; 按页面类型补齐证据模块，而不是继续堆关键词; 补充 Organization / Product / Service / Article / BreadcrumbList 等匹配页面类型的 Schema,,,,.next/server/app/ar/accessories/fc-c2d-propeller.html
/ar/accessories/fc-c2e-propeller,ar,accessory_detail,strong,100,مروحة UAV FC-C2E,full_inventory,1087,0,0,0,0,0,0,0,0,,22,7,0,0,0,8,8,0,P1 需要补内容,"有效正文段落偏少; H2 结构偏薄; 缺少页面类型应有证据：hasSpecs, hasProductSchema, hasInquiry; 缺少 JSON-LD Schema; 描述性内链不足",增加 3-6 个有信息量的段落，避免只靠卡片、导航和短摘要支撑页面; 增加围绕搜索意图的 H2：应用场景、工作流程、技术参数、案例证据、FAQ; 按页面类型补齐证据模块，而不是继续堆关键词; 补充 Organization / Product / Service / Article / BreadcrumbList 等匹配页面类型的 Schema,,,,.next/server/app/ar/accessories/fc-c2e-propeller.html
/ar/accessories/fc-c2t-propeller,ar,accessory_detail,strong,100,مروحة UAV FC-C2T,full_inventory,1187,0,0,0,0,0,0,0,0,,22,7,0,0,0,8,8,0,P1 需要补内容,"有效正文段落偏少; H2 结构偏薄; 缺少页面类型应有证据：hasSpecs, hasProductSchema, hasInquiry; 缺少 JSON-LD Schema; 描述性内链不足",增加 3-6 个有信息量的段落，避免只靠卡片、导航和短摘要支撑页面; 增加围绕搜索意图的 H2：应用场景、工作流程、技术参数、案例证据、FAQ; 按页面类型补齐证据模块，而不是继续堆关键词; 补充 Organization / Product / Service / Article / BreadcrumbList 等匹配页面类型的 Schema,,,,.next/server/app/ar/accessories/fc-c2t-propeller.html
/ar/accessories/fc-c2u-propeller,ar,accessory_detail,strong,100,مروحة UAV FC-C2U,full_inventory,1187,0,0,0,0,0,0,0,0,,22,7,0,0,0,8,8,0,P1 需要补内容,"有效正文段落偏少; H2 结构偏薄; 缺少页面类型应有证据：hasSpecs, hasProductSchema, hasInquiry; 缺少 JSON-LD Schema; 描述性内链不足",增加 3-6 个有信息量的段落，避免只靠卡片、导航和短摘要支撑页面; 增加围绕搜索意图的 H2：应用场景、工作流程、技术参数、案例证据、FAQ; 按页面类型补齐证据模块，而不是继续堆关键词; 补充 Organization / Product / Service / Article / BreadcrumbList 等匹配页面类型的 Schema,,,,.next/server/app/ar/accessories/fc-c2u-propeller.html
/ar/accessories/fc-c2ud-propeller,ar,accessory_detail,strong,100,مروحة UAV FC-C2UD,full_inventory,1197,0,0,0,0,0,0,0,0,,22,7,0,0,0,8,8,0,P1 需要补内容,"有效正文段落偏少; H2 结构偏薄; 缺少页面类型应有证据：hasSpecs, hasProductSchema, hasInquiry; 缺少 JSON-LD Schema; 描述性内链不足",增加 3-6 个有信息量的段落，避免只靠卡片、导航和短摘要支撑页面; 增加围绕搜索意图的 H2：应用场景、工作流程、技术参数、案例证据、FAQ; 按页面类型补齐证据模块，而不是继续堆关键词; 补充 Organization / Product / Service / Article / BreadcrumbList 等匹配页面类型的 Schema,,,,.next/server/app/ar/accessories/fc-c2ud-propeller.html
/ar/accessories/fc-fdj-111,ar,accessory_detail,strong,100,محرك UAV FC-FDJ-111,full_inventory,883,0,0,0,0,0,0,0,0,,22,7,0,0,0,8,8,0,P1 需要补内容,"有效正文段落偏少; H2 结构偏薄; 缺少页面类型应有证据：hasSpecs, hasProductSchema, hasInquiry; 缺少 JSON-LD Schema; 描述性内链不足",增加 3-6 个有信息量的段落，避免只靠卡片、导航和短摘要支撑页面; 增加围绕搜索意图的 H2：应用场景、工作流程、技术参数、案例证据、FAQ; 按页面类型补齐证据模块，而不是继续堆关键词; 补充 Organization / Product / Service / Article / BreadcrumbList 等匹配页面类型的 Schema,,,,.next/server/app/ar/accessories/fc-fdj-111.html
/ar/accessories/fc-fdj-120,ar,accessory_detail,strong,100,محرك UAV FC-FDJ-120,full_inventory,881,0,0,0,0,0,0,0,0,,22,7,0,0,0,8,8,0,P1 需要补内容,"有效正文段落偏少; H2 结构偏薄; 缺少页面类型应有证据：hasSpecs, hasProductSchema, hasInquiry; 缺少 JSON-LD Schema; 描述性内链不足",增加 3-6 个有信息量的段落，避免只靠卡片、导航和短摘要支撑页面; 增加围绕搜索意图的 H2：应用场景、工作流程、技术参数、案例证据、FAQ; 按页面类型补齐证据模块，而不是继续堆关键词; 补充 Organization / Product / Service / Article / BreadcrumbList 等匹配页面类型的 Schema,,,,.next/server/app/ar/accessories/fc-fdj-120.html
/ar/accessories/fc-fdj-120hd,ar,accessory_detail,strong,100,محرك UAV FC-FDJ-120HD,full_inventory,853,0,0,0,0,0,0,0,0,,22,7,0,0,0,8,8,0,P1 需要补内容,"有效正文段落偏少; H2 结构偏薄; 缺少页面类型应有证据：hasSpecs, hasProductSchema, hasInquiry; 缺少 JSON-LD Schema; 描述性内链不足",增加 3-6 个有信息量的段落，避免只靠卡片、导航和短摘要支撑页面; 增加围绕搜索意图的 H2：应用场景、工作流程、技术参数、案例证据、FAQ; 按页面类型补齐证据模块，而不是继续堆关键词; 补充 Organization / Product / Service / Article / BreadcrumbList 等匹配页面类型的 Schema,,,,.next/server/app/ar/accessories/fc-fdj-120hd.html
/ar/accessories/fc-fdj-170,ar,accessory_detail,strong,100,محرك UAV FC-FDJ-170,full_inventory,871,0,0,0,0,0,0,0,0,,22,7,0,0,0,8,8,0,P1 需要补内容,"有效正文段落偏少; H2 结构偏薄; 缺少页面类型应有证据：hasSpecs, hasProductSchema, hasInquiry; 缺少 JSON-LD Schema; 描述性内链不足",增加 3-6 个有信息量的段落，避免只靠卡片、导航和短摘要支撑页面; 增加围绕搜索意图的 H2：应用场景、工作流程、技术参数、案例证据、FAQ; 按页面类型补齐证据模块，而不是继续堆关键词; 补充 Organization / Product / Service / Article / BreadcrumbList 等匹配页面类型的 Schema,,,,.next/server/app/ar/accessories/fc-fdj-170.html
/ar/accessories/fc-fdj-200,ar,accessory_detail,strong,100,محرك UAV FC-FDJ-200,full_inventory,841,0,0,0,0,0,0,0,0,,22,7,0,0,0,8,8,0,P1 需要补内容,"有效正文段落偏少; H2 结构偏薄; 缺少页面类型应有证据：hasSpecs, hasProductSchema, hasInquiry; 缺少 JSON-LD Schema; 描述性内链不足",增加 3-6 个有信息量的段落，避免只靠卡片、导航和短摘要支撑页面; 增加围绕搜索意图的 H2：应用场景、工作流程、技术参数、案例证据、FAQ; 按页面类型补齐证据模块，而不是继续堆关键词; 补充 Organization / Product / Service / Article / BreadcrumbList 等匹配页面类型的 Schema,,,,.next/server/app/ar/accessories/fc-fdj-200.html
/ar/accessories/fc-fdj-222,ar,accessory_detail,strong,100,محرك UAV FC-FDJ-222,full_inventory,877,0,0,0,0,0,0,0,0,,22,7,0,0,0,8,8,0,P1 需要补内容,"有效正文段落偏少; H2 结构偏薄; 缺少页面类型应有证据：hasSpecs, hasProductSchema, hasInquiry; 缺少 JSON-LD Schema; 描述性内链不足",增加 3-6 个有信息量的段落，避免只靠卡片、导航和短摘要支撑页面; 增加围绕搜索意图的 H2：应用场景、工作流程、技术参数、案例证据、FAQ; 按页面类型补齐证据模块，而不是继续堆关键词; 补充 Organization / Product / Service / Article / BreadcrumbList 等匹配页面类型的 Schema,,,,.next/server/app/ar/accessories/fc-fdj-222.html
/ar/accessories/fc-fdj-430,ar,accessory_detail,strong,100,محرك UAV FC-FDJ-430,full_inventory,891,0,0,0,0,0,0,0,0,,22,7,0,0,0,8,8,0,P1 需要补内容,"有效正文段落偏少; H2 结构偏薄; 缺少页面类型应有证据：hasSpecs, hasProductSchema, hasInquiry; 缺少 JSON-LD Schema; 描述性内链不足",增加 3-6 个有信息量的段落，避免只靠卡片、导航和短摘要支撑页面; 增加围绕搜索意图的 H2：应用场景、工作流程、技术参数、案例证据、FAQ; 按页面类型补齐证据模块，而不是继续堆关键词; 补充 Organization / Product / Service / Article / BreadcrumbList 等匹配页面类型的 Schema,,,,.next/server/app/ar/accessories/fc-fdj-430.html
/ar/accessories/fc-fdj-55,ar,accessory_detail,strong,100,محرك UAV FC-FDJ-55,full_inventory,883,0,0,0,0,0,0,0,0,,22,7,0,0,0,8,8,0,P1 需要补内容,"有效正文段落偏少; H2 结构偏薄; 缺少页面类型应有证据：hasSpecs, hasProductSchema, hasInquiry; 缺少 JSON-LD Schema; 描述性内链不足",增加 3-6 个有信息量的段落，避免只靠卡片、导航和短摘要支撑页面; 增加围绕搜索意图的 H2：应用场景、工作流程、技术参数、案例证据、FAQ; 按页面类型补齐证据模块，而不是继续堆关键词; 补充 Organization / Product / Service / Article / BreadcrumbList 等匹配页面类型的 Schema,,,,.next/server/app/ar/accessories/fc-fdj-55.html
/ar/accessories/fc-fdj-60,ar,accessory_detail,strong,100,محرك UAV FC-FDJ-60,full_inventory,881,0,0,0,0,0,0,0,0,,22,7,0,0,0,8,8,0,P1 需要补内容,"有效正文段落偏少; H2 结构偏薄; 缺少页面类型应有证据：hasSpecs, hasProductSchema, hasInquiry; 缺少 JSON-LD Schema; 描述性内链不足",增加 3-6 个有信息量的段落，避免只靠卡片、导航和短摘要支撑页面; 增加围绕搜索意图的 H2：应用场景、工作流程、技术参数、案例证据、FAQ; 按页面类型补齐证据模块，而不是继续堆关键词; 补充 Organization / Product / Service / Article / BreadcrumbList 等匹配页面类型的 Schema,,,,.next/server/app/ar/accessories/fc-fdj-60.html
/ar/accessories/fc-fdj-61,ar,accessory_detail,strong,100,محرك UAV FC-FDJ-61,full_inventory,877,0,0,0,0,0,0,0,0,,22,7,0,0,0,8,8,0,P1 需要补内容,"有效正文段落偏少; H2 结构偏薄; 缺少页面类型应有证据：hasSpecs, hasProductSchema, hasInquiry; 缺少 JSON-LD Schema; 描述性内链不足",增加 3-6 个有信息量的段落，避免只靠卡片、导航和短摘要支撑页面; 增加围绕搜索意图的 H2：应用场景、工作流程、技术参数、案例证据、FAQ; 按页面类型补齐证据模块，而不是继续堆关键词; 补充 Organization / Product / Service / Article / BreadcrumbList 等匹配页面类型的 Schema,,,,.next/server/app/ar/accessories/fc-fdj-61.html
/ar/accessories/fc-fdj-70hd,ar,accessory_detail,strong,100,محرك UAV FC-FDJ-70HD,full_inventory,853,0,0,0,0,0,0,0,0,,22,7,0,0,0,8,8,0,P1 需要补内容,"有效正文段落偏少; H2 结构偏薄; 缺少页面类型应有证据：hasSpecs, hasProductSchema, hasInquiry; 缺少 JSON-LD Schema; 描述性内链不足",增加 3-6 个有信息量的段落，避免只靠卡片、导航和短摘要支撑页面; 增加围绕搜索意图的 H2：应用场景、工作流程、技术参数、案例证据、FAQ; 按页面类型补齐证据模块，而不是继续堆关键词; 补充 Organization / Product / Service / Article / BreadcrumbList 等匹配页面类型的 Schema,,,,.next/server/app/ar/accessories/fc-fdj-70hd.html
/ar/accessories/fc-fdj-85,ar,accessory_detail,strong,100,محرك UAV FC-FDJ-85,full_inventory,873,0,0,0,0,0,0,0,0,,22,7,0,0,0,8,8,0,P1 需要补内容,"有效正文段落偏少; H2 结构偏薄; 缺少页面类型应有证据：hasSpecs, hasProductSchema, hasInquiry; 缺少 JSON-LD Schema; 描述性内链不足",增加 3-6 个有信息量的段落，避免只靠卡片、导航和短摘要支撑页面; 增加围绕搜索意图的 H2：应用场景、工作流程、技术参数、案例证据、FAQ; 按页面类型补齐证据模块，而不是继续堆关键词; 补充 Organization / Product / Service / Article / BreadcrumbList 等匹配页面类型的 Schema,,,,.next/server/app/ar/accessories/fc-fdj-85.html
/ar/accessories/fc-l10tr-three-light-gimbal,ar,accessory_detail,strong,100,حامل كهروبصري FC-L10TR,full_inventory,951,0,0,0,0,0,0,0,0,,22,7,0,0,0,8,8,0,P1 需要补内容,"有效正文段落偏少; H2 结构偏薄; 缺少页面类型应有证据：hasSpecs, hasProductSchema, hasInquiry; 缺少 JSON-LD Schema; 描述性内链不足",增加 3-6 个有信息量的段落，避免只靠卡片、导航和短摘要支撑页面; 增加围绕搜索意图的 H2：应用场景、工作流程、技术参数、案例证据、FAQ; 按页面类型补齐证据模块，而不是继续堆关键词; 补充 Organization / Product / Service / Article / BreadcrumbList 等匹配页面类型的 Schema,,,,.next/server/app/ar/accessories/fc-l10tr-three-light-gimbal.html
/ar/accessories/fc-l40-smart-optical-pod,ar,accessory_detail,strong,100,حامل كهروبصري FC-L40,full_inventory,911,0,0,0,0,0,0,0,0,,22,7,0,0,0,8,8,0,P1 需要补内容,"有效正文段落偏少; H2 结构偏薄; 缺少页面类型应有证据：hasSpecs, hasProductSchema, hasInquiry; 缺少 JSON-LD Schema; 描述性内链不足",增加 3-6 个有信息量的段落，避免只靠卡片、导航和短摘要支撑页面; 增加围绕搜索意图的 H2：应用场景、工作流程、技术参数、案例证据、FAQ; 按页面类型补齐证据模块，而不是继续堆关键词; 补充 Organization / Product / Service / Article / BreadcrumbList 等匹配页面类型的 Schema,,,,.next/server/app/ar/accessories/fc-l40-smart-optical-pod.html
/ar/accessories/fc-l40t-dual-light-gimbal,ar,accessory_detail,strong,100,حامل كهروبصري FC-L40T,full_inventory,935,0,0,0,0,0,0,0,0,,22,7,0,0,0,8,8,0,P1 需要补内容,"有效正文段落偏少; H2 结构偏薄; 缺少页面类型应有证据：hasSpecs, hasProductSchema, hasInquiry; 缺少 JSON-LD Schema; 描述性内链不足",增加 3-6 个有信息量的段落，避免只靠卡片、导航和短摘要支撑页面; 增加围绕搜索意图的 H2：应用场景、工作流程、技术参数、案例证据、FAQ; 按页面类型补齐证据模块，而不是继续堆关键词; 补充 Organization / Product / Service / Article / BreadcrumbList 等匹配页面类型的 Schema,,,,.next/server/app/ar/accessories/fc-l40t-dual-light-gimbal.html
/ar/accessories/fc-l40tr-smart-optical-pod,ar,accessory_detail,strong,100,حامل كهروبصري FC-L40TR,full_inventory,949,0,0,0,0,0,0,0,0,,22,7,0,0,0,8,8,0,P1 需要补内容,"有效正文段落偏少; H2 结构偏薄; 缺少页面类型应有证据：hasSpecs, hasProductSchema, hasInquiry; 缺少 JSON-LD Schema; 描述性内链不足",增加 3-6 个有信息量的段落，避免只靠卡片、导航和短摘要支撑页面; 增加围绕搜索意图的 H2：应用场景、工作流程、技术参数、案例证据、FAQ; 按页面类型补齐证据模块，而不是继续堆关键词; 补充 Organization / Product / Service / Article / BreadcrumbList 等匹配页面类型的 Schema,,,,.next/server/app/ar/accessories/fc-l40tr-smart-optical-pod.html
/ar/accessories/fc-l50-smart-optical-pod,ar,accessory_detail,strong,100,حامل كهروبصري FC-L50,full_inventory,923,0,0,0,0,0,0,0,0,,22,7,0,0,0,8,8,0,P1 需要补内容,"有效正文段落偏少; H2 结构偏薄; 缺少页面类型应有证据：hasSpecs, hasProductSchema, hasInquiry; 缺少 JSON-LD Schema; 描述性内链不足",增加 3-6 个有信息量的段落，避免只靠卡片、导航和短摘要支撑页面; 增加围绕搜索意图的 H2：应用场景、工作流程、技术参数、案例证据、FAQ; 按页面类型补齐证据模块，而不是继续堆关键词; 补充 Organization / Product / Service / Article / BreadcrumbList 等匹配页面类型的 Schema,,,,.next/server/app/ar/accessories/fc-l50-smart-optical-pod.html
/ar/accessories/fc-ln100-dual-light-gimbal,ar,accessory_detail,strong,100,حامل كهروبصري FC-LN100,full_inventory,951,0,0,0,0,0,0,0,0,,22,7,0,0,0,8,8,0,P1 需要补内容,"有效正文段落偏少; H2 结构偏薄; 缺少页面类型应有证据：hasSpecs, hasProductSchema, hasInquiry; 缺少 JSON-LD Schema; 描述性内链不足",增加 3-6 个有信息量的段落，避免只靠卡片、导航和短摘要支撑页面; 增加围绕搜索意图的 H2：应用场景、工作流程、技术参数、案例证据、FAQ; 按页面类型补齐证据模块，而不是继续堆关键词; 补充 Organization / Product / Service / Article / BreadcrumbList 等匹配页面类型的 Schema,,,,.next/server/app/ar/accessories/fc-ln100-dual-light-gimbal.html
/ar/accessories/fc-ln95-dual-light-gimbal,ar,accessory_detail,strong,100,حامل كهروبصري FC-LN95,full_inventory,907,0,0,0,0,0,0,0,0,,22,7,0,0,0,8,8,0,P1 需要补内容,"有效正文段落偏少; H2 结构偏薄; 缺少页面类型应有证据：hasSpecs, hasProductSchema, hasInquiry; 缺少 JSON-LD Schema; 描述性内链不足",增加 3-6 个有信息量的段落，避免只靠卡片、导航和短摘要支撑页面; 增加围绕搜索意图的 H2：应用场景、工作流程、技术参数、案例证据、FAQ; 按页面类型补齐证据模块，而不是继续堆关键词; 补充 Organization / Product / Service / Article / BreadcrumbList 等匹配页面类型的 Schema,,,,.next/server/app/ar/accessories/fc-ln95-dual-light-gimbal.html
/ar/accessories/fc-max-5330,ar,accessory_detail,strong,100,محرك UAV FC-MAX 5330,full_inventory,6954,0,0,0,0,0,0,0,0,,22,7,0,0,0,8,8,0,P1 需要补内容,"有效正文段落偏少; H2 结构偏薄; 缺少页面类型应有证据：hasSpecs, hasProductSchema, hasInquiry; 缺少 JSON-LD Schema; 描述性内链不足",增加 3-6 个有信息量的段落，避免只靠卡片、导航和短摘要支撑页面; 增加围绕搜索意图的 H2：应用场景、工作流程、技术参数、案例证据、FAQ; 按页面类型补齐证据模块，而不是继续堆关键词; 补充 Organization / Product / Service / Article / BreadcrumbList 等匹配页面类型的 Schema,,,,.next/server/app/ar/accessories/fc-max-5330.html
/ar/accessories/fc-mesh-100,ar,accessory_detail,strong,100,رابط بيانات UAV FC-Mesh-100,full_inventory,874,0,0,0,0,0,0,0,0,,22,7,0,0,0,8,8,0,P1 需要补内容,"有效正文段落偏少; H2 结构偏薄; 缺少页面类型应有证据：hasSpecs, hasProductSchema, hasInquiry; 缺少 JSON-LD Schema; 描述性内链不足",增加 3-6 个有信息量的段落，避免只靠卡片、导航和短摘要支撑页面; 增加围绕搜索意图的 H2：应用场景、工作流程、技术参数、案例证据、FAQ; 按页面类型补齐证据模块，而不是继续堆关键词; 补充 Organization / Product / Service / Article / BreadcrumbList 等匹配页面类型的 Schema,,,,.next/server/app/ar/accessories/fc-mesh-100.html
/ar/accessories/fc-mini-l10tr-smart-optical-pod,ar,accessory_detail,strong,100,حامل كهروبصري FC-MiniL10TR,full_inventory,915,0,0,0,0,0,0,0,0,,22,7,0,0,0,8,8,0,P1 需要补内容,"有效正文段落偏少; H2 结构偏薄; 缺少页面类型应有证据：hasSpecs, hasProductSchema, hasInquiry; 缺少 JSON-LD Schema; 描述性内链不足",增加 3-6 个有信息量的段落，避免只靠卡片、导航和短摘要支撑页面; 增加围绕搜索意图的 H2：应用场景、工作流程、技术参数、案例证据、FAQ; 按页面类型补齐证据模块，而不是继续堆关键词; 补充 Organization / Product / Service / Article / BreadcrumbList 等匹配页面类型的 Schema,,,,.next/server/app/ar/accessories/fc-mini-l10tr-smart-optical-pod.html
/ar/accessories/fc-pab-propeller,ar,accessory_detail,strong,100,مروحة UAV FC-PAB,full_inventory,1191,0,0,0,0,0,0,0,0,,22,7,0,0,0,8,8,0,P1 需要补内容,"有效正文段落偏少; H2 结构偏薄; 缺少页面类型应有证据：hasSpecs, hasProductSchema, hasInquiry; 缺少 JSON-LD Schema; 描述性内链不足",增加 3-6 个有信息量的段落，避免只靠卡片、导航和短摘要支撑页面; 增加围绕搜索意图的 H2：应用场景、工作流程、技术参数、案例证据、FAQ; 按页面类型补齐证据模块，而不是继续堆关键词; 补充 Organization / Product / Service / Article / BreadcrumbList 等匹配页面类型的 Schema,,,,.next/server/app/ar/accessories/fc-pab-propeller.html
/ar/accessories/fc-pad-propeller,ar,accessory_detail,strong,100,مروحة UAV FC-PAD,full_inventory,1191,0,0,0,0,0,0,0,0,,22,7,0,0,0,8,8,0,P1 需要补内容,"有效正文段落偏少; H2 结构偏薄; 缺少页面类型应有证据：hasSpecs, hasProductSchema, hasInquiry; 缺少 JSON-LD Schema; 描述性内链不足",增加 3-6 个有信息量的段落，避免只靠卡片、导航和短摘要支撑页面; 增加围绕搜索意图的 H2：应用场景、工作流程、技术参数、案例证据、FAQ; 按页面类型补齐证据模块，而不是继续堆关键词; 补充 Organization / Product / Service / Article / BreadcrumbList 等匹配页面类型的 Schema,,,,.next/server/app/ar/accessories/fc-pad-propeller.html
/ar/accessories/fc-pae-propeller,ar,accessory_detail,strong,100,مروحة UAV FC-PAE,full_inventory,1201,0,0,0,0,0,0,0,0,,22,7,0,0,0,8,8,0,P1 需要补内容,"有效正文段落偏少; H2 结构偏薄; 缺少页面类型应有证据：hasSpecs, hasProductSchema, hasInquiry; 缺少 JSON-LD Schema; 描述性内链不足",增加 3-6 个有信息量的段落，避免只靠卡片、导航和短摘要支撑页面; 增加围绕搜索意图的 H2：应用场景、工作流程、技术参数、案例证据、FAQ; 按页面类型补齐证据模块，而不是继续堆关键词; 补充 Organization / Product / Service / Article / BreadcrumbList 等匹配页面类型的 Schema,,,,.next/server/app/ar/accessories/fc-pae-propeller.html
/ar/accessories/fc-pbf-propeller,ar,accessory_detail,strong,100,مروحة UAV FC-PBF,full_inventory,1091,0,0,0,0,0,0,0,0,,22,7,0,0,0,8,8,0,P1 需要补内容,"有效正文段落偏少; H2 结构偏薄; 缺少页面类型应有证据：hasSpecs, hasProductSchema, hasInquiry; 缺少 JSON-LD Schema; 描述性内链不足",增加 3-6 个有信息量的段落，避免只靠卡片、导航和短摘要支撑页面; 增加围绕搜索意图的 H2：应用场景、工作流程、技术参数、案例证据、FAQ; 按页面类型补齐证据模块，而不是继续堆关键词; 补充 Organization / Product / Service / Article / BreadcrumbList 等匹配页面类型的 Schema,,,,.next/server/app/ar/accessories/fc-pbf-propeller.html
/ar/accessories/fc-rm10x,ar,accessory_detail,strong,100,محرك UAV FC-RM10X,full_inventory,2015,0,0,0,0,0,0,0,0,,22,7,0,0,0,8,8,0,P1 需要补内容,"有效正文段落偏少; H2 结构偏薄; 缺少页面类型应有证据：hasSpecs, hasProductSchema, hasInquiry; 缺少 JSON-LD Schema; 描述性内链不足",增加 3-6 个有信息量的段落，避免只靠卡片、导航和短摘要支撑页面; 增加围绕搜索意图的 H2：应用场景、工作流程、技术参数、案例证据、FAQ; 按页面类型补齐证据模块，而不是继续堆关键词; 补充 Organization / Product / Service / Article / BreadcrumbList 等匹配页面类型的 Schema,,,,.next/server/app/ar/accessories/fc-rm10x.html
/ar/accessories/fc-rm30,ar,accessory_detail,strong,100,محرك UAV FC-RM30,full_inventory,8285,0,0,0,0,0,0,0,0,,22,7,0,0,0,8,8,0,P1 需要补内容,"有效正文段落偏少; H2 结构偏薄; 缺少页面类型应有证据：hasSpecs, hasProductSchema, hasInquiry; 缺少 JSON-LD Schema; 描述性内链不足",增加 3-6 个有信息量的段落，避免只靠卡片、导航和短摘要支撑页面; 增加围绕搜索意图的 H2：应用场景、工作流程、技术参数、案例证据、FAQ; 按页面类型补齐证据模块，而不是继续堆关键词; 补充 Organization / Product / Service / Article / BreadcrumbList 等匹配页面类型的 Schema,,,,.next/server/app/ar/accessories/fc-rm30.html
/ar/accessories/fc-sjl-100,ar,accessory_detail,strong,100,رابط بيانات UAV FC-SJL-100,full_inventory,868,0,0,0,0,0,0,0,0,,22,7,0,0,0,8,8,0,P1 需要补内容,"有效正文段落偏少; H2 结构偏薄; 缺少页面类型应有证据：hasSpecs, hasProductSchema, hasInquiry; 缺少 JSON-LD Schema; 描述性内链不足",增加 3-6 个有信息量的段落，避免只靠卡片、导航和短摘要支撑页面; 增加围绕搜索意图的 H2：应用场景、工作流程、技术参数、案例证据、FAQ; 按页面类型补齐证据模块，而不是继续堆关键词; 补充 Organization / Product / Service / Article / BreadcrumbList 等匹配页面类型的 Schema,,,,.next/server/app/ar/accessories/fc-sjl-100.html
/ar/accessories/fc-sjl-200,ar,accessory_detail,strong,100,رابط بيانات UAV FC-SJL-200,full_inventory,884,0,0,0,0,0,0,0,0,,22,7,0,0,0,8,8,0,P1 需要补内容,"有效正文段落偏少; H2 结构偏薄; 缺少页面类型应有证据：hasSpecs, hasProductSchema, hasInquiry; 缺少 JSON-LD Schema; 描述性内链不足",增加 3-6 个有信息量的段落，避免只靠卡片、导航和短摘要支撑页面; 增加围绕搜索意图的 H2：应用场景、工作流程、技术参数、案例证据、FAQ; 按页面类型补齐证据模块，而不是继续堆关键词; 补充 Organization / Product / Service / Article / BreadcrumbList 等匹配页面类型的 Schema,,,,.next/server/app/ar/accessories/fc-sjl-200.html
/ar/accessories/fc-sjl-30,ar,accessory_detail,strong,100,رابط بيانات UAV FC-SJL-30,full_inventory,868,0,0,0,0,0,0,0,0,,22,7,0,0,0,8,8,0,P1 需要补内容,"有效正文段落偏少; H2 结构偏薄; 缺少页面类型应有证据：hasSpecs, hasProductSchema, hasInquiry; 缺少 JSON-LD Schema; 描述性内链不足",增加 3-6 个有信息量的段落，避免只靠卡片、导航和短摘要支撑页面; 增加围绕搜索意图的 H2：应用场景、工作流程、技术参数、案例证据、FAQ; 按页面类型补齐证据模块，而不是继续堆关键词; 补充 Organization / Product / Service / Article / BreadcrumbList 等匹配页面类型的 Schema,,,,.next/server/app/ar/accessories/fc-sjl-30.html
/ar/accessories/fc-sjl-380,ar,accessory_detail,strong,100,رابط بيانات UAV FC-SJL-380,full_inventory,876,0,0,0,0,0,0,0,0,,22,7,0,0,0,8,8,0,P1 需要补内容,"有效正文段落偏少; H2 结构偏薄; 缺少页面类型应有证据：hasSpecs, hasProductSchema, hasInquiry; 缺少 JSON-LD Schema; 描述性内链不足",增加 3-6 个有信息量的段落，避免只靠卡片、导航和短摘要支撑页面; 增加围绕搜索意图的 H2：应用场景、工作流程、技术参数、案例证据、FAQ; 按页面类型补齐证据模块，而不是继续堆关键词; 补充 Organization / Product / Service / Article / BreadcrumbList 等匹配页面类型的 Schema,,,,.next/server/app/ar/accessories/fc-sjl-380.html
/ar/accessories/fc-sjl-50,ar,accessory_detail,strong,100,رابط بيانات UAV FC-SJL-50,full_inventory,874,0,0,0,0,0,0,0,0,,22,7,0,0,0,8,8,0,P1 需要补内容,"有效正文段落偏少; H2 结构偏薄; 缺少页面类型应有证据：hasSpecs, hasProductSchema, hasInquiry; 缺少 JSON-LD Schema; 描述性内链不足",增加 3-6 个有信息量的段落，避免只靠卡片、导航和短摘要支撑页面; 增加围绕搜索意图的 H2：应用场景、工作流程、技术参数、案例证据、FAQ; 按页面类型补齐证据模块，而不是继续堆关键词; 补充 Organization / Product / Service / Article / BreadcrumbList 等匹配页面类型的 Schema,,,,.next/server/app/ar/accessories/fc-sjl-50.html
/ar/accessories/fc-u10-pro,ar,accessory_detail,strong,100,وحدة تحكم بالطيران FC-U10-PRO,full_inventory,852,0,0,0,0,0,0,0,0,,22,7,0,0,0,8,8,0,P1 需要补内容,"有效正文段落偏少; H2 结构偏薄; 缺少页面类型应有证据：hasSpecs, hasProductSchema, hasInquiry; 缺少 JSON-LD Schema; 描述性内链不足",增加 3-6 个有信息量的段落，避免只靠卡片、导航和短摘要支撑页面; 增加围绕搜索意图的 H2：应用场景、工作流程、技术参数、案例证据、FAQ; 按页面类型补齐证据模块，而不是继续堆关键词; 补充 Organization / Product / Service / Article / BreadcrumbList 等匹配页面类型的 Schema,,,,.next/server/app/ar/accessories/fc-u10-pro.html
/ar/accessories/fc-u110,ar,accessory_detail,strong,100,محرك UAV FC-U110,full_inventory,7825,0,0,0,0,0,0,0,0,,22,7,0,0,0,8,8,0,P1 需要补内容,"有效正文段落偏少; H2 结构偏薄; 缺少页面类型应有证据：hasSpecs, hasProductSchema, hasInquiry; 缺少 JSON-LD Schema; 描述性内链不足",增加 3-6 个有信息量的段落，避免只靠卡片、导航和短摘要支撑页面; 增加围绕搜索意图的 H2：应用场景、工作流程、技术参数、案例证据、FAQ; 按页面类型补齐证据模块，而不是继续堆关键词; 补充 Organization / Product / Service / Article / BreadcrumbList 等匹配页面类型的 Schema,,,,.next/server/app/ar/accessories/fc-u110.html
/ar/accessories/fc-u12,ar,accessory_detail,strong,100,وحدة تحكم بالطيران FC-U12,full_inventory,846,0,0,0,0,0,0,0,0,,22,7,0,0,0,8,8,0,P1 需要补内容,"有效正文段落偏少; H2 结构偏薄; 缺少页面类型应有证据：hasSpecs, hasProductSchema, hasInquiry; 缺少 JSON-LD Schema; 描述性内链不足",增加 3-6 个有信息量的段落，避免只靠卡片、导航和短摘要支撑页面; 增加围绕搜索意图的 H2：应用场景、工作流程、技术参数、案例证据、FAQ; 按页面类型补齐证据模块，而不是继续堆关键词; 补充 Organization / Product / Service / Article / BreadcrumbList 等匹配页面类型的 Schema,,,,.next/server/app/ar/accessories/fc-u12.html
/ar/accessories/fc-u8013,ar,accessory_detail,strong,100,محرك UAV FC-U8013,full_inventory,996,0,0,0,0,0,0,0,0,,22,7,0,0,0,8,8,0,P1 需要补内容,"有效正文段落偏少; H2 结构偏薄; 缺少页面类型应有证据：hasSpecs, hasProductSchema, hasInquiry; 缺少 JSON-LD Schema; 描述性内链不足",增加 3-6 个有信息量的段落，避免只靠卡片、导航和短摘要支撑页面; 增加围绕搜索意图的 H2：应用场景、工作流程、技术参数、案例证据、FAQ; 按页面类型补齐证据模块，而不是继续堆关键词; 补充 Organization / Product / Service / Article / BreadcrumbList 等匹配页面类型的 Schema,,,,.next/server/app/ar/accessories/fc-u8013.html
/ar/accessories/fc-u9-ag,ar,accessory_detail,strong,100,وحدة تحكم بالطيران الزراعي FC-U9-AG,full_inventory,879,0,0,0,0,0,0,0,0,,22,7,0,0,0,8,8,0,P1 需要补内容,"有效正文段落偏少; H2 结构偏薄; 缺少页面类型应有证据：hasSpecs, hasProductSchema, hasInquiry; 缺少 JSON-LD Schema; 描述性内链不足",增加 3-6 个有信息量的段落，避免只靠卡片、导航和短摘要支撑页面; 增加围绕搜索意图的 H2：应用场景、工作流程、技术参数、案例证据、FAQ; 按页面类型补齐证据模块，而不是继续堆关键词; 补充 Organization / Product / Service / Article / BreadcrumbList 等匹配页面类型的 Schema,,,,.next/server/app/ar/accessories/fc-u9-ag.html
/ar/accessories/fc-w2u-propeller,ar,accessory_detail,strong,100,مروحة UAV FC-W2U,full_inventory,1087,0,0,0,0,0,0,0,0,,22,7,0,0,0,8,8,0,P1 需要补内容,"有效正文段落偏少; H2 结构偏薄; 缺少页面类型应有证据：hasSpecs, hasProductSchema, hasInquiry; 缺少 JSON-LD Schema; 描述性内链不足",增加 3-6 个有信息量的段落，避免只靠卡片、导航和短摘要支撑页面; 增加围绕搜索意图的 H2：应用场景、工作流程、技术参数、案例证据、FAQ; 按页面类型补齐证据模块，而不是继续堆关键词; 补充 Organization / Product / Service / Article / BreadcrumbList 等匹配页面类型的 Schema,,,,.next/server/app/ar/accessories/fc-w2u-propeller.html
/ar/accessories/fc-x8030,ar,accessory_detail,strong,100,محرك UAV FC-X8030,full_inventory,6259,0,0,0,0,0,0,0,0,,22,7,0,0,0,8,8,0,P1 需要补内容,"有效正文段落偏少; H2 结构偏薄; 缺少页面类型应有证据：hasSpecs, hasProductSchema, hasInquiry; 缺少 JSON-LD Schema; 描述性内链不足",增加 3-6 个有信息量的段落，避免只靠卡片、导航和短摘要支撑页面; 增加围绕搜索意图的 H2：应用场景、工作流程、技术参数、案例证据、FAQ; 按页面类型补齐证据模块，而不是继续堆关键词; 补充 Organization / Product / Service / Article / BreadcrumbList 等匹配页面类型的 Schema,,,,.next/server/app/ar/accessories/fc-x8030.html
/ar/accessories/fc-xh14,ar,accessory_detail,strong,100,محرك UAV FC-XH14,full_inventory,2995,0,0,0,0,0,0,0,0,,22,7,0,0,0,8,8,0,P1 需要补内容,"有效正文段落偏少; H2 结构偏薄; 缺少页面类型应有证据：hasSpecs, hasProductSchema, hasInquiry; 缺少 JSON-LD Schema; 描述性内链不足",增加 3-6 个有信息量的段落，避免只靠卡片、导航和短摘要支撑页面; 增加围绕搜索意图的 H2：应用场景、工作流程、技术参数、案例证据、FAQ; 按页面类型补齐证据模块，而不是继续堆关键词; 补充 Organization / Product / Service / Article / BreadcrumbList 等匹配页面类型的 Schema,,,,.next/server/app/ar/accessories/fc-xh14.html
/ar/accessories/fc-yk15-remote-controller,ar,accessory_detail,strong,100,وحدة تحكم عن بُعد UAV FC-YK15,full_inventory,903,0,0,0,0,0,0,0,0,,22,7,0,0,0,8,8,0,P1 需要补内容,"有效正文段落偏少; H2 结构偏薄; 缺少页面类型应有证据：hasSpecs, hasProductSchema, hasInquiry; 缺少 JSON-LD Schema; 描述性内链不足",增加 3-6 个有信息量的段落，避免只靠卡片、导航和短摘要支撑页面; 增加围绕搜索意图的 H2：应用场景、工作流程、技术参数、案例证据、FAQ; 按页面类型补齐证据模块，而不是继续堆关键词; 补充 Organization / Product / Service / Article / BreadcrumbList 等匹配页面类型的 Schema,,,,.next/server/app/ar/accessories/fc-yk15-remote-controller.html
/ar/accessories/fc-yk24-remote-controller,ar,accessory_detail,strong,100,وحدة تحكم عن بُعد UAV FC-YK24,full_inventory,913,0,0,0,0,0,0,0,0,,22,7,0,0,0,8,8,0,P1 需要补内容,"有效正文段落偏少; H2 结构偏薄; 缺少页面类型应有证据：hasSpecs, hasProductSchema, hasInquiry; 缺少 JSON-LD Schema; 描述性内链不足",增加 3-6 个有信息量的段落，避免只靠卡片、导航和短摘要支撑页面; 增加围绕搜索意图的 H2：应用场景、工作流程、技术参数、案例证据、FAQ; 按页面类型补齐证据模块，而不是继续堆关键词; 补充 Organization / Product / Service / Article / BreadcrumbList 等匹配页面类型的 Schema,,,,.next/server/app/ar/accessories/fc-yk24-remote-controller.html
/ar/accessories/fc-yk32-remote-controller,ar,accessory_detail,strong,100,وحدة تحكم عن بُعد UAV FC-YK32,full_inventory,911,0,0,0,0,0,0,0,0,,22,7,0,0,0,8,8,0,P1 需要补内容,"有效正文段落偏少; H2 结构偏薄; 缺少页面类型应有证据：hasSpecs, hasProductSchema, hasInquiry; 缺少 JSON-LD Schema; 描述性内链不足",增加 3-6 个有信息量的段落，避免只靠卡片、导航和短摘要支撑页面; 增加围绕搜索意图的 H2：应用场景、工作流程、技术参数、案例证据、FAQ; 按页面类型补齐证据模块，而不是继续堆关键词; 补充 Organization / Product / Service / Article / BreadcrumbList 等匹配页面类型的 Schema,,,,.next/server/app/ar/accessories/fc-yk32-remote-controller.html
/ar/accessories/fc-ykrc7-remote-controller,ar,accessory_detail,strong,100,وحدة تحكم عن بُعد UAV FC-YKRC7,full_inventory,917,0,0,0,0,0,0,0,0,,22,7,0,0,0,8,8,0,P1 需要补内容,"有效正文段落偏少; H2 结构偏薄; 缺少页面类型应有证据：hasSpecs, hasProductSchema, hasInquiry; 缺少 JSON-LD Schema; 描述性内链不足",增加 3-6 个有信息量的段落，避免只靠卡片、导航和短摘要支撑页面; 增加围绕搜索意图的 H2：应用场景、工作流程、技术参数、案例证据、FAQ; 按页面类型补齐证据模块，而不是继续堆关键词; 补充 Organization / Product / Service / Article / BreadcrumbList 等匹配页面类型的 Schema,,,,.next/server/app/ar/accessories/fc-ykrc7-remote-controller.html
/ar/products/low-altitude-airspace-monitoring,ar,product_detail,weak,0,,full_inventory,0,0,0,0,0,0,0,0,0,,0,0,0,0,0,8,8,0,P1 需要补内容,"内容深度不足：正文约 0 词，建议 400+; 有效正文段落偏少; H2 结构偏薄; 缺少页面类型应有证据：hasSpecs, hasProductSchema, hasInquiry; 缺少 JSON-LD Schema; 描述性内链不足; 缺少 FAQ / 采购问题解答模块",补充搜索意图段落：适用场景、采购/部署关注点、限制条件和下一步行动; 增加 3-6 个有信息量的段落，避免只靠卡片、导航和短摘要支撑页面; 增加围绕搜索意图的 H2：应用场景、工作流程、技术参数、案例证据、FAQ; 按页面类型补齐证据模块，而不是继续堆关键词,,,,.next/server/app/ar/products/low-altitude-airspace-monitoring.html
/en/accessories/fc-bt1,en,accessory_detail,strong,85,FC-BT1 UAV Solid-State Battery,full_inventory,3353,0,0,0,0,0,0,0,0,,22,7,0,0,0,8,8,0,P1 需要补内容,"有效正文段落偏少; H2 结构偏薄; 缺少页面类型应有证据：hasSpecs, hasProductSchema, hasInquiry; 缺少 JSON-LD Schema; 描述性内链不足",增加 3-6 个有信息量的段落，避免只靠卡片、导航和短摘要支撑页面; 增加围绕搜索意图的 H2：应用场景、工作流程、技术参数、案例证据、FAQ; 按页面类型补齐证据模块，而不是继续堆关键词; 补充 Organization / Product / Service / Article / BreadcrumbList 等匹配页面类型的 Schema,,,,.next/server/app/en/accessories/fc-bt1.html
/en/accessories/fc-bt2,en,accessory_detail,strong,85,FC-BT2 UAV Solid-State Battery,full_inventory,2845,0,0,0,0,0,0,0,0,,22,7,0,0,0,8,8,0,P1 需要补内容,"有效正文段落偏少; H2 结构偏薄; 缺少页面类型应有证据：hasSpecs, hasProductSchema, hasInquiry; 缺少 JSON-LD Schema; 描述性内链不足",增加 3-6 个有信息量的段落，避免只靠卡片、导航和短摘要支撑页面; 增加围绕搜索意图的 H2：应用场景、工作流程、技术参数、案例证据、FAQ; 按页面类型补齐证据模块，而不是继续堆关键词; 补充 Organization / Product / Service / Article / BreadcrumbList 等匹配页面类型的 Schema,,,,.next/server/app/en/accessories/fc-bt2.html
/en/accessories/fc-bt3,en,accessory_detail,strong,85,FC-BT3 High-Voltage UAV Solid-State Battery,full_inventory,2964,0,0,0,0,0,0,0,0,,22,7,0,0,0,8,8,0,P1 需要补内容,"有效正文段落偏少; H2 结构偏薄; 缺少页面类型应有证据：hasSpecs, hasProductSchema, hasInquiry; 缺少 JSON-LD Schema; 描述性内链不足",增加 3-6 个有信息量的段落，避免只靠卡片、导航和短摘要支撑页面; 增加围绕搜索意图的 H2：应用场景、工作流程、技术参数、案例证据、FAQ; 按页面类型补齐证据模块，而不是继续堆关键词; 补充 Organization / Product / Service / Article / BreadcrumbList 等匹配页面类型的 Schema,,,,.next/server/app/en/accessories/fc-bt3.html
/en/accessories/fc-bt4,en,accessory_detail,strong,85,FC-BT4 High-Energy UAV Solid-State Battery,full_inventory,4834,0,0,0,0,0,0,0,0,,22,7,0,0,0,8,8,0,P1 需要补内容,"有效正文段落偏少; H2 结构偏薄; 缺少页面类型应有证据：hasSpecs, hasProductSchema, hasInquiry; 缺少 JSON-LD Schema; 描述性内链不足",增加 3-6 个有信息量的段落，避免只靠卡片、导航和短摘要支撑页面; 增加围绕搜索意图的 H2：应用场景、工作流程、技术参数、案例证据、FAQ; 按页面类型补齐证据模块，而不是继续堆关键词; 补充 Organization / Product / Service / Article / BreadcrumbList 等匹配页面类型的 Schema,,,,.next/server/app/en/accessories/fc-bt4.html
/en/accessories/fc-btg,en,accessory_detail,strong,85,FC-BTG Training UAV Solid-State Battery,full_inventory,2124,0,0,0,0,0,0,0,0,,22,7,0,0,0,8,8,0,P1 需要补内容,"有效正文段落偏少; H2 结构偏薄; 缺少页面类型应有证据：hasSpecs, hasProductSchema, hasInquiry; 缺少 JSON-LD Schema; 描述性内链不足",增加 3-6 个有信息量的段落，避免只靠卡片、导航和短摘要支撑页面; 增加围绕搜索意图的 H2：应用场景、工作流程、技术参数、案例证据、FAQ; 按页面类型补齐证据模块，而不是继续堆关键词; 补充 Organization / Product / Service / Article / BreadcrumbList 等匹配页面类型的 Schema,,,,.next/server/app/en/accessories/fc-btg.html
/en/accessories/fc-c2d-propeller,en,accessory_detail,strong,85,FC-C2D UAV Propeller,full_inventory,916,0,0,0,0,0,0,0,0,,22,7,0,0,0,8,8,0,P1 需要补内容,"有效正文段落偏少; H2 结构偏薄; 缺少页面类型应有证据：hasSpecs, hasProductSchema, hasInquiry; 缺少 JSON-LD Schema; 描述性内链不足",增加 3-6 个有信息量的段落，避免只靠卡片、导航和短摘要支撑页面; 增加围绕搜索意图的 H2：应用场景、工作流程、技术参数、案例证据、FAQ; 按页面类型补齐证据模块，而不是继续堆关键词; 补充 Organization / Product / Service / Article / BreadcrumbList 等匹配页面类型的 Schema,,,,.next/server/app/en/accessories/fc-c2d-propeller.html
/en/accessories/fc-c2e-propeller,en,accessory_detail,strong,85,FC-C2E UAV Propeller,full_inventory,864,0,0,0,0,0,0,0,0,,22,7,0,0,0,8,8,0,P1 需要补内容,"有效正文段落偏少; H2 结构偏薄; 缺少页面类型应有证据：hasSpecs, hasProductSchema, hasInquiry; 缺少 JSON-LD Schema; 描述性内链不足",增加 3-6 个有信息量的段落，避免只靠卡片、导航和短摘要支撑页面; 增加围绕搜索意图的 H2：应用场景、工作流程、技术参数、案例证据、FAQ; 按页面类型补齐证据模块，而不是继续堆关键词; 补充 Organization / Product / Service / Article / BreadcrumbList 等匹配页面类型的 Schema,,,,.next/server/app/en/accessories/fc-c2e-propeller.html
/en/accessories/fc-c2t-propeller,en,accessory_detail,strong,85,FC-C2T UAV Propeller,full_inventory,892,0,0,0,0,0,0,0,0,,22,7,0,0,0,8,8,0,P1 需要补内容,"有效正文段落偏少; H2 结构偏薄; 缺少页面类型应有证据：hasSpecs, hasProductSchema, hasInquiry; 缺少 JSON-LD Schema; 描述性内链不足",增加 3-6 个有信息量的段落，避免只靠卡片、导航和短摘要支撑页面; 增加围绕搜索意图的 H2：应用场景、工作流程、技术参数、案例证据、FAQ; 按页面类型补齐证据模块，而不是继续堆关键词; 补充 Organization / Product / Service / Article / BreadcrumbList 等匹配页面类型的 Schema,,,,.next/server/app/en/accessories/fc-c2t-propeller.html
/en/accessories/fc-c2u-propeller,en,accessory_detail,strong,85,FC-C2U UAV Propeller,full_inventory,884,0,0,0,0,0,0,0,0,,22,7,0,0,0,8,8,0,P1 需要补内容,"有效正文段落偏少; H2 结构偏薄; 缺少页面类型应有证据：hasSpecs, hasProductSchema, hasInquiry; 缺少 JSON-LD Schema; 描述性内链不足",增加 3-6 个有信息量的段落，避免只靠卡片、导航和短摘要支撑页面; 增加围绕搜索意图的 H2：应用场景、工作流程、技术参数、案例证据、FAQ; 按页面类型补齐证据模块，而不是继续堆关键词; 补充 Organization / Product / Service / Article / BreadcrumbList 等匹配页面类型的 Schema,,,,.next/server/app/en/accessories/fc-c2u-propeller.html
/en/accessories/fc-c2ud-propeller,en,accessory_detail,strong,85,FC-C2UD UAV Propeller,full_inventory,934,0,0,0,0,0,0,0,0,,22,7,0,0,0,8,8,0,P1 需要补内容,"有效正文段落偏少; H2 结构偏薄; 缺少页面类型应有证据：hasSpecs, hasProductSchema, hasInquiry; 缺少 JSON-LD Schema; 描述性内链不足",增加 3-6 个有信息量的段落，避免只靠卡片、导航和短摘要支撑页面; 增加围绕搜索意图的 H2：应用场景、工作流程、技术参数、案例证据、FAQ; 按页面类型补齐证据模块，而不是继续堆关键词; 补充 Organization / Product / Service / Article / BreadcrumbList 等匹配页面类型的 Schema,,,,.next/server/app/en/accessories/fc-c2ud-propeller.html
/en/accessories/fc-fdj-111,en,accessory_detail,strong,100,FC-FDJ-111 UAV Engine,full_inventory,696,0,0,0,0,0,0,0,0,,22,7,0,0,0,8,8,0,P1 需要补内容,"有效正文段落偏少; H2 结构偏薄; 缺少页面类型应有证据：hasSpecs, hasProductSchema, hasInquiry; 缺少 JSON-LD Schema; 描述性内链不足",增加 3-6 个有信息量的段落，避免只靠卡片、导航和短摘要支撑页面; 增加围绕搜索意图的 H2：应用场景、工作流程、技术参数、案例证据、FAQ; 按页面类型补齐证据模块，而不是继续堆关键词; 补充 Organization / Product / Service / Article / BreadcrumbList 等匹配页面类型的 Schema,,,,.next/server/app/en/accessories/fc-fdj-111.html
/en/accessories/fc-fdj-120,en,accessory_detail,strong,100,FC-FDJ-120 UAV Engine,full_inventory,674,0,0,0,0,0,0,0,0,,22,7,0,0,0,8,8,0,P1 需要补内容,"有效正文段落偏少; H2 结构偏薄; 缺少页面类型应有证据：hasSpecs, hasProductSchema, hasInquiry; 缺少 JSON-LD Schema; 描述性内链不足",增加 3-6 个有信息量的段落，避免只靠卡片、导航和短摘要支撑页面; 增加围绕搜索意图的 H2：应用场景、工作流程、技术参数、案例证据、FAQ; 按页面类型补齐证据模块，而不是继续堆关键词; 补充 Organization / Product / Service / Article / BreadcrumbList 等匹配页面类型的 Schema,,,,.next/server/app/en/accessories/fc-fdj-120.html
/en/accessories/fc-fdj-120hd,en,accessory_detail,strong,100,FC-FDJ-120HD UAV Engine,full_inventory,640,0,0,0,0,0,0,0,0,,22,7,0,0,0,8,8,0,P1 需要补内容,"有效正文段落偏少; H2 结构偏薄; 缺少页面类型应有证据：hasSpecs, hasProductSchema, hasInquiry; 缺少 JSON-LD Schema; 描述性内链不足",增加 3-6 个有信息量的段落，避免只靠卡片、导航和短摘要支撑页面; 增加围绕搜索意图的 H2：应用场景、工作流程、技术参数、案例证据、FAQ; 按页面类型补齐证据模块，而不是继续堆关键词; 补充 Organization / Product / Service / Article / BreadcrumbList 等匹配页面类型的 Schema,,,,.next/server/app/en/accessories/fc-fdj-120hd.html
/en/accessories/fc-fdj-170,en,accessory_detail,strong,100,FC-FDJ-170 UAV Engine,full_inventory,664,0,0,0,0,0,0,0,0,,22,7,0,0,0,8,8,0,P1 需要补内容,"有效正文段落偏少; H2 结构偏薄; 缺少页面类型应有证据：hasSpecs, hasProductSchema, hasInquiry; 缺少 JSON-LD Schema; 描述性内链不足",增加 3-6 个有信息量的段落，避免只靠卡片、导航和短摘要支撑页面; 增加围绕搜索意图的 H2：应用场景、工作流程、技术参数、案例证据、FAQ; 按页面类型补齐证据模块，而不是继续堆关键词; 补充 Organization / Product / Service / Article / BreadcrumbList 等匹配页面类型的 Schema,,,,.next/server/app/en/accessories/fc-fdj-170.html
/en/accessories/fc-fdj-200,en,accessory_detail,strong,100,FC-FDJ-200 UAV Engine,full_inventory,652,0,0,0,0,0,0,0,0,,22,7,0,0,0,8,8,0,P1 需要补内容,"有效正文段落偏少; H2 结构偏薄; 缺少页面类型应有证据：hasSpecs, hasProductSchema, hasInquiry; 缺少 JSON-LD Schema; 描述性内链不足",增加 3-6 个有信息量的段落，避免只靠卡片、导航和短摘要支撑页面; 增加围绕搜索意图的 H2：应用场景、工作流程、技术参数、案例证据、FAQ; 按页面类型补齐证据模块，而不是继续堆关键词; 补充 Organization / Product / Service / Article / BreadcrumbList 等匹配页面类型的 Schema,,,,.next/server/app/en/accessories/fc-fdj-200.html
/en/accessories/fc-fdj-222,en,accessory_detail,strong,100,FC-FDJ-222 UAV Engine,full_inventory,674,0,0,0,0,0,0,0,0,,22,7,0,0,0,8,8,0,P1 需要补内容,"有效正文段落偏少; H2 结构偏薄; 缺少页面类型应有证据：hasSpecs, hasProductSchema, hasInquiry; 缺少 JSON-LD Schema; 描述性内链不足",增加 3-6 个有信息量的段落，避免只靠卡片、导航和短摘要支撑页面; 增加围绕搜索意图的 H2：应用场景、工作流程、技术参数、案例证据、FAQ; 按页面类型补齐证据模块，而不是继续堆关键词; 补充 Organization / Product / Service / Article / BreadcrumbList 等匹配页面类型的 Schema,,,,.next/server/app/en/accessories/fc-fdj-222.html
/en/accessories/fc-fdj-430,en,accessory_detail,strong,100,FC-FDJ-430 UAV Engine,full_inventory,814,0,0,0,0,0,0,0,0,,22,7,0,0,0,8,8,0,P1 需要补内容,"有效正文段落偏少; H2 结构偏薄; 缺少页面类型应有证据：hasSpecs, hasProductSchema, hasInquiry; 缺少 JSON-LD Schema; 描述性内链不足",增加 3-6 个有信息量的段落，避免只靠卡片、导航和短摘要支撑页面; 增加围绕搜索意图的 H2：应用场景、工作流程、技术参数、案例证据、FAQ; 按页面类型补齐证据模块，而不是继续堆关键词; 补充 Organization / Product / Service / Article / BreadcrumbList 等匹配页面类型的 Schema,,,,.next/server/app/en/accessories/fc-fdj-430.html
/en/accessories/fc-fdj-55,en,accessory_detail,strong,100,FC-FDJ-55 UAV Engine,full_inventory,702,0,0,0,0,0,0,0,0,,22,7,0,0,0,8,8,0,P1 需要补内容,"有效正文段落偏少; H2 结构偏薄; 缺少页面类型应有证据：hasSpecs, hasProductSchema, hasInquiry; 缺少 JSON-LD Schema; 描述性内链不足",增加 3-6 个有信息量的段落，避免只靠卡片、导航和短摘要支撑页面; 增加围绕搜索意图的 H2：应用场景、工作流程、技术参数、案例证据、FAQ; 按页面类型补齐证据模块，而不是继续堆关键词; 补充 Organization / Product / Service / Article / BreadcrumbList 等匹配页面类型的 Schema,,,,.next/server/app/en/accessories/fc-fdj-55.html
/en/accessories/fc-fdj-60,en,accessory_detail,strong,100,FC-FDJ-60 UAV Engine,full_inventory,674,0,0,0,0,0,0,0,0,,22,7,0,0,0,8,8,0,P1 需要补内容,"有效正文段落偏少; H2 结构偏薄; 缺少页面类型应有证据：hasSpecs, hasProductSchema, hasInquiry; 缺少 JSON-LD Schema; 描述性内链不足",增加 3-6 个有信息量的段落，避免只靠卡片、导航和短摘要支撑页面; 增加围绕搜索意图的 H2：应用场景、工作流程、技术参数、案例证据、FAQ; 按页面类型补齐证据模块，而不是继续堆关键词; 补充 Organization / Product / Service / Article / BreadcrumbList 等匹配页面类型的 Schema,,,,.next/server/app/en/accessories/fc-fdj-60.html
/en/accessories/fc-fdj-61,en,accessory_detail,strong,100,FC-FDJ-61 UAV Engine,full_inventory,674,0,0,0,0,0,0,0,0,,22,7,0,0,0,8,8,0,P1 需要补内容,"有效正文段落偏少; H2 结构偏薄; 缺少页面类型应有证据：hasSpecs, hasProductSchema, hasInquiry; 缺少 JSON-LD Schema; 描述性内链不足",增加 3-6 个有信息量的段落，避免只靠卡片、导航和短摘要支撑页面; 增加围绕搜索意图的 H2：应用场景、工作流程、技术参数、案例证据、FAQ; 按页面类型补齐证据模块，而不是继续堆关键词; 补充 Organization / Product / Service / Article / BreadcrumbList 等匹配页面类型的 Schema,,,,.next/server/app/en/accessories/fc-fdj-61.html
/en/accessories/fc-fdj-70hd,en,accessory_detail,strong,100,FC-FDJ-70HD UAV Engine,full_inventory,642,0,0,0,0,0,0,0,0,,22,7,0,0,0,8,8,0,P1 需要补内容,"有效正文段落偏少; H2 结构偏薄; 缺少页面类型应有证据：hasSpecs, hasProductSchema, hasInquiry; 缺少 JSON-LD Schema; 描述性内链不足",增加 3-6 个有信息量的段落，避免只靠卡片、导航和短摘要支撑页面; 增加围绕搜索意图的 H2：应用场景、工作流程、技术参数、案例证据、FAQ; 按页面类型补齐证据模块，而不是继续堆关键词; 补充 Organization / Product / Service / Article / BreadcrumbList 等匹配页面类型的 Schema,,,,.next/server/app/en/accessories/fc-fdj-70hd.html
/en/accessories/fc-fdj-85,en,accessory_detail,strong,100,FC-FDJ-85 UAV Engine,full_inventory,674,0,0,0,0,0,0,0,0,,22,7,0,0,0,8,8,0,P1 需要补内容,"有效正文段落偏少; H2 结构偏薄; 缺少页面类型应有证据：hasSpecs, hasProductSchema, hasInquiry; 缺少 JSON-LD Schema; 描述性内链不足",增加 3-6 个有信息量的段落，避免只靠卡片、导航和短摘要支撑页面; 增加围绕搜索意图的 H2：应用场景、工作流程、技术参数、案例证据、FAQ; 按页面类型补齐证据模块，而不是继续堆关键词; 补充 Organization / Product / Service / Article / BreadcrumbList 等匹配页面类型的 Schema,,,,.next/server/app/en/accessories/fc-fdj-85.html
/en/accessories/fc-l10tr-three-light-gimbal,en,accessory_detail,strong,100,FC-L10TR Electro-Optical Gimbal,full_inventory,1212,0,0,0,0,0,0,0,0,,22,7,0,0,0,8,8,0,P1 需要补内容,"有效正文段落偏少; H2 结构偏薄; 缺少页面类型应有证据：hasSpecs, hasProductSchema, hasInquiry; 缺少 JSON-LD Schema; 描述性内链不足",增加 3-6 个有信息量的段落，避免只靠卡片、导航和短摘要支撑页面; 增加围绕搜索意图的 H2：应用场景、工作流程、技术参数、案例证据、FAQ; 按页面类型补齐证据模块，而不是继续堆关键词; 补充 Organization / Product / Service / Article / BreadcrumbList 等匹配页面类型的 Schema,,,,.next/server/app/en/accessories/fc-l10tr-three-light-gimbal.html
/en/accessories/fc-l40-smart-optical-pod,en,accessory_detail,strong,100,FC-L40 Electro-Optical Gimbal,full_inventory,1032,0,0,0,0,0,0,0,0,,22,7,0,0,0,8,8,0,P1 需要补内容,"有效正文段落偏少; H2 结构偏薄; 缺少页面类型应有证据：hasSpecs, hasProductSchema, hasInquiry; 缺少 JSON-LD Schema; 描述性内链不足",增加 3-6 个有信息量的段落，避免只靠卡片、导航和短摘要支撑页面; 增加围绕搜索意图的 H2：应用场景、工作流程、技术参数、案例证据、FAQ; 按页面类型补齐证据模块，而不是继续堆关键词; 补充 Organization / Product / Service / Article / BreadcrumbList 等匹配页面类型的 Schema,,,,.next/server/app/en/accessories/fc-l40-smart-optical-pod.html
/en/accessories/fc-l40t-dual-light-gimbal,en,accessory_detail,strong,100,FC-L40T Electro-Optical Gimbal,full_inventory,1148,0,0,0,0,0,0,0,0,,22,7,0,0,0,8,8,0,P1 需要补内容,"有效正文段落偏少; H2 结构偏薄; 缺少页面类型应有证据：hasSpecs, hasProductSchema, hasInquiry; 缺少 JSON-LD Schema; 描述性内链不足",增加 3-6 个有信息量的段落，避免只靠卡片、导航和短摘要支撑页面; 增加围绕搜索意图的 H2：应用场景、工作流程、技术参数、案例证据、FAQ; 按页面类型补齐证据模块，而不是继续堆关键词; 补充 Organization / Product / Service / Article / BreadcrumbList 等匹配页面类型的 Schema,,,,.next/server/app/en/accessories/fc-l40t-dual-light-gimbal.html
/en/accessories/fc-l40tr-smart-optical-pod,en,accessory_detail,strong,100,FC-L40TR Electro-Optical Gimbal,full_inventory,1196,0,0,0,0,0,0,0,0,,22,7,0,0,0,8,8,0,P1 需要补内容,"有效正文段落偏少; H2 结构偏薄; 缺少页面类型应有证据：hasSpecs, hasProductSchema, hasInquiry; 缺少 JSON-LD Schema; 描述性内链不足",增加 3-6 个有信息量的段落，避免只靠卡片、导航和短摘要支撑页面; 增加围绕搜索意图的 H2：应用场景、工作流程、技术参数、案例证据、FAQ; 按页面类型补齐证据模块，而不是继续堆关键词; 补充 Organization / Product / Service / Article / BreadcrumbList 等匹配页面类型的 Schema,,,,.next/server/app/en/accessories/fc-l40tr-smart-optical-pod.html
/en/accessories/fc-l50-smart-optical-pod,en,accessory_detail,strong,100,FC-L50 Electro-Optical Gimbal,full_inventory,1056,0,0,0,0,0,0,0,0,,22,7,0,0,0,8,8,0,P1 需要补内容,"有效正文段落偏少; H2 结构偏薄; 缺少页面类型应有证据：hasSpecs, hasProductSchema, hasInquiry; 缺少 JSON-LD Schema; 描述性内链不足",增加 3-6 个有信息量的段落，避免只靠卡片、导航和短摘要支撑页面; 增加围绕搜索意图的 H2：应用场景、工作流程、技术参数、案例证据、FAQ; 按页面类型补齐证据模块，而不是继续堆关键词; 补充 Organization / Product / Service / Article / BreadcrumbList 等匹配页面类型的 Schema,,,,.next/server/app/en/accessories/fc-l50-smart-optical-pod.html
/en/accessories/fc-ln100-dual-light-gimbal,en,accessory_detail,strong,100,FC-LN100 Electro-Optical Gimbal,full_inventory,1136,0,0,0,0,0,0,0,0,,22,7,0,0,0,8,8,0,P1 需要补内容,"有效正文段落偏少; H2 结构偏薄; 缺少页面类型应有证据：hasSpecs, hasProductSchema, hasInquiry; 缺少 JSON-LD Schema; 描述性内链不足",增加 3-6 个有信息量的段落，避免只靠卡片、导航和短摘要支撑页面; 增加围绕搜索意图的 H2：应用场景、工作流程、技术参数、案例证据、FAQ; 按页面类型补齐证据模块，而不是继续堆关键词; 补充 Organization / Product / Service / Article / BreadcrumbList 等匹配页面类型的 Schema,,,,.next/server/app/en/accessories/fc-ln100-dual-light-gimbal.html
/en/accessories/fc-ln95-dual-light-gimbal,en,accessory_detail,strong,100,FC-LN95 Electro-Optical Gimbal,full_inventory,1190,0,0,0,0,0,0,0,0,,22,7,0,0,0,8,8,0,P1 需要补内容,"有效正文段落偏少; H2 结构偏薄; 缺少页面类型应有证据：hasSpecs, hasProductSchema, hasInquiry; 缺少 JSON-LD Schema; 描述性内链不足",增加 3-6 个有信息量的段落，避免只靠卡片、导航和短摘要支撑页面; 增加围绕搜索意图的 H2：应用场景、工作流程、技术参数、案例证据、FAQ; 按页面类型补齐证据模块，而不是继续堆关键词; 补充 Organization / Product / Service / Article / BreadcrumbList 等匹配页面类型的 Schema,,,,.next/server/app/en/accessories/fc-ln95-dual-light-gimbal.html
/en/accessories/fc-max-5330,en,accessory_detail,strong,100,FC-MAX 5330 UAV Motor,full_inventory,4073,0,0,0,0,0,0,0,0,,22,7,0,0,0,8,8,0,P1 需要补内容,"有效正文段落偏少; H2 结构偏薄; 缺少页面类型应有证据：hasSpecs, hasProductSchema, hasInquiry; 缺少 JSON-LD Schema; 描述性内链不足",增加 3-6 个有信息量的段落，避免只靠卡片、导航和短摘要支撑页面; 增加围绕搜索意图的 H2：应用场景、工作流程、技术参数、案例证据、FAQ; 按页面类型补齐证据模块，而不是继续堆关键词; 补充 Organization / Product / Service / Article / BreadcrumbList 等匹配页面类型的 Schema,,,,.next/server/app/en/accessories/fc-max-5330.html
/en/accessories/fc-mesh-100,en,accessory_detail,strong,85,FC-Mesh-100 UAV Data Link,full_inventory,1131,0,0,0,0,0,0,0,0,,22,7,0,0,0,8,8,0,P1 需要补内容,"有效正文段落偏少; H2 结构偏薄; 缺少页面类型应有证据：hasSpecs, hasProductSchema, hasInquiry; 缺少 JSON-LD Schema; 描述性内链不足",增加 3-6 个有信息量的段落，避免只靠卡片、导航和短摘要支撑页面; 增加围绕搜索意图的 H2：应用场景、工作流程、技术参数、案例证据、FAQ; 按页面类型补齐证据模块，而不是继续堆关键词; 补充 Organization / Product / Service / Article / BreadcrumbList 等匹配页面类型的 Schema,,,,.next/server/app/en/accessories/fc-mesh-100.html
/en/accessories/fc-mini-l10tr-smart-optical-pod,en,accessory_detail,strong,100,FC-MiniL10TR Electro-Optical Gimbal,full_inventory,1160,0,0,0,0,0,0,0,0,,22,7,0,0,0,8,8,0,P1 需要补内容,"有效正文段落偏少; H2 结构偏薄; 缺少页面类型应有证据：hasSpecs, hasProductSchema, hasInquiry; 缺少 JSON-LD Schema; 描述性内链不足",增加 3-6 个有信息量的段落，避免只靠卡片、导航和短摘要支撑页面; 增加围绕搜索意图的 H2：应用场景、工作流程、技术参数、案例证据、FAQ; 按页面类型补齐证据模块，而不是继续堆关键词; 补充 Organization / Product / Service / Article / BreadcrumbList 等匹配页面类型的 Schema,,,,.next/server/app/en/accessories/fc-mini-l10tr-smart-optical-pod.html
/en/accessories/fc-pab-propeller,en,accessory_detail,strong,85,FC-PAB UAV Propeller,full_inventory,904,0,0,0,0,0,0,0,0,,22,7,0,0,0,8,8,0,P1 需要补内容,"有效正文段落偏少; H2 结构偏薄; 缺少页面类型应有证据：hasSpecs, hasProductSchema, hasInquiry; 缺少 JSON-LD Schema; 描述性内链不足",增加 3-6 个有信息量的段落，避免只靠卡片、导航和短摘要支撑页面; 增加围绕搜索意图的 H2：应用场景、工作流程、技术参数、案例证据、FAQ; 按页面类型补齐证据模块，而不是继续堆关键词; 补充 Organization / Product / Service / Article / BreadcrumbList 等匹配页面类型的 Schema,,,,.next/server/app/en/accessories/fc-pab-propeller.html
/en/accessories/fc-pad-propeller,en,accessory_detail,strong,85,FC-PAD UAV Propeller,full_inventory,904,0,0,0,0,0,0,0,0,,22,7,0,0,0,8,8,0,P1 需要补内容,"有效正文段落偏少; H2 结构偏薄; 缺少页面类型应有证据：hasSpecs, hasProductSchema, hasInquiry; 缺少 JSON-LD Schema; 描述性内链不足",增加 3-6 个有信息量的段落，避免只靠卡片、导航和短摘要支撑页面; 增加围绕搜索意图的 H2：应用场景、工作流程、技术参数、案例证据、FAQ; 按页面类型补齐证据模块，而不是继续堆关键词; 补充 Organization / Product / Service / Article / BreadcrumbList 等匹配页面类型的 Schema,,,,.next/server/app/en/accessories/fc-pad-propeller.html
/en/accessories/fc-pae-propeller,en,accessory_detail,strong,85,FC-PAE UAV Propeller,full_inventory,910,0,0,0,0,0,0,0,0,,22,7,0,0,0,8,8,0,P1 需要补内容,"有效正文段落偏少; H2 结构偏薄; 缺少页面类型应有证据：hasSpecs, hasProductSchema, hasInquiry; 缺少 JSON-LD Schema; 描述性内链不足",增加 3-6 个有信息量的段落，避免只靠卡片、导航和短摘要支撑页面; 增加围绕搜索意图的 H2：应用场景、工作流程、技术参数、案例证据、FAQ; 按页面类型补齐证据模块，而不是继续堆关键词; 补充 Organization / Product / Service / Article / BreadcrumbList 等匹配页面类型的 Schema,,,,.next/server/app/en/accessories/fc-pae-propeller.html
/en/accessories/fc-pbf-propeller,en,accessory_detail,strong,85,FC-PBF UAV Propeller,full_inventory,850,0,0,0,0,0,0,0,0,,22,7,0,0,0,8,8,0,P1 需要补内容,"有效正文段落偏少; H2 结构偏薄; 缺少页面类型应有证据：hasSpecs, hasProductSchema, hasInquiry; 缺少 JSON-LD Schema; 描述性内链不足",增加 3-6 个有信息量的段落，避免只靠卡片、导航和短摘要支撑页面; 增加围绕搜索意图的 H2：应用场景、工作流程、技术参数、案例证据、FAQ; 按页面类型补齐证据模块，而不是继续堆关键词; 补充 Organization / Product / Service / Article / BreadcrumbList 等匹配页面类型的 Schema,,,,.next/server/app/en/accessories/fc-pbf-propeller.html
/en/accessories/fc-rm10x,en,accessory_detail,strong,100,FC-RM10X UAV Motor,full_inventory,1444,0,0,0,0,0,0,0,0,,22,7,0,0,0,8,8,0,P1 需要补内容,"有效正文段落偏少; H2 结构偏薄; 缺少页面类型应有证据：hasSpecs, hasProductSchema, hasInquiry; 缺少 JSON-LD Schema; 描述性内链不足",增加 3-6 个有信息量的段落，避免只靠卡片、导航和短摘要支撑页面; 增加围绕搜索意图的 H2：应用场景、工作流程、技术参数、案例证据、FAQ; 按页面类型补齐证据模块，而不是继续堆关键词; 补充 Organization / Product / Service / Article / BreadcrumbList 等匹配页面类型的 Schema,,,,.next/server/app/en/accessories/fc-rm10x.html
/en/accessories/fc-rm30,en,accessory_detail,strong,100,FC-RM30 UAV Motor,full_inventory,4794,0,0,0,0,0,0,0,0,,22,7,0,0,0,8,8,0,P1 需要补内容,"有效正文段落偏少; H2 结构偏薄; 缺少页面类型应有证据：hasSpecs, hasProductSchema, hasInquiry; 缺少 JSON-LD Schema; 描述性内链不足",增加 3-6 个有信息量的段落，避免只靠卡片、导航和短摘要支撑页面; 增加围绕搜索意图的 H2：应用场景、工作流程、技术参数、案例证据、FAQ; 按页面类型补齐证据模块，而不是继续堆关键词; 补充 Organization / Product / Service / Article / BreadcrumbList 等匹配页面类型的 Schema,,,,.next/server/app/en/accessories/fc-rm30.html
/en/accessories/fc-sjl-100,en,accessory_detail,strong,85,FC-SJL-100 UAV Data Link,full_inventory,983,0,0,0,0,0,0,0,0,,22,7,0,0,0,8,8,0,P1 需要补内容,"有效正文段落偏少; H2 结构偏薄; 缺少页面类型应有证据：hasSpecs, hasProductSchema, hasInquiry; 缺少 JSON-LD Schema; 描述性内链不足",增加 3-6 个有信息量的段落，避免只靠卡片、导航和短摘要支撑页面; 增加围绕搜索意图的 H2：应用场景、工作流程、技术参数、案例证据、FAQ; 按页面类型补齐证据模块，而不是继续堆关键词; 补充 Organization / Product / Service / Article / BreadcrumbList 等匹配页面类型的 Schema,,,,.next/server/app/en/accessories/fc-sjl-100.html
/en/accessories/fc-sjl-200,en,accessory_detail,strong,85,FC-SJL-200 UAV Data Link,full_inventory,987,0,0,0,0,0,0,0,0,,22,7,0,0,0,8,8,0,P1 需要补内容,"有效正文段落偏少; H2 结构偏薄; 缺少页面类型应有证据：hasSpecs, hasProductSchema, hasInquiry; 缺少 JSON-LD Schema; 描述性内链不足",增加 3-6 个有信息量的段落，避免只靠卡片、导航和短摘要支撑页面; 增加围绕搜索意图的 H2：应用场景、工作流程、技术参数、案例证据、FAQ; 按页面类型补齐证据模块，而不是继续堆关键词; 补充 Organization / Product / Service / Article / BreadcrumbList 等匹配页面类型的 Schema,,,,.next/server/app/en/accessories/fc-sjl-200.html
/en/accessories/fc-sjl-30,en,accessory_detail,strong,85,FC-SJL-30 UAV Data Link,full_inventory,1011,0,0,0,0,0,0,0,0,,22,7,0,0,0,8,8,0,P1 需要补内容,"有效正文段落偏少; H2 结构偏薄; 缺少页面类型应有证据：hasSpecs, hasProductSchema, hasInquiry; 缺少 JSON-LD Schema; 描述性内链不足",增加 3-6 个有信息量的段落，避免只靠卡片、导航和短摘要支撑页面; 增加围绕搜索意图的 H2：应用场景、工作流程、技术参数、案例证据、FAQ; 按页面类型补齐证据模块，而不是继续堆关键词; 补充 Organization / Product / Service / Article / BreadcrumbList 等匹配页面类型的 Schema,,,,.next/server/app/en/accessories/fc-sjl-30.html
/en/accessories/fc-sjl-380,en,accessory_detail,strong,85,FC-SJL-380 UAV Data Link,full_inventory,989,0,0,0,0,0,0,0,0,,22,7,0,0,0,8,8,0,P1 需要补内容,"有效正文段落偏少; H2 结构偏薄; 缺少页面类型应有证据：hasSpecs, hasProductSchema, hasInquiry; 缺少 JSON-LD Schema; 描述性内链不足",增加 3-6 个有信息量的段落，避免只靠卡片、导航和短摘要支撑页面; 增加围绕搜索意图的 H2：应用场景、工作流程、技术参数、案例证据、FAQ; 按页面类型补齐证据模块，而不是继续堆关键词; 补充 Organization / Product / Service / Article / BreadcrumbList 等匹配页面类型的 Schema,,,,.next/server/app/en/accessories/fc-sjl-380.html
/en/accessories/fc-sjl-50,en,accessory_detail,strong,85,FC-SJL-50 UAV Data Link,full_inventory,1009,0,0,0,0,0,0,0,0,,22,7,0,0,0,8,8,0,P1 需要补内容,"有效正文段落偏少; H2 结构偏薄; 缺少页面类型应有证据：hasSpecs, hasProductSchema, hasInquiry; 缺少 JSON-LD Schema; 描述性内链不足",增加 3-6 个有信息量的段落，避免只靠卡片、导航和短摘要支撑页面; 增加围绕搜索意图的 H2：应用场景、工作流程、技术参数、案例证据、FAQ; 按页面类型补齐证据模块，而不是继续堆关键词; 补充 Organization / Product / Service / Article / BreadcrumbList 等匹配页面类型的 Schema,,,,.next/server/app/en/accessories/fc-sjl-50.html
/en/accessories/fc-u10-pro,en,accessory_detail,strong,85,FC-U10-PRO Flight Controller,full_inventory,734,0,0,0,0,0,0,0,0,,22,7,0,0,0,8,8,0,P1 需要补内容,"有效正文段落偏少; H2 结构偏薄; 缺少页面类型应有证据：hasSpecs, hasProductSchema, hasInquiry; 缺少 JSON-LD Schema; 描述性内链不足",增加 3-6 个有信息量的段落，避免只靠卡片、导航和短摘要支撑页面; 增加围绕搜索意图的 H2：应用场景、工作流程、技术参数、案例证据、FAQ; 按页面类型补齐证据模块，而不是继续堆关键词; 补充 Organization / Product / Service / Article / BreadcrumbList 等匹配页面类型的 Schema,,,,.next/server/app/en/accessories/fc-u10-pro.html
/en/accessories/fc-u110,en,accessory_detail,strong,100,FC-U110 UAV Motor,full_inventory,4516,0,0,0,0,0,0,0,0,,22,7,0,0,0,8,8,0,P1 需要补内容,"有效正文段落偏少; H2 结构偏薄; 缺少页面类型应有证据：hasSpecs, hasProductSchema, hasInquiry; 缺少 JSON-LD Schema; 描述性内链不足",增加 3-6 个有信息量的段落，避免只靠卡片、导航和短摘要支撑页面; 增加围绕搜索意图的 H2：应用场景、工作流程、技术参数、案例证据、FAQ; 按页面类型补齐证据模块，而不是继续堆关键词; 补充 Organization / Product / Service / Article / BreadcrumbList 等匹配页面类型的 Schema,,,,.next/server/app/en/accessories/fc-u110.html
/en/accessories/fc-u12,en,accessory_detail,strong,85,FC-U12 Flight Controller,full_inventory,718,0,0,0,0,0,0,0,0,,22,7,0,0,0,8,8,0,P1 需要补内容,"有效正文段落偏少; H2 结构偏薄; 缺少页面类型应有证据：hasSpecs, hasProductSchema, hasInquiry; 缺少 JSON-LD Schema; 描述性内链不足",增加 3-6 个有信息量的段落，避免只靠卡片、导航和短摘要支撑页面; 增加围绕搜索意图的 H2：应用场景、工作流程、技术参数、案例证据、FAQ; 按页面类型补齐证据模块，而不是继续堆关键词; 补充 Organization / Product / Service / Article / BreadcrumbList 等匹配页面类型的 Schema,,,,.next/server/app/en/accessories/fc-u12.html
/en/accessories/fc-u8013,en,accessory_detail,strong,100,FC-U8013 UAV Motor,full_inventory,1112,0,0,0,0,0,0,0,0,,22,7,0,0,0,8,8,0,P1 需要补内容,"有效正文段落偏少; H2 结构偏薄; 缺少页面类型应有证据：hasSpecs, hasProductSchema, hasInquiry; 缺少 JSON-LD Schema; 描述性内链不足",增加 3-6 个有信息量的段落，避免只靠卡片、导航和短摘要支撑页面; 增加围绕搜索意图的 H2：应用场景、工作流程、技术参数、案例证据、FAQ; 按页面类型补齐证据模块，而不是继续堆关键词; 补充 Organization / Product / Service / Article / BreadcrumbList 等匹配页面类型的 Schema,,,,.next/server/app/en/accessories/fc-u8013.html
/en/accessories/fc-u9-ag,en,accessory_detail,strong,85,FC-U9-AG Agricultural Flight Controller,full_inventory,769,0,0,0,0,0,0,0,0,,22,7,0,0,0,8,8,0,P1 需要补内容,"有效正文段落偏少; H2 结构偏薄; 缺少页面类型应有证据：hasSpecs, hasProductSchema, hasInquiry; 缺少 JSON-LD Schema; 描述性内链不足",增加 3-6 个有信息量的段落，避免只靠卡片、导航和短摘要支撑页面; 增加围绕搜索意图的 H2：应用场景、工作流程、技术参数、案例证据、FAQ; 按页面类型补齐证据模块，而不是继续堆关键词; 补充 Organization / Product / Service / Article / BreadcrumbList 等匹配页面类型的 Schema,,,,.next/server/app/en/accessories/fc-u9-ag.html
/en/accessories/fc-w2u-propeller,en,accessory_detail,strong,85,FC-W2U UAV Propeller,full_inventory,792,0,0,0,0,0,0,0,0,,22,7,0,0,0,8,8,0,P1 需要补内容,"有效正文段落偏少; H2 结构偏薄; 缺少页面类型应有证据：hasSpecs, hasProductSchema, hasInquiry; 缺少 JSON-LD Schema; 描述性内链不足",增加 3-6 个有信息量的段落，避免只靠卡片、导航和短摘要支撑页面; 增加围绕搜索意图的 H2：应用场景、工作流程、技术参数、案例证据、FAQ; 按页面类型补齐证据模块，而不是继续堆关键词; 补充 Organization / Product / Service / Article / BreadcrumbList 等匹配页面类型的 Schema,,,,.next/server/app/en/accessories/fc-w2u-propeller.html
/en/accessories/fc-x8030,en,accessory_detail,strong,100,FC-X8030 UAV Motor,full_inventory,3666,0,0,0,0,0,0,0,0,,22,7,0,0,0,8,8,0,P1 需要补内容,"有效正文段落偏少; H2 结构偏薄; 缺少页面类型应有证据：hasSpecs, hasProductSchema, hasInquiry; 缺少 JSON-LD Schema; 描述性内链不足",增加 3-6 个有信息量的段落，避免只靠卡片、导航和短摘要支撑页面; 增加围绕搜索意图的 H2：应用场景、工作流程、技术参数、案例证据、FAQ; 按页面类型补齐证据模块，而不是继续堆关键词; 补充 Organization / Product / Service / Article / BreadcrumbList 等匹配页面类型的 Schema,,,,.next/server/app/en/accessories/fc-x8030.html
/en/accessories/fc-xh14,en,accessory_detail,strong,100,FC-XH14 UAV Motor,full_inventory,1832,0,0,0,0,0,0,0,0,,22,7,0,0,0,8,8,0,P1 需要补内容,"有效正文段落偏少; H2 结构偏薄; 缺少页面类型应有证据：hasSpecs, hasProductSchema, hasInquiry; 缺少 JSON-LD Schema; 描述性内链不足",增加 3-6 个有信息量的段落，避免只靠卡片、导航和短摘要支撑页面; 增加围绕搜索意图的 H2：应用场景、工作流程、技术参数、案例证据、FAQ; 按页面类型补齐证据模块，而不是继续堆关键词; 补充 Organization / Product / Service / Article / BreadcrumbList 等匹配页面类型的 Schema,,,,.next/server/app/en/accessories/fc-xh14.html
/en/accessories/fc-yk15-remote-controller,en,accessory_detail,strong,100,FC-YK15 UAV Remote Controller,full_inventory,977,0,0,0,0,0,0,0,0,,22,7,0,0,0,8,8,0,P1 需要补内容,"有效正文段落偏少; H2 结构偏薄; 缺少页面类型应有证据：hasSpecs, hasProductSchema, hasInquiry; 缺少 JSON-LD Schema; 描述性内链不足",增加 3-6 个有信息量的段落，避免只靠卡片、导航和短摘要支撑页面; 增加围绕搜索意图的 H2：应用场景、工作流程、技术参数、案例证据、FAQ; 按页面类型补齐证据模块，而不是继续堆关键词; 补充 Organization / Product / Service / Article / BreadcrumbList 等匹配页面类型的 Schema,,,,.next/server/app/en/accessories/fc-yk15-remote-controller.html
/en/accessories/fc-yk24-remote-controller,en,accessory_detail,strong,85,FC-YK24 UAV Remote Controller,full_inventory,1151,0,0,0,0,0,0,0,0,,22,7,0,0,0,8,8,0,P1 需要补内容,"有效正文段落偏少; H2 结构偏薄; 缺少页面类型应有证据：hasSpecs, hasProductSchema, hasInquiry; 缺少 JSON-LD Schema; 描述性内链不足",增加 3-6 个有信息量的段落，避免只靠卡片、导航和短摘要支撑页面; 增加围绕搜索意图的 H2：应用场景、工作流程、技术参数、案例证据、FAQ; 按页面类型补齐证据模块，而不是继续堆关键词; 补充 Organization / Product / Service / Article / BreadcrumbList 等匹配页面类型的 Schema,,,,.next/server/app/en/accessories/fc-yk24-remote-controller.html
/en/accessories/fc-yk32-remote-controller,en,accessory_detail,strong,85,FC-YK32 UAV Remote Controller,full_inventory,1005,0,0,0,0,0,0,0,0,,22,7,0,0,0,8,8,0,P1 需要补内容,"有效正文段落偏少; H2 结构偏薄; 缺少页面类型应有证据：hasSpecs, hasProductSchema, hasInquiry; 缺少 JSON-LD Schema; 描述性内链不足",增加 3-6 个有信息量的段落，避免只靠卡片、导航和短摘要支撑页面; 增加围绕搜索意图的 H2：应用场景、工作流程、技术参数、案例证据、FAQ; 按页面类型补齐证据模块，而不是继续堆关键词; 补充 Organization / Product / Service / Article / BreadcrumbList 等匹配页面类型的 Schema,,,,.next/server/app/en/accessories/fc-yk32-remote-controller.html
/en/accessories/fc-ykrc7-remote-controller,en,accessory_detail,strong,85,FC-YKRC7 UAV Remote Controller,full_inventory,1423,0,0,0,0,0,0,0,0,,22,7,0,0,0,8,8,0,P1 需要补内容,"有效正文段落偏少; H2 结构偏薄; 缺少页面类型应有证据：hasSpecs, hasProductSchema, hasInquiry; 缺少 JSON-LD Schema; 描述性内链不足",增加 3-6 个有信息量的段落，避免只靠卡片、导航和短摘要支撑页面; 增加围绕搜索意图的 H2：应用场景、工作流程、技术参数、案例证据、FAQ; 按页面类型补齐证据模块，而不是继续堆关键词; 补充 Organization / Product / Service / Article / BreadcrumbList 等匹配页面类型的 Schema,,,,.next/server/app/en/accessories/fc-ykrc7-remote-controller.html
/en/products/low-altitude-airspace-monitoring,en,product_detail,weak,0,,full_inventory,0,0,0,0,0,0,0,0,0,,0,0,0,0,0,8,8,0,P1 需要补内容,"内容深度不足：正文约 0 词，建议 400+; 有效正文段落偏少; H2 结构偏薄; 缺少页面类型应有证据：hasSpecs, hasProductSchema, hasInquiry; 缺少 JSON-LD Schema; 描述性内链不足; 缺少 FAQ / 采购问题解答模块",补充搜索意图段落：适用场景、采购/部署关注点、限制条件和下一步行动; 增加 3-6 个有信息量的段落，避免只靠卡片、导航和短摘要支撑页面; 增加围绕搜索意图的 H2：应用场景、工作流程、技术参数、案例证据、FAQ; 按页面类型补齐证据模块，而不是继续堆关键词,,,,.next/server/app/en/products/low-altitude-airspace-monitoring.html
/es/accessories/fc-bt1,es,accessory_detail,strong,85,Batería de estado sólido para UAV FC-BT1,full_inventory,3635,0,0,0,0,0,0,0,0,,22,7,0,0,0,8,8,0,P1 需要补内容,"有效正文段落偏少; H2 结构偏薄; 缺少页面类型应有证据：hasSpecs, hasProductSchema, hasInquiry; 缺少 JSON-LD Schema; 描述性内链不足",增加 3-6 个有信息量的段落，避免只靠卡片、导航和短摘要支撑页面; 增加围绕搜索意图的 H2：应用场景、工作流程、技术参数、案例证据、FAQ; 按页面类型补齐证据模块，而不是继续堆关键词; 补充 Organization / Product / Service / Article / BreadcrumbList 等匹配页面类型的 Schema,,,,.next/server/app/es/accessories/fc-bt1.html
/es/accessories/fc-bt2,es,accessory_detail,strong,85,Batería de estado sólido para UAV FC-BT2,full_inventory,3081,0,0,0,0,0,0,0,0,,22,7,0,0,0,8,8,0,P1 需要补内容,"有效正文段落偏少; H2 结构偏薄; 缺少页面类型应有证据：hasSpecs, hasProductSchema, hasInquiry; 缺少 JSON-LD Schema; 描述性内链不足",增加 3-6 个有信息量的段落，避免只靠卡片、导航和短摘要支撑页面; 增加围绕搜索意图的 H2：应用场景、工作流程、技术参数、案例证据、FAQ; 按页面类型补齐证据模块，而不是继续堆关键词; 补充 Organization / Product / Service / Article / BreadcrumbList 等匹配页面类型的 Schema,,,,.next/server/app/es/accessories/fc-bt2.html
/es/accessories/fc-bt3,es,accessory_detail,strong,85,Batería de estado sólido de alto voltaje para UAV FC-BT3,full_inventory,3224,0,0,0,0,0,0,0,0,,22,7,0,0,0,8,8,0,P1 需要补内容,"有效正文段落偏少; H2 结构偏薄; 缺少页面类型应有证据：hasSpecs, hasProductSchema, hasInquiry; 缺少 JSON-LD Schema; 描述性内链不足",增加 3-6 个有信息量的段落，避免只靠卡片、导航和短摘要支撑页面; 增加围绕搜索意图的 H2：应用场景、工作流程、技术参数、案例证据、FAQ; 按页面类型补齐证据模块，而不是继续堆关键词; 补充 Organization / Product / Service / Article / BreadcrumbList 等匹配页面类型的 Schema,,,,.next/server/app/es/accessories/fc-bt3.html
/es/accessories/fc-bt4,es,accessory_detail,strong,85,Batería de estado sólido de alta energía para UAV FC-BT4,full_inventory,5200,0,0,0,0,0,0,0,0,,22,7,0,0,0,8,8,0,P1 需要补内容,"有效正文段落偏少; H2 结构偏薄; 缺少页面类型应有证据：hasSpecs, hasProductSchema, hasInquiry; 缺少 JSON-LD Schema; 描述性内链不足",增加 3-6 个有信息量的段落，避免只靠卡片、导航和短摘要支撑页面; 增加围绕搜索意图的 H2：应用场景、工作流程、技术参数、案例证据、FAQ; 按页面类型补齐证据模块，而不是继续堆关键词; 补充 Organization / Product / Service / Article / BreadcrumbList 等匹配页面类型的 Schema,,,,.next/server/app/es/accessories/fc-bt4.html
/es/accessories/fc-btg,es,accessory_detail,strong,85,Batería de estado sólido para formación UAV FC-BTG,full_inventory,2274,0,0,0,0,0,0,0,0,,22,7,0,0,0,8,8,0,P1 需要补内容,"有效正文段落偏少; H2 结构偏薄; 缺少页面类型应有证据：hasSpecs, hasProductSchema, hasInquiry; 缺少 JSON-LD Schema; 描述性内链不足",增加 3-6 个有信息量的段落，避免只靠卡片、导航和短摘要支撑页面; 增加围绕搜索意图的 H2：应用场景、工作流程、技术参数、案例证据、FAQ; 按页面类型补齐证据模块，而不是继续堆关键词; 补充 Organization / Product / Service / Article / BreadcrumbList 等匹配页面类型的 Schema,,,,.next/server/app/es/accessories/fc-btg.html
/es/accessories/fc-c2d-propeller,es,accessory_detail,strong,85,Hélice UAV FC-C2D,full_inventory,1033,0,0,0,0,0,0,0,0,,22,7,0,0,0,8,8,0,P1 需要补内容,"有效正文段落偏少; H2 结构偏薄; 缺少页面类型应有证据：hasSpecs, hasProductSchema, hasInquiry; 缺少 JSON-LD Schema; 描述性内链不足",增加 3-6 个有信息量的段落，避免只靠卡片、导航和短摘要支撑页面; 增加围绕搜索意图的 H2：应用场景、工作流程、技术参数、案例证据、FAQ; 按页面类型补齐证据模块，而不是继续堆关键词; 补充 Organization / Product / Service / Article / BreadcrumbList 等匹配页面类型的 Schema,,,,.next/server/app/es/accessories/fc-c2d-propeller.html
/es/accessories/fc-c2e-propeller,es,accessory_detail,strong,85,Hélice UAV FC-C2E,full_inventory,987,0,0,0,0,0,0,0,0,,22,7,0,0,0,8,8,0,P1 需要补内容,"有效正文段落偏少; H2 结构偏薄; 缺少页面类型应有证据：hasSpecs, hasProductSchema, hasInquiry; 缺少 JSON-LD Schema; 描述性内链不足",增加 3-6 个有信息量的段落，避免只靠卡片、导航和短摘要支撑页面; 增加围绕搜索意图的 H2：应用场景、工作流程、技术参数、案例证据、FAQ; 按页面类型补齐证据模块，而不是继续堆关键词; 补充 Organization / Product / Service / Article / BreadcrumbList 等匹配页面类型的 Schema,,,,.next/server/app/es/accessories/fc-c2e-propeller.html
/es/accessories/fc-c2t-propeller,es,accessory_detail,strong,85,Hélice UAV FC-C2T,full_inventory,1017,0,0,0,0,0,0,0,0,,22,7,0,0,0,8,8,0,P1 需要补内容,"有效正文段落偏少; H2 结构偏薄; 缺少页面类型应有证据：hasSpecs, hasProductSchema, hasInquiry; 缺少 JSON-LD Schema; 描述性内链不足",增加 3-6 个有信息量的段落，避免只靠卡片、导航和短摘要支撑页面; 增加围绕搜索意图的 H2：应用场景、工作流程、技术参数、案例证据、FAQ; 按页面类型补齐证据模块，而不是继续堆关键词; 补充 Organization / Product / Service / Article / BreadcrumbList 等匹配页面类型的 Schema,,,,.next/server/app/es/accessories/fc-c2t-propeller.html
/es/accessories/fc-c2u-propeller,es,accessory_detail,strong,85,Hélice UAV FC-C2U,full_inventory,997,0,0,0,0,0,0,0,0,,22,7,0,0,0,8,8,0,P1 需要补内容,"有效正文段落偏少; H2 结构偏薄; 缺少页面类型应有证据：hasSpecs, hasProductSchema, hasInquiry; 缺少 JSON-LD Schema; 描述性内链不足",增加 3-6 个有信息量的段落，避免只靠卡片、导航和短摘要支撑页面; 增加围绕搜索意图的 H2：应用场景、工作流程、技术参数、案例证据、FAQ; 按页面类型补齐证据模块，而不是继续堆关键词; 补充 Organization / Product / Service / Article / BreadcrumbList 等匹配页面类型的 Schema,,,,.next/server/app/es/accessories/fc-c2u-propeller.html
/es/accessories/fc-c2ud-propeller,es,accessory_detail,strong,85,Hélice UAV FC-C2UD,full_inventory,1071,0,0,0,0,0,0,0,0,,22,7,0,0,0,8,8,0,P1 需要补内容,"有效正文段落偏少; H2 结构偏薄; 缺少页面类型应有证据：hasSpecs, hasProductSchema, hasInquiry; 缺少 JSON-LD Schema; 描述性内链不足",增加 3-6 个有信息量的段落，避免只靠卡片、导航和短摘要支撑页面; 增加围绕搜索意图的 H2：应用场景、工作流程、技术参数、案例证据、FAQ; 按页面类型补齐证据模块，而不是继续堆关键词; 补充 Organization / Product / Service / Article / BreadcrumbList 等匹配页面类型的 Schema,,,,.next/server/app/es/accessories/fc-c2ud-propeller.html
/es/accessories/fc-fdj-111,es,accessory_detail,strong,100,Motor UAV FC-FDJ-111,full_inventory,779,0,0,0,0,0,0,0,0,,22,7,0,0,0,8,8,0,P1 需要补内容,"有效正文段落偏少; H2 结构偏薄; 缺少页面类型应有证据：hasSpecs, hasProductSchema, hasInquiry; 缺少 JSON-LD Schema; 描述性内链不足",增加 3-6 个有信息量的段落，避免只靠卡片、导航和短摘要支撑页面; 增加围绕搜索意图的 H2：应用场景、工作流程、技术参数、案例证据、FAQ; 按页面类型补齐证据模块，而不是继续堆关键词; 补充 Organization / Product / Service / Article / BreadcrumbList 等匹配页面类型的 Schema,,,,.next/server/app/es/accessories/fc-fdj-111.html
/es/accessories/fc-fdj-120,es,accessory_detail,strong,100,Motor UAV FC-FDJ-120,full_inventory,759,0,0,0,0,0,0,0,0,,22,7,0,0,0,8,8,0,P1 需要补内容,"有效正文段落偏少; H2 结构偏薄; 缺少页面类型应有证据：hasSpecs, hasProductSchema, hasInquiry; 缺少 JSON-LD Schema; 描述性内链不足",增加 3-6 个有信息量的段落，避免只靠卡片、导航和短摘要支撑页面; 增加围绕搜索意图的 H2：应用场景、工作流程、技术参数、案例证据、FAQ; 按页面类型补齐证据模块，而不是继续堆关键词; 补充 Organization / Product / Service / Article / BreadcrumbList 等匹配页面类型的 Schema,,,,.next/server/app/es/accessories/fc-fdj-120.html
/es/accessories/fc-fdj-120hd,es,accessory_detail,strong,100,Motor UAV FC-FDJ-120HD,full_inventory,753,0,0,0,0,0,0,0,0,,22,7,0,0,0,8,8,0,P1 需要补内容,"有效正文段落偏少; H2 结构偏薄; 缺少页面类型应有证据：hasSpecs, hasProductSchema, hasInquiry; 缺少 JSON-LD Schema; 描述性内链不足",增加 3-6 个有信息量的段落，避免只靠卡片、导航和短摘要支撑页面; 增加围绕搜索意图的 H2：应用场景、工作流程、技术参数、案例证据、FAQ; 按页面类型补齐证据模块，而不是继续堆关键词; 补充 Organization / Product / Service / Article / BreadcrumbList 等匹配页面类型的 Schema,,,,.next/server/app/es/accessories/fc-fdj-120hd.html
/es/accessories/fc-fdj-170,es,accessory_detail,strong,100,Motor UAV FC-FDJ-170,full_inventory,749,0,0,0,0,0,0,0,0,,22,7,0,0,0,8,8,0,P1 需要补内容,"有效正文段落偏少; H2 结构偏薄; 缺少页面类型应有证据：hasSpecs, hasProductSchema, hasInquiry; 缺少 JSON-LD Schema; 描述性内链不足",增加 3-6 个有信息量的段落，避免只靠卡片、导航和短摘要支撑页面; 增加围绕搜索意图的 H2：应用场景、工作流程、技术参数、案例证据、FAQ; 按页面类型补齐证据模块，而不是继续堆关键词; 补充 Organization / Product / Service / Article / BreadcrumbList 等匹配页面类型的 Schema,,,,.next/server/app/es/accessories/fc-fdj-170.html
/es/accessories/fc-fdj-200,es,accessory_detail,strong,100,Motor UAV FC-FDJ-200,full_inventory,757,0,0,0,0,0,0,0,0,,22,7,0,0,0,8,8,0,P1 需要补内容,"有效正文段落偏少; H2 结构偏薄; 缺少页面类型应有证据：hasSpecs, hasProductSchema, hasInquiry; 缺少 JSON-LD Schema; 描述性内链不足",增加 3-6 个有信息量的段落，避免只靠卡片、导航和短摘要支撑页面; 增加围绕搜索意图的 H2：应用场景、工作流程、技术参数、案例证据、FAQ; 按页面类型补齐证据模块，而不是继续堆关键词; 补充 Organization / Product / Service / Article / BreadcrumbList 等匹配页面类型的 Schema,,,,.next/server/app/es/accessories/fc-fdj-200.html
/es/accessories/fc-fdj-222,es,accessory_detail,strong,100,Motor UAV FC-FDJ-222,full_inventory,763,0,0,0,0,0,0,0,0,,22,7,0,0,0,8,8,0,P1 需要补内容,"有效正文段落偏少; H2 结构偏薄; 缺少页面类型应有证据：hasSpecs, hasProductSchema, hasInquiry; 缺少 JSON-LD Schema; 描述性内链不足",增加 3-6 个有信息量的段落，避免只靠卡片、导航和短摘要支撑页面; 增加围绕搜索意图的 H2：应用场景、工作流程、技术参数、案例证据、FAQ; 按页面类型补齐证据模块，而不是继续堆关键词; 补充 Organization / Product / Service / Article / BreadcrumbList 等匹配页面类型的 Schema,,,,.next/server/app/es/accessories/fc-fdj-222.html
/es/accessories/fc-fdj-430,es,accessory_detail,strong,100,Motor UAV FC-FDJ-430,full_inventory,929,0,0,0,0,0,0,0,0,,22,7,0,0,0,8,8,0,P1 需要补内容,"有效正文段落偏少; H2 结构偏薄; 缺少页面类型应有证据：hasSpecs, hasProductSchema, hasInquiry; 缺少 JSON-LD Schema; 描述性内链不足",增加 3-6 个有信息量的段落，避免只靠卡片、导航和短摘要支撑页面; 增加围绕搜索意图的 H2：应用场景、工作流程、技术参数、案例证据、FAQ; 按页面类型补齐证据模块，而不是继续堆关键词; 补充 Organization / Product / Service / Article / BreadcrumbList 等匹配页面类型的 Schema,,,,.next/server/app/es/accessories/fc-fdj-430.html
/es/accessories/fc-fdj-55,es,accessory_detail,strong,100,Motor UAV FC-FDJ-55,full_inventory,783,0,0,0,0,0,0,0,0,,22,7,0,0,0,8,8,0,P1 需要补内容,"有效正文段落偏少; H2 结构偏薄; 缺少页面类型应有证据：hasSpecs, hasProductSchema, hasInquiry; 缺少 JSON-LD Schema; 描述性内链不足",增加 3-6 个有信息量的段落，避免只靠卡片、导航和短摘要支撑页面; 增加围绕搜索意图的 H2：应用场景、工作流程、技术参数、案例证据、FAQ; 按页面类型补齐证据模块，而不是继续堆关键词; 补充 Organization / Product / Service / Article / BreadcrumbList 等匹配页面类型的 Schema,,,,.next/server/app/es/accessories/fc-fdj-55.html
/es/accessories/fc-fdj-60,es,accessory_detail,strong,100,Motor UAV FC-FDJ-60,full_inventory,759,0,0,0,0,0,0,0,0,,22,7,0,0,0,8,8,0,P1 需要补内容,"有效正文段落偏少; H2 结构偏薄; 缺少页面类型应有证据：hasSpecs, hasProductSchema, hasInquiry; 缺少 JSON-LD Schema; 描述性内链不足",增加 3-6 个有信息量的段落，避免只靠卡片、导航和短摘要支撑页面; 增加围绕搜索意图的 H2：应用场景、工作流程、技术参数、案例证据、FAQ; 按页面类型补齐证据模块，而不是继续堆关键词; 补充 Organization / Product / Service / Article / BreadcrumbList 等匹配页面类型的 Schema,,,,.next/server/app/es/accessories/fc-fdj-60.html
/es/accessories/fc-fdj-61,es,accessory_detail,strong,100,Motor UAV FC-FDJ-61,full_inventory,757,0,0,0,0,0,0,0,0,,22,7,0,0,0,8,8,0,P1 需要补内容,"有效正文段落偏少; H2 结构偏薄; 缺少页面类型应有证据：hasSpecs, hasProductSchema, hasInquiry; 缺少 JSON-LD Schema; 描述性内链不足",增加 3-6 个有信息量的段落，避免只靠卡片、导航和短摘要支撑页面; 增加围绕搜索意图的 H2：应用场景、工作流程、技术参数、案例证据、FAQ; 按页面类型补齐证据模块，而不是继续堆关键词; 补充 Organization / Product / Service / Article / BreadcrumbList 等匹配页面类型的 Schema,,,,.next/server/app/es/accessories/fc-fdj-61.html
/es/accessories/fc-fdj-70hd,es,accessory_detail,strong,100,Motor UAV FC-FDJ-70HD,full_inventory,755,0,0,0,0,0,0,0,0,,22,7,0,0,0,8,8,0,P1 需要补内容,"有效正文段落偏少; H2 结构偏薄; 缺少页面类型应有证据：hasSpecs, hasProductSchema, hasInquiry; 缺少 JSON-LD Schema; 描述性内链不足",增加 3-6 个有信息量的段落，避免只靠卡片、导航和短摘要支撑页面; 增加围绕搜索意图的 H2：应用场景、工作流程、技术参数、案例证据、FAQ; 按页面类型补齐证据模块，而不是继续堆关键词; 补充 Organization / Product / Service / Article / BreadcrumbList 等匹配页面类型的 Schema,,,,.next/server/app/es/accessories/fc-fdj-70hd.html
/es/accessories/fc-fdj-85,es,accessory_detail,strong,100,Motor UAV FC-FDJ-85,full_inventory,757,0,0,0,0,0,0,0,0,,22,7,0,0,0,8,8,0,P1 需要补内容,"有效正文段落偏少; H2 结构偏薄; 缺少页面类型应有证据：hasSpecs, hasProductSchema, hasInquiry; 缺少 JSON-LD Schema; 描述性内链不足",增加 3-6 个有信息量的段落，避免只靠卡片、导航和短摘要支撑页面; 增加围绕搜索意图的 H2：应用场景、工作流程、技术参数、案例证据、FAQ; 按页面类型补齐证据模块，而不是继续堆关键词; 补充 Organization / Product / Service / Article / BreadcrumbList 等匹配页面类型的 Schema,,,,.next/server/app/es/accessories/fc-fdj-85.html
/es/accessories/fc-l10tr-three-light-gimbal,es,accessory_detail,strong,100,FC-L10TR gimbal electro-optico,full_inventory,1387,0,0,0,0,0,0,0,0,,22,7,0,0,0,8,8,0,P1 需要补内容,"有效正文段落偏少; H2 结构偏薄; 缺少页面类型应有证据：hasSpecs, hasProductSchema, hasInquiry; 缺少 JSON-LD Schema; 描述性内链不足",增加 3-6 个有信息量的段落，避免只靠卡片、导航和短摘要支撑页面; 增加围绕搜索意图的 H2：应用场景、工作流程、技术参数、案例证据、FAQ; 按页面类型补齐证据模块，而不是继续堆关键词; 补充 Organization / Product / Service / Article / BreadcrumbList 等匹配页面类型的 Schema,,,,.next/server/app/es/accessories/fc-l10tr-three-light-gimbal.html
/es/accessories/fc-l40-smart-optical-pod,es,accessory_detail,strong,100,FC-L40 gimbal electro-optico,full_inventory,1175,0,0,0,0,0,0,0,0,,22,7,0,0,0,8,8,0,P1 需要补内容,"有效正文段落偏少; H2 结构偏薄; 缺少页面类型应有证据：hasSpecs, hasProductSchema, hasInquiry; 缺少 JSON-LD Schema; 描述性内链不足",增加 3-6 个有信息量的段落，避免只靠卡片、导航和短摘要支撑页面; 增加围绕搜索意图的 H2：应用场景、工作流程、技术参数、案例证据、FAQ; 按页面类型补齐证据模块，而不是继续堆关键词; 补充 Organization / Product / Service / Article / BreadcrumbList 等匹配页面类型的 Schema,,,,.next/server/app/es/accessories/fc-l40-smart-optical-pod.html
/es/accessories/fc-l40t-dual-light-gimbal,es,accessory_detail,strong,100,FC-L40T gimbal electro-optico,full_inventory,1315,0,0,0,0,0,0,0,0,,22,7,0,0,0,8,8,0,P1 需要补内容,"有效正文段落偏少; H2 结构偏薄; 缺少页面类型应有证据：hasSpecs, hasProductSchema, hasInquiry; 缺少 JSON-LD Schema; 描述性内链不足",增加 3-6 个有信息量的段落，避免只靠卡片、导航和短摘要支撑页面; 增加围绕搜索意图的 H2：应用场景、工作流程、技术参数、案例证据、FAQ; 按页面类型补齐证据模块，而不是继续堆关键词; 补充 Organization / Product / Service / Article / BreadcrumbList 等匹配页面类型的 Schema,,,,.next/server/app/es/accessories/fc-l40t-dual-light-gimbal.html
/es/accessories/fc-l40tr-smart-optical-pod,es,accessory_detail,strong,100,FC-L40TR gimbal electro-optico,full_inventory,1381,0,0,0,0,0,0,0,0,,22,7,0,0,0,8,8,0,P1 需要补内容,"有效正文段落偏少; H2 结构偏薄; 缺少页面类型应有证据：hasSpecs, hasProductSchema, hasInquiry; 缺少 JSON-LD Schema; 描述性内链不足",增加 3-6 个有信息量的段落，避免只靠卡片、导航和短摘要支撑页面; 增加围绕搜索意图的 H2：应用场景、工作流程、技术参数、案例证据、FAQ; 按页面类型补齐证据模块，而不是继续堆关键词; 补充 Organization / Product / Service / Article / BreadcrumbList 等匹配页面类型的 Schema,,,,.next/server/app/es/accessories/fc-l40tr-smart-optical-pod.html
/es/accessories/fc-l50-smart-optical-pod,es,accessory_detail,strong,100,FC-L50 gimbal electro-optico,full_inventory,1203,0,0,0,0,0,0,0,0,,22,7,0,0,0,8,8,0,P1 需要补内容,"有效正文段落偏少; H2 结构偏薄; 缺少页面类型应有证据：hasSpecs, hasProductSchema, hasInquiry; 缺少 JSON-LD Schema; 描述性内链不足",增加 3-6 个有信息量的段落，避免只靠卡片、导航和短摘要支撑页面; 增加围绕搜索意图的 H2：应用场景、工作流程、技术参数、案例证据、FAQ; 按页面类型补齐证据模块，而不是继续堆关键词; 补充 Organization / Product / Service / Article / BreadcrumbList 等匹配页面类型的 Schema,,,,.next/server/app/es/accessories/fc-l50-smart-optical-pod.html
/es/accessories/fc-ln100-dual-light-gimbal,es,accessory_detail,strong,100,FC-LN100 gimbal electro-optico,full_inventory,1299,0,0,0,0,0,0,0,0,,22,7,0,0,0,8,8,0,P1 需要补内容,"有效正文段落偏少; H2 结构偏薄; 缺少页面类型应有证据：hasSpecs, hasProductSchema, hasInquiry; 缺少 JSON-LD Schema; 描述性内链不足",增加 3-6 个有信息量的段落，避免只靠卡片、导航和短摘要支撑页面; 增加围绕搜索意图的 H2：应用场景、工作流程、技术参数、案例证据、FAQ; 按页面类型补齐证据模块，而不是继续堆关键词; 补充 Organization / Product / Service / Article / BreadcrumbList 等匹配页面类型的 Schema,,,,.next/server/app/es/accessories/fc-ln100-dual-light-gimbal.html
/es/accessories/fc-ln95-dual-light-gimbal,es,accessory_detail,strong,100,FC-LN95 gimbal electro-optico,full_inventory,1419,0,0,0,0,0,0,0,0,,22,7,0,0,0,8,8,0,P1 需要补内容,"有效正文段落偏少; H2 结构偏薄; 缺少页面类型应有证据：hasSpecs, hasProductSchema, hasInquiry; 缺少 JSON-LD Schema; 描述性内链不足",增加 3-6 个有信息量的段落，避免只靠卡片、导航和短摘要支撑页面; 增加围绕搜索意图的 H2：应用场景、工作流程、技术参数、案例证据、FAQ; 按页面类型补齐证据模块，而不是继续堆关键词; 补充 Organization / Product / Service / Article / BreadcrumbList 等匹配页面类型的 Schema,,,,.next/server/app/es/accessories/fc-ln95-dual-light-gimbal.html
/es/accessories/fc-max-5330,es,accessory_detail,strong,100,Motor UAV FC-MAX 5330,full_inventory,4320,0,0,0,0,0,0,0,0,,22,7,0,0,0,8,8,0,P1 需要补内容,"有效正文段落偏少; H2 结构偏薄; 缺少页面类型应有证据：hasSpecs, hasProductSchema, hasInquiry; 缺少 JSON-LD Schema; 描述性内链不足",增加 3-6 个有信息量的段落，避免只靠卡片、导航和短摘要支撑页面; 增加围绕搜索意图的 H2：应用场景、工作流程、技术参数、案例证据、FAQ; 按页面类型补齐证据模块，而不是继续堆关键词; 补充 Organization / Product / Service / Article / BreadcrumbList 等匹配页面类型的 Schema,,,,.next/server/app/es/accessories/fc-max-5330.html
/es/accessories/fc-mesh-100,es,accessory_detail,strong,85,FC-Mesh-100 enlace de datos UAV,full_inventory,1309,0,0,0,0,0,0,0,0,,22,7,0,0,0,8,8,0,P1 需要补内容,"有效正文段落偏少; H2 结构偏薄; 缺少页面类型应有证据：hasSpecs, hasProductSchema, hasInquiry; 缺少 JSON-LD Schema; 描述性内链不足",增加 3-6 个有信息量的段落，避免只靠卡片、导航和短摘要支撑页面; 增加围绕搜索意图的 H2：应用场景、工作流程、技术参数、案例证据、FAQ; 按页面类型补齐证据模块，而不是继续堆关键词; 补充 Organization / Product / Service / Article / BreadcrumbList 等匹配页面类型的 Schema,,,,.next/server/app/es/accessories/fc-mesh-100.html
/es/accessories/fc-mini-l10tr-smart-optical-pod,es,accessory_detail,strong,100,FC-MiniL10TR gimbal electro-optico,full_inventory,1355,0,0,0,0,0,0,0,0,,22,7,0,0,0,8,8,0,P1 需要补内容,"有效正文段落偏少; H2 结构偏薄; 缺少页面类型应有证据：hasSpecs, hasProductSchema, hasInquiry; 缺少 JSON-LD Schema; 描述性内链不足",增加 3-6 个有信息量的段落，避免只靠卡片、导航和短摘要支撑页面; 增加围绕搜索意图的 H2：应用场景、工作流程、技术参数、案例证据、FAQ; 按页面类型补齐证据模块，而不是继续堆关键词; 补充 Organization / Product / Service / Article / BreadcrumbList 等匹配页面类型的 Schema,,,,.next/server/app/es/accessories/fc-mini-l10tr-smart-optical-pod.html
/es/accessories/fc-pab-propeller,es,accessory_detail,strong,85,Hélice UAV FC-PAB,full_inventory,1031,0,0,0,0,0,0,0,0,,22,7,0,0,0,8,8,0,P1 需要补内容,"有效正文段落偏少; H2 结构偏薄; 缺少页面类型应有证据：hasSpecs, hasProductSchema, hasInquiry; 缺少 JSON-LD Schema; 描述性内链不足",增加 3-6 个有信息量的段落，避免只靠卡片、导航和短摘要支撑页面; 增加围绕搜索意图的 H2：应用场景、工作流程、技术参数、案例证据、FAQ; 按页面类型补齐证据模块，而不是继续堆关键词; 补充 Organization / Product / Service / Article / BreadcrumbList 等匹配页面类型的 Schema,,,,.next/server/app/es/accessories/fc-pab-propeller.html
/es/accessories/fc-pad-propeller,es,accessory_detail,strong,85,Hélice UAV FC-PAD,full_inventory,1019,0,0,0,0,0,0,0,0,,22,7,0,0,0,8,8,0,P1 需要补内容,"有效正文段落偏少; H2 结构偏薄; 缺少页面类型应有证据：hasSpecs, hasProductSchema, hasInquiry; 缺少 JSON-LD Schema; 描述性内链不足",增加 3-6 个有信息量的段落，避免只靠卡片、导航和短摘要支撑页面; 增加围绕搜索意图的 H2：应用场景、工作流程、技术参数、案例证据、FAQ; 按页面类型补齐证据模块，而不是继续堆关键词; 补充 Organization / Product / Service / Article / BreadcrumbList 等匹配页面类型的 Schema,,,,.next/server/app/es/accessories/fc-pad-propeller.html
/es/accessories/fc-pae-propeller,es,accessory_detail,strong,85,Hélice UAV FC-PAE,full_inventory,1013,0,0,0,0,0,0,0,0,,22,7,0,0,0,8,8,0,P1 需要补内容,"有效正文段落偏少; H2 结构偏薄; 缺少页面类型应有证据：hasSpecs, hasProductSchema, hasInquiry; 缺少 JSON-LD Schema; 描述性内链不足",增加 3-6 个有信息量的段落，避免只靠卡片、导航和短摘要支撑页面; 增加围绕搜索意图的 H2：应用场景、工作流程、技术参数、案例证据、FAQ; 按页面类型补齐证据模块，而不是继续堆关键词; 补充 Organization / Product / Service / Article / BreadcrumbList 等匹配页面类型的 Schema,,,,.next/server/app/es/accessories/fc-pae-propeller.html
/es/accessories/fc-pbf-propeller,es,accessory_detail,strong,85,Hélice UAV FC-PBF,full_inventory,957,0,0,0,0,0,0,0,0,,22,7,0,0,0,8,8,0,P1 需要补内容,"有效正文段落偏少; H2 结构偏薄; 缺少页面类型应有证据：hasSpecs, hasProductSchema, hasInquiry; 缺少 JSON-LD Schema; 描述性内链不足",增加 3-6 个有信息量的段落，避免只靠卡片、导航和短摘要支撑页面; 增加围绕搜索意图的 H2：应用场景、工作流程、技术参数、案例证据、FAQ; 按页面类型补齐证据模块，而不是继续堆关键词; 补充 Organization / Product / Service / Article / BreadcrumbList 等匹配页面类型的 Schema,,,,.next/server/app/es/accessories/fc-pbf-propeller.html
/es/accessories/fc-rm10x,es,accessory_detail,strong,100,Motor UAV FC-RM10X,full_inventory,1569,0,0,0,0,0,0,0,0,,22,7,0,0,0,8,8,0,P1 需要补内容,"有效正文段落偏少; H2 结构偏薄; 缺少页面类型应有证据：hasSpecs, hasProductSchema, hasInquiry; 缺少 JSON-LD Schema; 描述性内链不足",增加 3-6 个有信息量的段落，避免只靠卡片、导航和短摘要支撑页面; 增加围绕搜索意图的 H2：应用场景、工作流程、技术参数、案例证据、FAQ; 按页面类型补齐证据模块，而不是继续堆关键词; 补充 Organization / Product / Service / Article / BreadcrumbList 等匹配页面类型的 Schema,,,,.next/server/app/es/accessories/fc-rm10x.html
/es/accessories/fc-rm30,es,accessory_detail,strong,100,Motor UAV FC-RM30,full_inventory,5019,0,0,0,0,0,0,0,0,,22,7,0,0,0,8,8,0,P1 需要补内容,"有效正文段落偏少; H2 结构偏薄; 缺少页面类型应有证据：hasSpecs, hasProductSchema, hasInquiry; 缺少 JSON-LD Schema; 描述性内链不足",增加 3-6 个有信息量的段落，避免只靠卡片、导航和短摘要支撑页面; 增加围绕搜索意图的 H2：应用场景、工作流程、技术参数、案例证据、FAQ; 按页面类型补齐证据模块，而不是继续堆关键词; 补充 Organization / Product / Service / Article / BreadcrumbList 等匹配页面类型的 Schema,,,,.next/server/app/es/accessories/fc-rm30.html
/es/accessories/fc-sjl-100,es,accessory_detail,strong,85,FC-SJL-100 enlace de datos UAV,full_inventory,1179,0,0,0,0,0,0,0,0,,22,7,0,0,0,8,8,0,P1 需要补内容,"有效正文段落偏少; H2 结构偏薄; 缺少页面类型应有证据：hasSpecs, hasProductSchema, hasInquiry; 缺少 JSON-LD Schema; 描述性内链不足",增加 3-6 个有信息量的段落，避免只靠卡片、导航和短摘要支撑页面; 增加围绕搜索意图的 H2：应用场景、工作流程、技术参数、案例证据、FAQ; 按页面类型补齐证据模块，而不是继续堆关键词; 补充 Organization / Product / Service / Article / BreadcrumbList 等匹配页面类型的 Schema,,,,.next/server/app/es/accessories/fc-sjl-100.html
/es/accessories/fc-sjl-200,es,accessory_detail,strong,85,FC-SJL-200 enlace de datos UAV,full_inventory,1189,0,0,0,0,0,0,0,0,,22,7,0,0,0,8,8,0,P1 需要补内容,"有效正文段落偏少; H2 结构偏薄; 缺少页面类型应有证据：hasSpecs, hasProductSchema, hasInquiry; 缺少 JSON-LD Schema; 描述性内链不足",增加 3-6 个有信息量的段落，避免只靠卡片、导航和短摘要支撑页面; 增加围绕搜索意图的 H2：应用场景、工作流程、技术参数、案例证据、FAQ; 按页面类型补齐证据模块，而不是继续堆关键词; 补充 Organization / Product / Service / Article / BreadcrumbList 等匹配页面类型的 Schema,,,,.next/server/app/es/accessories/fc-sjl-200.html
/es/accessories/fc-sjl-30,es,accessory_detail,strong,85,FC-SJL-30 enlace de datos UAV,full_inventory,1253,0,0,0,0,0,0,0,0,,22,7,0,0,0,8,8,0,P1 需要补内容,"有效正文段落偏少; H2 结构偏薄; 缺少页面类型应有证据：hasSpecs, hasProductSchema, hasInquiry; 缺少 JSON-LD Schema; 描述性内链不足",增加 3-6 个有信息量的段落，避免只靠卡片、导航和短摘要支撑页面; 增加围绕搜索意图的 H2：应用场景、工作流程、技术参数、案例证据、FAQ; 按页面类型补齐证据模块，而不是继续堆关键词; 补充 Organization / Product / Service / Article / BreadcrumbList 等匹配页面类型的 Schema,,,,.next/server/app/es/accessories/fc-sjl-30.html
/es/accessories/fc-sjl-380,es,accessory_detail,strong,85,FC-SJL-380 enlace de datos UAV,full_inventory,1187,0,0,0,0,0,0,0,0,,22,7,0,0,0,8,8,0,P1 需要补内容,"有效正文段落偏少; H2 结构偏薄; 缺少页面类型应有证据：hasSpecs, hasProductSchema, hasInquiry; 缺少 JSON-LD Schema; 描述性内链不足",增加 3-6 个有信息量的段落，避免只靠卡片、导航和短摘要支撑页面; 增加围绕搜索意图的 H2：应用场景、工作流程、技术参数、案例证据、FAQ; 按页面类型补齐证据模块，而不是继续堆关键词; 补充 Organization / Product / Service / Article / BreadcrumbList 等匹配页面类型的 Schema,,,,.next/server/app/es/accessories/fc-sjl-380.html
/es/accessories/fc-sjl-50,es,accessory_detail,strong,85,FC-SJL-50 enlace de datos UAV,full_inventory,1221,0,0,0,0,0,0,0,0,,22,7,0,0,0,8,8,0,P1 需要补内容,"有效正文段落偏少; H2 结构偏薄; 缺少页面类型应有证据：hasSpecs, hasProductSchema, hasInquiry; 缺少 JSON-LD Schema; 描述性内链不足",增加 3-6 个有信息量的段落，避免只靠卡片、导航和短摘要支撑页面; 增加围绕搜索意图的 H2：应用场景、工作流程、技术参数、案例证据、FAQ; 按页面类型补齐证据模块，而不是继续堆关键词; 补充 Organization / Product / Service / Article / BreadcrumbList 等匹配页面类型的 Schema,,,,.next/server/app/es/accessories/fc-sjl-50.html
/es/accessories/fc-u10-pro,es,accessory_detail,strong,85,Controlador de vuelo FC-U10-PRO,full_inventory,842,0,0,0,0,0,0,0,0,,22,7,0,0,0,8,8,0,P1 需要补内容,"有效正文段落偏少; H2 结构偏薄; 缺少页面类型应有证据：hasSpecs, hasProductSchema, hasInquiry; 缺少 JSON-LD Schema; 描述性内链不足",增加 3-6 个有信息量的段落，避免只靠卡片、导航和短摘要支撑页面; 增加围绕搜索意图的 H2：应用场景、工作流程、技术参数、案例证据、FAQ; 按页面类型补齐证据模块，而不是继续堆关键词; 补充 Organization / Product / Service / Article / BreadcrumbList 等匹配页面类型的 Schema,,,,.next/server/app/es/accessories/fc-u10-pro.html
/es/accessories/fc-u110,es,accessory_detail,strong,100,Motor UAV FC-U110,full_inventory,4723,0,0,0,0,0,0,0,0,,22,7,0,0,0,8,8,0,P1 需要补内容,"有效正文段落偏少; H2 结构偏薄; 缺少页面类型应有证据：hasSpecs, hasProductSchema, hasInquiry; 缺少 JSON-LD Schema; 描述性内链不足",增加 3-6 个有信息量的段落，避免只靠卡片、导航和短摘要支撑页面; 增加围绕搜索意图的 H2：应用场景、工作流程、技术参数、案例证据、FAQ; 按页面类型补齐证据模块，而不是继续堆关键词; 补充 Organization / Product / Service / Article / BreadcrumbList 等匹配页面类型的 Schema,,,,.next/server/app/es/accessories/fc-u110.html
/es/accessories/fc-u12,es,accessory_detail,strong,85,Controlador de vuelo FC-U12,full_inventory,798,0,0,0,0,0,0,0,0,,22,7,0,0,0,8,8,0,P1 需要补内容,"有效正文段落偏少; H2 结构偏薄; 缺少页面类型应有证据：hasSpecs, hasProductSchema, hasInquiry; 缺少 JSON-LD Schema; 描述性内链不足",增加 3-6 个有信息量的段落，避免只靠卡片、导航和短摘要支撑页面; 增加围绕搜索意图的 H2：应用场景、工作流程、技术参数、案例证据、FAQ; 按页面类型补齐证据模块，而不是继续堆关键词; 补充 Organization / Product / Service / Article / BreadcrumbList 等匹配页面类型的 Schema,,,,.next/server/app/es/accessories/fc-u12.html
/es/accessories/fc-u8013,es,accessory_detail,strong,100,Motor UAV FC-U8013,full_inventory,1262,0,0,0,0,0,0,0,0,,22,7,0,0,0,8,8,0,P1 需要补内容,"有效正文段落偏少; H2 结构偏薄; 缺少页面类型应有证据：hasSpecs, hasProductSchema, hasInquiry; 缺少 JSON-LD Schema; 描述性内链不足",增加 3-6 个有信息量的段落，避免只靠卡片、导航和短摘要支撑页面; 增加围绕搜索意图的 H2：应用场景、工作流程、技术参数、案例证据、FAQ; 按页面类型补齐证据模块，而不是继续堆关键词; 补充 Organization / Product / Service / Article / BreadcrumbList 等匹配页面类型的 Schema,,,,.next/server/app/es/accessories/fc-u8013.html
/es/accessories/fc-u9-ag,es,accessory_detail,strong,85,Controlador de vuelo agrícola FC-U9-AG,full_inventory,899,0,0,0,0,0,0,0,0,,22,7,0,0,0,8,8,0,P1 需要补内容,"有效正文段落偏少; H2 结构偏薄; 缺少页面类型应有证据：hasSpecs, hasProductSchema, hasInquiry; 缺少 JSON-LD Schema; 描述性内链不足",增加 3-6 个有信息量的段落，避免只靠卡片、导航和短摘要支撑页面; 增加围绕搜索意图的 H2：应用场景、工作流程、技术参数、案例证据、FAQ; 按页面类型补齐证据模块，而不是继续堆关键词; 补充 Organization / Product / Service / Article / BreadcrumbList 等匹配页面类型的 Schema,,,,.next/server/app/es/accessories/fc-u9-ag.html
/es/accessories/fc-w2u-propeller,es,accessory_detail,strong,85,Hélice UAV FC-W2U,full_inventory,889,0,0,0,0,0,0,0,0,,22,7,0,0,0,8,8,0,P1 需要补内容,"有效正文段落偏少; H2 结构偏薄; 缺少页面类型应有证据：hasSpecs, hasProductSchema, hasInquiry; 缺少 JSON-LD Schema; 描述性内链不足",增加 3-6 个有信息量的段落，避免只靠卡片、导航和短摘要支撑页面; 增加围绕搜索意图的 H2：应用场景、工作流程、技术参数、案例证据、FAQ; 按页面类型补齐证据模块，而不是继续堆关键词; 补充 Organization / Product / Service / Article / BreadcrumbList 等匹配页面类型的 Schema,,,,.next/server/app/es/accessories/fc-w2u-propeller.html
/es/accessories/fc-x8030,es,accessory_detail,strong,100,Motor UAV FC-X8030,full_inventory,3865,0,0,0,0,0,0,0,0,,22,7,0,0,0,8,8,0,P1 需要补内容,"有效正文段落偏少; H2 结构偏薄; 缺少页面类型应有证据：hasSpecs, hasProductSchema, hasInquiry; 缺少 JSON-LD Schema; 描述性内链不足",增加 3-6 个有信息量的段落，避免只靠卡片、导航和短摘要支撑页面; 增加围绕搜索意图的 H2：应用场景、工作流程、技术参数、案例证据、FAQ; 按页面类型补齐证据模块，而不是继续堆关键词; 补充 Organization / Product / Service / Article / BreadcrumbList 等匹配页面类型的 Schema,,,,.next/server/app/es/accessories/fc-x8030.html
/es/accessories/fc-xh14,es,accessory_detail,strong,100,Motor UAV FC-XH14,full_inventory,1965,0,0,0,0,0,0,0,0,,22,7,0,0,0,8,8,0,P1 需要补内容,"有效正文段落偏少; H2 结构偏薄; 缺少页面类型应有证据：hasSpecs, hasProductSchema, hasInquiry; 缺少 JSON-LD Schema; 描述性内链不足",增加 3-6 个有信息量的段落，避免只靠卡片、导航和短摘要支撑页面; 增加围绕搜索意图的 H2：应用场景、工作流程、技术参数、案例证据、FAQ; 按页面类型补齐证据模块，而不是继续堆关键词; 补充 Organization / Product / Service / Article / BreadcrumbList 等匹配页面类型的 Schema,,,,.next/server/app/es/accessories/fc-xh14.html
/es/accessories/fc-yk15-remote-controller,es,accessory_detail,strong,85,Control remoto para UAV FC-YK15,full_inventory,1117,0,0,0,0,0,0,0,0,,22,7,0,0,0,8,8,0,P1 需要补内容,"有效正文段落偏少; H2 结构偏薄; 缺少页面类型应有证据：hasSpecs, hasProductSchema, hasInquiry; 缺少 JSON-LD Schema; 描述性内链不足",增加 3-6 个有信息量的段落，避免只靠卡片、导航和短摘要支撑页面; 增加围绕搜索意图的 H2：应用场景、工作流程、技术参数、案例证据、FAQ; 按页面类型补齐证据模块，而不是继续堆关键词; 补充 Organization / Product / Service / Article / BreadcrumbList 等匹配页面类型的 Schema,,,,.next/server/app/es/accessories/fc-yk15-remote-controller.html
/es/accessories/fc-yk24-remote-controller,es,accessory_detail,strong,85,Control remoto para UAV FC-YK24,full_inventory,1375,0,0,0,0,0,0,0,0,,22,7,0,0,0,8,8,0,P1 需要补内容,"有效正文段落偏少; H2 结构偏薄; 缺少页面类型应有证据：hasSpecs, hasProductSchema, hasInquiry; 缺少 JSON-LD Schema; 描述性内链不足",增加 3-6 个有信息量的段落，避免只靠卡片、导航和短摘要支撑页面; 增加围绕搜索意图的 H2：应用场景、工作流程、技术参数、案例证据、FAQ; 按页面类型补齐证据模块，而不是继续堆关键词; 补充 Organization / Product / Service / Article / BreadcrumbList 等匹配页面类型的 Schema,,,,.next/server/app/es/accessories/fc-yk24-remote-controller.html
/es/accessories/fc-yk32-remote-controller,es,accessory_detail,strong,85,Control remoto para UAV FC-YK32,full_inventory,1129,0,0,0,0,0,0,0,0,,22,7,0,0,0,8,8,0,P1 需要补内容,"有效正文段落偏少; H2 结构偏薄; 缺少页面类型应有证据：hasSpecs, hasProductSchema, hasInquiry; 缺少 JSON-LD Schema; 描述性内链不足",增加 3-6 个有信息量的段落，避免只靠卡片、导航和短摘要支撑页面; 增加围绕搜索意图的 H2：应用场景、工作流程、技术参数、案例证据、FAQ; 按页面类型补齐证据模块，而不是继续堆关键词; 补充 Organization / Product / Service / Article / BreadcrumbList 等匹配页面类型的 Schema,,,,.next/server/app/es/accessories/fc-yk32-remote-controller.html
/es/accessories/fc-ykrc7-remote-controller,es,accessory_detail,strong,85,Control remoto para UAV FC-YKRC7,full_inventory,1615,0,0,0,0,0,0,0,0,,22,7,0,0,0,8,8,0,P1 需要补内容,"有效正文段落偏少; H2 结构偏薄; 缺少页面类型应有证据：hasSpecs, hasProductSchema, hasInquiry; 缺少 JSON-LD Schema; 描述性内链不足",增加 3-6 个有信息量的段落，避免只靠卡片、导航和短摘要支撑页面; 增加围绕搜索意图的 H2：应用场景、工作流程、技术参数、案例证据、FAQ; 按页面类型补齐证据模块，而不是继续堆关键词; 补充 Organization / Product / Service / Article / BreadcrumbList 等匹配页面类型的 Schema,,,,.next/server/app/es/accessories/fc-ykrc7-remote-controller.html
/es/products/low-altitude-airspace-monitoring,es,product_detail,weak,0,,full_inventory,0,0,0,0,0,0,0,0,0,,0,0,0,0,0,8,8,0,P1 需要补内容,"内容深度不足：正文约 0 词，建议 400+; 有效正文段落偏少; H2 结构偏薄; 缺少页面类型应有证据：hasSpecs, hasProductSchema, hasInquiry; 缺少 JSON-LD Schema; 描述性内链不足; 缺少 FAQ / 采购问题解答模块",补充搜索意图段落：适用场景、采购/部署关注点、限制条件和下一步行动; 增加 3-6 个有信息量的段落，避免只靠卡片、导航和短摘要支撑页面; 增加围绕搜索意图的 H2：应用场景、工作流程、技术参数、案例证据、FAQ; 按页面类型补齐证据模块，而不是继续堆关键词,,,,.next/server/app/es/products/low-altitude-airspace-monitoring.html
/ru/accessories/fc-bt1,ru,accessory_detail,strong,85,Твердотельная батарея для БПЛА FC-BT1,full_inventory,3358,0,0,0,0,0,0,0,0,,22,7,0,0,0,8,8,0,P1 需要补内容,"有效正文段落偏少; H2 结构偏薄; 缺少页面类型应有证据：hasSpecs, hasProductSchema, hasInquiry; 缺少 JSON-LD Schema; 描述性内链不足",增加 3-6 个有信息量的段落，避免只靠卡片、导航和短摘要支撑页面; 增加围绕搜索意图的 H2：应用场景、工作流程、技术参数、案例证据、FAQ; 按页面类型补齐证据模块，而不是继续堆关键词; 补充 Organization / Product / Service / Article / BreadcrumbList 等匹配页面类型的 Schema,,,,.next/server/app/ru/accessories/fc-bt1.html
/ru/accessories/fc-bt2,ru,accessory_detail,strong,85,Твердотельная батарея для БПЛА FC-BT2,full_inventory,2852,0,0,0,0,0,0,0,0,,22,7,0,0,0,8,8,0,P1 需要补内容,"有效正文段落偏少; H2 结构偏薄; 缺少页面类型应有证据：hasSpecs, hasProductSchema, hasInquiry; 缺少 JSON-LD Schema; 描述性内链不足",增加 3-6 个有信息量的段落，避免只靠卡片、导航和短摘要支撑页面; 增加围绕搜索意图的 H2：应用场景、工作流程、技术参数、案例证据、FAQ; 按页面类型补齐证据模块，而不是继续堆关键词; 补充 Organization / Product / Service / Article / BreadcrumbList 等匹配页面类型的 Schema,,,,.next/server/app/ru/accessories/fc-bt2.html
/ru/accessories/fc-bt3,ru,accessory_detail,strong,85,Высоковольтная твердотельная батарея для БПЛА FC-BT3,full_inventory,2965,0,0,0,0,0,0,0,0,,22,7,0,0,0,8,8,0,P1 需要补内容,"有效正文段落偏少; H2 结构偏薄; 缺少页面类型应有证据：hasSpecs, hasProductSchema, hasInquiry; 缺少 JSON-LD Schema; 描述性内链不足",增加 3-6 个有信息量的段落，避免只靠卡片、导航和短摘要支撑页面; 增加围绕搜索意图的 H2：应用场景、工作流程、技术参数、案例证据、FAQ; 按页面类型补齐证据模块，而不是继续堆关键词; 补充 Organization / Product / Service / Article / BreadcrumbList 等匹配页面类型的 Schema,,,,.next/server/app/ru/accessories/fc-bt3.html
/ru/accessories/fc-bt4,ru,accessory_detail,strong,85,Высокоэнергетическая твердотельная батарея для БПЛА FC-BT4,full_inventory,4833,0,0,0,0,0,0,0,0,,22,7,0,0,0,8,8,0,P1 需要补内容,"有效正文段落偏少; H2 结构偏薄; 缺少页面类型应有证据：hasSpecs, hasProductSchema, hasInquiry; 缺少 JSON-LD Schema; 描述性内链不足",增加 3-6 个有信息量的段落，避免只靠卡片、导航和短摘要支撑页面; 增加围绕搜索意图的 H2：应用场景、工作流程、技术参数、案例证据、FAQ; 按页面类型补齐证据模块，而不是继续堆关键词; 补充 Organization / Product / Service / Article / BreadcrumbList 等匹配页面类型的 Schema,,,,.next/server/app/ru/accessories/fc-bt4.html
/ru/accessories/fc-btg,ru,accessory_detail,strong,85,Учебная твердотельная батарея для БПЛА FC-BTG,full_inventory,2093,0,0,0,0,0,0,0,0,,22,7,0,0,0,8,8,0,P1 需要补内容,"有效正文段落偏少; H2 结构偏薄; 缺少页面类型应有证据：hasSpecs, hasProductSchema, hasInquiry; 缺少 JSON-LD Schema; 描述性内链不足",增加 3-6 个有信息量的段落，避免只靠卡片、导航和短摘要支撑页面; 增加围绕搜索意图的 H2：应用场景、工作流程、技术参数、案例证据、FAQ; 按页面类型补齐证据模块，而不是继续堆关键词; 补充 Organization / Product / Service / Article / BreadcrumbList 等匹配页面类型的 Schema,,,,.next/server/app/ru/accessories/fc-btg.html
/ru/accessories/fc-c2d-propeller,ru,accessory_detail,strong,85,Пропеллер БПЛА FC-C2D,full_inventory,940,0,0,0,0,0,0,0,0,,22,7,0,0,0,8,8,0,P1 需要补内容,"有效正文段落偏少; H2 结构偏薄; 缺少页面类型应有证据：hasSpecs, hasProductSchema, hasInquiry; 缺少 JSON-LD Schema; 描述性内链不足",增加 3-6 个有信息量的段落，避免只靠卡片、导航和短摘要支撑页面; 增加围绕搜索意图的 H2：应用场景、工作流程、技术参数、案例证据、FAQ; 按页面类型补齐证据模块，而不是继续堆关键词; 补充 Organization / Product / Service / Article / BreadcrumbList 等匹配页面类型的 Schema,,,,.next/server/app/ru/accessories/fc-c2d-propeller.html
/ru/accessories/fc-c2e-propeller,ru,accessory_detail,strong,85,Пропеллер БПЛА FC-C2E,full_inventory,878,0,0,0,0,0,0,0,0,,22,7,0,0,0,8,8,0,P1 需要补内容,"有效正文段落偏少; H2 结构偏薄; 缺少页面类型应有证据：hasSpecs, hasProductSchema, hasInquiry; 缺少 JSON-LD Schema; 描述性内链不足",增加 3-6 个有信息量的段落，避免只靠卡片、导航和短摘要支撑页面; 增加围绕搜索意图的 H2：应用场景、工作流程、技术参数、案例证据、FAQ; 按页面类型补齐证据模块，而不是继续堆关键词; 补充 Organization / Product / Service / Article / BreadcrumbList 等匹配页面类型的 Schema,,,,.next/server/app/ru/accessories/fc-c2e-propeller.html
/ru/accessories/fc-c2t-propeller,ru,accessory_detail,strong,85,Пропеллер БПЛА FC-C2T,full_inventory,926,0,0,0,0,0,0,0,0,,22,7,0,0,0,8,8,0,P1 需要补内容,"有效正文段落偏少; H2 结构偏薄; 缺少页面类型应有证据：hasSpecs, hasProductSchema, hasInquiry; 缺少 JSON-LD Schema; 描述性内链不足",增加 3-6 个有信息量的段落，避免只靠卡片、导航和短摘要支撑页面; 增加围绕搜索意图的 H2：应用场景、工作流程、技术参数、案例证据、FAQ; 按页面类型补齐证据模块，而不是继续堆关键词; 补充 Organization / Product / Service / Article / BreadcrumbList 等匹配页面类型的 Schema,,,,.next/server/app/ru/accessories/fc-c2t-propeller.html
/ru/accessories/fc-c2u-propeller,ru,accessory_detail,strong,85,Пропеллер БПЛА FC-C2U,full_inventory,916,0,0,0,0,0,0,0,0,,22,7,0,0,0,8,8,0,P1 需要补内容,"有效正文段落偏少; H2 结构偏薄; 缺少页面类型应有证据：hasSpecs, hasProductSchema, hasInquiry; 缺少 JSON-LD Schema; 描述性内链不足",增加 3-6 个有信息量的段落，避免只靠卡片、导航和短摘要支撑页面; 增加围绕搜索意图的 H2：应用场景、工作流程、技术参数、案例证据、FAQ; 按页面类型补齐证据模块，而不是继续堆关键词; 补充 Organization / Product / Service / Article / BreadcrumbList 等匹配页面类型的 Schema,,,,.next/server/app/ru/accessories/fc-c2u-propeller.html
/ru/accessories/fc-c2ud-propeller,ru,accessory_detail,strong,85,Пропеллер БПЛА FC-C2UD,full_inventory,968,0,0,0,0,0,0,0,0,,22,7,0,0,0,8,8,0,P1 需要补内容,"有效正文段落偏少; H2 结构偏薄; 缺少页面类型应有证据：hasSpecs, hasProductSchema, hasInquiry; 缺少 JSON-LD Schema; 描述性内链不足",增加 3-6 个有信息量的段落，避免只靠卡片、导航和短摘要支撑页面; 增加围绕搜索意图的 H2：应用场景、工作流程、技术参数、案例证据、FAQ; 按页面类型补齐证据模块，而不是继续堆关键词; 补充 Organization / Product / Service / Article / BreadcrumbList 等匹配页面类型的 Schema,,,,.next/server/app/ru/accessories/fc-c2ud-propeller.html
/ru/accessories/fc-fdj-111,ru,accessory_detail,strong,100,Двигатель БПЛА FC-FDJ-111,full_inventory,714,0,0,0,0,0,0,0,0,,22,7,0,0,0,8,8,0,P1 需要补内容,"有效正文段落偏少; H2 结构偏薄; 缺少页面类型应有证据：hasSpecs, hasProductSchema, hasInquiry; 缺少 JSON-LD Schema; 描述性内链不足",增加 3-6 个有信息量的段落，避免只靠卡片、导航和短摘要支撑页面; 增加围绕搜索意图的 H2：应用场景、工作流程、技术参数、案例证据、FAQ; 按页面类型补齐证据模块，而不是继续堆关键词; 补充 Organization / Product / Service / Article / BreadcrumbList 等匹配页面类型的 Schema,,,,.next/server/app/ru/accessories/fc-fdj-111.html
/ru/accessories/fc-fdj-120,ru,accessory_detail,strong,100,Двигатель БПЛА FC-FDJ-120,full_inventory,694,0,0,0,0,0,0,0,0,,22,7,0,0,0,8,8,0,P1 需要补内容,"有效正文段落偏少; H2 结构偏薄; 缺少页面类型应有证据：hasSpecs, hasProductSchema, hasInquiry; 缺少 JSON-LD Schema; 描述性内链不足",增加 3-6 个有信息量的段落，避免只靠卡片、导航和短摘要支撑页面; 增加围绕搜索意图的 H2：应用场景、工作流程、技术参数、案例证据、FAQ; 按页面类型补齐证据模块，而不是继续堆关键词; 补充 Organization / Product / Service / Article / BreadcrumbList 等匹配页面类型的 Schema,,,,.next/server/app/ru/accessories/fc-fdj-120.html
/ru/accessories/fc-fdj-120hd,ru,accessory_detail,strong,100,Двигатель БПЛА FC-FDJ-120HD,full_inventory,658,0,0,0,0,0,0,0,0,,22,7,0,0,0,8,8,0,P1 需要补内容,"有效正文段落偏少; H2 结构偏薄; 缺少页面类型应有证据：hasSpecs, hasProductSchema, hasInquiry; 缺少 JSON-LD Schema; 描述性内链不足",增加 3-6 个有信息量的段落，避免只靠卡片、导航和短摘要支撑页面; 增加围绕搜索意图的 H2：应用场景、工作流程、技术参数、案例证据、FAQ; 按页面类型补齐证据模块，而不是继续堆关键词; 补充 Organization / Product / Service / Article / BreadcrumbList 等匹配页面类型的 Schema,,,,.next/server/app/ru/accessories/fc-fdj-120hd.html
/ru/accessories/fc-fdj-170,ru,accessory_detail,strong,100,Двигатель БПЛА FC-FDJ-170,full_inventory,684,0,0,0,0,0,0,0,0,,22,7,0,0,0,8,8,0,P1 需要补内容,"有效正文段落偏少; H2 结构偏薄; 缺少页面类型应有证据：hasSpecs, hasProductSchema, hasInquiry; 缺少 JSON-LD Schema; 描述性内链不足",增加 3-6 个有信息量的段落，避免只靠卡片、导航和短摘要支撑页面; 增加围绕搜索意图的 H2：应用场景、工作流程、技术参数、案例证据、FAQ; 按页面类型补齐证据模块，而不是继续堆关键词; 补充 Organization / Product / Service / Article / BreadcrumbList 等匹配页面类型的 Schema,,,,.next/server/app/ru/accessories/fc-fdj-170.html
/ru/accessories/fc-fdj-200,ru,accessory_detail,strong,100,Двигатель БПЛА FC-FDJ-200,full_inventory,670,0,0,0,0,0,0,0,0,,22,7,0,0,0,8,8,0,P1 需要补内容,"有效正文段落偏少; H2 结构偏薄; 缺少页面类型应有证据：hasSpecs, hasProductSchema, hasInquiry; 缺少 JSON-LD Schema; 描述性内链不足",增加 3-6 个有信息量的段落，避免只靠卡片、导航和短摘要支撑页面; 增加围绕搜索意图的 H2：应用场景、工作流程、技术参数、案例证据、FAQ; 按页面类型补齐证据模块，而不是继续堆关键词; 补充 Organization / Product / Service / Article / BreadcrumbList 等匹配页面类型的 Schema,,,,.next/server/app/ru/accessories/fc-fdj-200.html
/ru/accessories/fc-fdj-222,ru,accessory_detail,strong,100,Двигатель БПЛА FC-FDJ-222,full_inventory,694,0,0,0,0,0,0,0,0,,22,7,0,0,0,8,8,0,P1 需要补内容,"有效正文段落偏少; H2 结构偏薄; 缺少页面类型应有证据：hasSpecs, hasProductSchema, hasInquiry; 缺少 JSON-LD Schema; 描述性内链不足",增加 3-6 个有信息量的段落，避免只靠卡片、导航和短摘要支撑页面; 增加围绕搜索意图的 H2：应用场景、工作流程、技术参数、案例证据、FAQ; 按页面类型补齐证据模块，而不是继续堆关键词; 补充 Organization / Product / Service / Article / BreadcrumbList 等匹配页面类型的 Schema,,,,.next/server/app/ru/accessories/fc-fdj-222.html
/ru/accessories/fc-fdj-430,ru,accessory_detail,strong,100,Двигатель БПЛА FC-FDJ-430,full_inventory,846,0,0,0,0,0,0,0,0,,22,7,0,0,0,8,8,0,P1 需要补内容,"有效正文段落偏少; H2 结构偏薄; 缺少页面类型应有证据：hasSpecs, hasProductSchema, hasInquiry; 缺少 JSON-LD Schema; 描述性内链不足",增加 3-6 个有信息量的段落，避免只靠卡片、导航和短摘要支撑页面; 增加围绕搜索意图的 H2：应用场景、工作流程、技术参数、案例证据、FAQ; 按页面类型补齐证据模块，而不是继续堆关键词; 补充 Organization / Product / Service / Article / BreadcrumbList 等匹配页面类型的 Schema,,,,.next/server/app/ru/accessories/fc-fdj-430.html
/ru/accessories/fc-fdj-55,ru,accessory_detail,strong,100,Двигатель БПЛА FC-FDJ-55,full_inventory,718,0,0,0,0,0,0,0,0,,22,7,0,0,0,8,8,0,P1 需要补内容,"有效正文段落偏少; H2 结构偏薄; 缺少页面类型应有证据：hasSpecs, hasProductSchema, hasInquiry; 缺少 JSON-LD Schema; 描述性内链不足",增加 3-6 个有信息量的段落，避免只靠卡片、导航和短摘要支撑页面; 增加围绕搜索意图的 H2：应用场景、工作流程、技术参数、案例证据、FAQ; 按页面类型补齐证据模块，而不是继续堆关键词; 补充 Organization / Product / Service / Article / BreadcrumbList 等匹配页面类型的 Schema,,,,.next/server/app/ru/accessories/fc-fdj-55.html
/ru/accessories/fc-fdj-60,ru,accessory_detail,strong,100,Двигатель БПЛА FC-FDJ-60,full_inventory,694,0,0,0,0,0,0,0,0,,22,7,0,0,0,8,8,0,P1 需要补内容,"有效正文段落偏少; H2 结构偏薄; 缺少页面类型应有证据：hasSpecs, hasProductSchema, hasInquiry; 缺少 JSON-LD Schema; 描述性内链不足",增加 3-6 个有信息量的段落，避免只靠卡片、导航和短摘要支撑页面; 增加围绕搜索意图的 H2：应用场景、工作流程、技术参数、案例证据、FAQ; 按页面类型补齐证据模块，而不是继续堆关键词; 补充 Organization / Product / Service / Article / BreadcrumbList 等匹配页面类型的 Schema,,,,.next/server/app/ru/accessories/fc-fdj-60.html
/ru/accessories/fc-fdj-61,ru,accessory_detail,strong,100,Двигатель БПЛА FC-FDJ-61,full_inventory,692,0,0,0,0,0,0,0,0,,22,7,0,0,0,8,8,0,P1 需要补内容,"有效正文段落偏少; H2 结构偏薄; 缺少页面类型应有证据：hasSpecs, hasProductSchema, hasInquiry; 缺少 JSON-LD Schema; 描述性内链不足",增加 3-6 个有信息量的段落，避免只靠卡片、导航和短摘要支撑页面; 增加围绕搜索意图的 H2：应用场景、工作流程、技术参数、案例证据、FAQ; 按页面类型补齐证据模块，而不是继续堆关键词; 补充 Organization / Product / Service / Article / BreadcrumbList 等匹配页面类型的 Schema,,,,.next/server/app/ru/accessories/fc-fdj-61.html
/ru/accessories/fc-fdj-70hd,ru,accessory_detail,strong,100,Двигатель БПЛА FC-FDJ-70HD,full_inventory,660,0,0,0,0,0,0,0,0,,22,7,0,0,0,8,8,0,P1 需要补内容,"有效正文段落偏少; H2 结构偏薄; 缺少页面类型应有证据：hasSpecs, hasProductSchema, hasInquiry; 缺少 JSON-LD Schema; 描述性内链不足",增加 3-6 个有信息量的段落，避免只靠卡片、导航和短摘要支撑页面; 增加围绕搜索意图的 H2：应用场景、工作流程、技术参数、案例证据、FAQ; 按页面类型补齐证据模块，而不是继续堆关键词; 补充 Organization / Product / Service / Article / BreadcrumbList 等匹配页面类型的 Schema,,,,.next/server/app/ru/accessories/fc-fdj-70hd.html
/ru/accessories/fc-fdj-85,ru,accessory_detail,strong,100,Двигатель БПЛА FC-FDJ-85,full_inventory,692,0,0,0,0,0,0,0,0,,22,7,0,0,0,8,8,0,P1 需要补内容,"有效正文段落偏少; H2 结构偏薄; 缺少页面类型应有证据：hasSpecs, hasProductSchema, hasInquiry; 缺少 JSON-LD Schema; 描述性内链不足",增加 3-6 个有信息量的段落，避免只靠卡片、导航和短摘要支撑页面; 增加围绕搜索意图的 H2：应用场景、工作流程、技术参数、案例证据、FAQ; 按页面类型补齐证据模块，而不是继续堆关键词; 补充 Organization / Product / Service / Article / BreadcrumbList 等匹配页面类型的 Schema,,,,.next/server/app/ru/accessories/fc-fdj-85.html
/ru/accessories/fc-l10tr-three-light-gimbal,ru,accessory_detail,strong,100,FC-L10TR электрооптический подвес,full_inventory,1180,0,0,0,0,0,0,0,0,,22,7,0,0,0,8,8,0,P1 需要补内容,"有效正文段落偏少; H2 结构偏薄; 缺少页面类型应有证据：hasSpecs, hasProductSchema, hasInquiry; 缺少 JSON-LD Schema; 描述性内链不足",增加 3-6 个有信息量的段落，避免只靠卡片、导航和短摘要支撑页面; 增加围绕搜索意图的 H2：应用场景、工作流程、技术参数、案例证据、FAQ; 按页面类型补齐证据模块，而不是继续堆关键词; 补充 Organization / Product / Service / Article / BreadcrumbList 等匹配页面类型的 Schema,,,,.next/server/app/ru/accessories/fc-l10tr-three-light-gimbal.html
/ru/accessories/fc-l40-smart-optical-pod,ru,accessory_detail,strong,100,FC-L40 электрооптический подвес,full_inventory,1032,0,0,0,0,0,0,0,0,,22,7,0,0,0,8,8,0,P1 需要补内容,"有效正文段落偏少; H2 结构偏薄; 缺少页面类型应有证据：hasSpecs, hasProductSchema, hasInquiry; 缺少 JSON-LD Schema; 描述性内链不足",增加 3-6 个有信息量的段落，避免只靠卡片、导航和短摘要支撑页面; 增加围绕搜索意图的 H2：应用场景、工作流程、技术参数、案例证据、FAQ; 按页面类型补齐证据模块，而不是继续堆关键词; 补充 Organization / Product / Service / Article / BreadcrumbList 等匹配页面类型的 Schema,,,,.next/server/app/ru/accessories/fc-l40-smart-optical-pod.html
/ru/accessories/fc-l40t-dual-light-gimbal,ru,accessory_detail,strong,100,FC-L40T электрооптический подвес,full_inventory,1126,0,0,0,0,0,0,0,0,,22,7,0,0,0,8,8,0,P1 需要补内容,"有效正文段落偏少; H2 结构偏薄; 缺少页面类型应有证据：hasSpecs, hasProductSchema, hasInquiry; 缺少 JSON-LD Schema; 描述性内链不足",增加 3-6 个有信息量的段落，避免只靠卡片、导航和短摘要支撑页面; 增加围绕搜索意图的 H2：应用场景、工作流程、技术参数、案例证据、FAQ; 按页面类型补齐证据模块，而不是继续堆关键词; 补充 Organization / Product / Service / Article / BreadcrumbList 等匹配页面类型的 Schema,,,,.next/server/app/ru/accessories/fc-l40t-dual-light-gimbal.html
/ru/accessories/fc-l40tr-smart-optical-pod,ru,accessory_detail,strong,100,FC-L40TR электрооптический подвес,full_inventory,1168,0,0,0,0,0,0,0,0,,22,7,0,0,0,8,8,0,P1 需要补内容,"有效正文段落偏少; H2 结构偏薄; 缺少页面类型应有证据：hasSpecs, hasProductSchema, hasInquiry; 缺少 JSON-LD Schema; 描述性内链不足",增加 3-6 个有信息量的段落，避免只靠卡片、导航和短摘要支撑页面; 增加围绕搜索意图的 H2：应用场景、工作流程、技术参数、案例证据、FAQ; 按页面类型补齐证据模块，而不是继续堆关键词; 补充 Organization / Product / Service / Article / BreadcrumbList 等匹配页面类型的 Schema,,,,.next/server/app/ru/accessories/fc-l40tr-smart-optical-pod.html
/ru/accessories/fc-l50-smart-optical-pod,ru,accessory_detail,strong,100,FC-L50 электрооптический подвес,full_inventory,1020,0,0,0,0,0,0,0,0,,22,7,0,0,0,8,8,0,P1 需要补内容,"有效正文段落偏少; H2 结构偏薄; 缺少页面类型应有证据：hasSpecs, hasProductSchema, hasInquiry; 缺少 JSON-LD Schema; 描述性内链不足",增加 3-6 个有信息量的段落，避免只靠卡片、导航和短摘要支撑页面; 增加围绕搜索意图的 H2：应用场景、工作流程、技术参数、案例证据、FAQ; 按页面类型补齐证据模块，而不是继续堆关键词; 补充 Organization / Product / Service / Article / BreadcrumbList 等匹配页面类型的 Schema,,,,.next/server/app/ru/accessories/fc-l50-smart-optical-pod.html
/ru/accessories/fc-ln100-dual-light-gimbal,ru,accessory_detail,strong,100,FC-LN100 электрооптический подвес,full_inventory,1118,0,0,0,0,0,0,0,0,,22,7,0,0,0,8,8,0,P1 需要补内容,"有效正文段落偏少; H2 结构偏薄; 缺少页面类型应有证据：hasSpecs, hasProductSchema, hasInquiry; 缺少 JSON-LD Schema; 描述性内链不足",增加 3-6 个有信息量的段落，避免只靠卡片、导航和短摘要支撑页面; 增加围绕搜索意图的 H2：应用场景、工作流程、技术参数、案例证据、FAQ; 按页面类型补齐证据模块，而不是继续堆关键词; 补充 Organization / Product / Service / Article / BreadcrumbList 等匹配页面类型的 Schema,,,,.next/server/app/ru/accessories/fc-ln100-dual-light-gimbal.html
/ru/accessories/fc-ln95-dual-light-gimbal,ru,accessory_detail,strong,100,FC-LN95 электрооптический подвес,full_inventory,1194,0,0,0,0,0,0,0,0,,22,7,0,0,0,8,8,0,P1 需要补内容,"有效正文段落偏少; H2 结构偏薄; 缺少页面类型应有证据：hasSpecs, hasProductSchema, hasInquiry; 缺少 JSON-LD Schema; 描述性内链不足",增加 3-6 个有信息量的段落，避免只靠卡片、导航和短摘要支撑页面; 增加围绕搜索意图的 H2：应用场景、工作流程、技术参数、案例证据、FAQ; 按页面类型补齐证据模块，而不是继续堆关键词; 补充 Organization / Product / Service / Article / BreadcrumbList 等匹配页面类型的 Schema,,,,.next/server/app/ru/accessories/fc-ln95-dual-light-gimbal.html
/ru/accessories/fc-max-5330,ru,accessory_detail,strong,100,Двигатель БПЛА FC-MAX 5330,full_inventory,4107,0,0,0,0,0,0,0,0,,22,7,0,0,0,8,8,0,P1 需要补内容,"有效正文段落偏少; H2 结构偏薄; 缺少页面类型应有证据：hasSpecs, hasProductSchema, hasInquiry; 缺少 JSON-LD Schema; 描述性内链不足",增加 3-6 个有信息量的段落，避免只靠卡片、导航和短摘要支撑页面; 增加围绕搜索意图的 H2：应用场景、工作流程、技术参数、案例证据、FAQ; 按页面类型补齐证据模块，而不是继续堆关键词; 补充 Organization / Product / Service / Article / BreadcrumbList 等匹配页面类型的 Schema,,,,.next/server/app/ru/accessories/fc-max-5330.html
/ru/accessories/fc-mesh-100,ru,accessory_detail,strong,85,FC-Mesh-100 канал передачи данных БПЛА,full_inventory,1100,0,0,0,0,0,0,0,0,,22,7,0,0,0,8,8,0,P1 需要补内容,"有效正文段落偏少; H2 结构偏薄; 缺少页面类型应有证据：hasSpecs, hasProductSchema, hasInquiry; 缺少 JSON-LD Schema; 描述性内链不足",增加 3-6 个有信息量的段落，避免只靠卡片、导航和短摘要支撑页面; 增加围绕搜索意图的 H2：应用场景、工作流程、技术参数、案例证据、FAQ; 按页面类型补齐证据模块，而不是继续堆关键词; 补充 Organization / Product / Service / Article / BreadcrumbList 等匹配页面类型的 Schema,,,,.next/server/app/ru/accessories/fc-mesh-100.html
/ru/accessories/fc-mini-l10tr-smart-optical-pod,ru,accessory_detail,strong,100,FC-MiniL10TR электрооптический подвес,full_inventory,1192,0,0,0,0,0,0,0,0,,22,7,0,0,0,8,8,0,P1 需要补内容,"有效正文段落偏少; H2 结构偏薄; 缺少页面类型应有证据：hasSpecs, hasProductSchema, hasInquiry; 缺少 JSON-LD Schema; 描述性内链不足",增加 3-6 个有信息量的段落，避免只靠卡片、导航和短摘要支撑页面; 增加围绕搜索意图的 H2：应用场景、工作流程、技术参数、案例证据、FAQ; 按页面类型补齐证据模块，而不是继续堆关键词; 补充 Organization / Product / Service / Article / BreadcrumbList 等匹配页面类型的 Schema,,,,.next/server/app/ru/accessories/fc-mini-l10tr-smart-optical-pod.html
/ru/accessories/fc-pab-propeller,ru,accessory_detail,strong,85,Пропеллер БПЛА FC-PAB,full_inventory,934,0,0,0,0,0,0,0,0,,22,7,0,0,0,8,8,0,P1 需要补内容,"有效正文段落偏少; H2 结构偏薄; 缺少页面类型应有证据：hasSpecs, hasProductSchema, hasInquiry; 缺少 JSON-LD Schema; 描述性内链不足",增加 3-6 个有信息量的段落，避免只靠卡片、导航和短摘要支撑页面; 增加围绕搜索意图的 H2：应用场景、工作流程、技术参数、案例证据、FAQ; 按页面类型补齐证据模块，而不是继续堆关键词; 补充 Organization / Product / Service / Article / BreadcrumbList 等匹配页面类型的 Schema,,,,.next/server/app/ru/accessories/fc-pab-propeller.html
/ru/accessories/fc-pad-propeller,ru,accessory_detail,strong,85,Пропеллер БПЛА FC-PAD,full_inventory,930,0,0,0,0,0,0,0,0,,22,7,0,0,0,8,8,0,P1 需要补内容,"有效正文段落偏少; H2 结构偏薄; 缺少页面类型应有证据：hasSpecs, hasProductSchema, hasInquiry; 缺少 JSON-LD Schema; 描述性内链不足",增加 3-6 个有信息量的段落，避免只靠卡片、导航和短摘要支撑页面; 增加围绕搜索意图的 H2：应用场景、工作流程、技术参数、案例证据、FAQ; 按页面类型补齐证据模块，而不是继续堆关键词; 补充 Organization / Product / Service / Article / BreadcrumbList 等匹配页面类型的 Schema,,,,.next/server/app/ru/accessories/fc-pad-propeller.html
/ru/accessories/fc-pae-propeller,ru,accessory_detail,strong,85,Пропеллер БПЛА FC-PAE,full_inventory,932,0,0,0,0,0,0,0,0,,22,7,0,0,0,8,8,0,P1 需要补内容,"有效正文段落偏少; H2 结构偏薄; 缺少页面类型应有证据：hasSpecs, hasProductSchema, hasInquiry; 缺少 JSON-LD Schema; 描述性内链不足",增加 3-6 个有信息量的段落，避免只靠卡片、导航和短摘要支撑页面; 增加围绕搜索意图的 H2：应用场景、工作流程、技术参数、案例证据、FAQ; 按页面类型补齐证据模块，而不是继续堆关键词; 补充 Organization / Product / Service / Article / BreadcrumbList 等匹配页面类型的 Schema,,,,.next/server/app/ru/accessories/fc-pae-propeller.html
/ru/accessories/fc-pbf-propeller,ru,accessory_detail,strong,85,Пропеллер БПЛА FC-PBF,full_inventory,874,0,0,0,0,0,0,0,0,,22,7,0,0,0,8,8,0,P1 需要补内容,"有效正文段落偏少; H2 结构偏薄; 缺少页面类型应有证据：hasSpecs, hasProductSchema, hasInquiry; 缺少 JSON-LD Schema; 描述性内链不足",增加 3-6 个有信息量的段落，避免只靠卡片、导航和短摘要支撑页面; 增加围绕搜索意图的 H2：应用场景、工作流程、技术参数、案例证据、FAQ; 按页面类型补齐证据模块，而不是继续堆关键词; 补充 Organization / Product / Service / Article / BreadcrumbList 等匹配页面类型的 Schema,,,,.next/server/app/ru/accessories/fc-pbf-propeller.html
/ru/accessories/fc-rm10x,ru,accessory_detail,strong,100,Двигатель БПЛА FC-RM10X,full_inventory,1440,0,0,0,0,0,0,0,0,,22,7,0,0,0,8,8,0,P1 需要补内容,"有效正文段落偏少; H2 结构偏薄; 缺少页面类型应有证据：hasSpecs, hasProductSchema, hasInquiry; 缺少 JSON-LD Schema; 描述性内链不足",增加 3-6 个有信息量的段落，避免只靠卡片、导航和短摘要支撑页面; 增加围绕搜索意图的 H2：应用场景、工作流程、技术参数、案例证据、FAQ; 按页面类型补齐证据模块，而不是继续堆关键词; 补充 Organization / Product / Service / Article / BreadcrumbList 等匹配页面类型的 Schema,,,,.next/server/app/ru/accessories/fc-rm10x.html
/ru/accessories/fc-rm30,ru,accessory_detail,strong,100,Двигатель БПЛА FC-RM30,full_inventory,4802,0,0,0,0,0,0,0,0,,22,7,0,0,0,8,8,0,P1 需要补内容,"有效正文段落偏少; H2 结构偏薄; 缺少页面类型应有证据：hasSpecs, hasProductSchema, hasInquiry; 缺少 JSON-LD Schema; 描述性内链不足",增加 3-6 个有信息量的段落，避免只靠卡片、导航和短摘要支撑页面; 增加围绕搜索意图的 H2：应用场景、工作流程、技术参数、案例证据、FAQ; 按页面类型补齐证据模块，而不是继续堆关键词; 补充 Organization / Product / Service / Article / BreadcrumbList 等匹配页面类型的 Schema,,,,.next/server/app/ru/accessories/fc-rm30.html
/ru/accessories/fc-sjl-100,ru,accessory_detail,strong,85,FC-SJL-100 канал передачи данных БПЛА,full_inventory,974,0,0,0,0,0,0,0,0,,22,7,0,0,0,8,8,0,P1 需要补内容,"有效正文段落偏少; H2 结构偏薄; 缺少页面类型应有证据：hasSpecs, hasProductSchema, hasInquiry; 缺少 JSON-LD Schema; 描述性内链不足",增加 3-6 个有信息量的段落，避免只靠卡片、导航和短摘要支撑页面; 增加围绕搜索意图的 H2：应用场景、工作流程、技术参数、案例证据、FAQ; 按页面类型补齐证据模块，而不是继续堆关键词; 补充 Organization / Product / Service / Article / BreadcrumbList 等匹配页面类型的 Schema,,,,.next/server/app/ru/accessories/fc-sjl-100.html
/ru/accessories/fc-sjl-200,ru,accessory_detail,strong,85,FC-SJL-200 канал передачи данных БПЛА,full_inventory,978,0,0,0,0,0,0,0,0,,22,7,0,0,0,8,8,0,P1 需要补内容,"有效正文段落偏少; H2 结构偏薄; 缺少页面类型应有证据：hasSpecs, hasProductSchema, hasInquiry; 缺少 JSON-LD Schema; 描述性内链不足",增加 3-6 个有信息量的段落，避免只靠卡片、导航和短摘要支撑页面; 增加围绕搜索意图的 H2：应用场景、工作流程、技术参数、案例证据、FAQ; 按页面类型补齐证据模块，而不是继续堆关键词; 补充 Organization / Product / Service / Article / BreadcrumbList 等匹配页面类型的 Schema,,,,.next/server/app/ru/accessories/fc-sjl-200.html
/ru/accessories/fc-sjl-30,ru,accessory_detail,strong,85,FC-SJL-30 канал передачи данных БПЛА,full_inventory,1020,0,0,0,0,0,0,0,0,,22,7,0,0,0,8,8,0,P1 需要补内容,"有效正文段落偏少; H2 结构偏薄; 缺少页面类型应有证据：hasSpecs, hasProductSchema, hasInquiry; 缺少 JSON-LD Schema; 描述性内链不足",增加 3-6 个有信息量的段落，避免只靠卡片、导航和短摘要支撑页面; 增加围绕搜索意图的 H2：应用场景、工作流程、技术参数、案例证据、FAQ; 按页面类型补齐证据模块，而不是继续堆关键词; 补充 Organization / Product / Service / Article / BreadcrumbList 等匹配页面类型的 Schema,,,,.next/server/app/ru/accessories/fc-sjl-30.html
/ru/accessories/fc-sjl-380,ru,accessory_detail,strong,85,FC-SJL-380 канал передачи данных БПЛА,full_inventory,984,0,0,0,0,0,0,0,0,,22,7,0,0,0,8,8,0,P1 需要补内容,"有效正文段落偏少; H2 结构偏薄; 缺少页面类型应有证据：hasSpecs, hasProductSchema, hasInquiry; 缺少 JSON-LD Schema; 描述性内链不足",增加 3-6 个有信息量的段落，避免只靠卡片、导航和短摘要支撑页面; 增加围绕搜索意图的 H2：应用场景、工作流程、技术参数、案例证据、FAQ; 按页面类型补齐证据模块，而不是继续堆关键词; 补充 Organization / Product / Service / Article / BreadcrumbList 等匹配页面类型的 Schema,,,,.next/server/app/ru/accessories/fc-sjl-380.html
/ru/accessories/fc-sjl-50,ru,accessory_detail,strong,85,FC-SJL-50 канал передачи данных БПЛА,full_inventory,1012,0,0,0,0,0,0,0,0,,22,7,0,0,0,8,8,0,P1 需要补内容,"有效正文段落偏少; H2 结构偏薄; 缺少页面类型应有证据：hasSpecs, hasProductSchema, hasInquiry; 缺少 JSON-LD Schema; 描述性内链不足",增加 3-6 个有信息量的段落，避免只靠卡片、导航和短摘要支撑页面; 增加围绕搜索意图的 H2：应用场景、工作流程、技术参数、案例证据、FAQ; 按页面类型补齐证据模块，而不是继续堆关键词; 补充 Organization / Product / Service / Article / BreadcrumbList 等匹配页面类型的 Schema,,,,.next/server/app/ru/accessories/fc-sjl-50.html
/ru/accessories/fc-u10-pro,ru,accessory_detail,strong,85,Полетный контроллер FC-U10-PRO,full_inventory,726,0,0,0,0,0,0,0,0,,22,7,0,0,0,8,8,0,P1 需要补内容,"有效正文段落偏少; H2 结构偏薄; 缺少页面类型应有证据：hasSpecs, hasProductSchema, hasInquiry; 缺少 JSON-LD Schema; 描述性内链不足",增加 3-6 个有信息量的段落，避免只靠卡片、导航和短摘要支撑页面; 增加围绕搜索意图的 H2：应用场景、工作流程、技术参数、案例证据、FAQ; 按页面类型补齐证据模块，而不是继续堆关键词; 补充 Organization / Product / Service / Article / BreadcrumbList 等匹配页面类型的 Schema,,,,.next/server/app/ru/accessories/fc-u10-pro.html
/ru/accessories/fc-u110,ru,accessory_detail,strong,100,Двигатель БПЛА FC-U110,full_inventory,4526,0,0,0,0,0,0,0,0,,22,7,0,0,0,8,8,0,P1 需要补内容,"有效正文段落偏少; H2 结构偏薄; 缺少页面类型应有证据：hasSpecs, hasProductSchema, hasInquiry; 缺少 JSON-LD Schema; 描述性内链不足",增加 3-6 个有信息量的段落，避免只靠卡片、导航和短摘要支撑页面; 增加围绕搜索意图的 H2：应用场景、工作流程、技术参数、案例证据、FAQ; 按页面类型补齐证据模块，而不是继续堆关键词; 补充 Organization / Product / Service / Article / BreadcrumbList 等匹配页面类型的 Schema,,,,.next/server/app/ru/accessories/fc-u110.html
/ru/accessories/fc-u12,ru,accessory_detail,strong,85,Полетный контроллер FC-U12,full_inventory,722,0,0,0,0,0,0,0,0,,22,7,0,0,0,8,8,0,P1 需要补内容,"有效正文段落偏少; H2 结构偏薄; 缺少页面类型应有证据：hasSpecs, hasProductSchema, hasInquiry; 缺少 JSON-LD Schema; 描述性内链不足",增加 3-6 个有信息量的段落，避免只靠卡片、导航和短摘要支撑页面; 增加围绕搜索意图的 H2：应用场景、工作流程、技术参数、案例证据、FAQ; 按页面类型补齐证据模块，而不是继续堆关键词; 补充 Organization / Product / Service / Article / BreadcrumbList 等匹配页面类型的 Schema,,,,.next/server/app/ru/accessories/fc-u12.html
/ru/accessories/fc-u8013,ru,accessory_detail,strong,100,Двигатель БПЛА FC-U8013,full_inventory,1126,0,0,0,0,0,0,0,0,,22,7,0,0,0,8,8,0,P1 需要补内容,"有效正文段落偏少; H2 结构偏薄; 缺少页面类型应有证据：hasSpecs, hasProductSchema, hasInquiry; 缺少 JSON-LD Schema; 描述性内链不足",增加 3-6 个有信息量的段落，避免只靠卡片、导航和短摘要支撑页面; 增加围绕搜索意图的 H2：应用场景、工作流程、技术参数、案例证据、FAQ; 按页面类型补齐证据模块，而不是继续堆关键词; 补充 Organization / Product / Service / Article / BreadcrumbList 等匹配页面类型的 Schema,,,,.next/server/app/ru/accessories/fc-u8013.html
/ru/accessories/fc-u9-ag,ru,accessory_detail,strong,85,Аграрный полетный контроллер FC-U9-AG,full_inventory,789,0,0,0,0,0,0,0,0,,22,7,0,0,0,8,8,0,P1 需要补内容,"有效正文段落偏少; H2 结构偏薄; 缺少页面类型应有证据：hasSpecs, hasProductSchema, hasInquiry; 缺少 JSON-LD Schema; 描述性内链不足",增加 3-6 个有信息量的段落，避免只靠卡片、导航和短摘要支撑页面; 增加围绕搜索意图的 H2：应用场景、工作流程、技术参数、案例证据、FAQ; 按页面类型补齐证据模块，而不是继续堆关键词; 补充 Organization / Product / Service / Article / BreadcrumbList 等匹配页面类型的 Schema,,,,.next/server/app/ru/accessories/fc-u9-ag.html
/ru/accessories/fc-w2u-propeller,ru,accessory_detail,strong,85,Пропеллер БПЛА FC-W2U,full_inventory,814,0,0,0,0,0,0,0,0,,22,7,0,0,0,8,8,0,P1 需要补内容,"有效正文段落偏少; H2 结构偏薄; 缺少页面类型应有证据：hasSpecs, hasProductSchema, hasInquiry; 缺少 JSON-LD Schema; 描述性内链不足",增加 3-6 个有信息量的段落，避免只靠卡片、导航和短摘要支撑页面; 增加围绕搜索意图的 H2：应用场景、工作流程、技术参数、案例证据、FAQ; 按页面类型补齐证据模块，而不是继续堆关键词; 补充 Organization / Product / Service / Article / BreadcrumbList 等匹配页面类型的 Schema,,,,.next/server/app/ru/accessories/fc-w2u-propeller.html
/ru/accessories/fc-x8030,ru,accessory_detail,strong,100,Двигатель БПЛА FC-X8030,full_inventory,3690,0,0,0,0,0,0,0,0,,22,7,0,0,0,8,8,0,P1 需要补内容,"有效正文段落偏少; H2 结构偏薄; 缺少页面类型应有证据：hasSpecs, hasProductSchema, hasInquiry; 缺少 JSON-LD Schema; 描述性内链不足",增加 3-6 个有信息量的段落，避免只靠卡片、导航和短摘要支撑页面; 增加围绕搜索意图的 H2：应用场景、工作流程、技术参数、案例证据、FAQ; 按页面类型补齐证据模块，而不是继续堆关键词; 补充 Organization / Product / Service / Article / BreadcrumbList 等匹配页面类型的 Schema,,,,.next/server/app/ru/accessories/fc-x8030.html
/ru/accessories/fc-xh14,ru,accessory_detail,strong,100,Двигатель БПЛА FC-XH14,full_inventory,1838,0,0,0,0,0,0,0,0,,22,7,0,0,0,8,8,0,P1 需要补内容,"有效正文段落偏少; H2 结构偏薄; 缺少页面类型应有证据：hasSpecs, hasProductSchema, hasInquiry; 缺少 JSON-LD Schema; 描述性内链不足",增加 3-6 个有信息量的段落，避免只靠卡片、导航和短摘要支撑页面; 增加围绕搜索意图的 H2：应用场景、工作流程、技术参数、案例证据、FAQ; 按页面类型补齐证据模块，而不是继续堆关键词; 补充 Organization / Product / Service / Article / BreadcrumbList 等匹配页面类型的 Schema,,,,.next/server/app/ru/accessories/fc-xh14.html
/ru/accessories/fc-yk15-remote-controller,ru,accessory_detail,strong,85,Пульт управления БПЛА FC-YK15,full_inventory,965,0,0,0,0,0,0,0,0,,22,7,0,0,0,8,8,0,P1 需要补内容,"有效正文段落偏少; H2 结构偏薄; 缺少页面类型应有证据：hasSpecs, hasProductSchema, hasInquiry; 缺少 JSON-LD Schema; 描述性内链不足",增加 3-6 个有信息量的段落，避免只靠卡片、导航和短摘要支撑页面; 增加围绕搜索意图的 H2：应用场景、工作流程、技术参数、案例证据、FAQ; 按页面类型补齐证据模块，而不是继续堆关键词; 补充 Organization / Product / Service / Article / BreadcrumbList 等匹配页面类型的 Schema,,,,.next/server/app/ru/accessories/fc-yk15-remote-controller.html
/ru/accessories/fc-yk24-remote-controller,ru,accessory_detail,strong,85,Пульт управления БПЛА FC-YK24,full_inventory,1155,0,0,0,0,0,0,0,0,,22,7,0,0,0,8,8,0,P1 需要补内容,"有效正文段落偏少; H2 结构偏薄; 缺少页面类型应有证据：hasSpecs, hasProductSchema, hasInquiry; 缺少 JSON-LD Schema; 描述性内链不足",增加 3-6 个有信息量的段落，避免只靠卡片、导航和短摘要支撑页面; 增加围绕搜索意图的 H2：应用场景、工作流程、技术参数、案例证据、FAQ; 按页面类型补齐证据模块，而不是继续堆关键词; 补充 Organization / Product / Service / Article / BreadcrumbList 等匹配页面类型的 Schema,,,,.next/server/app/ru/accessories/fc-yk24-remote-controller.html
/ru/accessories/fc-yk32-remote-controller,ru,accessory_detail,strong,85,Пульт управления БПЛА FC-YK32,full_inventory,965,0,0,0,0,0,0,0,0,,22,7,0,0,0,8,8,0,P1 需要补内容,"有效正文段落偏少; H2 结构偏薄; 缺少页面类型应有证据：hasSpecs, hasProductSchema, hasInquiry; 缺少 JSON-LD Schema; 描述性内链不足",增加 3-6 个有信息量的段落，避免只靠卡片、导航和短摘要支撑页面; 增加围绕搜索意图的 H2：应用场景、工作流程、技术参数、案例证据、FAQ; 按页面类型补齐证据模块，而不是继续堆关键词; 补充 Organization / Product / Service / Article / BreadcrumbList 等匹配页面类型的 Schema,,,,.next/server/app/ru/accessories/fc-yk32-remote-controller.html
/ru/accessories/fc-ykrc7-remote-controller,ru,accessory_detail,strong,85,Пульт управления БПЛА FC-YKRC7,full_inventory,1391,0,0,0,0,0,0,0,0,,22,7,0,0,0,8,8,0,P1 需要补内容,"有效正文段落偏少; H2 结构偏薄; 缺少页面类型应有证据：hasSpecs, hasProductSchema, hasInquiry; 缺少 JSON-LD Schema; 描述性内链不足",增加 3-6 个有信息量的段落，避免只靠卡片、导航和短摘要支撑页面; 增加围绕搜索意图的 H2：应用场景、工作流程、技术参数、案例证据、FAQ; 按页面类型补齐证据模块，而不是继续堆关键词; 补充 Organization / Product / Service / Article / BreadcrumbList 等匹配页面类型的 Schema,,,,.next/server/app/ru/accessories/fc-ykrc7-remote-controller.html
/ru/products/low-altitude-airspace-monitoring,ru,product_detail,weak,0,,full_inventory,0,0,0,0,0,0,0,0,0,,0,0,0,0,0,8,8,0,P1 需要补内容,"内容深度不足：正文约 0 词，建议 400+; 有效正文段落偏少; H2 结构偏薄; 缺少页面类型应有证据：hasSpecs, hasProductSchema, hasInquiry; 缺少 JSON-LD Schema; 描述性内链不足; 缺少 FAQ / 采购问题解答模块",补充搜索意图段落：适用场景、采购/部署关注点、限制条件和下一步行动; 增加 3-6 个有信息量的段落，避免只靠卡片、导航和短摘要支撑页面; 增加围绕搜索意图的 H2：应用场景、工作流程、技术参数、案例证据、FAQ; 按页面类型补齐证据模块，而不是继续堆关键词,,,,.next/server/app/ru/products/low-altitude-airspace-monitoring.html
