route,locale,page_type,keyword_status,keyword_score,primary_keyword,audit_scope,words,content_paragraphs,h1_count,h2_count,h3_count,image_count,missing_alt_count,internal_links,descriptive_internal_links,schema_types,search_intent_score,content_quality_score,experience_score,expertise_score,authority_score,trust_score,eeat_score,ai_citation_score,priority,issues,recommendations,title,h1,h2,file
/ar,ar,home,strong,85,أنظمة UAV صناعية,high_value_ar,1293,3,1,11,62,66,0,245,241,Organization | ContactPoint | WebSite,96,95,20,20,15,21,76,48,P1 需要补内容,,,أنظمة الطائرات بدون طيار الصناعية لعمليات الارتفاع المنخفض | N-TET,أنظمة UAV صناعية لعمليات المجال منخفض الارتفاع,حلولنا | مركز المنتجات | طائرة UAV لمراقبة المياه | مركز الحالات | من نحن | آخر الأخبار | حلولنا | مركز المنتجات,.next/server/app/ar.html
/ar/about,ar,about,partial,70,مكامل أنظمة UAV الصناعية,partial_keyword_page + high_value_ar,1669,20,1,5,22,23,0,191,188,Organization | ContactPoint | WebSite,100,100,20,20,15,21,76,52,P1 需要补内容,,,ملف مكامل أنظمة UAV الصناعية | N-TET,ملف مكامل أنظمة UAV الصناعية,قدرات تكامل أنظمة UAV الصناعية | فريق البحث والتطوير | نبذة عن الشركة | فريق البحث والتطوير | اطلب الحل وعرض السعر,.next/server/app/ar/about.html
/ar/accessories,ar,accessory_list,partial,60,ملحقات الطائرات بدون طيار,partial_keyword_page + high_value_ar,1367,8,1,11,79,76,0,245,242,Organization | ContactPoint | WebSite,100,100,20,20,15,21,76,60,P1 需要补内容,,,ملحقات الطائرات بدون طيار ومكونات UAV | N-TET,ملحقات ومكونات UAV,Drone Accessories and UAV Components for Industrial Platforms | وحدات التحكم بالطيران | محركات UAV | مراوح UAV | بطاريات UAV | حوامل كهروبصرية | محركات UAV | روابط بيانات UAV,.next/server/app/ar/accessories.html
/ar/accessories/fc-bt1,ar,accessory_detail,strong,100,بطارية UAV صلبة FC-BT1,full_inventory,2135,4,1,6,21,22,0,198,195,Organization | ContactPoint | WebSite | Product | BreadcrumbList | ListItem,100,100,25,25,15,25,90,92,P3 保持监测,,,بطارية UAV صلبة FC-BT1 | N-TET Drone Accessories,بطارية UAV صلبة FC-BT1,بطارية UAV صلبة FC-BT1 Technical Specifications | اطلب الحل وعرض السعر | نظرة عامة | المواصفات الفنية | اطلب الحل وعرض السعر | ????? ??? ???,.next/server/app/ar/accessories/fc-bt1.html
/ar/accessories/fc-bt2,ar,accessory_detail,strong,100,بطارية UAV صلبة FC-BT2,full_inventory,1993,4,1,6,21,22,0,198,195,Organization | ContactPoint | WebSite | Product | BreadcrumbList | ListItem,100,100,20,25,15,25,85,78,P3 保持监测,,,بطارية UAV صلبة FC-BT2 | N-TET Drone Accessories,بطارية UAV صلبة FC-BT2,بطارية UAV صلبة FC-BT2 Technical Specifications | اطلب الحل وعرض السعر | نظرة عامة | المواصفات الفنية | اطلب الحل وعرض السعر | ????? ??? ???,.next/server/app/ar/accessories/fc-bt2.html
/ar/accessories/fc-bt3,ar,accessory_detail,strong,100,بطارية UAV صلبة عالية الجهد FC-BT3,full_inventory,1765,4,1,6,21,22,0,198,195,Organization | ContactPoint | WebSite | Product | BreadcrumbList | ListItem,100,100,25,25,15,25,90,92,P3 保持监测,,,بطارية UAV صلبة عالية الجهد FC-BT3 | N-TET Drone Accessories,بطارية UAV صلبة عالية الجهد FC-BT3,بطارية UAV صلبة عالية الجهد FC-BT3 Technical Specifications | اطلب الحل وعرض السعر | نظرة عامة | المواصفات الفنية | اطلب الحل وعرض السعر | ????? ??? ???,.next/server/app/ar/accessories/fc-bt3.html
/ar/accessories/fc-bt4,ar,accessory_detail,strong,100,بطارية UAV صلبة عالية الطاقة FC-BT4,full_inventory,2623,4,1,6,21,22,0,198,195,Organization | ContactPoint | WebSite | Product | BreadcrumbList | ListItem,100,100,25,25,15,25,90,92,P3 保持监测,,,بطارية UAV صلبة عالية الطاقة FC-BT4 | N-TET Drone Accessories,بطارية UAV صلبة عالية الطاقة FC-BT4,بطارية UAV صلبة عالية الطاقة FC-BT4 Technical Specifications | اطلب الحل وعرض السعر | نظرة عامة | المواصفات الفنية | اطلب الحل وعرض السعر | ????? ??? ???,.next/server/app/ar/accessories/fc-bt4.html
/ar/accessories/fc-btg,ar,accessory_detail,strong,100,بطارية UAV تدريبية صلبة FC-BTG,full_inventory,1850,4,1,6,21,22,0,198,195,Organization | ContactPoint | WebSite | Product | BreadcrumbList | ListItem,100,100,25,25,15,25,90,92,P3 保持监测,,,بطارية UAV تدريبية صلبة FC-BTG | N-TET Drone Accessories,بطارية UAV تدريبية صلبة FC-BTG,بطارية UAV تدريبية صلبة FC-BTG Technical Specifications | اطلب الحل وعرض السعر | نظرة عامة | المواصفات الفنية | اطلب الحل وعرض السعر | ????? ??? ???,.next/server/app/ar/accessories/fc-btg.html
/ar/accessories/fc-c2d-propeller,ar,accessory_detail,strong,100,مروحة UAV FC-C2D,full_inventory,1844,4,1,6,21,22,0,198,195,Organization | ContactPoint | WebSite | Product | BreadcrumbList | ListItem,100,100,20,25,15,25,85,78,P3 保持监测,,,مروحة UAV FC-C2D | N-TET Drone Accessories,مروحة UAV FC-C2D,مروحة UAV FC-C2D Technical Specifications | اطلب الحل وعرض السعر | نظرة عامة | المواصفات الفنية | اطلب الحل وعرض السعر | ????? ??? ???,.next/server/app/ar/accessories/fc-c2d-propeller.html
/ar/accessories/fc-c2e-propeller,ar,accessory_detail,strong,100,مروحة UAV FC-C2E,full_inventory,1734,4,1,6,21,22,0,198,195,Organization | ContactPoint | WebSite | Product | BreadcrumbList | ListItem,100,100,20,25,15,25,85,78,P3 保持监测,,,مروحة UAV FC-C2E | N-TET Drone Accessories,مروحة UAV FC-C2E,مروحة UAV FC-C2E Technical Specifications | اطلب الحل وعرض السعر | نظرة عامة | المواصفات الفنية | اطلب الحل وعرض السعر | ????? ??? ???,.next/server/app/ar/accessories/fc-c2e-propeller.html
/ar/accessories/fc-c2t-propeller,ar,accessory_detail,strong,100,مروحة UAV FC-C2T,full_inventory,1834,4,1,6,21,22,0,198,195,Organization | ContactPoint | WebSite | Product | BreadcrumbList | ListItem,100,100,20,25,15,25,85,78,P3 保持监测,,,مروحة UAV FC-C2T | N-TET Drone Accessories,مروحة UAV FC-C2T,مروحة UAV FC-C2T Technical Specifications | اطلب الحل وعرض السعر | نظرة عامة | المواصفات الفنية | اطلب الحل وعرض السعر | ????? ??? ???,.next/server/app/ar/accessories/fc-c2t-propeller.html
/ar/accessories/fc-c2u-propeller,ar,accessory_detail,strong,100,مروحة UAV FC-C2U,full_inventory,1834,4,1,6,21,22,0,198,195,Organization | ContactPoint | WebSite | Product | BreadcrumbList | ListItem,100,100,20,25,15,25,85,78,P3 保持监测,,,مروحة UAV FC-C2U | N-TET Drone Accessories,مروحة UAV FC-C2U,مروحة UAV FC-C2U Technical Specifications | اطلب الحل وعرض السعر | نظرة عامة | المواصفات الفنية | اطلب الحل وعرض السعر | ????? ??? ???,.next/server/app/ar/accessories/fc-c2u-propeller.html
/ar/accessories/fc-c2ud-propeller,ar,accessory_detail,strong,100,مروحة UAV FC-C2UD,full_inventory,1844,4,1,6,21,22,0,198,195,Organization | ContactPoint | WebSite | Product | BreadcrumbList | ListItem,100,100,20,25,15,25,85,78,P3 保持监测,,,مروحة UAV FC-C2UD | N-TET Drone Accessories,مروحة UAV FC-C2UD,مروحة UAV FC-C2UD Technical Specifications | اطلب الحل وعرض السعر | نظرة عامة | المواصفات الفنية | اطلب الحل وعرض السعر | ????? ??? ???,.next/server/app/ar/accessories/fc-c2ud-propeller.html
/ar/accessories/fc-fdj-111,ar,accessory_detail,strong,100,محرك UAV FC-FDJ-111,full_inventory,1530,4,1,6,20,22,0,198,195,Organization | ContactPoint | WebSite | Product | BreadcrumbList | ListItem,100,100,25,25,15,25,90,92,P3 保持监测,,,محرك UAV FC-FDJ-111 | N-TET Drone Accessories,محرك UAV FC-FDJ-111,محرك UAV FC-FDJ-111 Technical Specifications | اطلب الحل وعرض السعر | نظرة عامة | المواصفات الفنية | اطلب الحل وعرض السعر | ????? ??? ???,.next/server/app/ar/accessories/fc-fdj-111.html
/ar/accessories/fc-fdj-120,ar,accessory_detail,strong,100,محرك UAV FC-FDJ-120,full_inventory,1528,4,1,6,20,22,0,198,195,Organization | ContactPoint | WebSite | Product | BreadcrumbList | ListItem,100,100,25,25,15,25,90,92,P3 保持监测,,,محرك UAV FC-FDJ-120 | N-TET Drone Accessories,محرك UAV FC-FDJ-120,محرك UAV FC-FDJ-120 Technical Specifications | اطلب الحل وعرض السعر | نظرة عامة | المواصفات الفنية | اطلب الحل وعرض السعر | ????? ??? ???,.next/server/app/ar/accessories/fc-fdj-120.html
/ar/accessories/fc-fdj-120hd,ar,accessory_detail,strong,100,محرك UAV FC-FDJ-120HD,full_inventory,1500,4,1,6,20,22,0,198,195,Organization | ContactPoint | WebSite | Product | BreadcrumbList | ListItem,100,100,25,25,15,25,90,92,P3 保持监测,,,محرك UAV FC-FDJ-120HD | N-TET Drone Accessories,محرك UAV FC-FDJ-120HD,محرك UAV FC-FDJ-120HD Technical Specifications | اطلب الحل وعرض السعر | نظرة عامة | المواصفات الفنية | اطلب الحل وعرض السعر | ????? ??? ???,.next/server/app/ar/accessories/fc-fdj-120hd.html
/ar/accessories/fc-fdj-170,ar,accessory_detail,strong,100,محرك UAV FC-FDJ-170,full_inventory,1518,4,1,6,20,22,0,198,195,Organization | ContactPoint | WebSite | Product | BreadcrumbList | ListItem,100,100,25,25,15,25,90,92,P3 保持监测,,,محرك UAV FC-FDJ-170 | N-TET Drone Accessories,محرك UAV FC-FDJ-170,محرك UAV FC-FDJ-170 Technical Specifications | اطلب الحل وعرض السعر | نظرة عامة | المواصفات الفنية | اطلب الحل وعرض السعر | ????? ??? ???,.next/server/app/ar/accessories/fc-fdj-170.html
/ar/accessories/fc-fdj-200,ar,accessory_detail,strong,100,محرك UAV FC-FDJ-200,full_inventory,1488,4,1,6,20,22,0,198,195,Organization | ContactPoint | WebSite | Product | BreadcrumbList | ListItem,100,100,25,25,15,25,90,92,P3 保持监测,,,محرك UAV FC-FDJ-200 | N-TET Drone Accessories,محرك UAV FC-FDJ-200,محرك UAV FC-FDJ-200 Technical Specifications | اطلب الحل وعرض السعر | نظرة عامة | المواصفات الفنية | اطلب الحل وعرض السعر | ????? ??? ???,.next/server/app/ar/accessories/fc-fdj-200.html
/ar/accessories/fc-fdj-222,ar,accessory_detail,strong,100,محرك UAV FC-FDJ-222,full_inventory,1524,4,1,6,20,22,0,198,195,Organization | ContactPoint | WebSite | Product | BreadcrumbList | ListItem,100,100,25,25,15,25,90,92,P3 保持监测,,,محرك UAV FC-FDJ-222 | N-TET Drone Accessories,محرك UAV FC-FDJ-222,محرك UAV FC-FDJ-222 Technical Specifications | اطلب الحل وعرض السعر | نظرة عامة | المواصفات الفنية | اطلب الحل وعرض السعر | ????? ??? ???,.next/server/app/ar/accessories/fc-fdj-222.html
/ar/accessories/fc-fdj-430,ar,accessory_detail,strong,100,محرك UAV FC-FDJ-430,full_inventory,1538,4,1,6,20,22,0,198,195,Organization | ContactPoint | WebSite | Product | BreadcrumbList | ListItem,100,100,25,25,15,25,90,92,P3 保持监测,,,محرك UAV FC-FDJ-430 | N-TET Drone Accessories,محرك UAV FC-FDJ-430,محرك UAV FC-FDJ-430 Technical Specifications | اطلب الحل وعرض السعر | نظرة عامة | المواصفات الفنية | اطلب الحل وعرض السعر | ????? ??? ???,.next/server/app/ar/accessories/fc-fdj-430.html
/ar/accessories/fc-fdj-55,ar,accessory_detail,strong,100,محرك UAV FC-FDJ-55,full_inventory,1530,4,1,6,20,22,0,198,195,Organization | ContactPoint | WebSite | Product | BreadcrumbList | ListItem,100,100,25,25,15,25,90,92,P3 保持监测,,,محرك UAV FC-FDJ-55 | N-TET Drone Accessories,محرك UAV FC-FDJ-55,محرك UAV FC-FDJ-55 Technical Specifications | اطلب الحل وعرض السعر | نظرة عامة | المواصفات الفنية | اطلب الحل وعرض السعر | ????? ??? ???,.next/server/app/ar/accessories/fc-fdj-55.html
/ar/accessories/fc-fdj-60,ar,accessory_detail,strong,100,محرك UAV FC-FDJ-60,full_inventory,1528,4,1,6,20,22,0,198,195,Organization | ContactPoint | WebSite | Product | BreadcrumbList | ListItem,100,100,25,25,15,25,90,92,P3 保持监测,,,محرك UAV FC-FDJ-60 | N-TET Drone Accessories,محرك UAV FC-FDJ-60,محرك UAV FC-FDJ-60 Technical Specifications | اطلب الحل وعرض السعر | نظرة عامة | المواصفات الفنية | اطلب الحل وعرض السعر | ????? ??? ???,.next/server/app/ar/accessories/fc-fdj-60.html
/ar/accessories/fc-fdj-61,ar,accessory_detail,strong,100,محرك UAV FC-FDJ-61,full_inventory,1524,4,1,6,20,22,0,198,195,Organization | ContactPoint | WebSite | Product | BreadcrumbList | ListItem,100,100,25,25,15,25,90,92,P3 保持监测,,,محرك UAV FC-FDJ-61 | N-TET Drone Accessories,محرك UAV FC-FDJ-61,محرك UAV FC-FDJ-61 Technical Specifications | اطلب الحل وعرض السعر | نظرة عامة | المواصفات الفنية | اطلب الحل وعرض السعر | ????? ??? ???,.next/server/app/ar/accessories/fc-fdj-61.html
/ar/accessories/fc-fdj-70hd,ar,accessory_detail,strong,100,محرك UAV FC-FDJ-70HD,full_inventory,1500,4,1,6,20,22,0,198,195,Organization | ContactPoint | WebSite | Product | BreadcrumbList | ListItem,100,100,25,25,15,25,90,92,P3 保持监测,,,محرك UAV FC-FDJ-70HD | N-TET Drone Accessories,محرك UAV FC-FDJ-70HD,محرك UAV FC-FDJ-70HD Technical Specifications | اطلب الحل وعرض السعر | نظرة عامة | المواصفات الفنية | اطلب الحل وعرض السعر | ????? ??? ???,.next/server/app/ar/accessories/fc-fdj-70hd.html
/ar/accessories/fc-fdj-85,ar,accessory_detail,strong,100,محرك UAV FC-FDJ-85,full_inventory,1520,4,1,6,20,22,0,198,195,Organization | ContactPoint | WebSite | Product | BreadcrumbList | ListItem,100,100,25,25,15,25,90,92,P3 保持监测,,,محرك UAV FC-FDJ-85 | N-TET Drone Accessories,محرك UAV FC-FDJ-85,محرك UAV FC-FDJ-85 Technical Specifications | اطلب الحل وعرض السعر | نظرة عامة | المواصفات الفنية | اطلب الحل وعرض السعر | ????? ??? ???,.next/server/app/ar/accessories/fc-fdj-85.html
/ar/accessories/fc-l10tr-three-light-gimbal,ar,accessory_detail,strong,100,حامل كهروبصري FC-L10TR,full_inventory,1598,4,1,6,20,22,0,198,195,Organization | ContactPoint | WebSite | Product | BreadcrumbList | ListItem,100,100,25,25,15,25,90,92,P3 保持监测,,,حامل كهروبصري FC-L10TR | N-TET Drone Accessories,حامل كهروبصري FC-L10TR,حامل كهروبصري FC-L10TR Technical Specifications | اطلب الحل وعرض السعر | نظرة عامة | المواصفات الفنية | اطلب الحل وعرض السعر | ????? ??? ???,.next/server/app/ar/accessories/fc-l10tr-three-light-gimbal.html
/ar/accessories/fc-l40-smart-optical-pod,ar,accessory_detail,strong,100,حامل كهروبصري FC-L40,full_inventory,1558,4,1,6,20,22,0,198,195,Organization | ContactPoint | WebSite | Product | BreadcrumbList | ListItem,100,100,25,25,15,25,90,92,P3 保持监测,,,حامل كهروبصري FC-L40 | N-TET Drone Accessories,حامل كهروبصري FC-L40,حامل كهروبصري FC-L40 Technical Specifications | اطلب الحل وعرض السعر | نظرة عامة | المواصفات الفنية | اطلب الحل وعرض السعر | ????? ??? ???,.next/server/app/ar/accessories/fc-l40-smart-optical-pod.html
/ar/accessories/fc-l40t-dual-light-gimbal,ar,accessory_detail,strong,100,حامل كهروبصري FC-L40T,full_inventory,1582,4,1,6,20,22,0,198,195,Organization | ContactPoint | WebSite | Product | BreadcrumbList | ListItem,100,100,25,25,15,25,90,92,P3 保持监测,,,حامل كهروبصري FC-L40T | N-TET Drone Accessories,حامل كهروبصري FC-L40T,حامل كهروبصري FC-L40T Technical Specifications | اطلب الحل وعرض السعر | نظرة عامة | المواصفات الفنية | اطلب الحل وعرض السعر | ????? ??? ???,.next/server/app/ar/accessories/fc-l40t-dual-light-gimbal.html
/ar/accessories/fc-l40tr-smart-optical-pod,ar,accessory_detail,strong,100,حامل كهروبصري FC-L40TR,full_inventory,1596,4,1,6,20,22,0,198,195,Organization | ContactPoint | WebSite | Product | BreadcrumbList | ListItem,100,100,25,25,15,25,90,92,P3 保持监测,,,حامل كهروبصري FC-L40TR | N-TET Drone Accessories,حامل كهروبصري FC-L40TR,حامل كهروبصري FC-L40TR Technical Specifications | اطلب الحل وعرض السعر | نظرة عامة | المواصفات الفنية | اطلب الحل وعرض السعر | ????? ??? ???,.next/server/app/ar/accessories/fc-l40tr-smart-optical-pod.html
/ar/accessories/fc-l50-smart-optical-pod,ar,accessory_detail,strong,100,حامل كهروبصري FC-L50,full_inventory,1570,4,1,6,20,22,0,198,195,Organization | ContactPoint | WebSite | Product | BreadcrumbList | ListItem,100,100,25,25,15,25,90,92,P3 保持监测,,,حامل كهروبصري FC-L50 | N-TET Drone Accessories,حامل كهروبصري FC-L50,حامل كهروبصري FC-L50 Technical Specifications | اطلب الحل وعرض السعر | نظرة عامة | المواصفات الفنية | اطلب الحل وعرض السعر | ????? ??? ???,.next/server/app/ar/accessories/fc-l50-smart-optical-pod.html
/ar/accessories/fc-ln100-dual-light-gimbal,ar,accessory_detail,strong,100,حامل كهروبصري FC-LN100,full_inventory,1598,4,1,6,20,22,0,198,195,Organization | ContactPoint | WebSite | Product | BreadcrumbList | ListItem,100,100,25,25,15,25,90,92,P3 保持监测,,,حامل كهروبصري FC-LN100 | N-TET Drone Accessories,حامل كهروبصري FC-LN100,حامل كهروبصري FC-LN100 Technical Specifications | اطلب الحل وعرض السعر | نظرة عامة | المواصفات الفنية | اطلب الحل وعرض السعر | ????? ??? ???,.next/server/app/ar/accessories/fc-ln100-dual-light-gimbal.html
/ar/accessories/fc-ln95-dual-light-gimbal,ar,accessory_detail,strong,100,حامل كهروبصري FC-LN95,full_inventory,1554,4,1,6,20,22,0,198,195,Organization | ContactPoint | WebSite | Product | BreadcrumbList | ListItem,100,100,25,25,15,25,90,92,P3 保持监测,,,حامل كهروبصري FC-LN95 | N-TET Drone Accessories,حامل كهروبصري FC-LN95,حامل كهروبصري FC-LN95 Technical Specifications | اطلب الحل وعرض السعر | نظرة عامة | المواصفات الفنية | اطلب الحل وعرض السعر | ????? ??? ???,.next/server/app/ar/accessories/fc-ln95-dual-light-gimbal.html
/ar/accessories/fc-max-5330,ar,accessory_detail,strong,100,محرك UAV FC-MAX 5330,full_inventory,7601,4,1,6,22,22,0,198,195,Organization | ContactPoint | WebSite | Product | BreadcrumbList | ListItem,100,100,25,25,15,25,90,92,P3 保持监测,,,محرك UAV FC-MAX 5330 | N-TET Drone Accessories,محرك UAV FC-MAX 5330,محرك UAV FC-MAX 5330 Technical Specifications | اطلب الحل وعرض السعر | نظرة عامة | المواصفات الفنية | اطلب الحل وعرض السعر | ????? ??? ???,.next/server/app/ar/accessories/fc-max-5330.html
/ar/accessories/fc-mesh-100,ar,accessory_detail,strong,100,رابط بيانات UAV FC-Mesh-100,full_inventory,1521,4,1,6,20,22,0,198,195,Organization | ContactPoint | WebSite | Product | BreadcrumbList | ListItem,100,100,25,25,15,25,90,92,P3 保持监测,,,رابط بيانات UAV FC-Mesh-100 | N-TET Drone Accessories,رابط بيانات UAV FC-Mesh-100,رابط بيانات UAV FC-Mesh-100 Technical Specifications | اطلب الحل وعرض السعر | نظرة عامة | المواصفات الفنية | اطلب الحل وعرض السعر | ????? ??? ???,.next/server/app/ar/accessories/fc-mesh-100.html
/ar/accessories/fc-mini-l10tr-smart-optical-pod,ar,accessory_detail,strong,100,حامل كهروبصري FC-MiniL10TR,full_inventory,1562,4,1,6,20,22,0,198,195,Organization | ContactPoint | WebSite | Product | BreadcrumbList | ListItem,100,100,25,25,15,25,90,92,P3 保持监测,,,حامل كهروبصري FC-MiniL10TR | N-TET Drone Accessories,حامل كهروبصري FC-MiniL10TR,حامل كهروبصري FC-MiniL10TR Technical Specifications | اطلب الحل وعرض السعر | نظرة عامة | المواصفات الفنية | اطلب الحل وعرض السعر | ????? ??? ???,.next/server/app/ar/accessories/fc-mini-l10tr-smart-optical-pod.html
/ar/accessories/fc-pab-propeller,ar,accessory_detail,strong,100,مروحة UAV FC-PAB,full_inventory,1838,4,1,6,21,22,0,198,195,Organization | ContactPoint | WebSite | Product | BreadcrumbList | ListItem,100,100,20,25,15,25,85,78,P3 保持监测,,,مروحة UAV FC-PAB | N-TET Drone Accessories,مروحة UAV FC-PAB,مروحة UAV FC-PAB Technical Specifications | اطلب الحل وعرض السعر | نظرة عامة | المواصفات الفنية | اطلب الحل وعرض السعر | ????? ??? ???,.next/server/app/ar/accessories/fc-pab-propeller.html
/ar/accessories/fc-pad-propeller,ar,accessory_detail,strong,100,مروحة UAV FC-PAD,full_inventory,1838,4,1,6,21,22,0,198,195,Organization | ContactPoint | WebSite | Product | BreadcrumbList | ListItem,100,100,20,25,15,25,85,78,P3 保持监测,,,مروحة UAV FC-PAD | N-TET Drone Accessories,مروحة UAV FC-PAD,مروحة UAV FC-PAD Technical Specifications | اطلب الحل وعرض السعر | نظرة عامة | المواصفات الفنية | اطلب الحل وعرض السعر | ????? ??? ???,.next/server/app/ar/accessories/fc-pad-propeller.html
/ar/accessories/fc-pae-propeller,ar,accessory_detail,strong,100,مروحة UAV FC-PAE,full_inventory,1848,4,1,6,21,22,0,198,195,Organization | ContactPoint | WebSite | Product | BreadcrumbList | ListItem,100,100,20,25,15,25,85,78,P3 保持监测,,,مروحة UAV FC-PAE | N-TET Drone Accessories,مروحة UAV FC-PAE,مروحة UAV FC-PAE Technical Specifications | اطلب الحل وعرض السعر | نظرة عامة | المواصفات الفنية | اطلب الحل وعرض السعر | ????? ??? ???,.next/server/app/ar/accessories/fc-pae-propeller.html
/ar/accessories/fc-pbf-propeller,ar,accessory_detail,strong,100,مروحة UAV FC-PBF,full_inventory,1738,4,1,6,21,22,0,198,195,Organization | ContactPoint | WebSite | Product | BreadcrumbList | ListItem,100,100,20,25,15,25,85,78,P3 保持监测,,,مروحة UAV FC-PBF | N-TET Drone Accessories,مروحة UAV FC-PBF,مروحة UAV FC-PBF Technical Specifications | اطلب الحل وعرض السعر | نظرة عامة | المواصفات الفنية | اطلب الحل وعرض السعر | ????? ??? ???,.next/server/app/ar/accessories/fc-pbf-propeller.html
/ar/accessories/fc-rm10x,ar,accessory_detail,strong,100,محرك UAV FC-RM10X,full_inventory,2662,4,1,6,22,22,0,198,195,Organization | ContactPoint | WebSite | Product | BreadcrumbList | ListItem,100,100,20,25,15,25,85,78,P3 保持监测,,,محرك UAV FC-RM10X | N-TET Drone Accessories,محرك UAV FC-RM10X,محرك UAV FC-RM10X Technical Specifications | اطلب الحل وعرض السعر | نظرة عامة | المواصفات الفنية | اطلب الحل وعرض السعر | ????? ??? ???,.next/server/app/ar/accessories/fc-rm10x.html
/ar/accessories/fc-rm30,ar,accessory_detail,strong,100,محرك UAV FC-RM30,full_inventory,8932,4,1,6,22,22,0,198,195,Organization | ContactPoint | WebSite | Product | BreadcrumbList | ListItem,100,100,25,25,15,25,90,92,P3 保持监测,,,محرك UAV FC-RM30 | N-TET Drone Accessories,محرك UAV FC-RM30,محرك UAV FC-RM30 Technical Specifications | اطلب الحل وعرض السعر | نظرة عامة | المواصفات الفنية | اطلب الحل وعرض السعر | ????? ??? ???,.next/server/app/ar/accessories/fc-rm30.html
/ar/accessories/fc-sjl-100,ar,accessory_detail,strong,100,رابط بيانات UAV FC-SJL-100,full_inventory,1515,4,1,6,20,22,0,198,195,Organization | ContactPoint | WebSite | Product | BreadcrumbList | ListItem,100,100,25,25,15,25,90,92,P3 保持监测,,,رابط بيانات UAV FC-SJL-100 | N-TET Drone Accessories,رابط بيانات UAV FC-SJL-100,رابط بيانات UAV FC-SJL-100 Technical Specifications | اطلب الحل وعرض السعر | نظرة عامة | المواصفات الفنية | اطلب الحل وعرض السعر | ????? ??? ???,.next/server/app/ar/accessories/fc-sjl-100.html
/ar/accessories/fc-sjl-200,ar,accessory_detail,strong,100,رابط بيانات UAV FC-SJL-200,full_inventory,1531,4,1,6,20,22,0,198,195,Organization | ContactPoint | WebSite | Product | BreadcrumbList | ListItem,100,100,25,25,15,25,90,92,P3 保持监测,,,رابط بيانات UAV FC-SJL-200 | N-TET Drone Accessories,رابط بيانات UAV FC-SJL-200,رابط بيانات UAV FC-SJL-200 Technical Specifications | اطلب الحل وعرض السعر | نظرة عامة | المواصفات الفنية | اطلب الحل وعرض السعر | ????? ??? ???,.next/server/app/ar/accessories/fc-sjl-200.html
/ar/accessories/fc-sjl-30,ar,accessory_detail,strong,100,رابط بيانات UAV FC-SJL-30,full_inventory,1515,4,1,6,20,22,0,198,195,Organization | ContactPoint | WebSite | Product | BreadcrumbList | ListItem,100,100,25,25,15,25,90,92,P3 保持监测,,,رابط بيانات UAV FC-SJL-30 | N-TET Drone Accessories,رابط بيانات UAV FC-SJL-30,رابط بيانات UAV FC-SJL-30 Technical Specifications | اطلب الحل وعرض السعر | نظرة عامة | المواصفات الفنية | اطلب الحل وعرض السعر | ????? ??? ???,.next/server/app/ar/accessories/fc-sjl-30.html
/ar/accessories/fc-sjl-380,ar,accessory_detail,strong,100,رابط بيانات UAV FC-SJL-380,full_inventory,1523,4,1,6,20,22,0,198,195,Organization | ContactPoint | WebSite | Product | BreadcrumbList | ListItem,100,100,25,25,15,25,90,92,P3 保持监测,,,رابط بيانات UAV FC-SJL-380 | N-TET Drone Accessories,رابط بيانات UAV FC-SJL-380,رابط بيانات UAV FC-SJL-380 Technical Specifications | اطلب الحل وعرض السعر | نظرة عامة | المواصفات الفنية | اطلب الحل وعرض السعر | ????? ??? ???,.next/server/app/ar/accessories/fc-sjl-380.html
/ar/accessories/fc-sjl-50,ar,accessory_detail,strong,100,رابط بيانات UAV FC-SJL-50,full_inventory,1521,4,1,6,20,22,0,198,195,Organization | ContactPoint | WebSite | Product | BreadcrumbList | ListItem,100,100,25,25,15,25,90,92,P3 保持监测,,,رابط بيانات UAV FC-SJL-50 | N-TET Drone Accessories,رابط بيانات UAV FC-SJL-50,رابط بيانات UAV FC-SJL-50 Technical Specifications | اطلب الحل وعرض السعر | نظرة عامة | المواصفات الفنية | اطلب الحل وعرض السعر | ????? ??? ???,.next/server/app/ar/accessories/fc-sjl-50.html
/ar/accessories/fc-u10-pro,ar,accessory_detail,strong,100,وحدة تحكم بالطيران FC-U10-PRO,full_inventory,1499,4,1,6,20,22,0,198,195,Organization | ContactPoint | WebSite | Product | BreadcrumbList | ListItem,100,100,25,25,15,25,90,92,P3 保持监测,,,وحدة تحكم بالطيران FC-U10-PRO | N-TET Drone Accessories,وحدة تحكم بالطيران FC-U10-PRO,وحدة تحكم بالطيران FC-U10-PRO Technical Specifications | اطلب الحل وعرض السعر | نظرة عامة | المواصفات الفنية | اطلب الحل وعرض السعر | ????? ??? ???,.next/server/app/ar/accessories/fc-u10-pro.html
/ar/accessories/fc-u110,ar,accessory_detail,strong,100,محرك UAV FC-U110,full_inventory,8472,4,1,6,22,22,0,198,195,Organization | ContactPoint | WebSite | Product | BreadcrumbList | ListItem,100,100,25,25,15,25,90,92,P3 保持监测,,,محرك UAV FC-U110 | N-TET Drone Accessories,محرك UAV FC-U110,محرك UAV FC-U110 Technical Specifications | اطلب الحل وعرض السعر | نظرة عامة | المواصفات الفنية | اطلب الحل وعرض السعر | ????? ??? ???,.next/server/app/ar/accessories/fc-u110.html
/ar/accessories/fc-u12,ar,accessory_detail,strong,100,وحدة تحكم بالطيران FC-U12,full_inventory,1493,4,1,6,20,22,0,198,195,Organization | ContactPoint | WebSite | Product | BreadcrumbList | ListItem,100,100,25,25,15,25,90,92,P3 保持监测,,,وحدة تحكم بالطيران FC-U12 | N-TET Drone Accessories,وحدة تحكم بالطيران FC-U12,وحدة تحكم بالطيران FC-U12 Technical Specifications | اطلب الحل وعرض السعر | نظرة عامة | المواصفات الفنية | اطلب الحل وعرض السعر | ????? ??? ???,.next/server/app/ar/accessories/fc-u12.html
/ar/accessories/fc-u8013,ar,accessory_detail,strong,100,محرك UAV FC-U8013,full_inventory,1643,4,1,6,21,22,0,198,195,Organization | ContactPoint | WebSite | Product | BreadcrumbList | ListItem,100,100,25,25,15,25,90,92,P3 保持监测,,,محرك UAV FC-U8013 | N-TET Drone Accessories,محرك UAV FC-U8013,محرك UAV FC-U8013 Technical Specifications | اطلب الحل وعرض السعر | نظرة عامة | المواصفات الفنية | اطلب الحل وعرض السعر | ????? ??? ???,.next/server/app/ar/accessories/fc-u8013.html
/ar/accessories/fc-u9-ag,ar,accessory_detail,strong,100,وحدة تحكم بالطيران الزراعي FC-U9-AG,full_inventory,1526,4,1,6,20,22,0,198,195,Organization | ContactPoint | WebSite | Product | BreadcrumbList | ListItem,100,100,25,25,15,25,90,92,P3 保持监测,,,وحدة تحكم بالطيران الزراعي FC-U9-AG | N-TET Drone Accessories,وحدة تحكم بالطيران الزراعي FC-U9-AG,وحدة تحكم بالطيران الزراعي FC-U9-AG Technical Specifications | اطلب الحل وعرض السعر | نظرة عامة | المواصفات الفنية | اطلب الحل وعرض السعر | ????? ??? ???,.next/server/app/ar/accessories/fc-u9-ag.html
/ar/accessories/fc-w2u-propeller,ar,accessory_detail,strong,100,مروحة UAV FC-W2U,full_inventory,1734,4,1,6,21,22,0,198,195,Organization | ContactPoint | WebSite | Product | BreadcrumbList | ListItem,100,100,20,25,15,25,85,78,P3 保持监测,,,مروحة UAV FC-W2U | N-TET Drone Accessories,مروحة UAV FC-W2U,مروحة UAV FC-W2U Technical Specifications | اطلب الحل وعرض السعر | نظرة عامة | المواصفات الفنية | اطلب الحل وعرض السعر | ????? ??? ???,.next/server/app/ar/accessories/fc-w2u-propeller.html
/ar/accessories/fc-x8030,ar,accessory_detail,strong,100,محرك UAV FC-X8030,full_inventory,6906,4,1,6,22,22,0,198,195,Organization | ContactPoint | WebSite | Product | BreadcrumbList | ListItem,100,100,25,25,15,25,90,92,P3 保持监测,,,محرك UAV FC-X8030 | N-TET Drone Accessories,محرك UAV FC-X8030,محرك UAV FC-X8030 Technical Specifications | اطلب الحل وعرض السعر | نظرة عامة | المواصفات الفنية | اطلب الحل وعرض السعر | ????? ??? ???,.next/server/app/ar/accessories/fc-x8030.html
/ar/accessories/fc-xh14,ar,accessory_detail,strong,100,محرك UAV FC-XH14,full_inventory,3642,4,1,6,22,22,0,198,195,Organization | ContactPoint | WebSite | Product | BreadcrumbList | ListItem,100,100,25,25,15,25,90,92,P3 保持监测,,,محرك UAV FC-XH14 | N-TET Drone Accessories,محرك UAV FC-XH14,محرك UAV FC-XH14 Technical Specifications | اطلب الحل وعرض السعر | نظرة عامة | المواصفات الفنية | اطلب الحل وعرض السعر | ????? ??? ???,.next/server/app/ar/accessories/fc-xh14.html
/ar/accessories/fc-yk15-remote-controller,ar,accessory_detail,strong,100,وحدة تحكم عن بُعد UAV FC-YK15,full_inventory,1550,4,1,6,20,22,0,198,195,Organization | ContactPoint | WebSite | Product | BreadcrumbList | ListItem,100,100,25,25,15,25,90,92,P3 保持监测,,,وحدة تحكم عن بُعد UAV FC-YK15 | N-TET Drone Accessories,وحدة تحكم عن بُعد UAV FC-YK15,وحدة تحكم عن بُعد UAV FC-YK15 Technical Specifications | اطلب الحل وعرض السعر | نظرة عامة | المواصفات الفنية | اطلب الحل وعرض السعر | ????? ??? ???,.next/server/app/ar/accessories/fc-yk15-remote-controller.html
/ar/accessories/fc-yk24-remote-controller,ar,accessory_detail,strong,100,وحدة تحكم عن بُعد UAV FC-YK24,full_inventory,1560,4,1,6,20,22,0,198,195,Organization | ContactPoint | WebSite | Product | BreadcrumbList | ListItem,100,100,25,25,15,25,90,92,P3 保持监测,,,وحدة تحكم عن بُعد UAV FC-YK24 | N-TET Drone Accessories,وحدة تحكم عن بُعد UAV FC-YK24,وحدة تحكم عن بُعد UAV FC-YK24 Technical Specifications | اطلب الحل وعرض السعر | نظرة عامة | المواصفات الفنية | اطلب الحل وعرض السعر | ????? ??? ???,.next/server/app/ar/accessories/fc-yk24-remote-controller.html
/ar/accessories/fc-yk32-remote-controller,ar,accessory_detail,strong,100,وحدة تحكم عن بُعد UAV FC-YK32,full_inventory,1558,4,1,6,20,22,0,198,195,Organization | ContactPoint | WebSite | Product | BreadcrumbList | ListItem,100,100,25,25,15,25,90,92,P3 保持监测,,,وحدة تحكم عن بُعد UAV FC-YK32 | N-TET Drone Accessories,وحدة تحكم عن بُعد UAV FC-YK32,وحدة تحكم عن بُعد UAV FC-YK32 Technical Specifications | اطلب الحل وعرض السعر | نظرة عامة | المواصفات الفنية | اطلب الحل وعرض السعر | ????? ??? ???,.next/server/app/ar/accessories/fc-yk32-remote-controller.html
/ar/accessories/fc-ykrc7-remote-controller,ar,accessory_detail,strong,100,وحدة تحكم عن بُعد UAV FC-YKRC7,full_inventory,1564,4,1,6,20,22,0,198,195,Organization | ContactPoint | WebSite | Product | BreadcrumbList | ListItem,100,100,25,25,15,25,90,92,P3 保持监测,,,وحدة تحكم عن بُعد UAV FC-YKRC7 | N-TET Drone Accessories,وحدة تحكم عن بُعد UAV FC-YKRC7,وحدة تحكم عن بُعد UAV FC-YKRC7 Technical Specifications | اطلب الحل وعرض السعر | نظرة عامة | المواصفات الفنية | اطلب الحل وعرض السعر | ????? ??? ???,.next/server/app/ar/accessories/fc-ykrc7-remote-controller.html
/ar/cases,ar,case_list,strong,85,حالات تفتيش ومراقبة UAV,high_value_ar,1287,3,1,3,35,38,0,207,204,Organization | ContactPoint | WebSite,96,95,20,20,15,21,76,56,P1 需要补内容,,,حالات تفتيش ومراقبة UAV | N-TET,حالات تفتيش ومراقبة UAV,حالات UAV حسب المنطقة والسيناريو | اطلب الحل وعرض السعر | اطلب الحل وعرض السعر,.next/server/app/ar/cases.html
/ar/cases/anhui-flood-season-uav-patrol,ar,case_detail,strong,100,دوريات UAV طارئة خلال موسم الفيضانات في آنهوي,full_inventory,1340,4,1,7,22,26,0,202,199,Organization | ContactPoint | WebSite | Article | BreadcrumbList | ListItem,100,100,20,25,20,25,90,70,P2 建议增强,文章/案例缺少明显日期信号,补充发布日期或最后更新时间，提升可信度与 freshness,دوريات UAV طارئة خلال موسم الفيضانات في آنهوي | N-TET,دوريات UAV طارئة خلال موسم الفيضانات في آنهوي,دوريات UAV طارئة خلال موسم الفيضانات في آنهوي Project Overview | معدات ذات صلة | اطلب الحل وعرض السعر | نظرة عامة | معدات ذات صلة | اطلب الحل وعرض السعر | ????? ??? ???,.next/server/app/ar/cases/anhui-flood-season-uav-patrol.html
/ar/cases/brazil-refinery-low-altitude-monitoring,ar,case_detail,strong,100,حالة مراقبة المجال الجوي لمصفاة في البرازيل,full_inventory,1273,4,1,7,26,30,0,206,203,Organization | ContactPoint | WebSite | Article | BreadcrumbList | ListItem,100,100,20,25,20,25,90,70,P2 建议增强,文章/案例缺少明显日期信号,补充发布日期或最后更新时间，提升可信度与 freshness,حالة مراقبة المجال الجوي لمصفاة في البرازيل | N-TET,حالة مراقبة المجال الجوي لمصفاة في البرازيل,حالة مراقبة المجال الجوي لمصفاة في البرازيل Project Overview | معدات ذات صلة | اطلب الحل وعرض السعر | نظرة عامة | معدات ذات صلة | اطلب الحل وعرض السعر | ????? ??? ???,.next/server/app/ar/cases/brazil-refinery-low-altitude-monitoring.html
/ar/cases/ice-snow-emergency-uav-inspection,ar,case_detail,strong,100,تفتيش UAV طارئ أثناء كوارث الجليد والثلوج,full_inventory,1375,4,1,7,22,26,0,202,199,Organization | ContactPoint | WebSite | Article | BreadcrumbList | ListItem,100,100,20,25,20,25,90,70,P2 建议增强,文章/案例缺少明显日期信号,补充发布日期或最后更新时间，提升可信度与 freshness,تفتيش UAV طارئ أثناء كوارث الجليد والثلوج | N-TET,تفتيش UAV طارئ أثناء كوارث الجليد والثلوج,تفتيش UAV طارئ أثناء كوارث الجليد والثلوج Project Overview | معدات ذات صلة | اطلب الحل وعرض السعر | نظرة عامة | معدات ذات صلة | اطلب الحل وعرض السعر | ????? ??? ???,.next/server/app/ar/cases/ice-snow-emergency-uav-inspection.html
/ar/cases/lidar-tree-obstruction-uav-inspection,ar,case_detail,strong,100,تفتيش UAV بتقنية لايدار لعوائق الأشجار,full_inventory,1338,4,1,7,22,30,0,202,199,Organization | ContactPoint | WebSite | Article | BreadcrumbList | ListItem,100,100,20,25,20,25,90,70,P2 建议增强,文章/案例缺少明显日期信号,补充发布日期或最后更新时间，提升可信度与 freshness,تفتيش UAV بتقنية لايدار لعوائق الأشجار | N-TET,تفتيش UAV بتقنية لايدار لعوائق الأشجار,تفتيش UAV بتقنية لايدار لعوائق الأشجار Project Overview | معدات ذات صلة | اطلب الحل وعرض السعر | نظرة عامة | معدات ذات صلة | اطلب الحل وعرض السعر | ????? ??? ???,.next/server/app/ar/cases/lidar-tree-obstruction-uav-inspection.html
/ar/cases/nigeria-factory-low-altitude-monitoring,ar,case_detail,strong,100,حالة مراقبة المجال الجوي لمصنع صناعي في نيجيريا,full_inventory,1284,4,1,7,26,30,0,206,203,Organization | ContactPoint | WebSite | Article | BreadcrumbList | ListItem,100,100,20,25,20,25,90,70,P2 建议增强,文章/案例缺少明显日期信号,补充发布日期或最后更新时间，提升可信度与 freshness,حالة مراقبة المجال الجوي لمصنع صناعي في نيجيريا | N-TET,حالة مراقبة المجال الجوي لمصنع صناعي في نيجيريا,حالة مراقبة المجال الجوي لمصنع صناعي في نيجيريا Project Overview | معدات ذات صلة | اطلب الحل وعرض السعر | نظرة عامة | معدات ذات صلة | اطلب الحل وعرض السعر | ????? ??? ???,.next/server/app/ar/cases/nigeria-factory-low-altitude-monitoring.html
/ar/cases/pakistan-power-plant-low-altitude-monitoring,ar,case_detail,strong,100,حالة مراقبة المجال الجوي لمحطة طاقة في باكستان,full_inventory,1290,4,1,7,26,30,0,206,203,Organization | ContactPoint | WebSite | Article | BreadcrumbList | ListItem,100,100,20,25,20,25,90,70,P2 建议增强,文章/案例缺少明显日期信号,补充发布日期或最后更新时间，提升可信度与 freshness,حالة مراقبة المجال الجوي لمحطة طاقة في باكستان | N-TET,حالة مراقبة المجال الجوي لمحطة طاقة في باكستان,حالة مراقبة المجال الجوي لمحطة طاقة في باكستان Project Overview | معدات ذات صلة | اطلب الحل وعرض السعر | نظرة عامة | معدات ذات صلة | اطلب الحل وعرض السعر | ????? ??? ???,.next/server/app/ar/cases/pakistan-power-plant-low-altitude-monitoring.html
/ar/cases/southern-grid-wildfire-uav-inspection,ar,case_detail,strong,100,تفتيش UAV للوقاية من حرائق الغابات في شبكة الكهرباء الجنوبية,full_inventory,1374,4,1,7,22,26,0,202,199,Organization | ContactPoint | WebSite | Article | BreadcrumbList | ListItem,100,100,20,25,20,25,90,70,P2 建议增强,文章/案例缺少明显日期信号,补充发布日期或最后更新时间，提升可信度与 freshness,تفتيش UAV للوقاية من حرائق الغابات في شبكة الكهرباء الجنوبية | N-TET,تفتيش UAV للوقاية من حرائق الغابات في شبكة الكهرباء الجنوبية,تفتيش UAV للوقاية من حرائق الغابات في شبكة الكهرباء الجنوبية Project Overview | معدات ذات صلة | اطلب الحل وعرض السعر | نظرة عامة | معدات ذات صلة | اطلب الحل وعرض السعر | ????? ??? ???,.next/server/app/ar/cases/southern-grid-wildfire-uav-inspection.html
/ar/cases/wildfire-emergency-transmission-line-uav-patrol,ar,case_detail,strong,100,دوريات UAV طارئة لخطوط النقل أثناء حرائق الغابات,full_inventory,1370,4,1,7,22,26,0,202,199,Organization | ContactPoint | WebSite | Article | BreadcrumbList | ListItem,100,100,20,25,20,25,90,70,P2 建议增强,文章/案例缺少明显日期信号,补充发布日期或最后更新时间，提升可信度与 freshness,دوريات UAV طارئة لخطوط النقل أثناء حرائق الغابات | N-TET,دوريات UAV طارئة لخطوط النقل أثناء حرائق الغابات,دوريات UAV طارئة لخطوط النقل أثناء حرائق الغابات Project Overview | معدات ذات صلة | اطلب الحل وعرض السعر | نظرة عامة | معدات ذات صلة | اطلب الحل وعرض السعر | ????? ??? ???,.next/server/app/ar/cases/wildfire-emergency-transmission-line-uav-patrol.html
/ar/cases/zhaoqing-long-distance-power-line-uav-inspection,ar,case_detail,strong,100,تفتيش UAV بعيد المدى لخطوط الطاقة في تشاوتشينغ,full_inventory,1358,4,1,7,22,34,0,202,199,Organization | ContactPoint | WebSite | Article | BreadcrumbList | ListItem,100,100,20,25,20,25,90,70,P2 建议增强,文章/案例缺少明显日期信号,补充发布日期或最后更新时间，提升可信度与 freshness,تفتيش UAV بعيد المدى لخطوط الطاقة في تشاوتشينغ | N-TET,تفتيش UAV بعيد المدى لخطوط الطاقة في تشاوتشينغ,تفتيش UAV بعيد المدى لخطوط الطاقة في تشاوتشينغ Project Overview | معدات ذات صلة | اطلب الحل وعرض السعر | نظرة عامة | معدات ذات صلة | اطلب الحل وعرض السعر | ????? ??? ???,.next/server/app/ar/cases/zhaoqing-long-distance-power-line-uav-inspection.html
/ar/contact,ar,contact,strong,100,عرض سعر UAV صناعي,high_value_ar,1190,3,1,3,20,20,0,191,188,Organization | ContactPoint | WebSite,96,95,20,20,15,21,76,56,P1 需要补内容,,,طلب عرض سعر UAV صناعي | N-TET,طلب عرض سعر UAV صناعي,عرض سعر UAV صناعي واستشارة مشروع | اطلب الحل وعرض السعر | اطلب الحل وعرض السعر,.next/server/app/ar/contact.html
/ar/media,ar,media_list,strong,100,أخبار UAV الصناعية,high_value_ar,1271,3,1,4,28,31,0,200,197,Organization | ContactPoint | WebSite,96,95,20,20,15,21,76,48,P1 需要补内容,,,أخبار UAV الصناعية | N-TET,أخبار UAV الصناعية,أخبار UAV الصناعية واقتصاد الارتفاع المنخفض | الأحدث | اطلب الحل وعرض السعر | اطلب الحل وعرض السعر,.next/server/app/ar/media.html
/ar/media/border-surveillance-uav-network-2026,ar,media_article,strong,85,شبكات UAV وEO/IR تعزز وضوح الدوريات عن بُعد,full_inventory,1386,9,1,5,20,22,0,198,195,Organization | ContactPoint | WebSite | Article | BreadcrumbList | ListItem,93,95,20,25,20,25,90,78,P3 保持监测,缺少页面类型应有证据：hasStats; 媒体文章缺少作者/编辑责任信号,按页面类型补齐证据模块，而不是继续堆关键词; 增加作者、编辑或 N-TET 技术团队署名及审核说明,شبكات UAV وEO/IR تعزز وضوح الدوريات عن بُعد | N-TET,شبكات UAV وEO/IR تعزز وضوح الدوريات عن بُعد,?????? ??????? ??????? ??????? | اطلب الحل وعرض السعر | ?????? ??????? ??????? ??????? | اطلب الحل وعرض السعر | ????? ??? ???,.next/server/app/ar/media/border-surveillance-uav-network-2026.html
/ar/media/industrial-uav-redundancy-2026,ar,media_article,strong,85,التحكم المزدوج الاحتياطي في الطيران: كيف تحقق UAV الصناعية موثوقية تشغيلية عالية,full_inventory,1397,9,1,5,20,22,0,198,195,Organization | ContactPoint | WebSite | Article | BreadcrumbList | ListItem,93,95,20,25,20,25,90,78,P3 保持监测,缺少页面类型应有证据：hasStats; 媒体文章缺少作者/编辑责任信号,按页面类型补齐证据模块，而不是继续堆关键词; 增加作者、编辑或 N-TET 技术团队署名及审核说明,التحكم المزدوج الاحتياطي في الطيران: كيف تحقق UAV الصناعية موثوقية تشغيلية عالية | N-TET,التحكم المزدوج الاحتياطي في الطيران: كيف تحقق UAV الصناعية موثوقية تشغيلية عالية,?????? ??????? ??????? ??????? | اطلب الحل وعرض السعر | ?????? ??????? ??????? ??????? | اطلب الحل وعرض السعر | ????? ??? ???,.next/server/app/ar/media/industrial-uav-redundancy-2026.html
/ar/media/low-altitude-economy-2026-outlook,ar,media_article,strong,85,اقتصاد المجال منخفض الارتفاع في الصين: توقعات 2026 لمسار نمو كبير,full_inventory,1390,9,1,5,20,22,0,198,195,Organization | ContactPoint | WebSite | Article | BreadcrumbList | ListItem,93,95,20,25,20,25,90,78,P3 保持监测,缺少页面类型应有证据：hasStats; 媒体文章缺少作者/编辑责任信号,按页面类型补齐证据模块，而不是继续堆关键词; 增加作者、编辑或 N-TET 技术团队署名及审核说明,اقتصاد المجال منخفض الارتفاع في الصين: توقعات 2026 لمسار نمو كبير | N-TET,اقتصاد المجال منخفض الارتفاع في الصين: توقعات 2026 لمسار نمو كبير,?????? ??????? ??????? ??????? | اطلب الحل وعرض السعر | ?????? ??????? ??????? ??????? | اطلب الحل وعرض السعر | ????? ??? ???,.next/server/app/ar/media/low-altitude-economy-2026-outlook.html
/ar/media/power-line-inspection-drone-guide-2026,ar,media_article,strong,85,Power Line Inspection Drone: UAV Workflows for Utility Corridors and Transmission Towers,full_inventory,4274,47,1,23,28,22,0,210,207,Organization | ContactPoint | WebSite | Article | BreadcrumbList | ListItem,100,100,25,25,20,25,95,100,P3 保持监测,,,Power Line Inspection Drone: UAV Workflows for Utility Corridors and Transmission Towers | N-TET,Power Line Inspection Drone: UAV Workflows for Utility Corridors and Transmission Towers,"?????? ??????? ??????? ??????? | What is a power line inspection drone? | Why utilities use drones for power line inspection | Power line drone inspection workflow | Which UAV platform fits each inspection task? | Payload selection: visible-light, thermal infrared, and LiDAR | What should a utility inspection report include? | N-TET system fit: corridor, tower, and substation inspection",.next/server/app/ar/media/power-line-inspection-drone-guide-2026.html
/ar/media/tethered-uav-persistent-surveillance-2026,ar,media_article,strong,85,UAV المربوطة: مراقبة جوية مستمرة للفعاليات والمواقع البعيدة,full_inventory,1364,9,1,5,20,22,0,198,195,Organization | ContactPoint | WebSite | Article | BreadcrumbList | ListItem,93,95,20,25,20,25,90,78,P3 保持监测,缺少页面类型应有证据：hasStats; 媒体文章缺少作者/编辑责任信号,按页面类型补齐证据模块，而不是继续堆关键词; 增加作者、编辑或 N-TET 技术团队署名及审核说明,UAV المربوطة: مراقبة جوية مستمرة للفعاليات والمواقع البعيدة | N-TET,UAV المربوطة: مراقبة جوية مستمرة للفعاليات والمواقع البعيدة,?????? ??????? ??????? ??????? | اطلب الحل وعرض السعر | ?????? ??????? ??????? ??????? | اطلب الحل وعرض السعر | ????? ??? ???,.next/server/app/ar/media/tethered-uav-persistent-surveillance-2026.html
/ar/products,ar,product_list,strong,100,أنظمة UAV الصناعية,high_value_ar,1293,9,1,4,46,41,0,209,206,Organization | ContactPoint | WebSite,100,100,20,20,15,21,76,68,P2 建议增强,,,أنظمة UAV الصناعية ومعدات المراقبة | N-TET,أنظمة UAV الصناعية ومعدات المراقبة,أنظمة UAV الصناعية ومعدات المراقبة وملاءمة المشروع | أنظمة UAV والطائرات بدون طيار | الأسئلة الشائعة لاختيار المنتجات | اطلب الحل وعرض السعر,.next/server/app/ar/products.html
/ar/products/bailey-bridge,ar,product_detail,strong,100,جسر بيلي فولاذي مسبق التجهيز,high_value_ar,1473,4,1,6,20,22,0,198,195,Organization | ContactPoint | WebSite | Product | BreadcrumbList | ListItem,100,100,20,25,15,25,85,78,P3 保持监测,缺少 FAQ / 采购问题解答模块,增加 3-5 个真实采购/部署问题，提升长尾覆盖和 AI 引用可读性,جسر بيلي فولاذي مسبق التجهيز | N-TET,جسر بيلي فولاذي مسبق التجهيز,جسر بيلي فولاذي مسبق التجهيز Technical Specifications | اطلب الحل وعرض السعر | نظرة عامة | المواصفات الفنية | اطلب الحل وعرض السعر | ????? ??? ???,.next/server/app/ar/products/bailey-bridge.html
/ar/products/composite-electro-optical-tracking-system,ar,product_detail,strong,100,نظام تتبع كهروبصري EO,full_inventory,1576,4,1,6,20,22,0,198,195,Organization | ContactPoint | WebSite | Product | BreadcrumbList | ListItem,100,100,25,25,15,25,90,92,P3 保持监测,缺少 FAQ / 采购问题解答模块,增加 3-5 个真实采购/部署问题，提升长尾覆盖和 AI 引用可读性,نظام تتبع كهروبصري EO | N-TET,نظام تتبع كهروبصري EO,نظام تتبع كهروبصري EO Technical Specifications | اطلب الحل وعرض السعر | نظرة عامة | المواصفات الفنية | اطلب الحل وعرض السعر | ????? ??? ???,.next/server/app/ar/products/composite-electro-optical-tracking-system.html
/ar/products/containerized-medical-rescue-system,ar,product_detail,strong,100,نظام مستشفى ميداني متنقل,full_inventory,1454,4,1,6,20,22,0,198,195,Organization | ContactPoint | WebSite | Product | BreadcrumbList | ListItem,100,100,20,25,15,25,85,78,P3 保持监测,缺少 FAQ / 采购问题解答模块,增加 3-5 个真实采购/部署问题，提升长尾覆盖和 AI 引用可读性,نظام مستشفى ميداني متنقل | N-TET,نظام مستشفى ميداني متنقل,نظام مستشفى ميداني متنقل Technical Specifications | اطلب الحل وعرض السعر | نظرة عامة | المواصفات الفنية | اطلب الحل وعرض السعر | ????? ??? ???,.next/server/app/ar/products/containerized-medical-rescue-system.html
/ar/products/emergency-search-rescue-drone,ar,product_detail,strong,100,thermal drones for search and rescue,full_inventory,1487,4,1,6,20,22,0,198,195,Organization | ContactPoint | WebSite | Product | BreadcrumbList | ListItem,100,100,25,25,15,25,90,92,P3 保持监测,缺少 FAQ / 采购问题解答模块,增加 3-5 个真实采购/部署问题，提升长尾覆盖和 AI 引用可读性,منصة UAV صناعية | N-TET,منصة UAV صناعية,منصة UAV صناعية Technical Specifications | اطلب الحل وعرض السعر | نظرة عامة | المواصفات الفنية | اطلب الحل وعرض السعر | ????? ??? ???,.next/server/app/ar/products/emergency-search-rescue-drone.html
/ar/products/fbg-g15-fc06-explosion-containment-vessel,ar,product_detail,strong,100,وعاء احتواء الانفجار FBG-G1.5-FC06,full_inventory,1467,4,1,6,20,22,0,198,195,Organization | ContactPoint | WebSite | Product | BreadcrumbList | ListItem,100,100,25,25,15,25,90,92,P3 保持监测,缺少 FAQ / 采购问题解答模块,增加 3-5 个真实采购/部署问题，提升长尾覆盖和 AI 引用可读性,وعاء احتواء الانفجار FBG-G1.5-FC06 | N-TET,وعاء احتواء الانفجار FBG-G1.5-FC06,وعاء احتواء الانفجار FBG-G1.5-FC06 Technical Specifications | اطلب الحل وعرض السعر | نظرة عامة | المواصفات الفنية | اطلب الحل وعرض السعر | ????? ??? ???,.next/server/app/ar/products/fbg-g15-fc06-explosion-containment-vessel.html
/ar/products/fbt-fc09-explosion-protection-blanket,ar,product_detail,strong,100,غطاء حماية من الانفجار FBT-FC09,full_inventory,1495,4,1,6,20,22,0,198,195,Organization | ContactPoint | WebSite | Product | BreadcrumbList | ListItem,100,100,25,25,15,25,90,92,P3 保持监测,缺少 FAQ / 采购问题解答模块,增加 3-5 个真实采购/部署问题，提升长尾覆盖和 AI 引用可读性,غطاء حماية من الانفجار FBT-FC09 | N-TET,غطاء حماية من الانفجار FBT-FC09,غطاء حماية من الانفجار FBT-FC09 Technical Specifications | اطلب الحل وعرض السعر | نظرة عامة | المواصفات الفنية | اطلب الحل وعرض السعر | ????? ??? ???,.next/server/app/ar/products/fbt-fc09-explosion-protection-blanket.html
/ar/products/fc-3000-ferromagnetic-detection-column,ar,product_detail,strong,100,ذكي كشف نظام FC 3000,full_inventory,1527,4,1,6,20,22,0,198,195,Organization | ContactPoint | WebSite | Product | BreadcrumbList | ListItem,100,100,25,25,15,25,90,92,P3 保持监测,缺少 FAQ / 采购问题解答模块,增加 3-5 个真实采购/部署问题，提升长尾覆盖和 AI 引用可读性,ذكي كشف نظام FC 3000 | N-TET,ذكي كشف نظام FC 3000,ذكي كشف نظام FC 3000 Technical Specifications | اطلب الحل وعرض السعر | نظرة عامة | المواصفات الفنية | اطلب الحل وعرض السعر | ????? ??? ???,.next/server/app/ar/products/fc-3000-ferromagnetic-detection-column.html
/ar/products/fc-c-deluxe-walk-through-metal-detector,ar,product_detail,strong,100,كاشف معادن أمني,full_inventory,1523,4,1,6,20,22,0,198,195,Organization | ContactPoint | WebSite | Product | BreadcrumbList | ListItem,100,100,25,25,15,25,90,92,P3 保持监测,缺少 FAQ / 采购问题解答模块,增加 3-5 个真实采购/部署问题，提升长尾覆盖和 AI 引用可读性,كاشف معادن أمني | N-TET,كاشف معادن أمني,كاشف معادن أمني Technical Specifications | اطلب الحل وعرض السعر | نظرة عامة | المواصفات الفنية | اطلب الحل وعرض السعر | ????? ??? ???,.next/server/app/ar/products/fc-c-deluxe-walk-through-metal-detector.html
/ar/products/fc-c-lcd-walk-through-metal-detector,ar,product_detail,strong,100,كاشف معادن أمني,full_inventory,1503,4,1,6,20,22,0,198,195,Organization | ContactPoint | WebSite | Product | BreadcrumbList | ListItem,100,100,25,25,15,25,90,92,P3 保持监测,缺少 FAQ / 采购问题解答模块,增加 3-5 个真实采购/部署问题，提升长尾覆盖和 AI 引用可读性,كاشف معادن أمني | N-TET,كاشف معادن أمني,كاشف معادن أمني Technical Specifications | اطلب الحل وعرض السعر | نظرة عامة | المواصفات الفنية | اطلب الحل وعرض السعر | ????? ??? ???,.next/server/app/ar/products/fc-c-lcd-walk-through-metal-detector.html
/ar/products/fc-dlxj-01-power-grid-inspection-drone,ar,product_detail,strong,100,drone power line inspection,full_inventory,1523,4,1,6,20,22,0,198,195,Organization | ContactPoint | WebSite | Product | BreadcrumbList | ListItem,100,100,25,25,15,25,90,92,P3 保持监测,缺少 FAQ / 采购问题解答模块,增加 3-5 个真实采购/部署问题，提升长尾覆盖和 AI 引用可读性,طائرة UAV لتفتيش شبكة الكهرباء | N-TET,طائرة UAV لتفتيش شبكة الكهرباء,طائرة UAV لتفتيش شبكة الكهرباء Technical Specifications | اطلب الحل وعرض السعر | نظرة عامة | المواصفات الفنية | اطلب الحل وعرض السعر | ????? ??? ???,.next/server/app/ar/products/fc-dlxj-01-power-grid-inspection-drone.html
/ar/products/fc-dma-long-range-optical-turntable,ar,product_detail,strong,100,برج PTZ كهروبصري متعدد الأطياف FC-DMA EO/IR PTZ,full_inventory,1765,4,1,6,20,22,0,198,195,Organization | ContactPoint | WebSite | Product | BreadcrumbList | ListItem,100,100,25,25,15,25,90,92,P3 保持监测,缺少 FAQ / 采购问题解答模块,增加 3-5 个真实采购/部署问题，提升长尾覆盖和 AI 引用可读性,برج PTZ كهروبصري متعدد الأطياف FC-DMA EO/IR PTZ | N-TET,برج PTZ كهروبصري متعدد الأطياف FC-DMA EO/IR PTZ,برج PTZ كهروبصري متعدد الأطياف FC-DMA EO/IR PTZ Technical Specifications | اطلب الحل وعرض السعر | نظرة عامة | المواصفات الفنية | اطلب الحل وعرض السعر | ????? ??? ???,.next/server/app/ar/products/fc-dma-long-range-optical-turntable.html
/ar/products/fc-dms10-smart-electronic-sentinel,ar,product_detail,strong,100,FC DMS10 ذكي,full_inventory,1555,4,1,6,20,22,0,198,195,Organization | ContactPoint | WebSite | Product | BreadcrumbList | ListItem,100,100,25,25,15,25,90,92,P3 保持监测,缺少 FAQ / 采购问题解答模块,增加 3-5 个真实采购/部署问题，提升长尾覆盖和 AI 引用可读性,FC DMS10 ذكي | N-TET,FC DMS10 ذكي,FC DMS10 ذكي Technical Specifications | اطلب الحل وعرض السعر | نظرة عامة | المواصفات الفنية | اطلب الحل وعرض السعر | ????? ??? ???,.next/server/app/ar/products/fc-dms10-smart-electronic-sentinel.html
/ar/products/fc-dtvc-dual-band-thermal-ptz,ar,product_detail,strong,100,FC DTVC حراري السرعة,full_inventory,1752,4,1,6,20,22,0,198,195,Organization | ContactPoint | WebSite | Product | BreadcrumbList | ListItem,100,100,25,25,15,25,90,92,P3 保持监测,缺少 FAQ / 采购问题解答模块,增加 3-5 个真实采购/部署问题，提升长尾覆盖和 AI 引用可读性,FC DTVC حراري السرعة | N-TET,FC DTVC حراري السرعة,FC DTVC حراري السرعة Technical Specifications | اطلب الحل وعرض السعر | نظرة عامة | المواصفات الفنية | اطلب الحل وعرض السعر | ????? ??? ???,.next/server/app/ar/products/fc-dtvc-dual-band-thermal-ptz.html
/ar/products/fc-h-smart-phone-detection-gate,ar,product_detail,strong,100,بوابة ذكية لكشف الهواتف,full_inventory,1576,4,1,6,20,22,0,198,195,Organization | ContactPoint | WebSite | Product | BreadcrumbList | ListItem,100,100,25,25,15,25,90,92,P3 保持监测,缺少 FAQ / 采购问题解答模块,增加 3-5 个真实采购/部署问题，提升长尾覆盖和 AI 引用可读性,بوابة ذكية لكشف الهواتف | N-TET,بوابة ذكية لكشف الهواتف,بوابة ذكية لكشف الهواتف Technical Specifications | اطلب الحل وعرض السعر | نظرة عامة | المواصفات الفنية | اطلب الحل وعرض السعر | ????? ??? ???,.next/server/app/ar/products/fc-h-smart-phone-detection-gate.html
/ar/products/fc-h-smart-phone-detection-gate-29in,ar,product_detail,strong,100,بوابة ذكية لكشف الهواتف,full_inventory,1542,4,1,6,20,22,0,198,195,Organization | ContactPoint | WebSite | Product | BreadcrumbList | ListItem,100,100,25,25,15,25,90,92,P3 保持监测,缺少 FAQ / 采购问题解答模块,增加 3-5 个真实采购/部署问题，提升长尾覆盖和 AI 引用可读性,بوابة ذكية لكشف الهواتف | N-TET,بوابة ذكية لكشف الهواتف,بوابة ذكية لكشف الهواتف Technical Specifications | اطلب الحل وعرض السعر | نظرة عامة | المواصفات الفنية | اطلب الحل وعرض السعر | ????? ??? ???,.next/server/app/ar/products/fc-h-smart-phone-detection-gate-29in.html
/ar/products/fc-pd500-personal-radiation-dose-alarm,ar,product_detail,strong,100,منبه جرعة إشعاع شخصية FC-PD500 X-,full_inventory,1612,4,1,6,20,22,0,198,195,Organization | ContactPoint | WebSite | Product | BreadcrumbList | ListItem,100,100,25,25,15,25,90,92,P3 保持监测,缺少 FAQ / 采购问题解答模块,增加 3-5 个真实采购/部署问题，提升长尾覆盖和 AI 引用可读性,منبه جرعة إشعاع شخصية FC-PD500 X- | N-TET,منبه جرعة إشعاع شخصية FC-PD500 X-,منبه جرعة إشعاع شخصية FC-PD500 X- Technical Specifications | اطلب الحل وعرض السعر | نظرة عامة | المواصفات الفنية | اطلب الحل وعرض السعر | ????? ??? ???,.next/server/app/ar/products/fc-pd500-personal-radiation-dose-alarm.html
/ar/products/fc-rc-series-hd-laser-camera,ar,product_detail,strong,100,FC RC HD مدى ليزر كاميرا,full_inventory,1654,4,1,6,20,22,0,198,195,Organization | ContactPoint | WebSite | Product | BreadcrumbList | ListItem,100,100,25,25,15,25,90,92,P3 保持监测,缺少 FAQ / 采购问题解答模块,增加 3-5 个真实采购/部署问题，提升长尾覆盖和 AI 引用可读性,FC RC HD مدى ليزر كاميرا | N-TET,FC RC HD مدى ليزر كاميرا,FC RC HD مدى ليزر كاميرا Technical Specifications | اطلب الحل وعرض السعر | نظرة عامة | المواصفات الفنية | اطلب الحل وعرض السعر | ????? ??? ???,.next/server/app/ar/products/fc-rc-series-hd-laser-camera.html
/ar/products/fc-rds500-4r-radar-vision-sentinel,ar,product_detail,strong,100,نظام دمج الرادار والرؤية,full_inventory,1718,4,1,6,20,22,0,198,195,Organization | ContactPoint | WebSite | Product | BreadcrumbList | ListItem,100,100,25,25,15,25,90,92,P3 保持监测,缺少 FAQ / 采购问题解答模块,增加 3-5 个真实采购/部署问题，提升长尾覆盖和 AI 引用可读性,نظام دمج الرادار والرؤية | N-TET,نظام دمج الرادار والرؤية,نظام دمج الرادار والرؤية Technical Specifications | اطلب الحل وعرض السعر | نظرة عامة | المواصفات الفنية | اطلب الحل وعرض السعر | ????? ??? ???,.next/server/app/ar/products/fc-rds500-4r-radar-vision-sentinel.html
/ar/products/fc-sljc-01-water-conservancy-monitoring-drone,ar,product_detail,strong,100,water conservancy monitoring UAV,full_inventory,1527,4,1,6,20,22,0,198,195,Organization | ContactPoint | WebSite | Product | BreadcrumbList | ListItem,100,100,25,25,15,25,90,92,P3 保持监测,缺少 FAQ / 采购问题解答模块,增加 3-5 个真实采购/部署问题，提升长尾覆盖和 AI 引用可读性,طائرة UAV لمراقبة المياه والأنهار | N-TET,طائرة UAV لمراقبة المياه والأنهار,طائرة UAV لمراقبة المياه والأنهار Technical Specifications | اطلب الحل وعرض السعر | نظرة عامة | المواصفات الفنية | اطلب الحل وعرض السعر | ????? ??? ???,.next/server/app/ar/products/fc-sljc-01-water-conservancy-monitoring-drone.html
/ar/products/fc-smart-swing-turnstile,ar,product_detail,strong,100,ذكي,full_inventory,1457,4,1,6,20,22,0,198,195,Organization | ContactPoint | WebSite | Product | BreadcrumbList | ListItem,100,100,20,25,15,25,85,78,P3 保持监测,缺少 FAQ / 采购问题解答模块,增加 3-5 个真实采购/部署问题，提升长尾覆盖和 AI 引用可读性,ذكي | N-TET,ذكي,ذكي Technical Specifications | اطلب الحل وعرض السعر | نظرة عامة | المواصفات الفنية | اطلب الحل وعرض السعر | ????? ??? ???,.next/server/app/ar/products/fc-smart-swing-turnstile.html
/ar/products/fc-ttvc-intelligent-multi-band-camera,ar,product_detail,strong,100,FC TTVC ذكي كاميرا,full_inventory,1810,4,1,6,20,22,0,198,195,Organization | ContactPoint | WebSite | Product | BreadcrumbList | ListItem,100,100,25,25,15,25,90,92,P3 保持监测,缺少 FAQ / 采购问题解答模块,增加 3-5 个真实采购/部署问题，提升长尾覆盖和 AI 引用可读性,FC TTVC ذكي كاميرا | N-TET,FC TTVC ذكي كاميرا,FC TTVC ذكي كاميرا Technical Specifications | اطلب الحل وعرض السعر | نظرة عامة | المواصفات الفنية | اطلب الحل وعرض السعر | ????? ??? ???,.next/server/app/ar/products/fc-ttvc-intelligent-multi-band-camera.html
/ar/products/fc-yjtx-01-emergency-communication-drone,ar,product_detail,strong,100,emergency communication UAV,high_value_ar,1497,4,1,6,20,22,0,198,195,Organization | ContactPoint | WebSite | Product | BreadcrumbList | ListItem,100,100,25,25,15,25,90,92,P3 保持监测,缺少 FAQ / 采购问题解答模块,增加 3-5 个真实采购/部署问题，提升长尾覆盖和 AI 引用可读性,منصة UAV مربوطة للاتصالات الطارئة | N-TET,منصة UAV مربوطة للاتصالات الطارئة,منصة UAV مربوطة للاتصالات الطارئة Technical Specifications | اطلب الحل وعرض السعر | نظرة عامة | المواصفات الفنية | اطلب الحل وعرض السعر | ????? ??? ???,.next/server/app/ar/products/fc-yjtx-01-emergency-communication-drone.html
/ar/products/fc-yjxf-01-aerial-firefighting-drone,ar,product_detail,strong,100,firefighting drone,high_value_ar,1557,4,1,6,20,22,0,198,195,Organization | ContactPoint | WebSite | Product | BreadcrumbList | ListItem,100,100,25,25,15,25,90,92,P3 保持监测,缺少 FAQ / 采购问题解答模块,增加 3-5 个真实采购/部署问题，提升长尾覆盖和 AI 引用可读性,منصة UAV مربوطة لدعم إطفاء المباني العالية | N-TET,منصة UAV مربوطة لدعم إطفاء المباني العالية,منصة UAV مربوطة لدعم إطفاء المباني العالية Technical Specifications | اطلب الحل وعرض السعر | نظرة عامة | المواصفات الفنية | اطلب الحل وعرض السعر | ????? ??? ???,.next/server/app/ar/products/fc-yjxf-01-aerial-firefighting-drone.html
/ar/products/fc-yjzc-01-emergency-reconnaissance-drone,ar,product_detail,strong,100,search and rescue drone,full_inventory,1525,4,1,6,20,22,0,198,195,Organization | ContactPoint | WebSite | Product | BreadcrumbList | ListItem,100,100,25,25,15,25,90,92,P3 保持监测,缺少 FAQ / 采购问题解答模块,增加 3-5 个真实采购/部署问题，提升长尾覆盖和 AI 引用可读性,طائرة بدون طيار للاستجابة الطارئة | N-TET,طائرة بدون طيار للاستجابة الطارئة,طائرة بدون طيار للاستجابة الطارئة Technical Specifications | اطلب الحل وعرض السعر | نظرة عامة | المواصفات الفنية | اطلب الحل وعرض السعر | ????? ??? ???,.next/server/app/ar/products/fc-yjzc-01-emergency-reconnaissance-drone.html
/ar/products/fc-yjzm-01-emergency-lighting-drone,ar,product_detail,strong,100,drone lighting,high_value_ar,1525,4,1,6,20,22,0,198,195,Organization | ContactPoint | WebSite | Product | BreadcrumbList | ListItem,100,100,25,25,15,25,90,92,P3 保持监测,缺少 FAQ / 采购问题解答模块,增加 3-5 个真实采购/部署问题，提升长尾覆盖和 AI 引用可读性,منصة UAV مربوطة للإضاءة الطارئة | N-TET,منصة UAV مربوطة للإضاءة الطارئة,منصة UAV مربوطة للإضاءة الطارئة Technical Specifications | اطلب الحل وعرض السعر | نظرة عامة | المواصفات الفنية | اطلب الحل وعرض السعر | ????? ??? ???,.next/server/app/ar/products/fc-yjzm-01-emergency-lighting-drone.html
/ar/products/fc-yqxj-01-utility-inspection-drone,ar,product_detail,strong,100,pipeline inspection drones,full_inventory,1542,4,1,6,20,22,0,198,195,Organization | ContactPoint | WebSite | Product | BreadcrumbList | ListItem,100,100,25,25,15,25,90,92,P3 保持监测,缺少 FAQ / 采购问题解答模块,增加 3-5 个真实采购/部署问题，提升长尾覆盖和 AI 引用可读性,طائرة UAV لتفتيش خطوط النفط والغاز | N-TET,طائرة UAV لتفتيش خطوط النفط والغاز,طائرة UAV لتفتيش خطوط النفط والغاز Technical Specifications | اطلب الحل وعرض السعر | نظرة عامة | المواصفات الفنية | اطلب الحل وعرض السعر | ????? ??? ???,.next/server/app/ar/products/fc-yqxj-01-utility-inspection-drone.html
/ar/products/fc1500-handheld-liquid-detector,ar,product_detail,strong,100,يدوي سوائل الكاشف FC1500,full_inventory,1514,4,1,6,20,22,0,198,195,Organization | ContactPoint | WebSite | Product | BreadcrumbList | ListItem,100,100,20,25,15,25,85,78,P3 保持监测,缺少 FAQ / 采购问题解答模块,增加 3-5 个真实采购/部署问题，提升长尾覆盖和 AI 引用可读性,يدوي سوائل الكاشف FC1500 | N-TET,يدوي سوائل الكاشف FC1500,يدوي سوائل الكاشف FC1500 Technical Specifications | اطلب الحل وعرض السعر | نظرة عامة | المواصفات الفنية | اطلب الحل وعرض السعر | ????? ??? ???,.next/server/app/ar/products/fc1500-handheld-liquid-detector.html
/ar/products/fc1500b-desktop-liquid-security-inspector,ar,product_detail,strong,100,سوائل أمن FC1500B,full_inventory,1525,4,1,6,20,22,0,198,195,Organization | ContactPoint | WebSite | Product | BreadcrumbList | ListItem,100,100,25,25,15,25,90,92,P3 保持监测,缺少 FAQ / 采购问题解答模块,增加 3-5 个真实采购/部署问题，提升长尾覆盖和 AI 引用可读性,سوائل أمن FC1500B | N-TET,سوائل أمن FC1500B,سوائل أمن FC1500B Technical Specifications | اطلب الحل وعرض السعر | نظرة عامة | المواصفات الفنية | اطلب الحل وعرض السعر | ????? ??? ???,.next/server/app/ar/products/fc1500b-desktop-liquid-security-inspector.html
/ar/products/fc1800b-portable-explosives-and-narcotics-detector,ar,product_detail,strong,100,محمول متفجرات مواد مخدرة الكاشف FC1800B,full_inventory,1508,4,1,6,20,22,0,198,195,Organization | ContactPoint | WebSite | Product | BreadcrumbList | ListItem,100,100,25,25,15,25,90,92,P3 保持监测,缺少 FAQ / 采购问题解答模块,增加 3-5 个真实采购/部署问题，提升长尾覆盖和 AI 引用可读性,محمول متفجرات مواد مخدرة الكاشف FC1800B | N-TET,محمول متفجرات مواد مخدرة الكاشف FC1800B,محمول متفجرات مواد مخدرة الكاشف FC1800B Technical Specifications | اطلب الحل وعرض السعر | نظرة عامة | المواصفات الفنية | اطلب الحل وعرض السعر | ????? ??? ???,.next/server/app/ar/products/fc1800b-portable-explosives-and-narcotics-detector.html
/ar/products/fc1800t-desktop-explosives-narcotics-detector,ar,product_detail,strong,100,متفجرات مواد مخدرة الكاشف FC1800T,full_inventory,1543,4,1,6,20,22,0,198,195,Organization | ContactPoint | WebSite | Product | BreadcrumbList | ListItem,100,100,25,25,15,25,90,92,P3 保持监测,缺少 FAQ / 采购问题解答模块,增加 3-5 个真实采购/部署问题，提升长尾覆盖和 AI 引用可读性,متفجرات مواد مخدرة الكاشف FC1800T | N-TET,متفجرات مواد مخدرة الكاشف FC1800T,متفجرات مواد مخدرة الكاشف FC1800T Technical Specifications | اطلب الحل وعرض السعر | نظرة عامة | المواصفات الفنية | اطلب الحل وعرض السعر | ????? ??? ???,.next/server/app/ar/products/fc1800t-desktop-explosives-narcotics-detector.html
/ar/products/fc2088-handheld-metal-detector,ar,product_detail,strong,100,كاشف معادن أمني,full_inventory,1509,4,1,6,20,22,0,198,195,Organization | ContactPoint | WebSite | Product | BreadcrumbList | ListItem,100,100,25,25,15,25,90,92,P3 保持监测,缺少 FAQ / 采购问题解答模块,增加 3-5 个真实采购/部署问题，提升长尾覆盖和 AI 引用可读性,كاشف معادن أمني | N-TET,كاشف معادن أمني,كاشف معادن أمني Technical Specifications | اطلب الحل وعرض السعر | نظرة عامة | المواصفات الفنية | اطلب الحل وعرض السعر | ????? ??? ???,.next/server/app/ar/products/fc2088-handheld-metal-detector.html
/ar/products/fc4028-neutron-ambient-dose-rate-meter,ar,product_detail,strong,100,FC4028 جرعة,full_inventory,1628,4,1,6,20,22,0,198,195,Organization | ContactPoint | WebSite | Product | BreadcrumbList | ListItem,100,100,25,25,15,25,90,92,P3 保持监测,缺少 FAQ / 采购问题解答模块,增加 3-5 个真实采购/部署问题，提升长尾覆盖和 AI 引用可读性,FC4028 جرعة | N-TET,FC4028 جرعة,FC4028 جرعة Technical Specifications | اطلب الحل وعرض السعر | نظرة عامة | المواصفات الفنية | اطلب الحل وعرض السعر | ????? ??? ???,.next/server/app/ar/products/fc4028-neutron-ambient-dose-rate-meter.html
/ar/products/fc5030-compact-x-ray-baggage-scanner,ar,product_detail,strong,100,ماسح أمني بالأشعة X للأمتعة والطرود,full_inventory,1554,4,1,6,20,22,0,198,195,Organization | ContactPoint | WebSite | Product | BreadcrumbList | ListItem,100,100,25,25,15,25,90,92,P3 保持监测,缺少 FAQ / 采购问题解答模块,增加 3-5 个真实采购/部署问题，提升长尾覆盖和 AI 引用可读性,ماسح أمني بالأشعة X للأمتعة والطرود | N-TET,ماسح أمني بالأشعة X للأمتعة والطرود,ماسح أمني بالأشعة X للأمتعة والطرود Technical Specifications | اطلب الحل وعرض السعر | نظرة عامة | المواصفات الفنية | اطلب الحل وعرض السعر | ????? ??? ???,.next/server/app/ar/products/fc5030-compact-x-ray-baggage-scanner.html
/ar/products/fc6550-standard-x-ray-baggage-scanner,ar,product_detail,strong,100,ماسح أمني بالأشعة X للأمتعة والطرود,full_inventory,1568,4,1,6,20,22,0,198,195,Organization | ContactPoint | WebSite | Product | BreadcrumbList | ListItem,100,100,25,25,15,25,90,92,P3 保持监测,缺少 FAQ / 采购问题解答模块,增加 3-5 个真实采购/部署问题，提升长尾覆盖和 AI 引用可读性,ماسح أمني بالأشعة X للأمتعة والطرود | N-TET,ماسح أمني بالأشعة X للأمتعة والطرود,ماسح أمني بالأشعة X للأمتعة والطرود Technical Specifications | اطلب الحل وعرض السعر | نظرة عامة | المواصفات الفنية | اطلب الحل وعرض السعر | ????? ??? ???,.next/server/app/ar/products/fc6550-standard-x-ray-baggage-scanner.html
/ar/products/fc6550d-dual-view-baggage-scanner,ar,product_detail,strong,100,ماسح أمني بالأشعة X للأمتعة والطرود,full_inventory,1522,4,1,6,20,22,0,198,195,Organization | ContactPoint | WebSite | Product | BreadcrumbList | ListItem,100,100,20,25,15,25,85,78,P3 保持监测,缺少 FAQ / 采购问题解答模块,增加 3-5 个真实采购/部署问题，提升长尾覆盖和 AI 引用可读性,ماسح أمني بالأشعة X للأمتعة والطرود | N-TET,ماسح أمني بالأشعة X للأمتعة والطرود,ماسح أمني بالأشعة X للأمتعة والطرود Technical Specifications | اطلب الحل وعرض السعر | نظرة عامة | المواصفات الفنية | اطلب الحل وعرض السعر | ????? ??? ???,.next/server/app/ar/products/fc6550d-dual-view-baggage-scanner.html
/ar/products/fc902-personal-radiation-dose-alarm,ar,product_detail,strong,100,منبه جرعة إشعاع شخصية X- FC902,full_inventory,1634,4,1,6,20,22,0,198,195,Organization | ContactPoint | WebSite | Product | BreadcrumbList | ListItem,100,100,25,25,15,25,90,92,P3 保持监测,缺少 FAQ / 采购问题解答模块,增加 3-5 个真实采购/部署问题，提升长尾覆盖和 AI 引用可读性,منبه جرعة إشعاع شخصية X- FC902 | N-TET,منبه جرعة إشعاع شخصية X- FC902,منبه جرعة إشعاع شخصية X- FC902 Technical Specifications | اطلب الحل وعرض السعر | نظرة عامة | المواصفات الفنية | اطلب الحل وعرض السعر | ????? ??? ???,.next/server/app/ar/products/fc902-personal-radiation-dose-alarm.html
/ar/products/handheld-rf-detection-system-mini,ar,product_detail,strong,100,جهاز يدوي لكشف ترددات RF,full_inventory,1545,4,1,6,20,22,0,198,195,Organization | ContactPoint | WebSite | Product | BreadcrumbList | ListItem,100,100,25,25,15,25,90,92,P3 保持监测,缺少 FAQ / 采购问题解答模块,增加 3-5 个真实采购/部署问题，提升长尾覆盖和 AI 引用可读性,جهاز يدوي لكشف ترددات RF | N-TET,جهاز يدوي لكشف ترددات RF,جهاز يدوي لكشف ترددات RF Technical Specifications | اطلب الحل وعرض السعر | نظرة عامة | المواصفات الفنية | اطلب الحل وعرض السعر | ????? ??? ???,.next/server/app/ar/products/handheld-rf-detection-system-mini.html
/ar/products/intelligent-mobile-cabin-hospital,ar,product_detail,strong,100,ذكي متنقل كابينة مستشفى,full_inventory,1448,4,1,6,20,22,0,198,195,Organization | ContactPoint | WebSite | Product | BreadcrumbList | ListItem,100,100,25,25,15,25,90,92,P3 保持监测,缺少 FAQ / 采购问题解答模块,增加 3-5 个真实采购/部署问题，提升长尾覆盖和 AI 引用可读性,ذكي متنقل كابينة مستشفى | N-TET,ذكي متنقل كابينة مستشفى,ذكي متنقل كابينة مستشفى Technical Specifications | اطلب الحل وعرض السعر | نظرة عامة | المواصفات الفنية | اطلب الحل وعرض السعر | ????? ??? ???,.next/server/app/ar/products/intelligent-mobile-cabin-hospital.html
/ar/products/low-altitude-3d-pulse-doppler-radar,ar,product_detail,strong,100,منخفض الارتفاع كشف رادار X,full_inventory,1557,4,1,6,20,22,0,198,195,Organization | ContactPoint | WebSite | Product | BreadcrumbList | ListItem,100,100,25,25,15,25,90,92,P3 保持监测,缺少 FAQ / 采购问题解答模块,增加 3-5 个真实采购/部署问题，提升长尾覆盖和 AI 引用可读性,منخفض الارتفاع كشف رادار X | N-TET,منخفض الارتفاع كشف رادار X,منخفض الارتفاع كشف رادار X Technical Specifications | اطلب الحل وعرض السعر | نظرة عامة | المواصفات الفنية | اطلب الحل وعرض السعر | ????? ??? ???,.next/server/app/ar/products/low-altitude-3d-pulse-doppler-radar.html
/ar/products/low-altitude-detection-radar-ku-band,ar,product_detail,strong,100,منخفض الارتفاع كشف رادار,full_inventory,1528,4,1,6,20,22,0,198,195,Organization | ContactPoint | WebSite | Product | BreadcrumbList | ListItem,100,100,25,25,15,25,90,92,P3 保持监测,缺少 FAQ / 采购问题解答模块,增加 3-5 个真实采购/部署问题，提升长尾覆盖和 AI 引用可读性,منخفض الارتفاع كشف رادار | N-TET,منخفض الارتفاع كشف رادار,منخفض الارتفاع كشف رادار Technical Specifications | اطلب الحل وعرض السعر | نظرة عامة | المواصفات الفنية | اطلب الحل وعرض السعر | ????? ??? ???,.next/server/app/ar/products/low-altitude-detection-radar-ku-band.html
/ar/products/multi-rotor-20kg-payload-uav,ar,product_detail,strong,100,منصة UAV صناعية,full_inventory,1517,4,1,6,20,22,0,198,195,Organization | ContactPoint | WebSite | Product | BreadcrumbList | ListItem,100,100,25,25,15,25,90,92,P3 保持监测,缺少 FAQ / 采购问题解答模块,增加 3-5 个真实采购/部署问题，提升长尾覆盖和 AI 引用可读性,منصة UAV صناعية | N-TET,منصة UAV صناعية,منصة UAV صناعية Technical Specifications | اطلب الحل وعرض السعر | نظرة عامة | المواصفات الفنية | اطلب الحل وعرض السعر | ????? ??? ???,.next/server/app/ar/products/multi-rotor-20kg-payload-uav.html
/ar/products/multi-rotor-3kg-payload-uav,ar,product_detail,strong,100,منصة UAV صناعية,full_inventory,1519,4,1,6,20,22,0,198,195,Organization | ContactPoint | WebSite | Product | BreadcrumbList | ListItem,100,100,25,25,15,25,90,92,P3 保持监测,缺少 FAQ / 采购问题解答模块,增加 3-5 个真实采购/部署问题，提升长尾覆盖和 AI 引用可读性,منصة UAV صناعية | N-TET,منصة UAV صناعية,منصة UAV صناعية Technical Specifications | اطلب الحل وعرض السعر | نظرة عامة | المواصفات الفنية | اطلب الحل وعرض السعر | ????? ??? ???,.next/server/app/ar/products/multi-rotor-3kg-payload-uav.html
/ar/products/multi-rotor-50kg-payload-uav,ar,product_detail,strong,100,منصة UAV صناعية,full_inventory,1503,4,1,6,20,22,0,198,195,Organization | ContactPoint | WebSite | Product | BreadcrumbList | ListItem,100,100,25,25,15,25,90,92,P3 保持监测,缺少 FAQ / 采购问题解答模块,增加 3-5 个真实采购/部署问题，提升长尾覆盖和 AI 引用可读性,منصة UAV صناعية | N-TET,منصة UAV صناعية,منصة UAV صناعية Technical Specifications | اطلب الحل وعرض السعر | نظرة عامة | المواصفات الفنية | اطلب الحل وعرض السعر | ????? ??? ???,.next/server/app/ar/products/multi-rotor-50kg-payload-uav.html
/ar/products/multi-rotor-8kg-payload-uav,ar,product_detail,strong,100,منصة UAV صناعية,full_inventory,1513,4,1,6,20,22,0,198,195,Organization | ContactPoint | WebSite | Product | BreadcrumbList | ListItem,100,100,25,25,15,25,90,92,P3 保持监测,缺少 FAQ / 采购问题解答模块,增加 3-5 个真实采购/部署问题，提升长尾覆盖和 AI 引用可读性,منصة UAV صناعية | N-TET,منصة UAV صناعية,منصة UAV صناعية Technical Specifications | اطلب الحل وعرض السعر | نظرة عامة | المواصفات الفنية | اطلب الحل وعرض السعر | ????? ??? ???,.next/server/app/ar/products/multi-rotor-8kg-payload-uav.html
/ar/products/portable-rf-detection-case,ar,product_detail,strong,100,نظام محمول لكشف ترددات RF,full_inventory,1525,4,1,6,20,22,0,198,195,Organization | ContactPoint | WebSite | Product | BreadcrumbList | ListItem,100,100,25,25,15,25,90,92,P3 保持监测,缺少 FAQ / 采购问题解答模块,增加 3-5 个真实采购/部署问题，提升长尾覆盖和 AI 引用可读性,نظام محمول لكشف ترددات RF | N-TET,نظام محمول لكشف ترددات RF,نظام محمول لكشف ترددات RF Technical Specifications | اطلب الحل وعرض السعر | نظرة عامة | المواصفات الفنية | اطلب الحل وعرض السعر | ????? ??? ???,.next/server/app/ar/products/portable-rf-detection-case.html
/ar/products/power-tower-inspection-drone,ar,product_detail,strong,100,drone power line inspection,full_inventory,1537,4,1,6,20,22,0,198,195,Organization | ContactPoint | WebSite | Product | BreadcrumbList | ListItem,100,100,25,25,15,25,90,92,P3 保持监测,缺少 FAQ / 采购问题解答模块,增加 3-5 个真实采购/部署问题，提升长尾覆盖和 AI 引用可读性,طائرة UAV لتفتيش أبراج الطاقة | N-TET,طائرة UAV لتفتيش أبراج الطاقة,طائرة UAV لتفتيش أبراج الطاقة Technical Specifications | اطلب الحل وعرض السعر | نظرة عامة | المواصفات الفنية | اطلب الحل وعرض السعر | ????? ??? ???,.next/server/app/ar/products/power-tower-inspection-drone.html
/ar/products/smart-substation-autonomous-inspection-system,ar,product_detail,strong,100,smart substation autonomous inspection,full_inventory,1526,4,1,6,20,22,0,198,195,Organization | ContactPoint | WebSite | Product | BreadcrumbList | ListItem,100,100,25,25,15,25,90,92,P3 保持监测,缺少 FAQ / 采购问题解答模块,增加 3-5 个真实采购/部署问题，提升长尾覆盖和 AI 引用可读性,طائرة UAV للتفتيش الميداني | N-TET,طائرة UAV للتفتيش الميداني,طائرة UAV للتفتيش الميداني Technical Specifications | اطلب الحل وعرض السعر | نظرة عامة | المواصفات الفنية | اطلب الحل وعرض السعر | ????? ??? ???,.next/server/app/ar/products/smart-substation-autonomous-inspection-system.html
/ar/products/stationary-rf-detection-system,ar,product_detail,strong,100,نظام ثابت لكشف ترددات RF,full_inventory,1535,4,1,6,20,22,0,198,195,Organization | ContactPoint | WebSite | Product | BreadcrumbList | ListItem,100,100,25,25,15,25,90,92,P3 保持监测,缺少 FAQ / 采购问题解答模块,增加 3-5 个真实采购/部署问题，提升长尾覆盖和 AI 引用可读性,نظام ثابت لكشف ترددات RF | N-TET,نظام ثابت لكشف ترددات RF,نظام ثابت لكشف ترددات RF Technical Specifications | اطلب الحل وعرض السعر | نظرة عامة | المواصفات الفنية | اطلب الحل وعرض السعر | ????? ??? ???,.next/server/app/ar/products/stationary-rf-detection-system.html
/ar/products/uav-remote-id-monitoring-system,ar,product_detail,strong,100,نظام التعريف عن بُعد للطائرات بدون طيار,full_inventory,1570,4,1,6,20,22,0,198,195,Organization | ContactPoint | WebSite | Product | BreadcrumbList | ListItem,100,100,25,25,15,25,90,92,P3 保持监测,缺少 FAQ / 采购问题解答模块,增加 3-5 个真实采购/部署问题，提升长尾覆盖和 AI 引用可读性,نظام التعريف عن بُعد للطائرات بدون طيار | N-TET,نظام التعريف عن بُعد للطائرات بدون طيار,نظام التعريف عن بُعد للطائرات بدون طيار Technical Specifications | اطلب الحل وعرض السعر | نظرة عامة | المواصفات الفنية | اطلب الحل وعرض السعر | ????? ??? ???,.next/server/app/ar/products/uav-remote-id-monitoring-system.html
/ar/products/vtol-135kg-mtow-uav,ar,product_detail,strong,100,منصة UAV صناعية,full_inventory,1503,4,1,6,20,22,0,198,195,Organization | ContactPoint | WebSite | Product | BreadcrumbList | ListItem,100,100,25,25,15,25,90,92,P3 保持监测,缺少 FAQ / 采购问题解答模块,增加 3-5 个真实采购/部署问题，提升长尾覆盖和 AI 引用可读性,منصة UAV صناعية | N-TET,منصة UAV صناعية,منصة UAV صناعية Technical Specifications | اطلب الحل وعرض السعر | نظرة عامة | المواصفات الفنية | اطلب الحل وعرض السعر | ????? ??? ???,.next/server/app/ar/products/vtol-135kg-mtow-uav.html
/ar/products/vtol-14kg-mtow-uav,ar,product_detail,strong,100,منصة UAV صناعية,full_inventory,1485,4,1,6,20,22,0,198,195,Organization | ContactPoint | WebSite | Product | BreadcrumbList | ListItem,100,100,25,25,15,25,90,92,P3 保持监测,缺少 FAQ / 采购问题解答模块,增加 3-5 个真实采购/部署问题，提升长尾覆盖和 AI 引用可读性,منصة UAV صناعية | N-TET,منصة UAV صناعية,منصة UAV صناعية Technical Specifications | اطلب الحل وعرض السعر | نظرة عامة | المواصفات الفنية | اطلب الحل وعرض السعر | ????? ??? ???,.next/server/app/ar/products/vtol-14kg-mtow-uav.html
/ar/products/vtol-26kg-mtow-uav,ar,product_detail,strong,100,منصة UAV صناعية,full_inventory,1497,4,1,6,20,22,0,198,195,Organization | ContactPoint | WebSite | Product | BreadcrumbList | ListItem,100,100,25,25,15,25,90,92,P3 保持监测,缺少 FAQ / 采购问题解答模块,增加 3-5 个真实采购/部署问题，提升长尾覆盖和 AI 引用可读性,منصة UAV صناعية | N-TET,منصة UAV صناعية,منصة UAV صناعية Technical Specifications | اطلب الحل وعرض السعر | نظرة عامة | المواصفات الفنية | اطلب الحل وعرض السعر | ????? ??? ???,.next/server/app/ar/products/vtol-26kg-mtow-uav.html
/ar/products/vtol-40kg-mtow-uav,ar,product_detail,strong,100,منصة UAV صناعية,full_inventory,1499,4,1,6,20,22,0,198,195,Organization | ContactPoint | WebSite | Product | BreadcrumbList | ListItem,100,100,25,25,15,25,90,92,P3 保持监测,缺少 FAQ / 采购问题解答模块,增加 3-5 个真实采购/部署问题，提升长尾覆盖和 AI 引用可读性,منصة UAV صناعية | N-TET,منصة UAV صناعية,منصة UAV صناعية Technical Specifications | اطلب الحل وعرض السعر | نظرة عامة | المواصفات الفنية | اطلب الحل وعرض السعر | ????? ??? ???,.next/server/app/ar/products/vtol-40kg-mtow-uav.html
/ar/products/vtol-64kg-mtow-uav,ar,product_detail,strong,100,منصة UAV صناعية,full_inventory,1503,4,1,6,20,22,0,198,195,Organization | ContactPoint | WebSite | Product | BreadcrumbList | ListItem,100,100,25,25,15,25,90,92,P3 保持监测,缺少 FAQ / 采购问题解答模块,增加 3-5 个真实采购/部署问题，提升长尾覆盖和 AI 引用可读性,منصة UAV صناعية | N-TET,منصة UAV صناعية,منصة UAV صناعية Technical Specifications | اطلب الحل وعرض السعر | نظرة عامة | المواصفات الفنية | اطلب الحل وعرض السعر | ????? ??? ???,.next/server/app/ar/products/vtol-64kg-mtow-uav.html
/ar/solutions,ar,solution_list,strong,100,حلول تفتيش UAV,high_value_ar,1294,3,1,11,46,50,0,222,219,Organization | ContactPoint | WebSite,96,95,20,20,15,21,76,48,P1 需要补内容,,,حلول تفتيش UAV | N-TET,حلول تفتيش UAV,حلول تفتيش UAV للفرق الصناعية | طائرة UAV للتفتيش الميداني | منصة UAV صناعية | حماية البنية التحتية الحرجة | أمن المناطق الحيوية | اطلب الحل وعرض السعر | طائرة UAV للتفتيش الميداني | منصة UAV صناعية,.next/server/app/ar/solutions.html
/ar/solutions/airport-low-altitude-monitoring,ar,solution_detail,strong,100,تطبيق مراقبة المجال الجوي للمطارات,full_inventory,1838,12,1,11,36,32,0,210,207,Organization | ContactPoint | WebSite | Service | BreadcrumbList | ListItem,100,100,25,25,20,25,95,100,P3 保持监测,,,تطبيق مراقبة المجال الجوي للمطارات | N-TET,تطبيق مراقبة المجال الجوي للمطارات,تطبيق مراقبة المجال الجوي للمطارات Workflow | المواصفات الفنية | معدات ذات صلة | الأسئلة الشائعة حول الحل | اطلب الحل وعرض السعر | نظرة عامة | المواصفات الفنية | معدات ذات صلة,.next/server/app/ar/solutions/airport-low-altitude-monitoring.html
/ar/solutions/airport-security-protection,ar,solution_detail,strong,100,حل أمني متكامل للمطارات,full_inventory,1937,12,1,11,42,38,0,216,213,Organization | ContactPoint | WebSite | Service | BreadcrumbList | ListItem,100,100,20,25,20,25,90,86,P3 保持监测,,,حل أمني متكامل للمطارات | N-TET,حل أمني متكامل للمطارات,حل أمني متكامل للمطارات Workflow | المواصفات الفنية | معدات ذات صلة | الأسئلة الشائعة حول الحل | اطلب الحل وعرض السعر | نظرة عامة | المواصفات الفنية | معدات ذات صلة,.next/server/app/ar/solutions/airport-security-protection.html
/ar/solutions/category/01_BorderPatrol,ar,solution_category,strong,100,UAV لدوريات الحدود,high_value_ar,1730,14,1,9,33,34,0,212,203,Organization | ContactPoint | WebSite,100,100,20,20,20,21,81,68,P2 建议增强,,,حلول UAV لدوريات الحدود | N-TET,حلول UAV لدوريات الحدود,UAV لدوريات الحدود ومراقبة السواحل | حلول UAV صناعية | منتجات موصى بها | الأسئلة الشائعة حول الحل | اطلب الحل وعرض السعر | احتياجات القطاع | حلول UAV صناعية | منتجات موصى بها,.next/server/app/ar/solutions/category/01_BorderPatrol.html
/ar/solutions/category/02_InfrastructureProtection,ar,solution_category,strong,85,UAV لتفتيش المنشآت الصناعية,high_value_ar,1921,18,1,9,35,36,0,218,205,Organization | ContactPoint | WebSite,100,100,20,20,20,21,81,68,P2 建议增强,,,حلول UAV لتفتيش المنشآت الصناعية | N-TET,حلول UAV لتفتيش المنشآت الصناعية,سيناريوهات تفتيش المنشآت الصناعية باستخدام UAV | حلول UAV صناعية | منتجات موصى بها | الأسئلة الشائعة حول الحل | اطلب الحل وعرض السعر | احتياجات القطاع | حلول UAV صناعية | منتجات موصى بها,.next/server/app/ar/solutions/category/02_InfrastructureProtection.html
/ar/solutions/category/03_KeyAreaSecurity,ar,solution_category,strong,100,مراقبة المجال الجوي للمطارات,high_value_ar,1762,14,1,9,39,40,0,218,209,Organization | ContactPoint | WebSite,100,100,20,20,20,21,81,68,P2 建议增强,,,مراقبة المجال الجوي للمطارات وأمن المناطق الرئيسية | N-TET,مراقبة المجال الجوي للمطارات وأمن المناطق الرئيسية,سيناريوهات مراقبة المجال الجوي للمطارات | حلول UAV صناعية | منتجات موصى بها | الأسئلة الشائعة حول الحل | اطلب الحل وعرض السعر | احتياجات القطاع | حلول UAV صناعية | منتجات موصى بها,.next/server/app/ar/solutions/category/03_KeyAreaSecurity.html
/ar/solutions/category/04_EmergencyRescue,ar,solution_category,strong,85,طائرات البحث والإنقاذ والطوارئ,high_value_ar,1713,14,1,9,33,34,0,212,203,Organization | ContactPoint | WebSite,100,100,20,20,20,21,81,68,P2 建议增强,,,حلول طائرات البحث والإنقاذ والطوارئ | N-TET,حلول طائرات البحث والإنقاذ والطوارئ,سير عمل UAV للبحث والإنقاذ والطوارئ | حلول UAV صناعية | منتجات موصى بها | الأسئلة الشائعة حول الحل | اطلب الحل وعرض السعر | احتياجات القطاع | حلول UAV صناعية | منتجات موصى بها,.next/server/app/ar/solutions/category/04_EmergencyRescue.html
/ar/solutions/chemical-plant-protection,ar,solution_detail,strong,100,طائرات تفتيش خطوط الأنابيب,high_value_ar,2294,30,1,14,42,42,0,208,205,Organization | ContactPoint | WebSite | Service | BreadcrumbList | ListItem,100,100,20,25,20,25,90,86,P3 保持监测,,,طائرات تفتيش خطوط الأنابيب لمراقبة المصانع الكيميائية | N-TET,طائرات تفتيش خطوط الأنابيب لمراقبة المصانع الكيميائية,طائرات تفتيش خطوط الأنابيب ومراقبة المنشآت | A Neutral Low-Altitude Risk Process for Chemical Sites | وحدات الحل | معدات ذات صلة | الأسئلة الشائعة حول الحل | اطلب الحل وعرض السعر | نظرة عامة | احتياجات القطاع,.next/server/app/ar/solutions/chemical-plant-protection.html
/ar/solutions/disaster-site-search-rescue-reconnaissance-uav-solution,ar,solution_detail,strong,100,طائرة البحث والإنقاذ,high_value_ar,2228,28,1,16,40,40,0,210,207,Organization | ContactPoint | WebSite | Service | BreadcrumbList | ListItem,100,100,20,25,20,25,90,86,P3 保持监测,,,حل طائرة البحث والإنقاذ | N-TET,حل طائرة البحث والإنقاذ,سير عمل طائرة البحث والإنقاذ | How UAVs Upgrade Emergency Reconnaissance | وحدات الحل | معدات ذات صلة | حالات ذات صلة | الأسئلة الشائعة حول الحل | اطلب الحل وعرض السعر | نظرة عامة,.next/server/app/ar/solutions/disaster-site-search-rescue-reconnaissance-uav-solution.html
/ar/solutions/emergency-communication-uav,ar,solution_detail,strong,100,طائرة UAV للاتصالات الطارئة,full_inventory,1735,12,1,11,28,24,0,202,199,Organization | ContactPoint | WebSite | Service | BreadcrumbList | ListItem,100,100,20,25,20,25,90,86,P3 保持监测,,,طائرة UAV للاتصالات الطارئة | N-TET,طائرة UAV للاتصالات الطارئة,طائرة UAV للاتصالات الطارئة Workflow | المواصفات الفنية | معدات ذات صلة | الأسئلة الشائعة حول الحل | اطلب الحل وعرض السعر | نظرة عامة | المواصفات الفنية | معدات ذات صلة,.next/server/app/ar/solutions/emergency-communication-uav.html
/ar/solutions/emergency-communication-uav-solution,ar,solution_detail,strong,85,منصة UAV للاتصالات الطارئة,full_inventory,1646,11,1,9,31,28,0,206,203,Organization | ContactPoint | WebSite | Service | BreadcrumbList | ListItem,100,100,20,25,20,25,90,86,P3 保持监测,,,منصة UAV للاتصالات الطارئة | N-TET,منصة UAV للاتصالات الطارئة,معدات ذات صلة | الأسئلة الشائعة حول الحل | اطلب الحل وعرض السعر | نظرة عامة | المواصفات الفنية | معدات ذات صلة | الأسئلة الشائعة حول الحل | اطلب الحل وعرض السعر,.next/server/app/ar/solutions/emergency-communication-uav-solution.html
/ar/solutions/emergency-lighting-uav,ar,solution_detail,strong,100,طائرة UAV للإضاءة الطارئة,full_inventory,1759,12,1,11,30,26,0,204,201,Organization | ContactPoint | WebSite | Service | BreadcrumbList | ListItem,100,100,25,25,20,25,95,100,P3 保持监测,,,طائرة UAV للإضاءة الطارئة | N-TET,طائرة UAV للإضاءة الطارئة,طائرة UAV للإضاءة الطارئة Workflow | المواصفات الفنية | معدات ذات صلة | الأسئلة الشائعة حول الحل | اطلب الحل وعرض السعر | نظرة عامة | المواصفات الفنية | معدات ذات صلة,.next/server/app/ar/solutions/emergency-lighting-uav.html
/ar/solutions/emergency-reconnaissance-uav,ar,solution_detail,strong,100,منصة UAV صناعية,full_inventory,1764,12,1,11,30,26,0,204,201,Organization | ContactPoint | WebSite | Service | BreadcrumbList | ListItem,100,100,25,25,20,25,95,100,P3 保持监测,,,منصة UAV صناعية | N-TET,منصة UAV صناعية,منصة UAV صناعية Workflow | المواصفات الفنية | معدات ذات صلة | الأسئلة الشائعة حول الحل | اطلب الحل وعرض السعر | نظرة عامة | المواصفات الفنية | معدات ذات صلة,.next/server/app/ar/solutions/emergency-reconnaissance-uav.html
/ar/solutions/emergency-search-rescue-uav-solution,ar,solution_detail,strong,85,منصة UAV صناعية,full_inventory,1668,11,1,11,33,30,0,208,205,Organization | ContactPoint | WebSite | Service | BreadcrumbList | ListItem,100,100,20,25,20,25,90,86,P3 保持监测,,,منصة UAV صناعية | N-TET,منصة UAV صناعية,معدات ذات صلة | حالات ذات صلة | الأسئلة الشائعة حول الحل | اطلب الحل وعرض السعر | نظرة عامة | المواصفات الفنية | معدات ذات صلة | حالات ذات صلة,.next/server/app/ar/solutions/emergency-search-rescue-uav-solution.html
/ar/solutions/high-rise-firefighting-uav-solution,ar,solution_detail,strong,85,منصة UAV لدعم الإطفاء والإنقاذ,full_inventory,1679,11,1,9,33,30,0,208,205,Organization | ContactPoint | WebSite | Service | BreadcrumbList | ListItem,100,100,20,25,20,25,90,86,P3 保持监测,,,منصة UAV لدعم الإطفاء والإنقاذ | N-TET,منصة UAV لدعم الإطفاء والإنقاذ,معدات ذات صلة | الأسئلة الشائعة حول الحل | اطلب الحل وعرض السعر | نظرة عامة | المواصفات الفنية | معدات ذات صلة | الأسئلة الشائعة حول الحل | اطلب الحل وعرض السعر,.next/server/app/ar/solutions/high-rise-firefighting-uav-solution.html
/ar/solutions/hydroelectric-dam-protection,ar,solution_detail,strong,100,حل مراقبة للسدود الكهرومائية,full_inventory,2219,24,1,14,40,40,0,208,205,Organization | ContactPoint | WebSite | Service | BreadcrumbList | ListItem,100,100,20,25,20,25,90,86,P3 保持监测,,,حل مراقبة للسدود الكهرومائية | N-TET,حل مراقبة للسدود الكهرومائية,حل مراقبة للسدود الكهرومائية Workflow | Low-Altitude Security Workflow for Dam Operations | وحدات الحل | معدات ذات صلة | الأسئلة الشائعة حول الحل | اطلب الحل وعرض السعر | نظرة عامة | احتياجات القطاع,.next/server/app/ar/solutions/hydroelectric-dam-protection.html
/ar/solutions/judicial-sector-security,ar,solution_detail,strong,100,حل أمني للمنشآت القضائية,full_inventory,1927,12,1,11,42,38,0,216,213,Organization | ContactPoint | WebSite | Service | BreadcrumbList | ListItem,100,100,20,25,20,25,90,86,P3 保持监测,,,حل أمني للمنشآت القضائية | N-TET,حل أمني للمنشآت القضائية,حل أمني للمنشآت القضائية Workflow | المواصفات الفنية | معدات ذات صلة | الأسئلة الشائعة حول الحل | اطلب الحل وعرض السعر | نظرة عامة | المواصفات الفنية | معدات ذات صلة,.next/server/app/ar/solutions/judicial-sector-security.html
/ar/solutions/land-based-maritime-surveillance,ar,solution_detail,strong,100,مراقبة بحرية أرضية وإنذار مبكر,full_inventory,1796,12,1,11,30,26,0,204,201,Organization | ContactPoint | WebSite | Service | BreadcrumbList | ListItem,100,100,20,25,20,25,90,86,P3 保持监测,,,مراقبة بحرية أرضية وإنذار مبكر | N-TET,مراقبة بحرية أرضية وإنذار مبكر,مراقبة بحرية أرضية وإنذار مبكر Workflow | المواصفات الفنية | معدات ذات صلة | الأسئلة الشائعة حول الحل | اطلب الحل وعرض السعر | نظرة عامة | المواصفات الفنية | معدات ذات صلة,.next/server/app/ar/solutions/land-based-maritime-surveillance.html
/ar/solutions/night-emergency-lighting-support-uav-solution,ar,solution_detail,strong,100,UAV مربوط للإضاءة,high_value_ar,2214,30,1,16,42,42,0,210,207,Organization | ContactPoint | WebSite | Service | BreadcrumbList | ListItem,100,100,25,25,20,25,95,100,P3 保持监测,,,حل UAV مربوط للإضاءة | N-TET,حل UAV مربوط للإضاءة,سير عمل UAV مربوط للإضاءة | كيف ترفع الطائرات بدون طيار كفاءة العمليات | وحدات الحل | معدات ذات صلة | حالات ذات صلة | الأسئلة الشائعة حول الحل | اطلب الحل وعرض السعر | نظرة عامة,.next/server/app/ar/solutions/night-emergency-lighting-support-uav-solution.html
/ar/solutions/oil-production-base-protection,ar,solution_detail,strong,100,oil and gas drone inspection,full_inventory,2274,25,1,14,40,40,0,208,205,Organization | ContactPoint | WebSite | Service | BreadcrumbList | ListItem,100,100,20,25,20,25,90,86,P3 保持监测,,,Oil and Gas Drone Inspection Solution | N-TET,Oil and Gas Drone Inspection Solution,Oil and Gas Drone Inspection Workflow | Layered Low-Altitude Protection for Oil Production Sites | وحدات الحل | معدات ذات صلة | الأسئلة الشائعة حول الحل | اطلب الحل وعرض السعر | نظرة عامة | احتياجات القطاع,.next/server/app/ar/solutions/oil-production-base-protection.html
/ar/solutions/post-disaster-emergency-communication-support-uav-solution,ar,solution_detail,strong,100,UAV للاتصالات الطارئة,high_value_ar,2199,26,1,16,40,40,0,210,207,Organization | ContactPoint | WebSite | Service | BreadcrumbList | ListItem,100,100,25,25,20,25,95,100,P3 保持监测,,,حل UAV للاتصالات الطارئة | N-TET,حل UAV للاتصالات الطارئة,سير عمل UAV للاتصالات الطارئة | كيف ترفع الطائرات بدون طيار كفاءة العمليات | وحدات الحل | معدات ذات صلة | حالات ذات صلة | الأسئلة الشائعة حول الحل | اطلب الحل وعرض السعر | نظرة عامة,.next/server/app/ar/solutions/post-disaster-emergency-communication-support-uav-solution.html
/ar/solutions/power-generation-facility-low-altitude-monitoring,ar,solution_detail,strong,100,مراقبة المجال الجوي لمنشآت توليد الطاقة,full_inventory,1835,12,1,11,36,32,0,210,207,Organization | ContactPoint | WebSite | Service | BreadcrumbList | ListItem,100,100,20,25,20,25,90,86,P3 保持监测,,,مراقبة المجال الجوي لمنشآت توليد الطاقة | N-TET,مراقبة المجال الجوي لمنشآت توليد الطاقة,مراقبة المجال الجوي لمنشآت توليد الطاقة Workflow | المواصفات الفنية | معدات ذات صلة | الأسئلة الشائعة حول الحل | اطلب الحل وعرض السعر | نظرة عامة | المواصفات الفنية | معدات ذات صلة,.next/server/app/ar/solutions/power-generation-facility-low-altitude-monitoring.html
/ar/solutions/power-line-uav-intelligent-inspection-solution,ar,solution_detail,strong,100,تفتيش خطوط الكهرباء بالطائرات بدون طيار,high_value_ar,2280,30,1,12,34,34,0,200,197,Organization | ContactPoint | WebSite | Service | BreadcrumbList | ListItem,93,95,20,25,15,25,85,86,P3 保持监测,缺少页面类型应有证据：hasRelatedProducts,按页面类型补齐证据模块，而不是继续堆关键词,حل تفتيش خطوط الكهرباء بالطائرات بدون طيار | N-TET,حل تفتيش خطوط الكهرباء بالطائرات بدون طيار,سير عمل تفتيش خطوط الكهرباء باستخدام UAV | كيف ترفع الطائرات بدون طيار كفاءة العمليات | وحدات الحل | الأسئلة الشائعة حول الحل | اطلب الحل وعرض السعر | نظرة عامة | احتياجات القطاع | كيف ترفع الطائرات بدون طيار كفاءة العمليات,.next/server/app/ar/solutions/power-line-uav-intelligent-inspection-solution.html
/ar/solutions/power-tower-inspection-uav-solution,ar,solution_detail,strong,85,طائرة UAV للتفتيش الميداني,full_inventory,1707,11,1,11,35,32,0,210,207,Organization | ContactPoint | WebSite | Service | BreadcrumbList | ListItem,100,100,20,25,20,25,90,86,P3 保持监测,,,طائرة UAV للتفتيش الميداني | N-TET,طائرة UAV للتفتيش الميداني,معدات ذات صلة | حالات ذات صلة | الأسئلة الشائعة حول الحل | اطلب الحل وعرض السعر | نظرة عامة | المواصفات الفنية | معدات ذات صلة | حالات ذات صلة,.next/server/app/ar/solutions/power-tower-inspection-uav-solution.html
/ar/solutions/smart-substation-autonomous-inspection-solution,ar,solution_detail,strong,85,طائرة UAV للتفتيش الميداني,full_inventory,1693,11,1,11,33,30,0,208,205,Organization | ContactPoint | WebSite | Service | BreadcrumbList | ListItem,100,100,20,25,20,25,90,86,P3 保持监测,,,طائرة UAV للتفتيش الميداني | N-TET,طائرة UAV للتفتيش الميداني,معدات ذات صلة | حالات ذات صلة | الأسئلة الشائعة حول الحل | اطلب الحل وعرض السعر | نظرة عامة | المواصفات الفنية | معدات ذات صلة | حالات ذات صلة,.next/server/app/ar/solutions/smart-substation-autonomous-inspection-solution.html
/ar/solutions/smart-substation-unattended-uav-inspection-solution,ar,solution_detail,strong,100,التفتيش الذاتي للمحطات الفرعية الذكية,high_value_ar,2241,24,1,16,46,51,0,212,209,Organization | ContactPoint | WebSite | Service | BreadcrumbList | ListItem,100,100,20,25,20,25,90,86,P3 保持监测,,,حل التفتيش الذاتي للمحطات الفرعية الذكية | N-TET,حل التفتيش الذاتي للمحطات الفرعية الذكية,سير عمل التفتيش الذاتي للمحطات الفرعية الذكية | How UAVs Upgrade Substation Inspection | وحدات الحل | معدات ذات صلة | حالات ذات صلة | الأسئلة الشائعة حول الحل | اطلب الحل وعرض السعر | نظرة عامة,.next/server/app/ar/solutions/smart-substation-unattended-uav-inspection-solution.html
/ar/solutions/sports-event-security,ar,solution_detail,strong,100,حل أمني للفعاليات الرياضية الكبرى,full_inventory,2192,27,1,14,48,54,0,216,213,Organization | ContactPoint | WebSite | Service | BreadcrumbList | ListItem,100,100,20,25,20,25,90,86,P3 保持监测,,,حل أمني للفعاليات الرياضية الكبرى | N-TET,حل أمني للفعاليات الرياضية الكبرى,حل أمني للفعاليات الرياضية الكبرى Workflow | How Integrated Monitoring and Screening Support Large Events | وحدات الحل | معدات ذات صلة | الأسئلة الشائعة حول الحل | اطلب الحل وعرض السعر | نظرة عامة | احتياجات القطاع,.next/server/app/ar/solutions/sports-event-security.html
/ar/solutions/tethered-lighting-uav-solution,ar,solution_detail,strong,85,منصة UAV للإضاءة الطارئة,full_inventory,1676,11,1,11,33,30,0,208,205,Organization | ContactPoint | WebSite | Service | BreadcrumbList | ListItem,100,100,20,25,20,25,90,86,P3 保持监测,,,منصة UAV للإضاءة الطارئة | N-TET,منصة UAV للإضاءة الطارئة,معدات ذات صلة | حالات ذات صلة | الأسئلة الشائعة حول الحل | اطلب الحل وعرض السعر | نظرة عامة | المواصفات الفنية | معدات ذات صلة | حالات ذات صلة,.next/server/app/ar/solutions/tethered-lighting-uav-solution.html
/ar/solutions/uav-maritime-emergency-rescue,ar,solution_detail,strong,100,إنقاذ بحري طارئ باستخدام UAV,full_inventory,1786,12,1,11,32,28,0,206,203,Organization | ContactPoint | WebSite | Service | BreadcrumbList | ListItem,100,100,20,25,20,25,90,86,P3 保持监测,,,إنقاذ بحري طارئ باستخدام UAV | N-TET,إنقاذ بحري طارئ باستخدام UAV,إنقاذ بحري طارئ باستخدام UAV Workflow | المواصفات الفنية | معدات ذات صلة | الأسئلة الشائعة حول الحل | اطلب الحل وعرض السعر | نظرة عامة | المواصفات الفنية | معدات ذات صلة,.next/server/app/ar/solutions/uav-maritime-emergency-rescue.html
/ar/solutions/uav-maritime-patrol,ar,solution_detail,strong,100,UAV للدوريات البحرية,high_value_ar,2170,26,1,16,38,38,0,210,207,Organization | ContactPoint | WebSite | Service | BreadcrumbList | ListItem,100,100,20,25,20,25,90,86,P3 保持监测,,,حل UAV للدوريات البحرية | N-TET,حل UAV للدوريات البحرية,سير عمل UAV للدوريات البحرية | كيف ترفع الطائرات بدون طيار كفاءة العمليات | وحدات الحل | معدات ذات صلة | حالات ذات صلة | الأسئلة الشائعة حول الحل | اطلب الحل وعرض السعر | نظرة عامة,.next/server/app/ar/solutions/uav-maritime-patrol.html
/ar/solutions/urban-high-rise-firefighting-emergency-uav-solution,ar,solution_detail,strong,100,طائرة مكافحة الحرائق,high_value_ar,2259,30,1,16,44,44,0,212,209,Organization | ContactPoint | WebSite | Service | BreadcrumbList | ListItem,100,100,25,25,20,25,95,100,P3 保持监测,,,حل طائرة مكافحة الحرائق | N-TET,حل طائرة مكافحة الحرائق,سير عمل طائرة مكافحة الحرائق | كيف ترفع الطائرات بدون طيار كفاءة العمليات | وحدات الحل | معدات ذات صلة | حالات ذات صلة | الأسئلة الشائعة حول الحل | اطلب الحل وعرض السعر | نظرة عامة,.next/server/app/ar/solutions/urban-high-rise-firefighting-emergency-uav-solution.html
/ar/solutions/water-conservancy-monitoring-uav-solution,ar,solution_detail,strong,85,طائرة UAV لمراقبة المياه,full_inventory,1691,11,1,11,33,30,0,208,205,Organization | ContactPoint | WebSite | Service | BreadcrumbList | ListItem,100,100,20,25,20,25,90,86,P3 保持监测,,,طائرة UAV لمراقبة المياه | N-TET,طائرة UAV لمراقبة المياه,معدات ذات صلة | حالات ذات صلة | الأسئلة الشائعة حول الحل | اطلب الحل وعرض السعر | نظرة عامة | المواصفات الفنية | معدات ذات صلة | حالات ذات صلة,.next/server/app/ar/solutions/water-conservancy-monitoring-uav-solution.html
/ar/solutions/water-conservancy-river-lake-uav-monitoring-solution,ar,solution_detail,strong,85,UAV لمراقبة الموارد المائية,high_value_ar,2426,32,1,16,42,42,0,208,205,Organization | ContactPoint | WebSite | Service | BreadcrumbList | ListItem,100,100,20,25,20,25,90,86,P3 保持监测,,,حل UAV لمراقبة الموارد المائية | N-TET,حل UAV لمراقبة الموارد المائية,سير عمل مراقبة الموارد المائية باستخدام UAV | كيف ترفع الطائرات بدون طيار كفاءة العمليات | وحدات الحل | معدات ذات صلة | حالات ذات صلة | الأسئلة الشائعة حول الحل | اطلب الحل وعرض السعر | نظرة عامة,.next/server/app/ar/solutions/water-conservancy-river-lake-uav-monitoring-solution.html
/en,en,home,strong,85,industrial UAV systems,high_value_en,1137,4,1,11,62,66,0,245,227,Organization | ContactPoint | WebSite,100,100,25,20,15,21,81,66,P2 建议增强,,,Industrial UAV Systems for Low-Altitude Operations | N-TET,Industrial UAV Systems for Low-Altitude Operations,Our Solutions | Product Center | Water Conservancy Monitoring Drone | Case Center | About Us | Latest News | Our Solutions | Product Center,.next/server/app/en.html
/en/about,en,about,strong,85,industrial UAV systems integrator,high_value_en,1180,8,1,5,22,23,0,191,175,Organization | ContactPoint | WebSite,100,100,25,20,15,21,81,66,P2 建议增强,,,Industrial UAV Systems Integrator Profile | N-TET,Industrial UAV Systems Integrator Profile,Industrial UAV Integration Capabilities | R&D Team | Company Profile | R&D Team | Get Solution & Quotation,.next/server/app/en/about.html
/en/accessories,en,accessory_list,strong,80,drone accessories,high_value_en,1265,8,1,11,79,76,0,245,230,Organization | ContactPoint | WebSite,100,100,25,20,15,21,81,74,P2 建议增强,,,Drone Accessories & UAV Components | N-TET,Drone Accessories & UAV Components,Drone Accessories and UAV Components for Industrial Platforms | Flight Controllers | UAV Motors | UAV Propellers | UAV Batteries | Electro-Optical Gimbals | UAV Engines | UAV Data Links,.next/server/app/en/accessories.html
/en/accessories/fc-bt1,en,accessory_detail,strong,85,FC-BT1 UAV Solid-State Battery,full_inventory,3986,6,1,6,25,24,0,198,181,Organization | ContactPoint | WebSite | Product | BreadcrumbList | ListItem,100,100,25,25,15,25,90,84,P3 保持监测,,,FC-BT1 UAV Solid-State Battery | N-TET Drone Accessories,FC-BT1 UAV Solid-State Battery,FC-BT1 UAV Solid-State Battery Technical Specifications | Get Solution & Quotation | Overview | Technical Specifications | Get Solution & Quotation | Related public pages,.next/server/app/en/accessories/fc-bt1.html
/en/accessories/fc-bt2,en,accessory_detail,strong,85,FC-BT2 UAV Solid-State Battery,full_inventory,3478,8,1,6,25,24,0,198,181,Organization | ContactPoint | WebSite | Product | BreadcrumbList | ListItem,100,100,25,25,15,25,90,84,P3 保持监测,,,FC-BT2 UAV Solid-State Battery | N-TET Drone Accessories,FC-BT2 UAV Solid-State Battery,FC-BT2 UAV Solid-State Battery Technical Specifications | Get Solution & Quotation | Overview | Technical Specifications | Get Solution & Quotation | Related public pages,.next/server/app/en/accessories/fc-bt2.html
/en/accessories/fc-bt3,en,accessory_detail,strong,85,FC-BT3 High-Voltage UAV Solid-State Battery,full_inventory,3597,8,1,6,26,24,0,198,181,Organization | ContactPoint | WebSite | Product | BreadcrumbList | ListItem,100,100,25,25,15,25,90,84,P3 保持监测,,,FC-BT3 High-Voltage UAV Solid-State Battery | N-TET Drone Accessories,FC-BT3 High-Voltage UAV Solid-State Battery,FC-BT3 High-Voltage UAV Solid-State Battery Technical Specifications | Get Solution & Quotation | Overview | Technical Specifications | Get Solution & Quotation | Related public pages,.next/server/app/en/accessories/fc-bt3.html
/en/accessories/fc-bt4,en,accessory_detail,strong,85,FC-BT4 High-Energy UAV Solid-State Battery,full_inventory,5467,6,1,6,25,24,0,198,181,Organization | ContactPoint | WebSite | Product | BreadcrumbList | ListItem,100,100,25,25,15,25,90,84,P3 保持监测,,,FC-BT4 High-Energy UAV Solid-State Battery | N-TET Drone Accessories,FC-BT4 High-Energy UAV Solid-State Battery,FC-BT4 High-Energy UAV Solid-State Battery Technical Specifications | Get Solution & Quotation | Overview | Technical Specifications | Get Solution & Quotation | Related public pages,.next/server/app/en/accessories/fc-bt4.html
/en/accessories/fc-btg,en,accessory_detail,strong,85,FC-BTG Training UAV Solid-State Battery,full_inventory,2757,4,1,6,25,24,0,198,181,Organization | ContactPoint | WebSite | Product | BreadcrumbList | ListItem,100,100,25,25,15,25,90,92,P3 保持监测,,,FC-BTG Training UAV Solid-State Battery | N-TET Drone Accessories,FC-BTG Training UAV Solid-State Battery,FC-BTG Training UAV Solid-State Battery Technical Specifications | Get Solution & Quotation | Overview | Technical Specifications | Get Solution & Quotation | Related public pages,.next/server/app/en/accessories/fc-btg.html
/en/accessories/fc-c2d-propeller,en,accessory_detail,strong,85,FC-C2D UAV Propeller,full_inventory,1549,4,1,6,21,22,0,198,181,Organization | ContactPoint | WebSite | Product | BreadcrumbList | ListItem,100,100,25,25,15,25,90,84,P3 保持监测,,,FC-C2D UAV Propeller | N-TET Drone Accessories,FC-C2D UAV Propeller,FC-C2D UAV Propeller Technical Specifications | Get Solution & Quotation | Overview | Technical Specifications | Get Solution & Quotation | Related public pages,.next/server/app/en/accessories/fc-c2d-propeller.html
/en/accessories/fc-c2e-propeller,en,accessory_detail,strong,85,FC-C2E UAV Propeller,full_inventory,1497,4,1,6,21,22,0,198,181,Organization | ContactPoint | WebSite | Product | BreadcrumbList | ListItem,100,100,25,25,15,25,90,84,P3 保持监测,,,FC-C2E UAV Propeller | N-TET Drone Accessories,FC-C2E UAV Propeller,FC-C2E UAV Propeller Technical Specifications | Get Solution & Quotation | Overview | Technical Specifications | Get Solution & Quotation | Related public pages,.next/server/app/en/accessories/fc-c2e-propeller.html
/en/accessories/fc-c2t-propeller,en,accessory_detail,strong,85,FC-C2T UAV Propeller,full_inventory,1525,2,1,6,21,22,0,198,181,Organization | ContactPoint | WebSite | Product | BreadcrumbList | ListItem,91,90,25,25,15,25,90,75,P3 保持监测,有效正文段落偏少,增加 3-6 个有信息量的段落，避免只靠卡片、导航和短摘要支撑页面,FC-C2T UAV Propeller | N-TET Drone Accessories,FC-C2T UAV Propeller,FC-C2T UAV Propeller Technical Specifications | Get Solution & Quotation | Overview | Technical Specifications | Get Solution & Quotation | Related public pages,.next/server/app/en/accessories/fc-c2t-propeller.html
/en/accessories/fc-c2u-propeller,en,accessory_detail,strong,85,FC-C2U UAV Propeller,full_inventory,1517,2,1,6,21,22,0,198,181,Organization | ContactPoint | WebSite | Product | BreadcrumbList | ListItem,91,90,25,25,15,25,90,75,P3 保持监测,有效正文段落偏少,增加 3-6 个有信息量的段落，避免只靠卡片、导航和短摘要支撑页面,FC-C2U UAV Propeller | N-TET Drone Accessories,FC-C2U UAV Propeller,FC-C2U UAV Propeller Technical Specifications | Get Solution & Quotation | Overview | Technical Specifications | Get Solution & Quotation | Related public pages,.next/server/app/en/accessories/fc-c2u-propeller.html
/en/accessories/fc-c2ud-propeller,en,accessory_detail,strong,85,FC-C2UD UAV Propeller,full_inventory,1567,4,1,6,21,22,0,198,181,Organization | ContactPoint | WebSite | Product | BreadcrumbList | ListItem,100,100,25,25,15,25,90,84,P3 保持监测,,,FC-C2UD UAV Propeller | N-TET Drone Accessories,FC-C2UD UAV Propeller,FC-C2UD UAV Propeller Technical Specifications | Get Solution & Quotation | Overview | Technical Specifications | Get Solution & Quotation | Related public pages,.next/server/app/en/accessories/fc-c2ud-propeller.html
/en/accessories/fc-fdj-111,en,accessory_detail,strong,100,FC-FDJ-111 UAV Engine,full_inventory,1329,4,1,6,20,22,0,198,181,Organization | ContactPoint | WebSite | Product | BreadcrumbList | ListItem,100,100,25,25,15,25,90,84,P3 保持监测,,,FC-FDJ-111 UAV Engine | N-TET Drone Accessories,FC-FDJ-111 UAV Engine,FC-FDJ-111 UAV Engine Technical Specifications | Get Solution & Quotation | Overview | Technical Specifications | Get Solution & Quotation | Related public pages,.next/server/app/en/accessories/fc-fdj-111.html
/en/accessories/fc-fdj-120,en,accessory_detail,strong,100,FC-FDJ-120 UAV Engine,full_inventory,1307,2,1,6,20,22,0,198,181,Organization | ContactPoint | WebSite | Product | BreadcrumbList | ListItem,91,90,25,25,15,25,90,75,P3 保持监测,有效正文段落偏少,增加 3-6 个有信息量的段落，避免只靠卡片、导航和短摘要支撑页面,FC-FDJ-120 UAV Engine | N-TET Drone Accessories,FC-FDJ-120 UAV Engine,FC-FDJ-120 UAV Engine Technical Specifications | Get Solution & Quotation | Overview | Technical Specifications | Get Solution & Quotation | Related public pages,.next/server/app/en/accessories/fc-fdj-120.html
/en/accessories/fc-fdj-120hd,en,accessory_detail,strong,100,FC-FDJ-120HD UAV Engine,full_inventory,1273,2,1,6,20,22,0,198,181,Organization | ContactPoint | WebSite | Product | BreadcrumbList | ListItem,91,90,25,25,15,25,90,75,P3 保持监测,有效正文段落偏少,增加 3-6 个有信息量的段落，避免只靠卡片、导航和短摘要支撑页面,FC-FDJ-120HD UAV Engine | N-TET Drone Accessories,FC-FDJ-120HD UAV Engine,FC-FDJ-120HD UAV Engine Technical Specifications | Get Solution & Quotation | Overview | Technical Specifications | Get Solution & Quotation | Related public pages,.next/server/app/en/accessories/fc-fdj-120hd.html
/en/accessories/fc-fdj-170,en,accessory_detail,strong,100,FC-FDJ-170 UAV Engine,full_inventory,1297,2,1,6,20,22,0,198,181,Organization | ContactPoint | WebSite | Product | BreadcrumbList | ListItem,91,90,25,25,15,25,90,75,P3 保持监测,有效正文段落偏少,增加 3-6 个有信息量的段落，避免只靠卡片、导航和短摘要支撑页面,FC-FDJ-170 UAV Engine | N-TET Drone Accessories,FC-FDJ-170 UAV Engine,FC-FDJ-170 UAV Engine Technical Specifications | Get Solution & Quotation | Overview | Technical Specifications | Get Solution & Quotation | Related public pages,.next/server/app/en/accessories/fc-fdj-170.html
/en/accessories/fc-fdj-200,en,accessory_detail,strong,100,FC-FDJ-200 UAV Engine,full_inventory,1285,2,1,6,20,22,0,198,181,Organization | ContactPoint | WebSite | Product | BreadcrumbList | ListItem,91,90,25,25,15,25,90,75,P3 保持监测,有效正文段落偏少,增加 3-6 个有信息量的段落，避免只靠卡片、导航和短摘要支撑页面,FC-FDJ-200 UAV Engine | N-TET Drone Accessories,FC-FDJ-200 UAV Engine,FC-FDJ-200 UAV Engine Technical Specifications | Get Solution & Quotation | Overview | Technical Specifications | Get Solution & Quotation | Related public pages,.next/server/app/en/accessories/fc-fdj-200.html
/en/accessories/fc-fdj-222,en,accessory_detail,strong,100,FC-FDJ-222 UAV Engine,full_inventory,1307,2,1,6,20,22,0,198,181,Organization | ContactPoint | WebSite | Product | BreadcrumbList | ListItem,91,90,25,25,15,25,90,75,P3 保持监测,有效正文段落偏少,增加 3-6 个有信息量的段落，避免只靠卡片、导航和短摘要支撑页面,FC-FDJ-222 UAV Engine | N-TET Drone Accessories,FC-FDJ-222 UAV Engine,FC-FDJ-222 UAV Engine Technical Specifications | Get Solution & Quotation | Overview | Technical Specifications | Get Solution & Quotation | Related public pages,.next/server/app/en/accessories/fc-fdj-222.html
/en/accessories/fc-fdj-430,en,accessory_detail,strong,100,FC-FDJ-430 UAV Engine,full_inventory,1447,4,1,6,20,22,0,198,181,Organization | ContactPoint | WebSite | Product | BreadcrumbList | ListItem,100,100,25,25,15,25,90,84,P3 保持监测,,,FC-FDJ-430 UAV Engine | N-TET Drone Accessories,FC-FDJ-430 UAV Engine,FC-FDJ-430 UAV Engine Technical Specifications | Get Solution & Quotation | Overview | Technical Specifications | Get Solution & Quotation | Related public pages,.next/server/app/en/accessories/fc-fdj-430.html
/en/accessories/fc-fdj-55,en,accessory_detail,strong,100,FC-FDJ-55 UAV Engine,full_inventory,1335,4,1,6,20,22,0,198,181,Organization | ContactPoint | WebSite | Product | BreadcrumbList | ListItem,100,100,25,25,15,25,90,84,P3 保持监测,,,FC-FDJ-55 UAV Engine | N-TET Drone Accessories,FC-FDJ-55 UAV Engine,FC-FDJ-55 UAV Engine Technical Specifications | Get Solution & Quotation | Overview | Technical Specifications | Get Solution & Quotation | Related public pages,.next/server/app/en/accessories/fc-fdj-55.html
/en/accessories/fc-fdj-60,en,accessory_detail,strong,100,FC-FDJ-60 UAV Engine,full_inventory,1307,2,1,6,20,22,0,198,181,Organization | ContactPoint | WebSite | Product | BreadcrumbList | ListItem,91,90,25,25,15,25,90,75,P3 保持监测,有效正文段落偏少,增加 3-6 个有信息量的段落，避免只靠卡片、导航和短摘要支撑页面,FC-FDJ-60 UAV Engine | N-TET Drone Accessories,FC-FDJ-60 UAV Engine,FC-FDJ-60 UAV Engine Technical Specifications | Get Solution & Quotation | Overview | Technical Specifications | Get Solution & Quotation | Related public pages,.next/server/app/en/accessories/fc-fdj-60.html
/en/accessories/fc-fdj-61,en,accessory_detail,strong,100,FC-FDJ-61 UAV Engine,full_inventory,1307,2,1,6,20,22,0,198,181,Organization | ContactPoint | WebSite | Product | BreadcrumbList | ListItem,91,90,25,25,15,25,90,75,P3 保持监测,有效正文段落偏少,增加 3-6 个有信息量的段落，避免只靠卡片、导航和短摘要支撑页面,FC-FDJ-61 UAV Engine | N-TET Drone Accessories,FC-FDJ-61 UAV Engine,FC-FDJ-61 UAV Engine Technical Specifications | Get Solution & Quotation | Overview | Technical Specifications | Get Solution & Quotation | Related public pages,.next/server/app/en/accessories/fc-fdj-61.html
/en/accessories/fc-fdj-70hd,en,accessory_detail,strong,100,FC-FDJ-70HD UAV Engine,full_inventory,1275,2,1,6,20,22,0,198,181,Organization | ContactPoint | WebSite | Product | BreadcrumbList | ListItem,91,90,25,25,15,25,90,75,P3 保持监测,有效正文段落偏少,增加 3-6 个有信息量的段落，避免只靠卡片、导航和短摘要支撑页面,FC-FDJ-70HD UAV Engine | N-TET Drone Accessories,FC-FDJ-70HD UAV Engine,FC-FDJ-70HD UAV Engine Technical Specifications | Get Solution & Quotation | Overview | Technical Specifications | Get Solution & Quotation | Related public pages,.next/server/app/en/accessories/fc-fdj-70hd.html
/en/accessories/fc-fdj-85,en,accessory_detail,strong,100,FC-FDJ-85 UAV Engine,full_inventory,1307,2,1,6,20,22,0,198,181,Organization | ContactPoint | WebSite | Product | BreadcrumbList | ListItem,91,90,25,25,15,25,90,75,P3 保持监测,有效正文段落偏少,增加 3-6 个有信息量的段落，避免只靠卡片、导航和短摘要支撑页面,FC-FDJ-85 UAV Engine | N-TET Drone Accessories,FC-FDJ-85 UAV Engine,FC-FDJ-85 UAV Engine Technical Specifications | Get Solution & Quotation | Overview | Technical Specifications | Get Solution & Quotation | Related public pages,.next/server/app/en/accessories/fc-fdj-85.html
/en/accessories/fc-l10tr-three-light-gimbal,en,accessory_detail,strong,100,FC-L10TR Electro-Optical Gimbal,full_inventory,1845,4,1,6,18,22,0,198,181,Organization | ContactPoint | WebSite | Product | BreadcrumbList | ListItem,100,100,25,25,15,25,90,92,P3 保持监测,,,FC-L10TR Electro-Optical Gimbal | N-TET Drone Accessories,FC-L10TR Electro-Optical Gimbal,FC-L10TR Electro-Optical Gimbal Technical Specifications | Get Solution & Quotation | Overview | Technical Specifications | Get Solution & Quotation | Related public pages,.next/server/app/en/accessories/fc-l10tr-three-light-gimbal.html
/en/accessories/fc-l40-smart-optical-pod,en,accessory_detail,strong,100,FC-L40 Electro-Optical Gimbal,full_inventory,1665,4,1,6,18,22,0,198,181,Organization | ContactPoint | WebSite | Product | BreadcrumbList | ListItem,100,100,25,25,15,25,90,92,P3 保持监测,,,FC-L40 Electro-Optical Gimbal | N-TET Drone Accessories,FC-L40 Electro-Optical Gimbal,FC-L40 Electro-Optical Gimbal Technical Specifications | Get Solution & Quotation | Overview | Technical Specifications | Get Solution & Quotation | Related public pages,.next/server/app/en/accessories/fc-l40-smart-optical-pod.html
/en/accessories/fc-l40t-dual-light-gimbal,en,accessory_detail,strong,100,FC-L40T Electro-Optical Gimbal,full_inventory,1781,4,1,6,18,22,0,198,181,Organization | ContactPoint | WebSite | Product | BreadcrumbList | ListItem,100,100,25,25,15,25,90,92,P3 保持监测,,,FC-L40T Electro-Optical Gimbal | N-TET Drone Accessories,FC-L40T Electro-Optical Gimbal,FC-L40T Electro-Optical Gimbal Technical Specifications | Get Solution & Quotation | Overview | Technical Specifications | Get Solution & Quotation | Related public pages,.next/server/app/en/accessories/fc-l40t-dual-light-gimbal.html
/en/accessories/fc-l40tr-smart-optical-pod,en,accessory_detail,strong,100,FC-L40TR Electro-Optical Gimbal,full_inventory,1829,4,1,6,18,22,0,198,181,Organization | ContactPoint | WebSite | Product | BreadcrumbList | ListItem,100,100,25,25,15,25,90,92,P3 保持监测,,,FC-L40TR Electro-Optical Gimbal | N-TET Drone Accessories,FC-L40TR Electro-Optical Gimbal,FC-L40TR Electro-Optical Gimbal Technical Specifications | Get Solution & Quotation | Overview | Technical Specifications | Get Solution & Quotation | Related public pages,.next/server/app/en/accessories/fc-l40tr-smart-optical-pod.html
/en/accessories/fc-l50-smart-optical-pod,en,accessory_detail,strong,100,FC-L50 Electro-Optical Gimbal,full_inventory,1689,4,1,6,18,22,0,198,181,Organization | ContactPoint | WebSite | Product | BreadcrumbList | ListItem,100,100,25,25,15,25,90,92,P3 保持监测,,,FC-L50 Electro-Optical Gimbal | N-TET Drone Accessories,FC-L50 Electro-Optical Gimbal,FC-L50 Electro-Optical Gimbal Technical Specifications | Get Solution & Quotation | Overview | Technical Specifications | Get Solution & Quotation | Related public pages,.next/server/app/en/accessories/fc-l50-smart-optical-pod.html
/en/accessories/fc-ln100-dual-light-gimbal,en,accessory_detail,strong,100,FC-LN100 Electro-Optical Gimbal,full_inventory,1769,4,1,6,18,22,0,198,181,Organization | ContactPoint | WebSite | Product | BreadcrumbList | ListItem,100,100,25,25,15,25,90,92,P3 保持监测,,,FC-LN100 Electro-Optical Gimbal | N-TET Drone Accessories,FC-LN100 Electro-Optical Gimbal,FC-LN100 Electro-Optical Gimbal Technical Specifications | Get Solution & Quotation | Overview | Technical Specifications | Get Solution & Quotation | Related public pages,.next/server/app/en/accessories/fc-ln100-dual-light-gimbal.html
/en/accessories/fc-ln95-dual-light-gimbal,en,accessory_detail,strong,100,FC-LN95 Electro-Optical Gimbal,full_inventory,1823,4,1,6,18,22,0,198,181,Organization | ContactPoint | WebSite | Product | BreadcrumbList | ListItem,100,100,25,25,15,25,90,92,P3 保持监测,,,FC-LN95 Electro-Optical Gimbal | N-TET Drone Accessories,FC-LN95 Electro-Optical Gimbal,FC-LN95 Electro-Optical Gimbal Technical Specifications | Get Solution & Quotation | Overview | Technical Specifications | Get Solution & Quotation | Related public pages,.next/server/app/en/accessories/fc-ln95-dual-light-gimbal.html
/en/accessories/fc-max-5330,en,accessory_detail,strong,100,FC-MAX 5330 UAV Motor,full_inventory,4706,2,1,6,23,22,0,198,181,Organization | ContactPoint | WebSite | Product | BreadcrumbList | ListItem,91,90,25,25,15,25,90,83,P3 保持监测,有效正文段落偏少,增加 3-6 个有信息量的段落，避免只靠卡片、导航和短摘要支撑页面,FC-MAX 5330 UAV Motor | N-TET Drone Accessories,FC-MAX 5330 UAV Motor,FC-MAX 5330 UAV Motor Technical Specifications | Get Solution & Quotation | Overview | Technical Specifications | Get Solution & Quotation | Related public pages,.next/server/app/en/accessories/fc-max-5330.html
/en/accessories/fc-mesh-100,en,accessory_detail,strong,85,FC-Mesh-100 UAV Data Link,full_inventory,1762,6,1,6,22,22,0,198,181,Organization | ContactPoint | WebSite | Product | BreadcrumbList | ListItem,100,100,25,25,15,25,90,84,P3 保持监测,,,FC-Mesh-100 UAV Data Link | N-TET Drone Accessories,FC-Mesh-100 UAV Data Link,FC-Mesh-100 UAV Data Link Technical Specifications | Get Solution & Quotation | Overview | Technical Specifications | Get Solution & Quotation | Related public pages,.next/server/app/en/accessories/fc-mesh-100.html
/en/accessories/fc-mini-l10tr-smart-optical-pod,en,accessory_detail,strong,100,FC-MiniL10TR Electro-Optical Gimbal,full_inventory,1793,4,1,6,18,22,0,198,181,Organization | ContactPoint | WebSite | Product | BreadcrumbList | ListItem,100,100,25,25,15,25,90,92,P3 保持监测,,,FC-MiniL10TR Electro-Optical Gimbal | N-TET Drone Accessories,FC-MiniL10TR Electro-Optical Gimbal,FC-MiniL10TR Electro-Optical Gimbal Technical Specifications | Get Solution & Quotation | Overview | Technical Specifications | Get Solution & Quotation | Related public pages,.next/server/app/en/accessories/fc-mini-l10tr-smart-optical-pod.html
/en/accessories/fc-pab-propeller,en,accessory_detail,strong,85,FC-PAB UAV Propeller,full_inventory,1537,2,1,6,21,22,0,198,181,Organization | ContactPoint | WebSite | Product | BreadcrumbList | ListItem,91,90,25,25,15,25,90,75,P3 保持监测,有效正文段落偏少,增加 3-6 个有信息量的段落，避免只靠卡片、导航和短摘要支撑页面,FC-PAB UAV Propeller | N-TET Drone Accessories,FC-PAB UAV Propeller,FC-PAB UAV Propeller Technical Specifications | Get Solution & Quotation | Overview | Technical Specifications | Get Solution & Quotation | Related public pages,.next/server/app/en/accessories/fc-pab-propeller.html
/en/accessories/fc-pad-propeller,en,accessory_detail,strong,85,FC-PAD UAV Propeller,full_inventory,1537,2,1,6,21,22,0,198,181,Organization | ContactPoint | WebSite | Product | BreadcrumbList | ListItem,91,90,25,25,15,25,90,75,P3 保持监测,有效正文段落偏少,增加 3-6 个有信息量的段落，避免只靠卡片、导航和短摘要支撑页面,FC-PAD UAV Propeller | N-TET Drone Accessories,FC-PAD UAV Propeller,FC-PAD UAV Propeller Technical Specifications | Get Solution & Quotation | Overview | Technical Specifications | Get Solution & Quotation | Related public pages,.next/server/app/en/accessories/fc-pad-propeller.html
/en/accessories/fc-pae-propeller,en,accessory_detail,strong,85,FC-PAE UAV Propeller,full_inventory,1543,2,1,6,21,22,0,198,181,Organization | ContactPoint | WebSite | Product | BreadcrumbList | ListItem,91,90,25,25,15,25,90,75,P3 保持监测,有效正文段落偏少,增加 3-6 个有信息量的段落，避免只靠卡片、导航和短摘要支撑页面,FC-PAE UAV Propeller | N-TET Drone Accessories,FC-PAE UAV Propeller,FC-PAE UAV Propeller Technical Specifications | Get Solution & Quotation | Overview | Technical Specifications | Get Solution & Quotation | Related public pages,.next/server/app/en/accessories/fc-pae-propeller.html
/en/accessories/fc-pbf-propeller,en,accessory_detail,strong,85,FC-PBF UAV Propeller,full_inventory,1483,2,1,6,21,22,0,198,181,Organization | ContactPoint | WebSite | Product | BreadcrumbList | ListItem,91,90,25,25,15,25,90,75,P3 保持监测,有效正文段落偏少,增加 3-6 个有信息量的段落，避免只靠卡片、导航和短摘要支撑页面,FC-PBF UAV Propeller | N-TET Drone Accessories,FC-PBF UAV Propeller,FC-PBF UAV Propeller Technical Specifications | Get Solution & Quotation | Overview | Technical Specifications | Get Solution & Quotation | Related public pages,.next/server/app/en/accessories/fc-pbf-propeller.html
/en/accessories/fc-rm10x,en,accessory_detail,strong,100,FC-RM10X UAV Motor,full_inventory,2077,2,1,6,23,22,0,198,181,Organization | ContactPoint | WebSite | Product | BreadcrumbList | ListItem,91,90,25,25,15,25,90,75,P3 保持监测,有效正文段落偏少,增加 3-6 个有信息量的段落，避免只靠卡片、导航和短摘要支撑页面,FC-RM10X UAV Motor | N-TET Drone Accessories,FC-RM10X UAV Motor,FC-RM10X UAV Motor Technical Specifications | Get Solution & Quotation | Overview | Technical Specifications | Get Solution & Quotation | Related public pages,.next/server/app/en/accessories/fc-rm10x.html
/en/accessories/fc-rm30,en,accessory_detail,strong,100,FC-RM30 UAV Motor,full_inventory,5427,2,1,6,23,22,0,198,181,Organization | ContactPoint | WebSite | Product | BreadcrumbList | ListItem,91,90,25,25,15,25,90,83,P3 保持监测,有效正文段落偏少,增加 3-6 个有信息量的段落，避免只靠卡片、导航和短摘要支撑页面,FC-RM30 UAV Motor | N-TET Drone Accessories,FC-RM30 UAV Motor,FC-RM30 UAV Motor Technical Specifications | Get Solution & Quotation | Overview | Technical Specifications | Get Solution & Quotation | Related public pages,.next/server/app/en/accessories/fc-rm30.html
/en/accessories/fc-sjl-100,en,accessory_detail,strong,85,FC-SJL-100 UAV Data Link,full_inventory,1616,6,1,6,22,22,0,198,181,Organization | ContactPoint | WebSite | Product | BreadcrumbList | ListItem,100,100,25,25,15,25,90,84,P3 保持监测,,,FC-SJL-100 UAV Data Link | N-TET Drone Accessories,FC-SJL-100 UAV Data Link,FC-SJL-100 UAV Data Link Technical Specifications | Get Solution & Quotation | Overview | Technical Specifications | Get Solution & Quotation | Related public pages,.next/server/app/en/accessories/fc-sjl-100.html
/en/accessories/fc-sjl-200,en,accessory_detail,strong,85,FC-SJL-200 UAV Data Link,full_inventory,1620,6,1,6,22,22,0,198,181,Organization | ContactPoint | WebSite | Product | BreadcrumbList | ListItem,100,100,25,25,15,25,90,84,P3 保持监测,,,FC-SJL-200 UAV Data Link | N-TET Drone Accessories,FC-SJL-200 UAV Data Link,FC-SJL-200 UAV Data Link Technical Specifications | Get Solution & Quotation | Overview | Technical Specifications | Get Solution & Quotation | Related public pages,.next/server/app/en/accessories/fc-sjl-200.html
/en/accessories/fc-sjl-30,en,accessory_detail,strong,85,FC-SJL-30 UAV Data Link,full_inventory,1644,6,1,6,22,22,0,198,181,Organization | ContactPoint | WebSite | Product | BreadcrumbList | ListItem,100,100,25,25,15,25,90,84,P3 保持监测,,,FC-SJL-30 UAV Data Link | N-TET Drone Accessories,FC-SJL-30 UAV Data Link,FC-SJL-30 UAV Data Link Technical Specifications | Get Solution & Quotation | Overview | Technical Specifications | Get Solution & Quotation | Related public pages,.next/server/app/en/accessories/fc-sjl-30.html
/en/accessories/fc-sjl-380,en,accessory_detail,strong,85,FC-SJL-380 UAV Data Link,full_inventory,1622,6,1,6,22,22,0,198,181,Organization | ContactPoint | WebSite | Product | BreadcrumbList | ListItem,100,100,25,25,15,25,90,84,P3 保持监测,,,FC-SJL-380 UAV Data Link | N-TET Drone Accessories,FC-SJL-380 UAV Data Link,FC-SJL-380 UAV Data Link Technical Specifications | Get Solution & Quotation | Overview | Technical Specifications | Get Solution & Quotation | Related public pages,.next/server/app/en/accessories/fc-sjl-380.html
/en/accessories/fc-sjl-50,en,accessory_detail,strong,85,FC-SJL-50 UAV Data Link,full_inventory,1642,6,1,6,22,22,0,198,181,Organization | ContactPoint | WebSite | Product | BreadcrumbList | ListItem,100,100,25,25,15,25,90,84,P3 保持监测,,,FC-SJL-50 UAV Data Link | N-TET Drone Accessories,FC-SJL-50 UAV Data Link,FC-SJL-50 UAV Data Link Technical Specifications | Get Solution & Quotation | Overview | Technical Specifications | Get Solution & Quotation | Related public pages,.next/server/app/en/accessories/fc-sjl-50.html
/en/accessories/fc-u10-pro,en,accessory_detail,strong,85,FC-U10-PRO Flight Controller,full_inventory,1367,4,1,6,20,22,0,198,181,Organization | ContactPoint | WebSite | Product | BreadcrumbList | ListItem,100,100,25,25,15,25,90,84,P3 保持监测,,,FC-U10-PRO Flight Controller | N-TET Drone Accessories,FC-U10-PRO Flight Controller,FC-U10-PRO Flight Controller Technical Specifications | Get Solution & Quotation | Overview | Technical Specifications | Get Solution & Quotation | Related public pages,.next/server/app/en/accessories/fc-u10-pro.html
/en/accessories/fc-u110,en,accessory_detail,strong,100,FC-U110 UAV Motor,full_inventory,5149,2,1,6,23,22,0,198,181,Organization | ContactPoint | WebSite | Product | BreadcrumbList | ListItem,91,90,25,25,15,25,90,83,P3 保持监测,有效正文段落偏少,增加 3-6 个有信息量的段落，避免只靠卡片、导航和短摘要支撑页面,FC-U110 UAV Motor | N-TET Drone Accessories,FC-U110 UAV Motor,FC-U110 UAV Motor Technical Specifications | Get Solution & Quotation | Overview | Technical Specifications | Get Solution & Quotation | Related public pages,.next/server/app/en/accessories/fc-u110.html
/en/accessories/fc-u12,en,accessory_detail,strong,85,FC-U12 Flight Controller,full_inventory,1351,4,1,6,20,22,0,198,181,Organization | ContactPoint | WebSite | Product | BreadcrumbList | ListItem,100,100,25,25,15,25,90,84,P3 保持监测,,,FC-U12 Flight Controller | N-TET Drone Accessories,FC-U12 Flight Controller,FC-U12 Flight Controller Technical Specifications | Get Solution & Quotation | Overview | Technical Specifications | Get Solution & Quotation | Related public pages,.next/server/app/en/accessories/fc-u12.html
/en/accessories/fc-u8013,en,accessory_detail,strong,100,FC-U8013 UAV Motor,full_inventory,1745,2,1,6,22,22,0,198,181,Organization | ContactPoint | WebSite | Product | BreadcrumbList | ListItem,91,90,25,25,15,25,90,75,P3 保持监测,有效正文段落偏少,增加 3-6 个有信息量的段落，避免只靠卡片、导航和短摘要支撑页面,FC-U8013 UAV Motor | N-TET Drone Accessories,FC-U8013 UAV Motor,FC-U8013 UAV Motor Technical Specifications | Get Solution & Quotation | Overview | Technical Specifications | Get Solution & Quotation | Related public pages,.next/server/app/en/accessories/fc-u8013.html
/en/accessories/fc-u9-ag,en,accessory_detail,strong,85,FC-U9-AG Agricultural Flight Controller,full_inventory,1402,4,1,6,20,22,0,198,181,Organization | ContactPoint | WebSite | Product | BreadcrumbList | ListItem,100,100,25,25,15,25,90,84,P3 保持监测,,,FC-U9-AG Agricultural Flight Controller | N-TET Drone Accessories,FC-U9-AG Agricultural Flight Controller,FC-U9-AG Agricultural Flight Controller Technical Specifications | Get Solution & Quotation | Overview | Technical Specifications | Get Solution & Quotation | Related public pages,.next/server/app/en/accessories/fc-u9-ag.html
/en/accessories/fc-w2u-propeller,en,accessory_detail,strong,85,FC-W2U UAV Propeller,full_inventory,1425,2,1,6,21,22,0,198,181,Organization | ContactPoint | WebSite | Product | BreadcrumbList | ListItem,91,90,25,25,15,25,90,75,P3 保持监测,有效正文段落偏少,增加 3-6 个有信息量的段落，避免只靠卡片、导航和短摘要支撑页面,FC-W2U UAV Propeller | N-TET Drone Accessories,FC-W2U UAV Propeller,FC-W2U UAV Propeller Technical Specifications | Get Solution & Quotation | Overview | Technical Specifications | Get Solution & Quotation | Related public pages,.next/server/app/en/accessories/fc-w2u-propeller.html
/en/accessories/fc-x8030,en,accessory_detail,strong,100,FC-X8030 UAV Motor,full_inventory,4299,2,1,6,23,22,0,198,181,Organization | ContactPoint | WebSite | Product | BreadcrumbList | ListItem,91,90,25,25,15,25,90,75,P3 保持监测,有效正文段落偏少,增加 3-6 个有信息量的段落，避免只靠卡片、导航和短摘要支撑页面,FC-X8030 UAV Motor | N-TET Drone Accessories,FC-X8030 UAV Motor,FC-X8030 UAV Motor Technical Specifications | Get Solution & Quotation | Overview | Technical Specifications | Get Solution & Quotation | Related public pages,.next/server/app/en/accessories/fc-x8030.html
/en/accessories/fc-xh14,en,accessory_detail,strong,100,FC-XH14 UAV Motor,full_inventory,2465,2,1,6,23,22,0,198,181,Organization | ContactPoint | WebSite | Product | BreadcrumbList | ListItem,91,90,25,25,15,25,90,75,P3 保持监测,有效正文段落偏少,增加 3-6 个有信息量的段落，避免只靠卡片、导航和短摘要支撑页面,FC-XH14 UAV Motor | N-TET Drone Accessories,FC-XH14 UAV Motor,FC-XH14 UAV Motor Technical Specifications | Get Solution & Quotation | Overview | Technical Specifications | Get Solution & Quotation | Related public pages,.next/server/app/en/accessories/fc-xh14.html
/en/accessories/fc-yk15-remote-controller,en,accessory_detail,strong,100,FC-YK15 UAV Remote Controller,full_inventory,1610,4,1,6,24,22,0,198,181,Organization | ContactPoint | WebSite | Product | BreadcrumbList | ListItem,100,100,25,25,15,25,90,84,P3 保持监测,,,FC-YK15 UAV Remote Controller | N-TET Drone Accessories,FC-YK15 UAV Remote Controller,FC-YK15 UAV Remote Controller Technical Specifications | Get Solution & Quotation | Overview | Technical Specifications | Get Solution & Quotation | Related public pages,.next/server/app/en/accessories/fc-yk15-remote-controller.html
/en/accessories/fc-yk24-remote-controller,en,accessory_detail,strong,85,FC-YK24 UAV Remote Controller,full_inventory,1782,4,1,6,24,22,0,198,181,Organization | ContactPoint | WebSite | Product | BreadcrumbList | ListItem,100,100,25,25,15,25,90,84,P3 保持监测,,,FC-YK24 UAV Remote Controller | N-TET Drone Accessories,FC-YK24 UAV Remote Controller,FC-YK24 UAV Remote Controller Technical Specifications | Get Solution & Quotation | Overview | Technical Specifications | Get Solution & Quotation | Related public pages,.next/server/app/en/accessories/fc-yk24-remote-controller.html
/en/accessories/fc-yk32-remote-controller,en,accessory_detail,strong,85,FC-YK32 UAV Remote Controller,full_inventory,1638,4,1,6,24,22,0,198,181,Organization | ContactPoint | WebSite | Product | BreadcrumbList | ListItem,100,100,25,25,15,25,90,84,P3 保持监测,,,FC-YK32 UAV Remote Controller | N-TET Drone Accessories,FC-YK32 UAV Remote Controller,FC-YK32 UAV Remote Controller Technical Specifications | Get Solution & Quotation | Overview | Technical Specifications | Get Solution & Quotation | Related public pages,.next/server/app/en/accessories/fc-yk32-remote-controller.html
/en/accessories/fc-ykrc7-remote-controller,en,accessory_detail,strong,85,FC-YKRC7 UAV Remote Controller,full_inventory,2056,4,1,6,24,22,0,198,181,Organization | ContactPoint | WebSite | Product | BreadcrumbList | ListItem,100,100,25,25,15,25,90,84,P3 保持监测,,,FC-YKRC7 UAV Remote Controller | N-TET Drone Accessories,FC-YKRC7 UAV Remote Controller,FC-YKRC7 UAV Remote Controller Technical Specifications | Get Solution & Quotation | Overview | Technical Specifications | Get Solution & Quotation | Related public pages,.next/server/app/en/accessories/fc-ykrc7-remote-controller.html
/en/cases,en,case_list,strong,100,UAV inspection cases,high_value_en,1197,4,1,3,35,38,0,207,192,Organization | ContactPoint | WebSite,100,100,25,20,15,21,81,66,P2 建议增强,,,UAV Inspection Cases & Low Altitude Monitoring Case | N-TET,UAV Inspection Cases,UAV Inspection Cases Project Overview | Get Solution & Quotation | Get Solution & Quotation,.next/server/app/en/cases.html
/en/cases/anhui-flood-season-uav-patrol,en,case_detail,strong,100,Anhui Flood-Season Emergency UAV Patrol,full_inventory,1281,4,1,7,22,26,0,202,183,Organization | ContactPoint | WebSite | Article | BreadcrumbList | ListItem,90,93,25,25,15,25,90,84,P3 保持监测,缺少页面类型应有证据：hasRelatedProducts; 文章/案例缺少明显日期信号,按页面类型补齐证据模块，而不是继续堆关键词; 补充发布日期或最后更新时间，提升可信度与 freshness,Anhui Flood-Season Emergency UAV Patrol | N-TET,Anhui Flood-Season Emergency UAV Patrol,Anhui Flood-Season Emergency UAV Patrol Project Overview | Related Equipment | Get Solution & Quotation | Overview | Related Equipment | Get Solution & Quotation | Related public pages,.next/server/app/en/cases/anhui-flood-season-uav-patrol.html
/en/cases/brazil-refinery-low-altitude-monitoring,en,case_detail,strong,100,Airspace Monitoring Case of a Refinery in Brazil,full_inventory,1412,4,1,7,26,30,0,206,187,Organization | ContactPoint | WebSite | Article | BreadcrumbList | ListItem,90,93,25,25,15,25,90,84,P3 保持监测,缺少页面类型应有证据：hasRelatedProducts; 文章/案例缺少明显日期信号,按页面类型补齐证据模块，而不是继续堆关键词; 补充发布日期或最后更新时间，提升可信度与 freshness,Airspace Monitoring Case of a Refinery in Brazil | N-TET,Airspace Monitoring Case of a Refinery in Brazil,Airspace Monitoring Case of a Refinery in Brazil Project Overview | Related Equipment | Get Solution & Quotation | Overview | Related Equipment | Get Solution & Quotation | Related public pages,.next/server/app/en/cases/brazil-refinery-low-altitude-monitoring.html
/en/cases/ice-snow-emergency-uav-inspection,en,case_detail,strong,100,Ice and Snow Disaster Emergency UAV Inspection,full_inventory,1417,4,1,7,22,26,0,202,183,Organization | ContactPoint | WebSite | Article | BreadcrumbList | ListItem,90,93,25,25,15,25,90,84,P3 保持监测,缺少页面类型应有证据：hasRelatedProducts; 文章/案例缺少明显日期信号,按页面类型补齐证据模块，而不是继续堆关键词; 补充发布日期或最后更新时间，提升可信度与 freshness,Ice and Snow Disaster Emergency UAV Inspection | N-TET,Ice and Snow Disaster Emergency UAV Inspection,Ice and Snow Disaster Emergency UAV Inspection Project Overview | Related Equipment | Get Solution & Quotation | Overview | Related Equipment | Get Solution & Quotation | Related public pages,.next/server/app/en/cases/ice-snow-emergency-uav-inspection.html
/en/cases/lidar-tree-obstruction-uav-inspection,en,case_detail,strong,100,LiDAR Tree-Obstruction UAV Inspection,full_inventory,1256,4,1,7,22,30,0,202,183,Organization | ContactPoint | WebSite | Article | BreadcrumbList | ListItem,90,93,25,25,15,25,90,84,P3 保持监测,缺少页面类型应有证据：hasRelatedProducts; 文章/案例缺少明显日期信号,按页面类型补齐证据模块，而不是继续堆关键词; 补充发布日期或最后更新时间，提升可信度与 freshness,LiDAR Tree-Obstruction UAV Inspection | N-TET,LiDAR Tree-Obstruction UAV Inspection,LiDAR Tree-Obstruction UAV Inspection Project Overview | Related Equipment | Get Solution & Quotation | Overview | Related Equipment | Get Solution & Quotation | Related public pages,.next/server/app/en/cases/lidar-tree-obstruction-uav-inspection.html
/en/cases/nigeria-factory-low-altitude-monitoring,en,case_detail,strong,100,Airspace Monitoring Case of a Group Factory in Nigeria,full_inventory,1335,4,1,7,26,30,0,206,187,Organization | ContactPoint | WebSite | Article | BreadcrumbList | ListItem,90,93,25,25,15,25,90,84,P3 保持监测,缺少页面类型应有证据：hasRelatedProducts; 文章/案例缺少明显日期信号,按页面类型补齐证据模块，而不是继续堆关键词; 补充发布日期或最后更新时间，提升可信度与 freshness,Airspace Monitoring Case of a Group Factory in Nigeria | N-TET,Airspace Monitoring Case of a Group Factory in Nigeria,Airspace Monitoring Case of a Group Factory in Nigeria Project Overview | Related Equipment | Get Solution & Quotation | Overview | Related Equipment | Get Solution & Quotation | Related public pages,.next/server/app/en/cases/nigeria-factory-low-altitude-monitoring.html
/en/cases/pakistan-power-plant-low-altitude-monitoring,en,case_detail,strong,100,Airspace Monitoring Case of a Power Plant in Pakistan,full_inventory,1419,4,1,7,26,30,0,206,187,Organization | ContactPoint | WebSite | Article | BreadcrumbList | ListItem,90,93,25,25,15,25,90,84,P3 保持监测,缺少页面类型应有证据：hasRelatedProducts; 文章/案例缺少明显日期信号,按页面类型补齐证据模块，而不是继续堆关键词; 补充发布日期或最后更新时间，提升可信度与 freshness,Airspace Monitoring Case of a Power Plant in Pakistan | N-TET,Airspace Monitoring Case of a Power Plant in Pakistan,Airspace Monitoring Case of a Power Plant in Pakistan Project Overview | Related Equipment | Get Solution & Quotation | Overview | Related Equipment | Get Solution & Quotation | Related public pages,.next/server/app/en/cases/pakistan-power-plant-low-altitude-monitoring.html
/en/cases/southern-grid-wildfire-uav-inspection,en,case_detail,strong,100,Southern Grid Wildfire Prevention UAV Inspection,full_inventory,1342,4,1,7,22,26,0,202,183,Organization | ContactPoint | WebSite | Article | BreadcrumbList | ListItem,90,93,25,25,15,25,90,84,P3 保持监测,缺少页面类型应有证据：hasRelatedProducts; 文章/案例缺少明显日期信号,按页面类型补齐证据模块，而不是继续堆关键词; 补充发布日期或最后更新时间，提升可信度与 freshness,Southern Grid Wildfire Prevention UAV Inspection | N-TET,Southern Grid Wildfire Prevention UAV Inspection,Southern Grid Wildfire Prevention UAV Inspection Project Overview | Related Equipment | Get Solution & Quotation | Overview | Related Equipment | Get Solution & Quotation | Related public pages,.next/server/app/en/cases/southern-grid-wildfire-uav-inspection.html
/en/cases/wildfire-emergency-transmission-line-uav-patrol,en,case_detail,strong,100,Wildfire Emergency Transmission-Line UAV Patrol,full_inventory,1413,6,1,7,22,26,0,202,183,Organization | ContactPoint | WebSite | Article | BreadcrumbList | ListItem,90,93,25,25,15,25,90,84,P3 保持监测,缺少页面类型应有证据：hasRelatedProducts; 文章/案例缺少明显日期信号,按页面类型补齐证据模块，而不是继续堆关键词; 补充发布日期或最后更新时间，提升可信度与 freshness,Wildfire Emergency Transmission-Line UAV Patrol | N-TET,Wildfire Emergency Transmission-Line UAV Patrol,Wildfire Emergency Transmission-Line UAV Patrol Project Overview | Related Equipment | Get Solution & Quotation | Overview | Related Equipment | Get Solution & Quotation | Related public pages,.next/server/app/en/cases/wildfire-emergency-transmission-line-uav-patrol.html
/en/cases/zhaoqing-long-distance-power-line-uav-inspection,en,case_detail,strong,100,Zhaoqing Long-Distance Power-Line UAV Inspection,full_inventory,1391,4,1,7,22,34,0,202,183,Organization | ContactPoint | WebSite | Article | BreadcrumbList | ListItem,90,93,25,25,15,25,90,84,P3 保持监测,缺少页面类型应有证据：hasRelatedProducts; 文章/案例缺少明显日期信号,按页面类型补齐证据模块，而不是继续堆关键词; 补充发布日期或最后更新时间，提升可信度与 freshness,Zhaoqing Long-Distance Power-Line UAV Inspection | N-TET,Zhaoqing Long-Distance Power-Line UAV Inspection,Zhaoqing Long-Distance Power-Line UAV Inspection Project Overview | Related Equipment | Get Solution & Quotation | Overview | Related Equipment | Get Solution & Quotation | Related public pages,.next/server/app/en/cases/zhaoqing-long-distance-power-line-uav-inspection.html
/en/contact,en,contact,strong,100,industrial UAV quote,high_value_en,1110,4,1,3,20,20,0,191,175,Organization | ContactPoint | WebSite,100,100,25,20,15,21,81,66,P2 建议增强,,,Industrial UAV Quote | N-TET,Industrial UAV Quote,Industrial UAV Quote and Project Consultation | Get Solution & Quotation | Get Solution & Quotation,.next/server/app/en/contact.html
/en/media,en,media_list,strong,100,industrial UAV news,high_value_en,1194,4,1,4,28,31,0,200,185,Organization | ContactPoint | WebSite,100,100,25,20,15,21,81,74,P2 建议增强,,,Industrial UAV News & Low Altitude Economy Updates | N-TET,Industrial UAV News,Industrial UAV News Insights | Latest | Get Solution & Quotation | Get Solution & Quotation,.next/server/app/en/media.html
/en/media/border-surveillance-uav-network-2026,en,media_article,partial,70,UAV and EO/IR Networks Improve Remote Patrol Visibility,partial_keyword_page,1880,19,1,5,22,22,0,198,179,Organization | ContactPoint | WebSite | Article | BreadcrumbList | ListItem,100,100,25,25,20,25,95,92,P3 保持监测,,,UAV and EO/IR Networks Improve Remote Patrol Visibility | N-TET,UAV and EO/IR Networks Improve Remote Patrol Visibility,Editorial Review and Project Signals | Get Solution & Quotation | Editorial Review and Project Signals | Get Solution & Quotation | Related public pages,.next/server/app/en/media/border-surveillance-uav-network-2026.html
/en/media/industrial-uav-redundancy-2026,en,media_article,partial,70,Dual-Redundant Flight Control: How Industrial UAVs Achieve Mission-Grade Reliability,partial_keyword_page,2536,17,1,5,22,22,0,198,179,Organization | ContactPoint | WebSite | Article | BreadcrumbList | ListItem,100,100,25,25,20,25,95,92,P3 保持监测,,,Dual-Redundant Flight Control: How Industrial UAVs Achieve Mission-Grade Reliability | N-TET,Dual-Redundant Flight Control: How Industrial UAVs Achieve Mission-Grade Reliability,Editorial Review and Project Signals | Get Solution & Quotation | Editorial Review and Project Signals | Get Solution & Quotation | Related public pages,.next/server/app/en/media/industrial-uav-redundancy-2026.html
/en/media/low-altitude-economy-2026-outlook,en,media_article,partial,70,China's Low-Altitude Economy: 2026 Outlook on a Two-Trillion-RMB Trajectory,partial_keyword_page,2709,21,1,5,22,22,0,198,179,Organization | ContactPoint | WebSite | Article | BreadcrumbList | ListItem,100,100,25,25,20,25,95,92,P3 保持监测,,,China's Low-Altitude Economy: 2026 Outlook on a Two-Trillion-RMB Trajectory | N-TET,China's Low-Altitude Economy: 2026 Outlook on a Two-Trillion-RMB Trajectory,Editorial Review and Project Signals | Get Solution & Quotation | Editorial Review and Project Signals | Get Solution & Quotation | Related public pages,.next/server/app/en/media/low-altitude-economy-2026-outlook.html
/en/media/power-line-inspection-drone-guide-2026,en,media_article,strong,85,Power Line Inspection Drone: UAV Workflows for Utility Corridors and Transmission Towers,full_inventory,4298,51,1,23,28,22,0,210,191,Organization | ContactPoint | WebSite | Article | BreadcrumbList | ListItem,100,100,25,25,20,25,95,100,P3 保持监测,,,Power Line Inspection Drone: UAV Workflows for Utility Corridors and Transmission Towers | N-TET,Power Line Inspection Drone: UAV Workflows for Utility Corridors and Transmission Towers,"Editorial Review and Project Signals | What is a power line inspection drone? | Why utilities use drones for power line inspection | Power line drone inspection workflow | Which UAV platform fits each inspection task? | Payload selection: visible-light, thermal infrared, and LiDAR | What should a utility inspection report include? | N-TET system fit: corridor, tower, and substation inspection",.next/server/app/en/media/power-line-inspection-drone-guide-2026.html
/en/media/tethered-uav-persistent-surveillance-2026,en,media_article,partial,70,Tethered UAVs: Continuous Aerial Monitoring for Events and Remote Sites,partial_keyword_page,2066,19,1,5,22,22,0,198,179,Organization | ContactPoint | WebSite | Article | BreadcrumbList | ListItem,100,100,25,25,20,25,95,92,P3 保持监测,,,Tethered UAVs: Continuous Aerial Monitoring for Events and Remote Sites | N-TET,Tethered UAVs: Continuous Aerial Monitoring for Events and Remote Sites,Editorial Review and Project Signals | Get Solution & Quotation | Editorial Review and Project Signals | Get Solution & Quotation | Related public pages,.next/server/app/en/media/tethered-uav-persistent-surveillance-2026.html
/en/products,en,product_list,strong,100,industrial UAV systems,high_value_en,1226,9,1,4,46,41,0,209,194,Organization | ContactPoint | WebSite,100,100,25,20,15,21,81,74,P2 建议增强,,,Industrial UAV Systems & Monitoring Equipment | N-TET,Industrial UAV Systems & Monitoring Equipment,"Industrial UAV Systems, Monitoring Equipment, and Project Fit | UAV & Drone Systems | Product Selection FAQ | Get Solution & Quotation",.next/server/app/en/products.html
/en/products/bailey-bridge,en,product_detail,strong,100,Bailey Steel Bridge Overview,high_value_en,1539,2,1,6,18,22,0,198,179,Organization | ContactPoint | WebSite | Product | BreadcrumbList | ListItem,91,90,25,25,15,25,90,83,P3 保持监测,有效正文段落偏少; 缺少 FAQ / 采购问题解答模块,增加 3-6 个有信息量的段落，避免只靠卡片、导航和短摘要支撑页面; 增加 3-5 个真实采购/部署问题，提升长尾覆盖和 AI 引用可读性,Bailey Steel Bridge Overview | N-TET,Bailey Steel Bridge Overview,Bailey Steel Bridge Overview Technical Specifications | Get Solution & Quotation | Overview | Technical Specifications | Get Solution & Quotation | Related public pages,.next/server/app/en/products/bailey-bridge.html
/en/products/composite-electro-optical-tracking-system,en,product_detail,strong,100,Electro-Optical EO Tracking System,full_inventory,1701,2,1,6,18,22,0,198,179,Organization | ContactPoint | WebSite | Product | BreadcrumbList | ListItem,91,90,25,25,15,25,90,83,P3 保持监测,有效正文段落偏少; 缺少 FAQ / 采购问题解答模块,增加 3-6 个有信息量的段落，避免只靠卡片、导航和短摘要支撑页面; 增加 3-5 个真实采购/部署问题，提升长尾覆盖和 AI 引用可读性,Electro-Optical (EO) Tracking System | N-TET,Electro-Optical EO Tracking System,Electro-Optical EO Tracking System Technical Specifications | Get Solution & Quotation | Overview | Technical Specifications | Get Solution & Quotation | Related public pages,.next/server/app/en/products/composite-electro-optical-tracking-system.html
/en/products/containerized-medical-rescue-system,en,product_detail,strong,100,Containerized Medical Rescue System,full_inventory,1439,2,1,6,18,22,0,198,179,Organization | ContactPoint | WebSite | Product | BreadcrumbList | ListItem,91,90,25,25,15,25,90,83,P3 保持监测,有效正文段落偏少; 缺少 FAQ / 采购问题解答模块,增加 3-6 个有信息量的段落，避免只靠卡片、导航和短摘要支撑页面; 增加 3-5 个真实采购/部署问题，提升长尾覆盖和 AI 引用可读性,Containerized Medical Rescue System | N-TET,Containerized Medical Rescue System,Containerized Medical Rescue System Technical Specifications | Get Solution & Quotation | Overview | Technical Specifications | Get Solution & Quotation | Related public pages,.next/server/app/en/products/containerized-medical-rescue-system.html
/en/products/emergency-search-rescue-drone,en,product_detail,strong,100,thermal drones for search and rescue,full_inventory,1847,6,1,6,22,24,0,198,179,Organization | ContactPoint | WebSite | Product | BreadcrumbList | ListItem,100,100,25,25,15,25,90,92,P3 保持监测,缺少 FAQ / 采购问题解答模块,增加 3-5 个真实采购/部署问题，提升长尾覆盖和 AI 引用可读性,Emergency Search & Rescue Drone | N-TET,Emergency Search & Rescue Drone,Emergency Search & Rescue Drone Technical Specifications | Get Solution & Quotation | Overview | Technical Specifications | Get Solution & Quotation | Related public pages,.next/server/app/en/products/emergency-search-rescue-drone.html
/en/products/fbg-g15-fc06-explosion-containment-vessel,en,product_detail,strong,100,Explosion Containment Vessel FBG-G1.5-FC06,full_inventory,1622,2,1,6,18,22,0,198,179,Organization | ContactPoint | WebSite | Product | BreadcrumbList | ListItem,91,90,25,25,15,25,90,83,P3 保持监测,有效正文段落偏少; 缺少 FAQ / 采购问题解答模块,增加 3-6 个有信息量的段落，避免只靠卡片、导航和短摘要支撑页面; 增加 3-5 个真实采购/部署问题，提升长尾覆盖和 AI 引用可读性,Explosion Containment Vessel FBG-G1.5-FC06 | N-TET,Explosion Containment Vessel FBG-G1.5-FC06,Explosion Containment Vessel FBG-G1.5-FC06 Technical Specifications | Get Solution & Quotation | Overview | Technical Specifications | Get Solution & Quotation | Related public pages,.next/server/app/en/products/fbg-g15-fc06-explosion-containment-vessel.html
/en/products/fbt-fc09-explosion-protection-blanket,en,product_detail,strong,100,Explosion Protection Blanket FBT-FC09,full_inventory,1565,2,1,6,18,22,0,198,179,Organization | ContactPoint | WebSite | Product | BreadcrumbList | ListItem,91,90,25,25,15,25,90,83,P3 保持监测,有效正文段落偏少; 缺少 FAQ / 采购问题解答模块,增加 3-6 个有信息量的段落，避免只靠卡片、导航和短摘要支撑页面; 增加 3-5 个真实采购/部署问题，提升长尾覆盖和 AI 引用可读性,Explosion Protection Blanket FBT-FC09 | N-TET,Explosion Protection Blanket FBT-FC09,Explosion Protection Blanket FBT-FC09 Technical Specifications | Get Solution & Quotation | Overview | Technical Specifications | Get Solution & Quotation | Related public pages,.next/server/app/en/products/fbt-fc09-explosion-protection-blanket.html
/en/products/fc-3000-ferromagnetic-detection-column,en,product_detail,strong,100,Intelligent Ferromagnetic Detection System FC-3000,full_inventory,1662,2,1,6,18,22,0,198,179,Organization | ContactPoint | WebSite | Product | BreadcrumbList | ListItem,91,90,25,25,15,25,90,83,P3 保持监测,有效正文段落偏少; 缺少 FAQ / 采购问题解答模块,增加 3-6 个有信息量的段落，避免只靠卡片、导航和短摘要支撑页面; 增加 3-5 个真实采购/部署问题，提升长尾覆盖和 AI 引用可读性,Intelligent Ferromagnetic Detection System FC-3000 | N-TET,Intelligent Ferromagnetic Detection System FC-3000,Intelligent Ferromagnetic Detection System FC-3000 Technical Specifications | Get Solution & Quotation | Overview | Technical Specifications | Get Solution & Quotation | Related public pages,.next/server/app/en/products/fc-3000-ferromagnetic-detection-column.html
/en/products/fc-c-deluxe-walk-through-metal-detector,en,product_detail,strong,100,Walk-Through Metal Detector FC-C Deluxe,full_inventory,1756,2,1,6,18,22,0,198,179,Organization | ContactPoint | WebSite | Product | BreadcrumbList | ListItem,91,90,25,25,15,25,90,83,P3 保持监测,有效正文段落偏少; 缺少 FAQ / 采购问题解答模块,增加 3-6 个有信息量的段落，避免只靠卡片、导航和短摘要支撑页面; 增加 3-5 个真实采购/部署问题，提升长尾覆盖和 AI 引用可读性,Walk-Through Metal Detector FC-C (Deluxe) | N-TET,Walk-Through Metal Detector FC-C Deluxe,Walk-Through Metal Detector FC-C Deluxe Technical Specifications | Get Solution & Quotation | Overview | Technical Specifications | Get Solution & Quotation | Related public pages,.next/server/app/en/products/fc-c-deluxe-walk-through-metal-detector.html
/en/products/fc-c-lcd-walk-through-metal-detector,en,product_detail,strong,100,Walk-Through Metal Detector FC-C LCD,full_inventory,1753,2,1,6,18,22,0,198,179,Organization | ContactPoint | WebSite | Product | BreadcrumbList | ListItem,91,90,25,25,15,25,90,83,P3 保持监测,有效正文段落偏少; 缺少 FAQ / 采购问题解答模块,增加 3-6 个有信息量的段落，避免只靠卡片、导航和短摘要支撑页面; 增加 3-5 个真实采购/部署问题，提升长尾覆盖和 AI 引用可读性,"Walk-Through Metal Detector FC-C (LCD, 12-Zone) | N-TET","Walk-Through Metal Detector FC-C LCD, 12-Zone","Walk-Through Metal Detector FC-C LCD, 12-Zone Technical Specifications | Get Solution & Quotation | Overview | Technical Specifications | Get Solution & Quotation | Related public pages",.next/server/app/en/products/fc-c-lcd-walk-through-metal-detector.html
/en/products/fc-dlxj-01-power-grid-inspection-drone,en,product_detail,strong,100,drone power line inspection,full_inventory,1469,2,1,6,18,22,0,198,179,Organization | ContactPoint | WebSite | Product | BreadcrumbList | ListItem,91,90,25,25,15,25,90,83,P3 保持监测,有效正文段落偏少; 缺少 FAQ / 采购问题解答模块,增加 3-6 个有信息量的段落，避免只靠卡片、导航和短摘要支撑页面; 增加 3-5 个真实采购/部署问题，提升长尾覆盖和 AI 引用可读性,Power Grid Inspection Drone | N-TET,Power Grid Inspection Drone,Power Grid Inspection Drone Technical Specifications | Get Solution & Quotation | Overview | Technical Specifications | Get Solution & Quotation | Related public pages,.next/server/app/en/products/fc-dlxj-01-power-grid-inspection-drone.html
/en/products/fc-dma-long-range-optical-turntable,en,product_detail,strong,100,FC-DMA Multi-Spectral EO/IR PTZ Turret,full_inventory,2323,2,1,6,18,22,0,198,179,Organization | ContactPoint | WebSite | Product | BreadcrumbList | ListItem,91,90,25,25,15,25,90,83,P3 保持监测,有效正文段落偏少; 缺少 FAQ / 采购问题解答模块,增加 3-6 个有信息量的段落，避免只靠卡片、导航和短摘要支撑页面; 增加 3-5 个真实采购/部署问题，提升长尾覆盖和 AI 引用可读性,FC-DMA Multi-Spectral EO/IR PTZ Turret | N-TET,FC-DMA Multi-Spectral EO/IR PTZ Turret,FC-DMA Multi-Spectral EO/IR PTZ Turret Technical Specifications | Get Solution & Quotation | Overview | Technical Specifications | Get Solution & Quotation | Related public pages,.next/server/app/en/products/fc-dma-long-range-optical-turntable.html
/en/products/fc-dms10-smart-electronic-sentinel,en,product_detail,strong,100,FC-DMS10 Series Smart Electronic Sentinel,full_inventory,1822,2,1,6,18,22,0,198,179,Organization | ContactPoint | WebSite | Product | BreadcrumbList | ListItem,91,90,25,25,15,25,90,83,P3 保持监测,有效正文段落偏少; 缺少 FAQ / 采购问题解答模块,增加 3-6 个有信息量的段落，避免只靠卡片、导航和短摘要支撑页面; 增加 3-5 个真实采购/部署问题，提升长尾覆盖和 AI 引用可读性,FC-DMS10 Series Smart Electronic Sentinel | N-TET,FC-DMS10 Series Smart Electronic Sentinel,FC-DMS10 Series Smart Electronic Sentinel Technical Specifications | Get Solution & Quotation | Overview | Technical Specifications | Get Solution & Quotation | Related public pages,.next/server/app/en/products/fc-dms10-smart-electronic-sentinel.html
/en/products/fc-dtvc-dual-band-thermal-ptz,en,product_detail,strong,100,FC-DTVC Series Dual-Band Thermal High-Speed Dome,full_inventory,2119,2,1,6,18,22,0,198,179,Organization | ContactPoint | WebSite | Product | BreadcrumbList | ListItem,91,90,25,25,15,25,90,83,P3 保持监测,有效正文段落偏少; 缺少 FAQ / 采购问题解答模块,增加 3-6 个有信息量的段落，避免只靠卡片、导航和短摘要支撑页面; 增加 3-5 个真实采购/部署问题，提升长尾覆盖和 AI 引用可读性,FC-DTVC Series Dual-Band Thermal High-Speed Dome | N-TET,FC-DTVC Series Dual-Band Thermal High-Speed Dome,FC-DTVC Series Dual-Band Thermal High-Speed Dome Technical Specifications | Get Solution & Quotation | Overview | Technical Specifications | Get Solution & Quotation | Related public pages,.next/server/app/en/products/fc-dtvc-dual-band-thermal-ptz.html
/en/products/fc-h-smart-phone-detection-gate,en,product_detail,strong,100,Smart Phone Detection Gate FC-H,full_inventory,2144,2,1,6,18,22,0,198,179,Organization | ContactPoint | WebSite | Product | BreadcrumbList | ListItem,91,90,25,25,15,25,90,83,P3 保持监测,有效正文段落偏少; 缺少 FAQ / 采购问题解答模块,增加 3-6 个有信息量的段落，避免只靠卡片、导航和短摘要支撑页面; 增加 3-5 个真实采购/部署问题，提升长尾覆盖和 AI 引用可读性,Smart Phone Detection Gate FC-H | N-TET,Smart Phone Detection Gate FC-H,Smart Phone Detection Gate FC-H Technical Specifications | Get Solution & Quotation | Overview | Technical Specifications | Get Solution & Quotation | Related public pages,.next/server/app/en/products/fc-h-smart-phone-detection-gate.html
/en/products/fc-h-smart-phone-detection-gate-29in,en,product_detail,strong,100,Smart Phone Detection Gate FC-H 29-inch Display,full_inventory,1798,2,1,6,18,22,0,198,179,Organization | ContactPoint | WebSite | Product | BreadcrumbList | ListItem,91,90,25,25,15,25,90,83,P3 保持监测,有效正文段落偏少; 缺少 FAQ / 采购问题解答模块,增加 3-6 个有信息量的段落，避免只靠卡片、导航和短摘要支撑页面; 增加 3-5 个真实采购/部署问题，提升长尾覆盖和 AI 引用可读性,Smart Phone Detection Gate FC-H (29-inch Display) | N-TET,Smart Phone Detection Gate FC-H 29-inch Display,Smart Phone Detection Gate FC-H 29-inch Display Technical Specifications | Get Solution & Quotation | Overview | Technical Specifications | Get Solution & Quotation | Related public pages,.next/server/app/en/products/fc-h-smart-phone-detection-gate-29in.html
/en/products/fc-pd500-personal-radiation-dose-alarm,en,product_detail,strong,100,FC-PD500 X-γ Personal Radiation Dose Alarm,full_inventory,1873,2,1,6,18,22,0,198,179,Organization | ContactPoint | WebSite | Product | BreadcrumbList | ListItem,91,90,25,25,15,25,90,83,P3 保持监测,有效正文段落偏少; 缺少 FAQ / 采购问题解答模块,增加 3-6 个有信息量的段落，避免只靠卡片、导航和短摘要支撑页面; 增加 3-5 个真实采购/部署问题，提升长尾覆盖和 AI 引用可读性,FC-PD500 X-γ Personal Radiation Dose Alarm | N-TET,FC-PD500 X-γ Personal Radiation Dose Alarm,FC-PD500 X-γ Personal Radiation Dose Alarm Technical Specifications | Get Solution & Quotation | Overview | Technical Specifications | Get Solution & Quotation | Related public pages,.next/server/app/en/products/fc-pd500-personal-radiation-dose-alarm.html
/en/products/fc-rc-series-hd-laser-camera,en,product_detail,strong,100,FC-RC Series HD Long-Range Laser Camera,full_inventory,1961,2,1,6,18,22,0,198,179,Organization | ContactPoint | WebSite | Product | BreadcrumbList | ListItem,91,90,25,25,15,25,90,83,P3 保持监测,有效正文段落偏少; 缺少 FAQ / 采购问题解答模块,增加 3-6 个有信息量的段落，避免只靠卡片、导航和短摘要支撑页面; 增加 3-5 个真实采购/部署问题，提升长尾覆盖和 AI 引用可读性,FC-RC Series HD Long-Range Laser Camera | N-TET,FC-RC Series HD Long-Range Laser Camera,FC-RC Series HD Long-Range Laser Camera Technical Specifications | Get Solution & Quotation | Overview | Technical Specifications | Get Solution & Quotation | Related public pages,.next/server/app/en/products/fc-rc-series-hd-laser-camera.html
/en/products/fc-rds500-4r-radar-vision-sentinel,en,product_detail,strong,100,FC-RDS500-4R Radar-Vision Fusion System,full_inventory,2143,2,1,6,18,22,0,198,179,Organization | ContactPoint | WebSite | Product | BreadcrumbList | ListItem,91,90,25,25,15,25,90,83,P3 保持监测,有效正文段落偏少; 缺少 FAQ / 采购问题解答模块,增加 3-6 个有信息量的段落，避免只靠卡片、导航和短摘要支撑页面; 增加 3-5 个真实采购/部署问题，提升长尾覆盖和 AI 引用可读性,FC-RDS500-4R Radar-Vision Fusion System | N-TET,FC-RDS500-4R Radar-Vision Fusion System,FC-RDS500-4R Radar-Vision Fusion System Technical Specifications | Get Solution & Quotation | Overview | Technical Specifications | Get Solution & Quotation | Related public pages,.next/server/app/en/products/fc-rds500-4r-radar-vision-sentinel.html
/en/products/fc-sljc-01-water-conservancy-monitoring-drone,en,product_detail,strong,100,water conservancy monitoring UAV,full_inventory,1929,8,1,6,22,36,0,198,179,Organization | ContactPoint | WebSite | Product | BreadcrumbList | ListItem,100,100,25,25,15,25,90,92,P3 保持监测,缺少 FAQ / 采购问题解答模块,增加 3-5 个真实采购/部署问题，提升长尾覆盖和 AI 引用可读性,Water Conservancy Monitoring UAV | N-TET,Water Conservancy Monitoring UAV,Water Conservancy Monitoring UAV Technical Specifications | Get Solution & Quotation | Overview | Technical Specifications | Get Solution & Quotation | Related public pages,.next/server/app/en/products/fc-sljc-01-water-conservancy-monitoring-drone.html
/en/products/fc-smart-swing-turnstile,en,product_detail,strong,100,Deluxe Smart Swing Turnstile,full_inventory,1831,2,1,6,18,22,0,198,179,Organization | ContactPoint | WebSite | Product | BreadcrumbList | ListItem,91,90,25,25,15,25,90,83,P3 保持监测,有效正文段落偏少; 缺少 FAQ / 采购问题解答模块,增加 3-6 个有信息量的段落，避免只靠卡片、导航和短摘要支撑页面; 增加 3-5 个真实采购/部署问题，提升长尾覆盖和 AI 引用可读性,Deluxe Smart Swing Turnstile | N-TET,Deluxe Smart Swing Turnstile,Deluxe Smart Swing Turnstile Technical Specifications | Get Solution & Quotation | Overview | Technical Specifications | Get Solution & Quotation | Related public pages,.next/server/app/en/products/fc-smart-swing-turnstile.html
/en/products/fc-ttvc-intelligent-multi-band-camera,en,product_detail,strong,100,FC-TTVC Series Intelligent Multi-Band Camera,full_inventory,2068,2,1,6,18,22,0,198,179,Organization | ContactPoint | WebSite | Product | BreadcrumbList | ListItem,91,90,25,25,15,25,90,83,P3 保持监测,有效正文段落偏少; 缺少 FAQ / 采购问题解答模块,增加 3-6 个有信息量的段落，避免只靠卡片、导航和短摘要支撑页面; 增加 3-5 个真实采购/部署问题，提升长尾覆盖和 AI 引用可读性,FC-TTVC Series Intelligent Multi-Band Camera | N-TET,FC-TTVC Series Intelligent Multi-Band Camera,FC-TTVC Series Intelligent Multi-Band Camera Technical Specifications | Get Solution & Quotation | Overview | Technical Specifications | Get Solution & Quotation | Related public pages,.next/server/app/en/products/fc-ttvc-intelligent-multi-band-camera.html
/en/products/fc-yjtx-01-emergency-communication-drone,en,product_detail,strong,100,emergency communication UAV,high_value_en,3889,6,1,6,20,44,0,198,179,Organization | ContactPoint | WebSite | Product | BreadcrumbList | ListItem,100,100,25,25,15,25,90,92,P3 保持监测,缺少 FAQ / 采购问题解答模块,增加 3-5 个真实采购/部署问题，提升长尾覆盖和 AI 引用可读性,Emergency Communication Tethered UAV | N-TET,Emergency Communication Tethered UAV,Emergency Communication Tethered UAV Technical Specifications | Get Solution & Quotation | Overview | Technical Specifications | Get Solution & Quotation | Related public pages,.next/server/app/en/products/fc-yjtx-01-emergency-communication-drone.html
/en/products/fc-yjxf-01-aerial-firefighting-drone,en,product_detail,strong,100,firefighting drone,high_value_en,4173,10,1,6,20,46,0,198,179,Organization | ContactPoint | WebSite | Product | BreadcrumbList | ListItem,100,100,25,25,15,25,90,92,P3 保持监测,缺少 FAQ / 采购问题解答模块,增加 3-5 个真实采购/部署问题，提升长尾覆盖和 AI 引用可读性,High-Rise Firefighting Tethered UAV | N-TET,High-Rise Firefighting Tethered UAV,High-Rise Firefighting Tethered UAV Technical Specifications | Get Solution & Quotation | Overview | Technical Specifications | Get Solution & Quotation | Related public pages,.next/server/app/en/products/fc-yjxf-01-aerial-firefighting-drone.html
/en/products/fc-yjzc-01-emergency-reconnaissance-drone,en,product_detail,strong,100,search and rescue drone,full_inventory,1434,2,1,6,18,22,0,198,179,Organization | ContactPoint | WebSite | Product | BreadcrumbList | ListItem,91,90,25,25,15,25,90,83,P3 保持监测,有效正文段落偏少; 缺少 FAQ / 采购问题解答模块,增加 3-6 个有信息量的段落，避免只靠卡片、导航和短摘要支撑页面; 增加 3-5 个真实采购/部署问题，提升长尾覆盖和 AI 引用可读性,Emergency Response Drone | N-TET,Emergency Response Drone,Emergency Response Drone Technical Specifications | Get Solution & Quotation | Overview | Technical Specifications | Get Solution & Quotation | Related public pages,.next/server/app/en/products/fc-yjzc-01-emergency-reconnaissance-drone.html
/en/products/fc-yjzm-01-emergency-lighting-drone,en,product_detail,strong,100,drone lighting,high_value_en,3342,6,1,6,20,42,0,198,179,Organization | ContactPoint | WebSite | Product | BreadcrumbList | ListItem,100,100,25,25,15,25,90,92,P3 保持监测,缺少 FAQ / 采购问题解答模块,增加 3-5 个真实采购/部署问题，提升长尾覆盖和 AI 引用可读性,Tethered Lighting UAV | N-TET,Tethered Lighting UAV,Tethered Lighting UAV Technical Specifications | Get Solution & Quotation | Overview | Technical Specifications | Get Solution & Quotation | Related public pages,.next/server/app/en/products/fc-yjzm-01-emergency-lighting-drone.html
/en/products/fc-yqxj-01-utility-inspection-drone,en,product_detail,strong,100,pipeline inspection drones,full_inventory,1466,2,1,6,18,22,0,198,179,Organization | ContactPoint | WebSite | Product | BreadcrumbList | ListItem,91,90,25,25,15,25,90,83,P3 保持监测,有效正文段落偏少; 缺少 FAQ / 采购问题解答模块,增加 3-6 个有信息量的段落，避免只靠卡片、导航和短摘要支撑页面; 增加 3-5 个真实采购/部署问题，提升长尾覆盖和 AI 引用可读性,Oil & Gas Pipeline Inspection Drone | N-TET,Oil & Gas Pipeline Inspection Drone,Oil & Gas Pipeline Inspection Drone Technical Specifications | Get Solution & Quotation | Overview | Technical Specifications | Get Solution & Quotation | Related public pages,.next/server/app/en/products/fc-yqxj-01-utility-inspection-drone.html
/en/products/fc1500-handheld-liquid-detector,en,product_detail,strong,100,Handheld Liquid Detector FC1500,full_inventory,1601,2,1,6,18,22,0,198,179,Organization | ContactPoint | WebSite | Product | BreadcrumbList | ListItem,91,90,25,25,15,25,90,83,P3 保持监测,有效正文段落偏少; 缺少 FAQ / 采购问题解答模块,增加 3-6 个有信息量的段落，避免只靠卡片、导航和短摘要支撑页面; 增加 3-5 个真实采购/部署问题，提升长尾覆盖和 AI 引用可读性,Handheld Liquid Detector FC1500 | N-TET,Handheld Liquid Detector FC1500,Handheld Liquid Detector FC1500 Technical Specifications | Get Solution & Quotation | Overview | Technical Specifications | Get Solution & Quotation | Related public pages,.next/server/app/en/products/fc1500-handheld-liquid-detector.html
/en/products/fc1500b-desktop-liquid-security-inspector,en,product_detail,strong,100,Desktop Liquid Security Inspector FC1500B,full_inventory,1654,2,1,6,18,22,0,198,179,Organization | ContactPoint | WebSite | Product | BreadcrumbList | ListItem,91,90,25,25,15,25,90,83,P3 保持监测,有效正文段落偏少; 缺少 FAQ / 采购问题解答模块,增加 3-6 个有信息量的段落，避免只靠卡片、导航和短摘要支撑页面; 增加 3-5 个真实采购/部署问题，提升长尾覆盖和 AI 引用可读性,Desktop Liquid Security Inspector FC1500B | N-TET,Desktop Liquid Security Inspector FC1500B,Desktop Liquid Security Inspector FC1500B Technical Specifications | Get Solution & Quotation | Overview | Technical Specifications | Get Solution & Quotation | Related public pages,.next/server/app/en/products/fc1500b-desktop-liquid-security-inspector.html
/en/products/fc1800b-portable-explosives-and-narcotics-detector,en,product_detail,strong,100,Portable Explosives & Narcotics Detector FC1800B,full_inventory,1636,2,1,6,18,22,0,198,179,Organization | ContactPoint | WebSite | Product | BreadcrumbList | ListItem,91,90,25,25,15,25,90,83,P3 保持监测,有效正文段落偏少; 缺少 FAQ / 采购问题解答模块,增加 3-6 个有信息量的段落，避免只靠卡片、导航和短摘要支撑页面; 增加 3-5 个真实采购/部署问题，提升长尾覆盖和 AI 引用可读性,Portable Explosives & Narcotics Detector FC1800B | N-TET,Portable Explosives & Narcotics Detector FC1800B,Portable Explosives & Narcotics Detector FC1800B Technical Specifications | Get Solution & Quotation | Overview | Technical Specifications | Get Solution & Quotation | Related public pages,.next/server/app/en/products/fc1800b-portable-explosives-and-narcotics-detector.html
/en/products/fc1800t-desktop-explosives-narcotics-detector,en,product_detail,strong,100,Desktop Explosives & Narcotics Detector FC1800T,full_inventory,1684,2,1,6,18,22,0,198,179,Organization | ContactPoint | WebSite | Product | BreadcrumbList | ListItem,91,90,25,25,15,25,90,83,P3 保持监测,有效正文段落偏少; 缺少 FAQ / 采购问题解答模块,增加 3-6 个有信息量的段落，避免只靠卡片、导航和短摘要支撑页面; 增加 3-5 个真实采购/部署问题，提升长尾覆盖和 AI 引用可读性,Desktop Explosives & Narcotics Detector FC1800T | N-TET,Desktop Explosives & Narcotics Detector FC1800T,Desktop Explosives & Narcotics Detector FC1800T Technical Specifications | Get Solution & Quotation | Overview | Technical Specifications | Get Solution & Quotation | Related public pages,.next/server/app/en/products/fc1800t-desktop-explosives-narcotics-detector.html
/en/products/fc2088-handheld-metal-detector,en,product_detail,strong,100,Handheld Metal Detector FC2088,full_inventory,1587,2,1,6,18,22,0,198,179,Organization | ContactPoint | WebSite | Product | BreadcrumbList | ListItem,91,90,25,25,15,25,90,83,P3 保持监测,有效正文段落偏少; 缺少 FAQ / 采购问题解答模块,增加 3-6 个有信息量的段落，避免只靠卡片、导航和短摘要支撑页面; 增加 3-5 个真实采购/部署问题，提升长尾覆盖和 AI 引用可读性,Handheld Metal Detector FC2088 | N-TET,Handheld Metal Detector FC2088,Handheld Metal Detector FC2088 Technical Specifications | Get Solution & Quotation | Overview | Technical Specifications | Get Solution & Quotation | Related public pages,.next/server/app/en/products/fc2088-handheld-metal-detector.html
/en/products/fc4028-neutron-ambient-dose-rate-meter,en,product_detail,strong,100,FC4028 Neutron Ambient Dose Equivalent Rate Meter,full_inventory,2206,2,1,6,18,22,0,198,179,Organization | ContactPoint | WebSite | Product | BreadcrumbList | ListItem,91,90,25,25,15,25,90,83,P3 保持监测,有效正文段落偏少; 缺少 FAQ / 采购问题解答模块,增加 3-6 个有信息量的段落，避免只靠卡片、导航和短摘要支撑页面; 增加 3-5 个真实采购/部署问题，提升长尾覆盖和 AI 引用可读性,FC4028 Neutron Ambient Dose Equivalent (Rate) Meter | N-TET,FC4028 Neutron Ambient Dose Equivalent Rate Meter,FC4028 Neutron Ambient Dose Equivalent Rate Meter Technical Specifications | Get Solution & Quotation | Overview | Technical Specifications | Get Solution & Quotation | Related public pages,.next/server/app/en/products/fc4028-neutron-ambient-dose-rate-meter.html
/en/products/fc5030-compact-x-ray-baggage-scanner,en,product_detail,strong,100,X-Ray Baggage Scanner FC5030,full_inventory,1581,2,1,6,18,22,0,198,179,Organization | ContactPoint | WebSite | Product | BreadcrumbList | ListItem,91,90,25,25,15,25,90,83,P3 保持监测,有效正文段落偏少; 缺少 FAQ / 采购问题解答模块,增加 3-6 个有信息量的段落，避免只靠卡片、导航和短摘要支撑页面; 增加 3-5 个真实采购/部署问题，提升长尾覆盖和 AI 引用可读性,X-Ray Baggage Scanner FC5030 | N-TET,X-Ray Baggage Scanner FC5030,X-Ray Baggage Scanner FC5030 Technical Specifications | Get Solution & Quotation | Overview | Technical Specifications | Get Solution & Quotation | Related public pages,.next/server/app/en/products/fc5030-compact-x-ray-baggage-scanner.html
/en/products/fc6550-standard-x-ray-baggage-scanner,en,product_detail,strong,100,X-Ray Baggage Scanner FC6550,full_inventory,1595,2,1,6,18,22,0,198,179,Organization | ContactPoint | WebSite | Product | BreadcrumbList | ListItem,91,90,25,25,15,25,90,83,P3 保持监测,有效正文段落偏少; 缺少 FAQ / 采购问题解答模块,增加 3-6 个有信息量的段落，避免只靠卡片、导航和短摘要支撑页面; 增加 3-5 个真实采购/部署问题，提升长尾覆盖和 AI 引用可读性,X-Ray Baggage Scanner FC6550 | N-TET,X-Ray Baggage Scanner FC6550,X-Ray Baggage Scanner FC6550 Technical Specifications | Get Solution & Quotation | Overview | Technical Specifications | Get Solution & Quotation | Related public pages,.next/server/app/en/products/fc6550-standard-x-ray-baggage-scanner.html
/en/products/fc6550d-dual-view-baggage-scanner,en,product_detail,strong,100,Dual-View X-Ray Baggage Scanner FC6550D,full_inventory,1668,2,1,6,18,22,0,198,179,Organization | ContactPoint | WebSite | Product | BreadcrumbList | ListItem,91,90,25,25,15,25,90,83,P3 保持监测,有效正文段落偏少; 缺少 FAQ / 采购问题解答模块,增加 3-6 个有信息量的段落，避免只靠卡片、导航和短摘要支撑页面; 增加 3-5 个真实采购/部署问题，提升长尾覆盖和 AI 引用可读性,Dual-View X-Ray Baggage Scanner FC6550D | N-TET,Dual-View X-Ray Baggage Scanner FC6550D,Dual-View X-Ray Baggage Scanner FC6550D Technical Specifications | Get Solution & Quotation | Overview | Technical Specifications | Get Solution & Quotation | Related public pages,.next/server/app/en/products/fc6550d-dual-view-baggage-scanner.html
/en/products/fc902-personal-radiation-dose-alarm,en,product_detail,strong,100,X-γ Radiation Dose Alarm FC902,full_inventory,1858,2,1,6,18,22,0,198,179,Organization | ContactPoint | WebSite | Product | BreadcrumbList | ListItem,91,90,25,25,15,25,90,83,P3 保持监测,有效正文段落偏少; 缺少 FAQ / 采购问题解答模块,增加 3-6 个有信息量的段落，避免只靠卡片、导航和短摘要支撑页面; 增加 3-5 个真实采购/部署问题，提升长尾覆盖和 AI 引用可读性,X-γ Radiation Dose Alarm FC902 | N-TET,X-γ Radiation Dose Alarm FC902,X-γ Radiation Dose Alarm FC902 Technical Specifications | Get Solution & Quotation | Overview | Technical Specifications | Get Solution & Quotation | Related public pages,.next/server/app/en/products/fc902-personal-radiation-dose-alarm.html
/en/products/handheld-rf-detection-system-mini,en,product_detail,strong,100,Handheld RF Detection System,full_inventory,1553,2,1,6,18,22,0,198,179,Organization | ContactPoint | WebSite | Product | BreadcrumbList | ListItem,91,90,25,25,15,25,90,83,P3 保持监测,有效正文段落偏少; 缺少 FAQ / 采购问题解答模块,增加 3-6 个有信息量的段落，避免只靠卡片、导航和短摘要支撑页面; 增加 3-5 个真实采购/部署问题，提升长尾覆盖和 AI 引用可读性,Handheld RF Detection System | N-TET,Handheld RF Detection System,Handheld RF Detection System Technical Specifications | Get Solution & Quotation | Overview | Technical Specifications | Get Solution & Quotation | Related public pages,.next/server/app/en/products/handheld-rf-detection-system-mini.html
/en/products/intelligent-mobile-cabin-hospital,en,product_detail,strong,100,Intelligent Mobile Cabin Hospital,full_inventory,1389,2,1,6,18,22,0,198,179,Organization | ContactPoint | WebSite | Product | BreadcrumbList | ListItem,91,90,25,25,15,25,90,83,P3 保持监测,有效正文段落偏少; 缺少 FAQ / 采购问题解答模块,增加 3-6 个有信息量的段落，避免只靠卡片、导航和短摘要支撑页面; 增加 3-5 个真实采购/部署问题，提升长尾覆盖和 AI 引用可读性,Intelligent Mobile Cabin Hospital | N-TET,Intelligent Mobile Cabin Hospital,Intelligent Mobile Cabin Hospital Technical Specifications | Get Solution & Quotation | Overview | Technical Specifications | Get Solution & Quotation | Related public pages,.next/server/app/en/products/intelligent-mobile-cabin-hospital.html
/en/products/low-altitude-3d-pulse-doppler-radar,en,product_detail,strong,100,Low-Altitude Detection Radar X-Band,full_inventory,1553,2,1,6,18,22,0,198,179,Organization | ContactPoint | WebSite | Product | BreadcrumbList | ListItem,91,90,25,25,15,25,90,83,P3 保持监测,有效正文段落偏少; 缺少 FAQ / 采购问题解答模块,增加 3-6 个有信息量的段落，避免只靠卡片、导航和短摘要支撑页面; 增加 3-5 个真实采购/部署问题，提升长尾覆盖和 AI 引用可读性,Low-Altitude Detection Radar (X-Band) | N-TET,Low-Altitude Detection Radar X-Band,Low-Altitude Detection Radar X-Band Technical Specifications | Get Solution & Quotation | Overview | Technical Specifications | Get Solution & Quotation | Related public pages,.next/server/app/en/products/low-altitude-3d-pulse-doppler-radar.html
/en/products/low-altitude-detection-radar-ku-band,en,product_detail,strong,100,Low-Altitude Detection Radar Ku-Band,full_inventory,1551,2,1,6,18,22,0,198,179,Organization | ContactPoint | WebSite | Product | BreadcrumbList | ListItem,91,90,25,25,15,25,90,83,P3 保持监测,有效正文段落偏少; 缺少 FAQ / 采购问题解答模块,增加 3-6 个有信息量的段落，避免只靠卡片、导航和短摘要支撑页面; 增加 3-5 个真实采购/部署问题，提升长尾覆盖和 AI 引用可读性,Low-Altitude Detection Radar (Ku-Band) | N-TET,Low-Altitude Detection Radar Ku-Band,Low-Altitude Detection Radar Ku-Band Technical Specifications | Get Solution & Quotation | Overview | Technical Specifications | Get Solution & Quotation | Related public pages,.next/server/app/en/products/low-altitude-detection-radar-ku-band.html
/en/products/multi-rotor-20kg-payload-uav,en,product_detail,strong,100,20kg Payload Multi-Rotor UAV,full_inventory,1513,4,1,6,20,24,0,198,179,Organization | ContactPoint | WebSite | Product | BreadcrumbList | ListItem,100,100,25,25,15,25,90,92,P3 保持监测,缺少 FAQ / 采购问题解答模块,增加 3-5 个真实采购/部署问题，提升长尾覆盖和 AI 引用可读性,20kg Payload Multi-Rotor UAV | N-TET,20kg Payload Multi-Rotor UAV,20kg Payload Multi-Rotor UAV Technical Specifications | Get Solution & Quotation | Overview | Technical Specifications | Get Solution & Quotation | Related public pages,.next/server/app/en/products/multi-rotor-20kg-payload-uav.html
/en/products/multi-rotor-3kg-payload-uav,en,product_detail,strong,100,3kg Payload Multi-Rotor UAV,full_inventory,1537,4,1,6,20,24,0,198,179,Organization | ContactPoint | WebSite | Product | BreadcrumbList | ListItem,100,100,25,25,15,25,90,92,P3 保持监测,缺少 FAQ / 采购问题解答模块,增加 3-5 个真实采购/部署问题，提升长尾覆盖和 AI 引用可读性,3kg Payload Multi-Rotor UAV | N-TET,3kg Payload Multi-Rotor UAV,3kg Payload Multi-Rotor UAV Technical Specifications | Get Solution & Quotation | Overview | Technical Specifications | Get Solution & Quotation | Related public pages,.next/server/app/en/products/multi-rotor-3kg-payload-uav.html
/en/products/multi-rotor-50kg-payload-uav,en,product_detail,strong,100,50kg Payload Multi-Rotor UAV,full_inventory,1505,4,1,6,20,24,0,198,179,Organization | ContactPoint | WebSite | Product | BreadcrumbList | ListItem,100,100,25,25,15,25,90,92,P3 保持监测,缺少 FAQ / 采购问题解答模块,增加 3-5 个真实采购/部署问题，提升长尾覆盖和 AI 引用可读性,50kg Payload Multi-Rotor UAV | N-TET,50kg Payload Multi-Rotor UAV,50kg Payload Multi-Rotor UAV Technical Specifications | Get Solution & Quotation | Overview | Technical Specifications | Get Solution & Quotation | Related public pages,.next/server/app/en/products/multi-rotor-50kg-payload-uav.html
/en/products/multi-rotor-8kg-payload-uav,en,product_detail,strong,100,8kg Payload Multi-Rotor UAV,full_inventory,1515,4,1,6,20,24,0,198,179,Organization | ContactPoint | WebSite | Product | BreadcrumbList | ListItem,100,100,25,25,15,25,90,92,P3 保持监测,缺少 FAQ / 采购问题解答模块,增加 3-5 个真实采购/部署问题，提升长尾覆盖和 AI 引用可读性,8kg Payload Multi-Rotor UAV | N-TET,8kg Payload Multi-Rotor UAV,8kg Payload Multi-Rotor UAV Technical Specifications | Get Solution & Quotation | Overview | Technical Specifications | Get Solution & Quotation | Related public pages,.next/server/app/en/products/multi-rotor-8kg-payload-uav.html
/en/products/portable-rf-detection-case,en,product_detail,strong,100,Hand-carried RF Detection System,full_inventory,1463,2,1,6,18,22,0,198,179,Organization | ContactPoint | WebSite | Product | BreadcrumbList | ListItem,91,90,25,25,15,25,90,83,P3 保持监测,有效正文段落偏少; 缺少 FAQ / 采购问题解答模块,增加 3-6 个有信息量的段落，避免只靠卡片、导航和短摘要支撑页面; 增加 3-5 个真实采购/部署问题，提升长尾覆盖和 AI 引用可读性,Hand-carried RF Detection System | N-TET,Hand-carried RF Detection System,Hand-carried RF Detection System Technical Specifications | Get Solution & Quotation | Overview | Technical Specifications | Get Solution & Quotation | Related public pages,.next/server/app/en/products/portable-rf-detection-case.html
/en/products/power-tower-inspection-drone,en,product_detail,strong,100,drone power line inspection,full_inventory,2113,8,1,6,22,24,0,198,179,Organization | ContactPoint | WebSite | Product | BreadcrumbList | ListItem,100,100,25,25,15,25,90,92,P3 保持监测,缺少 FAQ / 采购问题解答模块,增加 3-5 个真实采购/部署问题，提升长尾覆盖和 AI 引用可读性,Power Tower Inspection UAV | N-TET,Power Tower Inspection UAV,Power Tower Inspection UAV Technical Specifications | Get Solution & Quotation | Overview | Technical Specifications | Get Solution & Quotation | Related public pages,.next/server/app/en/products/power-tower-inspection-drone.html
/en/products/smart-substation-autonomous-inspection-system,en,product_detail,strong,100,smart substation autonomous inspection,full_inventory,2357,6,1,6,22,24,0,198,179,Organization | ContactPoint | WebSite | Product | BreadcrumbList | ListItem,100,100,25,25,15,25,90,92,P3 保持监测,缺少 FAQ / 采购问题解答模块,增加 3-5 个真实采购/部署问题，提升长尾覆盖和 AI 引用可读性,Smart Substation Autonomous UAV Inspection System | N-TET,Smart Substation Autonomous UAV Inspection System,Smart Substation Autonomous UAV Inspection System Technical Specifications | Get Solution & Quotation | Overview | Technical Specifications | Get Solution & Quotation | Related public pages,.next/server/app/en/products/smart-substation-autonomous-inspection-system.html
/en/products/stationary-rf-detection-system,en,product_detail,strong,100,Stationary RF Detection System,full_inventory,1603,2,1,6,18,22,0,198,179,Organization | ContactPoint | WebSite | Product | BreadcrumbList | ListItem,91,90,25,25,15,25,90,83,P3 保持监测,有效正文段落偏少; 缺少 FAQ / 采购问题解答模块,增加 3-6 个有信息量的段落，避免只靠卡片、导航和短摘要支撑页面; 增加 3-5 个真实采购/部署问题，提升长尾覆盖和 AI 引用可读性,Stationary RF Detection System | N-TET,Stationary RF Detection System,Stationary RF Detection System Technical Specifications | Get Solution & Quotation | Overview | Technical Specifications | Get Solution & Quotation | Related public pages,.next/server/app/en/products/stationary-rf-detection-system.html
/en/products/uav-remote-id-monitoring-system,en,product_detail,strong,100,UAV Remote ID Monitoring System,full_inventory,1488,2,1,6,18,22,0,198,179,Organization | ContactPoint | WebSite | Product | BreadcrumbList | ListItem,91,90,25,25,15,25,90,83,P3 保持监测,有效正文段落偏少; 缺少 FAQ / 采购问题解答模块,增加 3-6 个有信息量的段落，避免只靠卡片、导航和短摘要支撑页面; 增加 3-5 个真实采购/部署问题，提升长尾覆盖和 AI 引用可读性,UAV Remote ID Monitoring System | N-TET,UAV Remote ID Monitoring System,UAV Remote ID Monitoring System Technical Specifications | Get Solution & Quotation | Overview | Technical Specifications | Get Solution & Quotation | Related public pages,.next/server/app/en/products/uav-remote-id-monitoring-system.html
/en/products/vtol-135kg-mtow-uav,en,product_detail,strong,100,135kg MTOW VTOL Fixed-Wing UAV,full_inventory,1492,4,1,6,20,24,0,198,179,Organization | ContactPoint | WebSite | Product | BreadcrumbList | ListItem,100,100,25,25,15,25,90,92,P3 保持监测,缺少 FAQ / 采购问题解答模块,增加 3-5 个真实采购/部署问题，提升长尾覆盖和 AI 引用可读性,135kg MTOW VTOL Fixed-Wing UAV | N-TET,135kg MTOW VTOL Fixed-Wing UAV,135kg MTOW VTOL Fixed-Wing UAV Technical Specifications | Get Solution & Quotation | Overview | Technical Specifications | Get Solution & Quotation | Related public pages,.next/server/app/en/products/vtol-135kg-mtow-uav.html
/en/products/vtol-14kg-mtow-uav,en,product_detail,strong,100,14kg MTOW VTOL Fixed-Wing UAV,full_inventory,1496,4,1,6,20,24,0,198,179,Organization | ContactPoint | WebSite | Product | BreadcrumbList | ListItem,100,100,25,25,15,25,90,92,P3 保持监测,缺少 FAQ / 采购问题解答模块,增加 3-5 个真实采购/部署问题，提升长尾覆盖和 AI 引用可读性,14kg MTOW VTOL Fixed-Wing UAV | N-TET,14kg MTOW VTOL Fixed-Wing UAV,14kg MTOW VTOL Fixed-Wing UAV Technical Specifications | Get Solution & Quotation | Overview | Technical Specifications | Get Solution & Quotation | Related public pages,.next/server/app/en/products/vtol-14kg-mtow-uav.html
/en/products/vtol-26kg-mtow-uav,en,product_detail,strong,100,26kg MTOW VTOL Fixed-Wing UAV,full_inventory,1492,4,1,6,20,24,0,198,179,Organization | ContactPoint | WebSite | Product | BreadcrumbList | ListItem,100,100,25,25,15,25,90,92,P3 保持监测,缺少 FAQ / 采购问题解答模块,增加 3-5 个真实采购/部署问题，提升长尾覆盖和 AI 引用可读性,26kg MTOW VTOL Fixed-Wing UAV | N-TET,26kg MTOW VTOL Fixed-Wing UAV,26kg MTOW VTOL Fixed-Wing UAV Technical Specifications | Get Solution & Quotation | Overview | Technical Specifications | Get Solution & Quotation | Related public pages,.next/server/app/en/products/vtol-26kg-mtow-uav.html
/en/products/vtol-40kg-mtow-uav,en,product_detail,strong,100,40kg MTOW VTOL Fixed-Wing UAV,full_inventory,1472,4,1,6,20,24,0,198,179,Organization | ContactPoint | WebSite | Product | BreadcrumbList | ListItem,100,100,25,25,15,25,90,92,P3 保持监测,缺少 FAQ / 采购问题解答模块,增加 3-5 个真实采购/部署问题，提升长尾覆盖和 AI 引用可读性,40kg MTOW VTOL Fixed-Wing UAV | N-TET,40kg MTOW VTOL Fixed-Wing UAV,40kg MTOW VTOL Fixed-Wing UAV Technical Specifications | Get Solution & Quotation | Overview | Technical Specifications | Get Solution & Quotation | Related public pages,.next/server/app/en/products/vtol-40kg-mtow-uav.html
/en/products/vtol-64kg-mtow-uav,en,product_detail,strong,100,64kg MTOW VTOL Fixed-Wing UAV,full_inventory,1482,4,1,6,20,24,0,198,179,Organization | ContactPoint | WebSite | Product | BreadcrumbList | ListItem,100,100,25,25,15,25,90,92,P3 保持监测,缺少 FAQ / 采购问题解答模块,增加 3-5 个真实采购/部署问题，提升长尾覆盖和 AI 引用可读性,64kg MTOW VTOL Fixed-Wing UAV | N-TET,64kg MTOW VTOL Fixed-Wing UAV,64kg MTOW VTOL Fixed-Wing UAV Technical Specifications | Get Solution & Quotation | Overview | Technical Specifications | Get Solution & Quotation | Related public pages,.next/server/app/en/products/vtol-64kg-mtow-uav.html
/en/solutions,en,solution_list,strong,100,UAV inspection solutions,high_value_en,1226,4,1,11,46,50,0,222,203,Organization | ContactPoint | WebSite,100,100,25,20,15,21,81,66,P2 建议增强,,,UAV Inspection Solutions & Emergency Response Drone | N-TET,UAV Inspection Solutions,UAV Inspection Solutions Workflow | UAV Inspection & Patrol | UAV Emergency Response | Critical Infrastructure Protection | Key Area Security | Get Solution & Quotation | UAV Inspection & Patrol | UAV Emergency Response,.next/server/app/en/solutions.html
/en/solutions/airport-low-altitude-monitoring,en,solution_detail,strong,85,Airport Airspace Monitoring Application,full_inventory,1656,12,1,11,34,32,0,210,191,Organization | ContactPoint | WebSite | Service | BreadcrumbList | ListItem,93,95,25,25,15,25,90,100,P3 保持监测,缺少页面类型应有证据：hasRelatedProducts,按页面类型补齐证据模块，而不是继续堆关键词,Airport Airspace Monitoring Application | N-TET,Airport Airspace Monitoring Application,Airport Airspace Monitoring Application Workflow | Technical Specifications | Related Equipment | Solution FAQ | Get Solution & Quotation | Overview | Technical Specifications | Related Equipment,.next/server/app/en/solutions/airport-low-altitude-monitoring.html
/en/solutions/airport-security-protection,en,solution_detail,strong,85,Airport Security Protection,full_inventory,2096,23,1,14,48,48,0,216,197,Organization | ContactPoint | WebSite | Service | BreadcrumbList | ListItem,93,95,25,25,15,25,90,100,P3 保持监测,缺少页面类型应有证据：hasRelatedProducts,按页面类型补齐证据模块，而不是继续堆关键词,Airport Security Protection | N-TET,Airport Security Protection,Airport Security Protection Workflow | How Integrated Monitoring and Screening Support Airport Security | Solution Modules | Related Equipment | Solution FAQ | Get Solution & Quotation | Overview | Industry Pain Points,.next/server/app/en/solutions/airport-security-protection.html
/en/solutions/category/01_BorderPatrol,en,solution_category,strong,100,border patrol UAV,high_value_en,1829,15,1,9,33,34,0,212,181,Organization | ContactPoint | WebSite,100,100,25,20,20,21,86,74,P2 建议增强,,,Border Patrol UAV Solutions | N-TET,Border Patrol UAV Solutions,Border Patrol UAV and Coastal Monitoring | UAV Inspection Solutions | Recommended Products | Solution FAQ | Get Solution & Quotation | Industry Needs | UAV Inspection Solutions | Recommended Products,.next/server/app/en/solutions/category/01_BorderPatrol.html
/en/solutions/category/02_InfrastructureProtection,en,solution_category,strong,100,industrial facility inspection UAV,high_value_en,1904,19,1,9,35,36,0,218,179,Organization | ContactPoint | WebSite,100,100,25,20,20,21,86,74,P2 建议增强,,,Industrial Facility Inspection UAV Solutions | N-TET,Industrial Facility Inspection UAV Solutions,Industrial Facility Inspection UAV Scenarios | UAV Inspection Solutions | Recommended Products | Solution FAQ | Get Solution & Quotation | Industry Needs | UAV Inspection Solutions | Recommended Products,.next/server/app/en/solutions/category/02_InfrastructureProtection.html
/en/solutions/category/03_KeyAreaSecurity,en,solution_category,strong,100,airport airspace monitoring,high_value_en,1797,15,1,9,39,40,0,218,187,Organization | ContactPoint | WebSite,100,100,25,20,20,21,86,74,P2 建议增强,,,Airport Airspace Monitoring and Key Area Security Solutions | N-TET,Airport Airspace Monitoring and Key Area Security Solutions,Airport Airspace Monitoring Scenarios | UAV Inspection Solutions | Recommended Products | Solution FAQ | Get Solution & Quotation | Industry Needs | UAV Inspection Solutions | Recommended Products,.next/server/app/en/solutions/category/03_KeyAreaSecurity.html
/en/solutions/category/04_EmergencyRescue,en,solution_category,strong,100,search and rescue drone,high_value_en,1879,15,1,9,33,34,0,212,181,Organization | ContactPoint | WebSite,100,100,25,20,20,21,86,74,P2 建议增强,,,Search and Rescue Drone & Emergency UAV Solutions | N-TET,Search and Rescue Drone & Emergency UAV Solutions,Search and Rescue Drone Emergency Workflows | UAV Inspection Solutions | Recommended Products | Solution FAQ | Get Solution & Quotation | Industry Needs | UAV Inspection Solutions | Recommended Products,.next/server/app/en/solutions/category/04_EmergencyRescue.html
/en/solutions/chemical-plant-protection,en,solution_detail,strong,100,pipeline inspection drones,high_value_en,2263,30,1,14,42,42,0,208,189,Organization | ContactPoint | WebSite | Service | BreadcrumbList | ListItem,93,95,25,25,15,25,90,100,P3 保持监测,缺少页面类型应有证据：hasRelatedProducts,按页面类型补齐证据模块，而不是继续堆关键词,Pipeline Inspection Drones for Chemical Plant Monitoring | N-TET,Pipeline Inspection Drones for Chemical Plant Monitoring,Pipeline Inspection Drones and Plant Monitoring | A Neutral Low-Altitude Risk Process for Chemical Sites | Solution Modules | Related Equipment | Solution FAQ | Get Solution & Quotation | Overview | Industry Pain Points,.next/server/app/en/solutions/chemical-plant-protection.html
/en/solutions/disaster-site-search-rescue-reconnaissance-uav-solution,en,solution_detail,strong,100,search and rescue drone,high_value_en,2076,28,1,16,40,40,0,210,191,Organization | ContactPoint | WebSite | Service | BreadcrumbList | ListItem,93,95,25,25,15,25,90,100,P3 保持监测,缺少页面类型应有证据：hasRelatedProducts,按页面类型补齐证据模块，而不是继续堆关键词,Search and Rescue Drone Solution | N-TET,Search and Rescue Drone Solution,Search and Rescue Drone Workflow | How UAVs Upgrade Emergency Reconnaissance | Solution Modules | Related Equipment | Related Cases | Solution FAQ | Get Solution & Quotation | Overview,.next/server/app/en/solutions/disaster-site-search-rescue-reconnaissance-uav-solution.html
/en/solutions/emergency-communication-uav,en,solution_detail,strong,100,Emergency Communication UAV,full_inventory,1680,12,1,11,26,26,0,202,183,Organization | ContactPoint | WebSite | Service | BreadcrumbList | ListItem,93,95,25,25,15,25,90,100,P3 保持监测,缺少页面类型应有证据：hasRelatedProducts,按页面类型补齐证据模块，而不是继续堆关键词,Emergency Communication UAV | N-TET,Emergency Communication UAV,Emergency Communication UAV Workflow | Technical Specifications | Related Equipment | Solution FAQ | Get Solution & Quotation | Overview | Technical Specifications | Related Equipment,.next/server/app/en/solutions/emergency-communication-uav.html
/en/solutions/emergency-communication-uav-solution,en,solution_detail,partial,70,Emergency Communication UAV Solution,partial_keyword_page,1600,13,1,14,30,29,0,206,187,Organization | ContactPoint | WebSite | Service | BreadcrumbList | ListItem,93,95,25,25,15,25,90,100,P3 保持监测,缺少页面类型应有证据：hasRelatedProducts,按页面类型补齐证据模块，而不是继续堆关键词,Emergency Communication UAV Solution | N-TET,Emergency Communication UAV Solution,Related Equipment | Solution FAQ | Get Solution & Quotation | Overview | Industry Pain Points | UAV-Enabled Upgrade | Solution | Related Equipment,.next/server/app/en/solutions/emergency-communication-uav-solution.html
/en/solutions/emergency-lighting-uav,en,solution_detail,strong,85,Emergency Lighting UAV,full_inventory,1626,12,1,11,28,28,0,204,185,Organization | ContactPoint | WebSite | Service | BreadcrumbList | ListItem,93,95,25,25,15,25,90,100,P3 保持监测,缺少页面类型应有证据：hasRelatedProducts,按页面类型补齐证据模块，而不是继续堆关键词,Emergency Lighting UAV | N-TET,Emergency Lighting UAV,Emergency Lighting UAV Workflow | Technical Specifications | Related Equipment | Solution FAQ | Get Solution & Quotation | Overview | Technical Specifications | Related Equipment,.next/server/app/en/solutions/emergency-lighting-uav.html
/en/solutions/emergency-reconnaissance-uav,en,solution_detail,strong,85,Emergency Reconnaissance UAV,full_inventory,1654,12,1,11,28,28,0,204,185,Organization | ContactPoint | WebSite | Service | BreadcrumbList | ListItem,93,95,25,25,15,25,90,100,P3 保持监测,缺少页面类型应有证据：hasRelatedProducts,按页面类型补齐证据模块，而不是继续堆关键词,Emergency Reconnaissance UAV | N-TET,Emergency Reconnaissance UAV,Emergency Reconnaissance UAV Workflow | Technical Specifications | Related Equipment | Solution FAQ | Get Solution & Quotation | Overview | Technical Specifications | Related Equipment,.next/server/app/en/solutions/emergency-reconnaissance-uav.html
/en/solutions/emergency-search-rescue-uav-solution,en,solution_detail,partial,70,Emergency Search & Rescue UAV Solution,partial_keyword_page,1627,12,1,16,32,31,0,208,189,Organization | ContactPoint | WebSite | Service | BreadcrumbList | ListItem,93,95,25,25,15,25,90,100,P3 保持监测,缺少页面类型应有证据：hasRelatedProducts,按页面类型补齐证据模块，而不是继续堆关键词,Emergency Search & Rescue UAV Solution | N-TET,Emergency Search & Rescue UAV Solution,Related Equipment | Related Cases | Solution FAQ | Get Solution & Quotation | Overview | Industry Pain Points | UAV-Enabled Upgrade | Solution,.next/server/app/en/solutions/emergency-search-rescue-uav-solution.html
/en/solutions/high-rise-firefighting-uav-solution,en,solution_detail,partial,70,High-Rise Firefighting UAV Solution,partial_keyword_page,1643,14,1,14,32,31,0,208,189,Organization | ContactPoint | WebSite | Service | BreadcrumbList | ListItem,93,95,25,25,15,25,90,100,P3 保持监测,缺少页面类型应有证据：hasRelatedProducts,按页面类型补齐证据模块，而不是继续堆关键词,High-Rise Firefighting UAV Solution | N-TET,High-Rise Firefighting UAV Solution,Related Equipment | Solution FAQ | Get Solution & Quotation | Overview | Industry Pain Points | UAV-Enabled Upgrade | Solution | Related Equipment,.next/server/app/en/solutions/high-rise-firefighting-uav-solution.html
/en/solutions/hydroelectric-dam-protection,en,solution_detail,strong,85,Hydroelectric Dam Protection,full_inventory,2193,24,1,14,40,40,0,208,189,Organization | ContactPoint | WebSite | Service | BreadcrumbList | ListItem,93,95,25,25,15,25,90,100,P3 保持监测,缺少页面类型应有证据：hasRelatedProducts,按页面类型补齐证据模块，而不是继续堆关键词,Hydroelectric Dam Protection | N-TET,Hydroelectric Dam Protection,Hydroelectric Dam Protection Workflow | Low-Altitude Security Workflow for Dam Operations | Solution Modules | Related Equipment | Solution FAQ | Get Solution & Quotation | Overview | Industry Pain Points,.next/server/app/en/solutions/hydroelectric-dam-protection.html
/en/solutions/judicial-sector-security,en,solution_detail,strong,85,Judicial Sector Security Protection,full_inventory,2228,27,1,14,48,48,0,216,197,Organization | ContactPoint | WebSite | Service | BreadcrumbList | ListItem,93,95,25,25,15,25,90,100,P3 保持监测,缺少页面类型应有证据：hasRelatedProducts,按页面类型补齐证据模块，而不是继续堆关键词,Judicial Sector Security Protection | N-TET,Judicial Sector Security Protection,Judicial Sector Security Protection Workflow | How Integrated Monitoring and Screening Support Judicial Security | Solution Modules | Related Equipment | Solution FAQ | Get Solution & Quotation | Overview | Industry Pain Points,.next/server/app/en/solutions/judicial-sector-security.html
/en/solutions/land-based-maritime-surveillance,en,solution_detail,strong,85,Land-based Maritime Surveillance & Early Warning,full_inventory,1640,12,1,11,28,26,0,204,185,Organization | ContactPoint | WebSite | Service | BreadcrumbList | ListItem,93,95,25,25,15,25,90,100,P3 保持监测,缺少页面类型应有证据：hasRelatedProducts,按页面类型补齐证据模块，而不是继续堆关键词,Land-based Maritime Surveillance & Early Warning | N-TET,Land-based Maritime Surveillance & Early Warning,Land-based Maritime Surveillance & Early Warning Workflow | Technical Specifications | Related Equipment | Solution FAQ | Get Solution & Quotation | Overview | Technical Specifications | Related Equipment,.next/server/app/en/solutions/land-based-maritime-surveillance.html
/en/solutions/night-emergency-lighting-support-uav-solution,en,solution_detail,strong,100,tethered lighting UAV,high_value_en,2062,30,1,16,42,42,0,210,191,Organization | ContactPoint | WebSite | Service | BreadcrumbList | ListItem,93,95,25,25,15,25,90,100,P3 保持监测,缺少页面类型应有证据：hasRelatedProducts,按页面类型补齐证据模块，而不是继续堆关键词,Tethered Lighting UAV Solution | N-TET,Tethered Lighting UAV Solution,Tethered Lighting UAV Workflow | How UAVs Upgrade Operations | Solution Modules | Related Equipment | Related Cases | Solution FAQ | Get Solution & Quotation | Overview,.next/server/app/en/solutions/night-emergency-lighting-support-uav-solution.html
/en/solutions/oil-production-base-protection,en,solution_detail,strong,100,oil and gas drone inspection,full_inventory,2238,25,1,14,40,40,0,208,189,Organization | ContactPoint | WebSite | Service | BreadcrumbList | ListItem,93,95,25,25,15,25,90,100,P3 保持监测,缺少页面类型应有证据：hasRelatedProducts,按页面类型补齐证据模块，而不是继续堆关键词,Oil and Gas Drone Inspection Solution | N-TET,Oil and Gas Drone Inspection Solution,Oil and Gas Drone Inspection Workflow | Layered Low-Altitude Protection for Oil Production Sites | Solution Modules | Related Equipment | Solution FAQ | Get Solution & Quotation | Overview | Industry Pain Points,.next/server/app/en/solutions/oil-production-base-protection.html
/en/solutions/post-disaster-emergency-communication-support-uav-solution,en,solution_detail,strong,100,emergency communication UAV,high_value_en,2088,26,1,16,40,40,0,210,191,Organization | ContactPoint | WebSite | Service | BreadcrumbList | ListItem,93,95,25,25,15,25,90,100,P3 保持监测,缺少页面类型应有证据：hasRelatedProducts,按页面类型补齐证据模块，而不是继续堆关键词,Emergency Communication UAV Solution | N-TET,Emergency Communication UAV Solution,Emergency Communication UAV Workflow | How UAVs Upgrade Operations | Solution Modules | Related Equipment | Related Cases | Solution FAQ | Get Solution & Quotation | Overview,.next/server/app/en/solutions/post-disaster-emergency-communication-support-uav-solution.html
/en/solutions/power-generation-facility-low-altitude-monitoring,en,solution_detail,strong,85,Power Generation Facility Airspace Monitoring,full_inventory,1735,12,1,11,34,32,0,210,191,Organization | ContactPoint | WebSite | Service | BreadcrumbList | ListItem,93,95,25,25,15,25,90,100,P3 保持监测,缺少页面类型应有证据：hasRelatedProducts,按页面类型补齐证据模块，而不是继续堆关键词,Power Generation Facility Airspace Monitoring | N-TET,Power Generation Facility Airspace Monitoring,Power Generation Facility Airspace Monitoring Workflow | Technical Specifications | Related Equipment | Solution FAQ | Get Solution & Quotation | Overview | Technical Specifications | Related Equipment,.next/server/app/en/solutions/power-generation-facility-low-altitude-monitoring.html
/en/solutions/power-line-uav-intelligent-inspection-solution,en,solution_detail,strong,100,drone power line inspection,high_value_en,2152,30,1,12,34,34,0,200,181,Organization | ContactPoint | WebSite | Service | BreadcrumbList | ListItem,93,95,25,25,15,25,90,100,P3 保持监测,缺少页面类型应有证据：hasRelatedProducts,按页面类型补齐证据模块，而不是继续堆关键词,Drone Power Line Inspection Solution | N-TET,Drone Power Line Inspection Solution,Drone Power Line Inspection Workflow | How UAVs Upgrade Operations | Solution Modules | Solution FAQ | Get Solution & Quotation | Overview | Industry Pain Points | How UAVs Upgrade Operations,.next/server/app/en/solutions/power-line-uav-intelligent-inspection-solution.html
/en/solutions/power-tower-inspection-uav-solution,en,solution_detail,partial,70,Power Tower Inspection UAV Solution,partial_keyword_page,1644,13,1,16,34,33,0,210,191,Organization | ContactPoint | WebSite | Service | BreadcrumbList | ListItem,93,95,25,25,15,25,90,100,P3 保持监测,缺少页面类型应有证据：hasRelatedProducts,按页面类型补齐证据模块，而不是继续堆关键词,Power Tower Inspection UAV Solution | N-TET,Power Tower Inspection UAV Solution,Related Equipment | Related Cases | Solution FAQ | Get Solution & Quotation | Overview | Industry Pain Points | UAV-Enabled Upgrade | Solution,.next/server/app/en/solutions/power-tower-inspection-uav-solution.html
/en/solutions/smart-substation-autonomous-inspection-solution,en,solution_detail,partial,70,Smart Substation Autonomous UAV Inspection Solution,partial_keyword_page,1667,14,1,16,32,31,0,208,189,Organization | ContactPoint | WebSite | Service | BreadcrumbList | ListItem,93,95,25,25,15,25,90,100,P3 保持监测,缺少页面类型应有证据：hasRelatedProducts,按页面类型补齐证据模块，而不是继续堆关键词,Smart Substation Autonomous UAV Inspection Solution | N-TET,Smart Substation Autonomous UAV Inspection Solution,Related Equipment | Related Cases | Solution FAQ | Get Solution & Quotation | Overview | Industry Pain Points | UAV-Enabled Upgrade | Solution,.next/server/app/en/solutions/smart-substation-autonomous-inspection-solution.html
/en/solutions/smart-substation-unattended-uav-inspection-solution,en,solution_detail,strong,100,smart substation autonomous inspection,high_value_en,2185,24,1,16,46,51,0,212,193,Organization | ContactPoint | WebSite | Service | BreadcrumbList | ListItem,93,95,25,25,15,25,90,100,P3 保持监测,缺少页面类型应有证据：hasRelatedProducts,按页面类型补齐证据模块，而不是继续堆关键词,Smart Substation Autonomous Inspection Solution | N-TET,Smart Substation Autonomous Inspection Solution,Smart Substation Autonomous Inspection Workflow | How UAVs Upgrade Substation Inspection | Solution Modules | Related Equipment | Related Cases | Solution FAQ | Get Solution & Quotation | Overview,.next/server/app/en/solutions/smart-substation-unattended-uav-inspection-solution.html
/en/solutions/sports-event-security,en,solution_detail,strong,85,Large Sports Event Security Protection,full_inventory,2206,27,1,14,48,54,0,216,197,Organization | ContactPoint | WebSite | Service | BreadcrumbList | ListItem,93,95,25,25,15,25,90,100,P3 保持监测,缺少页面类型应有证据：hasRelatedProducts,按页面类型补齐证据模块，而不是继续堆关键词,Large Sports Event Security Protection | N-TET,Large Sports Event Security Protection,Large Sports Event Security Protection Workflow | How Integrated Monitoring and Screening Support Large Events | Solution Modules | Related Equipment | Solution FAQ | Get Solution & Quotation | Overview | Industry Pain Points,.next/server/app/en/solutions/sports-event-security.html
/en/solutions/tethered-lighting-uav-solution,en,solution_detail,partial,70,Tethered Lighting UAV Solution,partial_keyword_page,1611,13,1,16,32,31,0,208,189,Organization | ContactPoint | WebSite | Service | BreadcrumbList | ListItem,93,95,25,25,15,25,90,100,P3 保持监测,缺少页面类型应有证据：hasRelatedProducts,按页面类型补齐证据模块，而不是继续堆关键词,Tethered Lighting UAV Solution | N-TET,Tethered Lighting UAV Solution,Related Equipment | Related Cases | Solution FAQ | Get Solution & Quotation | Overview | Industry Pain Points | UAV-Enabled Upgrade | Solution,.next/server/app/en/solutions/tethered-lighting-uav-solution.html
/en/solutions/uav-maritime-emergency-rescue,en,solution_detail,strong,85,UAV Maritime Emergency Rescue,full_inventory,1653,12,1,11,30,30,0,206,187,Organization | ContactPoint | WebSite | Service | BreadcrumbList | ListItem,93,95,25,25,15,25,90,100,P3 保持监测,缺少页面类型应有证据：hasRelatedProducts,按页面类型补齐证据模块，而不是继续堆关键词,UAV Maritime Emergency Rescue | N-TET,UAV Maritime Emergency Rescue,UAV Maritime Emergency Rescue Workflow | Technical Specifications | Related Equipment | Solution FAQ | Get Solution & Quotation | Overview | Technical Specifications | Related Equipment,.next/server/app/en/solutions/uav-maritime-emergency-rescue.html
/en/solutions/uav-maritime-patrol,en,solution_detail,strong,100,maritime patrol UAV,high_value_en,2152,26,1,16,38,38,0,210,191,Organization | ContactPoint | WebSite | Service | BreadcrumbList | ListItem,93,95,25,25,15,25,90,100,P3 保持监测,缺少页面类型应有证据：hasRelatedProducts,按页面类型补齐证据模块，而不是继续堆关键词,Maritime Patrol UAV Solution | N-TET,Maritime Patrol UAV Solution,Maritime Patrol UAV Workflow | How UAVs Upgrade Operations | Solution Modules | Related Equipment | Related Cases | Solution FAQ | Get Solution & Quotation | Overview,.next/server/app/en/solutions/uav-maritime-patrol.html
/en/solutions/urban-high-rise-firefighting-emergency-uav-solution,en,solution_detail,strong,100,firefighting drone,high_value_en,2145,30,1,16,44,44,0,212,193,Organization | ContactPoint | WebSite | Service | BreadcrumbList | ListItem,93,95,25,25,15,25,90,100,P3 保持监测,缺少页面类型应有证据：hasRelatedProducts,按页面类型补齐证据模块，而不是继续堆关键词,Firefighting Drone Solution | N-TET,Firefighting Drone Solution,Firefighting Drone Workflow | How UAVs Upgrade Operations | Solution Modules | Related Equipment | Related Cases | Solution FAQ | Get Solution & Quotation | Overview,.next/server/app/en/solutions/urban-high-rise-firefighting-emergency-uav-solution.html
/en/solutions/water-conservancy-monitoring-uav-solution,en,solution_detail,partial,70,Water Conservancy Monitoring UAV Solution,partial_keyword_page,1633,13,1,16,32,31,0,208,189,Organization | ContactPoint | WebSite | Service | BreadcrumbList | ListItem,93,95,25,25,15,25,90,100,P3 保持监测,缺少页面类型应有证据：hasRelatedProducts,按页面类型补齐证据模块，而不是继续堆关键词,Water Conservancy Monitoring UAV Solution | N-TET,Water Conservancy Monitoring UAV Solution,Related Equipment | Related Cases | Solution FAQ | Get Solution & Quotation | Overview | Industry Pain Points | UAV-Enabled Upgrade | Solution,.next/server/app/en/solutions/water-conservancy-monitoring-uav-solution.html
/en/solutions/water-conservancy-river-lake-uav-monitoring-solution,en,solution_detail,strong,100,water conservancy monitoring UAV,high_value_en,2284,32,1,16,42,42,0,208,189,Organization | ContactPoint | WebSite | Service | BreadcrumbList | ListItem,93,95,25,25,15,25,90,100,P3 保持监测,缺少页面类型应有证据：hasRelatedProducts,按页面类型补齐证据模块，而不是继续堆关键词,Water Conservancy Monitoring UAV Solution | N-TET,Water Conservancy Monitoring UAV Solution,Water Conservancy Monitoring UAV Workflow | How UAVs Upgrade Operations | Solution Modules | Related Equipment | Related Cases | Solution FAQ | Get Solution & Quotation | Overview,.next/server/app/en/solutions/water-conservancy-river-lake-uav-monitoring-solution.html
/es,es,home,strong,85,sistemas UAV industriales,high_value_es,1481,4,1,11,62,66,0,245,242,Organization | ContactPoint | WebSite,100,100,25,20,15,21,81,66,P2 建议增强,,,Sistemas UAV industriales y monitoreo de baja altitud | N-TET,Sistemas UAV industriales para operaciones de baja altitud,Nuestras soluciones | Centro de productos | UAV para monitoreo hídrico | Centro de casos | Acerca de nosotros | Últimas noticias | Nuestras soluciones | Centro de productos,.next/server/app/es.html
/es/about,es,about,strong,85,integrador de sistemas UAV industriales,high_value_es,1723,18,1,5,22,23,0,191,189,Organization | ContactPoint | WebSite,100,100,25,20,15,21,81,66,P2 建议增强,,,Acerca de N-TET | Integrador de sistemas UAV industriales,Perfil de integrador de sistemas UAV industriales,Capacidades de integración de sistemas UAV industriales | Equipo de I+D | Perfil de la empresa | Equipo de I+D | Solicitar solución y cotización,.next/server/app/es/about.html
/es/accessories,es,accessory_list,strong,80,accesorios para drones,high_value_es,1565,9,1,11,79,76,0,245,243,Organization | ContactPoint | WebSite,100,100,25,20,15,21,81,74,P2 建议增强,,,Accesorios para drones y componentes UAV | N-TET,Accesorios para drones y componentes UAV,Accesorios para drones y componentes UAV para plataformas industriales | Controladores de vuelo | Motores UAV | Hélices UAV | Baterías UAV | Gimbals electro-ópticos | Motores UAV | Enlaces de datos UAV,.next/server/app/es/accessories.html
/es/accessories/fc-bt1,es,accessory_detail,strong,85,Batería de estado sólido para UAV FC-BT1,full_inventory,4434,8,1,6,25,24,0,198,196,Organization | ContactPoint | WebSite | Product | BreadcrumbList | ListItem,100,100,25,19,15,25,84,84,P3 保持监测,,,Batería de estado sólido para UAV FC-BT1 | N-TET Drone Accessories,Batería de estado sólido para UAV FC-BT1,Batería de estado sólido para UAV FC-BT1 Technical Specifications | Solicitar solución y cotización | Resumen | Especificaciones técnicas | Solicitar solución y cotización | Paginas relacionadas,.next/server/app/es/accessories/fc-bt1.html
/es/accessories/fc-bt2,es,accessory_detail,strong,85,Batería de estado sólido para UAV FC-BT2,full_inventory,3880,8,1,6,25,24,0,198,196,Organization | ContactPoint | WebSite | Product | BreadcrumbList | ListItem,100,100,25,19,15,25,84,84,P3 保持监测,,,Batería de estado sólido para UAV FC-BT2 | N-TET Drone Accessories,Batería de estado sólido para UAV FC-BT2,Batería de estado sólido para UAV FC-BT2 Technical Specifications | Solicitar solución y cotización | Resumen | Especificaciones técnicas | Solicitar solución y cotización | Paginas relacionadas,.next/server/app/es/accessories/fc-bt2.html
/es/accessories/fc-bt3,es,accessory_detail,strong,85,Batería de estado sólido de alto voltaje para UAV FC-BT3,full_inventory,4023,10,1,6,26,24,0,198,196,Organization | ContactPoint | WebSite | Product | BreadcrumbList | ListItem,100,100,25,19,15,25,84,84,P3 保持监测,,,Batería de estado sólido de alto voltaje para UAV FC-BT3 | N-TET Drone Accessories,Batería de estado sólido de alto voltaje para UAV FC-BT3,Batería de estado sólido de alto voltaje para UAV FC-BT3 Technical Specifications | Solicitar solución y cotización | Resumen | Especificaciones técnicas | Solicitar solución y cotización | Paginas relacionadas,.next/server/app/es/accessories/fc-bt3.html
/es/accessories/fc-bt4,es,accessory_detail,strong,85,Batería de estado sólido de alta energía para UAV FC-BT4,full_inventory,5999,6,1,6,25,24,0,198,196,Organization | ContactPoint | WebSite | Product | BreadcrumbList | ListItem,100,100,25,19,15,25,84,84,P3 保持监测,,,Batería de estado sólido de alta energía para UAV FC-BT4 | N-TET Drone Accessories,Batería de estado sólido de alta energía para UAV FC-BT4,Batería de estado sólido de alta energía para UAV FC-BT4 Technical Specifications | Solicitar solución y cotización | Resumen | Especificaciones técnicas | Solicitar solución y cotización | Paginas relacionadas,.next/server/app/es/accessories/fc-bt4.html
/es/accessories/fc-btg,es,accessory_detail,strong,85,Batería de estado sólido para formación UAV FC-BTG,full_inventory,3073,6,1,6,25,24,0,198,196,Organization | ContactPoint | WebSite | Product | BreadcrumbList | ListItem,100,100,25,19,15,25,84,84,P3 保持监测,,,Batería de estado sólido para formación UAV FC-BTG | N-TET Drone Accessories,Batería de estado sólido para formación UAV FC-BTG,Batería de estado sólido para formación UAV FC-BTG Technical Specifications | Solicitar solución y cotización | Resumen | Especificaciones técnicas | Solicitar solución y cotización | Paginas relacionadas,.next/server/app/es/accessories/fc-btg.html
/es/accessories/fc-c2d-propeller,es,accessory_detail,strong,85,Hélice UAV FC-C2D,full_inventory,1832,4,1,6,21,22,0,198,196,Organization | ContactPoint | WebSite | Product | BreadcrumbList | ListItem,100,100,25,19,15,25,84,84,P3 保持监测,,,Hélice UAV FC-C2D | N-TET Drone Accessories,Hélice UAV FC-C2D,Hélice UAV FC-C2D Technical Specifications | Solicitar solución y cotización | Resumen | Especificaciones técnicas | Solicitar solución y cotización | Paginas relacionadas,.next/server/app/es/accessories/fc-c2d-propeller.html
/es/accessories/fc-c2e-propeller,es,accessory_detail,strong,85,Hélice UAV FC-C2E,full_inventory,1786,4,1,6,21,22,0,198,196,Organization | ContactPoint | WebSite | Product | BreadcrumbList | ListItem,100,100,25,19,15,25,84,84,P3 保持监测,,,Hélice UAV FC-C2E | N-TET Drone Accessories,Hélice UAV FC-C2E,Hélice UAV FC-C2E Technical Specifications | Solicitar solución y cotización | Resumen | Especificaciones técnicas | Solicitar solución y cotización | Paginas relacionadas,.next/server/app/es/accessories/fc-c2e-propeller.html
/es/accessories/fc-c2t-propeller,es,accessory_detail,strong,85,Hélice UAV FC-C2T,full_inventory,1816,2,1,6,21,22,0,198,196,Organization | ContactPoint | WebSite | Product | BreadcrumbList | ListItem,91,90,25,19,15,25,84,75,P3 保持监测,有效正文段落偏少,增加 3-6 个有信息量的段落，避免只靠卡片、导航和短摘要支撑页面,Hélice UAV FC-C2T | N-TET Drone Accessories,Hélice UAV FC-C2T,Hélice UAV FC-C2T Technical Specifications | Solicitar solución y cotización | Resumen | Especificaciones técnicas | Solicitar solución y cotización | Paginas relacionadas,.next/server/app/es/accessories/fc-c2t-propeller.html
/es/accessories/fc-c2u-propeller,es,accessory_detail,strong,85,Hélice UAV FC-C2U,full_inventory,1796,2,1,6,21,22,0,198,196,Organization | ContactPoint | WebSite | Product | BreadcrumbList | ListItem,91,90,25,19,15,25,84,75,P3 保持监测,有效正文段落偏少,增加 3-6 个有信息量的段落，避免只靠卡片、导航和短摘要支撑页面,Hélice UAV FC-C2U | N-TET Drone Accessories,Hélice UAV FC-C2U,Hélice UAV FC-C2U Technical Specifications | Solicitar solución y cotización | Resumen | Especificaciones técnicas | Solicitar solución y cotización | Paginas relacionadas,.next/server/app/es/accessories/fc-c2u-propeller.html
/es/accessories/fc-c2ud-propeller,es,accessory_detail,strong,85,Hélice UAV FC-C2UD,full_inventory,1870,4,1,6,21,22,0,198,196,Organization | ContactPoint | WebSite | Product | BreadcrumbList | ListItem,100,100,25,19,15,25,84,84,P3 保持监测,,,Hélice UAV FC-C2UD | N-TET Drone Accessories,Hélice UAV FC-C2UD,Hélice UAV FC-C2UD Technical Specifications | Solicitar solución y cotización | Resumen | Especificaciones técnicas | Solicitar solución y cotización | Paginas relacionadas,.next/server/app/es/accessories/fc-c2ud-propeller.html
/es/accessories/fc-fdj-111,es,accessory_detail,strong,100,Motor UAV FC-FDJ-111,full_inventory,1578,4,1,6,20,22,0,198,196,Organization | ContactPoint | WebSite | Product | BreadcrumbList | ListItem,100,100,25,19,15,25,84,84,P3 保持监测,,,Motor UAV FC-FDJ-111 | N-TET Drone Accessories,Motor UAV FC-FDJ-111,Motor UAV FC-FDJ-111 Technical Specifications | Solicitar solución y cotización | Resumen | Especificaciones técnicas | Solicitar solución y cotización | Paginas relacionadas,.next/server/app/es/accessories/fc-fdj-111.html
/es/accessories/fc-fdj-120,es,accessory_detail,strong,100,Motor UAV FC-FDJ-120,full_inventory,1558,2,1,6,20,22,0,198,196,Organization | ContactPoint | WebSite | Product | BreadcrumbList | ListItem,91,90,25,19,15,25,84,75,P3 保持监测,有效正文段落偏少,增加 3-6 个有信息量的段落，避免只靠卡片、导航和短摘要支撑页面,Motor UAV FC-FDJ-120 | N-TET Drone Accessories,Motor UAV FC-FDJ-120,Motor UAV FC-FDJ-120 Technical Specifications | Solicitar solución y cotización | Resumen | Especificaciones técnicas | Solicitar solución y cotización | Paginas relacionadas,.next/server/app/es/accessories/fc-fdj-120.html
/es/accessories/fc-fdj-120hd,es,accessory_detail,strong,100,Motor UAV FC-FDJ-120HD,full_inventory,1552,2,1,6,20,22,0,198,196,Organization | ContactPoint | WebSite | Product | BreadcrumbList | ListItem,91,90,25,19,15,25,84,75,P3 保持监测,有效正文段落偏少,增加 3-6 个有信息量的段落，避免只靠卡片、导航和短摘要支撑页面,Motor UAV FC-FDJ-120HD | N-TET Drone Accessories,Motor UAV FC-FDJ-120HD,Motor UAV FC-FDJ-120HD Technical Specifications | Solicitar solución y cotización | Resumen | Especificaciones técnicas | Solicitar solución y cotización | Paginas relacionadas,.next/server/app/es/accessories/fc-fdj-120hd.html
/es/accessories/fc-fdj-170,es,accessory_detail,strong,100,Motor UAV FC-FDJ-170,full_inventory,1548,2,1,6,20,22,0,198,196,Organization | ContactPoint | WebSite | Product | BreadcrumbList | ListItem,91,90,25,19,15,25,84,75,P3 保持监测,有效正文段落偏少,增加 3-6 个有信息量的段落，避免只靠卡片、导航和短摘要支撑页面,Motor UAV FC-FDJ-170 | N-TET Drone Accessories,Motor UAV FC-FDJ-170,Motor UAV FC-FDJ-170 Technical Specifications | Solicitar solución y cotización | Resumen | Especificaciones técnicas | Solicitar solución y cotización | Paginas relacionadas,.next/server/app/es/accessories/fc-fdj-170.html
/es/accessories/fc-fdj-200,es,accessory_detail,strong,100,Motor UAV FC-FDJ-200,full_inventory,1556,2,1,6,20,22,0,198,196,Organization | ContactPoint | WebSite | Product | BreadcrumbList | ListItem,91,90,25,19,15,25,84,75,P3 保持监测,有效正文段落偏少,增加 3-6 个有信息量的段落，避免只靠卡片、导航和短摘要支撑页面,Motor UAV FC-FDJ-200 | N-TET Drone Accessories,Motor UAV FC-FDJ-200,Motor UAV FC-FDJ-200 Technical Specifications | Solicitar solución y cotización | Resumen | Especificaciones técnicas | Solicitar solución y cotización | Paginas relacionadas,.next/server/app/es/accessories/fc-fdj-200.html
/es/accessories/fc-fdj-222,es,accessory_detail,strong,100,Motor UAV FC-FDJ-222,full_inventory,1562,4,1,6,20,22,0,198,196,Organization | ContactPoint | WebSite | Product | BreadcrumbList | ListItem,100,100,25,19,15,25,84,84,P3 保持监测,,,Motor UAV FC-FDJ-222 | N-TET Drone Accessories,Motor UAV FC-FDJ-222,Motor UAV FC-FDJ-222 Technical Specifications | Solicitar solución y cotización | Resumen | Especificaciones técnicas | Solicitar solución y cotización | Paginas relacionadas,.next/server/app/es/accessories/fc-fdj-222.html
/es/accessories/fc-fdj-430,es,accessory_detail,strong,100,Motor UAV FC-FDJ-430,full_inventory,1728,4,1,6,20,22,0,198,196,Organization | ContactPoint | WebSite | Product | BreadcrumbList | ListItem,100,100,25,19,15,25,84,84,P3 保持监测,,,Motor UAV FC-FDJ-430 | N-TET Drone Accessories,Motor UAV FC-FDJ-430,Motor UAV FC-FDJ-430 Technical Specifications | Solicitar solución y cotización | Resumen | Especificaciones técnicas | Solicitar solución y cotización | Paginas relacionadas,.next/server/app/es/accessories/fc-fdj-430.html
/es/accessories/fc-fdj-55,es,accessory_detail,strong,100,Motor UAV FC-FDJ-55,full_inventory,1582,4,1,6,20,22,0,198,196,Organization | ContactPoint | WebSite | Product | BreadcrumbList | ListItem,100,100,25,19,15,25,84,84,P3 保持监测,,,Motor UAV FC-FDJ-55 | N-TET Drone Accessories,Motor UAV FC-FDJ-55,Motor UAV FC-FDJ-55 Technical Specifications | Solicitar solución y cotización | Resumen | Especificaciones técnicas | Solicitar solución y cotización | Paginas relacionadas,.next/server/app/es/accessories/fc-fdj-55.html
/es/accessories/fc-fdj-60,es,accessory_detail,strong,100,Motor UAV FC-FDJ-60,full_inventory,1558,2,1,6,20,22,0,198,196,Organization | ContactPoint | WebSite | Product | BreadcrumbList | ListItem,91,90,25,19,15,25,84,75,P3 保持监测,有效正文段落偏少,增加 3-6 个有信息量的段落，避免只靠卡片、导航和短摘要支撑页面,Motor UAV FC-FDJ-60 | N-TET Drone Accessories,Motor UAV FC-FDJ-60,Motor UAV FC-FDJ-60 Technical Specifications | Solicitar solución y cotización | Resumen | Especificaciones técnicas | Solicitar solución y cotización | Paginas relacionadas,.next/server/app/es/accessories/fc-fdj-60.html
/es/accessories/fc-fdj-61,es,accessory_detail,strong,100,Motor UAV FC-FDJ-61,full_inventory,1556,4,1,6,20,22,0,198,196,Organization | ContactPoint | WebSite | Product | BreadcrumbList | ListItem,100,100,25,19,15,25,84,84,P3 保持监测,,,Motor UAV FC-FDJ-61 | N-TET Drone Accessories,Motor UAV FC-FDJ-61,Motor UAV FC-FDJ-61 Technical Specifications | Solicitar solución y cotización | Resumen | Especificaciones técnicas | Solicitar solución y cotización | Paginas relacionadas,.next/server/app/es/accessories/fc-fdj-61.html
/es/accessories/fc-fdj-70hd,es,accessory_detail,strong,100,Motor UAV FC-FDJ-70HD,full_inventory,1554,2,1,6,20,22,0,198,196,Organization | ContactPoint | WebSite | Product | BreadcrumbList | ListItem,91,90,25,19,15,25,84,75,P3 保持监测,有效正文段落偏少,增加 3-6 个有信息量的段落，避免只靠卡片、导航和短摘要支撑页面,Motor UAV FC-FDJ-70HD | N-TET Drone Accessories,Motor UAV FC-FDJ-70HD,Motor UAV FC-FDJ-70HD Technical Specifications | Solicitar solución y cotización | Resumen | Especificaciones técnicas | Solicitar solución y cotización | Paginas relacionadas,.next/server/app/es/accessories/fc-fdj-70hd.html
/es/accessories/fc-fdj-85,es,accessory_detail,strong,100,Motor UAV FC-FDJ-85,full_inventory,1556,4,1,6,20,22,0,198,196,Organization | ContactPoint | WebSite | Product | BreadcrumbList | ListItem,100,100,25,19,15,25,84,84,P3 保持监测,,,Motor UAV FC-FDJ-85 | N-TET Drone Accessories,Motor UAV FC-FDJ-85,Motor UAV FC-FDJ-85 Technical Specifications | Solicitar solución y cotización | Resumen | Especificaciones técnicas | Solicitar solución y cotización | Paginas relacionadas,.next/server/app/es/accessories/fc-fdj-85.html
/es/accessories/fc-l10tr-three-light-gimbal,es,accessory_detail,strong,100,FC-L10TR gimbal electro-optico,full_inventory,2186,4,1,6,18,22,0,198,196,Organization | ContactPoint | WebSite | Product | BreadcrumbList | ListItem,100,100,25,19,15,25,84,84,P3 保持监测,,,FC-L10TR gimbal electro-optico | N-TET Drone Accessories,FC-L10TR gimbal electro-optico,FC-L10TR gimbal electro-optico Technical Specifications | Solicitar solución y cotización | Resumen | Especificaciones técnicas | Solicitar solución y cotización | Paginas relacionadas,.next/server/app/es/accessories/fc-l10tr-three-light-gimbal.html
/es/accessories/fc-l40-smart-optical-pod,es,accessory_detail,strong,100,FC-L40 gimbal electro-optico,full_inventory,1974,4,1,6,18,22,0,198,196,Organization | ContactPoint | WebSite | Product | BreadcrumbList | ListItem,100,100,25,19,15,25,84,84,P3 保持监测,,,FC-L40 gimbal electro-optico | N-TET Drone Accessories,FC-L40 gimbal electro-optico,FC-L40 gimbal electro-optico Technical Specifications | Solicitar solución y cotización | Resumen | Especificaciones técnicas | Solicitar solución y cotización | Paginas relacionadas,.next/server/app/es/accessories/fc-l40-smart-optical-pod.html
/es/accessories/fc-l40t-dual-light-gimbal,es,accessory_detail,strong,100,FC-L40T gimbal electro-optico,full_inventory,2114,4,1,6,18,22,0,198,196,Organization | ContactPoint | WebSite | Product | BreadcrumbList | ListItem,100,100,25,19,15,25,84,84,P3 保持监测,,,FC-L40T gimbal electro-optico | N-TET Drone Accessories,FC-L40T gimbal electro-optico,FC-L40T gimbal electro-optico Technical Specifications | Solicitar solución y cotización | Resumen | Especificaciones técnicas | Solicitar solución y cotización | Paginas relacionadas,.next/server/app/es/accessories/fc-l40t-dual-light-gimbal.html
/es/accessories/fc-l40tr-smart-optical-pod,es,accessory_detail,strong,100,FC-L40TR gimbal electro-optico,full_inventory,2180,4,1,6,18,22,0,198,196,Organization | ContactPoint | WebSite | Product | BreadcrumbList | ListItem,100,100,25,19,15,25,84,84,P3 保持监测,,,FC-L40TR gimbal electro-optico | N-TET Drone Accessories,FC-L40TR gimbal electro-optico,FC-L40TR gimbal electro-optico Technical Specifications | Solicitar solución y cotización | Resumen | Especificaciones técnicas | Solicitar solución y cotización | Paginas relacionadas,.next/server/app/es/accessories/fc-l40tr-smart-optical-pod.html
/es/accessories/fc-l50-smart-optical-pod,es,accessory_detail,strong,100,FC-L50 gimbal electro-optico,full_inventory,2002,4,1,6,18,22,0,198,196,Organization | ContactPoint | WebSite | Product | BreadcrumbList | ListItem,100,100,25,19,15,25,84,84,P3 保持监测,,,FC-L50 gimbal electro-optico | N-TET Drone Accessories,FC-L50 gimbal electro-optico,FC-L50 gimbal electro-optico Technical Specifications | Solicitar solución y cotización | Resumen | Especificaciones técnicas | Solicitar solución y cotización | Paginas relacionadas,.next/server/app/es/accessories/fc-l50-smart-optical-pod.html
/es/accessories/fc-ln100-dual-light-gimbal,es,accessory_detail,strong,100,FC-LN100 gimbal electro-optico,full_inventory,2098,4,1,6,18,22,0,198,196,Organization | ContactPoint | WebSite | Product | BreadcrumbList | ListItem,100,100,25,19,15,25,84,84,P3 保持监测,,,FC-LN100 gimbal electro-optico | N-TET Drone Accessories,FC-LN100 gimbal electro-optico,FC-LN100 gimbal electro-optico Technical Specifications | Solicitar solución y cotización | Resumen | Especificaciones técnicas | Solicitar solución y cotización | Paginas relacionadas,.next/server/app/es/accessories/fc-ln100-dual-light-gimbal.html
/es/accessories/fc-ln95-dual-light-gimbal,es,accessory_detail,strong,100,FC-LN95 gimbal electro-optico,full_inventory,2218,4,1,6,18,22,0,198,196,Organization | ContactPoint | WebSite | Product | BreadcrumbList | ListItem,100,100,25,19,15,25,84,84,P3 保持监测,,,FC-LN95 gimbal electro-optico | N-TET Drone Accessories,FC-LN95 gimbal electro-optico,FC-LN95 gimbal electro-optico Technical Specifications | Solicitar solución y cotización | Resumen | Especificaciones técnicas | Solicitar solución y cotización | Paginas relacionadas,.next/server/app/es/accessories/fc-ln95-dual-light-gimbal.html
/es/accessories/fc-max-5330,es,accessory_detail,strong,100,Motor UAV FC-MAX 5330,full_inventory,5119,2,1,6,23,22,0,198,196,Organization | ContactPoint | WebSite | Product | BreadcrumbList | ListItem,91,90,25,25,15,25,90,83,P3 保持监测,有效正文段落偏少,增加 3-6 个有信息量的段落，避免只靠卡片、导航和短摘要支撑页面,Motor UAV FC-MAX 5330 | N-TET Drone Accessories,Motor UAV FC-MAX 5330,Motor UAV FC-MAX 5330 Technical Specifications | Solicitar solución y cotización | Resumen | Especificaciones técnicas | Solicitar solución y cotización | Paginas relacionadas,.next/server/app/es/accessories/fc-max-5330.html
/es/accessories/fc-mesh-100,es,accessory_detail,strong,85,FC-Mesh-100 enlace de datos UAV,full_inventory,2108,6,1,6,22,22,0,198,196,Organization | ContactPoint | WebSite | Product | BreadcrumbList | ListItem,100,100,25,19,15,25,84,84,P3 保持监测,,,FC-Mesh-100 enlace de datos UAV | N-TET Drone Accessories,FC-Mesh-100 enlace de datos UAV,FC-Mesh-100 enlace de datos UAV Technical Specifications | Solicitar solución y cotización | Resumen | Especificaciones técnicas | Solicitar solución y cotización | Paginas relacionadas,.next/server/app/es/accessories/fc-mesh-100.html
/es/accessories/fc-mini-l10tr-smart-optical-pod,es,accessory_detail,strong,100,FC-MiniL10TR gimbal electro-optico,full_inventory,2154,4,1,6,18,22,0,198,196,Organization | ContactPoint | WebSite | Product | BreadcrumbList | ListItem,100,100,25,19,15,25,84,84,P3 保持监测,,,FC-MiniL10TR gimbal electro-optico | N-TET Drone Accessories,FC-MiniL10TR gimbal electro-optico,FC-MiniL10TR gimbal electro-optico Technical Specifications | Solicitar solución y cotización | Resumen | Especificaciones técnicas | Solicitar solución y cotización | Paginas relacionadas,.next/server/app/es/accessories/fc-mini-l10tr-smart-optical-pod.html
/es/accessories/fc-pab-propeller,es,accessory_detail,strong,85,Hélice UAV FC-PAB,full_inventory,1830,2,1,6,21,22,0,198,196,Organization | ContactPoint | WebSite | Product | BreadcrumbList | ListItem,91,90,25,19,15,25,84,75,P3 保持监测,有效正文段落偏少,增加 3-6 个有信息量的段落，避免只靠卡片、导航和短摘要支撑页面,Hélice UAV FC-PAB | N-TET Drone Accessories,Hélice UAV FC-PAB,Hélice UAV FC-PAB Technical Specifications | Solicitar solución y cotización | Resumen | Especificaciones técnicas | Solicitar solución y cotización | Paginas relacionadas,.next/server/app/es/accessories/fc-pab-propeller.html
/es/accessories/fc-pad-propeller,es,accessory_detail,strong,85,Hélice UAV FC-PAD,full_inventory,1818,2,1,6,21,22,0,198,196,Organization | ContactPoint | WebSite | Product | BreadcrumbList | ListItem,91,90,25,19,15,25,84,75,P3 保持监测,有效正文段落偏少,增加 3-6 个有信息量的段落，避免只靠卡片、导航和短摘要支撑页面,Hélice UAV FC-PAD | N-TET Drone Accessories,Hélice UAV FC-PAD,Hélice UAV FC-PAD Technical Specifications | Solicitar solución y cotización | Resumen | Especificaciones técnicas | Solicitar solución y cotización | Paginas relacionadas,.next/server/app/es/accessories/fc-pad-propeller.html
/es/accessories/fc-pae-propeller,es,accessory_detail,strong,85,Hélice UAV FC-PAE,full_inventory,1812,2,1,6,21,22,0,198,196,Organization | ContactPoint | WebSite | Product | BreadcrumbList | ListItem,91,90,25,19,15,25,84,75,P3 保持监测,有效正文段落偏少,增加 3-6 个有信息量的段落，避免只靠卡片、导航和短摘要支撑页面,Hélice UAV FC-PAE | N-TET Drone Accessories,Hélice UAV FC-PAE,Hélice UAV FC-PAE Technical Specifications | Solicitar solución y cotización | Resumen | Especificaciones técnicas | Solicitar solución y cotización | Paginas relacionadas,.next/server/app/es/accessories/fc-pae-propeller.html
/es/accessories/fc-pbf-propeller,es,accessory_detail,strong,85,Hélice UAV FC-PBF,full_inventory,1756,2,1,6,21,22,0,198,196,Organization | ContactPoint | WebSite | Product | BreadcrumbList | ListItem,91,90,25,19,15,25,84,75,P3 保持监测,有效正文段落偏少,增加 3-6 个有信息量的段落，避免只靠卡片、导航和短摘要支撑页面,Hélice UAV FC-PBF | N-TET Drone Accessories,Hélice UAV FC-PBF,Hélice UAV FC-PBF Technical Specifications | Solicitar solución y cotización | Resumen | Especificaciones técnicas | Solicitar solución y cotización | Paginas relacionadas,.next/server/app/es/accessories/fc-pbf-propeller.html
/es/accessories/fc-rm10x,es,accessory_detail,strong,100,Motor UAV FC-RM10X,full_inventory,2368,2,1,6,23,22,0,198,196,Organization | ContactPoint | WebSite | Product | BreadcrumbList | ListItem,91,90,25,19,15,25,84,75,P3 保持监测,有效正文段落偏少,增加 3-6 个有信息量的段落，避免只靠卡片、导航和短摘要支撑页面,Motor UAV FC-RM10X | N-TET Drone Accessories,Motor UAV FC-RM10X,Motor UAV FC-RM10X Technical Specifications | Solicitar solución y cotización | Resumen | Especificaciones técnicas | Solicitar solución y cotización | Paginas relacionadas,.next/server/app/es/accessories/fc-rm10x.html
/es/accessories/fc-rm30,es,accessory_detail,strong,100,Motor UAV FC-RM30,full_inventory,5818,2,1,6,23,22,0,198,196,Organization | ContactPoint | WebSite | Product | BreadcrumbList | ListItem,91,90,25,25,15,25,90,83,P3 保持监测,有效正文段落偏少,增加 3-6 个有信息量的段落，避免只靠卡片、导航和短摘要支撑页面,Motor UAV FC-RM30 | N-TET Drone Accessories,Motor UAV FC-RM30,Motor UAV FC-RM30 Technical Specifications | Solicitar solución y cotización | Resumen | Especificaciones técnicas | Solicitar solución y cotización | Paginas relacionadas,.next/server/app/es/accessories/fc-rm30.html
/es/accessories/fc-sjl-100,es,accessory_detail,strong,85,FC-SJL-100 enlace de datos UAV,full_inventory,1978,6,1,6,22,22,0,198,196,Organization | ContactPoint | WebSite | Product | BreadcrumbList | ListItem,100,100,25,25,15,25,90,84,P3 保持监测,,,FC-SJL-100 enlace de datos UAV | N-TET Drone Accessories,FC-SJL-100 enlace de datos UAV,FC-SJL-100 enlace de datos UAV Technical Specifications | Solicitar solución y cotización | Resumen | Especificaciones técnicas | Solicitar solución y cotización | Paginas relacionadas,.next/server/app/es/accessories/fc-sjl-100.html
/es/accessories/fc-sjl-200,es,accessory_detail,strong,85,FC-SJL-200 enlace de datos UAV,full_inventory,1988,6,1,6,22,22,0,198,196,Organization | ContactPoint | WebSite | Product | BreadcrumbList | ListItem,100,100,25,25,15,25,90,84,P3 保持监测,,,FC-SJL-200 enlace de datos UAV | N-TET Drone Accessories,FC-SJL-200 enlace de datos UAV,FC-SJL-200 enlace de datos UAV Technical Specifications | Solicitar solución y cotización | Resumen | Especificaciones técnicas | Solicitar solución y cotización | Paginas relacionadas,.next/server/app/es/accessories/fc-sjl-200.html
/es/accessories/fc-sjl-30,es,accessory_detail,strong,85,FC-SJL-30 enlace de datos UAV,full_inventory,2052,6,1,6,22,22,0,198,196,Organization | ContactPoint | WebSite | Product | BreadcrumbList | ListItem,100,100,25,25,15,25,90,84,P3 保持监测,,,FC-SJL-30 enlace de datos UAV | N-TET Drone Accessories,FC-SJL-30 enlace de datos UAV,FC-SJL-30 enlace de datos UAV Technical Specifications | Solicitar solución y cotización | Resumen | Especificaciones técnicas | Solicitar solución y cotización | Paginas relacionadas,.next/server/app/es/accessories/fc-sjl-30.html
/es/accessories/fc-sjl-380,es,accessory_detail,strong,85,FC-SJL-380 enlace de datos UAV,full_inventory,1986,6,1,6,22,22,0,198,196,Organization | ContactPoint | WebSite | Product | BreadcrumbList | ListItem,100,100,25,25,15,25,90,84,P3 保持监测,,,FC-SJL-380 enlace de datos UAV | N-TET Drone Accessories,FC-SJL-380 enlace de datos UAV,FC-SJL-380 enlace de datos UAV Technical Specifications | Solicitar solución y cotización | Resumen | Especificaciones técnicas | Solicitar solución y cotización | Paginas relacionadas,.next/server/app/es/accessories/fc-sjl-380.html
/es/accessories/fc-sjl-50,es,accessory_detail,strong,85,FC-SJL-50 enlace de datos UAV,full_inventory,2020,6,1,6,22,22,0,198,196,Organization | ContactPoint | WebSite | Product | BreadcrumbList | ListItem,100,100,25,25,15,25,90,84,P3 保持监测,,,FC-SJL-50 enlace de datos UAV | N-TET Drone Accessories,FC-SJL-50 enlace de datos UAV,FC-SJL-50 enlace de datos UAV Technical Specifications | Solicitar solución y cotización | Resumen | Especificaciones técnicas | Solicitar solución y cotización | Paginas relacionadas,.next/server/app/es/accessories/fc-sjl-50.html
/es/accessories/fc-u10-pro,es,accessory_detail,strong,85,Controlador de vuelo FC-U10-PRO,full_inventory,1641,4,1,6,20,22,0,198,196,Organization | ContactPoint | WebSite | Product | BreadcrumbList | ListItem,100,100,25,19,15,25,84,84,P3 保持监测,,,Controlador de vuelo FC-U10-PRO | N-TET Drone Accessories,Controlador de vuelo FC-U10-PRO,Controlador de vuelo FC-U10-PRO Technical Specifications | Solicitar solución y cotización | Resumen | Especificaciones técnicas | Solicitar solución y cotización | Paginas relacionadas,.next/server/app/es/accessories/fc-u10-pro.html
/es/accessories/fc-u110,es,accessory_detail,strong,100,Motor UAV FC-U110,full_inventory,5522,2,1,6,23,22,0,198,196,Organization | ContactPoint | WebSite | Product | BreadcrumbList | ListItem,91,90,25,25,15,25,90,83,P3 保持监测,有效正文段落偏少,增加 3-6 个有信息量的段落，避免只靠卡片、导航和短摘要支撑页面,Motor UAV FC-U110 | N-TET Drone Accessories,Motor UAV FC-U110,Motor UAV FC-U110 Technical Specifications | Solicitar solución y cotización | Resumen | Especificaciones técnicas | Solicitar solución y cotización | Paginas relacionadas,.next/server/app/es/accessories/fc-u110.html
/es/accessories/fc-u12,es,accessory_detail,strong,85,Controlador de vuelo FC-U12,full_inventory,1597,4,1,6,20,22,0,198,196,Organization | ContactPoint | WebSite | Product | BreadcrumbList | ListItem,100,100,25,19,15,25,84,84,P3 保持监测,,,Controlador de vuelo FC-U12 | N-TET Drone Accessories,Controlador de vuelo FC-U12,Controlador de vuelo FC-U12 Technical Specifications | Solicitar solución y cotización | Resumen | Especificaciones técnicas | Solicitar solución y cotización | Paginas relacionadas,.next/server/app/es/accessories/fc-u12.html
/es/accessories/fc-u8013,es,accessory_detail,strong,100,Motor UAV FC-U8013,full_inventory,2061,2,1,6,22,22,0,198,196,Organization | ContactPoint | WebSite | Product | BreadcrumbList | ListItem,91,90,25,19,15,25,84,75,P3 保持监测,有效正文段落偏少,增加 3-6 个有信息量的段落，避免只靠卡片、导航和短摘要支撑页面,Motor UAV FC-U8013 | N-TET Drone Accessories,Motor UAV FC-U8013,Motor UAV FC-U8013 Technical Specifications | Solicitar solución y cotización | Resumen | Especificaciones técnicas | Solicitar solución y cotización | Paginas relacionadas,.next/server/app/es/accessories/fc-u8013.html
/es/accessories/fc-u9-ag,es,accessory_detail,strong,85,Controlador de vuelo agrícola FC-U9-AG,full_inventory,1698,4,1,6,20,22,0,198,196,Organization | ContactPoint | WebSite | Product | BreadcrumbList | ListItem,100,100,25,19,15,25,84,84,P3 保持监测,,,Controlador de vuelo agrícola FC-U9-AG | N-TET Drone Accessories,Controlador de vuelo agrícola FC-U9-AG,Controlador de vuelo agrícola FC-U9-AG Technical Specifications | Solicitar solución y cotización | Resumen | Especificaciones técnicas | Solicitar solución y cotización | Paginas relacionadas,.next/server/app/es/accessories/fc-u9-ag.html
/es/accessories/fc-w2u-propeller,es,accessory_detail,strong,85,Hélice UAV FC-W2U,full_inventory,1688,2,1,6,21,22,0,198,196,Organization | ContactPoint | WebSite | Product | BreadcrumbList | ListItem,91,90,25,19,15,25,84,75,P3 保持监测,有效正文段落偏少,增加 3-6 个有信息量的段落，避免只靠卡片、导航和短摘要支撑页面,Hélice UAV FC-W2U | N-TET Drone Accessories,Hélice UAV FC-W2U,Hélice UAV FC-W2U Technical Specifications | Solicitar solución y cotización | Resumen | Especificaciones técnicas | Solicitar solución y cotización | Paginas relacionadas,.next/server/app/es/accessories/fc-w2u-propeller.html
/es/accessories/fc-x8030,es,accessory_detail,strong,100,Motor UAV FC-X8030,full_inventory,4664,2,1,6,23,22,0,198,196,Organization | ContactPoint | WebSite | Product | BreadcrumbList | ListItem,91,90,25,19,15,25,84,75,P3 保持监测,有效正文段落偏少,增加 3-6 个有信息量的段落，避免只靠卡片、导航和短摘要支撑页面,Motor UAV FC-X8030 | N-TET Drone Accessories,Motor UAV FC-X8030,Motor UAV FC-X8030 Technical Specifications | Solicitar solución y cotización | Resumen | Especificaciones técnicas | Solicitar solución y cotización | Paginas relacionadas,.next/server/app/es/accessories/fc-x8030.html
/es/accessories/fc-xh14,es,accessory_detail,strong,100,Motor UAV FC-XH14,full_inventory,2764,2,1,6,23,22,0,198,196,Organization | ContactPoint | WebSite | Product | BreadcrumbList | ListItem,91,90,25,19,15,25,84,75,P3 保持监测,有效正文段落偏少,增加 3-6 个有信息量的段落，避免只靠卡片、导航和短摘要支撑页面,Motor UAV FC-XH14 | N-TET Drone Accessories,Motor UAV FC-XH14,Motor UAV FC-XH14 Technical Specifications | Solicitar solución y cotización | Resumen | Especificaciones técnicas | Solicitar solución y cotización | Paginas relacionadas,.next/server/app/es/accessories/fc-xh14.html
/es/accessories/fc-yk15-remote-controller,es,accessory_detail,strong,85,Control remoto para UAV FC-YK15,full_inventory,1916,4,1,6,24,22,0,198,196,Organization | ContactPoint | WebSite | Product | BreadcrumbList | ListItem,100,100,25,19,15,25,84,84,P3 保持监测,,,Control remoto para UAV FC-YK15 | N-TET Drone Accessories,Control remoto para UAV FC-YK15,Control remoto para UAV FC-YK15 Technical Specifications | Solicitar solución y cotización | Resumen | Especificaciones técnicas | Solicitar solución y cotización | Paginas relacionadas,.next/server/app/es/accessories/fc-yk15-remote-controller.html
/es/accessories/fc-yk24-remote-controller,es,accessory_detail,strong,85,Control remoto para UAV FC-YK24,full_inventory,2174,4,1,6,24,22,0,198,196,Organization | ContactPoint | WebSite | Product | BreadcrumbList | ListItem,100,100,25,19,15,25,84,84,P3 保持监测,,,Control remoto para UAV FC-YK24 | N-TET Drone Accessories,Control remoto para UAV FC-YK24,Control remoto para UAV FC-YK24 Technical Specifications | Solicitar solución y cotización | Resumen | Especificaciones técnicas | Solicitar solución y cotización | Paginas relacionadas,.next/server/app/es/accessories/fc-yk24-remote-controller.html
/es/accessories/fc-yk32-remote-controller,es,accessory_detail,strong,85,Control remoto para UAV FC-YK32,full_inventory,1928,4,1,6,24,22,0,198,196,Organization | ContactPoint | WebSite | Product | BreadcrumbList | ListItem,100,100,25,19,15,25,84,84,P3 保持监测,,,Control remoto para UAV FC-YK32 | N-TET Drone Accessories,Control remoto para UAV FC-YK32,Control remoto para UAV FC-YK32 Technical Specifications | Solicitar solución y cotización | Resumen | Especificaciones técnicas | Solicitar solución y cotización | Paginas relacionadas,.next/server/app/es/accessories/fc-yk32-remote-controller.html
/es/accessories/fc-ykrc7-remote-controller,es,accessory_detail,strong,85,Control remoto para UAV FC-YKRC7,full_inventory,2414,4,1,6,24,22,0,198,196,Organization | ContactPoint | WebSite | Product | BreadcrumbList | ListItem,100,100,25,19,15,25,84,84,P3 保持监测,,,Control remoto para UAV FC-YKRC7 | N-TET Drone Accessories,Control remoto para UAV FC-YKRC7,Control remoto para UAV FC-YKRC7 Technical Specifications | Solicitar solución y cotización | Resumen | Especificaciones técnicas | Solicitar solución y cotización | Paginas relacionadas,.next/server/app/es/accessories/fc-ykrc7-remote-controller.html
/es/cases,es,case_list,strong,85,casos UAV,high_value_es,1448,3,1,3,35,38,0,207,205,Organization | ContactPoint | WebSite,81,85,25,14,15,21,75,62,P2 建议增强,缺少页面类型应有证据：hasWorkflow,按页面类型补齐证据模块，而不是继续堆关键词,Casos de despliegue UAV | N-TET,Casos UAV de inspección y monitoreo,Casos UAV por región y escenario | Solicitar solución y cotización | Solicitar solución y cotización,.next/server/app/es/cases.html
/es/cases/anhui-flood-season-uav-patrol,es,case_detail,strong,100,Anhui Flood-Season emergencia UAV patrullaje,full_inventory,1362,4,1,7,22,26,0,202,200,Organization | ContactPoint | WebSite | Article | BreadcrumbList | ListItem,90,93,25,19,15,25,84,84,P3 保持监测,缺少页面类型应有证据：hasRelatedProducts; 文章/案例缺少明显日期信号,按页面类型补齐证据模块，而不是继续堆关键词; 补充发布日期或最后更新时间，提升可信度与 freshness,Anhui Flood-Season emergencia UAV patrullaje | N-TET,Anhui Flood-Season emergencia UAV patrullaje,Anhui Flood-Season emergencia UAV patrullaje Project Overview | Equipos relacionados | Solicitar solución y cotización | Resumen | Equipos relacionados | Solicitar solución y cotización | Paginas relacionadas,.next/server/app/es/cases/anhui-flood-season-uav-patrol.html
/es/cases/brazil-refinery-low-altitude-monitoring,es,case_detail,strong,100,Espacio aéreo monitoreo Case of a Refinery in Brazil,full_inventory,1410,4,1,7,26,30,0,206,204,Organization | ContactPoint | WebSite | Article | BreadcrumbList | ListItem,90,93,25,19,15,25,84,84,P3 保持监测,缺少页面类型应有证据：hasRelatedProducts; 文章/案例缺少明显日期信号,按页面类型补齐证据模块，而不是继续堆关键词; 补充发布日期或最后更新时间，提升可信度与 freshness,Espacio aéreo monitoreo Case of a Refinery in Brazil | N-TET,Espacio aéreo monitoreo Case of a Refinery in Brazil,Espacio aéreo monitoreo Case of a Refinery in Brazil Project Overview | Equipos relacionados | Solicitar solución y cotización | Resumen | Equipos relacionados | Solicitar solución y cotización | Paginas relacionadas,.next/server/app/es/cases/brazil-refinery-low-altitude-monitoring.html
/es/cases/ice-snow-emergency-uav-inspection,es,case_detail,strong,100,Ice and Snow Disaster emergencia UAV inspección,full_inventory,1378,4,1,7,22,26,0,202,200,Organization | ContactPoint | WebSite | Article | BreadcrumbList | ListItem,90,93,25,19,15,25,84,84,P3 保持监测,缺少页面类型应有证据：hasRelatedProducts; 文章/案例缺少明显日期信号,按页面类型补齐证据模块，而不是继续堆关键词; 补充发布日期或最后更新时间，提升可信度与 freshness,Ice and Snow Disaster emergencia UAV inspección | N-TET,Ice and Snow Disaster emergencia UAV inspección,Ice and Snow Disaster emergencia UAV inspección Project Overview | Equipos relacionados | Solicitar solución y cotización | Resumen | Equipos relacionados | Solicitar solución y cotización | Paginas relacionadas,.next/server/app/es/cases/ice-snow-emergency-uav-inspection.html
/es/cases/lidar-tree-obstruction-uav-inspection,es,case_detail,strong,100,LiDAR Tree-Obstruction UAV inspección,full_inventory,1351,4,1,7,22,30,0,202,200,Organization | ContactPoint | WebSite | Article | BreadcrumbList | ListItem,90,93,25,19,15,25,84,84,P3 保持监测,缺少页面类型应有证据：hasRelatedProducts; 文章/案例缺少明显日期信号,按页面类型补齐证据模块，而不是继续堆关键词; 补充发布日期或最后更新时间，提升可信度与 freshness,LiDAR Tree-Obstruction UAV inspección | N-TET,LiDAR Tree-Obstruction UAV inspección,LiDAR Tree-Obstruction UAV inspección Project Overview | Equipos relacionados | Solicitar solución y cotización | Resumen | Equipos relacionados | Solicitar solución y cotización | Paginas relacionadas,.next/server/app/es/cases/lidar-tree-obstruction-uav-inspection.html
/es/cases/nigeria-factory-low-altitude-monitoring,es,case_detail,strong,100,Espacio aéreo monitoreo Case of a Group Factory in Nigeria,full_inventory,1415,4,1,7,26,30,0,206,204,Organization | ContactPoint | WebSite | Article | BreadcrumbList | ListItem,90,93,25,19,15,25,84,84,P3 保持监测,缺少页面类型应有证据：hasRelatedProducts; 文章/案例缺少明显日期信号,按页面类型补齐证据模块，而不是继续堆关键词; 补充发布日期或最后更新时间，提升可信度与 freshness,Espacio aéreo monitoreo Case of a Group Factory in Nigeria | N-TET,Espacio aéreo monitoreo Case of a Group Factory in Nigeria,Espacio aéreo monitoreo Case of a Group Factory in Nigeria Project Overview | Equipos relacionados | Solicitar solución y cotización | Resumen | Equipos relacionados | Solicitar solución y cotización | Paginas relacionadas,.next/server/app/es/cases/nigeria-factory-low-altitude-monitoring.html
/es/cases/pakistan-power-plant-low-altitude-monitoring,es,case_detail,strong,100,Espacio aéreo monitoreo Case of a eléctrica Plant in Pakistan,full_inventory,1417,4,1,7,26,30,0,206,204,Organization | ContactPoint | WebSite | Article | BreadcrumbList | ListItem,90,93,25,19,15,25,84,84,P3 保持监测,缺少页面类型应有证据：hasRelatedProducts; 文章/案例缺少明显日期信号,按页面类型补齐证据模块，而不是继续堆关键词; 补充发布日期或最后更新时间，提升可信度与 freshness,Espacio aéreo monitoreo Case of a eléctrica Plant in Pakistan | N-TET,Espacio aéreo monitoreo Case of a eléctrica Plant in Pakistan,Espacio aéreo monitoreo Case of a eléctrica Plant in Pakistan Project Overview | Equipos relacionados | Solicitar solución y cotización | Resumen | Equipos relacionados | Solicitar solución y cotización | Paginas relacionadas,.next/server/app/es/cases/pakistan-power-plant-low-altitude-monitoring.html
/es/cases/southern-grid-wildfire-uav-inspection,es,case_detail,strong,100,Southern red eléctrica Wildfire Prevention UAV inspección,full_inventory,1376,4,1,7,22,26,0,202,200,Organization | ContactPoint | WebSite | Article | BreadcrumbList | ListItem,90,93,25,19,15,25,84,84,P3 保持监测,缺少页面类型应有证据：hasRelatedProducts; 文章/案例缺少明显日期信号,按页面类型补齐证据模块，而不是继续堆关键词; 补充发布日期或最后更新时间，提升可信度与 freshness,Southern red eléctrica Wildfire Prevention UAV inspección | N-TET,Southern red eléctrica Wildfire Prevention UAV inspección,Southern red eléctrica Wildfire Prevention UAV inspección Project Overview | Equipos relacionados | Solicitar solución y cotización | Resumen | Equipos relacionados | Solicitar solución y cotización | Paginas relacionadas,.next/server/app/es/cases/southern-grid-wildfire-uav-inspection.html
/es/cases/wildfire-emergency-transmission-line-uav-patrol,es,case_detail,strong,100,Wildfire emergencia Transmission-línea UAV patrullaje,full_inventory,1362,4,1,7,22,26,0,202,200,Organization | ContactPoint | WebSite | Article | BreadcrumbList | ListItem,90,93,25,19,15,25,84,84,P3 保持监测,缺少页面类型应有证据：hasRelatedProducts; 文章/案例缺少明显日期信号,按页面类型补齐证据模块，而不是继续堆关键词; 补充发布日期或最后更新时间，提升可信度与 freshness,Wildfire emergencia Transmission-línea UAV patrullaje | N-TET,Wildfire emergencia Transmission-línea UAV patrullaje,Wildfire emergencia Transmission-línea UAV patrullaje Project Overview | Equipos relacionados | Solicitar solución y cotización | Resumen | Equipos relacionados | Solicitar solución y cotización | Paginas relacionadas,.next/server/app/es/cases/wildfire-emergency-transmission-line-uav-patrol.html
/es/cases/zhaoqing-long-distance-power-line-uav-inspection,es,case_detail,strong,100,Zhaoqing Long-Distance eléctrica-línea UAV inspección,full_inventory,1362,4,1,7,22,34,0,202,200,Organization | ContactPoint | WebSite | Article | BreadcrumbList | ListItem,90,93,25,19,15,25,84,84,P3 保持监测,缺少页面类型应有证据：hasRelatedProducts; 文章/案例缺少明显日期信号,按页面类型补齐证据模块，而不是继续堆关键词; 补充发布日期或最后更新时间，提升可信度与 freshness,Zhaoqing Long-Distance eléctrica-línea UAV inspección | N-TET,Zhaoqing Long-Distance eléctrica-línea UAV inspección,Zhaoqing Long-Distance eléctrica-línea UAV inspección Project Overview | Equipos relacionados | Solicitar solución y cotización | Resumen | Equipos relacionados | Solicitar solución y cotización | Paginas relacionadas,.next/server/app/es/cases/zhaoqing-long-distance-power-line-uav-inspection.html
/es/contact,es,contact,strong,85,cotización UAV industrial,high_value_es,1362,4,1,3,20,20,0,191,189,Organization | ContactPoint | WebSite,100,100,25,20,15,21,81,66,P2 建议增强,,,Contacto N-TET | Sistemas UAV industriales y monitoreo,Cotización UAV industrial,Cotización UAV industrial y consulta de proyecto | Solicitar solución y cotización | Solicitar solución y cotización,.next/server/app/es/contact.html
/es/media,es,media_list,strong,85,noticias UAV industriales,high_value_es,1468,3,1,4,28,31,0,200,198,Organization | ContactPoint | WebSite,96,95,25,20,15,21,81,62,P2 建议增强,,,Noticias sobre UAV industriales y monitoreo de baja altitud | N-TET,Noticias UAV industriales,Noticias UAV industriales y economía de baja altitud | Último | Solicitar solución y cotización | Solicitar solución y cotización,.next/server/app/es/media.html
/es/media/border-surveillance-uav-network-2026,es,media_article,strong,85,UAV and EO/IR Networks Improve remoto patrullaje Visibility,full_inventory,1603,11,1,5,20,22,0,198,196,Organization | ContactPoint | WebSite | Article | BreadcrumbList | ListItem,100,100,25,25,20,25,95,92,P3 保持监测,,,UAV and EO/IR Networks Improve remoto patrullaje Visibility | N-TET,UAV and EO/IR Networks Improve remoto patrullaje Visibility,Revision editorial y senales de proyecto | Solicitar solución y cotización | Revision editorial y senales de proyecto | Solicitar solución y cotización | Paginas relacionadas,.next/server/app/es/media/border-surveillance-uav-network-2026.html
/es/media/industrial-uav-redundancy-2026,es,media_article,strong,85,Dual-Redundant vuelo Control: How industrial UAV Achieve Mission-Grade Reliability,full_inventory,1599,11,1,5,20,22,0,198,196,Organization | ContactPoint | WebSite | Article | BreadcrumbList | ListItem,100,100,25,25,20,25,95,92,P3 保持监测,,,Dual-Redundant vuelo Control: How industrial UAV Achieve Mission-Grade Reliability | N-TET,Dual-Redundant vuelo Control: How industrial UAV Achieve Mission-Grade Reliability,Revision editorial y senales de proyecto | Solicitar solución y cotización | Revision editorial y senales de proyecto | Solicitar solución y cotización | Paginas relacionadas,.next/server/app/es/media/industrial-uav-redundancy-2026.html
/es/media/low-altitude-economy-2026-outlook,es,media_article,strong,85,China's baja altitud Economy: 2026 Outlook on a Two-Trillion-RMB Trajectory,full_inventory,1609,11,1,5,20,22,0,198,196,Organization | ContactPoint | WebSite | Article | BreadcrumbList | ListItem,100,100,25,25,20,25,95,92,P3 保持监测,,,China's baja altitud Economy: 2026 Outlook on a Two-Trillion-RMB Trajectory | N-TET,China's baja altitud Economy: 2026 Outlook on a Two-Trillion-RMB Trajectory,Revision editorial y senales de proyecto | Solicitar solución y cotización | Revision editorial y senales de proyecto | Solicitar solución y cotización | Paginas relacionadas,.next/server/app/es/media/low-altitude-economy-2026-outlook.html
/es/media/power-line-inspection-drone-guide-2026,es,media_article,strong,85,Power Line Inspection Drone: UAV Workflows for Utility Corridors and Transmission Towers,full_inventory,4569,51,1,23,28,22,0,210,208,Organization | ContactPoint | WebSite | Article | BreadcrumbList | ListItem,100,100,25,25,20,25,95,100,P3 保持监测,,,Power Line Inspection Drone: UAV Workflows for Utility Corridors and Transmission Towers | N-TET,Power Line Inspection Drone: UAV Workflows for Utility Corridors and Transmission Towers,"Revision editorial y senales de proyecto | What is a power line inspection drone? | Why utilities use drones for power line inspection | Power line drone inspection workflow | Which UAV platform fits each inspection task? | Payload selection: visible-light, thermal infrared, and LiDAR | What should a utility inspection report include? | N-TET system fit: corridor, tower, and substation inspection",.next/server/app/es/media/power-line-inspection-drone-guide-2026.html
/es/media/tethered-uav-persistent-surveillance-2026,es,media_article,strong,85,Cautivo UAV: Continuous Aerial monitoreo for Events and remoto Sites,full_inventory,1611,11,1,5,20,22,0,198,196,Organization | ContactPoint | WebSite | Article | BreadcrumbList | ListItem,100,100,25,25,20,25,95,92,P3 保持监测,,,Cautivo UAV: Continuous Aerial monitoreo for Events and remoto Sites | N-TET,Cautivo UAV: Continuous Aerial monitoreo for Events and remoto Sites,Revision editorial y senales de proyecto | Solicitar solución y cotización | Revision editorial y senales de proyecto | Solicitar solución y cotización | Paginas relacionadas,.next/server/app/es/media/tethered-uav-persistent-surveillance-2026.html
/es/products,es,product_list,strong,100,sistemas UAV industriales,high_value_es,1523,10,1,4,46,41,0,209,207,Organization | ContactPoint | WebSite,100,100,25,20,15,21,81,74,P2 建议增强,,,Sistemas UAV industriales y equipos de monitoreo | Productos N-TET,Sistemas UAV industriales y equipos de monitoreo,"Sistemas UAV industriales, equipos de monitoreo y ajuste al proyecto | Sistemas UAV y drones | Preguntas frecuentes de selección de productos | Solicitar solución y cotización",.next/server/app/es/products.html
/es/products/bailey-bridge,es,product_detail,strong,100,Bailey Steel Bridge Overview,high_value_es,1618,2,1,6,18,22,0,198,196,Organization | ContactPoint | WebSite | Product | BreadcrumbList | ListItem,91,90,25,25,15,25,90,75,P3 保持监测,有效正文段落偏少; 缺少 FAQ / 采购问题解答模块,增加 3-6 个有信息量的段落，避免只靠卡片、导航和短摘要支撑页面; 增加 3-5 个真实采购/部署问题，提升长尾覆盖和 AI 引用可读性,Bailey Steel Bridge Overview | N-TET,Bailey Steel Bridge Overview,Bailey Steel Bridge Overview Technical Specifications | Solicitar solución y cotización | Resumen | Especificaciones técnicas | Solicitar solución y cotización | Paginas relacionadas,.next/server/app/es/products/bailey-bridge.html
/es/products/composite-electro-optical-tracking-system,es,product_detail,strong,100,Electro-Optical EO seguimiento sistema,full_inventory,1686,2,1,6,18,22,0,198,196,Organization | ContactPoint | WebSite | Product | BreadcrumbList | ListItem,91,90,25,25,15,25,90,75,P3 保持监测,有效正文段落偏少; 缺少 FAQ / 采购问题解答模块,增加 3-6 个有信息量的段落，避免只靠卡片、导航和短摘要支撑页面; 增加 3-5 个真实采购/部署问题，提升长尾覆盖和 AI 引用可读性,Electro-Optical (EO) seguimiento sistema | N-TET,Electro-Optical EO seguimiento sistema,Electro-Optical EO seguimiento sistema Technical Specifications | Solicitar solución y cotización | Resumen | Especificaciones técnicas | Solicitar solución y cotización | Paginas relacionadas,.next/server/app/es/products/composite-electro-optical-tracking-system.html
/es/products/containerized-medical-rescue-system,es,product_detail,strong,100,Containerized Medical rescate sistema,full_inventory,1608,2,1,6,18,22,0,198,196,Organization | ContactPoint | WebSite | Product | BreadcrumbList | ListItem,91,90,25,25,15,25,90,75,P3 保持监测,有效正文段落偏少; 缺少 FAQ / 采购问题解答模块,增加 3-6 个有信息量的段落，避免只靠卡片、导航和短摘要支撑页面; 增加 3-5 个真实采购/部署问题，提升长尾覆盖和 AI 引用可读性,Containerized Medical rescate sistema | N-TET,Containerized Medical rescate sistema,Containerized Medical rescate sistema Technical Specifications | Solicitar solución y cotización | Resumen | Especificaciones técnicas | Solicitar solución y cotización | Paginas relacionadas,.next/server/app/es/products/containerized-medical-rescue-system.html
/es/products/emergency-search-rescue-drone,es,product_detail,strong,100,thermal drones for search and rescue,full_inventory,1632,2,1,6,18,22,0,198,196,Organization | ContactPoint | WebSite | Product | BreadcrumbList | ListItem,91,90,25,25,15,25,90,75,P3 保持监测,有效正文段落偏少; 缺少 FAQ / 采购问题解答模块,增加 3-6 个有信息量的段落，避免只靠卡片、导航和短摘要支撑页面; 增加 3-5 个真实采购/部署问题，提升长尾覆盖和 AI 引用可读性,Emergencia búsqueda & rescate dron | N-TET,Emergencia búsqueda & rescate dron,Emergencia búsqueda & rescate dron Technical Specifications | Solicitar solución y cotización | Resumen | Especificaciones técnicas | Solicitar solución y cotización | Paginas relacionadas,.next/server/app/es/products/emergency-search-rescue-drone.html
/es/products/fbg-g15-fc06-explosion-containment-vessel,es,product_detail,strong,100,Explosion Containment Vessel FBG-G1.5-FC06,full_inventory,1637,2,1,6,18,22,0,198,196,Organization | ContactPoint | WebSite | Product | BreadcrumbList | ListItem,91,90,25,25,15,25,90,75,P3 保持监测,有效正文段落偏少; 缺少 FAQ / 采购问题解答模块,增加 3-6 个有信息量的段落，避免只靠卡片、导航和短摘要支撑页面; 增加 3-5 个真实采购/部署问题，提升长尾覆盖和 AI 引用可读性,Explosion Containment Vessel FBG-G1.5-FC06 | N-TET,Explosion Containment Vessel FBG-G1.5-FC06,Explosion Containment Vessel FBG-G1.5-FC06 Technical Specifications | Solicitar solución y cotización | Resumen | Especificaciones técnicas | Solicitar solución y cotización | Paginas relacionadas,.next/server/app/es/products/fbg-g15-fc06-explosion-containment-vessel.html
/es/products/fbt-fc09-explosion-protection-blanket,es,product_detail,strong,100,Explosion Protection Blanket FBT-FC09,full_inventory,1636,2,1,6,18,22,0,198,196,Organization | ContactPoint | WebSite | Product | BreadcrumbList | ListItem,91,90,25,25,15,25,90,75,P3 保持监测,有效正文段落偏少; 缺少 FAQ / 采购问题解答模块,增加 3-6 个有信息量的段落，避免只靠卡片、导航和短摘要支撑页面; 增加 3-5 个真实采购/部署问题，提升长尾覆盖和 AI 引用可读性,Explosion Protection Blanket FBT-FC09 | N-TET,Explosion Protection Blanket FBT-FC09,Explosion Protection Blanket FBT-FC09 Technical Specifications | Solicitar solución y cotización | Resumen | Especificaciones técnicas | Solicitar solución y cotización | Paginas relacionadas,.next/server/app/es/products/fbt-fc09-explosion-protection-blanket.html
/es/products/fc-3000-ferromagnetic-detection-column,es,product_detail,strong,100,Intelligent Ferromagnetic detección sistema FC-3000,full_inventory,1769,2,1,6,18,22,0,198,196,Organization | ContactPoint | WebSite | Product | BreadcrumbList | ListItem,91,90,25,25,15,25,90,75,P3 保持监测,有效正文段落偏少; 缺少 FAQ / 采购问题解答模块,增加 3-6 个有信息量的段落，避免只靠卡片、导航和短摘要支撑页面; 增加 3-5 个真实采购/部署问题，提升长尾覆盖和 AI 引用可读性,Intelligent Ferromagnetic detección sistema FC-3000 | N-TET,Intelligent Ferromagnetic detección sistema FC-3000,Intelligent Ferromagnetic detección sistema FC-3000 Technical Specifications | Solicitar solución y cotización | Resumen | Especificaciones técnicas | Solicitar solución y cotización | Paginas relacionadas,.next/server/app/es/products/fc-3000-ferromagnetic-detection-column.html
/es/products/fc-c-deluxe-walk-through-metal-detector,es,product_detail,strong,100,Walk-Through Metal Detector FC-C Deluxe,full_inventory,1719,2,1,6,18,22,0,198,196,Organization | ContactPoint | WebSite | Product | BreadcrumbList | ListItem,91,90,25,25,15,25,90,75,P3 保持监测,有效正文段落偏少; 缺少 FAQ / 采购问题解答模块,增加 3-6 个有信息量的段落，避免只靠卡片、导航和短摘要支撑页面; 增加 3-5 个真实采购/部署问题，提升长尾覆盖和 AI 引用可读性,Walk-Through Metal Detector FC-C (Deluxe) | N-TET,Walk-Through Metal Detector FC-C Deluxe,Walk-Through Metal Detector FC-C Deluxe Technical Specifications | Solicitar solución y cotización | Resumen | Especificaciones técnicas | Solicitar solución y cotización | Paginas relacionadas,.next/server/app/es/products/fc-c-deluxe-walk-through-metal-detector.html
/es/products/fc-c-lcd-walk-through-metal-detector,es,product_detail,strong,100,Walk-Through Metal Detector FC-C LCD,full_inventory,1736,2,1,6,18,22,0,198,196,Organization | ContactPoint | WebSite | Product | BreadcrumbList | ListItem,91,90,25,25,15,25,90,75,P3 保持监测,有效正文段落偏少; 缺少 FAQ / 采购问题解答模块,增加 3-6 个有信息量的段落，避免只靠卡片、导航和短摘要支撑页面; 增加 3-5 个真实采购/部署问题，提升长尾覆盖和 AI 引用可读性,"Walk-Through Metal Detector FC-C (LCD, 12-Zone) | N-TET","Walk-Through Metal Detector FC-C LCD, 12-Zone","Walk-Through Metal Detector FC-C LCD, 12-Zone Technical Specifications | Solicitar solución y cotización | Resumen | Especificaciones técnicas | Solicitar solución y cotización | Paginas relacionadas",.next/server/app/es/products/fc-c-lcd-walk-through-metal-detector.html
/es/products/fc-dlxj-01-power-grid-inspection-drone,es,product_detail,strong,100,drone power line inspection,full_inventory,1653,2,1,6,18,22,0,198,196,Organization | ContactPoint | WebSite | Product | BreadcrumbList | ListItem,91,90,25,25,15,25,90,75,P3 保持监测,有效正文段落偏少; 缺少 FAQ / 采购问题解答模块,增加 3-6 个有信息量的段落，避免只靠卡片、导航和短摘要支撑页面; 增加 3-5 个真实采购/部署问题，提升长尾覆盖和 AI 引用可读性,Eléctrica red eléctrica inspección dron | N-TET,Eléctrica red eléctrica inspección dron,Eléctrica red eléctrica inspección dron Technical Specifications | Solicitar solución y cotización | Resumen | Especificaciones técnicas | Solicitar solución y cotización | Paginas relacionadas,.next/server/app/es/products/fc-dlxj-01-power-grid-inspection-drone.html
/es/products/fc-dma-long-range-optical-turntable,es,product_detail,strong,100,FC-DMA Multi-Spectral EO/IR PTZ Turret,full_inventory,2406,2,1,6,18,22,0,198,196,Organization | ContactPoint | WebSite | Product | BreadcrumbList | ListItem,91,90,25,25,15,25,90,75,P3 保持监测,有效正文段落偏少; 缺少 FAQ / 采购问题解答模块,增加 3-6 个有信息量的段落，避免只靠卡片、导航和短摘要支撑页面; 增加 3-5 个真实采购/部署问题，提升长尾覆盖和 AI 引用可读性,FC-DMA Multi-Spectral EO/IR PTZ Turret | N-TET,FC-DMA Multi-Spectral EO/IR PTZ Turret,FC-DMA Multi-Spectral EO/IR PTZ Turret Technical Specifications | Solicitar solución y cotización | Resumen | Especificaciones técnicas | Solicitar solución y cotización | Paginas relacionadas,.next/server/app/es/products/fc-dma-long-range-optical-turntable.html
/es/products/fc-dms10-smart-electronic-sentinel,es,product_detail,strong,100,FC-DMS10 Series Smart Electronic Sentinel,full_inventory,2003,2,1,6,18,22,0,198,196,Organization | ContactPoint | WebSite | Product | BreadcrumbList | ListItem,91,90,25,25,15,25,90,75,P3 保持监测,有效正文段落偏少; 缺少 FAQ / 采购问题解答模块,增加 3-6 个有信息量的段落，避免只靠卡片、导航和短摘要支撑页面; 增加 3-5 个真实采购/部署问题，提升长尾覆盖和 AI 引用可读性,FC-DMS10 Series Smart Electronic Sentinel | N-TET,FC-DMS10 Series Smart Electronic Sentinel,FC-DMS10 Series Smart Electronic Sentinel Technical Specifications | Solicitar solución y cotización | Resumen | Especificaciones técnicas | Solicitar solución y cotización | Paginas relacionadas,.next/server/app/es/products/fc-dms10-smart-electronic-sentinel.html
/es/products/fc-dtvc-dual-band-thermal-ptz,es,product_detail,strong,100,FC-DTVC Series Dual-Band Thermal High-Speed Dome,full_inventory,2184,2,1,6,18,22,0,198,196,Organization | ContactPoint | WebSite | Product | BreadcrumbList | ListItem,91,90,25,25,15,25,90,75,P3 保持监测,有效正文段落偏少; 缺少 FAQ / 采购问题解答模块,增加 3-6 个有信息量的段落，避免只靠卡片、导航和短摘要支撑页面; 增加 3-5 个真实采购/部署问题，提升长尾覆盖和 AI 引用可读性,FC-DTVC Series Dual-Band Thermal High-Speed Dome | N-TET,FC-DTVC Series Dual-Band Thermal High-Speed Dome,FC-DTVC Series Dual-Band Thermal High-Speed Dome Technical Specifications | Solicitar solución y cotización | Resumen | Especificaciones técnicas | Solicitar solución y cotización | Paginas relacionadas,.next/server/app/es/products/fc-dtvc-dual-band-thermal-ptz.html
/es/products/fc-h-smart-phone-detection-gate,es,product_detail,strong,100,Smart Phone detección Gate FC-H,full_inventory,2023,2,1,6,18,22,0,198,196,Organization | ContactPoint | WebSite | Product | BreadcrumbList | ListItem,91,90,25,25,15,25,90,75,P3 保持监测,有效正文段落偏少; 缺少 FAQ / 采购问题解答模块,增加 3-6 个有信息量的段落，避免只靠卡片、导航和短摘要支撑页面; 增加 3-5 个真实采购/部署问题，提升长尾覆盖和 AI 引用可读性,Smart Phone detección Gate FC-H | N-TET,Smart Phone detección Gate FC-H,Smart Phone detección Gate FC-H Technical Specifications | Solicitar solución y cotización | Resumen | Especificaciones técnicas | Solicitar solución y cotización | Paginas relacionadas,.next/server/app/es/products/fc-h-smart-phone-detection-gate.html
/es/products/fc-h-smart-phone-detection-gate-29in,es,product_detail,strong,100,Smart Phone detección Gate FC-H 29-inch Display,full_inventory,1791,2,1,6,18,22,0,198,196,Organization | ContactPoint | WebSite | Product | BreadcrumbList | ListItem,91,90,25,25,15,25,90,83,P3 保持监测,有效正文段落偏少; 缺少 FAQ / 采购问题解答模块,增加 3-6 个有信息量的段落，避免只靠卡片、导航和短摘要支撑页面; 增加 3-5 个真实采购/部署问题，提升长尾覆盖和 AI 引用可读性,Smart Phone detección Gate FC-H (29-inch Display) | N-TET,Smart Phone detección Gate FC-H 29-inch Display,Smart Phone detección Gate FC-H 29-inch Display Technical Specifications | Solicitar solución y cotización | Resumen | Especificaciones técnicas | Solicitar solución y cotización | Paginas relacionadas,.next/server/app/es/products/fc-h-smart-phone-detection-gate-29in.html
/es/products/fc-pd500-personal-radiation-dose-alarm,es,product_detail,strong,100,FC-PD500 X-γ Personal Radiation Dose Alarm,full_inventory,1820,2,1,6,18,22,0,198,196,Organization | ContactPoint | WebSite | Product | BreadcrumbList | ListItem,91,90,25,25,15,25,90,75,P3 保持监测,有效正文段落偏少; 缺少 FAQ / 采购问题解答模块,增加 3-6 个有信息量的段落，避免只靠卡片、导航和短摘要支撑页面; 增加 3-5 个真实采购/部署问题，提升长尾覆盖和 AI 引用可读性,FC-PD500 X-γ Personal Radiation Dose Alarm | N-TET,FC-PD500 X-γ Personal Radiation Dose Alarm,FC-PD500 X-γ Personal Radiation Dose Alarm Technical Specifications | Solicitar solución y cotización | Resumen | Especificaciones técnicas | Solicitar solución y cotización | Paginas relacionadas,.next/server/app/es/products/fc-pd500-personal-radiation-dose-alarm.html
/es/products/fc-rc-series-hd-laser-camera,es,product_detail,strong,100,FC-RC Series HD Long-Range Laser Camera,full_inventory,2150,2,1,6,18,22,0,198,196,Organization | ContactPoint | WebSite | Product | BreadcrumbList | ListItem,91,90,25,25,15,25,90,75,P3 保持监测,有效正文段落偏少; 缺少 FAQ / 采购问题解答模块,增加 3-6 个有信息量的段落，避免只靠卡片、导航和短摘要支撑页面; 增加 3-5 个真实采购/部署问题，提升长尾覆盖和 AI 引用可读性,FC-RC Series HD Long-Range Laser Camera | N-TET,FC-RC Series HD Long-Range Laser Camera,FC-RC Series HD Long-Range Laser Camera Technical Specifications | Solicitar solución y cotización | Resumen | Especificaciones técnicas | Solicitar solución y cotización | Paginas relacionadas,.next/server/app/es/products/fc-rc-series-hd-laser-camera.html
/es/products/fc-rds500-4r-radar-vision-sentinel,es,product_detail,strong,100,FC-RDS500-4R Radar-Vision Fusion sistema,full_inventory,2186,2,1,6,18,22,0,198,196,Organization | ContactPoint | WebSite | Product | BreadcrumbList | ListItem,91,90,25,25,15,25,90,75,P3 保持监测,有效正文段落偏少; 缺少 FAQ / 采购问题解答模块,增加 3-6 个有信息量的段落，避免只靠卡片、导航和短摘要支撑页面; 增加 3-5 个真实采购/部署问题，提升长尾覆盖和 AI 引用可读性,FC-RDS500-4R Radar-Vision Fusion sistema | N-TET,FC-RDS500-4R Radar-Vision Fusion sistema,FC-RDS500-4R Radar-Vision Fusion sistema Technical Specifications | Solicitar solución y cotización | Resumen | Especificaciones técnicas | Solicitar solución y cotización | Paginas relacionadas,.next/server/app/es/products/fc-rds500-4r-radar-vision-sentinel.html
/es/products/fc-sljc-01-water-conservancy-monitoring-drone,es,product_detail,strong,100,water conservancy monitoring UAV,full_inventory,1628,2,1,6,18,22,0,198,196,Organization | ContactPoint | WebSite | Product | BreadcrumbList | ListItem,91,90,25,25,15,25,90,75,P3 保持监测,有效正文段落偏少; 缺少 FAQ / 采购问题解答模块,增加 3-6 个有信息量的段落，避免只靠卡片、导航和短摘要支撑页面; 增加 3-5 个真实采购/部署问题，提升长尾覆盖和 AI 引用可读性,Gestión hídrica monitoreo UAV | N-TET,Gestión hídrica monitoreo UAV,Gestión hídrica monitoreo UAV Technical Specifications | Solicitar solución y cotización | Resumen | Especificaciones técnicas | Solicitar solución y cotización | Paginas relacionadas,.next/server/app/es/products/fc-sljc-01-water-conservancy-monitoring-drone.html
/es/products/fc-smart-swing-turnstile,es,product_detail,strong,100,Deluxe Smart Swing Turnstile,full_inventory,1708,2,1,6,18,22,0,198,196,Organization | ContactPoint | WebSite | Product | BreadcrumbList | ListItem,91,90,25,25,15,25,90,75,P3 保持监测,有效正文段落偏少; 缺少 FAQ / 采购问题解答模块,增加 3-6 个有信息量的段落，避免只靠卡片、导航和短摘要支撑页面; 增加 3-5 个真实采购/部署问题，提升长尾覆盖和 AI 引用可读性,Deluxe Smart Swing Turnstile | N-TET,Deluxe Smart Swing Turnstile,Deluxe Smart Swing Turnstile Technical Specifications | Solicitar solución y cotización | Resumen | Especificaciones técnicas | Solicitar solución y cotización | Paginas relacionadas,.next/server/app/es/products/fc-smart-swing-turnstile.html
/es/products/fc-ttvc-intelligent-multi-band-camera,es,product_detail,strong,100,FC-TTVC Series Intelligent Multi-Band Camera,full_inventory,2085,2,1,6,18,22,0,198,196,Organization | ContactPoint | WebSite | Product | BreadcrumbList | ListItem,91,90,25,25,15,25,90,75,P3 保持监测,有效正文段落偏少; 缺少 FAQ / 采购问题解答模块,增加 3-6 个有信息量的段落，避免只靠卡片、导航和短摘要支撑页面; 增加 3-5 个真实采购/部署问题，提升长尾覆盖和 AI 引用可读性,FC-TTVC Series Intelligent Multi-Band Camera | N-TET,FC-TTVC Series Intelligent Multi-Band Camera,FC-TTVC Series Intelligent Multi-Band Camera Technical Specifications | Solicitar solución y cotización | Resumen | Especificaciones técnicas | Solicitar solución y cotización | Paginas relacionadas,.next/server/app/es/products/fc-ttvc-intelligent-multi-band-camera.html
/es/products/fc-yjtx-01-emergency-communication-drone,es,product_detail,strong,100,emergency communication UAV,high_value_es,1652,2,1,6,18,22,0,198,196,Organization | ContactPoint | WebSite | Product | BreadcrumbList | ListItem,91,90,25,25,15,25,90,75,P3 保持监测,有效正文段落偏少; 缺少 FAQ / 采购问题解答模块,增加 3-6 个有信息量的段落，避免只靠卡片、导航和短摘要支撑页面; 增加 3-5 个真实采购/部署问题，提升长尾覆盖和 AI 引用可读性,Emergencia comunicación cautivo UAV | N-TET,Emergencia comunicación cautivo UAV,Emergencia comunicación cautivo UAV Technical Specifications | Solicitar solución y cotización | Resumen | Especificaciones técnicas | Solicitar solución y cotización | Paginas relacionadas,.next/server/app/es/products/fc-yjtx-01-emergency-communication-drone.html
/es/products/fc-yjxf-01-aerial-firefighting-drone,es,product_detail,strong,100,firefighting drone,high_value_es,1644,2,1,6,18,22,0,198,196,Organization | ContactPoint | WebSite | Product | BreadcrumbList | ListItem,91,90,25,25,15,25,90,75,P3 保持监测,有效正文段落偏少; 缺少 FAQ / 采购问题解答模块,增加 3-6 个有信息量的段落，避免只靠卡片、导航和短摘要支撑页面; 增加 3-5 个真实采购/部署问题，提升长尾覆盖和 AI 引用可读性,High-Rise apoyo contra incendios cautivo UAV | N-TET,High-Rise apoyo contra incendios cautivo UAV,High-Rise apoyo contra incendios cautivo UAV Technical Specifications | Solicitar solución y cotización | Resumen | Especificaciones técnicas | Solicitar solución y cotización | Paginas relacionadas,.next/server/app/es/products/fc-yjxf-01-aerial-firefighting-drone.html
/es/products/fc-yjzc-01-emergency-reconnaissance-drone,es,product_detail,strong,100,search and rescue drone,full_inventory,1631,2,1,6,18,22,0,198,196,Organization | ContactPoint | WebSite | Product | BreadcrumbList | ListItem,91,90,25,25,15,25,90,75,P3 保持监测,有效正文段落偏少; 缺少 FAQ / 采购问题解答模块,增加 3-6 个有信息量的段落，避免只靠卡片、导航和短摘要支撑页面; 增加 3-5 个真实采购/部署问题，提升长尾覆盖和 AI 引用可读性,Emergencia Response dron | N-TET,Emergencia Response dron,Emergencia Response dron Technical Specifications | Solicitar solución y cotización | Resumen | Especificaciones técnicas | Solicitar solución y cotización | Paginas relacionadas,.next/server/app/es/products/fc-yjzc-01-emergency-reconnaissance-drone.html
/es/products/fc-yjzm-01-emergency-lighting-drone,es,product_detail,strong,100,drone lighting,high_value_es,1623,2,1,6,18,22,0,198,196,Organization | ContactPoint | WebSite | Product | BreadcrumbList | ListItem,91,90,25,25,15,25,90,75,P3 保持监测,有效正文段落偏少; 缺少 FAQ / 采购问题解答模块,增加 3-6 个有信息量的段落，避免只靠卡片、导航和短摘要支撑页面; 增加 3-5 个真实采购/部署问题，提升长尾覆盖和 AI 引用可读性,Cautivo iluminación UAV | N-TET,Cautivo iluminación UAV,Cautivo iluminación UAV Technical Specifications | Solicitar solución y cotización | Resumen | Especificaciones técnicas | Solicitar solución y cotización | Paginas relacionadas,.next/server/app/es/products/fc-yjzm-01-emergency-lighting-drone.html
/es/products/fc-yqxj-01-utility-inspection-drone,es,product_detail,strong,100,pipeline inspection drones,full_inventory,1653,2,1,6,18,22,0,198,196,Organization | ContactPoint | WebSite | Product | BreadcrumbList | ListItem,91,90,25,25,15,25,90,75,P3 保持监测,有效正文段落偏少; 缺少 FAQ / 采购问题解答模块,增加 3-6 个有信息量的段落，避免只靠卡片、导航和短摘要支撑页面; 增加 3-5 个真实采购/部署问题，提升长尾覆盖和 AI 引用可读性,Oil & Gas Pipeline inspección dron | N-TET,Oil & Gas Pipeline inspección dron,Oil & Gas Pipeline inspección dron Technical Specifications | Solicitar solución y cotización | Resumen | Especificaciones técnicas | Solicitar solución y cotización | Paginas relacionadas,.next/server/app/es/products/fc-yqxj-01-utility-inspection-drone.html
/es/products/fc1500-handheld-liquid-detector,es,product_detail,strong,100,Handheld Liquid Detector FC1500,full_inventory,1644,2,1,6,18,22,0,198,196,Organization | ContactPoint | WebSite | Product | BreadcrumbList | ListItem,91,90,25,25,15,25,90,75,P3 保持监测,有效正文段落偏少; 缺少 FAQ / 采购问题解答模块,增加 3-6 个有信息量的段落，避免只靠卡片、导航和短摘要支撑页面; 增加 3-5 个真实采购/部署问题，提升长尾覆盖和 AI 引用可读性,Handheld Liquid Detector FC1500 | N-TET,Handheld Liquid Detector FC1500,Handheld Liquid Detector FC1500 Technical Specifications | Solicitar solución y cotización | Resumen | Especificaciones técnicas | Solicitar solución y cotización | Paginas relacionadas,.next/server/app/es/products/fc1500-handheld-liquid-detector.html
/es/products/fc1500b-desktop-liquid-security-inspector,es,product_detail,strong,100,Desktop Liquid seguridad Inspector FC1500B,full_inventory,1693,2,1,6,18,22,0,198,196,Organization | ContactPoint | WebSite | Product | BreadcrumbList | ListItem,91,90,25,25,15,25,90,75,P3 保持监测,有效正文段落偏少; 缺少 FAQ / 采购问题解答模块,增加 3-6 个有信息量的段落，避免只靠卡片、导航和短摘要支撑页面; 增加 3-5 个真实采购/部署问题，提升长尾覆盖和 AI 引用可读性,Desktop Liquid seguridad Inspector FC1500B | N-TET,Desktop Liquid seguridad Inspector FC1500B,Desktop Liquid seguridad Inspector FC1500B Technical Specifications | Solicitar solución y cotización | Resumen | Especificaciones técnicas | Solicitar solución y cotización | Paginas relacionadas,.next/server/app/es/products/fc1500b-desktop-liquid-security-inspector.html
/es/products/fc1800b-portable-explosives-and-narcotics-detector,es,product_detail,strong,100,Portable Explosives & Narcotics Detector FC1800B,full_inventory,1651,2,1,6,18,22,0,198,196,Organization | ContactPoint | WebSite | Product | BreadcrumbList | ListItem,91,90,25,25,15,25,90,75,P3 保持监测,有效正文段落偏少; 缺少 FAQ / 采购问题解答模块,增加 3-6 个有信息量的段落，避免只靠卡片、导航和短摘要支撑页面; 增加 3-5 个真实采购/部署问题，提升长尾覆盖和 AI 引用可读性,Portable Explosives & Narcotics Detector FC1800B | N-TET,Portable Explosives & Narcotics Detector FC1800B,Portable Explosives & Narcotics Detector FC1800B Technical Specifications | Solicitar solución y cotización | Resumen | Especificaciones técnicas | Solicitar solución y cotización | Paginas relacionadas,.next/server/app/es/products/fc1800b-portable-explosives-and-narcotics-detector.html
/es/products/fc1800t-desktop-explosives-narcotics-detector,es,product_detail,strong,100,Desktop Explosives & Narcotics Detector FC1800T,full_inventory,1679,2,1,6,18,22,0,198,196,Organization | ContactPoint | WebSite | Product | BreadcrumbList | ListItem,91,90,25,25,15,25,90,83,P3 保持监测,有效正文段落偏少; 缺少 FAQ / 采购问题解答模块,增加 3-6 个有信息量的段落，避免只靠卡片、导航和短摘要支撑页面; 增加 3-5 个真实采购/部署问题，提升长尾覆盖和 AI 引用可读性,Desktop Explosives & Narcotics Detector FC1800T | N-TET,Desktop Explosives & Narcotics Detector FC1800T,Desktop Explosives & Narcotics Detector FC1800T Technical Specifications | Solicitar solución y cotización | Resumen | Especificaciones técnicas | Solicitar solución y cotización | Paginas relacionadas,.next/server/app/es/products/fc1800t-desktop-explosives-narcotics-detector.html
/es/products/fc2088-handheld-metal-detector,es,product_detail,strong,100,Handheld Metal Detector FC2088,full_inventory,1638,2,1,6,18,22,0,198,196,Organization | ContactPoint | WebSite | Product | BreadcrumbList | ListItem,91,90,25,25,15,25,90,75,P3 保持监测,有效正文段落偏少; 缺少 FAQ / 采购问题解答模块,增加 3-6 个有信息量的段落，避免只靠卡片、导航和短摘要支撑页面; 增加 3-5 个真实采购/部署问题，提升长尾覆盖和 AI 引用可读性,Handheld Metal Detector FC2088 | N-TET,Handheld Metal Detector FC2088,Handheld Metal Detector FC2088 Technical Specifications | Solicitar solución y cotización | Resumen | Especificaciones técnicas | Solicitar solución y cotización | Paginas relacionadas,.next/server/app/es/products/fc2088-handheld-metal-detector.html
/es/products/fc4028-neutron-ambient-dose-rate-meter,es,product_detail,strong,100,FC4028 Neutron Ambient Dose Equivalent Rate Meter,full_inventory,2117,2,1,6,18,22,0,198,196,Organization | ContactPoint | WebSite | Product | BreadcrumbList | ListItem,91,90,25,25,15,25,90,75,P3 保持监测,有效正文段落偏少; 缺少 FAQ / 采购问题解答模块,增加 3-6 个有信息量的段落，避免只靠卡片、导航和短摘要支撑页面; 增加 3-5 个真实采购/部署问题，提升长尾覆盖和 AI 引用可读性,FC4028 Neutron Ambient Dose Equivalent (Rate) Meter | N-TET,FC4028 Neutron Ambient Dose Equivalent Rate Meter,FC4028 Neutron Ambient Dose Equivalent Rate Meter Technical Specifications | Solicitar solución y cotización | Resumen | Especificaciones técnicas | Solicitar solución y cotización | Paginas relacionadas,.next/server/app/es/products/fc4028-neutron-ambient-dose-rate-meter.html
/es/products/fc5030-compact-x-ray-baggage-scanner,es,product_detail,strong,100,X-Ray Baggage Scanner FC5030,full_inventory,1674,2,1,6,18,22,0,198,196,Organization | ContactPoint | WebSite | Product | BreadcrumbList | ListItem,91,90,25,25,15,25,90,75,P3 保持监测,有效正文段落偏少; 缺少 FAQ / 采购问题解答模块,增加 3-6 个有信息量的段落，避免只靠卡片、导航和短摘要支撑页面; 增加 3-5 个真实采购/部署问题，提升长尾覆盖和 AI 引用可读性,X-Ray Baggage Scanner FC5030 | N-TET,X-Ray Baggage Scanner FC5030,X-Ray Baggage Scanner FC5030 Technical Specifications | Solicitar solución y cotización | Resumen | Especificaciones técnicas | Solicitar solución y cotización | Paginas relacionadas,.next/server/app/es/products/fc5030-compact-x-ray-baggage-scanner.html
/es/products/fc6550-standard-x-ray-baggage-scanner,es,product_detail,strong,100,X-Ray Baggage Scanner FC6550,full_inventory,1698,2,1,6,18,22,0,198,196,Organization | ContactPoint | WebSite | Product | BreadcrumbList | ListItem,91,90,25,25,15,25,90,75,P3 保持监测,有效正文段落偏少; 缺少 FAQ / 采购问题解答模块,增加 3-6 个有信息量的段落，避免只靠卡片、导航和短摘要支撑页面; 增加 3-5 个真实采购/部署问题，提升长尾覆盖和 AI 引用可读性,X-Ray Baggage Scanner FC6550 | N-TET,X-Ray Baggage Scanner FC6550,X-Ray Baggage Scanner FC6550 Technical Specifications | Solicitar solución y cotización | Resumen | Especificaciones técnicas | Solicitar solución y cotización | Paginas relacionadas,.next/server/app/es/products/fc6550-standard-x-ray-baggage-scanner.html
/es/products/fc6550d-dual-view-baggage-scanner,es,product_detail,strong,100,Dual-View X-Ray Baggage Scanner FC6550D,full_inventory,1685,2,1,6,18,22,0,198,196,Organization | ContactPoint | WebSite | Product | BreadcrumbList | ListItem,91,90,25,25,15,25,90,75,P3 保持监测,有效正文段落偏少; 缺少 FAQ / 采购问题解答模块,增加 3-6 个有信息量的段落，避免只靠卡片、导航和短摘要支撑页面; 增加 3-5 个真实采购/部署问题，提升长尾覆盖和 AI 引用可读性,Dual-View X-Ray Baggage Scanner FC6550D | N-TET,Dual-View X-Ray Baggage Scanner FC6550D,Dual-View X-Ray Baggage Scanner FC6550D Technical Specifications | Solicitar solución y cotización | Resumen | Especificaciones técnicas | Solicitar solución y cotización | Paginas relacionadas,.next/server/app/es/products/fc6550d-dual-view-baggage-scanner.html
/es/products/fc902-personal-radiation-dose-alarm,es,product_detail,strong,100,X-γ Radiation Dose Alarm FC902,full_inventory,1833,2,1,6,18,22,0,198,196,Organization | ContactPoint | WebSite | Product | BreadcrumbList | ListItem,91,90,25,25,15,25,90,75,P3 保持监测,有效正文段落偏少; 缺少 FAQ / 采购问题解答模块,增加 3-6 个有信息量的段落，避免只靠卡片、导航和短摘要支撑页面; 增加 3-5 个真实采购/部署问题，提升长尾覆盖和 AI 引用可读性,X-γ Radiation Dose Alarm FC902 | N-TET,X-γ Radiation Dose Alarm FC902,X-γ Radiation Dose Alarm FC902 Technical Specifications | Solicitar solución y cotización | Resumen | Especificaciones técnicas | Solicitar solución y cotización | Paginas relacionadas,.next/server/app/es/products/fc902-personal-radiation-dose-alarm.html
/es/products/handheld-rf-detection-system-mini,es,product_detail,strong,100,Handheld RF detección sistema,full_inventory,1684,2,1,6,18,22,0,198,196,Organization | ContactPoint | WebSite | Product | BreadcrumbList | ListItem,91,90,25,25,15,25,90,75,P3 保持监测,有效正文段落偏少; 缺少 FAQ / 采购问题解答模块,增加 3-6 个有信息量的段落，避免只靠卡片、导航和短摘要支撑页面; 增加 3-5 个真实采购/部署问题，提升长尾覆盖和 AI 引用可读性,Handheld RF detección sistema | N-TET,Handheld RF detección sistema,Handheld RF detección sistema Technical Specifications | Solicitar solución y cotización | Resumen | Especificaciones técnicas | Solicitar solución y cotización | Paginas relacionadas,.next/server/app/es/products/handheld-rf-detection-system-mini.html
/es/products/intelligent-mobile-cabin-hospital,es,product_detail,strong,100,Intelligent Mobile Cabin Hospital,full_inventory,1586,2,1,6,18,22,0,198,196,Organization | ContactPoint | WebSite | Product | BreadcrumbList | ListItem,91,90,25,25,15,25,90,75,P3 保持监测,有效正文段落偏少; 缺少 FAQ / 采购问题解答模块,增加 3-6 个有信息量的段落，避免只靠卡片、导航和短摘要支撑页面; 增加 3-5 个真实采购/部署问题，提升长尾覆盖和 AI 引用可读性,Intelligent Mobile Cabin Hospital | N-TET,Intelligent Mobile Cabin Hospital,Intelligent Mobile Cabin Hospital Technical Specifications | Solicitar solución y cotización | Resumen | Especificaciones técnicas | Solicitar solución y cotización | Paginas relacionadas,.next/server/app/es/products/intelligent-mobile-cabin-hospital.html
/es/products/low-altitude-3d-pulse-doppler-radar,es,product_detail,strong,100,Baja altitud detección Radar X-Band,full_inventory,1675,2,1,6,18,22,0,198,196,Organization | ContactPoint | WebSite | Product | BreadcrumbList | ListItem,91,90,25,25,15,25,90,75,P3 保持监测,有效正文段落偏少; 缺少 FAQ / 采购问题解答模块,增加 3-6 个有信息量的段落，避免只靠卡片、导航和短摘要支撑页面; 增加 3-5 个真实采购/部署问题，提升长尾覆盖和 AI 引用可读性,Baja altitud detección Radar (X-Band) | N-TET,Baja altitud detección Radar X-Band,Baja altitud detección Radar X-Band Technical Specifications | Solicitar solución y cotización | Resumen | Especificaciones técnicas | Solicitar solución y cotización | Paginas relacionadas,.next/server/app/es/products/low-altitude-3d-pulse-doppler-radar.html
/es/products/low-altitude-detection-radar-ku-band,es,product_detail,strong,100,Baja altitud detección Radar Ku-Band,full_inventory,1653,2,1,6,18,22,0,198,196,Organization | ContactPoint | WebSite | Product | BreadcrumbList | ListItem,91,90,25,25,15,25,90,75,P3 保持监测,有效正文段落偏少; 缺少 FAQ / 采购问题解答模块,增加 3-6 个有信息量的段落，避免只靠卡片、导航和短摘要支撑页面; 增加 3-5 个真实采购/部署问题，提升长尾覆盖和 AI 引用可读性,Baja altitud detección Radar (Ku-Band) | N-TET,Baja altitud detección Radar Ku-Band,Baja altitud detección Radar Ku-Band Technical Specifications | Solicitar solución y cotización | Resumen | Especificaciones técnicas | Solicitar solución y cotización | Paginas relacionadas,.next/server/app/es/products/low-altitude-detection-radar-ku-band.html
/es/products/multi-rotor-20kg-payload-uav,es,product_detail,strong,100,20kg carga útil multirrotor UAV,full_inventory,1659,2,1,6,18,22,0,198,196,Organization | ContactPoint | WebSite | Product | BreadcrumbList | ListItem,91,90,25,25,15,25,90,75,P3 保持监测,有效正文段落偏少; 缺少 FAQ / 采购问题解答模块,增加 3-6 个有信息量的段落，避免只靠卡片、导航和短摘要支撑页面; 增加 3-5 个真实采购/部署问题，提升长尾覆盖和 AI 引用可读性,20kg carga útil multirrotor UAV | N-TET,20kg carga útil multirrotor UAV,20kg carga útil multirrotor UAV Technical Specifications | Solicitar solución y cotización | Resumen | Especificaciones técnicas | Solicitar solución y cotización | Paginas relacionadas,.next/server/app/es/products/multi-rotor-20kg-payload-uav.html
/es/products/multi-rotor-3kg-payload-uav,es,product_detail,strong,100,3kg carga útil multirrotor UAV,full_inventory,1653,2,1,6,18,22,0,198,196,Organization | ContactPoint | WebSite | Product | BreadcrumbList | ListItem,91,90,25,25,15,25,90,75,P3 保持监测,有效正文段落偏少; 缺少 FAQ / 采购问题解答模块,增加 3-6 个有信息量的段落，避免只靠卡片、导航和短摘要支撑页面; 增加 3-5 个真实采购/部署问题，提升长尾覆盖和 AI 引用可读性,3kg carga útil multirrotor UAV | N-TET,3kg carga útil multirrotor UAV,3kg carga útil multirrotor UAV Technical Specifications | Solicitar solución y cotización | Resumen | Especificaciones técnicas | Solicitar solución y cotización | Paginas relacionadas,.next/server/app/es/products/multi-rotor-3kg-payload-uav.html
/es/products/multi-rotor-50kg-payload-uav,es,product_detail,strong,100,50kg carga útil multirrotor UAV,full_inventory,1661,2,1,6,18,22,0,198,196,Organization | ContactPoint | WebSite | Product | BreadcrumbList | ListItem,91,90,25,25,15,25,90,75,P3 保持监测,有效正文段落偏少; 缺少 FAQ / 采购问题解答模块,增加 3-6 个有信息量的段落，避免只靠卡片、导航和短摘要支撑页面; 增加 3-5 个真实采购/部署问题，提升长尾覆盖和 AI 引用可读性,50kg carga útil multirrotor UAV | N-TET,50kg carga útil multirrotor UAV,50kg carga útil multirrotor UAV Technical Specifications | Solicitar solución y cotización | Resumen | Especificaciones técnicas | Solicitar solución y cotización | Paginas relacionadas,.next/server/app/es/products/multi-rotor-50kg-payload-uav.html
/es/products/multi-rotor-8kg-payload-uav,es,product_detail,strong,100,8kg carga útil multirrotor UAV,full_inventory,1647,2,1,6,18,22,0,198,196,Organization | ContactPoint | WebSite | Product | BreadcrumbList | ListItem,91,90,25,25,15,25,90,75,P3 保持监测,有效正文段落偏少; 缺少 FAQ / 采购问题解答模块,增加 3-6 个有信息量的段落，避免只靠卡片、导航和短摘要支撑页面; 增加 3-5 个真实采购/部署问题，提升长尾覆盖和 AI 引用可读性,8kg carga útil multirrotor UAV | N-TET,8kg carga útil multirrotor UAV,8kg carga útil multirrotor UAV Technical Specifications | Solicitar solución y cotización | Resumen | Especificaciones técnicas | Solicitar solución y cotización | Paginas relacionadas,.next/server/app/es/products/multi-rotor-8kg-payload-uav.html
/es/products/portable-rf-detection-case,es,product_detail,strong,100,Hand-carried RF detección sistema,full_inventory,1596,2,1,6,18,22,0,198,196,Organization | ContactPoint | WebSite | Product | BreadcrumbList | ListItem,91,90,25,25,15,25,90,75,P3 保持监测,有效正文段落偏少; 缺少 FAQ / 采购问题解答模块,增加 3-6 个有信息量的段落，避免只靠卡片、导航和短摘要支撑页面; 增加 3-5 个真实采购/部署问题，提升长尾覆盖和 AI 引用可读性,Hand-carried RF detección sistema | N-TET,Hand-carried RF detección sistema,Hand-carried RF detección sistema Technical Specifications | Solicitar solución y cotización | Resumen | Especificaciones técnicas | Solicitar solución y cotización | Paginas relacionadas,.next/server/app/es/products/portable-rf-detection-case.html
/es/products/power-tower-inspection-drone,es,product_detail,strong,100,drone power line inspection,full_inventory,1712,2,1,6,18,22,0,198,196,Organization | ContactPoint | WebSite | Product | BreadcrumbList | ListItem,91,90,25,25,15,25,90,75,P3 保持监测,有效正文段落偏少; 缺少 FAQ / 采购问题解答模块,增加 3-6 个有信息量的段落，避免只靠卡片、导航和短摘要支撑页面; 增加 3-5 个真实采购/部署问题，提升长尾覆盖和 AI 引用可读性,Eléctrica Tower inspección UAV | N-TET,Eléctrica Tower inspección UAV,Eléctrica Tower inspección UAV Technical Specifications | Solicitar solución y cotización | Resumen | Especificaciones técnicas | Solicitar solución y cotización | Paginas relacionadas,.next/server/app/es/products/power-tower-inspection-drone.html
/es/products/smart-substation-autonomous-inspection-system,es,product_detail,strong,100,smart substation autonomous inspection,full_inventory,1672,2,1,6,18,22,0,198,196,Organization | ContactPoint | WebSite | Product | BreadcrumbList | ListItem,91,90,25,25,15,25,90,75,P3 保持监测,有效正文段落偏少; 缺少 FAQ / 采购问题解答模块,增加 3-6 个有信息量的段落，避免只靠卡片、导航和短摘要支撑页面; 增加 3-5 个真实采购/部署问题，提升长尾覆盖和 AI 引用可读性,Smart subestación Autonomous UAV inspección sistema | N-TET,Smart subestación Autonomous UAV inspección sistema,Smart subestación Autonomous UAV inspección sistema Technical Specifications | Solicitar solución y cotización | Resumen | Especificaciones técnicas | Solicitar solución y cotización | Paginas relacionadas,.next/server/app/es/products/smart-substation-autonomous-inspection-system.html
/es/products/stationary-rf-detection-system,es,product_detail,strong,100,Stationary RF detección sistema,full_inventory,1634,2,1,6,18,22,0,198,196,Organization | ContactPoint | WebSite | Product | BreadcrumbList | ListItem,91,90,25,25,15,25,90,75,P3 保持监测,有效正文段落偏少; 缺少 FAQ / 采购问题解答模块,增加 3-6 个有信息量的段落，避免只靠卡片、导航和短摘要支撑页面; 增加 3-5 个真实采购/部署问题，提升长尾覆盖和 AI 引用可读性,Stationary RF detección sistema | N-TET,Stationary RF detección sistema,Stationary RF detección sistema Technical Specifications | Solicitar solución y cotización | Resumen | Especificaciones técnicas | Solicitar solución y cotización | Paginas relacionadas,.next/server/app/es/products/stationary-rf-detection-system.html
/es/products/uav-remote-id-monitoring-system,es,product_detail,strong,100,UAV remoto ID monitoreo sistema,full_inventory,1627,2,1,6,18,22,0,198,196,Organization | ContactPoint | WebSite | Product | BreadcrumbList | ListItem,91,90,25,25,15,25,90,75,P3 保持监测,有效正文段落偏少; 缺少 FAQ / 采购问题解答模块,增加 3-6 个有信息量的段落，避免只靠卡片、导航和短摘要支撑页面; 增加 3-5 个真实采购/部署问题，提升长尾覆盖和 AI 引用可读性,UAV remoto ID monitoreo sistema | N-TET,UAV remoto ID monitoreo sistema,UAV remoto ID monitoreo sistema Technical Specifications | Solicitar solución y cotización | Resumen | Especificaciones técnicas | Solicitar solución y cotización | Paginas relacionadas,.next/server/app/es/products/uav-remote-id-monitoring-system.html
/es/products/vtol-135kg-mtow-uav,es,product_detail,strong,100,135kg MTOW VTOL ala fija UAV,full_inventory,1634,2,1,6,18,22,0,198,196,Organization | ContactPoint | WebSite | Product | BreadcrumbList | ListItem,91,90,25,25,15,25,90,75,P3 保持监测,有效正文段落偏少; 缺少 FAQ / 采购问题解答模块,增加 3-6 个有信息量的段落，避免只靠卡片、导航和短摘要支撑页面; 增加 3-5 个真实采购/部署问题，提升长尾覆盖和 AI 引用可读性,135kg MTOW VTOL ala fija UAV | N-TET,135kg MTOW VTOL ala fija UAV,135kg MTOW VTOL ala fija UAV Technical Specifications | Solicitar solución y cotización | Resumen | Especificaciones técnicas | Solicitar solución y cotización | Paginas relacionadas,.next/server/app/es/products/vtol-135kg-mtow-uav.html
/es/products/vtol-14kg-mtow-uav,es,product_detail,strong,100,14kg MTOW VTOL ala fija UAV,full_inventory,1626,2,1,6,18,22,0,198,196,Organization | ContactPoint | WebSite | Product | BreadcrumbList | ListItem,91,90,25,25,15,25,90,75,P3 保持监测,有效正文段落偏少; 缺少 FAQ / 采购问题解答模块,增加 3-6 个有信息量的段落，避免只靠卡片、导航和短摘要支撑页面; 增加 3-5 个真实采购/部署问题，提升长尾覆盖和 AI 引用可读性,14kg MTOW VTOL ala fija UAV | N-TET,14kg MTOW VTOL ala fija UAV,14kg MTOW VTOL ala fija UAV Technical Specifications | Solicitar solución y cotización | Resumen | Especificaciones técnicas | Solicitar solución y cotización | Paginas relacionadas,.next/server/app/es/products/vtol-14kg-mtow-uav.html
/es/products/vtol-26kg-mtow-uav,es,product_detail,strong,100,26kg MTOW VTOL ala fija UAV,full_inventory,1628,2,1,6,18,22,0,198,196,Organization | ContactPoint | WebSite | Product | BreadcrumbList | ListItem,91,90,25,25,15,25,90,75,P3 保持监测,有效正文段落偏少; 缺少 FAQ / 采购问题解答模块,增加 3-6 个有信息量的段落，避免只靠卡片、导航和短摘要支撑页面; 增加 3-5 个真实采购/部署问题，提升长尾覆盖和 AI 引用可读性,26kg MTOW VTOL ala fija UAV | N-TET,26kg MTOW VTOL ala fija UAV,26kg MTOW VTOL ala fija UAV Technical Specifications | Solicitar solución y cotización | Resumen | Especificaciones técnicas | Solicitar solución y cotización | Paginas relacionadas,.next/server/app/es/products/vtol-26kg-mtow-uav.html
/es/products/vtol-40kg-mtow-uav,es,product_detail,strong,100,40kg MTOW VTOL ala fija UAV,full_inventory,1632,2,1,6,18,22,0,198,196,Organization | ContactPoint | WebSite | Product | BreadcrumbList | ListItem,91,90,25,25,15,25,90,75,P3 保持监测,有效正文段落偏少; 缺少 FAQ / 采购问题解答模块,增加 3-6 个有信息量的段落，避免只靠卡片、导航和短摘要支撑页面; 增加 3-5 个真实采购/部署问题，提升长尾覆盖和 AI 引用可读性,40kg MTOW VTOL ala fija UAV | N-TET,40kg MTOW VTOL ala fija UAV,40kg MTOW VTOL ala fija UAV Technical Specifications | Solicitar solución y cotización | Resumen | Especificaciones técnicas | Solicitar solución y cotización | Paginas relacionadas,.next/server/app/es/products/vtol-40kg-mtow-uav.html
/es/products/vtol-64kg-mtow-uav,es,product_detail,strong,100,64kg MTOW VTOL ala fija UAV,full_inventory,1618,2,1,6,18,22,0,198,196,Organization | ContactPoint | WebSite | Product | BreadcrumbList | ListItem,91,90,25,25,15,25,90,75,P3 保持监测,有效正文段落偏少; 缺少 FAQ / 采购问题解答模块,增加 3-6 个有信息量的段落，避免只靠卡片、导航和短摘要支撑页面; 增加 3-5 个真实采购/部署问题，提升长尾覆盖和 AI 引用可读性,64kg MTOW VTOL ala fija UAV | N-TET,64kg MTOW VTOL ala fija UAV,64kg MTOW VTOL ala fija UAV Technical Specifications | Solicitar solución y cotización | Resumen | Especificaciones técnicas | Solicitar solución y cotización | Paginas relacionadas,.next/server/app/es/products/vtol-64kg-mtow-uav.html
/es/solutions,es,solution_list,partial,65,soluciones UAV,partial_keyword_page + high_value_es,1482,3,1,11,46,50,0,222,220,Organization | ContactPoint | WebSite,96,95,25,20,15,21,81,62,P1 需要补内容,,,Soluciones UAV industriales | N-TET,Soluciones de inspección UAV,Soluciones de inspección UAV para equipos industriales | Inspección y patrullaje UAV | Respuesta de emergencia UAV | Protección de infraestructura crítica | Seguridad de áreas clave | Solicitar solución y cotización | Inspección y patrullaje UAV | Respuesta de emergencia UAV,.next/server/app/es/solutions.html
/es/solutions/airport-low-altitude-monitoring,es,solution_detail,strong,100,Aeropuerto espacio aéreo monitoreo Application,full_inventory,1956,10,1,11,34,32,0,210,208,Organization | ContactPoint | WebSite | Service | BreadcrumbList | ListItem,93,95,25,25,15,25,90,92,P3 保持监测,缺少页面类型应有证据：hasRelatedProducts,按页面类型补齐证据模块，而不是继续堆关键词,Aeropuerto espacio aéreo monitoreo Application | N-TET,Aeropuerto espacio aéreo monitoreo Application,Aeropuerto espacio aéreo monitoreo Application Workflow | Especificaciones técnicas | Equipos relacionados | FAQ de la solucion | Solicitar solución y cotización | Resumen | Especificaciones técnicas | Equipos relacionados,.next/server/app/es/solutions/airport-low-altitude-monitoring.html
/es/solutions/airport-security-protection,es,solution_detail,strong,100,Aeropuerto seguridad Protection,full_inventory,2479,10,1,11,40,38,0,216,214,Organization | ContactPoint | WebSite | Service | BreadcrumbList | ListItem,93,95,25,25,15,25,90,92,P3 保持监测,缺少页面类型应有证据：hasRelatedProducts,按页面类型补齐证据模块，而不是继续堆关键词,Aeropuerto seguridad Protection | N-TET,Aeropuerto seguridad Protection,Aeropuerto seguridad Protection Workflow | Especificaciones técnicas | Equipos relacionados | FAQ de la solucion | Solicitar solución y cotización | Resumen | Especificaciones técnicas | Equipos relacionados,.next/server/app/es/solutions/airport-security-protection.html
/es/solutions/category/01_BorderPatrol,es,solution_category,strong,100,UAV de patrullaje fronterizo,high_value_es,1797,14,1,9,33,34,0,212,204,Organization | ContactPoint | WebSite,100,100,25,20,20,21,86,74,P2 建议增强,,,Soluciones UAV de patrullaje fronterizo | N-TET,Soluciones UAV de patrullaje fronterizo,UAV de patrullaje fronterizo y monitoreo costero | Soluciones UAV industriales | Productos recomendados | FAQ de la solucion | Solicitar solución y cotización | Necesidades de la industria | Soluciones UAV industriales | Productos recomendados,.next/server/app/es/solutions/category/01_BorderPatrol.html
/es/solutions/category/02_InfrastructureProtection,es,solution_category,strong,85,UAV de inspección de instalaciones industriales,high_value_es,1923,18,1,9,35,36,0,218,206,Organization | ContactPoint | WebSite,100,100,25,20,20,21,86,74,P2 建议增强,,,Soluciones UAV de inspección de instalaciones industriales | N-TET,Soluciones UAV de inspección de instalaciones industriales,Escenarios de inspección UAV de instalaciones industriales | Soluciones UAV industriales | Productos recomendados | FAQ de la solucion | Solicitar solución y cotización | Necesidades de la industria | Soluciones UAV industriales | Productos recomendados,.next/server/app/es/solutions/category/02_InfrastructureProtection.html
/es/solutions/category/03_KeyAreaSecurity,es,solution_category,strong,100,monitoreo aéreo aeroportuario,high_value_es,1821,14,1,9,39,40,0,218,210,Organization | ContactPoint | WebSite,100,100,25,20,20,21,86,74,P2 建议增强,,,Monitoreo aéreo aeroportuario y seguridad de áreas clave | N-TET,Monitoreo aéreo aeroportuario y seguridad de áreas clave,Escenarios de monitoreo aéreo aeroportuario | Soluciones UAV industriales | Productos recomendados | FAQ de la solucion | Solicitar solución y cotización | Necesidades de la industria | Soluciones UAV industriales | Productos recomendados,.next/server/app/es/solutions/category/03_KeyAreaSecurity.html
/es/solutions/category/04_EmergencyRescue,es,solution_category,strong,100,dron de búsqueda y rescate,high_value_es,1765,14,1,9,33,34,0,212,204,Organization | ContactPoint | WebSite,100,100,25,20,20,21,86,74,P2 建议增强,,,Soluciones de dron de búsqueda y rescate | N-TET,Soluciones de dron de búsqueda y rescate,Flujos de trabajo con dron de búsqueda y rescate | Soluciones UAV industriales | Productos recomendados | FAQ de la solucion | Solicitar solución y cotización | Necesidades de la industria | Soluciones UAV industriales | Productos recomendados,.next/server/app/es/solutions/category/04_EmergencyRescue.html
/es/solutions/chemical-plant-protection,es,solution_detail,strong,100,drones de inspección de tuberías,high_value_es,2480,30,1,14,42,42,0,208,206,Organization | ContactPoint | WebSite | Service | BreadcrumbList | ListItem,93,95,25,25,15,25,90,92,P3 保持监测,缺少页面类型应有证据：hasRelatedProducts,按页面类型补齐证据模块，而不是继续堆关键词,Drones de inspección de tuberías para monitoreo de plantas químicas | N-TET,Drones de inspección de tuberías para monitoreo de plantas químicas,Drones de inspección de tuberías y monitoreo de plantas | A Neutral Low-Altitude Risk Process for Chemical Sites | Módulos de la solución | Equipos relacionados | FAQ de la solucion | Solicitar solución y cotización | Resumen | Necesidades de la industria,.next/server/app/es/solutions/chemical-plant-protection.html
/es/solutions/disaster-site-search-rescue-reconnaissance-uav-solution,es,solution_detail,strong,100,dron de búsqueda y rescate,high_value_es,2463,28,1,16,40,40,0,210,208,Organization | ContactPoint | WebSite | Service | BreadcrumbList | ListItem,93,95,25,25,15,25,90,92,P3 保持监测,缺少页面类型应有证据：hasRelatedProducts,按页面类型补齐证据模块，而不是继续堆关键词,Solución de dron de búsqueda y rescate | N-TET,Solución de dron de búsqueda y rescate,Flujo de trabajo de dron de búsqueda y rescate | How UAVs Upgrade Emergency Reconnaissance | Módulos de la solución | Equipos relacionados | Casos relacionados | FAQ de la solucion | Solicitar solución y cotización | Resumen,.next/server/app/es/solutions/disaster-site-search-rescue-reconnaissance-uav-solution.html
/es/solutions/emergency-communication-uav,es,solution_detail,strong,100,Emergencia comunicación UAV,full_inventory,1871,10,1,11,26,24,0,202,200,Organization | ContactPoint | WebSite | Service | BreadcrumbList | ListItem,93,95,25,25,15,25,90,92,P3 保持监测,缺少页面类型应有证据：hasRelatedProducts,按页面类型补齐证据模块，而不是继续堆关键词,Emergencia comunicación UAV | N-TET,Emergencia comunicación UAV,Emergencia comunicación UAV Workflow | Especificaciones técnicas | Equipos relacionados | FAQ de la solucion | Solicitar solución y cotización | Resumen | Especificaciones técnicas | Equipos relacionados,.next/server/app/es/solutions/emergency-communication-uav.html
/es/solutions/emergency-communication-uav-solution,es,solution_detail,strong,85,Emergencia comunicación UAV solución,full_inventory,1852,10,1,9,30,28,0,206,204,Organization | ContactPoint | WebSite | Service | BreadcrumbList | ListItem,93,95,25,25,15,25,90,92,P3 保持监测,缺少页面类型应有证据：hasRelatedProducts,按页面类型补齐证据模块，而不是继续堆关键词,Emergencia comunicación UAV solución | N-TET,Emergencia comunicación UAV solución,Equipos relacionados | FAQ de la solucion | Solicitar solución y cotización | Resumen | Especificaciones técnicas | Equipos relacionados | FAQ de la solucion | Solicitar solución y cotización,.next/server/app/es/solutions/emergency-communication-uav-solution.html
/es/solutions/emergency-lighting-uav,es,solution_detail,strong,100,Emergencia iluminación UAV,full_inventory,1859,10,1,11,28,26,0,204,202,Organization | ContactPoint | WebSite | Service | BreadcrumbList | ListItem,93,95,25,25,15,25,90,92,P3 保持监测,缺少页面类型应有证据：hasRelatedProducts,按页面类型补齐证据模块，而不是继续堆关键词,Emergencia iluminación UAV | N-TET,Emergencia iluminación UAV,Emergencia iluminación UAV Workflow | Especificaciones técnicas | Equipos relacionados | FAQ de la solucion | Solicitar solución y cotización | Resumen | Especificaciones técnicas | Equipos relacionados,.next/server/app/es/solutions/emergency-lighting-uav.html
/es/solutions/emergency-reconnaissance-uav,es,solution_detail,strong,100,Emergencia reconocimiento UAV,full_inventory,1863,10,1,11,28,26,0,204,202,Organization | ContactPoint | WebSite | Service | BreadcrumbList | ListItem,93,95,25,25,15,25,90,92,P3 保持监测,缺少页面类型应有证据：hasRelatedProducts,按页面类型补齐证据模块，而不是继续堆关键词,Emergencia reconocimiento UAV | N-TET,Emergencia reconocimiento UAV,Emergencia reconocimiento UAV Workflow | Especificaciones técnicas | Equipos relacionados | FAQ de la solucion | Solicitar solución y cotización | Resumen | Especificaciones técnicas | Equipos relacionados,.next/server/app/es/solutions/emergency-reconnaissance-uav.html
/es/solutions/emergency-search-rescue-uav-solution,es,solution_detail,strong,85,Emergencia búsqueda & rescate UAV solución,full_inventory,1896,10,1,11,32,30,0,208,206,Organization | ContactPoint | WebSite | Service | BreadcrumbList | ListItem,93,95,25,25,15,25,90,92,P3 保持监测,缺少页面类型应有证据：hasRelatedProducts,按页面类型补齐证据模块，而不是继续堆关键词,Emergencia búsqueda & rescate UAV solución | N-TET,Emergencia búsqueda & rescate UAV solución,Equipos relacionados | Casos relacionados | FAQ de la solucion | Solicitar solución y cotización | Resumen | Especificaciones técnicas | Equipos relacionados | Casos relacionados,.next/server/app/es/solutions/emergency-search-rescue-uav-solution.html
/es/solutions/high-rise-firefighting-uav-solution,es,solution_detail,strong,85,High-Rise apoyo contra incendios UAV solución,full_inventory,1922,10,1,9,32,30,0,208,206,Organization | ContactPoint | WebSite | Service | BreadcrumbList | ListItem,93,95,25,25,15,25,90,92,P3 保持监测,缺少页面类型应有证据：hasRelatedProducts,按页面类型补齐证据模块，而不是继续堆关键词,High-Rise apoyo contra incendios UAV solución | N-TET,High-Rise apoyo contra incendios UAV solución,Equipos relacionados | FAQ de la solucion | Solicitar solución y cotización | Resumen | Especificaciones técnicas | Equipos relacionados | FAQ de la solucion | Solicitar solución y cotización,.next/server/app/es/solutions/high-rise-firefighting-uav-solution.html
/es/solutions/hydroelectric-dam-protection,es,solution_detail,strong,100,Presa hidroeléctrica Protection,full_inventory,2397,24,1,14,40,40,0,208,206,Organization | ContactPoint | WebSite | Service | BreadcrumbList | ListItem,93,95,25,25,15,25,90,92,P3 保持监测,缺少页面类型应有证据：hasRelatedProducts,按页面类型补齐证据模块，而不是继续堆关键词,Presa hidroeléctrica Protection | N-TET,Presa hidroeléctrica Protection,Presa hidroeléctrica Protection Workflow | Low-Altitude Security Workflow for Dam Operations | Módulos de la solución | Equipos relacionados | FAQ de la solucion | Solicitar solución y cotización | Resumen | Necesidades de la industria,.next/server/app/es/solutions/hydroelectric-dam-protection.html
/es/solutions/judicial-sector-security,es,solution_detail,strong,100,Sector judicial seguridad Protection,full_inventory,2556,10,1,11,40,38,0,216,214,Organization | ContactPoint | WebSite | Service | BreadcrumbList | ListItem,93,95,25,25,15,25,90,92,P3 保持监测,缺少页面类型应有证据：hasRelatedProducts,按页面类型补齐证据模块，而不是继续堆关键词,Sector judicial seguridad Protection | N-TET,Sector judicial seguridad Protection,Sector judicial seguridad Protection Workflow | Especificaciones técnicas | Equipos relacionados | FAQ de la solucion | Solicitar solución y cotización | Resumen | Especificaciones técnicas | Equipos relacionados,.next/server/app/es/solutions/judicial-sector-security.html
/es/solutions/land-based-maritime-surveillance,es,solution_detail,strong,100,Land-based marítimo vigilancia & Early Warning,full_inventory,1875,10,1,11,28,26,0,204,202,Organization | ContactPoint | WebSite | Service | BreadcrumbList | ListItem,93,95,25,25,15,25,90,92,P3 保持监测,缺少页面类型应有证据：hasRelatedProducts,按页面类型补齐证据模块，而不是继续堆关键词,Land-based marítimo vigilancia & Early Warning | N-TET,Land-based marítimo vigilancia & Early Warning,Land-based marítimo vigilancia & Early Warning Workflow | Especificaciones técnicas | Equipos relacionados | FAQ de la solucion | Solicitar solución y cotización | Resumen | Especificaciones técnicas | Equipos relacionados,.next/server/app/es/solutions/land-based-maritime-surveillance.html
/es/solutions/night-emergency-lighting-support-uav-solution,es,solution_detail,strong,85,UAV de iluminación cautivo,high_value_es,2454,30,1,16,42,42,0,210,208,Organization | ContactPoint | WebSite | Service | BreadcrumbList | ListItem,93,95,25,25,15,25,90,92,P3 保持监测,缺少页面类型应有证据：hasRelatedProducts,按页面类型补齐证据模块，而不是继续堆关键词,Solución UAV de iluminación cautivo | N-TET,Solución UAV de iluminación cautivo,Flujo de iluminación UAV cautivo | Cómo los UAV mejoran la eficiencia operativa | Módulos de la solución | Equipos relacionados | Casos relacionados | FAQ de la solucion | Solicitar solución y cotización | Resumen,.next/server/app/es/solutions/night-emergency-lighting-support-uav-solution.html
/es/solutions/oil-production-base-protection,es,solution_detail,strong,100,oil and gas drone inspection,full_inventory,2463,25,1,14,40,40,0,208,206,Organization | ContactPoint | WebSite | Service | BreadcrumbList | ListItem,93,95,25,25,15,25,90,92,P3 保持监测,缺少页面类型应有证据：hasRelatedProducts,按页面类型补齐证据模块，而不是继续堆关键词,Oil and Gas Drone Inspection Solution | N-TET,Oil and Gas Drone Inspection Solution,Oil and Gas Drone Inspection Workflow | Layered Low-Altitude Protection for Oil Production Sites | Módulos de la solución | Equipos relacionados | FAQ de la solucion | Solicitar solución y cotización | Resumen | Necesidades de la industria,.next/server/app/es/solutions/oil-production-base-protection.html
/es/solutions/post-disaster-emergency-communication-support-uav-solution,es,solution_detail,strong,100,UAV de comunicación de emergencia,high_value_es,2464,26,1,16,40,40,0,210,208,Organization | ContactPoint | WebSite | Service | BreadcrumbList | ListItem,93,95,25,25,15,25,90,92,P3 保持监测,缺少页面类型应有证据：hasRelatedProducts,按页面类型补齐证据模块，而不是继续堆关键词,Solución UAV de comunicación de emergencia | N-TET,Solución UAV de comunicación de emergencia,Flujo UAV de comunicación de emergencia | Cómo los UAV mejoran la eficiencia operativa | Módulos de la solución | Equipos relacionados | Casos relacionados | FAQ de la solucion | Solicitar solución y cotización | Resumen,.next/server/app/es/solutions/post-disaster-emergency-communication-support-uav-solution.html
/es/solutions/power-generation-facility-low-altitude-monitoring,es,solution_detail,strong,100,Eléctrica Generation Facility espacio aéreo monitoreo,full_inventory,1975,10,1,11,34,32,0,210,208,Organization | ContactPoint | WebSite | Service | BreadcrumbList | ListItem,93,95,25,25,15,25,90,92,P3 保持监测,缺少页面类型应有证据：hasRelatedProducts,按页面类型补齐证据模块，而不是继续堆关键词,Eléctrica Generation Facility espacio aéreo monitoreo | N-TET,Eléctrica Generation Facility espacio aéreo monitoreo,Eléctrica Generation Facility espacio aéreo monitoreo Workflow | Especificaciones técnicas | Equipos relacionados | FAQ de la solucion | Solicitar solución y cotización | Resumen | Especificaciones técnicas | Equipos relacionados,.next/server/app/es/solutions/power-generation-facility-low-altitude-monitoring.html
/es/solutions/power-line-uav-intelligent-inspection-solution,es,solution_detail,strong,85,dron para inspección de líneas eléctricas,high_value_es,2556,30,1,12,34,34,0,200,198,Organization | ContactPoint | WebSite | Service | BreadcrumbList | ListItem,93,95,25,25,15,25,90,92,P3 保持监测,缺少页面类型应有证据：hasRelatedProducts,按页面类型补齐证据模块，而不是继续堆关键词,Solución de dron para inspección de líneas eléctricas | N-TET,Solución de dron para inspección de líneas eléctricas,Flujo de inspección de líneas eléctricas con dron | Cómo los UAV mejoran la eficiencia operativa | Módulos de la solución | FAQ de la solucion | Solicitar solución y cotización | Resumen | Necesidades de la industria | Cómo los UAV mejoran la operación,.next/server/app/es/solutions/power-line-uav-intelligent-inspection-solution.html
/es/solutions/power-tower-inspection-uav-solution,es,solution_detail,strong,85,Eléctrica Tower inspección UAV solución,full_inventory,1900,10,1,11,34,32,0,210,208,Organization | ContactPoint | WebSite | Service | BreadcrumbList | ListItem,93,95,25,25,15,25,90,92,P3 保持监测,缺少页面类型应有证据：hasRelatedProducts,按页面类型补齐证据模块，而不是继续堆关键词,Eléctrica Tower inspección UAV solución | N-TET,Eléctrica Tower inspección UAV solución,Equipos relacionados | Casos relacionados | FAQ de la solucion | Solicitar solución y cotización | Resumen | Especificaciones técnicas | Equipos relacionados | Casos relacionados,.next/server/app/es/solutions/power-tower-inspection-uav-solution.html
/es/solutions/smart-substation-autonomous-inspection-solution,es,solution_detail,strong,85,Smart subestación Autonomous UAV inspección solución,full_inventory,1946,10,1,11,32,30,0,208,206,Organization | ContactPoint | WebSite | Service | BreadcrumbList | ListItem,93,95,25,25,15,25,90,92,P3 保持监测,缺少页面类型应有证据：hasRelatedProducts,按页面类型补齐证据模块，而不是继续堆关键词,Smart subestación Autonomous UAV inspección solución | N-TET,Smart subestación Autonomous UAV inspección solución,Equipos relacionados | Casos relacionados | FAQ de la solucion | Solicitar solución y cotización | Resumen | Especificaciones técnicas | Equipos relacionados | Casos relacionados,.next/server/app/es/solutions/smart-substation-autonomous-inspection-solution.html
/es/solutions/smart-substation-unattended-uav-inspection-solution,es,solution_detail,strong,100,inspección autónoma de subestaciones inteligentes,high_value_es,2488,24,1,16,46,51,0,212,210,Organization | ContactPoint | WebSite | Service | BreadcrumbList | ListItem,93,95,25,25,15,25,90,92,P3 保持监测,缺少页面类型应有证据：hasRelatedProducts,按页面类型补齐证据模块，而不是继续堆关键词,Solución de inspección autónoma de subestaciones inteligentes | N-TET,Solución de inspección autónoma de subestaciones inteligentes,Flujo de inspección autónoma de subestaciones inteligentes | How UAVs Upgrade Substation Inspection | Módulos de la solución | Equipos relacionados | Casos relacionados | FAQ de la solucion | Solicitar solución y cotización | Resumen,.next/server/app/es/solutions/smart-substation-unattended-uav-inspection-solution.html
/es/solutions/sports-event-security,es,solution_detail,strong,100,Large evento deportivo seguridad Protection,full_inventory,2374,27,1,14,48,54,0,216,214,Organization | ContactPoint | WebSite | Service | BreadcrumbList | ListItem,93,95,25,25,15,25,90,92,P3 保持监测,缺少页面类型应有证据：hasRelatedProducts,按页面类型补齐证据模块，而不是继续堆关键词,Large evento deportivo seguridad Protection | N-TET,Large evento deportivo seguridad Protection,Large evento deportivo seguridad Protection Workflow | How Integrated Monitoring and Screening Support Large Events | Módulos de la solución | Equipos relacionados | FAQ de la solucion | Solicitar solución y cotización | Resumen | Necesidades de la industria,.next/server/app/es/solutions/sports-event-security.html
/es/solutions/tethered-lighting-uav-solution,es,solution_detail,strong,85,Cautivo iluminación UAV solución,full_inventory,1894,10,1,11,32,30,0,208,206,Organization | ContactPoint | WebSite | Service | BreadcrumbList | ListItem,93,95,25,25,15,25,90,92,P3 保持监测,缺少页面类型应有证据：hasRelatedProducts,按页面类型补齐证据模块，而不是继续堆关键词,Cautivo iluminación UAV solución | N-TET,Cautivo iluminación UAV solución,Equipos relacionados | Casos relacionados | FAQ de la solucion | Solicitar solución y cotización | Resumen | Especificaciones técnicas | Equipos relacionados | Casos relacionados,.next/server/app/es/solutions/tethered-lighting-uav-solution.html
/es/solutions/uav-maritime-emergency-rescue,es,solution_detail,strong,100,UAV marítimo emergencia rescate,full_inventory,1884,10,1,11,30,28,0,206,204,Organization | ContactPoint | WebSite | Service | BreadcrumbList | ListItem,93,95,25,25,15,25,90,92,P3 保持监测,缺少页面类型应有证据：hasRelatedProducts,按页面类型补齐证据模块，而不是继续堆关键词,UAV marítimo emergencia rescate | N-TET,UAV marítimo emergencia rescate,UAV marítimo emergencia rescate Workflow | Especificaciones técnicas | Equipos relacionados | FAQ de la solucion | Solicitar solución y cotización | Resumen | Especificaciones técnicas | Equipos relacionados,.next/server/app/es/solutions/uav-maritime-emergency-rescue.html
/es/solutions/uav-maritime-patrol,es,solution_detail,strong,100,UAV de patrullaje marítimo,high_value_es,2344,26,1,16,38,38,0,210,208,Organization | ContactPoint | WebSite | Service | BreadcrumbList | ListItem,93,95,25,25,15,25,90,92,P3 保持监测,缺少页面类型应有证据：hasRelatedProducts,按页面类型补齐证据模块，而不是继续堆关键词,Solución UAV de patrullaje marítimo | N-TET,Solución UAV de patrullaje marítimo,Flujo UAV de patrullaje marítimo | Cómo los UAV mejoran la eficiencia operativa | Módulos de la solución | Equipos relacionados | Casos relacionados | FAQ de la solucion | Solicitar solución y cotización | Resumen,.next/server/app/es/solutions/uav-maritime-patrol.html
/es/solutions/urban-high-rise-firefighting-emergency-uav-solution,es,solution_detail,strong,100,dron contra incendios,high_value_es,2529,30,1,16,44,44,0,212,210,Organization | ContactPoint | WebSite | Service | BreadcrumbList | ListItem,93,95,25,25,15,25,90,92,P3 保持监测,缺少页面类型应有证据：hasRelatedProducts,按页面类型补齐证据模块，而不是继续堆关键词,Solución de dron contra incendios | N-TET,Solución de dron contra incendios,Flujo de trabajo con dron contra incendios | Cómo los UAV mejoran la eficiencia operativa | Módulos de la solución | Equipos relacionados | Casos relacionados | FAQ de la solucion | Solicitar solución y cotización | Resumen,.next/server/app/es/solutions/urban-high-rise-firefighting-emergency-uav-solution.html
/es/solutions/water-conservancy-monitoring-uav-solution,es,solution_detail,strong,85,Gestión hídrica monitoreo UAV solución,full_inventory,1897,10,1,11,32,30,0,208,206,Organization | ContactPoint | WebSite | Service | BreadcrumbList | ListItem,93,95,25,25,15,25,90,92,P3 保持监测,缺少页面类型应有证据：hasRelatedProducts,按页面类型补齐证据模块，而不是继续堆关键词,Gestión hídrica monitoreo UAV solución | N-TET,Gestión hídrica monitoreo UAV solución,Equipos relacionados | Casos relacionados | FAQ de la solucion | Solicitar solución y cotización | Resumen | Especificaciones técnicas | Equipos relacionados | Casos relacionados,.next/server/app/es/solutions/water-conservancy-monitoring-uav-solution.html
/es/solutions/water-conservancy-river-lake-uav-monitoring-solution,es,solution_detail,strong,85,UAV de monitoreo de recursos hídricos,high_value_es,2685,32,1,16,42,42,0,208,206,Organization | ContactPoint | WebSite | Service | BreadcrumbList | ListItem,93,95,25,25,15,25,90,100,P3 保持监测,缺少页面类型应有证据：hasRelatedProducts,按页面类型补齐证据模块，而不是继续堆关键词,Solución UAV de monitoreo de recursos hídricos | N-TET,Solución UAV de monitoreo de recursos hídricos,Flujo de monitoreo UAV de recursos hídricos | Cómo los UAV mejoran la eficiencia operativa | Módulos de la solución | Equipos relacionados | Casos relacionados | FAQ de la solucion | Solicitar solución y cotización | Resumen,.next/server/app/es/solutions/water-conservancy-river-lake-uav-monitoring-solution.html
/ru,ru,home,strong,85,промышленные БПЛА,high_value_ru,1153,2,1,11,62,66,0,245,240,Organization | ContactPoint | WebSite,91,90,13,20,15,21,69,43,P1 需要补内容,有效正文段落偏少,增加 3-6 个有信息量的段落，避免只靠卡片、导航和短摘要支撑页面,Промышленные БПЛА для низковысотных операций | N-TET,Промышленные БПЛА для низковысотных операций,Решения | Продукты | Дрон для мониторинга водных ресурсов | Кейсы | О компании | Новости | Решения | Продукты,.next/server/app/ru.html
/ru/about,ru,about,strong,85,интегратор промышленных систем БПЛА,high_value_ru,1125,4,1,5,22,23,0,191,189,Organization | ContactPoint | WebSite,100,100,20,12,15,21,68,52,P1 需要补内容,,,N-TET: интегратор промышленных систем БПЛА,N-TET: интегратор промышленных систем БПЛА,Возможности интеграции промышленных систем БПЛА | Команда R&D | Профиль компании | Команда R&D | Запросить решение и КП,.next/server/app/ru/about.html
/ru/accessories,ru,accessory_list,strong,95,аксессуары для БПЛА,high_value_ru,1267,4,1,11,79,76,0,245,243,Organization | ContactPoint | WebSite,100,100,20,12,15,21,68,60,P2 建议增强,,,Аксессуары и компоненты БПЛА | N-TET,Аксессуары и компоненты БПЛА,Аксессуары для дронов и компоненты БПЛА для промышленных платформ | Полетные контроллеры | Электродвигатели БПЛА | Пропеллеры БПЛА | Аккумуляторы БПЛА | Электрооптические подвесы | Двигатели БПЛА | Каналы передачи данных БПЛА,.next/server/app/ru/accessories.html
/ru/accessories/fc-bt1,ru,accessory_detail,strong,85,Твердотельная батарея для БПЛА FC-BT1,full_inventory,3941,4,1,6,25,24,0,198,196,Organization | ContactPoint | WebSite | Product | BreadcrumbList | ListItem,100,100,25,25,15,25,90,84,P3 保持监测,,,Твердотельная батарея для БПЛА FC-BT1 | N-TET Drone Accessories,Твердотельная батарея для БПЛА FC-BT1,Твердотельная батарея для БПЛА FC-BT1 Technical Specifications | Запросить решение и КП | Обзор | Технические характеристики | Запросить решение и КП | Связанные страницы,.next/server/app/ru/accessories/fc-bt1.html
/ru/accessories/fc-bt2,ru,accessory_detail,strong,85,Твердотельная батарея для БПЛА FC-BT2,full_inventory,3435,4,1,6,25,24,0,198,196,Organization | ContactPoint | WebSite | Product | BreadcrumbList | ListItem,100,100,25,25,15,25,90,84,P3 保持监测,,,Твердотельная батарея для БПЛА FC-BT2 | N-TET Drone Accessories,Твердотельная батарея для БПЛА FC-BT2,Твердотельная батарея для БПЛА FC-BT2 Technical Specifications | Запросить решение и КП | Обзор | Технические характеристики | Запросить решение и КП | Связанные страницы,.next/server/app/ru/accessories/fc-bt2.html
/ru/accessories/fc-bt3,ru,accessory_detail,strong,85,Высоковольтная твердотельная батарея для БПЛА FC-BT3,full_inventory,3548,6,1,6,26,24,0,198,196,Organization | ContactPoint | WebSite | Product | BreadcrumbList | ListItem,100,100,25,25,15,25,90,84,P3 保持监测,,,Высоковольтная твердотельная батарея для БПЛА FC-BT3 | N-TET Drone Accessories,Высоковольтная твердотельная батарея для БПЛА FC-BT3,Высоковольтная твердотельная батарея для БПЛА FC-BT3 Technical Specifications | Запросить решение и КП | Обзор | Технические характеристики | Запросить решение и КП | Связанные страницы,.next/server/app/ru/accessories/fc-bt3.html
/ru/accessories/fc-bt4,ru,accessory_detail,strong,85,Высокоэнергетическая твердотельная батарея для БПЛА FC-BT4,full_inventory,5416,4,1,6,25,24,0,198,196,Organization | ContactPoint | WebSite | Product | BreadcrumbList | ListItem,100,100,25,25,15,25,90,84,P3 保持监测,,,Высокоэнергетическая твердотельная батарея для БПЛА FC-BT4 | N-TET Drone Accessories,Высокоэнергетическая твердотельная батарея для БПЛА FC-BT4,Высокоэнергетическая твердотельная батарея для БПЛА FC-BT4 Technical Specifications | Запросить решение и КП | Обзор | Технические характеристики | Запросить решение и КП | Связанные страницы,.next/server/app/ru/accessories/fc-bt4.html
/ru/accessories/fc-btg,ru,accessory_detail,strong,85,Учебная твердотельная батарея для БПЛА FC-BTG,full_inventory,2676,0,1,6,25,24,0,198,196,Organization | ContactPoint | WebSite | Product | BreadcrumbList | ListItem,82,70,25,25,15,25,90,66,P2 建议增强,有效正文段落偏少,增加 3-6 个有信息量的段落，避免只靠卡片、导航和短摘要支撑页面,Учебная твердотельная батарея для БПЛА FC-BTG | N-TET Drone Accessories,Учебная твердотельная батарея для БПЛА FC-BTG,Учебная твердотельная батарея для БПЛА FC-BTG Technical Specifications | Запросить решение и КП | Обзор | Технические характеристики | Запросить решение и КП | Связанные страницы,.next/server/app/ru/accessories/fc-btg.html
/ru/accessories/fc-c2d-propeller,ru,accessory_detail,strong,85,Пропеллер БПЛА FC-C2D,full_inventory,1523,2,1,6,21,22,0,198,196,Organization | ContactPoint | WebSite | Product | BreadcrumbList | ListItem,91,90,25,25,15,25,90,75,P3 保持监测,有效正文段落偏少,增加 3-6 个有信息量的段落，避免只靠卡片、导航和短摘要支撑页面,Пропеллер БПЛА FC-C2D | N-TET Drone Accessories,Пропеллер БПЛА FC-C2D,Пропеллер БПЛА FC-C2D Technical Specifications | Запросить решение и КП | Обзор | Технические характеристики | Запросить решение и КП | Связанные страницы,.next/server/app/ru/accessories/fc-c2d-propeller.html
/ru/accessories/fc-c2e-propeller,ru,accessory_detail,strong,85,Пропеллер БПЛА FC-C2E,full_inventory,1461,2,1,6,21,22,0,198,196,Organization | ContactPoint | WebSite | Product | BreadcrumbList | ListItem,91,90,25,25,15,25,90,75,P3 保持监测,有效正文段落偏少,增加 3-6 个有信息量的段落，避免只靠卡片、导航和短摘要支撑页面,Пропеллер БПЛА FC-C2E | N-TET Drone Accessories,Пропеллер БПЛА FC-C2E,Пропеллер БПЛА FC-C2E Technical Specifications | Запросить решение и КП | Обзор | Технические характеристики | Запросить решение и КП | Связанные страницы,.next/server/app/ru/accessories/fc-c2e-propeller.html
/ru/accessories/fc-c2t-propeller,ru,accessory_detail,strong,85,Пропеллер БПЛА FC-C2T,full_inventory,1509,0,1,6,21,22,0,198,196,Organization | ContactPoint | WebSite | Product | BreadcrumbList | ListItem,82,70,25,25,15,25,90,66,P2 建议增强,有效正文段落偏少,增加 3-6 个有信息量的段落，避免只靠卡片、导航和短摘要支撑页面,Пропеллер БПЛА FC-C2T | N-TET Drone Accessories,Пропеллер БПЛА FC-C2T,Пропеллер БПЛА FC-C2T Technical Specifications | Запросить решение и КП | Обзор | Технические характеристики | Запросить решение и КП | Связанные страницы,.next/server/app/ru/accessories/fc-c2t-propeller.html
/ru/accessories/fc-c2u-propeller,ru,accessory_detail,strong,85,Пропеллер БПЛА FC-C2U,full_inventory,1499,0,1,6,21,22,0,198,196,Organization | ContactPoint | WebSite | Product | BreadcrumbList | ListItem,82,70,25,25,15,25,90,66,P2 建议增强,有效正文段落偏少,增加 3-6 个有信息量的段落，避免只靠卡片、导航和短摘要支撑页面,Пропеллер БПЛА FC-C2U | N-TET Drone Accessories,Пропеллер БПЛА FC-C2U,Пропеллер БПЛА FC-C2U Technical Specifications | Запросить решение и КП | Обзор | Технические характеристики | Запросить решение и КП | Связанные страницы,.next/server/app/ru/accessories/fc-c2u-propeller.html
/ru/accessories/fc-c2ud-propeller,ru,accessory_detail,strong,85,Пропеллер БПЛА FC-C2UD,full_inventory,1551,2,1,6,21,22,0,198,196,Organization | ContactPoint | WebSite | Product | BreadcrumbList | ListItem,91,90,25,25,15,25,90,75,P3 保持监测,有效正文段落偏少,增加 3-6 个有信息量的段落，避免只靠卡片、导航和短摘要支撑页面,Пропеллер БПЛА FC-C2UD | N-TET Drone Accessories,Пропеллер БПЛА FC-C2UD,Пропеллер БПЛА FC-C2UD Technical Specifications | Запросить решение и КП | Обзор | Технические характеристики | Запросить решение и КП | Связанные страницы,.next/server/app/ru/accessories/fc-c2ud-propeller.html
/ru/accessories/fc-fdj-111,ru,accessory_detail,strong,100,Двигатель БПЛА FC-FDJ-111,full_inventory,1297,0,1,6,20,22,0,198,196,Organization | ContactPoint | WebSite | Product | BreadcrumbList | ListItem,82,70,25,25,15,25,90,66,P2 建议增强,有效正文段落偏少,增加 3-6 个有信息量的段落，避免只靠卡片、导航和短摘要支撑页面,Двигатель БПЛА FC-FDJ-111 | N-TET Drone Accessories,Двигатель БПЛА FC-FDJ-111,Двигатель БПЛА FC-FDJ-111 Technical Specifications | Запросить решение и КП | Обзор | Технические характеристики | Запросить решение и КП | Связанные страницы,.next/server/app/ru/accessories/fc-fdj-111.html
/ru/accessories/fc-fdj-120,ru,accessory_detail,strong,100,Двигатель БПЛА FC-FDJ-120,full_inventory,1277,0,1,6,20,22,0,198,196,Organization | ContactPoint | WebSite | Product | BreadcrumbList | ListItem,82,70,25,25,15,25,90,66,P2 建议增强,有效正文段落偏少,增加 3-6 个有信息量的段落，避免只靠卡片、导航和短摘要支撑页面,Двигатель БПЛА FC-FDJ-120 | N-TET Drone Accessories,Двигатель БПЛА FC-FDJ-120,Двигатель БПЛА FC-FDJ-120 Technical Specifications | Запросить решение и КП | Обзор | Технические характеристики | Запросить решение и КП | Связанные страницы,.next/server/app/ru/accessories/fc-fdj-120.html
/ru/accessories/fc-fdj-120hd,ru,accessory_detail,strong,100,Двигатель БПЛА FC-FDJ-120HD,full_inventory,1241,0,1,6,20,22,0,198,196,Organization | ContactPoint | WebSite | Product | BreadcrumbList | ListItem,82,70,25,25,15,25,90,66,P2 建议增强,有效正文段落偏少,增加 3-6 个有信息量的段落，避免只靠卡片、导航和短摘要支撑页面,Двигатель БПЛА FC-FDJ-120HD | N-TET Drone Accessories,Двигатель БПЛА FC-FDJ-120HD,Двигатель БПЛА FC-FDJ-120HD Technical Specifications | Запросить решение и КП | Обзор | Технические характеристики | Запросить решение и КП | Связанные страницы,.next/server/app/ru/accessories/fc-fdj-120hd.html
/ru/accessories/fc-fdj-170,ru,accessory_detail,strong,100,Двигатель БПЛА FC-FDJ-170,full_inventory,1267,0,1,6,20,22,0,198,196,Organization | ContactPoint | WebSite | Product | BreadcrumbList | ListItem,82,70,25,25,15,25,90,66,P2 建议增强,有效正文段落偏少,增加 3-6 个有信息量的段落，避免只靠卡片、导航和短摘要支撑页面,Двигатель БПЛА FC-FDJ-170 | N-TET Drone Accessories,Двигатель БПЛА FC-FDJ-170,Двигатель БПЛА FC-FDJ-170 Technical Specifications | Запросить решение и КП | Обзор | Технические характеристики | Запросить решение и КП | Связанные страницы,.next/server/app/ru/accessories/fc-fdj-170.html
/ru/accessories/fc-fdj-200,ru,accessory_detail,strong,100,Двигатель БПЛА FC-FDJ-200,full_inventory,1253,0,1,6,20,22,0,198,196,Organization | ContactPoint | WebSite | Product | BreadcrumbList | ListItem,82,70,25,25,15,25,90,66,P2 建议增强,有效正文段落偏少,增加 3-6 个有信息量的段落，避免只靠卡片、导航和短摘要支撑页面,Двигатель БПЛА FC-FDJ-200 | N-TET Drone Accessories,Двигатель БПЛА FC-FDJ-200,Двигатель БПЛА FC-FDJ-200 Technical Specifications | Запросить решение и КП | Обзор | Технические характеристики | Запросить решение и КП | Связанные страницы,.next/server/app/ru/accessories/fc-fdj-200.html
/ru/accessories/fc-fdj-222,ru,accessory_detail,strong,100,Двигатель БПЛА FC-FDJ-222,full_inventory,1277,0,1,6,20,22,0,198,196,Organization | ContactPoint | WebSite | Product | BreadcrumbList | ListItem,82,70,25,25,15,25,90,66,P2 建议增强,有效正文段落偏少,增加 3-6 个有信息量的段落，避免只靠卡片、导航和短摘要支撑页面,Двигатель БПЛА FC-FDJ-222 | N-TET Drone Accessories,Двигатель БПЛА FC-FDJ-222,Двигатель БПЛА FC-FDJ-222 Technical Specifications | Запросить решение и КП | Обзор | Технические характеристики | Запросить решение и КП | Связанные страницы,.next/server/app/ru/accessories/fc-fdj-222.html
/ru/accessories/fc-fdj-430,ru,accessory_detail,strong,100,Двигатель БПЛА FC-FDJ-430,full_inventory,1429,2,1,6,20,22,0,198,196,Organization | ContactPoint | WebSite | Product | BreadcrumbList | ListItem,91,90,25,25,15,25,90,75,P3 保持监测,有效正文段落偏少,增加 3-6 个有信息量的段落，避免只靠卡片、导航和短摘要支撑页面,Двигатель БПЛА FC-FDJ-430 | N-TET Drone Accessories,Двигатель БПЛА FC-FDJ-430,Двигатель БПЛА FC-FDJ-430 Technical Specifications | Запросить решение и КП | Обзор | Технические характеристики | Запросить решение и КП | Связанные страницы,.next/server/app/ru/accessories/fc-fdj-430.html
/ru/accessories/fc-fdj-55,ru,accessory_detail,strong,100,Двигатель БПЛА FC-FDJ-55,full_inventory,1301,0,1,6,20,22,0,198,196,Organization | ContactPoint | WebSite | Product | BreadcrumbList | ListItem,82,70,25,25,15,25,90,66,P2 建议增强,有效正文段落偏少,增加 3-6 个有信息量的段落，避免只靠卡片、导航和短摘要支撑页面,Двигатель БПЛА FC-FDJ-55 | N-TET Drone Accessories,Двигатель БПЛА FC-FDJ-55,Двигатель БПЛА FC-FDJ-55 Technical Specifications | Запросить решение и КП | Обзор | Технические характеристики | Запросить решение и КП | Связанные страницы,.next/server/app/ru/accessories/fc-fdj-55.html
/ru/accessories/fc-fdj-60,ru,accessory_detail,strong,100,Двигатель БПЛА FC-FDJ-60,full_inventory,1277,0,1,6,20,22,0,198,196,Organization | ContactPoint | WebSite | Product | BreadcrumbList | ListItem,82,70,25,25,15,25,90,66,P2 建议增强,有效正文段落偏少,增加 3-6 个有信息量的段落，避免只靠卡片、导航和短摘要支撑页面,Двигатель БПЛА FC-FDJ-60 | N-TET Drone Accessories,Двигатель БПЛА FC-FDJ-60,Двигатель БПЛА FC-FDJ-60 Technical Specifications | Запросить решение и КП | Обзор | Технические характеристики | Запросить решение и КП | Связанные страницы,.next/server/app/ru/accessories/fc-fdj-60.html
/ru/accessories/fc-fdj-61,ru,accessory_detail,strong,100,Двигатель БПЛА FC-FDJ-61,full_inventory,1275,0,1,6,20,22,0,198,196,Organization | ContactPoint | WebSite | Product | BreadcrumbList | ListItem,82,70,25,25,15,25,90,66,P2 建议增强,有效正文段落偏少,增加 3-6 个有信息量的段落，避免只靠卡片、导航和短摘要支撑页面,Двигатель БПЛА FC-FDJ-61 | N-TET Drone Accessories,Двигатель БПЛА FC-FDJ-61,Двигатель БПЛА FC-FDJ-61 Technical Specifications | Запросить решение и КП | Обзор | Технические характеристики | Запросить решение и КП | Связанные страницы,.next/server/app/ru/accessories/fc-fdj-61.html
/ru/accessories/fc-fdj-70hd,ru,accessory_detail,strong,100,Двигатель БПЛА FC-FDJ-70HD,full_inventory,1243,0,1,6,20,22,0,198,196,Organization | ContactPoint | WebSite | Product | BreadcrumbList | ListItem,82,70,25,25,15,25,90,66,P2 建议增强,有效正文段落偏少,增加 3-6 个有信息量的段落，避免只靠卡片、导航和短摘要支撑页面,Двигатель БПЛА FC-FDJ-70HD | N-TET Drone Accessories,Двигатель БПЛА FC-FDJ-70HD,Двигатель БПЛА FC-FDJ-70HD Technical Specifications | Запросить решение и КП | Обзор | Технические характеристики | Запросить решение и КП | Связанные страницы,.next/server/app/ru/accessories/fc-fdj-70hd.html
/ru/accessories/fc-fdj-85,ru,accessory_detail,strong,100,Двигатель БПЛА FC-FDJ-85,full_inventory,1275,0,1,6,20,22,0,198,196,Organization | ContactPoint | WebSite | Product | BreadcrumbList | ListItem,82,70,25,25,15,25,90,66,P2 建议增强,有效正文段落偏少,增加 3-6 个有信息量的段落，避免只靠卡片、导航和短摘要支撑页面,Двигатель БПЛА FC-FDJ-85 | N-TET Drone Accessories,Двигатель БПЛА FC-FDJ-85,Двигатель БПЛА FC-FDJ-85 Technical Specifications | Запросить решение и КП | Обзор | Технические характеристики | Запросить решение и КП | Связанные страницы,.next/server/app/ru/accessories/fc-fdj-85.html
/ru/accessories/fc-l10tr-three-light-gimbal,ru,accessory_detail,strong,100,FC-L10TR электрооптический подвес,full_inventory,1763,2,1,6,18,22,0,198,196,Organization | ContactPoint | WebSite | Product | BreadcrumbList | ListItem,91,90,25,25,15,25,90,75,P3 保持监测,有效正文段落偏少,增加 3-6 个有信息量的段落，避免只靠卡片、导航和短摘要支撑页面,FC-L10TR электрооптический подвес | N-TET Drone Accessories,FC-L10TR электрооптический подвес,FC-L10TR электрооптический подвес Technical Specifications | Запросить решение и КП | Обзор | Технические характеристики | Запросить решение и КП | Связанные страницы,.next/server/app/ru/accessories/fc-l10tr-three-light-gimbal.html
/ru/accessories/fc-l40-smart-optical-pod,ru,accessory_detail,strong,100,FC-L40 электрооптический подвес,full_inventory,1615,2,1,6,18,22,0,198,196,Organization | ContactPoint | WebSite | Product | BreadcrumbList | ListItem,91,90,25,25,15,25,90,75,P3 保持监测,有效正文段落偏少,增加 3-6 个有信息量的段落，避免只靠卡片、导航和短摘要支撑页面,FC-L40 электрооптический подвес | N-TET Drone Accessories,FC-L40 электрооптический подвес,FC-L40 электрооптический подвес Technical Specifications | Запросить решение и КП | Обзор | Технические характеристики | Запросить решение и КП | Связанные страницы,.next/server/app/ru/accessories/fc-l40-smart-optical-pod.html
/ru/accessories/fc-l40t-dual-light-gimbal,ru,accessory_detail,strong,100,FC-L40T электрооптический подвес,full_inventory,1709,2,1,6,18,22,0,198,196,Organization | ContactPoint | WebSite | Product | BreadcrumbList | ListItem,91,90,25,25,15,25,90,75,P3 保持监测,有效正文段落偏少,增加 3-6 个有信息量的段落，避免只靠卡片、导航和短摘要支撑页面,FC-L40T электрооптический подвес | N-TET Drone Accessories,FC-L40T электрооптический подвес,FC-L40T электрооптический подвес Technical Specifications | Запросить решение и КП | Обзор | Технические характеристики | Запросить решение и КП | Связанные страницы,.next/server/app/ru/accessories/fc-l40t-dual-light-gimbal.html
/ru/accessories/fc-l40tr-smart-optical-pod,ru,accessory_detail,strong,100,FC-L40TR электрооптический подвес,full_inventory,1751,2,1,6,18,22,0,198,196,Organization | ContactPoint | WebSite | Product | BreadcrumbList | ListItem,91,90,25,25,15,25,90,75,P3 保持监测,有效正文段落偏少,增加 3-6 个有信息量的段落，避免只靠卡片、导航和短摘要支撑页面,FC-L40TR электрооптический подвес | N-TET Drone Accessories,FC-L40TR электрооптический подвес,FC-L40TR электрооптический подвес Technical Specifications | Запросить решение и КП | Обзор | Технические характеристики | Запросить решение и КП | Связанные страницы,.next/server/app/ru/accessories/fc-l40tr-smart-optical-pod.html
/ru/accessories/fc-l50-smart-optical-pod,ru,accessory_detail,strong,100,FC-L50 электрооптический подвес,full_inventory,1603,2,1,6,18,22,0,198,196,Organization | ContactPoint | WebSite | Product | BreadcrumbList | ListItem,91,90,25,25,15,25,90,75,P3 保持监测,有效正文段落偏少,增加 3-6 个有信息量的段落，避免只靠卡片、导航和短摘要支撑页面,FC-L50 электрооптический подвес | N-TET Drone Accessories,FC-L50 электрооптический подвес,FC-L50 электрооптический подвес Technical Specifications | Запросить решение и КП | Обзор | Технические характеристики | Запросить решение и КП | Связанные страницы,.next/server/app/ru/accessories/fc-l50-smart-optical-pod.html
/ru/accessories/fc-ln100-dual-light-gimbal,ru,accessory_detail,strong,100,FC-LN100 электрооптический подвес,full_inventory,1701,2,1,6,18,22,0,198,196,Organization | ContactPoint | WebSite | Product | BreadcrumbList | ListItem,91,90,25,25,15,25,90,75,P3 保持监测,有效正文段落偏少,增加 3-6 个有信息量的段落，避免只靠卡片、导航和短摘要支撑页面,FC-LN100 электрооптический подвес | N-TET Drone Accessories,FC-LN100 электрооптический подвес,FC-LN100 электрооптический подвес Technical Specifications | Запросить решение и КП | Обзор | Технические характеристики | Запросить решение и КП | Связанные страницы,.next/server/app/ru/accessories/fc-ln100-dual-light-gimbal.html
/ru/accessories/fc-ln95-dual-light-gimbal,ru,accessory_detail,strong,100,FC-LN95 электрооптический подвес,full_inventory,1777,2,1,6,18,22,0,198,196,Organization | ContactPoint | WebSite | Product | BreadcrumbList | ListItem,91,90,25,25,15,25,90,75,P3 保持监测,有效正文段落偏少,增加 3-6 个有信息量的段落，避免只靠卡片、导航和短摘要支撑页面,FC-LN95 электрооптический подвес | N-TET Drone Accessories,FC-LN95 электрооптический подвес,FC-LN95 электрооптический подвес Technical Specifications | Запросить решение и КП | Обзор | Технические характеристики | Запросить решение и КП | Связанные страницы,.next/server/app/ru/accessories/fc-ln95-dual-light-gimbal.html
/ru/accessories/fc-max-5330,ru,accessory_detail,strong,100,Двигатель БПЛА FC-MAX 5330,full_inventory,4690,0,1,6,23,22,0,198,196,Organization | ContactPoint | WebSite | Product | BreadcrumbList | ListItem,82,70,25,25,15,25,90,74,P2 建议增强,有效正文段落偏少,增加 3-6 个有信息量的段落，避免只靠卡片、导航和短摘要支撑页面,Двигатель БПЛА FC-MAX 5330 | N-TET Drone Accessories,Двигатель БПЛА FC-MAX 5330,Двигатель БПЛА FC-MAX 5330 Technical Specifications | Запросить решение и КП | Обзор | Технические характеристики | Запросить решение и КП | Связанные страницы,.next/server/app/ru/accessories/fc-max-5330.html
/ru/accessories/fc-mesh-100,ru,accessory_detail,strong,85,FC-Mesh-100 канал передачи данных БПЛА,full_inventory,1683,4,1,6,22,22,0,198,196,Organization | ContactPoint | WebSite | Product | BreadcrumbList | ListItem,100,100,25,25,15,25,90,84,P3 保持监测,,,FC-Mesh-100 канал передачи данных БПЛА | N-TET Drone Accessories,FC-Mesh-100 канал передачи данных БПЛА,FC-Mesh-100 канал передачи данных БПЛА Technical Specifications | Запросить решение и КП | Обзор | Технические характеристики | Запросить решение и КП | Связанные страницы,.next/server/app/ru/accessories/fc-mesh-100.html
/ru/accessories/fc-mini-l10tr-smart-optical-pod,ru,accessory_detail,strong,100,FC-MiniL10TR электрооптический подвес,full_inventory,1775,2,1,6,18,22,0,198,196,Organization | ContactPoint | WebSite | Product | BreadcrumbList | ListItem,91,90,25,25,15,25,90,75,P3 保持监测,有效正文段落偏少,增加 3-6 个有信息量的段落，避免只靠卡片、导航和短摘要支撑页面,FC-MiniL10TR электрооптический подвес | N-TET Drone Accessories,FC-MiniL10TR электрооптический подвес,FC-MiniL10TR электрооптический подвес Technical Specifications | Запросить решение и КП | Обзор | Технические характеристики | Запросить решение и КП | Связанные страницы,.next/server/app/ru/accessories/fc-mini-l10tr-smart-optical-pod.html
/ru/accessories/fc-pab-propeller,ru,accessory_detail,strong,85,Пропеллер БПЛА FC-PAB,full_inventory,1517,0,1,6,21,22,0,198,196,Organization | ContactPoint | WebSite | Product | BreadcrumbList | ListItem,82,70,25,25,15,25,90,66,P2 建议增强,有效正文段落偏少,增加 3-6 个有信息量的段落，避免只靠卡片、导航和短摘要支撑页面,Пропеллер БПЛА FC-PAB | N-TET Drone Accessories,Пропеллер БПЛА FC-PAB,Пропеллер БПЛА FC-PAB Technical Specifications | Запросить решение и КП | Обзор | Технические характеристики | Запросить решение и КП | Связанные страницы,.next/server/app/ru/accessories/fc-pab-propeller.html
/ru/accessories/fc-pad-propeller,ru,accessory_detail,strong,85,Пропеллер БПЛА FC-PAD,full_inventory,1513,0,1,6,21,22,0,198,196,Organization | ContactPoint | WebSite | Product | BreadcrumbList | ListItem,82,70,25,25,15,25,90,66,P2 建议增强,有效正文段落偏少,增加 3-6 个有信息量的段落，避免只靠卡片、导航和短摘要支撑页面,Пропеллер БПЛА FC-PAD | N-TET Drone Accessories,Пропеллер БПЛА FC-PAD,Пропеллер БПЛА FC-PAD Technical Specifications | Запросить решение и КП | Обзор | Технические характеристики | Запросить решение и КП | Связанные страницы,.next/server/app/ru/accessories/fc-pad-propeller.html
/ru/accessories/fc-pae-propeller,ru,accessory_detail,strong,85,Пропеллер БПЛА FC-PAE,full_inventory,1515,0,1,6,21,22,0,198,196,Organization | ContactPoint | WebSite | Product | BreadcrumbList | ListItem,82,70,25,25,15,25,90,66,P2 建议增强,有效正文段落偏少,增加 3-6 个有信息量的段落，避免只靠卡片、导航和短摘要支撑页面,Пропеллер БПЛА FC-PAE | N-TET Drone Accessories,Пропеллер БПЛА FC-PAE,Пропеллер БПЛА FC-PAE Technical Specifications | Запросить решение и КП | Обзор | Технические характеристики | Запросить решение и КП | Связанные страницы,.next/server/app/ru/accessories/fc-pae-propeller.html
/ru/accessories/fc-pbf-propeller,ru,accessory_detail,strong,85,Пропеллер БПЛА FC-PBF,full_inventory,1457,0,1,6,21,22,0,198,196,Organization | ContactPoint | WebSite | Product | BreadcrumbList | ListItem,82,70,25,25,15,25,90,66,P2 建议增强,有效正文段落偏少,增加 3-6 个有信息量的段落，避免只靠卡片、导航和短摘要支撑页面,Пропеллер БПЛА FC-PBF | N-TET Drone Accessories,Пропеллер БПЛА FC-PBF,Пропеллер БПЛА FC-PBF Technical Specifications | Запросить решение и КП | Обзор | Технические характеристики | Запросить решение и КП | Связанные страницы,.next/server/app/ru/accessories/fc-pbf-propeller.html
/ru/accessories/fc-rm10x,ru,accessory_detail,strong,100,Двигатель БПЛА FC-RM10X,full_inventory,2023,0,1,6,23,22,0,198,196,Organization | ContactPoint | WebSite | Product | BreadcrumbList | ListItem,82,70,25,25,15,25,90,66,P2 建议增强,有效正文段落偏少,增加 3-6 个有信息量的段落，避免只靠卡片、导航和短摘要支撑页面,Двигатель БПЛА FC-RM10X | N-TET Drone Accessories,Двигатель БПЛА FC-RM10X,Двигатель БПЛА FC-RM10X Technical Specifications | Запросить решение и КП | Обзор | Технические характеристики | Запросить решение и КП | Связанные страницы,.next/server/app/ru/accessories/fc-rm10x.html
/ru/accessories/fc-rm30,ru,accessory_detail,strong,100,Двигатель БПЛА FC-RM30,full_inventory,5385,0,1,6,23,22,0,198,196,Organization | ContactPoint | WebSite | Product | BreadcrumbList | ListItem,82,70,25,25,15,25,90,74,P2 建议增强,有效正文段落偏少,增加 3-6 个有信息量的段落，避免只靠卡片、导航和短摘要支撑页面,Двигатель БПЛА FC-RM30 | N-TET Drone Accessories,Двигатель БПЛА FC-RM30,Двигатель БПЛА FC-RM30 Technical Specifications | Запросить решение и КП | Обзор | Технические характеристики | Запросить решение и КП | Связанные страницы,.next/server/app/ru/accessories/fc-rm30.html
/ru/accessories/fc-sjl-100,ru,accessory_detail,strong,85,FC-SJL-100 канал передачи данных БПЛА,full_inventory,1557,4,1,6,22,22,0,198,196,Organization | ContactPoint | WebSite | Product | BreadcrumbList | ListItem,100,100,25,25,15,25,90,84,P3 保持监测,,,FC-SJL-100 канал передачи данных БПЛА | N-TET Drone Accessories,FC-SJL-100 канал передачи данных БПЛА,FC-SJL-100 канал передачи данных БПЛА Technical Specifications | Запросить решение и КП | Обзор | Технические характеристики | Запросить решение и КП | Связанные страницы,.next/server/app/ru/accessories/fc-sjl-100.html
/ru/accessories/fc-sjl-200,ru,accessory_detail,strong,85,FC-SJL-200 канал передачи данных БПЛА,full_inventory,1561,4,1,6,22,22,0,198,196,Organization | ContactPoint | WebSite | Product | BreadcrumbList | ListItem,100,100,25,25,15,25,90,84,P3 保持监测,,,FC-SJL-200 канал передачи данных БПЛА | N-TET Drone Accessories,FC-SJL-200 канал передачи данных БПЛА,FC-SJL-200 канал передачи данных БПЛА Technical Specifications | Запросить решение и КП | Обзор | Технические характеристики | Запросить решение и КП | Связанные страницы,.next/server/app/ru/accessories/fc-sjl-200.html
/ru/accessories/fc-sjl-30,ru,accessory_detail,strong,85,FC-SJL-30 канал передачи данных БПЛА,full_inventory,1603,4,1,6,22,22,0,198,196,Organization | ContactPoint | WebSite | Product | BreadcrumbList | ListItem,100,100,25,25,15,25,90,84,P3 保持监测,,,FC-SJL-30 канал передачи данных БПЛА | N-TET Drone Accessories,FC-SJL-30 канал передачи данных БПЛА,FC-SJL-30 канал передачи данных БПЛА Technical Specifications | Запросить решение и КП | Обзор | Технические характеристики | Запросить решение и КП | Связанные страницы,.next/server/app/ru/accessories/fc-sjl-30.html
/ru/accessories/fc-sjl-380,ru,accessory_detail,strong,85,FC-SJL-380 канал передачи данных БПЛА,full_inventory,1567,4,1,6,22,22,0,198,196,Organization | ContactPoint | WebSite | Product | BreadcrumbList | ListItem,100,100,25,25,15,25,90,84,P3 保持监测,,,FC-SJL-380 канал передачи данных БПЛА | N-TET Drone Accessories,FC-SJL-380 канал передачи данных БПЛА,FC-SJL-380 канал передачи данных БПЛА Technical Specifications | Запросить решение и КП | Обзор | Технические характеристики | Запросить решение и КП | Связанные страницы,.next/server/app/ru/accessories/fc-sjl-380.html
/ru/accessories/fc-sjl-50,ru,accessory_detail,strong,85,FC-SJL-50 канал передачи данных БПЛА,full_inventory,1595,4,1,6,22,22,0,198,196,Organization | ContactPoint | WebSite | Product | BreadcrumbList | ListItem,100,100,25,25,15,25,90,84,P3 保持监测,,,FC-SJL-50 канал передачи данных БПЛА | N-TET Drone Accessories,FC-SJL-50 канал передачи данных БПЛА,FC-SJL-50 канал передачи данных БПЛА Technical Specifications | Запросить решение и КП | Обзор | Технические характеристики | Запросить решение и КП | Связанные страницы,.next/server/app/ru/accessories/fc-sjl-50.html
/ru/accessories/fc-u10-pro,ru,accessory_detail,strong,85,Полетный контроллер FC-U10-PRO,full_inventory,1309,2,1,6,20,22,0,198,196,Organization | ContactPoint | WebSite | Product | BreadcrumbList | ListItem,91,90,25,25,15,25,90,75,P3 保持监测,有效正文段落偏少,增加 3-6 个有信息量的段落，避免只靠卡片、导航和短摘要支撑页面,Полетный контроллер FC-U10-PRO | N-TET Drone Accessories,Полетный контроллер FC-U10-PRO,Полетный контроллер FC-U10-PRO Technical Specifications | Запросить решение и КП | Обзор | Технические характеристики | Запросить решение и КП | Связанные страницы,.next/server/app/ru/accessories/fc-u10-pro.html
/ru/accessories/fc-u110,ru,accessory_detail,strong,100,Двигатель БПЛА FC-U110,full_inventory,5109,0,1,6,23,22,0,198,196,Organization | ContactPoint | WebSite | Product | BreadcrumbList | ListItem,82,70,25,25,15,25,90,74,P2 建议增强,有效正文段落偏少,增加 3-6 个有信息量的段落，避免只靠卡片、导航和短摘要支撑页面,Двигатель БПЛА FC-U110 | N-TET Drone Accessories,Двигатель БПЛА FC-U110,Двигатель БПЛА FC-U110 Technical Specifications | Запросить решение и КП | Обзор | Технические характеристики | Запросить решение и КП | Связанные страницы,.next/server/app/ru/accessories/fc-u110.html
/ru/accessories/fc-u12,ru,accessory_detail,strong,85,Полетный контроллер FC-U12,full_inventory,1305,2,1,6,20,22,0,198,196,Organization | ContactPoint | WebSite | Product | BreadcrumbList | ListItem,91,90,25,25,15,25,90,75,P3 保持监测,有效正文段落偏少,增加 3-6 个有信息量的段落，避免只靠卡片、导航和短摘要支撑页面,Полетный контроллер FC-U12 | N-TET Drone Accessories,Полетный контроллер FC-U12,Полетный контроллер FC-U12 Technical Specifications | Запросить решение и КП | Обзор | Технические характеристики | Запросить решение и КП | Связанные страницы,.next/server/app/ru/accessories/fc-u12.html
/ru/accessories/fc-u8013,ru,accessory_detail,strong,100,Двигатель БПЛА FC-U8013,full_inventory,1709,0,1,6,22,22,0,198,196,Organization | ContactPoint | WebSite | Product | BreadcrumbList | ListItem,82,70,25,25,15,25,90,66,P2 建议增强,有效正文段落偏少,增加 3-6 个有信息量的段落，避免只靠卡片、导航和短摘要支撑页面,Двигатель БПЛА FC-U8013 | N-TET Drone Accessories,Двигатель БПЛА FC-U8013,Двигатель БПЛА FC-U8013 Technical Specifications | Запросить решение и КП | Обзор | Технические характеристики | Запросить решение и КП | Связанные страницы,.next/server/app/ru/accessories/fc-u8013.html
/ru/accessories/fc-u9-ag,ru,accessory_detail,strong,85,Аграрный полетный контроллер FC-U9-AG,full_inventory,1372,2,1,6,20,22,0,198,196,Organization | ContactPoint | WebSite | Product | BreadcrumbList | ListItem,91,90,25,25,15,25,90,75,P3 保持监测,有效正文段落偏少,增加 3-6 个有信息量的段落，避免只靠卡片、导航和短摘要支撑页面,Аграрный полетный контроллер FC-U9-AG | N-TET Drone Accessories,Аграрный полетный контроллер FC-U9-AG,Аграрный полетный контроллер FC-U9-AG Technical Specifications | Запросить решение и КП | Обзор | Технические характеристики | Запросить решение и КП | Связанные страницы,.next/server/app/ru/accessories/fc-u9-ag.html
/ru/accessories/fc-w2u-propeller,ru,accessory_detail,strong,85,Пропеллер БПЛА FC-W2U,full_inventory,1397,0,1,6,21,22,0,198,196,Organization | ContactPoint | WebSite | Product | BreadcrumbList | ListItem,82,70,25,25,15,25,90,66,P2 建议增强,有效正文段落偏少,增加 3-6 个有信息量的段落，避免只靠卡片、导航和短摘要支撑页面,Пропеллер БПЛА FC-W2U | N-TET Drone Accessories,Пропеллер БПЛА FC-W2U,Пропеллер БПЛА FC-W2U Technical Specifications | Запросить решение и КП | Обзор | Технические характеристики | Запросить решение и КП | Связанные страницы,.next/server/app/ru/accessories/fc-w2u-propeller.html
/ru/accessories/fc-x8030,ru,accessory_detail,strong,100,Двигатель БПЛА FC-X8030,full_inventory,4273,0,1,6,23,22,0,198,196,Organization | ContactPoint | WebSite | Product | BreadcrumbList | ListItem,82,70,25,25,15,25,90,66,P2 建议增强,有效正文段落偏少,增加 3-6 个有信息量的段落，避免只靠卡片、导航和短摘要支撑页面,Двигатель БПЛА FC-X8030 | N-TET Drone Accessories,Двигатель БПЛА FC-X8030,Двигатель БПЛА FC-X8030 Technical Specifications | Запросить решение и КП | Обзор | Технические характеристики | Запросить решение и КП | Связанные страницы,.next/server/app/ru/accessories/fc-x8030.html
/ru/accessories/fc-xh14,ru,accessory_detail,strong,100,Двигатель БПЛА FC-XH14,full_inventory,2421,0,1,6,23,22,0,198,196,Organization | ContactPoint | WebSite | Product | BreadcrumbList | ListItem,82,70,25,25,15,25,90,66,P2 建议增强,有效正文段落偏少,增加 3-6 个有信息量的段落，避免只靠卡片、导航和短摘要支撑页面,Двигатель БПЛА FC-XH14 | N-TET Drone Accessories,Двигатель БПЛА FC-XH14,Двигатель БПЛА FC-XH14 Technical Specifications | Запросить решение и КП | Обзор | Технические характеристики | Запросить решение и КП | Связанные страницы,.next/server/app/ru/accessories/fc-xh14.html
/ru/accessories/fc-yk15-remote-controller,ru,accessory_detail,strong,85,Пульт управления БПЛА FC-YK15,full_inventory,1548,2,1,6,24,22,0,198,196,Organization | ContactPoint | WebSite | Product | BreadcrumbList | ListItem,91,90,25,25,15,25,90,75,P3 保持监测,有效正文段落偏少,增加 3-6 个有信息量的段落，避免只靠卡片、导航和短摘要支撑页面,Пульт управления БПЛА FC-YK15 | N-TET Drone Accessories,Пульт управления БПЛА FC-YK15,Пульт управления БПЛА FC-YK15 Technical Specifications | Запросить решение и КП | Обзор | Технические характеристики | Запросить решение и КП | Связанные страницы,.next/server/app/ru/accessories/fc-yk15-remote-controller.html
/ru/accessories/fc-yk24-remote-controller,ru,accessory_detail,strong,85,Пульт управления БПЛА FC-YK24,full_inventory,1738,2,1,6,24,22,0,198,196,Organization | ContactPoint | WebSite | Product | BreadcrumbList | ListItem,91,90,25,25,15,25,90,75,P3 保持监测,有效正文段落偏少,增加 3-6 个有信息量的段落，避免只靠卡片、导航和短摘要支撑页面,Пульт управления БПЛА FC-YK24 | N-TET Drone Accessories,Пульт управления БПЛА FC-YK24,Пульт управления БПЛА FC-YK24 Technical Specifications | Запросить решение и КП | Обзор | Технические характеристики | Запросить решение и КП | Связанные страницы,.next/server/app/ru/accessories/fc-yk24-remote-controller.html
/ru/accessories/fc-yk32-remote-controller,ru,accessory_detail,strong,85,Пульт управления БПЛА FC-YK32,full_inventory,1548,2,1,6,24,22,0,198,196,Organization | ContactPoint | WebSite | Product | BreadcrumbList | ListItem,91,90,25,25,15,25,90,75,P3 保持监测,有效正文段落偏少,增加 3-6 个有信息量的段落，避免只靠卡片、导航和短摘要支撑页面,Пульт управления БПЛА FC-YK32 | N-TET Drone Accessories,Пульт управления БПЛА FC-YK32,Пульт управления БПЛА FC-YK32 Technical Specifications | Запросить решение и КП | Обзор | Технические характеристики | Запросить решение и КП | Связанные страницы,.next/server/app/ru/accessories/fc-yk32-remote-controller.html
/ru/accessories/fc-ykrc7-remote-controller,ru,accessory_detail,strong,85,Пульт управления БПЛА FC-YKRC7,full_inventory,1974,2,1,6,24,22,0,198,196,Organization | ContactPoint | WebSite | Product | BreadcrumbList | ListItem,91,90,25,25,15,25,90,75,P3 保持监测,有效正文段落偏少,增加 3-6 个有信息量的段落，避免只靠卡片、导航和短摘要支撑页面,Пульт управления БПЛА FC-YKRC7 | N-TET Drone Accessories,Пульт управления БПЛА FC-YKRC7,Пульт управления БПЛА FC-YKRC7 Technical Specifications | Запросить решение и КП | Обзор | Технические характеристики | Запросить решение и КП | Связанные страницы,.next/server/app/ru/accessories/fc-ykrc7-remote-controller.html
/ru/cases,ru,case_list,strong,100,кейсы БПЛА,high_value_ru,1164,1,1,3,35,38,0,207,205,Organization | ContactPoint | WebSite,87,75,20,12,15,21,68,39,P1 需要补内容,有效正文段落偏少,增加 3-6 个有信息量的段落，避免只靠卡片、导航和短摘要支撑页面,Кейсы БПЛА для инспекции и мониторинга | N-TET,Кейсы БПЛА для инспекции и мониторинга,Кейсы БПЛА по регионам и сценариям | Запросить решение и КП | Запросить решение и КП,.next/server/app/ru/cases.html
/ru/cases/anhui-flood-season-uav-patrol,ru,case_detail,strong,100,Аварийный паводковый патруль БПЛА в Аньхое,full_inventory,1231,2,1,7,22,26,0,202,200,Organization | ContactPoint | WebSite | Article | BreadcrumbList | ListItem,91,90,20,17,20,25,82,61,P2 建议增强,有效正文段落偏少; 文章/案例缺少明显日期信号,增加 3-6 个有信息量的段落，避免只靠卡片、导航和短摘要支撑页面; 补充发布日期或最后更新时间，提升可信度与 freshness,Аварийный паводковый патруль БПЛА в Аньхое | N-TET,Аварийный паводковый патруль БПЛА в Аньхое,Аварийный паводковый патруль БПЛА в Аньхое Project Overview | Связанное оборудование | Запросить решение и КП | Обзор | Связанное оборудование | Запросить решение и КП | Связанные страницы,.next/server/app/ru/cases/anhui-flood-season-uav-patrol.html
/ru/cases/brazil-refinery-low-altitude-monitoring,ru,case_detail,strong,85,Проект защиты нефтеперерабатывающего завода в Бразилии от БПЛА,full_inventory,1245,2,1,7,26,30,0,206,204,Organization | ContactPoint | WebSite | Article | BreadcrumbList | ListItem,91,90,20,17,20,25,82,61,P2 建议增强,有效正文段落偏少; 文章/案例缺少明显日期信号,增加 3-6 个有信息量的段落，避免只靠卡片、导航和短摘要支撑页面; 补充发布日期或最后更新时间，提升可信度与 freshness,Проект защиты нефтеперерабатывающего завода в Бразилии от БПЛА | N-TET,Проект защиты нефтеперерабатывающего завода в Бразилии от БПЛА,Проект защиты нефтеперерабатывающего завода в Бразилии от БПЛА Project Overview | Связанное оборудование | Запросить решение и КП | Обзор | Связанное оборудование | Запросить решение и КП | Связанные страницы,.next/server/app/ru/cases/brazil-refinery-low-altitude-monitoring.html
/ru/cases/ice-snow-emergency-uav-inspection,ru,case_detail,strong,100,Аварийная инспекция БПЛА при снеголедовых бедствиях,full_inventory,1337,2,1,7,22,26,0,202,200,Organization | ContactPoint | WebSite | Article | BreadcrumbList | ListItem,91,90,25,17,20,25,87,75,P3 保持监测,有效正文段落偏少; 文章/案例缺少明显日期信号,增加 3-6 个有信息量的段落，避免只靠卡片、导航和短摘要支撑页面; 补充发布日期或最后更新时间，提升可信度与 freshness,Аварийная инспекция БПЛА при снеголедовых бедствиях | N-TET,Аварийная инспекция БПЛА при снеголедовых бедствиях,Аварийная инспекция БПЛА при снеголедовых бедствиях Project Overview | Связанное оборудование | Запросить решение и КП | Обзор | Связанное оборудование | Запросить решение и КП | Связанные страницы,.next/server/app/ru/cases/ice-snow-emergency-uav-inspection.html
/ru/cases/lidar-tree-obstruction-uav-inspection,ru,case_detail,strong,100,Инспекция древесных помех с LiDAR-БПЛА,full_inventory,1224,2,1,7,22,30,0,202,200,Organization | ContactPoint | WebSite | Article | BreadcrumbList | ListItem,91,90,20,17,20,25,82,61,P2 建议增强,有效正文段落偏少; 文章/案例缺少明显日期信号,增加 3-6 个有信息量的段落，避免只靠卡片、导航和短摘要支撑页面; 补充发布日期或最后更新时间，提升可信度与 freshness,Инспекция древесных помех с LiDAR-БПЛА | N-TET,Инспекция древесных помех с LiDAR-БПЛА,Инспекция древесных помех с LiDAR-БПЛА Project Overview | Связанное оборудование | Запросить решение и КП | Обзор | Связанное оборудование | Запросить решение и КП | Связанные страницы,.next/server/app/ru/cases/lidar-tree-obstruction-uav-inspection.html
/ru/cases/nigeria-factory-low-altitude-monitoring,ru,case_detail,strong,85,Защита промышленного комплекса в Нигерии от БПЛА,full_inventory,1224,2,1,7,26,30,0,206,204,Organization | ContactPoint | WebSite | Article | BreadcrumbList | ListItem,91,90,20,17,20,25,82,61,P2 建议增强,有效正文段落偏少; 文章/案例缺少明显日期信号,增加 3-6 个有信息量的段落，避免只靠卡片、导航和短摘要支撑页面; 补充发布日期或最后更新时间，提升可信度与 freshness,Защита промышленного комплекса в Нигерии от БПЛА | N-TET,Защита промышленного комплекса в Нигерии от БПЛА,Защита промышленного комплекса в Нигерии от БПЛА Project Overview | Связанное оборудование | Запросить решение и КП | Обзор | Связанное оборудование | Запросить решение и КП | Связанные страницы,.next/server/app/ru/cases/nigeria-factory-low-altitude-monitoring.html
/ru/cases/pakistan-power-plant-low-altitude-monitoring,ru,case_detail,strong,85,Проект защиты электростанции в Пакистане от БПЛА,full_inventory,1256,2,1,7,26,30,0,206,204,Organization | ContactPoint | WebSite | Article | BreadcrumbList | ListItem,91,90,20,17,20,25,82,61,P2 建议增强,有效正文段落偏少; 文章/案例缺少明显日期信号,增加 3-6 个有信息量的段落，避免只靠卡片、导航和短摘要支撑页面; 补充发布日期或最后更新时间，提升可信度与 freshness,Проект защиты электростанции в Пакистане от БПЛА | N-TET,Проект защиты электростанции в Пакистане от БПЛА,Проект защиты электростанции в Пакистане от БПЛА Project Overview | Связанное оборудование | Запросить решение и КП | Обзор | Связанное оборудование | Запросить решение и КП | Связанные страницы,.next/server/app/ru/cases/pakistan-power-plant-low-altitude-monitoring.html
/ru/cases/southern-grid-wildfire-uav-inspection,ru,case_detail,strong,100,Пожарно-профилактическая инспекция Southern Grid с БПЛА,full_inventory,1285,2,1,7,22,26,0,202,200,Organization | ContactPoint | WebSite | Article | BreadcrumbList | ListItem,91,90,25,17,20,25,87,75,P3 保持监测,有效正文段落偏少; 文章/案例缺少明显日期信号,增加 3-6 个有信息量的段落，避免只靠卡片、导航和短摘要支撑页面; 补充发布日期或最后更新时间，提升可信度与 freshness,Пожарно-профилактическая инспекция Southern Grid с БПЛА | N-TET,Пожарно-профилактическая инспекция Southern Grid с БПЛА,Пожарно-профилактическая инспекция Southern Grid с БПЛА Project Overview | Связанное оборудование | Запросить решение и КП | Обзор | Связанное оборудование | Запросить решение и КП | Связанные страницы,.next/server/app/ru/cases/southern-grid-wildfire-uav-inspection.html
/ru/cases/wildfire-emergency-transmission-line-uav-patrol,ru,case_detail,strong,100,Аварийный пожарный патруль ЛЭП с БПЛА,full_inventory,1341,4,1,7,22,26,0,202,200,Organization | ContactPoint | WebSite | Article | BreadcrumbList | ListItem,100,100,20,17,20,25,82,70,P2 建议增强,文章/案例缺少明显日期信号,补充发布日期或最后更新时间，提升可信度与 freshness,Аварийный пожарный патруль ЛЭП с БПЛА | N-TET,Аварийный пожарный патруль ЛЭП с БПЛА,Аварийный пожарный патруль ЛЭП с БПЛА Project Overview | Связанное оборудование | Запросить решение и КП | Обзор | Связанное оборудование | Запросить решение и КП | Связанные страницы,.next/server/app/ru/cases/wildfire-emergency-transmission-line-uav-patrol.html
/ru/cases/zhaoqing-long-distance-power-line-uav-inspection,ru,case_detail,strong,100,Дальняя инспекция ЛЭП с БПЛА в Чжаоцине,full_inventory,1326,2,1,7,22,34,0,202,200,Organization | ContactPoint | WebSite | Article | BreadcrumbList | ListItem,91,90,25,17,20,25,87,75,P3 保持监测,有效正文段落偏少; 文章/案例缺少明显日期信号,增加 3-6 个有信息量的段落，避免只靠卡片、导航和短摘要支撑页面; 补充发布日期或最后更新时间，提升可信度与 freshness,Дальняя инспекция ЛЭП с БПЛА в Чжаоцине | N-TET,Дальняя инспекция ЛЭП с БПЛА в Чжаоцине,Дальняя инспекция ЛЭП с БПЛА в Чжаоцине Project Overview | Связанное оборудование | Запросить решение и КП | Обзор | Связанное оборудование | Запросить решение и КП | Связанные страницы,.next/server/app/ru/cases/zhaoqing-long-distance-power-line-uav-inspection.html
/ru/contact,ru,contact,strong,100,запрос цены на промышленный БПЛА,high_value_ru,1085,1,1,3,20,20,0,191,189,Organization | ContactPoint | WebSite,87,75,20,12,15,21,68,39,P1 需要补内容,有效正文段落偏少,增加 3-6 个有信息量的段落，避免只靠卡片、导航和短摘要支撑页面,Запрос цены на промышленный БПЛА | N-TET,Запрос цены на промышленный БПЛА,Запрос цены на промышленный БПЛА и консультация | Запросить решение и КП | Запросить решение и КП,.next/server/app/ru/contact.html
/ru/media,ru,media_list,strong,100,новости промышленных БПЛА,high_value_ru,1191,1,1,4,28,31,0,200,198,Organization | ContactPoint | WebSite,87,75,20,12,15,21,68,39,P1 需要补内容,有效正文段落偏少,增加 3-6 个有信息量的段落，避免只靠卡片、导航和短摘要支撑页面,Новости промышленных БПЛА | N-TET,Новости промышленных БПЛА,Новости промышленных БПЛА и низковысотной экономики | Последнее | Запросить решение и КП | Запросить решение и КП,.next/server/app/ru/media.html
/ru/media/border-surveillance-uav-network-2026,ru,media_article,partial,70,Сети БПЛА и EO/IR улучшают обзорность удаленного патрулирования,partial_keyword_page,1304,9,1,5,20,22,0,198,196,Organization | ContactPoint | WebSite | Article | BreadcrumbList | ListItem,93,95,20,25,20,25,90,78,P3 保持监测,缺少页面类型应有证据：hasStats; 媒体文章缺少作者/编辑责任信号,按页面类型补齐证据模块，而不是继续堆关键词; 增加作者、编辑或 N-TET 技术团队署名及审核说明,Сети БПЛА и EO/IR улучшают обзорность удаленного патрулирования | N-TET,Сети БПЛА и EO/IR улучшают обзорность удаленного патрулирования,Редакционная проверка и проектные сигналы | Запросить решение и КП | Редакционная проверка и проектные сигналы | Запросить решение и КП | Связанные страницы,.next/server/app/ru/media/border-surveillance-uav-network-2026.html
/ru/media/industrial-uav-redundancy-2026,ru,media_article,partial,70,Двойное резервирование управления полетом: как промышленные БПЛА достигают надежности миссионного уровня,partial_keyword_page,1338,9,1,5,20,22,0,198,196,Organization | ContactPoint | WebSite | Article | BreadcrumbList | ListItem,93,95,20,17,20,25,82,78,P3 保持监测,缺少页面类型应有证据：hasStats; 媒体文章缺少作者/编辑责任信号,按页面类型补齐证据模块，而不是继续堆关键词; 增加作者、编辑或 N-TET 技术团队署名及审核说明,Двойное резервирование управления полетом: как промышленные БПЛА достигают надежности миссионного уровня | N-TET,Двойное резервирование управления полетом: как промышленные БПЛА достигают надежности миссионного уровня,Редакционная проверка и проектные сигналы | Запросить решение и КП | Редакционная проверка и проектные сигналы | Запросить решение и КП | Связанные страницы,.next/server/app/ru/media/industrial-uav-redundancy-2026.html
/ru/media/low-altitude-economy-2026-outlook,ru,media_article,partial,70,Экономика малых высот Китая: прогноз на 2026 год с оборотом в 2 трлн юаней,partial_keyword_page,1350,9,1,5,20,22,0,198,196,Organization | ContactPoint | WebSite | Article | BreadcrumbList | ListItem,93,95,20,17,20,25,82,78,P3 保持监测,缺少页面类型应有证据：hasStats; 媒体文章缺少作者/编辑责任信号,按页面类型补齐证据模块，而不是继续堆关键词; 增加作者、编辑或 N-TET 技术团队署名及审核说明,Экономика малых высот Китая: прогноз на 2026 год с оборотом в 2 трлн юаней | N-TET,Экономика малых высот Китая: прогноз на 2026 год с оборотом в 2 трлн юаней,Редакционная проверка и проектные сигналы | Запросить решение и КП | Редакционная проверка и проектные сигналы | Запросить решение и КП | Связанные страницы,.next/server/app/ru/media/low-altitude-economy-2026-outlook.html
/ru/media/power-line-inspection-drone-guide-2026,ru,media_article,strong,85,Power Line Inspection Drone: UAV Workflows for Utility Corridors and Transmission Towers,full_inventory,4269,49,1,23,28,22,0,210,208,Organization | ContactPoint | WebSite | Article | BreadcrumbList | ListItem,100,100,25,25,20,25,95,100,P3 保持监测,,,Power Line Inspection Drone: UAV Workflows for Utility Corridors and Transmission Towers | N-TET,Power Line Inspection Drone: UAV Workflows for Utility Corridors and Transmission Towers,"Редакционная проверка и проектные сигналы | What is a power line inspection drone? | Why utilities use drones for power line inspection | Power line drone inspection workflow | Which UAV platform fits each inspection task? | Payload selection: visible-light, thermal infrared, and LiDAR | What should a utility inspection report include? | N-TET system fit: corridor, tower, and substation inspection",.next/server/app/ru/media/power-line-inspection-drone-guide-2026.html
/ru/media/tethered-uav-persistent-surveillance-2026,ru,media_article,partial,70,Привязные БПЛА: непрерывное воздушное наблюдение для мероприятий и удаленных объектов,partial_keyword_page,1354,9,1,5,20,22,0,198,196,Organization | ContactPoint | WebSite | Article | BreadcrumbList | ListItem,93,95,20,25,20,25,90,78,P3 保持监测,缺少页面类型应有证据：hasStats; 媒体文章缺少作者/编辑责任信号,按页面类型补齐证据模块，而不是继续堆关键词; 增加作者、编辑或 N-TET 技术团队署名及审核说明,Привязные БПЛА: непрерывное воздушное наблюдение для мероприятий и удаленных объектов | N-TET,Привязные БПЛА: непрерывное воздушное наблюдение для мероприятий и удаленных объектов,Редакционная проверка и проектные сигналы | Запросить решение и КП | Редакционная проверка и проектные сигналы | Запросить решение и КП | Связанные страницы,.next/server/app/ru/media/tethered-uav-persistent-surveillance-2026.html
/ru/products,ru,product_list,strong,100,промышленные БПЛА,high_value_ru,1218,8,1,4,46,41,0,209,207,Organization | ContactPoint | WebSite,100,100,25,20,15,21,81,74,P2 建议增强,,,Промышленные БПЛА и оборудование мониторинга | N-TET,Промышленные БПЛА и оборудование мониторинга,"промышленные БПЛА, оборудование мониторинга и соответствие проекту | БПЛА и беспилотные системы | FAQ по выбору продуктов | Запросить решение и КП",.next/server/app/ru/products.html
/ru/products/bailey-bridge,ru,product_detail,strong,100,Стальной модульный мост Бейли,high_value_ru,1457,0,1,6,18,22,0,198,196,Organization | ContactPoint | WebSite | Product | BreadcrumbList | ListItem,82,70,20,25,15,25,85,52,P1 需要补内容,有效正文段落偏少; 缺少 FAQ / 采购问题解答模块,增加 3-6 个有信息量的段落，避免只靠卡片、导航和短摘要支撑页面; 增加 3-5 个真实采购/部署问题，提升长尾覆盖和 AI 引用可读性,Стальной модульный мост Бейли | N-TET,Стальной модульный мост Бейли,Стальной модульный мост Бейли Technical Specifications | Запросить решение и КП | Обзор | Технические характеристики | Запросить решение и КП | Связанные страницы,.next/server/app/ru/products/bailey-bridge.html
/ru/products/composite-electro-optical-tracking-system,ru,product_detail,strong,100,Оптико-электронная система обнаружения и слежения ОЭС,full_inventory,1585,0,1,6,18,22,0,198,196,Organization | ContactPoint | WebSite | Product | BreadcrumbList | ListItem,82,70,20,25,15,25,85,52,P1 需要补内容,有效正文段落偏少; 缺少 FAQ / 采购问题解答模块,增加 3-6 个有信息量的段落，避免只靠卡片、导航和短摘要支撑页面; 增加 3-5 个真实采购/部署问题，提升长尾覆盖和 AI 引用可读性,Оптико-электронная система обнаружения и слежения (ОЭС) | N-TET,Оптико-электронная система обнаружения и слежения ОЭС,Оптико-электронная система обнаружения и слежения ОЭС Technical Specifications | Запросить решение и КП | Обзор | Технические характеристики | Запросить решение и КП | Связанные страницы,.next/server/app/ru/products/composite-electro-optical-tracking-system.html
/ru/products/containerized-medical-rescue-system,ru,product_detail,strong,100,Контейнерная система медицинской помощи,full_inventory,1387,0,1,6,18,22,0,198,196,Organization | ContactPoint | WebSite | Product | BreadcrumbList | ListItem,82,70,20,25,15,25,85,52,P1 需要补内容,有效正文段落偏少; 缺少 FAQ / 采购问题解答模块,增加 3-6 个有信息量的段落，避免只靠卡片、导航和短摘要支撑页面; 增加 3-5 个真实采购/部署问题，提升长尾覆盖和 AI 引用可读性,Контейнерная система медицинской помощи | N-TET,Контейнерная система медицинской помощи,Контейнерная система медицинской помощи Technical Specifications | Запросить решение и КП | Обзор | Технические характеристики | Запросить решение и КП | Связанные страницы,.next/server/app/ru/products/containerized-medical-rescue-system.html
/ru/products/emergency-search-rescue-drone,ru,product_detail,strong,100,thermal drones for search and rescue,full_inventory,1755,4,1,6,22,24,0,198,196,Organization | ContactPoint | WebSite | Product | BreadcrumbList | ListItem,100,100,25,25,15,25,90,84,P3 保持监测,缺少 FAQ / 采购问题解答模块,增加 3-5 个真实采购/部署问题，提升长尾覆盖和 AI 引用可读性,БПЛА для аварийного поиска и спасения | N-TET,БПЛА для аварийного поиска и спасения,БПЛА для аварийного поиска и спасения Technical Specifications | Запросить решение и КП | Обзор | Технические характеристики | Запросить решение и КП | Связанные страницы,.next/server/app/ru/products/emergency-search-rescue-drone.html
/ru/products/fbg-g15-fc06-explosion-containment-vessel,ru,product_detail,strong,100,Взрывозащитный контейнер FBG-G1.5-FC06,full_inventory,1515,0,1,6,18,22,0,198,196,Organization | ContactPoint | WebSite | Product | BreadcrumbList | ListItem,82,70,20,25,15,25,85,52,P1 需要补内容,有效正文段落偏少; 缺少 FAQ / 采购问题解答模块,增加 3-6 个有信息量的段落，避免只靠卡片、导航和短摘要支撑页面; 增加 3-5 个真实采购/部署问题，提升长尾覆盖和 AI 引用可读性,Взрывозащитный контейнер FBG-G1.5-FC06 | N-TET,Взрывозащитный контейнер FBG-G1.5-FC06,Взрывозащитный контейнер FBG-G1.5-FC06 Technical Specifications | Запросить решение и КП | Обзор | Технические характеристики | Запросить решение и КП | Связанные страницы,.next/server/app/ru/products/fbg-g15-fc06-explosion-containment-vessel.html
/ru/products/fbt-fc09-explosion-protection-blanket,ru,product_detail,strong,100,Взрывозащитное одеяло FBT-FC09,full_inventory,1466,0,1,6,18,22,0,198,196,Organization | ContactPoint | WebSite | Product | BreadcrumbList | ListItem,82,70,20,25,15,25,85,52,P1 需要补内容,有效正文段落偏少; 缺少 FAQ / 采购问题解答模块,增加 3-6 个有信息量的段落，避免只靠卡片、导航和短摘要支撑页面; 增加 3-5 个真实采购/部署问题，提升长尾覆盖和 AI 引用可读性,Взрывозащитное одеяло FBT-FC09 | N-TET,Взрывозащитное одеяло FBT-FC09,Взрывозащитное одеяло FBT-FC09 Technical Specifications | Запросить решение и КП | Обзор | Технические характеристики | Запросить решение и КП | Связанные страницы,.next/server/app/ru/products/fbt-fc09-explosion-protection-blanket.html
/ru/products/fc-3000-ferromagnetic-detection-column,ru,product_detail,strong,100,Интеллектуальная система ферромагнитного детектирования FC-3000,full_inventory,1482,0,1,6,18,22,0,198,196,Organization | ContactPoint | WebSite | Product | BreadcrumbList | ListItem,82,70,25,25,15,25,90,66,P2 建议增强,有效正文段落偏少; 缺少 FAQ / 采购问题解答模块,增加 3-6 个有信息量的段落，避免只靠卡片、导航和短摘要支撑页面; 增加 3-5 个真实采购/部署问题，提升长尾覆盖和 AI 引用可读性,Интеллектуальная система ферромагнитного детектирования FC-3000 | N-TET,Интеллектуальная система ферромагнитного детектирования FC-3000,Интеллектуальная система ферромагнитного детектирования FC-3000 Technical Specifications | Запросить решение и КП | Обзор | Технические характеристики | Запросить решение и КП | Связанные страницы,.next/server/app/ru/products/fc-3000-ferromagnetic-detection-column.html
/ru/products/fc-c-deluxe-walk-through-metal-detector,ru,product_detail,strong,100,Арочный металлодетектор FC-C Делюкс,full_inventory,1539,0,1,6,18,22,0,198,196,Organization | ContactPoint | WebSite | Product | BreadcrumbList | ListItem,82,70,25,25,15,25,90,66,P2 建议增强,有效正文段落偏少; 缺少 FAQ / 采购问题解答模块,增加 3-6 个有信息量的段落，避免只靠卡片、导航和短摘要支撑页面; 增加 3-5 个真实采购/部署问题，提升长尾覆盖和 AI 引用可读性,Арочный металлодетектор FC-C (Делюкс) | N-TET,Арочный металлодетектор FC-C Делюкс,Арочный металлодетектор FC-C Делюкс Technical Specifications | Запросить решение и КП | Обзор | Технические характеристики | Запросить решение и КП | Связанные страницы,.next/server/app/ru/products/fc-c-deluxe-walk-through-metal-detector.html
/ru/products/fc-c-lcd-walk-through-metal-detector,ru,product_detail,strong,100,Арочный металлодетектор FC-C ЖК-экран,full_inventory,1543,0,1,6,18,22,0,198,196,Organization | ContactPoint | WebSite | Product | BreadcrumbList | ListItem,82,70,20,25,15,25,85,52,P1 需要补内容,有效正文段落偏少; 缺少 FAQ / 采购问题解答模块,增加 3-6 个有信息量的段落，避免只靠卡片、导航和短摘要支撑页面; 增加 3-5 个真实采购/部署问题，提升长尾覆盖和 AI 引用可读性,"Арочный металлодетектор FC-C (ЖК-экран, 12 зон) | N-TET","Арочный металлодетектор FC-C ЖК-экран, 12 зон","Арочный металлодетектор FC-C ЖК-экран, 12 зон Technical Specifications | Запросить решение и КП | Обзор | Технические характеристики | Запросить решение и КП | Связанные страницы",.next/server/app/ru/products/fc-c-lcd-walk-through-metal-detector.html
/ru/products/fc-dlxj-01-power-grid-inspection-drone,ru,product_detail,partial,70,drone power line inspection,partial_keyword_page,1429,0,1,6,18,22,0,198,196,Organization | ContactPoint | WebSite | Product | BreadcrumbList | ListItem,82,70,25,25,15,25,90,66,P1 需要补内容,有效正文段落偏少; 缺少 FAQ / 采购问题解答模块,增加 3-6 个有信息量的段落，避免只靠卡片、导航和短摘要支撑页面; 增加 3-5 个真实采购/部署问题，提升长尾覆盖和 AI 引用可读性,БПЛА для инспекции электросетей FC-DLXJ-01 (VTOL) | N-TET,БПЛА для инспекции электросетей FC-DLXJ-01 VTOL,БПЛА для инспекции электросетей FC-DLXJ-01 VTOL Technical Specifications | Запросить решение и КП | Обзор | Технические характеристики | Запросить решение и КП | Связанные страницы,.next/server/app/ru/products/fc-dlxj-01-power-grid-inspection-drone.html
/ru/products/fc-dma-long-range-optical-turntable,ru,product_detail,strong,100,Мультиспектральная оптико-электронная поворотная платформа FC-DMA,full_inventory,2210,0,1,6,18,22,0,198,196,Organization | ContactPoint | WebSite | Product | BreadcrumbList | ListItem,82,70,25,25,15,25,90,66,P2 建议增强,有效正文段落偏少; 缺少 FAQ / 采购问题解答模块,增加 3-6 个有信息量的段落，避免只靠卡片、导航和短摘要支撑页面; 增加 3-5 个真实采购/部署问题，提升长尾覆盖和 AI 引用可读性,Мультиспектральная оптико-электронная поворотная платформа FC-DMA | N-TET,Мультиспектральная оптико-электронная поворотная платформа FC-DMA,Мультиспектральная оптико-электронная поворотная платформа FC-DMA Technical Specifications | Запросить решение и КП | Обзор | Технические характеристики | Запросить решение и КП | Связанные страницы,.next/server/app/ru/products/fc-dma-long-range-optical-turntable.html
/ru/products/fc-dms10-smart-electronic-sentinel,ru,product_detail,strong,100,Интеллектуальный электронный часовой серии FC-DMS10,full_inventory,1766,0,1,6,18,22,0,198,196,Organization | ContactPoint | WebSite | Product | BreadcrumbList | ListItem,82,70,25,25,15,25,90,66,P2 建议增强,有效正文段落偏少; 缺少 FAQ / 采购问题解答模块,增加 3-6 个有信息量的段落，避免只靠卡片、导航和短摘要支撑页面; 增加 3-5 个真实采购/部署问题，提升长尾覆盖和 AI 引用可读性,Интеллектуальный электронный часовой серии FC-DMS10 | N-TET,Интеллектуальный электронный часовой серии FC-DMS10,Интеллектуальный электронный часовой серии FC-DMS10 Technical Specifications | Запросить решение и КП | Обзор | Технические характеристики | Запросить решение и КП | Связанные страницы,.next/server/app/ru/products/fc-dms10-smart-electronic-sentinel.html
/ru/products/fc-dtvc-dual-band-thermal-ptz,ru,product_detail,strong,100,Двухспектральная тепловизионная скоростная купольная камера FC-DTVC,full_inventory,1949,0,1,6,18,22,0,198,196,Organization | ContactPoint | WebSite | Product | BreadcrumbList | ListItem,82,70,25,25,15,25,90,66,P2 建议增强,有效正文段落偏少; 缺少 FAQ / 采购问题解答模块,增加 3-6 个有信息量的段落，避免只靠卡片、导航和短摘要支撑页面; 增加 3-5 个真实采购/部署问题，提升长尾覆盖和 AI 引用可读性,Двухспектральная тепловизионная скоростная купольная камера FC-DTVC | N-TET,Двухспектральная тепловизионная скоростная купольная камера FC-DTVC,Двухспектральная тепловизионная скоростная купольная камера FC-DTVC Technical Specifications | Запросить решение и КП | Обзор | Технические характеристики | Запросить решение и КП | Связанные страницы,.next/server/app/ru/products/fc-dtvc-dual-band-thermal-ptz.html
/ru/products/fc-h-smart-phone-detection-gate,ru,product_detail,strong,100,Интеллектуальная рамка обнаружения смартфонов FC-H,full_inventory,2058,0,1,6,18,22,0,198,196,Organization | ContactPoint | WebSite | Product | BreadcrumbList | ListItem,82,70,25,25,15,25,90,66,P2 建议增强,有效正文段落偏少; 缺少 FAQ / 采购问题解答模块,增加 3-6 个有信息量的段落，避免只靠卡片、导航和短摘要支撑页面; 增加 3-5 个真实采购/部署问题，提升长尾覆盖和 AI 引用可读性,Интеллектуальная рамка обнаружения смартфонов FC-H | N-TET,Интеллектуальная рамка обнаружения смартфонов FC-H,Интеллектуальная рамка обнаружения смартфонов FC-H Technical Specifications | Запросить решение и КП | Обзор | Технические характеристики | Запросить решение и КП | Связанные страницы,.next/server/app/ru/products/fc-h-smart-phone-detection-gate.html
/ru/products/fc-h-smart-phone-detection-gate-29in,ru,product_detail,strong,100,Интеллектуальная рамка для обнаружения мобильных телефонов FC-H 29 дюймов,full_inventory,1574,0,1,6,18,22,0,198,196,Organization | ContactPoint | WebSite | Product | BreadcrumbList | ListItem,82,70,20,25,15,25,85,52,P1 需要补内容,有效正文段落偏少; 缺少 FAQ / 采购问题解答模块,增加 3-6 个有信息量的段落，避免只靠卡片、导航和短摘要支撑页面; 增加 3-5 个真实采购/部署问题，提升长尾覆盖和 AI 引用可读性,Интеллектуальная рамка для обнаружения мобильных телефонов FC-H (29 дюймов) | N-TET,Интеллектуальная рамка для обнаружения мобильных телефонов FC-H 29 дюймов,Интеллектуальная рамка для обнаружения мобильных телефонов FC-H 29 дюймов Technical Specifications | Запросить решение и КП | Обзор | Технические характеристики | Запросить решение и КП | Связанные страницы,.next/server/app/ru/products/fc-h-smart-phone-detection-gate-29in.html
/ru/products/fc-pd500-personal-radiation-dose-alarm,ru,product_detail,strong,100,Индивидуальный сигнализатор дозы X-γ излучения FC-PD500,full_inventory,1635,0,1,6,18,22,0,198,196,Organization | ContactPoint | WebSite | Product | BreadcrumbList | ListItem,82,70,25,25,15,25,90,66,P2 建议增强,有效正文段落偏少; 缺少 FAQ / 采购问题解答模块,增加 3-6 个有信息量的段落，避免只靠卡片、导航和短摘要支撑页面; 增加 3-5 个真实采购/部署问题，提升长尾覆盖和 AI 引用可读性,Индивидуальный сигнализатор дозы X-γ излучения FC-PD500 | N-TET,Индивидуальный сигнализатор дозы X-γ излучения FC-PD500,Индивидуальный сигнализатор дозы X-γ излучения FC-PD500 Technical Specifications | Запросить решение и КП | Обзор | Технические характеристики | Запросить решение и КП | Связанные страницы,.next/server/app/ru/products/fc-pd500-personal-radiation-dose-alarm.html
/ru/products/fc-rc-series-hd-laser-camera,ru,product_detail,strong,100,Лазерная HD-камера дальнего действия серии FC-RC,full_inventory,1955,0,1,6,18,22,0,198,196,Organization | ContactPoint | WebSite | Product | BreadcrumbList | ListItem,82,70,25,25,15,25,90,66,P2 建议增强,有效正文段落偏少; 缺少 FAQ / 采购问题解答模块,增加 3-6 个有信息量的段落，避免只靠卡片、导航和短摘要支撑页面; 增加 3-5 个真实采购/部署问题，提升长尾覆盖和 AI 引用可读性,Лазерная HD-камера дальнего действия серии FC-RC | N-TET,Лазерная HD-камера дальнего действия серии FC-RC,Лазерная HD-камера дальнего действия серии FC-RC Technical Specifications | Запросить решение и КП | Обзор | Технические характеристики | Запросить решение и КП | Связанные страницы,.next/server/app/ru/products/fc-rc-series-hd-laser-camera.html
/ru/products/fc-rds500-4r-radar-vision-sentinel,ru,product_detail,strong,100,Интеллектуальная система Radar-Vision Fusion FC-RDS500-4R,full_inventory,2018,0,1,6,18,22,0,198,196,Organization | ContactPoint | WebSite | Product | BreadcrumbList | ListItem,82,70,25,25,15,25,90,66,P2 建议增强,有效正文段落偏少; 缺少 FAQ / 采购问题解答模块,增加 3-6 个有信息量的段落，避免只靠卡片、导航和短摘要支撑页面; 增加 3-5 个真实采购/部署问题，提升长尾覆盖和 AI 引用可读性,Интеллектуальная система Radar-Vision Fusion FC-RDS500-4R | N-TET,Интеллектуальная система Radar-Vision Fusion FC-RDS500-4R,Интеллектуальная система Radar-Vision Fusion FC-RDS500-4R Technical Specifications | Запросить решение и КП | Обзор | Технические характеристики | Запросить решение и КП | Связанные страницы,.next/server/app/ru/products/fc-rds500-4r-radar-vision-sentinel.html
/ru/products/fc-sljc-01-water-conservancy-monitoring-drone,ru,product_detail,strong,100,water conservancy monitoring UAV,full_inventory,1802,6,1,6,24,36,0,198,196,Organization | ContactPoint | WebSite | Product | BreadcrumbList | ListItem,100,100,25,25,15,25,90,84,P3 保持监测,缺少 FAQ / 采购问题解答模块,增加 3-5 个真实采购/部署问题，提升长尾覆盖和 AI 引用可读性,БПЛА для мониторинга водного хозяйства | N-TET,БПЛА для мониторинга водного хозяйства,БПЛА для мониторинга водного хозяйства Technical Specifications | Запросить решение и КП | Обзор | Технические характеристики | Запросить решение и КП | Связанные страницы,.next/server/app/ru/products/fc-sljc-01-water-conservancy-monitoring-drone.html
/ru/products/fc-smart-swing-turnstile,ru,product_detail,strong,100,Интеллектуальный турникет-калитку класса люкс,full_inventory,1589,0,1,6,18,22,0,198,196,Organization | ContactPoint | WebSite | Product | BreadcrumbList | ListItem,82,70,20,25,15,25,85,52,P1 需要补内容,有效正文段落偏少; 缺少 FAQ / 采购问题解答模块,增加 3-6 个有信息量的段落，避免只靠卡片、导航和短摘要支撑页面; 增加 3-5 个真实采购/部署问题，提升长尾覆盖和 AI 引用可读性,Интеллектуальный турникет-калитку класса люкс | N-TET,Интеллектуальный турникет-калитку класса люкс,Интеллектуальный турникет-калитку класса люкс Technical Specifications | Запросить решение и КП | Обзор | Технические характеристики | Запросить решение и КП | Связанные страницы,.next/server/app/ru/products/fc-smart-swing-turnstile.html
/ru/products/fc-ttvc-intelligent-multi-band-camera,ru,product_detail,strong,100,Интеллектуальная мультиспектральная камера серии FC-TTVC,full_inventory,1876,0,1,6,18,22,0,198,196,Organization | ContactPoint | WebSite | Product | BreadcrumbList | ListItem,82,70,25,25,15,25,90,66,P2 建议增强,有效正文段落偏少; 缺少 FAQ / 采购问题解答模块,增加 3-6 个有信息量的段落，避免只靠卡片、导航和短摘要支撑页面; 增加 3-5 个真实采购/部署问题，提升长尾覆盖和 AI 引用可读性,Интеллектуальная мультиспектральная камера серии FC-TTVC | N-TET,Интеллектуальная мультиспектральная камера серии FC-TTVC,Интеллектуальная мультиспектральная камера серии FC-TTVC Technical Specifications | Запросить решение и КП | Обзор | Технические характеристики | Запросить решение и КП | Связанные страницы,.next/server/app/ru/products/fc-ttvc-intelligent-multi-band-camera.html
/ru/products/fc-yjtx-01-emergency-communication-drone,ru,product_detail,strong,100,emergency communication UAV,high_value_ru,2848,4,1,6,20,44,0,198,196,Organization | ContactPoint | WebSite | Product | BreadcrumbList | ListItem,100,100,25,25,15,25,90,84,P3 保持监测,缺少 FAQ / 采购问题解答模块,增加 3-5 个真实采购/部署问题，提升长尾覆盖和 AI 引用可读性,Привязной БПЛА для аварийной связи | N-TET,Привязной БПЛА для аварийной связи,Привязной БПЛА для аварийной связи Technical Specifications | Запросить решение и КП | Обзор | Технические характеристики | Запросить решение и КП | Связанные страницы,.next/server/app/ru/products/fc-yjtx-01-emergency-communication-drone.html
/ru/products/fc-yjxf-01-aerial-firefighting-drone,ru,product_detail,strong,100,firefighting drone,high_value_ru,2909,8,1,6,20,46,0,198,196,Organization | ContactPoint | WebSite | Product | BreadcrumbList | ListItem,100,100,25,25,15,25,90,84,P3 保持监测,缺少 FAQ / 采购问题解答模块,增加 3-5 个真实采购/部署问题，提升长尾覆盖和 AI 引用可读性,Привязной БПЛА для тушения высотных пожаров | N-TET,Привязной БПЛА для тушения высотных пожаров,Привязной БПЛА для тушения высотных пожаров Technical Specifications | Запросить решение и КП | Обзор | Технические характеристики | Запросить решение и КП | Связанные страницы,.next/server/app/ru/products/fc-yjxf-01-aerial-firefighting-drone.html
/ru/products/fc-yjzc-01-emergency-reconnaissance-drone,ru,product_detail,strong,100,search and rescue drone,full_inventory,1440,0,1,6,18,22,0,198,196,Organization | ContactPoint | WebSite | Product | BreadcrumbList | ListItem,82,70,25,25,15,25,90,66,P2 建议增强,有效正文段落偏少; 缺少 FAQ / 采购问题解答模块,增加 3-6 个有信息量的段落，避免只靠卡片、导航和短摘要支撑页面; 增加 3-5 个真实采购/部署问题，提升长尾覆盖和 AI 引用可读性,БПЛА для экстренного реагирования и разведки FC-YJZC-01 | N-TET,БПЛА для экстренного реагирования и разведки FC-YJZC-01,БПЛА для экстренного реагирования и разведки FC-YJZC-01 Technical Specifications | Запросить решение и КП | Обзор | Технические характеристики | Запросить решение и КП | Связанные страницы,.next/server/app/ru/products/fc-yjzc-01-emergency-reconnaissance-drone.html
/ru/products/fc-yjzm-01-emergency-lighting-drone,ru,product_detail,strong,100,drone lighting,high_value_ru,2481,4,1,6,20,42,0,198,196,Organization | ContactPoint | WebSite | Product | BreadcrumbList | ListItem,100,100,25,25,15,25,90,84,P3 保持监测,缺少 FAQ / 采购问题解答模块,增加 3-5 个真实采购/部署问题，提升长尾覆盖和 AI 引用可读性,Привязной БПЛА для освещения | N-TET,Привязной БПЛА для освещения,Привязной БПЛА для освещения Technical Specifications | Запросить решение и КП | Обзор | Технические характеристики | Запросить решение и КП | Связанные страницы,.next/server/app/ru/products/fc-yjzm-01-emergency-lighting-drone.html
/ru/products/fc-yqxj-01-utility-inspection-drone,ru,product_detail,partial,70,pipeline inspection drones,partial_keyword_page,1441,0,1,6,18,22,0,198,196,Organization | ContactPoint | WebSite | Product | BreadcrumbList | ListItem,82,70,25,25,15,25,90,66,P1 需要补内容,有效正文段落偏少; 缺少 FAQ / 采购问题解答模块,增加 3-6 个有信息量的段落，避免只靠卡片、导航和短摘要支撑页面; 增加 3-5 个真实采购/部署问题，提升长尾覆盖和 AI 引用可读性,БПЛА для инспекции нефтегазопроводов FC-YQXJ-01 (VTOL) | N-TET,БПЛА для инспекции нефтегазопроводов FC-YQXJ-01 VTOL,БПЛА для инспекции нефтегазопроводов FC-YQXJ-01 VTOL Technical Specifications | Запросить решение и КП | Обзор | Технические характеристики | Запросить решение и КП | Связанные страницы,.next/server/app/ru/products/fc-yqxj-01-utility-inspection-drone.html
/ru/products/fc1500-handheld-liquid-detector,ru,product_detail,strong,100,Портативный детектор опасных жидкостей FC1500,full_inventory,1514,0,1,6,18,22,0,198,196,Organization | ContactPoint | WebSite | Product | BreadcrumbList | ListItem,82,70,20,25,15,25,85,52,P1 需要补内容,有效正文段落偏少; 缺少 FAQ / 采购问题解答模块,增加 3-6 个有信息量的段落，避免只靠卡片、导航和短摘要支撑页面; 增加 3-5 个真实采购/部署问题，提升长尾覆盖和 AI 引用可读性,Портативный детектор опасных жидкостей FC1500 | N-TET,Портативный детектор опасных жидкостей FC1500,Портативный детектор опасных жидкостей FC1500 Technical Specifications | Запросить решение и КП | Обзор | Технические характеристики | Запросить решение и КП | Связанные страницы,.next/server/app/ru/products/fc1500-handheld-liquid-detector.html
/ru/products/fc1500b-desktop-liquid-security-inspector,ru,product_detail,strong,100,Настольный детектор опасных жидкостей FC1500B,full_inventory,1528,0,1,6,18,22,0,198,196,Organization | ContactPoint | WebSite | Product | BreadcrumbList | ListItem,82,70,20,25,15,25,85,52,P1 需要补内容,有效正文段落偏少; 缺少 FAQ / 采购问题解答模块,增加 3-6 个有信息量的段落，避免只靠卡片、导航和短摘要支撑页面; 增加 3-5 个真实采购/部署问题，提升长尾覆盖和 AI 引用可读性,Настольный детектор опасных жидкостей FC1500B | N-TET,Настольный детектор опасных жидкостей FC1500B,Настольный детектор опасных жидкостей FC1500B Technical Specifications | Запросить решение и КП | Обзор | Технические характеристики | Запросить решение и КП | Связанные страницы,.next/server/app/ru/products/fc1500b-desktop-liquid-security-inspector.html
/ru/products/fc1800b-portable-explosives-and-narcotics-detector,ru,product_detail,strong,100,Портативный детектор следов взрывчатых веществ и наркотиков FC1800B,full_inventory,1491,0,1,6,18,22,0,198,196,Organization | ContactPoint | WebSite | Product | BreadcrumbList | ListItem,82,70,20,25,15,25,85,52,P1 需要补内容,有效正文段落偏少; 缺少 FAQ / 采购问题解答模块,增加 3-6 个有信息量的段落，避免只靠卡片、导航和短摘要支撑页面; 增加 3-5 个真实采购/部署问题，提升长尾覆盖和 AI 引用可读性,Портативный детектор следов взрывчатых веществ и наркотиков FC1800B | N-TET,Портативный детектор следов взрывчатых веществ и наркотиков FC1800B,Портативный детектор следов взрывчатых веществ и наркотиков FC1800B Technical Specifications | Запросить решение и КП | Обзор | Технические характеристики | Запросить решение и КП | Связанные страницы,.next/server/app/ru/products/fc1800b-portable-explosives-and-narcotics-detector.html
/ru/products/fc1800t-desktop-explosives-narcotics-detector,ru,product_detail,strong,100,Настольный детектор следов взрывчатых веществ и наркотиков FC1800T,full_inventory,1501,0,1,6,18,22,0,198,196,Organization | ContactPoint | WebSite | Product | BreadcrumbList | ListItem,82,70,20,25,15,25,85,52,P1 需要补内容,有效正文段落偏少; 缺少 FAQ / 采购问题解答模块,增加 3-6 个有信息量的段落，避免只靠卡片、导航和短摘要支撑页面; 增加 3-5 个真实采购/部署问题，提升长尾覆盖和 AI 引用可读性,Настольный детектор следов взрывчатых веществ и наркотиков FC1800T | N-TET,Настольный детектор следов взрывчатых веществ и наркотиков FC1800T,Настольный детектор следов взрывчатых веществ и наркотиков FC1800T Technical Specifications | Запросить решение и КП | Обзор | Технические характеристики | Запросить решение и КП | Связанные страницы,.next/server/app/ru/products/fc1800t-desktop-explosives-narcotics-detector.html
/ru/products/fc2088-handheld-metal-detector,ru,product_detail,strong,100,Ручной металлодетектор FC2088,full_inventory,1450,0,1,6,18,22,0,198,196,Organization | ContactPoint | WebSite | Product | BreadcrumbList | ListItem,82,70,20,25,15,25,85,52,P1 需要补内容,有效正文段落偏少; 缺少 FAQ / 采购问题解答模块,增加 3-6 个有信息量的段落，避免只靠卡片、导航和短摘要支撑页面; 增加 3-5 个真实采购/部署问题，提升长尾覆盖和 AI 引用可读性,Ручной металлодетектор FC2088 | N-TET,Ручной металлодетектор FC2088,Ручной металлодетектор FC2088 Technical Specifications | Запросить решение и КП | Обзор | Технические характеристики | Запросить решение и КП | Связанные страницы,.next/server/app/ru/products/fc2088-handheld-metal-detector.html
/ru/products/fc4028-neutron-ambient-dose-rate-meter,ru,product_detail,strong,100,Измеритель мощности амбиентного эквивалента дозы нейтронного излучения FC4028,full_inventory,1983,0,1,6,18,22,0,198,196,Organization | ContactPoint | WebSite | Product | BreadcrumbList | ListItem,82,70,25,25,15,25,90,66,P2 建议增强,有效正文段落偏少; 缺少 FAQ / 采购问题解答模块,增加 3-6 个有信息量的段落，避免只靠卡片、导航和短摘要支撑页面; 增加 3-5 个真实采购/部署问题，提升长尾覆盖和 AI 引用可读性,Измеритель мощности амбиентного эквивалента дозы нейтронного излучения FC4028 | N-TET,Измеритель мощности амбиентного эквивалента дозы нейтронного излучения FC4028,Измеритель мощности амбиентного эквивалента дозы нейтронного излучения FC4028 Technical Specifications | Запросить решение и КП | Обзор | Технические характеристики | Запросить решение и КП | Связанные страницы,.next/server/app/ru/products/fc4028-neutron-ambient-dose-rate-meter.html
/ru/products/fc5030-compact-x-ray-baggage-scanner,ru,product_detail,strong,100,Малогабаритный рентгенотелевизионный интроскоп FC5030,full_inventory,1545,0,1,6,18,22,0,198,196,Organization | ContactPoint | WebSite | Product | BreadcrumbList | ListItem,82,70,20,25,15,25,85,52,P1 需要补内容,有效正文段落偏少; 缺少 FAQ / 采购问题解答模块,增加 3-6 个有信息量的段落，避免只靠卡片、导航和短摘要支撑页面; 增加 3-5 个真实采购/部署问题，提升长尾覆盖和 AI 引用可读性,Малогабаритный рентгенотелевизионный интроскоп FC5030 | N-TET,Малогабаритный рентгенотелевизионный интроскоп FC5030,Малогабаритный рентгенотелевизионный интроскоп FC5030 Technical Specifications | Запросить решение и КП | Обзор | Технические характеристики | Запросить решение и КП | Связанные страницы,.next/server/app/ru/products/fc5030-compact-x-ray-baggage-scanner.html
/ru/products/fc6550-standard-x-ray-baggage-scanner,ru,product_detail,strong,100,Рентгенотелевизионная установка FC6550 Стандартная,full_inventory,1449,0,1,6,18,22,0,198,196,Organization | ContactPoint | WebSite | Product | BreadcrumbList | ListItem,82,70,20,25,15,25,85,52,P1 需要补内容,有效正文段落偏少; 缺少 FAQ / 采购问题解答模块,增加 3-6 个有信息量的段落，避免只靠卡片、导航和短摘要支撑页面; 增加 3-5 个真实采购/部署问题，提升长尾覆盖和 AI 引用可读性,Рентгенотелевизионная установка FC6550 (Стандартная) | N-TET,Рентгенотелевизионная установка FC6550 Стандартная,Рентгенотелевизионная установка FC6550 Стандартная Technical Specifications | Запросить решение и КП | Обзор | Технические характеристики | Запросить решение и КП | Связанные страницы,.next/server/app/ru/products/fc6550-standard-x-ray-baggage-scanner.html
/ru/products/fc6550d-dual-view-baggage-scanner,ru,product_detail,strong,100,Двухпроекционный рентгеновский интроскоп FC6550D,full_inventory,1569,0,1,6,18,22,0,198,196,Organization | ContactPoint | WebSite | Product | BreadcrumbList | ListItem,82,70,20,25,15,25,85,52,P1 需要补内容,有效正文段落偏少; 缺少 FAQ / 采购问题解答模块,增加 3-6 个有信息量的段落，避免只靠卡片、导航和短摘要支撑页面; 增加 3-5 个真实采购/部署问题，提升长尾覆盖和 AI 引用可读性,Двухпроекционный рентгеновский интроскоп FC6550D | N-TET,Двухпроекционный рентгеновский интроскоп FC6550D,Двухпроекционный рентгеновский интроскоп FC6550D Technical Specifications | Запросить решение и КП | Обзор | Технические характеристики | Запросить решение и КП | Связанные страницы,.next/server/app/ru/products/fc6550d-dual-view-baggage-scanner.html
/ru/products/fc902-personal-radiation-dose-alarm,ru,product_detail,strong,100,Индивидуальный сигнализатор дозы рентгеновского и гамма-излучения FC902,full_inventory,1640,0,1,6,18,22,0,198,196,Organization | ContactPoint | WebSite | Product | BreadcrumbList | ListItem,82,70,25,25,15,25,90,66,P2 建议增强,有效正文段落偏少; 缺少 FAQ / 采购问题解答模块,增加 3-6 个有信息量的段落，避免只靠卡片、导航和短摘要支撑页面; 增加 3-5 个真实采购/部署问题，提升长尾覆盖和 AI 引用可读性,Индивидуальный сигнализатор дозы рентгеновского и гамма-излучения FC902 | N-TET,Индивидуальный сигнализатор дозы рентгеновского и гамма-излучения FC902,Индивидуальный сигнализатор дозы рентгеновского и гамма-излучения FC902 Technical Specifications | Запросить решение и КП | Обзор | Технические характеристики | Запросить решение и КП | Связанные страницы,.next/server/app/ru/products/fc902-personal-radiation-dose-alarm.html
/ru/products/handheld-rf-detection-system-mini,ru,product_detail,strong,100,Малогабаритный переносной радиочастотный обнаружитель БПЛА,full_inventory,1518,0,1,6,18,22,0,198,196,Organization | ContactPoint | WebSite | Product | BreadcrumbList | ListItem,82,70,25,25,15,25,90,66,P2 建议增强,有效正文段落偏少; 缺少 FAQ / 采购问题解答模块,增加 3-6 个有信息量的段落，避免只靠卡片、导航和短摘要支撑页面; 增加 3-5 个真实采购/部署问题，提升长尾覆盖和 AI 引用可读性,Малогабаритный переносной радиочастотный обнаружитель БПЛА | N-TET,Малогабаритный переносной радиочастотный обнаружитель БПЛА,Малогабаритный переносной радиочастотный обнаружитель БПЛА Technical Specifications | Запросить решение и КП | Обзор | Технические характеристики | Запросить решение и КП | Связанные страницы,.next/server/app/ru/products/handheld-rf-detection-system-mini.html
/ru/products/intelligent-mobile-cabin-hospital,ru,product_detail,strong,100,Интеллектуальный мобильный многофункциональный госпиталь,full_inventory,1327,0,1,6,18,22,0,198,196,Organization | ContactPoint | WebSite | Product | BreadcrumbList | ListItem,82,70,20,25,15,25,85,52,P1 需要补内容,有效正文段落偏少; 缺少 FAQ / 采购问题解答模块,增加 3-6 个有信息量的段落，避免只靠卡片、导航和短摘要支撑页面; 增加 3-5 个真实采购/部署问题，提升长尾覆盖和 AI 引用可读性,Интеллектуальный мобильный многофункциональный госпиталь | N-TET,Интеллектуальный мобильный многофункциональный госпиталь,Интеллектуальный мобильный многофункциональный госпиталь Technical Specifications | Запросить решение и КП | Обзор | Технические характеристики | Запросить решение и КП | Связанные страницы,.next/server/app/ru/products/intelligent-mobile-cabin-hospital.html
/ru/products/low-altitude-3d-pulse-doppler-radar,ru,product_detail,strong,100,Радар обнаружения маловысотных целей X-диапазон,full_inventory,1514,0,1,6,18,22,0,198,196,Organization | ContactPoint | WebSite | Product | BreadcrumbList | ListItem,82,70,20,25,15,25,85,52,P1 需要补内容,有效正文段落偏少; 缺少 FAQ / 采购问题解答模块,增加 3-6 个有信息量的段落，避免只靠卡片、导航和短摘要支撑页面; 增加 3-5 个真实采购/部署问题，提升长尾覆盖和 AI 引用可读性,Радар обнаружения маловысотных целей (X-диапазон) | N-TET,Радар обнаружения маловысотных целей X-диапазон,Радар обнаружения маловысотных целей X-диапазон Technical Specifications | Запросить решение и КП | Обзор | Технические характеристики | Запросить решение и КП | Связанные страницы,.next/server/app/ru/products/low-altitude-3d-pulse-doppler-radar.html
/ru/products/low-altitude-detection-radar-ku-band,ru,product_detail,strong,100,РЛС обнаружения маловысотных целей Ku-диапазон,full_inventory,1500,0,1,6,18,22,0,198,196,Organization | ContactPoint | WebSite | Product | BreadcrumbList | ListItem,82,70,20,25,15,25,85,52,P1 需要补内容,有效正文段落偏少; 缺少 FAQ / 采购问题解答模块,增加 3-6 个有信息量的段落，避免只靠卡片、导航和短摘要支撑页面; 增加 3-5 个真实采购/部署问题，提升长尾覆盖和 AI 引用可读性,РЛС обнаружения маловысотных целей (Ku-диапазон) | N-TET,РЛС обнаружения маловысотных целей Ku-диапазон,РЛС обнаружения маловысотных целей Ku-диапазон Technical Specifications | Запросить решение и КП | Обзор | Технические характеристики | Запросить решение и КП | Связанные страницы,.next/server/app/ru/products/low-altitude-detection-radar-ku-band.html
/ru/products/multi-rotor-20kg-payload-uav,ru,product_detail,strong,100,Мультироторный БПЛА с нагрузкой 20 kg,full_inventory,1307,0,1,6,20,24,0,198,196,Organization | ContactPoint | WebSite | Product | BreadcrumbList | ListItem,82,70,25,25,15,25,90,66,P2 建议增强,有效正文段落偏少; 缺少 FAQ / 采购问题解答模块,增加 3-6 个有信息量的段落，避免只靠卡片、导航和短摘要支撑页面; 增加 3-5 个真实采购/部署问题，提升长尾覆盖和 AI 引用可读性,Мультироторный БПЛА с нагрузкой 20 kg | N-TET,Мультироторный БПЛА с нагрузкой 20 kg,Мультироторный БПЛА с нагрузкой 20 kg Technical Specifications | Запросить решение и КП | Обзор | Технические характеристики | Запросить решение и КП | Связанные страницы,.next/server/app/ru/products/multi-rotor-20kg-payload-uav.html
/ru/products/multi-rotor-3kg-payload-uav,ru,product_detail,strong,100,Мультироторный БПЛА с нагрузкой 3 kg,full_inventory,1519,4,1,6,24,24,0,198,196,Organization | ContactPoint | WebSite | Product | BreadcrumbList | ListItem,100,100,25,25,15,25,90,84,P3 保持监测,缺少 FAQ / 采购问题解答模块,增加 3-5 个真实采购/部署问题，提升长尾覆盖和 AI 引用可读性,Мультироторный БПЛА с нагрузкой 3 kg | N-TET,Мультироторный БПЛА с нагрузкой 3 kg,Мультироторный БПЛА с нагрузкой 3 kg Technical Specifications | Запросить решение и КП | Обзор | Технические характеристики | Запросить решение и КП | Связанные страницы,.next/server/app/ru/products/multi-rotor-3kg-payload-uav.html
/ru/products/multi-rotor-50kg-payload-uav,ru,product_detail,strong,100,Мультироторный БПЛА с нагрузкой 50 kg,full_inventory,1389,0,1,6,18,24,0,198,196,Organization | ContactPoint | WebSite | Product | BreadcrumbList | ListItem,82,70,25,25,15,25,90,66,P2 建议增强,有效正文段落偏少; 缺少 FAQ / 采购问题解答模块,增加 3-6 个有信息量的段落，避免只靠卡片、导航和短摘要支撑页面; 增加 3-5 个真实采购/部署问题，提升长尾覆盖和 AI 引用可读性,Мультироторный БПЛА с нагрузкой 50 kg | N-TET,Мультироторный БПЛА с нагрузкой 50 kg,Мультироторный БПЛА с нагрузкой 50 kg Technical Specifications | Запросить решение и КП | Обзор | Технические характеристики | Запросить решение и КП | Связанные страницы,.next/server/app/ru/products/multi-rotor-50kg-payload-uav.html
/ru/products/multi-rotor-8kg-payload-uav,ru,product_detail,strong,100,Мультироторный БПЛА с нагрузкой 8 kg,full_inventory,1295,0,1,6,20,24,0,198,196,Organization | ContactPoint | WebSite | Product | BreadcrumbList | ListItem,82,70,25,25,15,25,90,66,P2 建议增强,有效正文段落偏少; 缺少 FAQ / 采购问题解答模块,增加 3-6 个有信息量的段落，避免只靠卡片、导航和短摘要支撑页面; 增加 3-5 个真实采购/部署问题，提升长尾覆盖和 AI 引用可读性,Мультироторный БПЛА с нагрузкой 8 kg | N-TET,Мультироторный БПЛА с нагрузкой 8 kg,Мультироторный БПЛА с нагрузкой 8 kg Technical Specifications | Запросить решение и КП | Обзор | Технические характеристики | Запросить решение и КП | Связанные страницы,.next/server/app/ru/products/multi-rotor-8kg-payload-uav.html
/ru/products/portable-rf-detection-case,ru,product_detail,strong,100,Переносная кейс система радиочастотного обнаружения БПЛА,full_inventory,1471,0,1,6,18,22,0,198,196,Organization | ContactPoint | WebSite | Product | BreadcrumbList | ListItem,82,70,20,25,15,25,85,52,P1 需要补内容,有效正文段落偏少; 缺少 FAQ / 采购问题解答模块,增加 3-6 个有信息量的段落，避免只靠卡片、导航和短摘要支撑页面; 增加 3-5 个真实采购/部署问题，提升长尾覆盖和 AI 引用可读性,Переносная (кейс) система радиочастотного обнаружения БПЛА | N-TET,Переносная кейс система радиочастотного обнаружения БПЛА,Переносная кейс система радиочастотного обнаружения БПЛА Technical Specifications | Запросить решение и КП | Обзор | Технические характеристики | Запросить решение и КП | Связанные страницы,.next/server/app/ru/products/portable-rf-detection-case.html
/ru/products/power-tower-inspection-drone,ru,product_detail,strong,100,drone power line inspection,full_inventory,1930,6,1,6,22,24,0,198,196,Organization | ContactPoint | WebSite | Product | BreadcrumbList | ListItem,100,100,25,25,15,25,90,84,P3 保持监测,缺少 FAQ / 采购问题解答模块,增加 3-5 个真实采购/部署问题，提升长尾覆盖和 AI 引用可读性,БПЛА для инспекции опор ЛЭП | N-TET,БПЛА для инспекции опор ЛЭП,БПЛА для инспекции опор ЛЭП Technical Specifications | Запросить решение и КП | Обзор | Технические характеристики | Запросить решение и КП | Связанные страницы,.next/server/app/ru/products/power-tower-inspection-drone.html
/ru/products/smart-substation-autonomous-inspection-system,ru,product_detail,strong,100,smart substation autonomous inspection,full_inventory,1998,4,1,6,22,24,0,198,196,Organization | ContactPoint | WebSite | Product | BreadcrumbList | ListItem,100,100,25,25,15,25,90,84,P3 保持监测,缺少 FAQ / 采购问题解答模块,增加 3-5 个真实采购/部署问题，提升长尾覆盖和 AI 引用可读性,Автономная система инспекции умной подстанции с БПЛА | N-TET,Автономная система инспекции умной подстанции с БПЛА,Автономная система инспекции умной подстанции с БПЛА Technical Specifications | Запросить решение и КП | Обзор | Технические характеристики | Запросить решение и КП | Связанные страницы,.next/server/app/ru/products/smart-substation-autonomous-inspection-system.html
/ru/products/stationary-rf-detection-system,ru,product_detail,strong,100,Стационарная система радиочастотного обнаружения БПЛА,full_inventory,1526,0,1,6,18,22,0,198,196,Organization | ContactPoint | WebSite | Product | BreadcrumbList | ListItem,82,70,20,25,15,25,85,52,P1 需要补内容,有效正文段落偏少; 缺少 FAQ / 采购问题解答模块,增加 3-6 个有信息量的段落，避免只靠卡片、导航和短摘要支撑页面; 增加 3-5 个真实采购/部署问题，提升长尾覆盖和 AI 引用可读性,Стационарная система радиочастотного обнаружения БПЛА | N-TET,Стационарная система радиочастотного обнаружения БПЛА,Стационарная система радиочастотного обнаружения БПЛА Technical Specifications | Запросить решение и КП | Обзор | Технические характеристики | Запросить решение и КП | Связанные страницы,.next/server/app/ru/products/stationary-rf-detection-system.html
/ru/products/uav-remote-id-monitoring-system,ru,product_detail,strong,100,Система мониторинга удаленной идентификации БПЛА Remote ID,full_inventory,1474,0,1,6,18,22,0,198,196,Organization | ContactPoint | WebSite | Product | BreadcrumbList | ListItem,82,70,20,25,15,25,85,52,P1 需要补内容,有效正文段落偏少; 缺少 FAQ / 采购问题解答模块,增加 3-6 个有信息量的段落，避免只靠卡片、导航和短摘要支撑页面; 增加 3-5 个真实采购/部署问题，提升长尾覆盖和 AI 引用可读性,Система мониторинга удаленной идентификации БПЛА (Remote ID) | N-TET,Система мониторинга удаленной идентификации БПЛА Remote ID,Система мониторинга удаленной идентификации БПЛА Remote ID Technical Specifications | Запросить решение и КП | Обзор | Технические характеристики | Запросить решение и КП | Связанные страницы,.next/server/app/ru/products/uav-remote-id-monitoring-system.html
/ru/products/vtol-135kg-mtow-uav,ru,product_detail,strong,100,VTOL БПЛА с максимальной взлетной массой 135 kg,full_inventory,1277,0,1,6,20,24,0,198,196,Organization | ContactPoint | WebSite | Product | BreadcrumbList | ListItem,82,70,25,25,15,25,90,66,P2 建议增强,有效正文段落偏少; 缺少 FAQ / 采购问题解答模块,增加 3-6 个有信息量的段落，避免只靠卡片、导航和短摘要支撑页面; 增加 3-5 个真实采购/部署问题，提升长尾覆盖和 AI 引用可读性,VTOL БПЛА с максимальной взлетной массой 135 kg | N-TET,VTOL БПЛА с максимальной взлетной массой 135 kg,VTOL БПЛА с максимальной взлетной массой 135 kg Technical Specifications | Запросить решение и КП | Обзор | Технические характеристики | Запросить решение и КП | Связанные страницы,.next/server/app/ru/products/vtol-135kg-mtow-uav.html
/ru/products/vtol-14kg-mtow-uav,ru,product_detail,strong,100,VTOL БПЛА с максимальной взлетной массой 14 kg,full_inventory,1275,0,1,6,20,24,0,198,196,Organization | ContactPoint | WebSite | Product | BreadcrumbList | ListItem,82,70,25,25,15,25,90,66,P2 建议增强,有效正文段落偏少; 缺少 FAQ / 采购问题解答模块,增加 3-6 个有信息量的段落，避免只靠卡片、导航和短摘要支撑页面; 增加 3-5 个真实采购/部署问题，提升长尾覆盖和 AI 引用可读性,VTOL БПЛА с максимальной взлетной массой 14 kg | N-TET,VTOL БПЛА с максимальной взлетной массой 14 kg,VTOL БПЛА с максимальной взлетной массой 14 kg Technical Specifications | Запросить решение и КП | Обзор | Технические характеристики | Запросить решение и КП | Связанные страницы,.next/server/app/ru/products/vtol-14kg-mtow-uav.html
/ru/products/vtol-26kg-mtow-uav,ru,product_detail,strong,100,VTOL БПЛА с максимальной взлетной массой 26 kg,full_inventory,1273,0,1,6,20,24,0,198,196,Organization | ContactPoint | WebSite | Product | BreadcrumbList | ListItem,82,70,25,25,15,25,90,66,P2 建议增强,有效正文段落偏少; 缺少 FAQ / 采购问题解答模块,增加 3-6 个有信息量的段落，避免只靠卡片、导航和短摘要支撑页面; 增加 3-5 个真实采购/部署问题，提升长尾覆盖和 AI 引用可读性,VTOL БПЛА с максимальной взлетной массой 26 kg | N-TET,VTOL БПЛА с максимальной взлетной массой 26 kg,VTOL БПЛА с максимальной взлетной массой 26 kg Technical Specifications | Запросить решение и КП | Обзор | Технические характеристики | Запросить решение и КП | Связанные страницы,.next/server/app/ru/products/vtol-26kg-mtow-uav.html
/ru/products/vtol-40kg-mtow-uav,ru,product_detail,strong,100,VTOL БПЛА с максимальной взлетной массой 40 kg,full_inventory,1277,0,1,6,20,24,0,198,196,Organization | ContactPoint | WebSite | Product | BreadcrumbList | ListItem,82,70,25,25,15,25,90,66,P2 建议增强,有效正文段落偏少; 缺少 FAQ / 采购问题解答模块,增加 3-6 个有信息量的段落，避免只靠卡片、导航和短摘要支撑页面; 增加 3-5 个真实采购/部署问题，提升长尾覆盖和 AI 引用可读性,VTOL БПЛА с максимальной взлетной массой 40 kg | N-TET,VTOL БПЛА с максимальной взлетной массой 40 kg,VTOL БПЛА с максимальной взлетной массой 40 kg Technical Specifications | Запросить решение и КП | Обзор | Технические характеристики | Запросить решение и КП | Связанные страницы,.next/server/app/ru/products/vtol-40kg-mtow-uav.html
/ru/products/vtol-64kg-mtow-uav,ru,product_detail,strong,100,VTOL БПЛА с максимальной взлетной массой 64 kg,full_inventory,1263,0,1,6,20,24,0,198,196,Organization | ContactPoint | WebSite | Product | BreadcrumbList | ListItem,82,70,25,25,15,25,90,66,P2 建议增强,有效正文段落偏少; 缺少 FAQ / 采购问题解答模块,增加 3-6 个有信息量的段落，避免只靠卡片、导航和短摘要支撑页面; 增加 3-5 个真实采购/部署问题，提升长尾覆盖和 AI 引用可读性,VTOL БПЛА с максимальной взлетной массой 64 kg | N-TET,VTOL БПЛА с максимальной взлетной массой 64 kg,VTOL БПЛА с максимальной взлетной массой 64 kg Technical Specifications | Запросить решение и КП | Обзор | Технические характеристики | Запросить решение и КП | Связанные страницы,.next/server/app/ru/products/vtol-64kg-mtow-uav.html
/ru/solutions,ru,solution_list,strong,100,решения для инспекции БПЛА,high_value_ru,1227,1,1,11,46,50,0,222,220,Organization | ContactPoint | WebSite,87,75,20,12,15,21,68,39,P1 需要补内容,有效正文段落偏少,增加 3-6 个有信息量的段落，避免只靠卡片、导航和短摘要支撑页面,Решения для инспекции БПЛА | N-TET,Решения для инспекции БПЛА,Решения для инспекции БПЛА для промышленных команд | Инспекция и патрулирование БПЛА | Аварийное применение БПЛА | Защита инфраструктуры | Безопасность важных объектов | Запросить решение и КП | Инспекция и патрулирование БПЛА | Аварийное применение БПЛА,.next/server/app/ru/solutions.html
/ru/solutions/airport-low-altitude-monitoring,ru,solution_detail,strong,85,Защита аэропортов от БПЛА,full_inventory,1611,8,1,11,34,32,0,210,208,Organization | ContactPoint | WebSite | Service | BreadcrumbList | ListItem,100,100,20,25,20,25,90,78,P3 保持监测,,,Защита аэропортов от БПЛА | N-TET,Защита аэропортов от БПЛА,Защита аэропортов от БПЛА Workflow | Технические характеристики | Связанное оборудование | FAQ по решению | Запросить решение и КП | Обзор | Технические характеристики | Связанное оборудование,.next/server/app/ru/solutions/airport-low-altitude-monitoring.html
/ru/solutions/airport-security-protection,ru,solution_detail,strong,85,Безопасность аэропортов,full_inventory,1609,8,1,11,40,38,0,216,214,Organization | ContactPoint | WebSite | Service | BreadcrumbList | ListItem,100,100,20,25,20,25,90,78,P3 保持监测,,,Безопасность аэропортов | N-TET,Безопасность аэропортов,Безопасность аэропортов Workflow | Технические характеристики | Связанное оборудование | FAQ по решению | Запросить решение и КП | Обзор | Технические характеристики | Связанное оборудование,.next/server/app/ru/solutions/airport-security-protection.html
/ru/solutions/category/01_BorderPatrol,ru,solution_category,strong,100,БПЛА для пограничного патрулирования,high_value_ru,1520,11,1,9,33,34,0,212,198,Organization | ContactPoint | WebSite,100,100,20,12,20,21,73,60,P2 建议增强,,,Решения БПЛА для пограничного патрулирования | N-TET,Решения БПЛА для пограничного патрулирования,БПЛА для пограничного патрулирования и прибрежного мониторинга | Промышленные решения на базе БПЛА | Рекомендуемые продукты | FAQ по решению | Запросить решение и КП | Потребности отрасли | Промышленные решения на базе БПЛА | Рекомендуемые продукты,.next/server/app/ru/solutions/category/01_BorderPatrol.html
/ru/solutions/category/02_InfrastructureProtection,ru,solution_category,strong,85,БПЛА для инспекции промышленных объектов,high_value_ru,1722,15,1,9,35,36,0,218,196,Organization | ContactPoint | WebSite,100,100,20,12,20,21,73,60,P2 建议增强,,,Решения БПЛА для инспекции промышленных объектов | N-TET,Решения БПЛА для инспекции промышленных объектов,Сценарии инспекции промышленных объектов БПЛА | Промышленные решения на базе БПЛА | Рекомендуемые продукты | FAQ по решению | Запросить решение и КП | Потребности отрасли | Промышленные решения на базе БПЛА | Рекомендуемые продукты,.next/server/app/ru/solutions/category/02_InfrastructureProtection.html
/ru/solutions/category/03_KeyAreaSecurity,ru,solution_category,strong,85,мониторинг воздушного пространства аэропорта,high_value_ru,1580,11,1,9,39,40,0,218,204,Organization | ContactPoint | WebSite,100,100,20,12,20,21,73,60,P2 建议增强,,,Мониторинг воздушного пространства аэропорта и безопасность ключевых зон | N-TET,Мониторинг воздушного пространства аэропорта и безопасность ключевых зон,Сценарии мониторинга воздушного пространства аэропорта | Промышленные решения на базе БПЛА | Рекомендуемые продукты | FAQ по решению | Запросить решение и КП | Потребности отрасли | Промышленные решения на базе БПЛА | Рекомендуемые продукты,.next/server/app/ru/solutions/category/03_KeyAreaSecurity.html
/ru/solutions/category/04_EmergencyRescue,ru,solution_category,strong,100,БПЛА для поиска и спасения,high_value_ru,1548,11,1,9,33,34,0,212,198,Organization | ContactPoint | WebSite,100,100,20,12,20,21,73,60,P2 建议增强,,,Решения БПЛА для поиска и спасения | N-TET,Решения БПЛА для поиска и спасения,Рабочие процессы БПЛА для поиска и спасения | Промышленные решения на базе БПЛА | Рекомендуемые продукты | FAQ по решению | Запросить решение и КП | Потребности отрасли | Промышленные решения на базе БПЛА | Рекомендуемые продукты,.next/server/app/ru/solutions/category/04_EmergencyRescue.html
/ru/solutions/chemical-plant-protection,ru,solution_detail,strong,100,БПЛА для инспекции трубопроводов,high_value_ru,2122,26,1,14,42,42,0,208,206,Organization | ContactPoint | WebSite | Service | BreadcrumbList | ListItem,100,100,20,17,20,25,82,78,P3 保持监测,,,БПЛА для инспекции трубопроводов и мониторинга химических заводов | N-TET,БПЛА для инспекции трубопроводов и мониторинга химических заводов,БПЛА для инспекции трубопроводов и мониторинга объекта | A Neutral Low-Altitude Risk Process for Chemical Sites | Модули решения | Связанное оборудование | FAQ по решению | Запросить решение и КП | Обзор | Отраслевые проблемы,.next/server/app/ru/solutions/chemical-plant-protection.html
/ru/solutions/disaster-site-search-rescue-reconnaissance-uav-solution,ru,solution_detail,strong,100,БПЛА для поиска и спасения,high_value_ru,1859,13,1,16,40,40,0,210,208,Organization | ContactPoint | WebSite | Service | BreadcrumbList | ListItem,100,100,20,17,20,25,82,78,P3 保持监测,,,Решение БПЛА для поиска и спасения | N-TET,Решение БПЛА для поиска и спасения,Рабочий процесс БПЛА для поиска и спасения | How UAVs Upgrade Emergency Reconnaissance | Модули решения | Связанное оборудование | Связанные кейсы | FAQ по решению | Запросить решение и КП | Обзор,.next/server/app/ru/solutions/disaster-site-search-rescue-reconnaissance-uav-solution.html
/ru/solutions/emergency-communication-uav,ru,solution_detail,strong,100,БПЛА экстренной связи,full_inventory,1568,8,1,11,26,26,0,202,200,Organization | ContactPoint | WebSite | Service | BreadcrumbList | ListItem,100,100,20,25,20,25,90,78,P3 保持监测,,,БПЛА экстренной связи | N-TET,БПЛА экстренной связи,БПЛА экстренной связи Workflow | Технические характеристики | Связанное оборудование | FAQ по решению | Запросить решение и КП | Обзор | Технические характеристики | Связанное оборудование,.next/server/app/ru/solutions/emergency-communication-uav.html
/ru/solutions/emergency-communication-uav-solution,ru,solution_detail,partial,70,Решение БПЛА для аварийной связи,partial_keyword_page,1535,9,1,14,30,29,0,206,204,Organization | ContactPoint | WebSite | Service | BreadcrumbList | ListItem,100,100,20,25,20,25,90,78,P3 保持监测,,,Решение БПЛА для аварийной связи | N-TET,Решение БПЛА для аварийной связи,Связанное оборудование | FAQ по решению | Запросить решение и КП | Обзор | Отраслевые задачи | Как БПЛА повышают эффективность | Решение | Связанное оборудование,.next/server/app/ru/solutions/emergency-communication-uav-solution.html
/ru/solutions/emergency-lighting-uav,ru,solution_detail,strong,85,БПЛА аварийного освещения,full_inventory,1524,8,1,11,28,28,0,204,202,Organization | ContactPoint | WebSite | Service | BreadcrumbList | ListItem,100,100,20,25,20,25,90,78,P3 保持监测,,,БПЛА аварийного освещения | N-TET,БПЛА аварийного освещения,БПЛА аварийного освещения Workflow | Технические характеристики | Связанное оборудование | FAQ по решению | Запросить решение и КП | Обзор | Технические характеристики | Связанное оборудование,.next/server/app/ru/solutions/emergency-lighting-uav.html
/ru/solutions/emergency-reconnaissance-uav,ru,solution_detail,strong,85,БПЛА экстренной разведки,full_inventory,1546,8,1,11,28,28,0,204,202,Organization | ContactPoint | WebSite | Service | BreadcrumbList | ListItem,100,100,20,25,20,25,90,78,P3 保持监测,,,БПЛА экстренной разведки | N-TET,БПЛА экстренной разведки,БПЛА экстренной разведки Workflow | Технические характеристики | Связанное оборудование | FAQ по решению | Запросить решение и КП | Обзор | Технические характеристики | Связанное оборудование,.next/server/app/ru/solutions/emergency-reconnaissance-uav.html
/ru/solutions/emergency-search-rescue-uav-solution,ru,solution_detail,partial,70,Решение поисково-спасательного БПЛА,partial_keyword_page,1529,8,1,16,32,31,0,208,206,Organization | ContactPoint | WebSite | Service | BreadcrumbList | ListItem,100,100,20,25,20,25,90,78,P3 保持监测,,,Решение поисково-спасательного БПЛА | N-TET,Решение поисково-спасательного БПЛА,Связанное оборудование | Связанные кейсы | FAQ по решению | Запросить решение и КП | Обзор | Отраслевые задачи | Как БПЛА повышают эффективность | Решение,.next/server/app/ru/solutions/emergency-search-rescue-uav-solution.html
/ru/solutions/high-rise-firefighting-uav-solution,ru,solution_detail,partial,70,Решение БПЛА для тушения высотных пожаров,partial_keyword_page,1588,10,1,14,32,31,0,208,206,Organization | ContactPoint | WebSite | Service | BreadcrumbList | ListItem,100,100,20,25,20,25,90,78,P3 保持监测,,,Решение БПЛА для тушения высотных пожаров | N-TET,Решение БПЛА для тушения высотных пожаров,Связанное оборудование | FAQ по решению | Запросить решение и КП | Обзор | Отраслевые задачи | Как БПЛА повышают эффективность | Решение | Связанное оборудование,.next/server/app/ru/solutions/high-rise-firefighting-uav-solution.html
/ru/solutions/hydroelectric-dam-protection,ru,solution_detail,strong,85,Защита гидроэлектрических плотин,full_inventory,1737,11,1,14,40,40,0,208,206,Organization | ContactPoint | WebSite | Service | BreadcrumbList | ListItem,100,100,20,17,20,25,82,78,P3 保持监测,,,Защита гидроэлектрических плотин | N-TET,Защита гидроэлектрических плотин,Защита гидроэлектрических плотин Workflow | ??????? ????????????? ???????????? ??? ??????? | Модули решения | Связанное оборудование | FAQ по решению | Запросить решение и КП | Обзор | Отраслевые проблемы,.next/server/app/ru/solutions/hydroelectric-dam-protection.html
/ru/solutions/judicial-sector-security,ru,solution_detail,strong,85,Безопасность судебного сектора,full_inventory,1598,8,1,11,40,38,0,216,214,Organization | ContactPoint | WebSite | Service | BreadcrumbList | ListItem,100,100,20,25,20,25,90,78,P3 保持监测,,,Безопасность судебного сектора | N-TET,Безопасность судебного сектора,Безопасность судебного сектора Workflow | Технические характеристики | Связанное оборудование | FAQ по решению | Запросить решение и КП | Обзор | Технические характеристики | Связанное оборудование,.next/server/app/ru/solutions/judicial-sector-security.html
/ru/solutions/land-based-maritime-surveillance,ru,solution_detail,strong,85,Береговое наблюдение и раннее предупреждение,full_inventory,1484,6,1,11,28,26,0,204,202,Organization | ContactPoint | WebSite | Service | BreadcrumbList | ListItem,100,100,20,25,20,25,90,78,P3 保持监测,,,Береговое наблюдение и раннее предупреждение | N-TET,Береговое наблюдение и раннее предупреждение,Береговое наблюдение и раннее предупреждение Workflow | Технические характеристики | Связанное оборудование | FAQ по решению | Запросить решение и КП | Обзор | Технические характеристики | Связанное оборудование,.next/server/app/ru/solutions/land-based-maritime-surveillance.html
/ru/solutions/night-emergency-lighting-support-uav-solution,ru,solution_detail,strong,100,привязной БПЛА для освещения,high_value_ru,1966,26,1,16,42,42,0,210,208,Organization | ContactPoint | WebSite | Service | BreadcrumbList | ListItem,100,100,25,25,20,25,95,92,P3 保持监测,,,привязной БПЛА для освещения: решение | N-TET,привязной БПЛА для освещения: решение,привязной БПЛА для освещения: рабочий процесс | Как БПЛА повышают эффективность работ | Модули решения | Связанное оборудование | Связанные кейсы | FAQ по решению | Запросить решение и КП | Обзор,.next/server/app/ru/solutions/night-emergency-lighting-support-uav-solution.html
/ru/solutions/oil-production-base-protection,ru,solution_detail,strong,100,oil and gas drone inspection,full_inventory,2159,21,1,14,40,40,0,208,206,Organization | ContactPoint | WebSite | Service | BreadcrumbList | ListItem,100,100,20,17,20,25,82,78,P3 保持监测,,,Oil and Gas Drone Inspection Solution | N-TET,Oil and Gas Drone Inspection Solution,Oil and Gas Drone Inspection Workflow | Layered Low-Altitude Protection for Oil Production Sites | Модули решения | Связанное оборудование | FAQ по решению | Запросить решение и КП | Обзор | Отраслевые проблемы,.next/server/app/ru/solutions/oil-production-base-protection.html
/ru/solutions/post-disaster-emergency-communication-support-uav-solution,ru,solution_detail,strong,100,БПЛА аварийной связи,high_value_ru,1817,11,1,16,40,40,0,210,208,Organization | ContactPoint | WebSite | Service | BreadcrumbList | ListItem,100,100,20,25,20,25,90,78,P3 保持监测,,,Решение БПЛА аварийной связи | N-TET,Решение БПЛА аварийной связи,Рабочий процесс БПЛА аварийной связи | Как БПЛА повышают эффективность работ | Модули решения | Связанное оборудование | Связанные кейсы | FAQ по решению | Запросить решение и КП | Обзор,.next/server/app/ru/solutions/post-disaster-emergency-communication-support-uav-solution.html
/ru/solutions/power-generation-facility-low-altitude-monitoring,ru,solution_detail,strong,85,Защита энергетических объектов от БПЛА,full_inventory,1586,8,1,11,34,32,0,210,208,Organization | ContactPoint | WebSite | Service | BreadcrumbList | ListItem,100,100,20,25,20,25,90,78,P3 保持监测,,,Защита энергетических объектов от БПЛА | N-TET,Защита энергетических объектов от БПЛА,Защита энергетических объектов от БПЛА Workflow | Технические характеристики | Связанное оборудование | FAQ по решению | Запросить решение и КП | Обзор | Технические характеристики | Связанное оборудование,.next/server/app/ru/solutions/power-generation-facility-low-altitude-monitoring.html
/ru/solutions/power-line-uav-intelligent-inspection-solution,ru,solution_detail,strong,85,БПЛА для инспекции линий электропередачи,high_value_ru,2081,26,1,12,34,34,0,200,198,Organization | ContactPoint | WebSite | Service | BreadcrumbList | ListItem,93,95,20,25,15,25,85,78,P3 保持监测,缺少页面类型应有证据：hasRelatedProducts,按页面类型补齐证据模块，而不是继续堆关键词,Решение БПЛА для инспекции линий электропередачи | N-TET,Решение БПЛА для инспекции линий электропередачи,Рабочий процесс инспекции линий электропередачи БПЛА | Как БПЛА повышают эффективность работ | Модули решения | FAQ по решению | Запросить решение и КП | Обзор | Отраслевые проблемы | Как БПЛА повышают эффективность работ,.next/server/app/ru/solutions/power-line-uav-intelligent-inspection-solution.html
/ru/solutions/power-tower-inspection-uav-solution,ru,solution_detail,partial,70,Решение БПЛА для инспекции опор ЛЭП,partial_keyword_page,1592,9,1,16,34,33,0,210,208,Organization | ContactPoint | WebSite | Service | BreadcrumbList | ListItem,100,100,20,25,20,25,90,78,P3 保持监测,,,Решение БПЛА для инспекции опор ЛЭП | N-TET,Решение БПЛА для инспекции опор ЛЭП,Связанное оборудование | Связанные кейсы | FAQ по решению | Запросить решение и КП | Обзор | Отраслевые задачи | Как БПЛА повышают эффективность | Решение,.next/server/app/ru/solutions/power-tower-inspection-uav-solution.html
/ru/solutions/smart-substation-autonomous-inspection-solution,ru,solution_detail,partial,70,Решение автономной инспекции подстанций с БПЛА,partial_keyword_page,1590,10,1,16,32,31,0,208,206,Organization | ContactPoint | WebSite | Service | BreadcrumbList | ListItem,100,100,20,25,20,25,90,78,P3 保持监测,,,Решение автономной инспекции подстанций с БПЛА | N-TET,Решение автономной инспекции подстанций с БПЛА,Связанное оборудование | Связанные кейсы | FAQ по решению | Запросить решение и КП | Обзор | Отраслевые задачи | Как БПЛА повышают эффективность | Решение,.next/server/app/ru/solutions/smart-substation-autonomous-inspection-solution.html
/ru/solutions/smart-substation-unattended-uav-inspection-solution,ru,solution_detail,strong,100,автономная инспекция умных подстанций,high_value_ru,1896,11,1,16,42,47,0,212,210,Organization | ContactPoint | WebSite | Service | BreadcrumbList | ListItem,100,100,25,25,20,25,95,92,P3 保持监测,,,автономная инспекция умных подстанций: решение | N-TET,автономная инспекция умных подстанций: решение,автономная инспекция умных подстанций: рабочий процесс | How UAVs Upgrade Substation Inspection | Модули решения | Связанное оборудование | Связанные кейсы | FAQ по решению | Запросить решение и КП | Обзор,.next/server/app/ru/solutions/smart-substation-unattended-uav-inspection-solution.html
/ru/solutions/sports-event-security,ru,solution_detail,strong,85,Безопасность крупных спортивных мероприятий,full_inventory,2044,23,1,14,48,54,0,216,214,Organization | ContactPoint | WebSite | Service | BreadcrumbList | ListItem,100,100,20,17,20,25,82,78,P3 保持监测,,,Безопасность крупных спортивных мероприятий | N-TET,Безопасность крупных спортивных мероприятий,Безопасность крупных спортивных мероприятий Workflow | How Integrated Monitoring and Screening Support Large Events | Модули решения | Связанное оборудование | FAQ по решению | Запросить решение и КП | Обзор | Отраслевые проблемы,.next/server/app/ru/solutions/sports-event-security.html
/ru/solutions/tethered-lighting-uav-solution,ru,solution_detail,partial,70,Решение привязного осветительного БПЛА,partial_keyword_page,1526,9,1,16,32,31,0,208,206,Organization | ContactPoint | WebSite | Service | BreadcrumbList | ListItem,100,100,20,25,20,25,90,78,P3 保持监测,,,Решение привязного осветительного БПЛА | N-TET,Решение привязного осветительного БПЛА,Связанное оборудование | Связанные кейсы | FAQ по решению | Запросить решение и КП | Обзор | Отраслевые задачи | Как БПЛА повышают эффективность | Решение,.next/server/app/ru/solutions/tethered-lighting-uav-solution.html
/ru/solutions/uav-maritime-emergency-rescue,ru,solution_detail,strong,85,Аварийно-спасательные операции БПЛА на море,full_inventory,1536,6,1,11,30,30,0,206,204,Organization | ContactPoint | WebSite | Service | BreadcrumbList | ListItem,100,100,20,25,20,25,90,78,P3 保持监测,,,Аварийно-спасательные операции БПЛА на море | N-TET,Аварийно-спасательные операции БПЛА на море,Аварийно-спасательные операции БПЛА на море Workflow | Технические характеристики | Связанное оборудование | FAQ по решению | Запросить решение и КП | Обзор | Технические характеристики | Связанное оборудование,.next/server/app/ru/solutions/uav-maritime-emergency-rescue.html
/ru/solutions/uav-maritime-patrol,ru,solution_detail,strong,85,БПЛА для морского патрулирования,high_value_ru,1914,19,1,16,40,40,0,210,208,Organization | ContactPoint | WebSite | Service | BreadcrumbList | ListItem,100,100,25,17,20,25,87,92,P3 保持监测,,,Решение БПЛА для морского патрулирования | N-TET,Решение БПЛА для морского патрулирования,Рабочий процесс морского патрулирования БПЛА | Как БПЛА повышают эффективность работ | Модули решения | Связанное оборудование | Связанные кейсы | FAQ по решению | Запросить решение и КП | Обзор,.next/server/app/ru/solutions/uav-maritime-patrol.html
/ru/solutions/urban-high-rise-firefighting-emergency-uav-solution,ru,solution_detail,strong,100,пожарный БПЛА,high_value_ru,1819,12,1,16,42,42,0,212,210,Organization | ContactPoint | WebSite | Service | BreadcrumbList | ListItem,100,100,20,17,20,25,82,78,P3 保持监测,,,пожарный БПЛА: решение | N-TET,пожарный БПЛА: решение,пожарный БПЛА: рабочий процесс | Как БПЛА повышают эффективность работ | Модули решения | Связанное оборудование | Связанные кейсы | FAQ по решению | Запросить решение и КП | Обзор,.next/server/app/ru/solutions/urban-high-rise-firefighting-emergency-uav-solution.html
/ru/solutions/water-conservancy-monitoring-uav-solution,ru,solution_detail,partial,70,Решение БПЛА для мониторинга водного хозяйства,partial_keyword_page,1575,9,1,16,32,31,0,208,206,Organization | ContactPoint | WebSite | Service | BreadcrumbList | ListItem,100,100,20,25,20,25,90,78,P3 保持监测,,,Решение БПЛА для мониторинга водного хозяйства | N-TET,Решение БПЛА для мониторинга водного хозяйства,Связанное оборудование | Связанные кейсы | FAQ по решению | Запросить решение и КП | Обзор | Отраслевые задачи | Как БПЛА повышают эффективность | Решение,.next/server/app/ru/solutions/water-conservancy-monitoring-uav-solution.html
/ru/solutions/water-conservancy-river-lake-uav-monitoring-solution,ru,solution_detail,strong,85,БПЛА для мониторинга водного хозяйства,high_value_ru,1941,21,1,16,38,38,0,208,206,Organization | ContactPoint | WebSite | Service | BreadcrumbList | ListItem,100,100,20,17,20,25,82,78,P3 保持监测,,,Решение БПЛА для мониторинга водного хозяйства | N-TET,Решение БПЛА для мониторинга водного хозяйства,Рабочий процесс мониторинга водного хозяйства БПЛА | Как БПЛА повышают эффективность работ | Модули решения | Связанное оборудование | Связанные кейсы | FAQ по решению | Запросить решение и КП | Обзор,.next/server/app/ru/solutions/water-conservancy-river-lake-uav-monitoring-solution.html
