route,locale,page_type,keyword_status,keyword_score,primary_keyword,audit_scope,words,content_paragraphs,h1_count,h2_count,h3_count,image_count,missing_alt_count,internal_links,descriptive_internal_links,schema_types,search_intent_score,content_quality_score,experience_score,expertise_score,authority_score,trust_score,eeat_score,ai_citation_score,priority,issues,recommendations,title,h1,h2,file
/en,en,home,strong,85,industrial UAV systems,high_value_en,1117,4,1,11,61,65,0,242,224,Organization | ContactPoint | WebSite,100,100,25,20,15,21,81,66,P2 建议增强,,,Industrial UAV Systems for Low-Altitude Operations | N-TET,Industrial UAV Systems for Low-Altitude Operations,Our Solutions | Product Center | Water Conservancy Monitoring Drone | Case Center | About Us | Latest News | Our Solutions | Product Center,.next/server/app/en.html
/en/about,en,about,strong,85,industrial UAV systems integrator,high_value_en,1178,8,1,5,22,23,0,189,173,Organization | ContactPoint | WebSite,100,100,25,20,15,21,81,66,P2 建议增强,,,Industrial UAV Systems Integrator Profile | N-TET,Industrial UAV Systems Integrator Profile,Industrial UAV Integration Capabilities | R&D Team | Company Profile | R&D Team | Get Solution & Quotation,.next/server/app/en/about.html
/en/accessories,en,accessory_list,strong,80,drone accessories,high_value_en,1263,8,1,11,79,76,0,243,228,Organization | ContactPoint | WebSite,100,100,25,20,15,21,81,74,P2 建议增强,,,Drone Accessories & UAV Components | N-TET,Drone Accessories & UAV Components,Drone Accessories and UAV Components for Industrial Platforms | Flight Controllers | UAV Motors | UAV Propellers | UAV Batteries | Electro-Optical Gimbals | UAV Engines | UAV Data Links,.next/server/app/en/accessories.html
/en/accessories/fc-bt1,en,accessory_detail,strong,85,FC-BT1 UAV Solid-State Battery,full_inventory,3956,6,1,5,25,24,0,192,175,Organization | ContactPoint | WebSite | Product | BreadcrumbList | ListItem,100,100,25,25,15,25,90,84,P3 保持监测,,,FC-BT1 UAV Solid-State Battery | N-TET Drone Accessories,FC-BT1 UAV Solid-State Battery,FC-BT1 UAV Solid-State Battery Technical Specifications | Get Solution & Quotation | Overview | Technical Specifications | Get Solution & Quotation,.next/server/app/en/accessories/fc-bt1.html
/en/accessories/fc-bt2,en,accessory_detail,strong,85,FC-BT2 UAV Solid-State Battery,full_inventory,3448,8,1,5,25,24,0,192,175,Organization | ContactPoint | WebSite | Product | BreadcrumbList | ListItem,100,100,25,25,15,25,90,84,P3 保持监测,,,FC-BT2 UAV Solid-State Battery | N-TET Drone Accessories,FC-BT2 UAV Solid-State Battery,FC-BT2 UAV Solid-State Battery Technical Specifications | Get Solution & Quotation | Overview | Technical Specifications | Get Solution & Quotation,.next/server/app/en/accessories/fc-bt2.html
/en/accessories/fc-bt3,en,accessory_detail,strong,85,FC-BT3 High-Voltage UAV Solid-State Battery,full_inventory,3567,8,1,5,26,24,0,192,175,Organization | ContactPoint | WebSite | Product | BreadcrumbList | ListItem,100,100,25,25,15,25,90,84,P3 保持监测,,,FC-BT3 High-Voltage UAV Solid-State Battery | N-TET Drone Accessories,FC-BT3 High-Voltage UAV Solid-State Battery,FC-BT3 High-Voltage UAV Solid-State Battery Technical Specifications | Get Solution & Quotation | Overview | Technical Specifications | Get Solution & Quotation,.next/server/app/en/accessories/fc-bt3.html
/en/accessories/fc-bt4,en,accessory_detail,strong,85,FC-BT4 High-Energy UAV Solid-State Battery,full_inventory,5437,6,1,5,25,24,0,192,175,Organization | ContactPoint | WebSite | Product | BreadcrumbList | ListItem,100,100,25,25,15,25,90,84,P3 保持监测,,,FC-BT4 High-Energy UAV Solid-State Battery | N-TET Drone Accessories,FC-BT4 High-Energy UAV Solid-State Battery,FC-BT4 High-Energy UAV Solid-State Battery Technical Specifications | Get Solution & Quotation | Overview | Technical Specifications | Get Solution & Quotation,.next/server/app/en/accessories/fc-bt4.html
/en/accessories/fc-btg,en,accessory_detail,strong,85,FC-BTG Training UAV Solid-State Battery,full_inventory,2727,4,1,5,25,24,0,192,175,Organization | ContactPoint | WebSite | Product | BreadcrumbList | ListItem,100,100,25,25,15,25,90,92,P3 保持监测,,,FC-BTG Training UAV Solid-State Battery | N-TET Drone Accessories,FC-BTG Training UAV Solid-State Battery,FC-BTG Training UAV Solid-State Battery Technical Specifications | Get Solution & Quotation | Overview | Technical Specifications | Get Solution & Quotation,.next/server/app/en/accessories/fc-btg.html
/en/accessories/fc-c2d-propeller,en,accessory_detail,strong,85,FC-C2D UAV Propeller,full_inventory,1519,4,1,5,21,22,0,192,175,Organization | ContactPoint | WebSite | Product | BreadcrumbList | ListItem,100,100,25,25,15,25,90,84,P3 保持监测,,,FC-C2D UAV Propeller | N-TET Drone Accessories,FC-C2D UAV Propeller,FC-C2D UAV Propeller Technical Specifications | Get Solution & Quotation | Overview | Technical Specifications | Get Solution & Quotation,.next/server/app/en/accessories/fc-c2d-propeller.html
/en/accessories/fc-c2e-propeller,en,accessory_detail,strong,85,FC-C2E UAV Propeller,full_inventory,1467,4,1,5,21,22,0,192,175,Organization | ContactPoint | WebSite | Product | BreadcrumbList | ListItem,100,100,25,25,15,25,90,84,P3 保持监测,,,FC-C2E UAV Propeller | N-TET Drone Accessories,FC-C2E UAV Propeller,FC-C2E UAV Propeller Technical Specifications | Get Solution & Quotation | Overview | Technical Specifications | Get Solution & Quotation,.next/server/app/en/accessories/fc-c2e-propeller.html
/en/accessories/fc-c2t-propeller,en,accessory_detail,strong,85,FC-C2T UAV Propeller,full_inventory,1495,2,1,5,21,22,0,192,175,Organization | ContactPoint | WebSite | Product | BreadcrumbList | ListItem,91,90,25,25,15,25,90,75,P3 保持监测,有效正文段落偏少,增加 3-6 个有信息量的段落，避免只靠卡片、导航和短摘要支撑页面,FC-C2T UAV Propeller | N-TET Drone Accessories,FC-C2T UAV Propeller,FC-C2T UAV Propeller Technical Specifications | Get Solution & Quotation | Overview | Technical Specifications | Get Solution & Quotation,.next/server/app/en/accessories/fc-c2t-propeller.html
/en/accessories/fc-c2u-propeller,en,accessory_detail,strong,85,FC-C2U UAV Propeller,full_inventory,1487,2,1,5,21,22,0,192,175,Organization | ContactPoint | WebSite | Product | BreadcrumbList | ListItem,91,90,25,25,15,25,90,75,P3 保持监测,有效正文段落偏少,增加 3-6 个有信息量的段落，避免只靠卡片、导航和短摘要支撑页面,FC-C2U UAV Propeller | N-TET Drone Accessories,FC-C2U UAV Propeller,FC-C2U UAV Propeller Technical Specifications | Get Solution & Quotation | Overview | Technical Specifications | Get Solution & Quotation,.next/server/app/en/accessories/fc-c2u-propeller.html
/en/accessories/fc-c2ud-propeller,en,accessory_detail,strong,85,FC-C2UD UAV Propeller,full_inventory,1537,4,1,5,21,22,0,192,175,Organization | ContactPoint | WebSite | Product | BreadcrumbList | ListItem,100,100,25,25,15,25,90,84,P3 保持监测,,,FC-C2UD UAV Propeller | N-TET Drone Accessories,FC-C2UD UAV Propeller,FC-C2UD UAV Propeller Technical Specifications | Get Solution & Quotation | Overview | Technical Specifications | Get Solution & Quotation,.next/server/app/en/accessories/fc-c2ud-propeller.html
/en/accessories/fc-fdj-111,en,accessory_detail,strong,100,FC-FDJ-111 UAV Engine,full_inventory,1299,4,1,5,20,22,0,192,175,Organization | ContactPoint | WebSite | Product | BreadcrumbList | ListItem,100,100,25,25,15,25,90,84,P3 保持监测,,,FC-FDJ-111 UAV Engine | N-TET Drone Accessories,FC-FDJ-111 UAV Engine,FC-FDJ-111 UAV Engine Technical Specifications | Get Solution & Quotation | Overview | Technical Specifications | Get Solution & Quotation,.next/server/app/en/accessories/fc-fdj-111.html
/en/accessories/fc-fdj-120,en,accessory_detail,strong,100,FC-FDJ-120 UAV Engine,full_inventory,1277,2,1,5,20,22,0,192,175,Organization | ContactPoint | WebSite | Product | BreadcrumbList | ListItem,91,90,25,25,15,25,90,75,P3 保持监测,有效正文段落偏少,增加 3-6 个有信息量的段落，避免只靠卡片、导航和短摘要支撑页面,FC-FDJ-120 UAV Engine | N-TET Drone Accessories,FC-FDJ-120 UAV Engine,FC-FDJ-120 UAV Engine Technical Specifications | Get Solution & Quotation | Overview | Technical Specifications | Get Solution & Quotation,.next/server/app/en/accessories/fc-fdj-120.html
/en/accessories/fc-fdj-120hd,en,accessory_detail,strong,100,FC-FDJ-120HD UAV Engine,full_inventory,1243,2,1,5,20,22,0,192,175,Organization | ContactPoint | WebSite | Product | BreadcrumbList | ListItem,91,90,25,25,15,25,90,75,P3 保持监测,有效正文段落偏少,增加 3-6 个有信息量的段落，避免只靠卡片、导航和短摘要支撑页面,FC-FDJ-120HD UAV Engine | N-TET Drone Accessories,FC-FDJ-120HD UAV Engine,FC-FDJ-120HD UAV Engine Technical Specifications | Get Solution & Quotation | Overview | Technical Specifications | Get Solution & Quotation,.next/server/app/en/accessories/fc-fdj-120hd.html
/en/accessories/fc-fdj-170,en,accessory_detail,strong,100,FC-FDJ-170 UAV Engine,full_inventory,1267,2,1,5,20,22,0,192,175,Organization | ContactPoint | WebSite | Product | BreadcrumbList | ListItem,91,90,25,25,15,25,90,75,P3 保持监测,有效正文段落偏少,增加 3-6 个有信息量的段落，避免只靠卡片、导航和短摘要支撑页面,FC-FDJ-170 UAV Engine | N-TET Drone Accessories,FC-FDJ-170 UAV Engine,FC-FDJ-170 UAV Engine Technical Specifications | Get Solution & Quotation | Overview | Technical Specifications | Get Solution & Quotation,.next/server/app/en/accessories/fc-fdj-170.html
/en/accessories/fc-fdj-200,en,accessory_detail,strong,100,FC-FDJ-200 UAV Engine,full_inventory,1255,2,1,5,20,22,0,192,175,Organization | ContactPoint | WebSite | Product | BreadcrumbList | ListItem,91,90,25,25,15,25,90,75,P3 保持监测,有效正文段落偏少,增加 3-6 个有信息量的段落，避免只靠卡片、导航和短摘要支撑页面,FC-FDJ-200 UAV Engine | N-TET Drone Accessories,FC-FDJ-200 UAV Engine,FC-FDJ-200 UAV Engine Technical Specifications | Get Solution & Quotation | Overview | Technical Specifications | Get Solution & Quotation,.next/server/app/en/accessories/fc-fdj-200.html
/en/accessories/fc-fdj-222,en,accessory_detail,strong,100,FC-FDJ-222 UAV Engine,full_inventory,1277,2,1,5,20,22,0,192,175,Organization | ContactPoint | WebSite | Product | BreadcrumbList | ListItem,91,90,25,25,15,25,90,75,P3 保持监测,有效正文段落偏少,增加 3-6 个有信息量的段落，避免只靠卡片、导航和短摘要支撑页面,FC-FDJ-222 UAV Engine | N-TET Drone Accessories,FC-FDJ-222 UAV Engine,FC-FDJ-222 UAV Engine Technical Specifications | Get Solution & Quotation | Overview | Technical Specifications | Get Solution & Quotation,.next/server/app/en/accessories/fc-fdj-222.html
/en/accessories/fc-fdj-430,en,accessory_detail,strong,100,FC-FDJ-430 UAV Engine,full_inventory,1417,4,1,5,20,22,0,192,175,Organization | ContactPoint | WebSite | Product | BreadcrumbList | ListItem,100,100,25,25,15,25,90,84,P3 保持监测,,,FC-FDJ-430 UAV Engine | N-TET Drone Accessories,FC-FDJ-430 UAV Engine,FC-FDJ-430 UAV Engine Technical Specifications | Get Solution & Quotation | Overview | Technical Specifications | Get Solution & Quotation,.next/server/app/en/accessories/fc-fdj-430.html
/en/accessories/fc-fdj-55,en,accessory_detail,strong,100,FC-FDJ-55 UAV Engine,full_inventory,1305,4,1,5,20,22,0,192,175,Organization | ContactPoint | WebSite | Product | BreadcrumbList | ListItem,100,100,25,25,15,25,90,84,P3 保持监测,,,FC-FDJ-55 UAV Engine | N-TET Drone Accessories,FC-FDJ-55 UAV Engine,FC-FDJ-55 UAV Engine Technical Specifications | Get Solution & Quotation | Overview | Technical Specifications | Get Solution & Quotation,.next/server/app/en/accessories/fc-fdj-55.html
/en/accessories/fc-fdj-60,en,accessory_detail,strong,100,FC-FDJ-60 UAV Engine,full_inventory,1277,2,1,5,20,22,0,192,175,Organization | ContactPoint | WebSite | Product | BreadcrumbList | ListItem,91,90,25,25,15,25,90,75,P3 保持监测,有效正文段落偏少,增加 3-6 个有信息量的段落，避免只靠卡片、导航和短摘要支撑页面,FC-FDJ-60 UAV Engine | N-TET Drone Accessories,FC-FDJ-60 UAV Engine,FC-FDJ-60 UAV Engine Technical Specifications | Get Solution & Quotation | Overview | Technical Specifications | Get Solution & Quotation,.next/server/app/en/accessories/fc-fdj-60.html
/en/accessories/fc-fdj-61,en,accessory_detail,strong,100,FC-FDJ-61 UAV Engine,full_inventory,1277,2,1,5,20,22,0,192,175,Organization | ContactPoint | WebSite | Product | BreadcrumbList | ListItem,91,90,25,25,15,25,90,75,P3 保持监测,有效正文段落偏少,增加 3-6 个有信息量的段落，避免只靠卡片、导航和短摘要支撑页面,FC-FDJ-61 UAV Engine | N-TET Drone Accessories,FC-FDJ-61 UAV Engine,FC-FDJ-61 UAV Engine Technical Specifications | Get Solution & Quotation | Overview | Technical Specifications | Get Solution & Quotation,.next/server/app/en/accessories/fc-fdj-61.html
/en/accessories/fc-fdj-70hd,en,accessory_detail,strong,100,FC-FDJ-70HD UAV Engine,full_inventory,1245,2,1,5,20,22,0,192,175,Organization | ContactPoint | WebSite | Product | BreadcrumbList | ListItem,91,90,25,25,15,25,90,75,P3 保持监测,有效正文段落偏少,增加 3-6 个有信息量的段落，避免只靠卡片、导航和短摘要支撑页面,FC-FDJ-70HD UAV Engine | N-TET Drone Accessories,FC-FDJ-70HD UAV Engine,FC-FDJ-70HD UAV Engine Technical Specifications | Get Solution & Quotation | Overview | Technical Specifications | Get Solution & Quotation,.next/server/app/en/accessories/fc-fdj-70hd.html
/en/accessories/fc-fdj-85,en,accessory_detail,strong,100,FC-FDJ-85 UAV Engine,full_inventory,1277,2,1,5,20,22,0,192,175,Organization | ContactPoint | WebSite | Product | BreadcrumbList | ListItem,91,90,25,25,15,25,90,75,P3 保持监测,有效正文段落偏少,增加 3-6 个有信息量的段落，避免只靠卡片、导航和短摘要支撑页面,FC-FDJ-85 UAV Engine | N-TET Drone Accessories,FC-FDJ-85 UAV Engine,FC-FDJ-85 UAV Engine Technical Specifications | Get Solution & Quotation | Overview | Technical Specifications | Get Solution & Quotation,.next/server/app/en/accessories/fc-fdj-85.html
/en/accessories/fc-l10tr-three-light-gimbal,en,accessory_detail,strong,100,FC-L10TR Electro-Optical Gimbal,full_inventory,1815,4,1,5,18,22,0,192,175,Organization | ContactPoint | WebSite | Product | BreadcrumbList | ListItem,100,100,25,25,15,25,90,92,P3 保持监测,,,FC-L10TR Electro-Optical Gimbal | N-TET Drone Accessories,FC-L10TR Electro-Optical Gimbal,FC-L10TR Electro-Optical Gimbal Technical Specifications | Get Solution & Quotation | Overview | Technical Specifications | Get Solution & Quotation,.next/server/app/en/accessories/fc-l10tr-three-light-gimbal.html
/en/accessories/fc-l40-smart-optical-pod,en,accessory_detail,strong,100,FC-L40 Electro-Optical Gimbal,full_inventory,1635,4,1,5,18,22,0,192,175,Organization | ContactPoint | WebSite | Product | BreadcrumbList | ListItem,100,100,25,25,15,25,90,92,P3 保持监测,,,FC-L40 Electro-Optical Gimbal | N-TET Drone Accessories,FC-L40 Electro-Optical Gimbal,FC-L40 Electro-Optical Gimbal Technical Specifications | Get Solution & Quotation | Overview | Technical Specifications | Get Solution & Quotation,.next/server/app/en/accessories/fc-l40-smart-optical-pod.html
/en/accessories/fc-l40t-dual-light-gimbal,en,accessory_detail,strong,100,FC-L40T Electro-Optical Gimbal,full_inventory,1751,4,1,5,18,22,0,192,175,Organization | ContactPoint | WebSite | Product | BreadcrumbList | ListItem,100,100,25,25,15,25,90,92,P3 保持监测,,,FC-L40T Electro-Optical Gimbal | N-TET Drone Accessories,FC-L40T Electro-Optical Gimbal,FC-L40T Electro-Optical Gimbal Technical Specifications | Get Solution & Quotation | Overview | Technical Specifications | Get Solution & Quotation,.next/server/app/en/accessories/fc-l40t-dual-light-gimbal.html
/en/accessories/fc-l40tr-smart-optical-pod,en,accessory_detail,strong,100,FC-L40TR Electro-Optical Gimbal,full_inventory,1799,4,1,5,18,22,0,192,175,Organization | ContactPoint | WebSite | Product | BreadcrumbList | ListItem,100,100,25,25,15,25,90,92,P3 保持监测,,,FC-L40TR Electro-Optical Gimbal | N-TET Drone Accessories,FC-L40TR Electro-Optical Gimbal,FC-L40TR Electro-Optical Gimbal Technical Specifications | Get Solution & Quotation | Overview | Technical Specifications | Get Solution & Quotation,.next/server/app/en/accessories/fc-l40tr-smart-optical-pod.html
/en/accessories/fc-l50-smart-optical-pod,en,accessory_detail,strong,100,FC-L50 Electro-Optical Gimbal,full_inventory,1659,4,1,5,18,22,0,192,175,Organization | ContactPoint | WebSite | Product | BreadcrumbList | ListItem,100,100,25,25,15,25,90,92,P3 保持监测,,,FC-L50 Electro-Optical Gimbal | N-TET Drone Accessories,FC-L50 Electro-Optical Gimbal,FC-L50 Electro-Optical Gimbal Technical Specifications | Get Solution & Quotation | Overview | Technical Specifications | Get Solution & Quotation,.next/server/app/en/accessories/fc-l50-smart-optical-pod.html
/en/accessories/fc-ln100-dual-light-gimbal,en,accessory_detail,strong,100,FC-LN100 Electro-Optical Gimbal,full_inventory,1739,4,1,5,18,22,0,192,175,Organization | ContactPoint | WebSite | Product | BreadcrumbList | ListItem,100,100,25,25,15,25,90,92,P3 保持监测,,,FC-LN100 Electro-Optical Gimbal | N-TET Drone Accessories,FC-LN100 Electro-Optical Gimbal,FC-LN100 Electro-Optical Gimbal Technical Specifications | Get Solution & Quotation | Overview | Technical Specifications | Get Solution & Quotation,.next/server/app/en/accessories/fc-ln100-dual-light-gimbal.html
/en/accessories/fc-ln95-dual-light-gimbal,en,accessory_detail,strong,100,FC-LN95 Electro-Optical Gimbal,full_inventory,1793,4,1,5,18,22,0,192,175,Organization | ContactPoint | WebSite | Product | BreadcrumbList | ListItem,100,100,25,25,15,25,90,92,P3 保持监测,,,FC-LN95 Electro-Optical Gimbal | N-TET Drone Accessories,FC-LN95 Electro-Optical Gimbal,FC-LN95 Electro-Optical Gimbal Technical Specifications | Get Solution & Quotation | Overview | Technical Specifications | Get Solution & Quotation,.next/server/app/en/accessories/fc-ln95-dual-light-gimbal.html
/en/accessories/fc-max-5330,en,accessory_detail,strong,100,FC-MAX 5330 UAV Motor,full_inventory,4676,2,1,5,23,22,0,192,175,Organization | ContactPoint | WebSite | Product | BreadcrumbList | ListItem,91,90,25,25,15,25,90,83,P3 保持监测,有效正文段落偏少,增加 3-6 个有信息量的段落，避免只靠卡片、导航和短摘要支撑页面,FC-MAX 5330 UAV Motor | N-TET Drone Accessories,FC-MAX 5330 UAV Motor,FC-MAX 5330 UAV Motor Technical Specifications | Get Solution & Quotation | Overview | Technical Specifications | Get Solution & Quotation,.next/server/app/en/accessories/fc-max-5330.html
/en/accessories/fc-mesh-100,en,accessory_detail,strong,85,FC-Mesh-100 UAV Data Link,full_inventory,1732,6,1,5,22,22,0,192,175,Organization | ContactPoint | WebSite | Product | BreadcrumbList | ListItem,100,100,25,25,15,25,90,84,P3 保持监测,,,FC-Mesh-100 UAV Data Link | N-TET Drone Accessories,FC-Mesh-100 UAV Data Link,FC-Mesh-100 UAV Data Link Technical Specifications | Get Solution & Quotation | Overview | Technical Specifications | Get Solution & Quotation,.next/server/app/en/accessories/fc-mesh-100.html
/en/accessories/fc-mini-l10tr-smart-optical-pod,en,accessory_detail,strong,100,FC-MiniL10TR Electro-Optical Gimbal,full_inventory,1763,4,1,5,18,22,0,192,175,Organization | ContactPoint | WebSite | Product | BreadcrumbList | ListItem,100,100,25,25,15,25,90,92,P3 保持监测,,,FC-MiniL10TR Electro-Optical Gimbal | N-TET Drone Accessories,FC-MiniL10TR Electro-Optical Gimbal,FC-MiniL10TR Electro-Optical Gimbal Technical Specifications | Get Solution & Quotation | Overview | Technical Specifications | Get Solution & Quotation,.next/server/app/en/accessories/fc-mini-l10tr-smart-optical-pod.html
/en/accessories/fc-pab-propeller,en,accessory_detail,strong,85,FC-PAB UAV Propeller,full_inventory,1507,2,1,5,21,22,0,192,175,Organization | ContactPoint | WebSite | Product | BreadcrumbList | ListItem,91,90,25,25,15,25,90,75,P3 保持监测,有效正文段落偏少,增加 3-6 个有信息量的段落，避免只靠卡片、导航和短摘要支撑页面,FC-PAB UAV Propeller | N-TET Drone Accessories,FC-PAB UAV Propeller,FC-PAB UAV Propeller Technical Specifications | Get Solution & Quotation | Overview | Technical Specifications | Get Solution & Quotation,.next/server/app/en/accessories/fc-pab-propeller.html
/en/accessories/fc-pad-propeller,en,accessory_detail,strong,85,FC-PAD UAV Propeller,full_inventory,1507,2,1,5,21,22,0,192,175,Organization | ContactPoint | WebSite | Product | BreadcrumbList | ListItem,91,90,25,25,15,25,90,75,P3 保持监测,有效正文段落偏少,增加 3-6 个有信息量的段落，避免只靠卡片、导航和短摘要支撑页面,FC-PAD UAV Propeller | N-TET Drone Accessories,FC-PAD UAV Propeller,FC-PAD UAV Propeller Technical Specifications | Get Solution & Quotation | Overview | Technical Specifications | Get Solution & Quotation,.next/server/app/en/accessories/fc-pad-propeller.html
/en/accessories/fc-pae-propeller,en,accessory_detail,strong,85,FC-PAE UAV Propeller,full_inventory,1513,2,1,5,21,22,0,192,175,Organization | ContactPoint | WebSite | Product | BreadcrumbList | ListItem,91,90,25,25,15,25,90,75,P3 保持监测,有效正文段落偏少,增加 3-6 个有信息量的段落，避免只靠卡片、导航和短摘要支撑页面,FC-PAE UAV Propeller | N-TET Drone Accessories,FC-PAE UAV Propeller,FC-PAE UAV Propeller Technical Specifications | Get Solution & Quotation | Overview | Technical Specifications | Get Solution & Quotation,.next/server/app/en/accessories/fc-pae-propeller.html
/en/accessories/fc-pbf-propeller,en,accessory_detail,strong,85,FC-PBF UAV Propeller,full_inventory,1453,2,1,5,21,22,0,192,175,Organization | ContactPoint | WebSite | Product | BreadcrumbList | ListItem,91,90,25,25,15,25,90,75,P3 保持监测,有效正文段落偏少,增加 3-6 个有信息量的段落，避免只靠卡片、导航和短摘要支撑页面,FC-PBF UAV Propeller | N-TET Drone Accessories,FC-PBF UAV Propeller,FC-PBF UAV Propeller Technical Specifications | Get Solution & Quotation | Overview | Technical Specifications | Get Solution & Quotation,.next/server/app/en/accessories/fc-pbf-propeller.html
/en/accessories/fc-rm10x,en,accessory_detail,strong,100,FC-RM10X UAV Motor,full_inventory,2047,2,1,5,23,22,0,192,175,Organization | ContactPoint | WebSite | Product | BreadcrumbList | ListItem,91,90,25,25,15,25,90,75,P3 保持监测,有效正文段落偏少,增加 3-6 个有信息量的段落，避免只靠卡片、导航和短摘要支撑页面,FC-RM10X UAV Motor | N-TET Drone Accessories,FC-RM10X UAV Motor,FC-RM10X UAV Motor Technical Specifications | Get Solution & Quotation | Overview | Technical Specifications | Get Solution & Quotation,.next/server/app/en/accessories/fc-rm10x.html
/en/accessories/fc-rm30,en,accessory_detail,strong,100,FC-RM30 UAV Motor,full_inventory,5397,2,1,5,23,22,0,192,175,Organization | ContactPoint | WebSite | Product | BreadcrumbList | ListItem,91,90,25,25,15,25,90,83,P3 保持监测,有效正文段落偏少,增加 3-6 个有信息量的段落，避免只靠卡片、导航和短摘要支撑页面,FC-RM30 UAV Motor | N-TET Drone Accessories,FC-RM30 UAV Motor,FC-RM30 UAV Motor Technical Specifications | Get Solution & Quotation | Overview | Technical Specifications | Get Solution & Quotation,.next/server/app/en/accessories/fc-rm30.html
/en/accessories/fc-sjl-100,en,accessory_detail,strong,85,FC-SJL-100 UAV Data Link,full_inventory,1586,6,1,5,22,22,0,192,175,Organization | ContactPoint | WebSite | Product | BreadcrumbList | ListItem,100,100,25,25,15,25,90,84,P3 保持监测,,,FC-SJL-100 UAV Data Link | N-TET Drone Accessories,FC-SJL-100 UAV Data Link,FC-SJL-100 UAV Data Link Technical Specifications | Get Solution & Quotation | Overview | Technical Specifications | Get Solution & Quotation,.next/server/app/en/accessories/fc-sjl-100.html
/en/accessories/fc-sjl-200,en,accessory_detail,strong,85,FC-SJL-200 UAV Data Link,full_inventory,1590,6,1,5,22,22,0,192,175,Organization | ContactPoint | WebSite | Product | BreadcrumbList | ListItem,100,100,25,25,15,25,90,84,P3 保持监测,,,FC-SJL-200 UAV Data Link | N-TET Drone Accessories,FC-SJL-200 UAV Data Link,FC-SJL-200 UAV Data Link Technical Specifications | Get Solution & Quotation | Overview | Technical Specifications | Get Solution & Quotation,.next/server/app/en/accessories/fc-sjl-200.html
/en/accessories/fc-sjl-30,en,accessory_detail,strong,85,FC-SJL-30 UAV Data Link,full_inventory,1614,6,1,5,22,22,0,192,175,Organization | ContactPoint | WebSite | Product | BreadcrumbList | ListItem,100,100,25,25,15,25,90,84,P3 保持监测,,,FC-SJL-30 UAV Data Link | N-TET Drone Accessories,FC-SJL-30 UAV Data Link,FC-SJL-30 UAV Data Link Technical Specifications | Get Solution & Quotation | Overview | Technical Specifications | Get Solution & Quotation,.next/server/app/en/accessories/fc-sjl-30.html
/en/accessories/fc-sjl-380,en,accessory_detail,strong,85,FC-SJL-380 UAV Data Link,full_inventory,1592,6,1,5,22,22,0,192,175,Organization | ContactPoint | WebSite | Product | BreadcrumbList | ListItem,100,100,25,25,15,25,90,84,P3 保持监测,,,FC-SJL-380 UAV Data Link | N-TET Drone Accessories,FC-SJL-380 UAV Data Link,FC-SJL-380 UAV Data Link Technical Specifications | Get Solution & Quotation | Overview | Technical Specifications | Get Solution & Quotation,.next/server/app/en/accessories/fc-sjl-380.html
/en/accessories/fc-sjl-50,en,accessory_detail,strong,85,FC-SJL-50 UAV Data Link,full_inventory,1612,6,1,5,22,22,0,192,175,Organization | ContactPoint | WebSite | Product | BreadcrumbList | ListItem,100,100,25,25,15,25,90,84,P3 保持监测,,,FC-SJL-50 UAV Data Link | N-TET Drone Accessories,FC-SJL-50 UAV Data Link,FC-SJL-50 UAV Data Link Technical Specifications | Get Solution & Quotation | Overview | Technical Specifications | Get Solution & Quotation,.next/server/app/en/accessories/fc-sjl-50.html
/en/accessories/fc-u10-pro,en,accessory_detail,strong,85,FC-U10-PRO Flight Controller,full_inventory,1337,4,1,5,20,22,0,192,175,Organization | ContactPoint | WebSite | Product | BreadcrumbList | ListItem,100,100,25,25,15,25,90,84,P3 保持监测,,,FC-U10-PRO Flight Controller | N-TET Drone Accessories,FC-U10-PRO Flight Controller,FC-U10-PRO Flight Controller Technical Specifications | Get Solution & Quotation | Overview | Technical Specifications | Get Solution & Quotation,.next/server/app/en/accessories/fc-u10-pro.html
/en/accessories/fc-u110,en,accessory_detail,strong,100,FC-U110 UAV Motor,full_inventory,5119,2,1,5,23,22,0,192,175,Organization | ContactPoint | WebSite | Product | BreadcrumbList | ListItem,91,90,25,25,15,25,90,83,P3 保持监测,有效正文段落偏少,增加 3-6 个有信息量的段落，避免只靠卡片、导航和短摘要支撑页面,FC-U110 UAV Motor | N-TET Drone Accessories,FC-U110 UAV Motor,FC-U110 UAV Motor Technical Specifications | Get Solution & Quotation | Overview | Technical Specifications | Get Solution & Quotation,.next/server/app/en/accessories/fc-u110.html
/en/accessories/fc-u12,en,accessory_detail,strong,85,FC-U12 Flight Controller,full_inventory,1321,4,1,5,20,22,0,192,175,Organization | ContactPoint | WebSite | Product | BreadcrumbList | ListItem,100,100,25,25,15,25,90,84,P3 保持监测,,,FC-U12 Flight Controller | N-TET Drone Accessories,FC-U12 Flight Controller,FC-U12 Flight Controller Technical Specifications | Get Solution & Quotation | Overview | Technical Specifications | Get Solution & Quotation,.next/server/app/en/accessories/fc-u12.html
/en/accessories/fc-u8013,en,accessory_detail,strong,100,FC-U8013 UAV Motor,full_inventory,1715,2,1,5,22,22,0,192,175,Organization | ContactPoint | WebSite | Product | BreadcrumbList | ListItem,91,90,25,25,15,25,90,75,P3 保持监测,有效正文段落偏少,增加 3-6 个有信息量的段落，避免只靠卡片、导航和短摘要支撑页面,FC-U8013 UAV Motor | N-TET Drone Accessories,FC-U8013 UAV Motor,FC-U8013 UAV Motor Technical Specifications | Get Solution & Quotation | Overview | Technical Specifications | Get Solution & Quotation,.next/server/app/en/accessories/fc-u8013.html
/en/accessories/fc-u9-ag,en,accessory_detail,strong,85,FC-U9-AG Agricultural Flight Controller,full_inventory,1372,4,1,5,20,22,0,192,175,Organization | ContactPoint | WebSite | Product | BreadcrumbList | ListItem,100,100,25,25,15,25,90,84,P3 保持监测,,,FC-U9-AG Agricultural Flight Controller | N-TET Drone Accessories,FC-U9-AG Agricultural Flight Controller,FC-U9-AG Agricultural Flight Controller Technical Specifications | Get Solution & Quotation | Overview | Technical Specifications | Get Solution & Quotation,.next/server/app/en/accessories/fc-u9-ag.html
/en/accessories/fc-w2u-propeller,en,accessory_detail,strong,85,FC-W2U UAV Propeller,full_inventory,1395,2,1,5,21,22,0,192,175,Organization | ContactPoint | WebSite | Product | BreadcrumbList | ListItem,91,90,25,25,15,25,90,75,P3 保持监测,有效正文段落偏少,增加 3-6 个有信息量的段落，避免只靠卡片、导航和短摘要支撑页面,FC-W2U UAV Propeller | N-TET Drone Accessories,FC-W2U UAV Propeller,FC-W2U UAV Propeller Technical Specifications | Get Solution & Quotation | Overview | Technical Specifications | Get Solution & Quotation,.next/server/app/en/accessories/fc-w2u-propeller.html
/en/accessories/fc-x8030,en,accessory_detail,strong,100,FC-X8030 UAV Motor,full_inventory,4269,2,1,5,23,22,0,192,175,Organization | ContactPoint | WebSite | Product | BreadcrumbList | ListItem,91,90,25,25,15,25,90,75,P3 保持监测,有效正文段落偏少,增加 3-6 个有信息量的段落，避免只靠卡片、导航和短摘要支撑页面,FC-X8030 UAV Motor | N-TET Drone Accessories,FC-X8030 UAV Motor,FC-X8030 UAV Motor Technical Specifications | Get Solution & Quotation | Overview | Technical Specifications | Get Solution & Quotation,.next/server/app/en/accessories/fc-x8030.html
/en/accessories/fc-xh14,en,accessory_detail,strong,100,FC-XH14 UAV Motor,full_inventory,2435,2,1,5,23,22,0,192,175,Organization | ContactPoint | WebSite | Product | BreadcrumbList | ListItem,91,90,25,25,15,25,90,75,P3 保持监测,有效正文段落偏少,增加 3-6 个有信息量的段落，避免只靠卡片、导航和短摘要支撑页面,FC-XH14 UAV Motor | N-TET Drone Accessories,FC-XH14 UAV Motor,FC-XH14 UAV Motor Technical Specifications | Get Solution & Quotation | Overview | Technical Specifications | Get Solution & Quotation,.next/server/app/en/accessories/fc-xh14.html
/en/accessories/fc-yk15-remote-controller,en,accessory_detail,strong,100,FC-YK15 UAV Remote Controller,full_inventory,1580,4,1,5,24,22,0,192,175,Organization | ContactPoint | WebSite | Product | BreadcrumbList | ListItem,100,100,25,25,15,25,90,84,P3 保持监测,,,FC-YK15 UAV Remote Controller | N-TET Drone Accessories,FC-YK15 UAV Remote Controller,FC-YK15 UAV Remote Controller Technical Specifications | Get Solution & Quotation | Overview | Technical Specifications | Get Solution & Quotation,.next/server/app/en/accessories/fc-yk15-remote-controller.html
/en/accessories/fc-yk24-remote-controller,en,accessory_detail,strong,85,FC-YK24 UAV Remote Controller,full_inventory,1752,4,1,5,24,22,0,192,175,Organization | ContactPoint | WebSite | Product | BreadcrumbList | ListItem,100,100,25,25,15,25,90,84,P3 保持监测,,,FC-YK24 UAV Remote Controller | N-TET Drone Accessories,FC-YK24 UAV Remote Controller,FC-YK24 UAV Remote Controller Technical Specifications | Get Solution & Quotation | Overview | Technical Specifications | Get Solution & Quotation,.next/server/app/en/accessories/fc-yk24-remote-controller.html
/en/accessories/fc-yk32-remote-controller,en,accessory_detail,strong,85,FC-YK32 UAV Remote Controller,full_inventory,1608,4,1,5,24,22,0,192,175,Organization | ContactPoint | WebSite | Product | BreadcrumbList | ListItem,100,100,25,25,15,25,90,84,P3 保持监测,,,FC-YK32 UAV Remote Controller | N-TET Drone Accessories,FC-YK32 UAV Remote Controller,FC-YK32 UAV Remote Controller Technical Specifications | Get Solution & Quotation | Overview | Technical Specifications | Get Solution & Quotation,.next/server/app/en/accessories/fc-yk32-remote-controller.html
/en/accessories/fc-ykrc7-remote-controller,en,accessory_detail,strong,85,FC-YKRC7 UAV Remote Controller,full_inventory,2026,4,1,5,24,22,0,192,175,Organization | ContactPoint | WebSite | Product | BreadcrumbList | ListItem,100,100,25,25,15,25,90,84,P3 保持监测,,,FC-YKRC7 UAV Remote Controller | N-TET Drone Accessories,FC-YKRC7 UAV Remote Controller,FC-YKRC7 UAV Remote Controller Technical Specifications | Get Solution & Quotation | Overview | Technical Specifications | Get Solution & Quotation,.next/server/app/en/accessories/fc-ykrc7-remote-controller.html
/en/cases,en,case_list,strong,100,UAV inspection cases,high_value_en,1195,4,1,3,35,38,0,205,190,Organization | ContactPoint | WebSite,100,100,25,20,15,21,81,66,P2 建议增强,,,UAV Inspection Cases & Low Altitude Monitoring Case | N-TET,UAV Inspection Cases,UAV Inspection Cases Project Overview | Get Solution & Quotation | Get Solution & Quotation,.next/server/app/en/cases.html
/en/cases/anhui-flood-season-uav-patrol,en,case_detail,strong,100,Anhui Flood-Season Emergency UAV Patrol,full_inventory,1251,4,1,6,22,26,0,196,177,Organization | ContactPoint | WebSite | Article | BreadcrumbList | ListItem,90,93,25,25,15,25,90,84,P3 保持监测,缺少页面类型应有证据：hasRelatedProducts; 文章/案例缺少明显日期信号,按页面类型补齐证据模块，而不是继续堆关键词; 补充发布日期或最后更新时间，提升可信度与 freshness,Anhui Flood-Season Emergency UAV Patrol | N-TET,Anhui Flood-Season Emergency UAV Patrol,Anhui Flood-Season Emergency UAV Patrol Project Overview | Related Equipment | Get Solution & Quotation | Overview | Related Equipment | Get Solution & Quotation,.next/server/app/en/cases/anhui-flood-season-uav-patrol.html
/en/cases/brazil-refinery-low-altitude-monitoring,en,case_detail,strong,100,Airspace Monitoring Case of a Refinery in Brazil,full_inventory,1382,4,1,6,26,30,0,200,181,Organization | ContactPoint | WebSite | Article | BreadcrumbList | ListItem,90,93,25,25,15,25,90,84,P3 保持监测,缺少页面类型应有证据：hasRelatedProducts; 文章/案例缺少明显日期信号,按页面类型补齐证据模块，而不是继续堆关键词; 补充发布日期或最后更新时间，提升可信度与 freshness,Airspace Monitoring Case of a Refinery in Brazil | N-TET,Airspace Monitoring Case of a Refinery in Brazil,Airspace Monitoring Case of a Refinery in Brazil Project Overview | Related Equipment | Get Solution & Quotation | Overview | Related Equipment | Get Solution & Quotation,.next/server/app/en/cases/brazil-refinery-low-altitude-monitoring.html
/en/cases/ice-snow-emergency-uav-inspection,en,case_detail,strong,100,Ice and Snow Disaster Emergency UAV Inspection,full_inventory,1387,4,1,6,22,26,0,196,177,Organization | ContactPoint | WebSite | Article | BreadcrumbList | ListItem,90,93,25,25,15,25,90,84,P3 保持监测,缺少页面类型应有证据：hasRelatedProducts; 文章/案例缺少明显日期信号,按页面类型补齐证据模块，而不是继续堆关键词; 补充发布日期或最后更新时间，提升可信度与 freshness,Ice and Snow Disaster Emergency UAV Inspection | N-TET,Ice and Snow Disaster Emergency UAV Inspection,Ice and Snow Disaster Emergency UAV Inspection Project Overview | Related Equipment | Get Solution & Quotation | Overview | Related Equipment | Get Solution & Quotation,.next/server/app/en/cases/ice-snow-emergency-uav-inspection.html
/en/cases/lidar-tree-obstruction-uav-inspection,en,case_detail,strong,100,LiDAR Tree-Obstruction UAV Inspection,full_inventory,1226,4,1,6,22,30,0,196,177,Organization | ContactPoint | WebSite | Article | BreadcrumbList | ListItem,90,93,25,25,15,25,90,84,P3 保持监测,缺少页面类型应有证据：hasRelatedProducts; 文章/案例缺少明显日期信号,按页面类型补齐证据模块，而不是继续堆关键词; 补充发布日期或最后更新时间，提升可信度与 freshness,LiDAR Tree-Obstruction UAV Inspection | N-TET,LiDAR Tree-Obstruction UAV Inspection,LiDAR Tree-Obstruction UAV Inspection Project Overview | Related Equipment | Get Solution & Quotation | Overview | Related Equipment | Get Solution & Quotation,.next/server/app/en/cases/lidar-tree-obstruction-uav-inspection.html
/en/cases/nigeria-factory-low-altitude-monitoring,en,case_detail,strong,100,Airspace Monitoring Case of a Group Factory in Nigeria,full_inventory,1305,4,1,6,26,30,0,200,181,Organization | ContactPoint | WebSite | Article | BreadcrumbList | ListItem,90,93,25,25,15,25,90,84,P3 保持监测,缺少页面类型应有证据：hasRelatedProducts; 文章/案例缺少明显日期信号,按页面类型补齐证据模块，而不是继续堆关键词; 补充发布日期或最后更新时间，提升可信度与 freshness,Airspace Monitoring Case of a Group Factory in Nigeria | N-TET,Airspace Monitoring Case of a Group Factory in Nigeria,Airspace Monitoring Case of a Group Factory in Nigeria Project Overview | Related Equipment | Get Solution & Quotation | Overview | Related Equipment | Get Solution & Quotation,.next/server/app/en/cases/nigeria-factory-low-altitude-monitoring.html
/en/cases/pakistan-power-plant-low-altitude-monitoring,en,case_detail,strong,100,Airspace Monitoring Case of a Power Plant in Pakistan,full_inventory,1389,4,1,6,26,30,0,200,181,Organization | ContactPoint | WebSite | Article | BreadcrumbList | ListItem,90,93,25,25,15,25,90,84,P3 保持监测,缺少页面类型应有证据：hasRelatedProducts; 文章/案例缺少明显日期信号,按页面类型补齐证据模块，而不是继续堆关键词; 补充发布日期或最后更新时间，提升可信度与 freshness,Airspace Monitoring Case of a Power Plant in Pakistan | N-TET,Airspace Monitoring Case of a Power Plant in Pakistan,Airspace Monitoring Case of a Power Plant in Pakistan Project Overview | Related Equipment | Get Solution & Quotation | Overview | Related Equipment | Get Solution & Quotation,.next/server/app/en/cases/pakistan-power-plant-low-altitude-monitoring.html
/en/cases/southern-grid-wildfire-uav-inspection,en,case_detail,strong,100,Southern Grid Wildfire Prevention UAV Inspection,full_inventory,1312,4,1,6,22,26,0,196,177,Organization | ContactPoint | WebSite | Article | BreadcrumbList | ListItem,90,93,25,25,15,25,90,84,P3 保持监测,缺少页面类型应有证据：hasRelatedProducts; 文章/案例缺少明显日期信号,按页面类型补齐证据模块，而不是继续堆关键词; 补充发布日期或最后更新时间，提升可信度与 freshness,Southern Grid Wildfire Prevention UAV Inspection | N-TET,Southern Grid Wildfire Prevention UAV Inspection,Southern Grid Wildfire Prevention UAV Inspection Project Overview | Related Equipment | Get Solution & Quotation | Overview | Related Equipment | Get Solution & Quotation,.next/server/app/en/cases/southern-grid-wildfire-uav-inspection.html
/en/cases/wildfire-emergency-transmission-line-uav-patrol,en,case_detail,strong,100,Wildfire Emergency Transmission-Line UAV Patrol,full_inventory,1383,6,1,6,22,26,0,196,177,Organization | ContactPoint | WebSite | Article | BreadcrumbList | ListItem,90,93,25,25,15,25,90,84,P3 保持监测,缺少页面类型应有证据：hasRelatedProducts; 文章/案例缺少明显日期信号,按页面类型补齐证据模块，而不是继续堆关键词; 补充发布日期或最后更新时间，提升可信度与 freshness,Wildfire Emergency Transmission-Line UAV Patrol | N-TET,Wildfire Emergency Transmission-Line UAV Patrol,Wildfire Emergency Transmission-Line UAV Patrol Project Overview | Related Equipment | Get Solution & Quotation | Overview | Related Equipment | Get Solution & Quotation,.next/server/app/en/cases/wildfire-emergency-transmission-line-uav-patrol.html
/en/cases/zhaoqing-long-distance-power-line-uav-inspection,en,case_detail,strong,100,Zhaoqing Long-Distance Power-Line UAV Inspection,full_inventory,1361,4,1,6,22,34,0,196,177,Organization | ContactPoint | WebSite | Article | BreadcrumbList | ListItem,90,93,25,25,15,25,90,84,P3 保持监测,缺少页面类型应有证据：hasRelatedProducts; 文章/案例缺少明显日期信号,按页面类型补齐证据模块，而不是继续堆关键词; 补充发布日期或最后更新时间，提升可信度与 freshness,Zhaoqing Long-Distance Power-Line UAV Inspection | N-TET,Zhaoqing Long-Distance Power-Line UAV Inspection,Zhaoqing Long-Distance Power-Line UAV Inspection Project Overview | Related Equipment | Get Solution & Quotation | Overview | Related Equipment | Get Solution & Quotation,.next/server/app/en/cases/zhaoqing-long-distance-power-line-uav-inspection.html
/en/contact,en,contact,strong,100,industrial UAV quote,high_value_en,1108,4,1,3,20,20,0,189,173,Organization | ContactPoint | WebSite,100,100,25,20,15,21,81,66,P2 建议增强,,,Industrial UAV Quote | N-TET,Industrial UAV Quote,Industrial UAV Quote and Project Consultation | Get Solution & Quotation | Get Solution & Quotation,.next/server/app/en/contact.html
/en/media,en,media_list,strong,100,industrial UAV news,high_value_en,1162,4,1,4,26,29,0,196,181,Organization | ContactPoint | WebSite,100,100,25,20,15,21,81,74,P2 建议增强,,,Industrial UAV News & Low Altitude Economy Updates | N-TET,Industrial UAV News,Industrial UAV News Insights | Latest | Get Solution & Quotation | Get Solution & Quotation,.next/server/app/en/media.html
/en/media/border-surveillance-uav-network-2026,en,media_article,partial,70,UAV and EO/IR Networks Improve Remote Patrol Visibility,partial_keyword_page,1821,19,1,4,22,23,0,192,173,Organization | ContactPoint | WebSite | Article | BreadcrumbList | ListItem,100,100,25,25,20,25,95,92,P3 保持监测,,,UAV and EO/IR Networks Improve Remote Patrol Visibility | N-TET,UAV and EO/IR Networks Improve Remote Patrol Visibility,Editorial Review and Project Signals | Get Solution & Quotation | Editorial Review and Project Signals | Get Solution & Quotation,.next/server/app/en/media/border-surveillance-uav-network-2026.html
/en/media/industrial-uav-redundancy-2026,en,media_article,partial,70,Dual-Redundant Flight Control: How Industrial UAVs Achieve Mission-Grade Reliability,partial_keyword_page,2477,17,1,4,22,23,0,192,173,Organization | ContactPoint | WebSite | Article | BreadcrumbList | ListItem,100,100,25,25,20,25,95,92,P3 保持监测,,,Dual-Redundant Flight Control: How Industrial UAVs Achieve Mission-Grade Reliability | N-TET,Dual-Redundant Flight Control: How Industrial UAVs Achieve Mission-Grade Reliability,Editorial Review and Project Signals | Get Solution & Quotation | Editorial Review and Project Signals | Get Solution & Quotation,.next/server/app/en/media/industrial-uav-redundancy-2026.html
/en/media/low-altitude-economy-2026-outlook,en,media_article,partial,70,China's Low-Altitude Economy: 2026 Outlook on a Two-Trillion-RMB Trajectory,partial_keyword_page,2645,21,1,4,22,23,0,192,173,Organization | ContactPoint | WebSite | Article | BreadcrumbList | ListItem,100,100,25,25,20,25,95,92,P3 保持监测,,,China's Low-Altitude Economy: 2026 Outlook on a Two-Trillion-RMB Trajectory | N-TET,China's Low-Altitude Economy: 2026 Outlook on a Two-Trillion-RMB Trajectory,Editorial Review and Project Signals | Get Solution & Quotation | Editorial Review and Project Signals | Get Solution & Quotation,.next/server/app/en/media/low-altitude-economy-2026-outlook.html
/en/media/tethered-uav-persistent-surveillance-2026,en,media_article,partial,70,Tethered UAVs: Continuous Aerial Monitoring for Events and Remote Sites,partial_keyword_page,2007,19,1,4,22,23,0,192,173,Organization | ContactPoint | WebSite | Article | BreadcrumbList | ListItem,100,100,25,25,20,25,95,92,P3 保持监测,,,Tethered UAVs: Continuous Aerial Monitoring for Events and Remote Sites | N-TET,Tethered UAVs: Continuous Aerial Monitoring for Events and Remote Sites,Editorial Review and Project Signals | Get Solution & Quotation | Editorial Review and Project Signals | Get Solution & Quotation,.next/server/app/en/media/tethered-uav-persistent-surveillance-2026.html
/en/products,en,product_list,strong,100,industrial UAV systems,high_value_en,1319,9,1,4,46,41,0,207,192,Organization | ContactPoint | WebSite,100,100,25,20,15,21,81,74,P2 建议增强,,,Industrial UAV Systems & Monitoring Equipment | N-TET,Industrial UAV Systems & Monitoring Equipment,"Industrial UAV Systems, Monitoring Equipment, and Project Fit | UAV & Drone Systems | Product Selection FAQ | Get Solution & Quotation",.next/server/app/en/products.html
/en/products/bailey-bridge,en,product_detail,strong,100,Bailey Steel Bridge Overview,high_value_en,1514,2,1,5,18,22,0,192,173,Organization | ContactPoint | WebSite | Product | BreadcrumbList | ListItem,91,90,25,25,15,25,90,75,P3 保持监测,有效正文段落偏少; 缺少 FAQ / 采购问题解答模块,增加 3-6 个有信息量的段落，避免只靠卡片、导航和短摘要支撑页面; 增加 3-5 个真实采购/部署问题，提升长尾覆盖和 AI 引用可读性,Bailey Steel Bridge Overview | N-TET,Bailey Steel Bridge Overview,Bailey Steel Bridge Overview Technical Specifications | Get Solution & Quotation | Overview | Technical Specifications | Get Solution & Quotation,.next/server/app/en/products/bailey-bridge.html
/en/products/composite-electro-optical-tracking-system,en,product_detail,strong,100,Electro-Optical EO Tracking System,full_inventory,1676,2,1,5,18,22,0,192,173,Organization | ContactPoint | WebSite | Product | BreadcrumbList | ListItem,91,90,25,25,15,25,90,75,P3 保持监测,有效正文段落偏少; 缺少 FAQ / 采购问题解答模块,增加 3-6 个有信息量的段落，避免只靠卡片、导航和短摘要支撑页面; 增加 3-5 个真实采购/部署问题，提升长尾覆盖和 AI 引用可读性,Electro-Optical (EO) Tracking System | N-TET,Electro-Optical EO Tracking System,Electro-Optical EO Tracking System Technical Specifications | Get Solution & Quotation | Overview | Technical Specifications | Get Solution & Quotation,.next/server/app/en/products/composite-electro-optical-tracking-system.html
/en/products/containerized-medical-rescue-system,en,product_detail,strong,100,Containerized Medical Rescue System,full_inventory,1414,2,1,5,18,22,0,192,173,Organization | ContactPoint | WebSite | Product | BreadcrumbList | ListItem,91,90,25,25,15,25,90,75,P3 保持监测,有效正文段落偏少; 缺少 FAQ / 采购问题解答模块,增加 3-6 个有信息量的段落，避免只靠卡片、导航和短摘要支撑页面; 增加 3-5 个真实采购/部署问题，提升长尾覆盖和 AI 引用可读性,Containerized Medical Rescue System | N-TET,Containerized Medical Rescue System,Containerized Medical Rescue System Technical Specifications | Get Solution & Quotation | Overview | Technical Specifications | Get Solution & Quotation,.next/server/app/en/products/containerized-medical-rescue-system.html
/en/products/emergency-search-rescue-drone,en,product_detail,strong,100,thermal drones for search and rescue,full_inventory,1822,6,1,5,22,24,0,192,173,Organization | ContactPoint | WebSite | Product | BreadcrumbList | ListItem,100,100,25,25,15,25,90,84,P3 保持监测,缺少 FAQ / 采购问题解答模块,增加 3-5 个真实采购/部署问题，提升长尾覆盖和 AI 引用可读性,Emergency Search & Rescue Drone | N-TET,Emergency Search & Rescue Drone,Emergency Search & Rescue Drone Technical Specifications | Get Solution & Quotation | Overview | Technical Specifications | Get Solution & Quotation,.next/server/app/en/products/emergency-search-rescue-drone.html
/en/products/fbg-g15-fc06-explosion-containment-vessel,en,product_detail,strong,100,Explosion Containment Vessel FBG-G1.5-FC06,full_inventory,1597,2,1,5,18,22,0,192,173,Organization | ContactPoint | WebSite | Product | BreadcrumbList | ListItem,91,90,25,25,15,25,90,83,P3 保持监测,有效正文段落偏少; 缺少 FAQ / 采购问题解答模块,增加 3-6 个有信息量的段落，避免只靠卡片、导航和短摘要支撑页面; 增加 3-5 个真实采购/部署问题，提升长尾覆盖和 AI 引用可读性,Explosion Containment Vessel FBG-G1.5-FC06 | N-TET,Explosion Containment Vessel FBG-G1.5-FC06,Explosion Containment Vessel FBG-G1.5-FC06 Technical Specifications | Get Solution & Quotation | Overview | Technical Specifications | Get Solution & Quotation,.next/server/app/en/products/fbg-g15-fc06-explosion-containment-vessel.html
/en/products/fbt-fc09-explosion-protection-blanket,en,product_detail,strong,100,Explosion Protection Blanket FBT-FC09,full_inventory,1540,2,1,5,18,22,0,192,173,Organization | ContactPoint | WebSite | Product | BreadcrumbList | ListItem,91,90,25,25,15,25,90,75,P3 保持监测,有效正文段落偏少; 缺少 FAQ / 采购问题解答模块,增加 3-6 个有信息量的段落，避免只靠卡片、导航和短摘要支撑页面; 增加 3-5 个真实采购/部署问题，提升长尾覆盖和 AI 引用可读性,Explosion Protection Blanket FBT-FC09 | N-TET,Explosion Protection Blanket FBT-FC09,Explosion Protection Blanket FBT-FC09 Technical Specifications | Get Solution & Quotation | Overview | Technical Specifications | Get Solution & Quotation,.next/server/app/en/products/fbt-fc09-explosion-protection-blanket.html
/en/products/fc-3000-ferromagnetic-detection-column,en,product_detail,strong,100,Intelligent Ferromagnetic Detection System FC-3000,full_inventory,1637,2,1,5,18,22,0,192,173,Organization | ContactPoint | WebSite | Product | BreadcrumbList | ListItem,91,90,25,25,15,25,90,75,P3 保持监测,有效正文段落偏少; 缺少 FAQ / 采购问题解答模块,增加 3-6 个有信息量的段落，避免只靠卡片、导航和短摘要支撑页面; 增加 3-5 个真实采购/部署问题，提升长尾覆盖和 AI 引用可读性,Intelligent Ferromagnetic Detection System FC-3000 | N-TET,Intelligent Ferromagnetic Detection System FC-3000,Intelligent Ferromagnetic Detection System FC-3000 Technical Specifications | Get Solution & Quotation | Overview | Technical Specifications | Get Solution & Quotation,.next/server/app/en/products/fc-3000-ferromagnetic-detection-column.html
/en/products/fc-c-deluxe-walk-through-metal-detector,en,product_detail,strong,100,Walk-Through Metal Detector FC-C Deluxe,full_inventory,1731,2,1,5,18,22,0,192,173,Organization | ContactPoint | WebSite | Product | BreadcrumbList | ListItem,91,90,25,25,15,25,90,75,P3 保持监测,有效正文段落偏少; 缺少 FAQ / 采购问题解答模块,增加 3-6 个有信息量的段落，避免只靠卡片、导航和短摘要支撑页面; 增加 3-5 个真实采购/部署问题，提升长尾覆盖和 AI 引用可读性,Walk-Through Metal Detector FC-C (Deluxe) | N-TET,Walk-Through Metal Detector FC-C Deluxe,Walk-Through Metal Detector FC-C Deluxe Technical Specifications | Get Solution & Quotation | Overview | Technical Specifications | Get Solution & Quotation,.next/server/app/en/products/fc-c-deluxe-walk-through-metal-detector.html
/en/products/fc-c-lcd-walk-through-metal-detector,en,product_detail,strong,100,Walk-Through Metal Detector FC-C LCD,full_inventory,1728,2,1,5,18,22,0,192,173,Organization | ContactPoint | WebSite | Product | BreadcrumbList | ListItem,91,90,25,25,15,25,90,75,P3 保持监测,有效正文段落偏少; 缺少 FAQ / 采购问题解答模块,增加 3-6 个有信息量的段落，避免只靠卡片、导航和短摘要支撑页面; 增加 3-5 个真实采购/部署问题，提升长尾覆盖和 AI 引用可读性,"Walk-Through Metal Detector FC-C (LCD, 12-Zone) | N-TET","Walk-Through Metal Detector FC-C LCD, 12-Zone","Walk-Through Metal Detector FC-C LCD, 12-Zone Technical Specifications | Get Solution & Quotation | Overview | Technical Specifications | Get Solution & Quotation",.next/server/app/en/products/fc-c-lcd-walk-through-metal-detector.html
/en/products/fc-dlxj-01-power-grid-inspection-drone,en,product_detail,strong,100,drone power line inspection,full_inventory,1444,2,1,5,18,22,0,192,173,Organization | ContactPoint | WebSite | Product | BreadcrumbList | ListItem,91,90,25,25,15,25,90,75,P3 保持监测,有效正文段落偏少; 缺少 FAQ / 采购问题解答模块,增加 3-6 个有信息量的段落，避免只靠卡片、导航和短摘要支撑页面; 增加 3-5 个真实采购/部署问题，提升长尾覆盖和 AI 引用可读性,Power Grid Inspection Drone | N-TET,Power Grid Inspection Drone,Power Grid Inspection Drone Technical Specifications | Get Solution & Quotation | Overview | Technical Specifications | Get Solution & Quotation,.next/server/app/en/products/fc-dlxj-01-power-grid-inspection-drone.html
/en/products/fc-dma-long-range-optical-turntable,en,product_detail,strong,100,FC-DMA Multi-Spectral EO/IR PTZ Turret,full_inventory,2298,2,1,5,18,22,0,192,173,Organization | ContactPoint | WebSite | Product | BreadcrumbList | ListItem,91,90,25,25,15,25,90,75,P3 保持监测,有效正文段落偏少; 缺少 FAQ / 采购问题解答模块,增加 3-6 个有信息量的段落，避免只靠卡片、导航和短摘要支撑页面; 增加 3-5 个真实采购/部署问题，提升长尾覆盖和 AI 引用可读性,FC-DMA Multi-Spectral EO/IR PTZ Turret | N-TET,FC-DMA Multi-Spectral EO/IR PTZ Turret,FC-DMA Multi-Spectral EO/IR PTZ Turret Technical Specifications | Get Solution & Quotation | Overview | Technical Specifications | Get Solution & Quotation,.next/server/app/en/products/fc-dma-long-range-optical-turntable.html
/en/products/fc-dms10-smart-electronic-sentinel,en,product_detail,strong,100,FC-DMS10 Series Smart Electronic Sentinel,full_inventory,1797,2,1,5,18,22,0,192,173,Organization | ContactPoint | WebSite | Product | BreadcrumbList | ListItem,91,90,25,25,15,25,90,75,P3 保持监测,有效正文段落偏少; 缺少 FAQ / 采购问题解答模块,增加 3-6 个有信息量的段落，避免只靠卡片、导航和短摘要支撑页面; 增加 3-5 个真实采购/部署问题，提升长尾覆盖和 AI 引用可读性,FC-DMS10 Series Smart Electronic Sentinel | N-TET,FC-DMS10 Series Smart Electronic Sentinel,FC-DMS10 Series Smart Electronic Sentinel Technical Specifications | Get Solution & Quotation | Overview | Technical Specifications | Get Solution & Quotation,.next/server/app/en/products/fc-dms10-smart-electronic-sentinel.html
/en/products/fc-dtvc-dual-band-thermal-ptz,en,product_detail,strong,100,FC-DTVC Series Dual-Band Thermal High-Speed Dome,full_inventory,2094,2,1,5,18,22,0,192,173,Organization | ContactPoint | WebSite | Product | BreadcrumbList | ListItem,91,90,25,25,15,25,90,75,P3 保持监测,有效正文段落偏少; 缺少 FAQ / 采购问题解答模块,增加 3-6 个有信息量的段落，避免只靠卡片、导航和短摘要支撑页面; 增加 3-5 个真实采购/部署问题，提升长尾覆盖和 AI 引用可读性,FC-DTVC Series Dual-Band Thermal High-Speed Dome | N-TET,FC-DTVC Series Dual-Band Thermal High-Speed Dome,FC-DTVC Series Dual-Band Thermal High-Speed Dome Technical Specifications | Get Solution & Quotation | Overview | Technical Specifications | Get Solution & Quotation,.next/server/app/en/products/fc-dtvc-dual-band-thermal-ptz.html
/en/products/fc-h-smart-phone-detection-gate,en,product_detail,strong,100,Smart Phone Detection Gate FC-H,full_inventory,2119,2,1,5,18,22,0,192,173,Organization | ContactPoint | WebSite | Product | BreadcrumbList | ListItem,91,90,25,25,15,25,90,83,P3 保持监测,有效正文段落偏少; 缺少 FAQ / 采购问题解答模块,增加 3-6 个有信息量的段落，避免只靠卡片、导航和短摘要支撑页面; 增加 3-5 个真实采购/部署问题，提升长尾覆盖和 AI 引用可读性,Smart Phone Detection Gate FC-H | N-TET,Smart Phone Detection Gate FC-H,Smart Phone Detection Gate FC-H Technical Specifications | Get Solution & Quotation | Overview | Technical Specifications | Get Solution & Quotation,.next/server/app/en/products/fc-h-smart-phone-detection-gate.html
/en/products/fc-h-smart-phone-detection-gate-29in,en,product_detail,strong,100,Smart Phone Detection Gate FC-H 29-inch Display,full_inventory,1773,2,1,5,18,22,0,192,173,Organization | ContactPoint | WebSite | Product | BreadcrumbList | ListItem,91,90,25,25,15,25,90,83,P3 保持监测,有效正文段落偏少; 缺少 FAQ / 采购问题解答模块,增加 3-6 个有信息量的段落，避免只靠卡片、导航和短摘要支撑页面; 增加 3-5 个真实采购/部署问题，提升长尾覆盖和 AI 引用可读性,Smart Phone Detection Gate FC-H (29-inch Display) | N-TET,Smart Phone Detection Gate FC-H 29-inch Display,Smart Phone Detection Gate FC-H 29-inch Display Technical Specifications | Get Solution & Quotation | Overview | Technical Specifications | Get Solution & Quotation,.next/server/app/en/products/fc-h-smart-phone-detection-gate-29in.html
/en/products/fc-pd500-personal-radiation-dose-alarm,en,product_detail,strong,100,FC-PD500 X-γ Personal Radiation Dose Alarm,full_inventory,1848,2,1,5,18,22,0,192,173,Organization | ContactPoint | WebSite | Product | BreadcrumbList | ListItem,91,90,25,25,15,25,90,75,P3 保持监测,有效正文段落偏少; 缺少 FAQ / 采购问题解答模块,增加 3-6 个有信息量的段落，避免只靠卡片、导航和短摘要支撑页面; 增加 3-5 个真实采购/部署问题，提升长尾覆盖和 AI 引用可读性,FC-PD500 X-γ Personal Radiation Dose Alarm | N-TET,FC-PD500 X-γ Personal Radiation Dose Alarm,FC-PD500 X-γ Personal Radiation Dose Alarm Technical Specifications | Get Solution & Quotation | Overview | Technical Specifications | Get Solution & Quotation,.next/server/app/en/products/fc-pd500-personal-radiation-dose-alarm.html
/en/products/fc-rc-series-hd-laser-camera,en,product_detail,strong,100,FC-RC Series HD Long-Range Laser Camera,full_inventory,1936,2,1,5,18,22,0,192,173,Organization | ContactPoint | WebSite | Product | BreadcrumbList | ListItem,91,90,25,25,15,25,90,75,P3 保持监测,有效正文段落偏少; 缺少 FAQ / 采购问题解答模块,增加 3-6 个有信息量的段落，避免只靠卡片、导航和短摘要支撑页面; 增加 3-5 个真实采购/部署问题，提升长尾覆盖和 AI 引用可读性,FC-RC Series HD Long-Range Laser Camera | N-TET,FC-RC Series HD Long-Range Laser Camera,FC-RC Series HD Long-Range Laser Camera Technical Specifications | Get Solution & Quotation | Overview | Technical Specifications | Get Solution & Quotation,.next/server/app/en/products/fc-rc-series-hd-laser-camera.html
/en/products/fc-rds500-4r-radar-vision-sentinel,en,product_detail,strong,100,FC-RDS500-4R Radar-Vision Fusion System,full_inventory,2118,2,1,5,18,22,0,192,173,Organization | ContactPoint | WebSite | Product | BreadcrumbList | ListItem,91,90,25,25,15,25,90,75,P3 保持监测,有效正文段落偏少; 缺少 FAQ / 采购问题解答模块,增加 3-6 个有信息量的段落，避免只靠卡片、导航和短摘要支撑页面; 增加 3-5 个真实采购/部署问题，提升长尾覆盖和 AI 引用可读性,FC-RDS500-4R Radar-Vision Fusion System | N-TET,FC-RDS500-4R Radar-Vision Fusion System,FC-RDS500-4R Radar-Vision Fusion System Technical Specifications | Get Solution & Quotation | Overview | Technical Specifications | Get Solution & Quotation,.next/server/app/en/products/fc-rds500-4r-radar-vision-sentinel.html
/en/products/fc-sljc-01-water-conservancy-monitoring-drone,en,product_detail,strong,100,water conservancy monitoring UAV,full_inventory,1904,8,1,5,22,36,0,192,173,Organization | ContactPoint | WebSite | Product | BreadcrumbList | ListItem,100,100,25,25,15,25,90,84,P3 保持监测,缺少 FAQ / 采购问题解答模块,增加 3-5 个真实采购/部署问题，提升长尾覆盖和 AI 引用可读性,Water Conservancy Monitoring UAV | N-TET,Water Conservancy Monitoring UAV,Water Conservancy Monitoring UAV Technical Specifications | Get Solution & Quotation | Overview | Technical Specifications | Get Solution & Quotation,.next/server/app/en/products/fc-sljc-01-water-conservancy-monitoring-drone.html
/en/products/fc-smart-swing-turnstile,en,product_detail,strong,100,Deluxe Smart Swing Turnstile,full_inventory,1806,2,1,5,18,22,0,192,173,Organization | ContactPoint | WebSite | Product | BreadcrumbList | ListItem,91,90,25,25,15,25,90,75,P3 保持监测,有效正文段落偏少; 缺少 FAQ / 采购问题解答模块,增加 3-6 个有信息量的段落，避免只靠卡片、导航和短摘要支撑页面; 增加 3-5 个真实采购/部署问题，提升长尾覆盖和 AI 引用可读性,Deluxe Smart Swing Turnstile | N-TET,Deluxe Smart Swing Turnstile,Deluxe Smart Swing Turnstile Technical Specifications | Get Solution & Quotation | Overview | Technical Specifications | Get Solution & Quotation,.next/server/app/en/products/fc-smart-swing-turnstile.html
/en/products/fc-ttvc-intelligent-multi-band-camera,en,product_detail,strong,100,FC-TTVC Series Intelligent Multi-Band Camera,full_inventory,2043,2,1,5,18,22,0,192,173,Organization | ContactPoint | WebSite | Product | BreadcrumbList | ListItem,91,90,25,25,15,25,90,75,P3 保持监测,有效正文段落偏少; 缺少 FAQ / 采购问题解答模块,增加 3-6 个有信息量的段落，避免只靠卡片、导航和短摘要支撑页面; 增加 3-5 个真实采购/部署问题，提升长尾覆盖和 AI 引用可读性,FC-TTVC Series Intelligent Multi-Band Camera | N-TET,FC-TTVC Series Intelligent Multi-Band Camera,FC-TTVC Series Intelligent Multi-Band Camera Technical Specifications | Get Solution & Quotation | Overview | Technical Specifications | Get Solution & Quotation,.next/server/app/en/products/fc-ttvc-intelligent-multi-band-camera.html
/en/products/fc-yjtx-01-emergency-communication-drone,en,product_detail,strong,100,emergency communication UAV,high_value_en,3864,6,1,5,20,44,0,192,173,Organization | ContactPoint | WebSite | Product | BreadcrumbList | ListItem,100,100,25,25,15,25,90,84,P3 保持监测,缺少 FAQ / 采购问题解答模块,增加 3-5 个真实采购/部署问题，提升长尾覆盖和 AI 引用可读性,Emergency Communication Tethered UAV | N-TET,Emergency Communication Tethered UAV,Emergency Communication Tethered UAV Technical Specifications | Get Solution & Quotation | Overview | Technical Specifications | Get Solution & Quotation,.next/server/app/en/products/fc-yjtx-01-emergency-communication-drone.html
/en/products/fc-yjxf-01-aerial-firefighting-drone,en,product_detail,strong,100,firefighting drone,high_value_en,4148,10,1,5,20,46,0,192,173,Organization | ContactPoint | WebSite | Product | BreadcrumbList | ListItem,100,100,25,25,15,25,90,84,P3 保持监测,缺少 FAQ / 采购问题解答模块,增加 3-5 个真实采购/部署问题，提升长尾覆盖和 AI 引用可读性,High-Rise Firefighting Tethered UAV | N-TET,High-Rise Firefighting Tethered UAV,High-Rise Firefighting Tethered UAV Technical Specifications | Get Solution & Quotation | Overview | Technical Specifications | Get Solution & Quotation,.next/server/app/en/products/fc-yjxf-01-aerial-firefighting-drone.html
/en/products/fc-yjzc-01-emergency-reconnaissance-drone,en,product_detail,strong,100,search and rescue drone,full_inventory,1409,2,1,5,18,22,0,192,173,Organization | ContactPoint | WebSite | Product | BreadcrumbList | ListItem,91,90,25,25,15,25,90,75,P3 保持监测,有效正文段落偏少; 缺少 FAQ / 采购问题解答模块,增加 3-6 个有信息量的段落，避免只靠卡片、导航和短摘要支撑页面; 增加 3-5 个真实采购/部署问题，提升长尾覆盖和 AI 引用可读性,Emergency Response Drone | N-TET,Emergency Response Drone,Emergency Response Drone Technical Specifications | Get Solution & Quotation | Overview | Technical Specifications | Get Solution & Quotation,.next/server/app/en/products/fc-yjzc-01-emergency-reconnaissance-drone.html
/en/products/fc-yjzm-01-emergency-lighting-drone,en,product_detail,strong,100,drone lighting,high_value_en,3317,6,1,5,20,42,0,192,173,Organization | ContactPoint | WebSite | Product | BreadcrumbList | ListItem,100,100,25,25,15,25,90,84,P3 保持监测,缺少 FAQ / 采购问题解答模块,增加 3-5 个真实采购/部署问题，提升长尾覆盖和 AI 引用可读性,Tethered Lighting UAV | N-TET,Tethered Lighting UAV,Tethered Lighting UAV Technical Specifications | Get Solution & Quotation | Overview | Technical Specifications | Get Solution & Quotation,.next/server/app/en/products/fc-yjzm-01-emergency-lighting-drone.html
/en/products/fc-yqxj-01-utility-inspection-drone,en,product_detail,strong,100,pipeline inspection drones,full_inventory,1441,2,1,5,18,22,0,192,173,Organization | ContactPoint | WebSite | Product | BreadcrumbList | ListItem,91,90,25,25,15,25,90,75,P3 保持监测,有效正文段落偏少; 缺少 FAQ / 采购问题解答模块,增加 3-6 个有信息量的段落，避免只靠卡片、导航和短摘要支撑页面; 增加 3-5 个真实采购/部署问题，提升长尾覆盖和 AI 引用可读性,Oil & Gas Pipeline Inspection Drone | N-TET,Oil & Gas Pipeline Inspection Drone,Oil & Gas Pipeline Inspection Drone Technical Specifications | Get Solution & Quotation | Overview | Technical Specifications | Get Solution & Quotation,.next/server/app/en/products/fc-yqxj-01-utility-inspection-drone.html
/en/products/fc1500-handheld-liquid-detector,en,product_detail,strong,100,Handheld Liquid Detector FC1500,full_inventory,1576,2,1,5,18,22,0,192,173,Organization | ContactPoint | WebSite | Product | BreadcrumbList | ListItem,91,90,25,25,15,25,90,75,P3 保持监测,有效正文段落偏少; 缺少 FAQ / 采购问题解答模块,增加 3-6 个有信息量的段落，避免只靠卡片、导航和短摘要支撑页面; 增加 3-5 个真实采购/部署问题，提升长尾覆盖和 AI 引用可读性,Handheld Liquid Detector FC1500 | N-TET,Handheld Liquid Detector FC1500,Handheld Liquid Detector FC1500 Technical Specifications | Get Solution & Quotation | Overview | Technical Specifications | Get Solution & Quotation,.next/server/app/en/products/fc1500-handheld-liquid-detector.html
/en/products/fc1500b-desktop-liquid-security-inspector,en,product_detail,strong,100,Desktop Liquid Security Inspector FC1500B,full_inventory,1629,2,1,5,18,22,0,192,173,Organization | ContactPoint | WebSite | Product | BreadcrumbList | ListItem,91,90,25,25,15,25,90,75,P3 保持监测,有效正文段落偏少; 缺少 FAQ / 采购问题解答模块,增加 3-6 个有信息量的段落，避免只靠卡片、导航和短摘要支撑页面; 增加 3-5 个真实采购/部署问题，提升长尾覆盖和 AI 引用可读性,Desktop Liquid Security Inspector FC1500B | N-TET,Desktop Liquid Security Inspector FC1500B,Desktop Liquid Security Inspector FC1500B Technical Specifications | Get Solution & Quotation | Overview | Technical Specifications | Get Solution & Quotation,.next/server/app/en/products/fc1500b-desktop-liquid-security-inspector.html
/en/products/fc1800b-portable-explosives-and-narcotics-detector,en,product_detail,strong,100,Portable Explosives & Narcotics Detector FC1800B,full_inventory,1611,2,1,5,18,22,0,192,173,Organization | ContactPoint | WebSite | Product | BreadcrumbList | ListItem,91,90,25,25,15,25,90,75,P3 保持监测,有效正文段落偏少; 缺少 FAQ / 采购问题解答模块,增加 3-6 个有信息量的段落，避免只靠卡片、导航和短摘要支撑页面; 增加 3-5 个真实采购/部署问题，提升长尾覆盖和 AI 引用可读性,Portable Explosives & Narcotics Detector FC1800B | N-TET,Portable Explosives & Narcotics Detector FC1800B,Portable Explosives & Narcotics Detector FC1800B Technical Specifications | Get Solution & Quotation | Overview | Technical Specifications | Get Solution & Quotation,.next/server/app/en/products/fc1800b-portable-explosives-and-narcotics-detector.html
/en/products/fc1800t-desktop-explosives-narcotics-detector,en,product_detail,strong,100,Desktop Explosives & Narcotics Detector FC1800T,full_inventory,1659,2,1,5,18,22,0,192,173,Organization | ContactPoint | WebSite | Product | BreadcrumbList | ListItem,91,90,25,25,15,25,90,83,P3 保持监测,有效正文段落偏少; 缺少 FAQ / 采购问题解答模块,增加 3-6 个有信息量的段落，避免只靠卡片、导航和短摘要支撑页面; 增加 3-5 个真实采购/部署问题，提升长尾覆盖和 AI 引用可读性,Desktop Explosives & Narcotics Detector FC1800T | N-TET,Desktop Explosives & Narcotics Detector FC1800T,Desktop Explosives & Narcotics Detector FC1800T Technical Specifications | Get Solution & Quotation | Overview | Technical Specifications | Get Solution & Quotation,.next/server/app/en/products/fc1800t-desktop-explosives-narcotics-detector.html
/en/products/fc2088-handheld-metal-detector,en,product_detail,strong,100,Handheld Metal Detector FC2088,full_inventory,1562,2,1,5,18,22,0,192,173,Organization | ContactPoint | WebSite | Product | BreadcrumbList | ListItem,91,90,25,25,15,25,90,83,P3 保持监测,有效正文段落偏少; 缺少 FAQ / 采购问题解答模块,增加 3-6 个有信息量的段落，避免只靠卡片、导航和短摘要支撑页面; 增加 3-5 个真实采购/部署问题，提升长尾覆盖和 AI 引用可读性,Handheld Metal Detector FC2088 | N-TET,Handheld Metal Detector FC2088,Handheld Metal Detector FC2088 Technical Specifications | Get Solution & Quotation | Overview | Technical Specifications | Get Solution & Quotation,.next/server/app/en/products/fc2088-handheld-metal-detector.html
/en/products/fc4028-neutron-ambient-dose-rate-meter,en,product_detail,strong,100,FC4028 Neutron Ambient Dose Equivalent Rate Meter,full_inventory,2181,2,1,5,18,22,0,192,173,Organization | ContactPoint | WebSite | Product | BreadcrumbList | ListItem,91,90,25,25,15,25,90,75,P3 保持监测,有效正文段落偏少; 缺少 FAQ / 采购问题解答模块,增加 3-6 个有信息量的段落，避免只靠卡片、导航和短摘要支撑页面; 增加 3-5 个真实采购/部署问题，提升长尾覆盖和 AI 引用可读性,FC4028 Neutron Ambient Dose Equivalent (Rate) Meter | N-TET,FC4028 Neutron Ambient Dose Equivalent Rate Meter,FC4028 Neutron Ambient Dose Equivalent Rate Meter Technical Specifications | Get Solution & Quotation | Overview | Technical Specifications | Get Solution & Quotation,.next/server/app/en/products/fc4028-neutron-ambient-dose-rate-meter.html
/en/products/fc5030-compact-x-ray-baggage-scanner,en,product_detail,strong,100,X-Ray Baggage Scanner FC5030,full_inventory,1556,2,1,5,18,22,0,192,173,Organization | ContactPoint | WebSite | Product | BreadcrumbList | ListItem,91,90,25,25,15,25,90,75,P3 保持监测,有效正文段落偏少; 缺少 FAQ / 采购问题解答模块,增加 3-6 个有信息量的段落，避免只靠卡片、导航和短摘要支撑页面; 增加 3-5 个真实采购/部署问题，提升长尾覆盖和 AI 引用可读性,X-Ray Baggage Scanner FC5030 | N-TET,X-Ray Baggage Scanner FC5030,X-Ray Baggage Scanner FC5030 Technical Specifications | Get Solution & Quotation | Overview | Technical Specifications | Get Solution & Quotation,.next/server/app/en/products/fc5030-compact-x-ray-baggage-scanner.html
/en/products/fc6550-standard-x-ray-baggage-scanner,en,product_detail,strong,100,X-Ray Baggage Scanner FC6550,full_inventory,1570,2,1,5,18,22,0,192,173,Organization | ContactPoint | WebSite | Product | BreadcrumbList | ListItem,91,90,25,25,15,25,90,75,P3 保持监测,有效正文段落偏少; 缺少 FAQ / 采购问题解答模块,增加 3-6 个有信息量的段落，避免只靠卡片、导航和短摘要支撑页面; 增加 3-5 个真实采购/部署问题，提升长尾覆盖和 AI 引用可读性,X-Ray Baggage Scanner FC6550 | N-TET,X-Ray Baggage Scanner FC6550,X-Ray Baggage Scanner FC6550 Technical Specifications | Get Solution & Quotation | Overview | Technical Specifications | Get Solution & Quotation,.next/server/app/en/products/fc6550-standard-x-ray-baggage-scanner.html
/en/products/fc6550d-dual-view-baggage-scanner,en,product_detail,strong,100,Dual-View X-Ray Baggage Scanner FC6550D,full_inventory,1643,2,1,5,18,22,0,192,173,Organization | ContactPoint | WebSite | Product | BreadcrumbList | ListItem,91,90,25,25,15,25,90,75,P3 保持监测,有效正文段落偏少; 缺少 FAQ / 采购问题解答模块,增加 3-6 个有信息量的段落，避免只靠卡片、导航和短摘要支撑页面; 增加 3-5 个真实采购/部署问题，提升长尾覆盖和 AI 引用可读性,Dual-View X-Ray Baggage Scanner FC6550D | N-TET,Dual-View X-Ray Baggage Scanner FC6550D,Dual-View X-Ray Baggage Scanner FC6550D Technical Specifications | Get Solution & Quotation | Overview | Technical Specifications | Get Solution & Quotation,.next/server/app/en/products/fc6550d-dual-view-baggage-scanner.html
/en/products/fc902-personal-radiation-dose-alarm,en,product_detail,strong,100,X-γ Radiation Dose Alarm FC902,full_inventory,1833,2,1,5,18,22,0,192,173,Organization | ContactPoint | WebSite | Product | BreadcrumbList | ListItem,91,90,25,25,15,25,90,75,P3 保持监测,有效正文段落偏少; 缺少 FAQ / 采购问题解答模块,增加 3-6 个有信息量的段落，避免只靠卡片、导航和短摘要支撑页面; 增加 3-5 个真实采购/部署问题，提升长尾覆盖和 AI 引用可读性,X-γ Radiation Dose Alarm FC902 | N-TET,X-γ Radiation Dose Alarm FC902,X-γ Radiation Dose Alarm FC902 Technical Specifications | Get Solution & Quotation | Overview | Technical Specifications | Get Solution & Quotation,.next/server/app/en/products/fc902-personal-radiation-dose-alarm.html
/en/products/handheld-rf-detection-system-mini,en,product_detail,strong,100,Handheld RF Detection System,full_inventory,1528,2,1,5,18,22,0,192,173,Organization | ContactPoint | WebSite | Product | BreadcrumbList | ListItem,91,90,25,25,15,25,90,75,P3 保持监测,有效正文段落偏少; 缺少 FAQ / 采购问题解答模块,增加 3-6 个有信息量的段落，避免只靠卡片、导航和短摘要支撑页面; 增加 3-5 个真实采购/部署问题，提升长尾覆盖和 AI 引用可读性,Handheld RF Detection System | N-TET,Handheld RF Detection System,Handheld RF Detection System Technical Specifications | Get Solution & Quotation | Overview | Technical Specifications | Get Solution & Quotation,.next/server/app/en/products/handheld-rf-detection-system-mini.html
/en/products/intelligent-mobile-cabin-hospital,en,product_detail,strong,100,Intelligent Mobile Cabin Hospital,full_inventory,1364,2,1,5,18,22,0,192,173,Organization | ContactPoint | WebSite | Product | BreadcrumbList | ListItem,91,90,25,25,15,25,90,75,P3 保持监测,有效正文段落偏少; 缺少 FAQ / 采购问题解答模块,增加 3-6 个有信息量的段落，避免只靠卡片、导航和短摘要支撑页面; 增加 3-5 个真实采购/部署问题，提升长尾覆盖和 AI 引用可读性,Intelligent Mobile Cabin Hospital | N-TET,Intelligent Mobile Cabin Hospital,Intelligent Mobile Cabin Hospital Technical Specifications | Get Solution & Quotation | Overview | Technical Specifications | Get Solution & Quotation,.next/server/app/en/products/intelligent-mobile-cabin-hospital.html
/en/products/low-altitude-3d-pulse-doppler-radar,en,product_detail,strong,100,Low-Altitude Detection Radar X-Band,full_inventory,1528,2,1,5,18,22,0,192,173,Organization | ContactPoint | WebSite | Product | BreadcrumbList | ListItem,91,90,25,25,15,25,90,75,P3 保持监测,有效正文段落偏少; 缺少 FAQ / 采购问题解答模块,增加 3-6 个有信息量的段落，避免只靠卡片、导航和短摘要支撑页面; 增加 3-5 个真实采购/部署问题，提升长尾覆盖和 AI 引用可读性,Low-Altitude Detection Radar (X-Band) | N-TET,Low-Altitude Detection Radar X-Band,Low-Altitude Detection Radar X-Band Technical Specifications | Get Solution & Quotation | Overview | Technical Specifications | Get Solution & Quotation,.next/server/app/en/products/low-altitude-3d-pulse-doppler-radar.html
/en/products/low-altitude-detection-radar-ku-band,en,product_detail,strong,100,Low-Altitude Detection Radar Ku-Band,full_inventory,1526,2,1,5,18,22,0,192,173,Organization | ContactPoint | WebSite | Product | BreadcrumbList | ListItem,91,90,25,25,15,25,90,83,P3 保持监测,有效正文段落偏少; 缺少 FAQ / 采购问题解答模块,增加 3-6 个有信息量的段落，避免只靠卡片、导航和短摘要支撑页面; 增加 3-5 个真实采购/部署问题，提升长尾覆盖和 AI 引用可读性,Low-Altitude Detection Radar (Ku-Band) | N-TET,Low-Altitude Detection Radar Ku-Band,Low-Altitude Detection Radar Ku-Band Technical Specifications | Get Solution & Quotation | Overview | Technical Specifications | Get Solution & Quotation,.next/server/app/en/products/low-altitude-detection-radar-ku-band.html
/en/products/multi-rotor-20kg-payload-uav,en,product_detail,strong,100,20kg Payload Multi-Rotor UAV,full_inventory,1488,4,1,5,20,24,0,192,173,Organization | ContactPoint | WebSite | Product | BreadcrumbList | ListItem,100,100,25,25,15,25,90,84,P3 保持监测,缺少 FAQ / 采购问题解答模块,增加 3-5 个真实采购/部署问题，提升长尾覆盖和 AI 引用可读性,20kg Payload Multi-Rotor UAV | N-TET,20kg Payload Multi-Rotor UAV,20kg Payload Multi-Rotor UAV Technical Specifications | Get Solution & Quotation | Overview | Technical Specifications | Get Solution & Quotation,.next/server/app/en/products/multi-rotor-20kg-payload-uav.html
/en/products/multi-rotor-3kg-payload-uav,en,product_detail,strong,100,3kg Payload Multi-Rotor UAV,full_inventory,1512,4,1,5,20,24,0,192,173,Organization | ContactPoint | WebSite | Product | BreadcrumbList | ListItem,100,100,25,25,15,25,90,84,P3 保持监测,缺少 FAQ / 采购问题解答模块,增加 3-5 个真实采购/部署问题，提升长尾覆盖和 AI 引用可读性,3kg Payload Multi-Rotor UAV | N-TET,3kg Payload Multi-Rotor UAV,3kg Payload Multi-Rotor UAV Technical Specifications | Get Solution & Quotation | Overview | Technical Specifications | Get Solution & Quotation,.next/server/app/en/products/multi-rotor-3kg-payload-uav.html
/en/products/multi-rotor-50kg-payload-uav,en,product_detail,strong,100,50kg Payload Multi-Rotor UAV,full_inventory,1480,4,1,5,20,24,0,192,173,Organization | ContactPoint | WebSite | Product | BreadcrumbList | ListItem,100,100,25,25,15,25,90,84,P3 保持监测,缺少 FAQ / 采购问题解答模块,增加 3-5 个真实采购/部署问题，提升长尾覆盖和 AI 引用可读性,50kg Payload Multi-Rotor UAV | N-TET,50kg Payload Multi-Rotor UAV,50kg Payload Multi-Rotor UAV Technical Specifications | Get Solution & Quotation | Overview | Technical Specifications | Get Solution & Quotation,.next/server/app/en/products/multi-rotor-50kg-payload-uav.html
/en/products/multi-rotor-8kg-payload-uav,en,product_detail,strong,100,8kg Payload Multi-Rotor UAV,full_inventory,1490,4,1,5,20,24,0,192,173,Organization | ContactPoint | WebSite | Product | BreadcrumbList | ListItem,100,100,25,25,15,25,90,84,P3 保持监测,缺少 FAQ / 采购问题解答模块,增加 3-5 个真实采购/部署问题，提升长尾覆盖和 AI 引用可读性,8kg Payload Multi-Rotor UAV | N-TET,8kg Payload Multi-Rotor UAV,8kg Payload Multi-Rotor UAV Technical Specifications | Get Solution & Quotation | Overview | Technical Specifications | Get Solution & Quotation,.next/server/app/en/products/multi-rotor-8kg-payload-uav.html
/en/products/portable-rf-detection-case,en,product_detail,strong,100,Hand-carried RF Detection System,full_inventory,1438,2,1,5,18,22,0,192,173,Organization | ContactPoint | WebSite | Product | BreadcrumbList | ListItem,91,90,25,25,15,25,90,75,P3 保持监测,有效正文段落偏少; 缺少 FAQ / 采购问题解答模块,增加 3-6 个有信息量的段落，避免只靠卡片、导航和短摘要支撑页面; 增加 3-5 个真实采购/部署问题，提升长尾覆盖和 AI 引用可读性,Hand-carried RF Detection System | N-TET,Hand-carried RF Detection System,Hand-carried RF Detection System Technical Specifications | Get Solution & Quotation | Overview | Technical Specifications | Get Solution & Quotation,.next/server/app/en/products/portable-rf-detection-case.html
/en/products/power-tower-inspection-drone,en,product_detail,strong,100,drone power line inspection,full_inventory,2088,8,1,5,22,24,0,192,173,Organization | ContactPoint | WebSite | Product | BreadcrumbList | ListItem,100,100,25,25,15,25,90,84,P3 保持监测,缺少 FAQ / 采购问题解答模块,增加 3-5 个真实采购/部署问题，提升长尾覆盖和 AI 引用可读性,Power Tower Inspection UAV | N-TET,Power Tower Inspection UAV,Power Tower Inspection UAV Technical Specifications | Get Solution & Quotation | Overview | Technical Specifications | Get Solution & Quotation,.next/server/app/en/products/power-tower-inspection-drone.html
/en/products/smart-substation-autonomous-inspection-system,en,product_detail,strong,100,smart substation autonomous inspection,full_inventory,2332,6,1,5,22,24,0,192,173,Organization | ContactPoint | WebSite | Product | BreadcrumbList | ListItem,100,100,25,25,15,25,90,84,P3 保持监测,缺少 FAQ / 采购问题解答模块,增加 3-5 个真实采购/部署问题，提升长尾覆盖和 AI 引用可读性,Smart Substation Autonomous UAV Inspection System | N-TET,Smart Substation Autonomous UAV Inspection System,Smart Substation Autonomous UAV Inspection System Technical Specifications | Get Solution & Quotation | Overview | Technical Specifications | Get Solution & Quotation,.next/server/app/en/products/smart-substation-autonomous-inspection-system.html
/en/products/stationary-rf-detection-system,en,product_detail,strong,100,Stationary RF Detection System,full_inventory,1578,2,1,5,18,22,0,192,173,Organization | ContactPoint | WebSite | Product | BreadcrumbList | ListItem,91,90,25,25,15,25,90,75,P3 保持监测,有效正文段落偏少; 缺少 FAQ / 采购问题解答模块,增加 3-6 个有信息量的段落，避免只靠卡片、导航和短摘要支撑页面; 增加 3-5 个真实采购/部署问题，提升长尾覆盖和 AI 引用可读性,Stationary RF Detection System | N-TET,Stationary RF Detection System,Stationary RF Detection System Technical Specifications | Get Solution & Quotation | Overview | Technical Specifications | Get Solution & Quotation,.next/server/app/en/products/stationary-rf-detection-system.html
/en/products/uav-remote-id-monitoring-system,en,product_detail,strong,100,UAV Remote ID Monitoring System,full_inventory,1463,2,1,5,18,22,0,192,173,Organization | ContactPoint | WebSite | Product | BreadcrumbList | ListItem,91,90,25,25,15,25,90,75,P3 保持监测,有效正文段落偏少; 缺少 FAQ / 采购问题解答模块,增加 3-6 个有信息量的段落，避免只靠卡片、导航和短摘要支撑页面; 增加 3-5 个真实采购/部署问题，提升长尾覆盖和 AI 引用可读性,UAV Remote ID Monitoring System | N-TET,UAV Remote ID Monitoring System,UAV Remote ID Monitoring System Technical Specifications | Get Solution & Quotation | Overview | Technical Specifications | Get Solution & Quotation,.next/server/app/en/products/uav-remote-id-monitoring-system.html
/en/products/vtol-135kg-mtow-uav,en,product_detail,strong,100,135kg MTOW VTOL Fixed-Wing UAV,full_inventory,1467,4,1,5,20,24,0,192,173,Organization | ContactPoint | WebSite | Product | BreadcrumbList | ListItem,100,100,25,25,15,25,90,84,P3 保持监测,缺少 FAQ / 采购问题解答模块,增加 3-5 个真实采购/部署问题，提升长尾覆盖和 AI 引用可读性,135kg MTOW VTOL Fixed-Wing UAV | N-TET,135kg MTOW VTOL Fixed-Wing UAV,135kg MTOW VTOL Fixed-Wing UAV Technical Specifications | Get Solution & Quotation | Overview | Technical Specifications | Get Solution & Quotation,.next/server/app/en/products/vtol-135kg-mtow-uav.html
/en/products/vtol-14kg-mtow-uav,en,product_detail,strong,100,14kg MTOW VTOL Fixed-Wing UAV,full_inventory,1471,4,1,5,20,24,0,192,173,Organization | ContactPoint | WebSite | Product | BreadcrumbList | ListItem,100,100,25,25,15,25,90,84,P3 保持监测,缺少 FAQ / 采购问题解答模块,增加 3-5 个真实采购/部署问题，提升长尾覆盖和 AI 引用可读性,14kg MTOW VTOL Fixed-Wing UAV | N-TET,14kg MTOW VTOL Fixed-Wing UAV,14kg MTOW VTOL Fixed-Wing UAV Technical Specifications | Get Solution & Quotation | Overview | Technical Specifications | Get Solution & Quotation,.next/server/app/en/products/vtol-14kg-mtow-uav.html
/en/products/vtol-26kg-mtow-uav,en,product_detail,strong,100,26kg MTOW VTOL Fixed-Wing UAV,full_inventory,1467,4,1,5,20,24,0,192,173,Organization | ContactPoint | WebSite | Product | BreadcrumbList | ListItem,100,100,25,25,15,25,90,84,P3 保持监测,缺少 FAQ / 采购问题解答模块,增加 3-5 个真实采购/部署问题，提升长尾覆盖和 AI 引用可读性,26kg MTOW VTOL Fixed-Wing UAV | N-TET,26kg MTOW VTOL Fixed-Wing UAV,26kg MTOW VTOL Fixed-Wing UAV Technical Specifications | Get Solution & Quotation | Overview | Technical Specifications | Get Solution & Quotation,.next/server/app/en/products/vtol-26kg-mtow-uav.html
/en/products/vtol-40kg-mtow-uav,en,product_detail,strong,100,40kg MTOW VTOL Fixed-Wing UAV,full_inventory,1447,4,1,5,20,24,0,192,173,Organization | ContactPoint | WebSite | Product | BreadcrumbList | ListItem,100,100,25,25,15,25,90,84,P3 保持监测,缺少 FAQ / 采购问题解答模块,增加 3-5 个真实采购/部署问题，提升长尾覆盖和 AI 引用可读性,40kg MTOW VTOL Fixed-Wing UAV | N-TET,40kg MTOW VTOL Fixed-Wing UAV,40kg MTOW VTOL Fixed-Wing UAV Technical Specifications | Get Solution & Quotation | Overview | Technical Specifications | Get Solution & Quotation,.next/server/app/en/products/vtol-40kg-mtow-uav.html
/en/products/vtol-64kg-mtow-uav,en,product_detail,strong,100,64kg MTOW VTOL Fixed-Wing UAV,full_inventory,1457,4,1,5,20,24,0,192,173,Organization | ContactPoint | WebSite | Product | BreadcrumbList | ListItem,100,100,25,25,15,25,90,84,P3 保持监测,缺少 FAQ / 采购问题解答模块,增加 3-5 个真实采购/部署问题，提升长尾覆盖和 AI 引用可读性,64kg MTOW VTOL Fixed-Wing UAV | N-TET,64kg MTOW VTOL Fixed-Wing UAV,64kg MTOW VTOL Fixed-Wing UAV Technical Specifications | Get Solution & Quotation | Overview | Technical Specifications | Get Solution & Quotation,.next/server/app/en/products/vtol-64kg-mtow-uav.html
/en/solutions,en,solution_list,strong,100,UAV inspection solutions,high_value_en,1224,4,1,11,46,50,0,220,201,Organization | ContactPoint | WebSite,100,100,25,20,15,21,81,66,P2 建议增强,,,UAV Inspection Solutions & Emergency Response Drone | N-TET,UAV Inspection Solutions,UAV Inspection Solutions Workflow | UAV Inspection & Patrol | UAV Emergency Response | Critical Infrastructure Protection | Key Area Security | Get Solution & Quotation | UAV Inspection & Patrol | UAV Emergency Response,.next/server/app/en/solutions.html
/en/solutions/airport-low-altitude-monitoring,en,solution_detail,strong,85,Airport Airspace Monitoring Application,full_inventory,1643,12,1,10,34,32,0,204,185,Organization | ContactPoint | WebSite | Service | BreadcrumbList | ListItem,93,95,25,25,15,25,90,92,P3 保持监测,缺少页面类型应有证据：hasRelatedProducts,按页面类型补齐证据模块，而不是继续堆关键词,Airport Airspace Monitoring Application | N-TET,Airport Airspace Monitoring Application,Airport Airspace Monitoring Application Workflow | Technical Specifications | Related Equipment | Solution FAQ | Get Solution & Quotation | Overview | Technical Specifications | Related Equipment,.next/server/app/en/solutions/airport-low-altitude-monitoring.html
/en/solutions/airport-security-protection,en,solution_detail,strong,85,Airport Security Protection,full_inventory,2083,23,1,13,48,48,0,210,191,Organization | ContactPoint | WebSite | Service | BreadcrumbList | ListItem,93,95,25,25,15,25,90,92,P3 保持监测,缺少页面类型应有证据：hasRelatedProducts,按页面类型补齐证据模块，而不是继续堆关键词,Airport Security Protection | N-TET,Airport Security Protection,Airport Security Protection Workflow | How Integrated Monitoring and Screening Support Airport Security | Solution Modules | Related Equipment | Solution FAQ | Get Solution & Quotation | Overview | Industry Pain Points,.next/server/app/en/solutions/airport-security-protection.html
/en/solutions/category/01_BorderPatrol,en,solution_category,strong,100,border patrol UAV,high_value_en,1834,15,1,9,33,34,0,210,179,Organization | ContactPoint | WebSite,100,100,25,20,20,21,86,74,P2 建议增强,,,Border Patrol UAV Solutions | N-TET,Border Patrol UAV Solutions,Border Patrol UAV and Coastal Monitoring | UAV Inspection Solutions | Recommended Products | Solution FAQ | Get Solution & Quotation | Industry Needs | UAV Inspection Solutions | Recommended Products,.next/server/app/en/solutions/category/01_BorderPatrol.html
/en/solutions/category/02_InfrastructureProtection,en,solution_category,strong,100,industrial facility inspection UAV,high_value_en,1909,19,1,9,35,36,0,216,177,Organization | ContactPoint | WebSite,100,100,25,20,20,21,86,74,P2 建议增强,,,Industrial Facility Inspection UAV Solutions | N-TET,Industrial Facility Inspection UAV Solutions,Industrial Facility Inspection UAV Scenarios | UAV Inspection Solutions | Recommended Products | Solution FAQ | Get Solution & Quotation | Industry Needs | UAV Inspection Solutions | Recommended Products,.next/server/app/en/solutions/category/02_InfrastructureProtection.html
/en/solutions/category/03_KeyAreaSecurity,en,solution_category,strong,100,airport airspace monitoring,high_value_en,1802,15,1,9,39,40,0,216,185,Organization | ContactPoint | WebSite,100,100,25,20,20,21,86,74,P2 建议增强,,,Airport Airspace Monitoring and Key Area Security Solutions | N-TET,Airport Airspace Monitoring and Key Area Security Solutions,Airport Airspace Monitoring Scenarios | UAV Inspection Solutions | Recommended Products | Solution FAQ | Get Solution & Quotation | Industry Needs | UAV Inspection Solutions | Recommended Products,.next/server/app/en/solutions/category/03_KeyAreaSecurity.html
/en/solutions/category/04_EmergencyRescue,en,solution_category,strong,100,search and rescue drone,high_value_en,1884,15,1,9,33,34,0,210,179,Organization | ContactPoint | WebSite,100,100,25,20,20,21,86,74,P2 建议增强,,,Search and Rescue Drone & Emergency UAV Solutions | N-TET,Search and Rescue Drone & Emergency UAV Solutions,Search and Rescue Drone Emergency Workflows | UAV Inspection Solutions | Recommended Products | Solution FAQ | Get Solution & Quotation | Industry Needs | UAV Inspection Solutions | Recommended Products,.next/server/app/en/solutions/category/04_EmergencyRescue.html
/en/solutions/chemical-plant-protection,en,solution_detail,strong,100,pipeline inspection drones,high_value_en,2250,30,1,13,42,42,0,202,183,Organization | ContactPoint | WebSite | Service | BreadcrumbList | ListItem,93,95,25,25,15,25,90,92,P3 保持监测,缺少页面类型应有证据：hasRelatedProducts,按页面类型补齐证据模块，而不是继续堆关键词,Pipeline Inspection Drones for Chemical Plant Monitoring | N-TET,Pipeline Inspection Drones for Chemical Plant Monitoring,Pipeline Inspection Drones and Plant Monitoring | A Neutral Low-Altitude Risk Process for Chemical Sites | Solution Modules | Related Equipment | Solution FAQ | Get Solution & Quotation | Overview | Industry Pain Points,.next/server/app/en/solutions/chemical-plant-protection.html
/en/solutions/disaster-site-search-rescue-reconnaissance-uav-solution,en,solution_detail,strong,100,search and rescue drone,high_value_en,2063,28,1,15,40,40,0,204,185,Organization | ContactPoint | WebSite | Service | BreadcrumbList | ListItem,93,95,25,25,15,25,90,92,P3 保持监测,缺少页面类型应有证据：hasRelatedProducts,按页面类型补齐证据模块，而不是继续堆关键词,Search and Rescue Drone Solution | N-TET,Search and Rescue Drone Solution,Search and Rescue Drone Workflow | How UAVs Upgrade Emergency Reconnaissance | Solution Modules | Related Equipment | Related Cases | Solution FAQ | Get Solution & Quotation | Overview,.next/server/app/en/solutions/disaster-site-search-rescue-reconnaissance-uav-solution.html
/en/solutions/emergency-communication-uav,en,solution_detail,strong,100,Emergency Communication UAV,full_inventory,1667,12,1,10,26,26,0,196,177,Organization | ContactPoint | WebSite | Service | BreadcrumbList | ListItem,93,95,25,25,15,25,90,92,P3 保持监测,缺少页面类型应有证据：hasRelatedProducts,按页面类型补齐证据模块，而不是继续堆关键词,Emergency Communication UAV | N-TET,Emergency Communication UAV,Emergency Communication UAV Workflow | Technical Specifications | Related Equipment | Solution FAQ | Get Solution & Quotation | Overview | Technical Specifications | Related Equipment,.next/server/app/en/solutions/emergency-communication-uav.html
/en/solutions/emergency-communication-uav-solution,en,solution_detail,partial,70,Emergency Communication UAV Solution,partial_keyword_page,1587,13,1,13,30,29,0,200,181,Organization | ContactPoint | WebSite | Service | BreadcrumbList | ListItem,93,95,25,25,15,25,90,92,P3 保持监测,缺少页面类型应有证据：hasRelatedProducts,按页面类型补齐证据模块，而不是继续堆关键词,Emergency Communication UAV Solution | N-TET,Emergency Communication UAV Solution,Related Equipment | Solution FAQ | Get Solution & Quotation | Overview | Industry Pain Points | UAV-Enabled Upgrade | Solution | Related Equipment,.next/server/app/en/solutions/emergency-communication-uav-solution.html
/en/solutions/emergency-lighting-uav,en,solution_detail,strong,85,Emergency Lighting UAV,full_inventory,1613,12,1,10,28,28,0,198,179,Organization | ContactPoint | WebSite | Service | BreadcrumbList | ListItem,93,95,25,25,15,25,90,92,P3 保持监测,缺少页面类型应有证据：hasRelatedProducts,按页面类型补齐证据模块，而不是继续堆关键词,Emergency Lighting UAV | N-TET,Emergency Lighting UAV,Emergency Lighting UAV Workflow | Technical Specifications | Related Equipment | Solution FAQ | Get Solution & Quotation | Overview | Technical Specifications | Related Equipment,.next/server/app/en/solutions/emergency-lighting-uav.html
/en/solutions/emergency-reconnaissance-uav,en,solution_detail,strong,85,Emergency Reconnaissance UAV,full_inventory,1641,12,1,10,28,28,0,198,179,Organization | ContactPoint | WebSite | Service | BreadcrumbList | ListItem,93,95,25,25,15,25,90,92,P3 保持监测,缺少页面类型应有证据：hasRelatedProducts,按页面类型补齐证据模块，而不是继续堆关键词,Emergency Reconnaissance UAV | N-TET,Emergency Reconnaissance UAV,Emergency Reconnaissance UAV Workflow | Technical Specifications | Related Equipment | Solution FAQ | Get Solution & Quotation | Overview | Technical Specifications | Related Equipment,.next/server/app/en/solutions/emergency-reconnaissance-uav.html
/en/solutions/emergency-search-rescue-uav-solution,en,solution_detail,partial,70,Emergency Search & Rescue UAV Solution,partial_keyword_page,1614,12,1,15,32,31,0,202,183,Organization | ContactPoint | WebSite | Service | BreadcrumbList | ListItem,93,95,25,25,15,25,90,92,P3 保持监测,缺少页面类型应有证据：hasRelatedProducts,按页面类型补齐证据模块，而不是继续堆关键词,Emergency Search & Rescue UAV Solution | N-TET,Emergency Search & Rescue UAV Solution,Related Equipment | Related Cases | Solution FAQ | Get Solution & Quotation | Overview | Industry Pain Points | UAV-Enabled Upgrade | Solution,.next/server/app/en/solutions/emergency-search-rescue-uav-solution.html
/en/solutions/high-rise-firefighting-uav-solution,en,solution_detail,partial,70,High-Rise Firefighting UAV Solution,partial_keyword_page,1630,14,1,13,32,31,0,202,183,Organization | ContactPoint | WebSite | Service | BreadcrumbList | ListItem,93,95,25,25,15,25,90,92,P3 保持监测,缺少页面类型应有证据：hasRelatedProducts,按页面类型补齐证据模块，而不是继续堆关键词,High-Rise Firefighting UAV Solution | N-TET,High-Rise Firefighting UAV Solution,Related Equipment | Solution FAQ | Get Solution & Quotation | Overview | Industry Pain Points | UAV-Enabled Upgrade | Solution | Related Equipment,.next/server/app/en/solutions/high-rise-firefighting-uav-solution.html
/en/solutions/hydroelectric-dam-protection,en,solution_detail,strong,85,Hydroelectric Dam Protection,full_inventory,2180,24,1,13,40,40,0,202,183,Organization | ContactPoint | WebSite | Service | BreadcrumbList | ListItem,93,95,25,25,15,25,90,92,P3 保持监测,缺少页面类型应有证据：hasRelatedProducts,按页面类型补齐证据模块，而不是继续堆关键词,Hydroelectric Dam Protection | N-TET,Hydroelectric Dam Protection,Hydroelectric Dam Protection Workflow | Low-Altitude Security Workflow for Dam Operations | Solution Modules | Related Equipment | Solution FAQ | Get Solution & Quotation | Overview | Industry Pain Points,.next/server/app/en/solutions/hydroelectric-dam-protection.html
/en/solutions/judicial-sector-security,en,solution_detail,strong,85,Judicial Sector Security Protection,full_inventory,2215,27,1,13,48,48,0,210,191,Organization | ContactPoint | WebSite | Service | BreadcrumbList | ListItem,93,95,25,25,15,25,90,92,P3 保持监测,缺少页面类型应有证据：hasRelatedProducts,按页面类型补齐证据模块，而不是继续堆关键词,Judicial Sector Security Protection | N-TET,Judicial Sector Security Protection,Judicial Sector Security Protection Workflow | How Integrated Monitoring and Screening Support Judicial Security | Solution Modules | Related Equipment | Solution FAQ | Get Solution & Quotation | Overview | Industry Pain Points,.next/server/app/en/solutions/judicial-sector-security.html
/en/solutions/land-based-maritime-surveillance,en,solution_detail,strong,85,Land-based Maritime Surveillance & Early Warning,full_inventory,1627,12,1,10,28,26,0,198,179,Organization | ContactPoint | WebSite | Service | BreadcrumbList | ListItem,93,95,25,25,15,25,90,92,P3 保持监测,缺少页面类型应有证据：hasRelatedProducts,按页面类型补齐证据模块，而不是继续堆关键词,Land-based Maritime Surveillance & Early Warning | N-TET,Land-based Maritime Surveillance & Early Warning,Land-based Maritime Surveillance & Early Warning Workflow | Technical Specifications | Related Equipment | Solution FAQ | Get Solution & Quotation | Overview | Technical Specifications | Related Equipment,.next/server/app/en/solutions/land-based-maritime-surveillance.html
/en/solutions/night-emergency-lighting-support-uav-solution,en,solution_detail,strong,100,tethered lighting UAV,high_value_en,2049,30,1,15,42,42,0,204,185,Organization | ContactPoint | WebSite | Service | BreadcrumbList | ListItem,93,95,25,25,15,25,90,92,P3 保持监测,缺少页面类型应有证据：hasRelatedProducts,按页面类型补齐证据模块，而不是继续堆关键词,Tethered Lighting UAV Solution | N-TET,Tethered Lighting UAV Solution,Tethered Lighting UAV Workflow | How UAVs Upgrade Operations | Solution Modules | Related Equipment | Related Cases | Solution FAQ | Get Solution & Quotation | Overview,.next/server/app/en/solutions/night-emergency-lighting-support-uav-solution.html
/en/solutions/oil-production-base-protection,en,solution_detail,strong,100,oil and gas drone inspection,full_inventory,2225,25,1,13,40,40,0,202,183,Organization | ContactPoint | WebSite | Service | BreadcrumbList | ListItem,93,95,25,25,15,25,90,92,P3 保持监测,缺少页面类型应有证据：hasRelatedProducts,按页面类型补齐证据模块，而不是继续堆关键词,Oil and Gas Drone Inspection Solution | N-TET,Oil and Gas Drone Inspection Solution,Oil and Gas Drone Inspection Workflow | Layered Low-Altitude Protection for Oil Production Sites | Solution Modules | Related Equipment | Solution FAQ | Get Solution & Quotation | Overview | Industry Pain Points,.next/server/app/en/solutions/oil-production-base-protection.html
/en/solutions/post-disaster-emergency-communication-support-uav-solution,en,solution_detail,strong,100,emergency communication UAV,high_value_en,2075,26,1,15,40,40,0,204,185,Organization | ContactPoint | WebSite | Service | BreadcrumbList | ListItem,93,95,25,25,15,25,90,92,P3 保持监测,缺少页面类型应有证据：hasRelatedProducts,按页面类型补齐证据模块，而不是继续堆关键词,Emergency Communication UAV Solution | N-TET,Emergency Communication UAV Solution,Emergency Communication UAV Workflow | How UAVs Upgrade Operations | Solution Modules | Related Equipment | Related Cases | Solution FAQ | Get Solution & Quotation | Overview,.next/server/app/en/solutions/post-disaster-emergency-communication-support-uav-solution.html
/en/solutions/power-generation-facility-low-altitude-monitoring,en,solution_detail,strong,85,Power Generation Facility Airspace Monitoring,full_inventory,1722,12,1,10,34,32,0,204,185,Organization | ContactPoint | WebSite | Service | BreadcrumbList | ListItem,93,95,25,25,15,25,90,92,P3 保持监测,缺少页面类型应有证据：hasRelatedProducts,按页面类型补齐证据模块，而不是继续堆关键词,Power Generation Facility Airspace Monitoring | N-TET,Power Generation Facility Airspace Monitoring,Power Generation Facility Airspace Monitoring Workflow | Technical Specifications | Related Equipment | Solution FAQ | Get Solution & Quotation | Overview | Technical Specifications | Related Equipment,.next/server/app/en/solutions/power-generation-facility-low-altitude-monitoring.html
/en/solutions/power-line-uav-intelligent-inspection-solution,en,solution_detail,strong,100,drone power line inspection,high_value_en,2139,30,1,11,34,34,0,194,175,Organization | ContactPoint | WebSite | Service | BreadcrumbList | ListItem,93,95,25,25,15,25,90,92,P3 保持监测,缺少页面类型应有证据：hasRelatedProducts,按页面类型补齐证据模块，而不是继续堆关键词,Drone Power Line Inspection Solution | N-TET,Drone Power Line Inspection Solution,Drone Power Line Inspection Workflow | How UAVs Upgrade Operations | Solution Modules | Solution FAQ | Get Solution & Quotation | Overview | Industry Pain Points | How UAVs Upgrade Operations,.next/server/app/en/solutions/power-line-uav-intelligent-inspection-solution.html
/en/solutions/power-tower-inspection-uav-solution,en,solution_detail,partial,70,Power Tower Inspection UAV Solution,partial_keyword_page,1631,13,1,15,34,33,0,204,185,Organization | ContactPoint | WebSite | Service | BreadcrumbList | ListItem,93,95,25,25,15,25,90,92,P3 保持监测,缺少页面类型应有证据：hasRelatedProducts,按页面类型补齐证据模块，而不是继续堆关键词,Power Tower Inspection UAV Solution | N-TET,Power Tower Inspection UAV Solution,Related Equipment | Related Cases | Solution FAQ | Get Solution & Quotation | Overview | Industry Pain Points | UAV-Enabled Upgrade | Solution,.next/server/app/en/solutions/power-tower-inspection-uav-solution.html
/en/solutions/smart-substation-autonomous-inspection-solution,en,solution_detail,partial,70,Smart Substation Autonomous UAV Inspection Solution,partial_keyword_page,1654,14,1,15,32,31,0,202,183,Organization | ContactPoint | WebSite | Service | BreadcrumbList | ListItem,93,95,25,25,15,25,90,92,P3 保持监测,缺少页面类型应有证据：hasRelatedProducts,按页面类型补齐证据模块，而不是继续堆关键词,Smart Substation Autonomous UAV Inspection Solution | N-TET,Smart Substation Autonomous UAV Inspection Solution,Related Equipment | Related Cases | Solution FAQ | Get Solution & Quotation | Overview | Industry Pain Points | UAV-Enabled Upgrade | Solution,.next/server/app/en/solutions/smart-substation-autonomous-inspection-solution.html
/en/solutions/smart-substation-unattended-uav-inspection-solution,en,solution_detail,strong,100,smart substation autonomous inspection,high_value_en,2172,24,1,15,46,51,0,206,187,Organization | ContactPoint | WebSite | Service | BreadcrumbList | ListItem,93,95,25,25,15,25,90,92,P3 保持监测,缺少页面类型应有证据：hasRelatedProducts,按页面类型补齐证据模块，而不是继续堆关键词,Smart Substation Autonomous Inspection Solution | N-TET,Smart Substation Autonomous Inspection Solution,Smart Substation Autonomous Inspection Workflow | How UAVs Upgrade Substation Inspection | Solution Modules | Related Equipment | Related Cases | Solution FAQ | Get Solution & Quotation | Overview,.next/server/app/en/solutions/smart-substation-unattended-uav-inspection-solution.html
/en/solutions/sports-event-security,en,solution_detail,strong,85,Large Sports Event Security Protection,full_inventory,2193,27,1,13,48,54,0,210,191,Organization | ContactPoint | WebSite | Service | BreadcrumbList | ListItem,93,95,25,25,15,25,90,92,P3 保持监测,缺少页面类型应有证据：hasRelatedProducts,按页面类型补齐证据模块，而不是继续堆关键词,Large Sports Event Security Protection | N-TET,Large Sports Event Security Protection,Large Sports Event Security Protection Workflow | How Integrated Monitoring and Screening Support Large Events | Solution Modules | Related Equipment | Solution FAQ | Get Solution & Quotation | Overview | Industry Pain Points,.next/server/app/en/solutions/sports-event-security.html
/en/solutions/tethered-lighting-uav-solution,en,solution_detail,partial,70,Tethered Lighting UAV Solution,partial_keyword_page,1598,13,1,15,32,31,0,202,183,Organization | ContactPoint | WebSite | Service | BreadcrumbList | ListItem,93,95,25,25,15,25,90,92,P3 保持监测,缺少页面类型应有证据：hasRelatedProducts,按页面类型补齐证据模块，而不是继续堆关键词,Tethered Lighting UAV Solution | N-TET,Tethered Lighting UAV Solution,Related Equipment | Related Cases | Solution FAQ | Get Solution & Quotation | Overview | Industry Pain Points | UAV-Enabled Upgrade | Solution,.next/server/app/en/solutions/tethered-lighting-uav-solution.html
/en/solutions/uav-maritime-emergency-rescue,en,solution_detail,strong,85,UAV Maritime Emergency Rescue,full_inventory,1640,12,1,10,30,30,0,200,181,Organization | ContactPoint | WebSite | Service | BreadcrumbList | ListItem,93,95,25,25,15,25,90,92,P3 保持监测,缺少页面类型应有证据：hasRelatedProducts,按页面类型补齐证据模块，而不是继续堆关键词,UAV Maritime Emergency Rescue | N-TET,UAV Maritime Emergency Rescue,UAV Maritime Emergency Rescue Workflow | Technical Specifications | Related Equipment | Solution FAQ | Get Solution & Quotation | Overview | Technical Specifications | Related Equipment,.next/server/app/en/solutions/uav-maritime-emergency-rescue.html
/en/solutions/uav-maritime-patrol,en,solution_detail,strong,100,maritime patrol UAV,high_value_en,2139,26,1,15,38,38,0,204,185,Organization | ContactPoint | WebSite | Service | BreadcrumbList | ListItem,93,95,25,25,15,25,90,92,P3 保持监测,缺少页面类型应有证据：hasRelatedProducts,按页面类型补齐证据模块，而不是继续堆关键词,Maritime Patrol UAV Solution | N-TET,Maritime Patrol UAV Solution,Maritime Patrol UAV Workflow | How UAVs Upgrade Operations | Solution Modules | Related Equipment | Related Cases | Solution FAQ | Get Solution & Quotation | Overview,.next/server/app/en/solutions/uav-maritime-patrol.html
/en/solutions/urban-high-rise-firefighting-emergency-uav-solution,en,solution_detail,strong,100,firefighting drone,high_value_en,2132,30,1,15,44,44,0,206,187,Organization | ContactPoint | WebSite | Service | BreadcrumbList | ListItem,93,95,25,25,15,25,90,92,P3 保持监测,缺少页面类型应有证据：hasRelatedProducts,按页面类型补齐证据模块，而不是继续堆关键词,Firefighting Drone Solution | N-TET,Firefighting Drone Solution,Firefighting Drone Workflow | How UAVs Upgrade Operations | Solution Modules | Related Equipment | Related Cases | Solution FAQ | Get Solution & Quotation | Overview,.next/server/app/en/solutions/urban-high-rise-firefighting-emergency-uav-solution.html
/en/solutions/water-conservancy-monitoring-uav-solution,en,solution_detail,partial,70,Water Conservancy Monitoring UAV Solution,partial_keyword_page,1620,13,1,15,32,31,0,202,183,Organization | ContactPoint | WebSite | Service | BreadcrumbList | ListItem,93,95,25,25,15,25,90,92,P3 保持监测,缺少页面类型应有证据：hasRelatedProducts,按页面类型补齐证据模块，而不是继续堆关键词,Water Conservancy Monitoring UAV Solution | N-TET,Water Conservancy Monitoring UAV Solution,Related Equipment | Related Cases | Solution FAQ | Get Solution & Quotation | Overview | Industry Pain Points | UAV-Enabled Upgrade | Solution,.next/server/app/en/solutions/water-conservancy-monitoring-uav-solution.html
/en/solutions/water-conservancy-river-lake-uav-monitoring-solution,en,solution_detail,strong,100,water conservancy monitoring UAV,high_value_en,2271,32,1,15,42,42,0,202,183,Organization | ContactPoint | WebSite | Service | BreadcrumbList | ListItem,93,95,25,25,15,25,90,100,P3 保持监测,缺少页面类型应有证据：hasRelatedProducts,按页面类型补齐证据模块，而不是继续堆关键词,Water Conservancy Monitoring UAV Solution | N-TET,Water Conservancy Monitoring UAV Solution,Water Conservancy Monitoring UAV Workflow | How UAVs Upgrade Operations | Solution Modules | Related Equipment | Related Cases | Solution FAQ | Get Solution & Quotation | Overview,.next/server/app/en/solutions/water-conservancy-river-lake-uav-monitoring-solution.html
/es,es,home,strong,85,sistemas UAV industriales,full_inventory,1457,4,1,11,61,65,0,242,239,Organization | ContactPoint | WebSite,100,100,25,20,15,21,81,66,P2 建议增强,,,Sistemas UAV industriales para operaciones de baja altitud | N-TET,Sistemas UAV industriales para operaciones de baja altitud,Nuestras soluciones | Centro de productos | UAV para monitoreo hídrico | Centro de casos | Acerca de nosotros | Últimas noticias | Nuestras soluciones | Centro de productos,.next/server/app/es.html
/es/about,es,about,strong,85,integrador de sistemas UAV industriales,full_inventory,1719,18,1,5,22,23,0,189,187,Organization | ContactPoint | WebSite,100,100,25,20,15,21,81,66,P2 建议增强,,,Perfil de integrador de sistemas UAV industriales | N-TET,Perfil de integrador de sistemas UAV industriales,Capacidades de integración de sistemas UAV industriales | Equipo de I+D | Perfil de la empresa | Equipo de I+D | Solicitar solución y cotización,.next/server/app/es/about.html
/es/accessories,es,accessory_list,strong,95,accesorios para drones,full_inventory,1561,9,1,11,79,76,0,243,241,Organization | ContactPoint | WebSite,100,100,25,20,15,21,81,74,P2 建议增强,,,Accesorios para drones y componentes UAV | N-TET,Accesorios para drones y componentes UAV,Accesorios para drones y componentes UAV para plataformas industriales | Controladores de vuelo | Motores UAV | Hélices UAV | Baterías UAV | Gimbals electro-ópticos | Motores UAV | Enlaces de datos UAV,.next/server/app/es/accessories.html
/es/accessories/fc-bt1,es,accessory_detail,strong,85,Batería de estado sólido para UAV FC-BT1,full_inventory,4423,8,1,5,25,24,0,192,190,Organization | ContactPoint | WebSite | Product | BreadcrumbList | ListItem,100,100,25,19,15,25,84,84,P3 保持监测,,,Batería de estado sólido para UAV FC-BT1 | N-TET Drone Accessories,Batería de estado sólido para UAV FC-BT1,Batería de estado sólido para UAV FC-BT1 Technical Specifications | Solicitar solución y cotización | Resumen | Especificaciones técnicas | Solicitar solución y cotización,.next/server/app/es/accessories/fc-bt1.html
/es/accessories/fc-bt2,es,accessory_detail,strong,85,Batería de estado sólido para UAV FC-BT2,full_inventory,3869,8,1,5,25,24,0,192,190,Organization | ContactPoint | WebSite | Product | BreadcrumbList | ListItem,100,100,25,19,15,25,84,84,P3 保持监测,,,Batería de estado sólido para UAV FC-BT2 | N-TET Drone Accessories,Batería de estado sólido para UAV FC-BT2,Batería de estado sólido para UAV FC-BT2 Technical Specifications | Solicitar solución y cotización | Resumen | Especificaciones técnicas | Solicitar solución y cotización,.next/server/app/es/accessories/fc-bt2.html
/es/accessories/fc-bt3,es,accessory_detail,strong,85,Batería de estado sólido de alto voltaje para UAV FC-BT3,full_inventory,4012,10,1,5,26,24,0,192,190,Organization | ContactPoint | WebSite | Product | BreadcrumbList | ListItem,100,100,25,19,15,25,84,84,P3 保持监测,,,Batería de estado sólido de alto voltaje para UAV FC-BT3 | N-TET Drone Accessories,Batería de estado sólido de alto voltaje para UAV FC-BT3,Batería de estado sólido de alto voltaje para UAV FC-BT3 Technical Specifications | Solicitar solución y cotización | Resumen | Especificaciones técnicas | Solicitar solución y cotización,.next/server/app/es/accessories/fc-bt3.html
/es/accessories/fc-bt4,es,accessory_detail,strong,85,Batería de estado sólido de alta energía para UAV FC-BT4,full_inventory,5988,6,1,5,25,24,0,192,190,Organization | ContactPoint | WebSite | Product | BreadcrumbList | ListItem,100,100,25,19,15,25,84,84,P3 保持监测,,,Batería de estado sólido de alta energía para UAV FC-BT4 | N-TET Drone Accessories,Batería de estado sólido de alta energía para UAV FC-BT4,Batería de estado sólido de alta energía para UAV FC-BT4 Technical Specifications | Solicitar solución y cotización | Resumen | Especificaciones técnicas | Solicitar solución y cotización,.next/server/app/es/accessories/fc-bt4.html
/es/accessories/fc-btg,es,accessory_detail,strong,85,Batería de estado sólido para formación UAV FC-BTG,full_inventory,3062,6,1,5,25,24,0,192,190,Organization | ContactPoint | WebSite | Product | BreadcrumbList | ListItem,100,100,25,19,15,25,84,84,P3 保持监测,,,Batería de estado sólido para formación UAV FC-BTG | N-TET Drone Accessories,Batería de estado sólido para formación UAV FC-BTG,Batería de estado sólido para formación UAV FC-BTG Technical Specifications | Solicitar solución y cotización | Resumen | Especificaciones técnicas | Solicitar solución y cotización,.next/server/app/es/accessories/fc-btg.html
/es/accessories/fc-c2d-propeller,es,accessory_detail,strong,85,Hélice UAV FC-C2D,full_inventory,1821,4,1,5,21,22,0,192,190,Organization | ContactPoint | WebSite | Product | BreadcrumbList | ListItem,100,100,25,19,15,25,84,84,P3 保持监测,,,Hélice UAV FC-C2D | N-TET Drone Accessories,Hélice UAV FC-C2D,Hélice UAV FC-C2D Technical Specifications | Solicitar solución y cotización | Resumen | Especificaciones técnicas | Solicitar solución y cotización,.next/server/app/es/accessories/fc-c2d-propeller.html
/es/accessories/fc-c2e-propeller,es,accessory_detail,strong,85,Hélice UAV FC-C2E,full_inventory,1775,4,1,5,21,22,0,192,190,Organization | ContactPoint | WebSite | Product | BreadcrumbList | ListItem,100,100,25,19,15,25,84,84,P3 保持监测,,,Hélice UAV FC-C2E | N-TET Drone Accessories,Hélice UAV FC-C2E,Hélice UAV FC-C2E Technical Specifications | Solicitar solución y cotización | Resumen | Especificaciones técnicas | Solicitar solución y cotización,.next/server/app/es/accessories/fc-c2e-propeller.html
/es/accessories/fc-c2t-propeller,es,accessory_detail,strong,85,Hélice UAV FC-C2T,full_inventory,1805,2,1,5,21,22,0,192,190,Organization | ContactPoint | WebSite | Product | BreadcrumbList | ListItem,91,90,25,19,15,25,84,75,P3 保持监测,有效正文段落偏少,增加 3-6 个有信息量的段落，避免只靠卡片、导航和短摘要支撑页面,Hélice UAV FC-C2T | N-TET Drone Accessories,Hélice UAV FC-C2T,Hélice UAV FC-C2T Technical Specifications | Solicitar solución y cotización | Resumen | Especificaciones técnicas | Solicitar solución y cotización,.next/server/app/es/accessories/fc-c2t-propeller.html
/es/accessories/fc-c2u-propeller,es,accessory_detail,strong,85,Hélice UAV FC-C2U,full_inventory,1785,2,1,5,21,22,0,192,190,Organization | ContactPoint | WebSite | Product | BreadcrumbList | ListItem,91,90,25,19,15,25,84,75,P3 保持监测,有效正文段落偏少,增加 3-6 个有信息量的段落，避免只靠卡片、导航和短摘要支撑页面,Hélice UAV FC-C2U | N-TET Drone Accessories,Hélice UAV FC-C2U,Hélice UAV FC-C2U Technical Specifications | Solicitar solución y cotización | Resumen | Especificaciones técnicas | Solicitar solución y cotización,.next/server/app/es/accessories/fc-c2u-propeller.html
/es/accessories/fc-c2ud-propeller,es,accessory_detail,strong,85,Hélice UAV FC-C2UD,full_inventory,1859,4,1,5,21,22,0,192,190,Organization | ContactPoint | WebSite | Product | BreadcrumbList | ListItem,100,100,25,19,15,25,84,84,P3 保持监测,,,Hélice UAV FC-C2UD | N-TET Drone Accessories,Hélice UAV FC-C2UD,Hélice UAV FC-C2UD Technical Specifications | Solicitar solución y cotización | Resumen | Especificaciones técnicas | Solicitar solución y cotización,.next/server/app/es/accessories/fc-c2ud-propeller.html
/es/accessories/fc-fdj-111,es,accessory_detail,strong,100,Motor UAV FC-FDJ-111,full_inventory,1567,4,1,5,20,22,0,192,190,Organization | ContactPoint | WebSite | Product | BreadcrumbList | ListItem,100,100,25,19,15,25,84,84,P3 保持监测,,,Motor UAV FC-FDJ-111 | N-TET Drone Accessories,Motor UAV FC-FDJ-111,Motor UAV FC-FDJ-111 Technical Specifications | Solicitar solución y cotización | Resumen | Especificaciones técnicas | Solicitar solución y cotización,.next/server/app/es/accessories/fc-fdj-111.html
/es/accessories/fc-fdj-120,es,accessory_detail,strong,100,Motor UAV FC-FDJ-120,full_inventory,1547,2,1,5,20,22,0,192,190,Organization | ContactPoint | WebSite | Product | BreadcrumbList | ListItem,91,90,25,19,15,25,84,75,P3 保持监测,有效正文段落偏少,增加 3-6 个有信息量的段落，避免只靠卡片、导航和短摘要支撑页面,Motor UAV FC-FDJ-120 | N-TET Drone Accessories,Motor UAV FC-FDJ-120,Motor UAV FC-FDJ-120 Technical Specifications | Solicitar solución y cotización | Resumen | Especificaciones técnicas | Solicitar solución y cotización,.next/server/app/es/accessories/fc-fdj-120.html
/es/accessories/fc-fdj-120hd,es,accessory_detail,strong,100,Motor UAV FC-FDJ-120HD,full_inventory,1541,2,1,5,20,22,0,192,190,Organization | ContactPoint | WebSite | Product | BreadcrumbList | ListItem,91,90,25,19,15,25,84,75,P3 保持监测,有效正文段落偏少,增加 3-6 个有信息量的段落，避免只靠卡片、导航和短摘要支撑页面,Motor UAV FC-FDJ-120HD | N-TET Drone Accessories,Motor UAV FC-FDJ-120HD,Motor UAV FC-FDJ-120HD Technical Specifications | Solicitar solución y cotización | Resumen | Especificaciones técnicas | Solicitar solución y cotización,.next/server/app/es/accessories/fc-fdj-120hd.html
/es/accessories/fc-fdj-170,es,accessory_detail,strong,100,Motor UAV FC-FDJ-170,full_inventory,1537,2,1,5,20,22,0,192,190,Organization | ContactPoint | WebSite | Product | BreadcrumbList | ListItem,91,90,25,19,15,25,84,75,P3 保持监测,有效正文段落偏少,增加 3-6 个有信息量的段落，避免只靠卡片、导航和短摘要支撑页面,Motor UAV FC-FDJ-170 | N-TET Drone Accessories,Motor UAV FC-FDJ-170,Motor UAV FC-FDJ-170 Technical Specifications | Solicitar solución y cotización | Resumen | Especificaciones técnicas | Solicitar solución y cotización,.next/server/app/es/accessories/fc-fdj-170.html
/es/accessories/fc-fdj-200,es,accessory_detail,strong,100,Motor UAV FC-FDJ-200,full_inventory,1545,2,1,5,20,22,0,192,190,Organization | ContactPoint | WebSite | Product | BreadcrumbList | ListItem,91,90,25,19,15,25,84,75,P3 保持监测,有效正文段落偏少,增加 3-6 个有信息量的段落，避免只靠卡片、导航和短摘要支撑页面,Motor UAV FC-FDJ-200 | N-TET Drone Accessories,Motor UAV FC-FDJ-200,Motor UAV FC-FDJ-200 Technical Specifications | Solicitar solución y cotización | Resumen | Especificaciones técnicas | Solicitar solución y cotización,.next/server/app/es/accessories/fc-fdj-200.html
/es/accessories/fc-fdj-222,es,accessory_detail,strong,100,Motor UAV FC-FDJ-222,full_inventory,1551,4,1,5,20,22,0,192,190,Organization | ContactPoint | WebSite | Product | BreadcrumbList | ListItem,100,100,25,19,15,25,84,84,P3 保持监测,,,Motor UAV FC-FDJ-222 | N-TET Drone Accessories,Motor UAV FC-FDJ-222,Motor UAV FC-FDJ-222 Technical Specifications | Solicitar solución y cotización | Resumen | Especificaciones técnicas | Solicitar solución y cotización,.next/server/app/es/accessories/fc-fdj-222.html
/es/accessories/fc-fdj-430,es,accessory_detail,strong,100,Motor UAV FC-FDJ-430,full_inventory,1717,4,1,5,20,22,0,192,190,Organization | ContactPoint | WebSite | Product | BreadcrumbList | ListItem,100,100,25,19,15,25,84,84,P3 保持监测,,,Motor UAV FC-FDJ-430 | N-TET Drone Accessories,Motor UAV FC-FDJ-430,Motor UAV FC-FDJ-430 Technical Specifications | Solicitar solución y cotización | Resumen | Especificaciones técnicas | Solicitar solución y cotización,.next/server/app/es/accessories/fc-fdj-430.html
/es/accessories/fc-fdj-55,es,accessory_detail,strong,100,Motor UAV FC-FDJ-55,full_inventory,1571,4,1,5,20,22,0,192,190,Organization | ContactPoint | WebSite | Product | BreadcrumbList | ListItem,100,100,25,19,15,25,84,84,P3 保持监测,,,Motor UAV FC-FDJ-55 | N-TET Drone Accessories,Motor UAV FC-FDJ-55,Motor UAV FC-FDJ-55 Technical Specifications | Solicitar solución y cotización | Resumen | Especificaciones técnicas | Solicitar solución y cotización,.next/server/app/es/accessories/fc-fdj-55.html
/es/accessories/fc-fdj-60,es,accessory_detail,strong,100,Motor UAV FC-FDJ-60,full_inventory,1547,2,1,5,20,22,0,192,190,Organization | ContactPoint | WebSite | Product | BreadcrumbList | ListItem,91,90,25,19,15,25,84,75,P3 保持监测,有效正文段落偏少,增加 3-6 个有信息量的段落，避免只靠卡片、导航和短摘要支撑页面,Motor UAV FC-FDJ-60 | N-TET Drone Accessories,Motor UAV FC-FDJ-60,Motor UAV FC-FDJ-60 Technical Specifications | Solicitar solución y cotización | Resumen | Especificaciones técnicas | Solicitar solución y cotización,.next/server/app/es/accessories/fc-fdj-60.html
/es/accessories/fc-fdj-61,es,accessory_detail,strong,100,Motor UAV FC-FDJ-61,full_inventory,1545,4,1,5,20,22,0,192,190,Organization | ContactPoint | WebSite | Product | BreadcrumbList | ListItem,100,100,25,19,15,25,84,84,P3 保持监测,,,Motor UAV FC-FDJ-61 | N-TET Drone Accessories,Motor UAV FC-FDJ-61,Motor UAV FC-FDJ-61 Technical Specifications | Solicitar solución y cotización | Resumen | Especificaciones técnicas | Solicitar solución y cotización,.next/server/app/es/accessories/fc-fdj-61.html
/es/accessories/fc-fdj-70hd,es,accessory_detail,strong,100,Motor UAV FC-FDJ-70HD,full_inventory,1543,2,1,5,20,22,0,192,190,Organization | ContactPoint | WebSite | Product | BreadcrumbList | ListItem,91,90,25,19,15,25,84,75,P3 保持监测,有效正文段落偏少,增加 3-6 个有信息量的段落，避免只靠卡片、导航和短摘要支撑页面,Motor UAV FC-FDJ-70HD | N-TET Drone Accessories,Motor UAV FC-FDJ-70HD,Motor UAV FC-FDJ-70HD Technical Specifications | Solicitar solución y cotización | Resumen | Especificaciones técnicas | Solicitar solución y cotización,.next/server/app/es/accessories/fc-fdj-70hd.html
/es/accessories/fc-fdj-85,es,accessory_detail,strong,100,Motor UAV FC-FDJ-85,full_inventory,1545,4,1,5,20,22,0,192,190,Organization | ContactPoint | WebSite | Product | BreadcrumbList | ListItem,100,100,25,19,15,25,84,84,P3 保持监测,,,Motor UAV FC-FDJ-85 | N-TET Drone Accessories,Motor UAV FC-FDJ-85,Motor UAV FC-FDJ-85 Technical Specifications | Solicitar solución y cotización | Resumen | Especificaciones técnicas | Solicitar solución y cotización,.next/server/app/es/accessories/fc-fdj-85.html
/es/accessories/fc-l10tr-three-light-gimbal,es,accessory_detail,strong,100,FC-L10TR gimbal electro-optico,full_inventory,2175,4,1,5,18,22,0,192,190,Organization | ContactPoint | WebSite | Product | BreadcrumbList | ListItem,100,100,25,19,15,25,84,84,P3 保持监测,,,FC-L10TR gimbal electro-optico | N-TET Drone Accessories,FC-L10TR gimbal electro-optico,FC-L10TR gimbal electro-optico Technical Specifications | Solicitar solución y cotización | Resumen | Especificaciones técnicas | Solicitar solución y cotización,.next/server/app/es/accessories/fc-l10tr-three-light-gimbal.html
/es/accessories/fc-l40-smart-optical-pod,es,accessory_detail,strong,100,FC-L40 gimbal electro-optico,full_inventory,1963,4,1,5,18,22,0,192,190,Organization | ContactPoint | WebSite | Product | BreadcrumbList | ListItem,100,100,25,19,15,25,84,84,P3 保持监测,,,FC-L40 gimbal electro-optico | N-TET Drone Accessories,FC-L40 gimbal electro-optico,FC-L40 gimbal electro-optico Technical Specifications | Solicitar solución y cotización | Resumen | Especificaciones técnicas | Solicitar solución y cotización,.next/server/app/es/accessories/fc-l40-smart-optical-pod.html
/es/accessories/fc-l40t-dual-light-gimbal,es,accessory_detail,strong,100,FC-L40T gimbal electro-optico,full_inventory,2103,4,1,5,18,22,0,192,190,Organization | ContactPoint | WebSite | Product | BreadcrumbList | ListItem,100,100,25,19,15,25,84,84,P3 保持监测,,,FC-L40T gimbal electro-optico | N-TET Drone Accessories,FC-L40T gimbal electro-optico,FC-L40T gimbal electro-optico Technical Specifications | Solicitar solución y cotización | Resumen | Especificaciones técnicas | Solicitar solución y cotización,.next/server/app/es/accessories/fc-l40t-dual-light-gimbal.html
/es/accessories/fc-l40tr-smart-optical-pod,es,accessory_detail,strong,100,FC-L40TR gimbal electro-optico,full_inventory,2169,4,1,5,18,22,0,192,190,Organization | ContactPoint | WebSite | Product | BreadcrumbList | ListItem,100,100,25,19,15,25,84,84,P3 保持监测,,,FC-L40TR gimbal electro-optico | N-TET Drone Accessories,FC-L40TR gimbal electro-optico,FC-L40TR gimbal electro-optico Technical Specifications | Solicitar solución y cotización | Resumen | Especificaciones técnicas | Solicitar solución y cotización,.next/server/app/es/accessories/fc-l40tr-smart-optical-pod.html
/es/accessories/fc-l50-smart-optical-pod,es,accessory_detail,strong,100,FC-L50 gimbal electro-optico,full_inventory,1991,4,1,5,18,22,0,192,190,Organization | ContactPoint | WebSite | Product | BreadcrumbList | ListItem,100,100,25,19,15,25,84,84,P3 保持监测,,,FC-L50 gimbal electro-optico | N-TET Drone Accessories,FC-L50 gimbal electro-optico,FC-L50 gimbal electro-optico Technical Specifications | Solicitar solución y cotización | Resumen | Especificaciones técnicas | Solicitar solución y cotización,.next/server/app/es/accessories/fc-l50-smart-optical-pod.html
/es/accessories/fc-ln100-dual-light-gimbal,es,accessory_detail,strong,100,FC-LN100 gimbal electro-optico,full_inventory,2087,4,1,5,18,22,0,192,190,Organization | ContactPoint | WebSite | Product | BreadcrumbList | ListItem,100,100,25,19,15,25,84,84,P3 保持监测,,,FC-LN100 gimbal electro-optico | N-TET Drone Accessories,FC-LN100 gimbal electro-optico,FC-LN100 gimbal electro-optico Technical Specifications | Solicitar solución y cotización | Resumen | Especificaciones técnicas | Solicitar solución y cotización,.next/server/app/es/accessories/fc-ln100-dual-light-gimbal.html
/es/accessories/fc-ln95-dual-light-gimbal,es,accessory_detail,strong,100,FC-LN95 gimbal electro-optico,full_inventory,2207,4,1,5,18,22,0,192,190,Organization | ContactPoint | WebSite | Product | BreadcrumbList | ListItem,100,100,25,19,15,25,84,84,P3 保持监测,,,FC-LN95 gimbal electro-optico | N-TET Drone Accessories,FC-LN95 gimbal electro-optico,FC-LN95 gimbal electro-optico Technical Specifications | Solicitar solución y cotización | Resumen | Especificaciones técnicas | Solicitar solución y cotización,.next/server/app/es/accessories/fc-ln95-dual-light-gimbal.html
/es/accessories/fc-max-5330,es,accessory_detail,strong,100,Motor UAV FC-MAX 5330,full_inventory,5108,2,1,5,23,22,0,192,190,Organization | ContactPoint | WebSite | Product | BreadcrumbList | ListItem,91,90,25,25,15,25,90,83,P3 保持监测,有效正文段落偏少,增加 3-6 个有信息量的段落，避免只靠卡片、导航和短摘要支撑页面,Motor UAV FC-MAX 5330 | N-TET Drone Accessories,Motor UAV FC-MAX 5330,Motor UAV FC-MAX 5330 Technical Specifications | Solicitar solución y cotización | Resumen | Especificaciones técnicas | Solicitar solución y cotización,.next/server/app/es/accessories/fc-max-5330.html
/es/accessories/fc-mesh-100,es,accessory_detail,strong,85,FC-Mesh-100 enlace de datos UAV,full_inventory,2097,6,1,5,22,22,0,192,190,Organization | ContactPoint | WebSite | Product | BreadcrumbList | ListItem,100,100,25,19,15,25,84,84,P3 保持监测,,,FC-Mesh-100 enlace de datos UAV | N-TET Drone Accessories,FC-Mesh-100 enlace de datos UAV,FC-Mesh-100 enlace de datos UAV Technical Specifications | Solicitar solución y cotización | Resumen | Especificaciones técnicas | Solicitar solución y cotización,.next/server/app/es/accessories/fc-mesh-100.html
/es/accessories/fc-mini-l10tr-smart-optical-pod,es,accessory_detail,strong,100,FC-MiniL10TR gimbal electro-optico,full_inventory,2143,4,1,5,18,22,0,192,190,Organization | ContactPoint | WebSite | Product | BreadcrumbList | ListItem,100,100,25,19,15,25,84,84,P3 保持监测,,,FC-MiniL10TR gimbal electro-optico | N-TET Drone Accessories,FC-MiniL10TR gimbal electro-optico,FC-MiniL10TR gimbal electro-optico Technical Specifications | Solicitar solución y cotización | Resumen | Especificaciones técnicas | Solicitar solución y cotización,.next/server/app/es/accessories/fc-mini-l10tr-smart-optical-pod.html
/es/accessories/fc-pab-propeller,es,accessory_detail,strong,85,Hélice UAV FC-PAB,full_inventory,1819,2,1,5,21,22,0,192,190,Organization | ContactPoint | WebSite | Product | BreadcrumbList | ListItem,91,90,25,19,15,25,84,75,P3 保持监测,有效正文段落偏少,增加 3-6 个有信息量的段落，避免只靠卡片、导航和短摘要支撑页面,Hélice UAV FC-PAB | N-TET Drone Accessories,Hélice UAV FC-PAB,Hélice UAV FC-PAB Technical Specifications | Solicitar solución y cotización | Resumen | Especificaciones técnicas | Solicitar solución y cotización,.next/server/app/es/accessories/fc-pab-propeller.html
/es/accessories/fc-pad-propeller,es,accessory_detail,strong,85,Hélice UAV FC-PAD,full_inventory,1807,2,1,5,21,22,0,192,190,Organization | ContactPoint | WebSite | Product | BreadcrumbList | ListItem,91,90,25,19,15,25,84,75,P3 保持监测,有效正文段落偏少,增加 3-6 个有信息量的段落，避免只靠卡片、导航和短摘要支撑页面,Hélice UAV FC-PAD | N-TET Drone Accessories,Hélice UAV FC-PAD,Hélice UAV FC-PAD Technical Specifications | Solicitar solución y cotización | Resumen | Especificaciones técnicas | Solicitar solución y cotización,.next/server/app/es/accessories/fc-pad-propeller.html
/es/accessories/fc-pae-propeller,es,accessory_detail,strong,85,Hélice UAV FC-PAE,full_inventory,1801,2,1,5,21,22,0,192,190,Organization | ContactPoint | WebSite | Product | BreadcrumbList | ListItem,91,90,25,19,15,25,84,75,P3 保持监测,有效正文段落偏少,增加 3-6 个有信息量的段落，避免只靠卡片、导航和短摘要支撑页面,Hélice UAV FC-PAE | N-TET Drone Accessories,Hélice UAV FC-PAE,Hélice UAV FC-PAE Technical Specifications | Solicitar solución y cotización | Resumen | Especificaciones técnicas | Solicitar solución y cotización,.next/server/app/es/accessories/fc-pae-propeller.html
/es/accessories/fc-pbf-propeller,es,accessory_detail,strong,85,Hélice UAV FC-PBF,full_inventory,1745,2,1,5,21,22,0,192,190,Organization | ContactPoint | WebSite | Product | BreadcrumbList | ListItem,91,90,25,19,15,25,84,75,P3 保持监测,有效正文段落偏少,增加 3-6 个有信息量的段落，避免只靠卡片、导航和短摘要支撑页面,Hélice UAV FC-PBF | N-TET Drone Accessories,Hélice UAV FC-PBF,Hélice UAV FC-PBF Technical Specifications | Solicitar solución y cotización | Resumen | Especificaciones técnicas | Solicitar solución y cotización,.next/server/app/es/accessories/fc-pbf-propeller.html
/es/accessories/fc-rm10x,es,accessory_detail,strong,100,Motor UAV FC-RM10X,full_inventory,2357,2,1,5,23,22,0,192,190,Organization | ContactPoint | WebSite | Product | BreadcrumbList | ListItem,91,90,25,19,15,25,84,75,P3 保持监测,有效正文段落偏少,增加 3-6 个有信息量的段落，避免只靠卡片、导航和短摘要支撑页面,Motor UAV FC-RM10X | N-TET Drone Accessories,Motor UAV FC-RM10X,Motor UAV FC-RM10X Technical Specifications | Solicitar solución y cotización | Resumen | Especificaciones técnicas | Solicitar solución y cotización,.next/server/app/es/accessories/fc-rm10x.html
/es/accessories/fc-rm30,es,accessory_detail,strong,100,Motor UAV FC-RM30,full_inventory,5807,2,1,5,23,22,0,192,190,Organization | ContactPoint | WebSite | Product | BreadcrumbList | ListItem,91,90,25,25,15,25,90,83,P3 保持监测,有效正文段落偏少,增加 3-6 个有信息量的段落，避免只靠卡片、导航和短摘要支撑页面,Motor UAV FC-RM30 | N-TET Drone Accessories,Motor UAV FC-RM30,Motor UAV FC-RM30 Technical Specifications | Solicitar solución y cotización | Resumen | Especificaciones técnicas | Solicitar solución y cotización,.next/server/app/es/accessories/fc-rm30.html
/es/accessories/fc-sjl-100,es,accessory_detail,strong,85,FC-SJL-100 enlace de datos UAV,full_inventory,1967,6,1,5,22,22,0,192,190,Organization | ContactPoint | WebSite | Product | BreadcrumbList | ListItem,100,100,25,25,15,25,90,84,P3 保持监测,,,FC-SJL-100 enlace de datos UAV | N-TET Drone Accessories,FC-SJL-100 enlace de datos UAV,FC-SJL-100 enlace de datos UAV Technical Specifications | Solicitar solución y cotización | Resumen | Especificaciones técnicas | Solicitar solución y cotización,.next/server/app/es/accessories/fc-sjl-100.html
/es/accessories/fc-sjl-200,es,accessory_detail,strong,85,FC-SJL-200 enlace de datos UAV,full_inventory,1977,6,1,5,22,22,0,192,190,Organization | ContactPoint | WebSite | Product | BreadcrumbList | ListItem,100,100,25,25,15,25,90,84,P3 保持监测,,,FC-SJL-200 enlace de datos UAV | N-TET Drone Accessories,FC-SJL-200 enlace de datos UAV,FC-SJL-200 enlace de datos UAV Technical Specifications | Solicitar solución y cotización | Resumen | Especificaciones técnicas | Solicitar solución y cotización,.next/server/app/es/accessories/fc-sjl-200.html
/es/accessories/fc-sjl-30,es,accessory_detail,strong,85,FC-SJL-30 enlace de datos UAV,full_inventory,2041,6,1,5,22,22,0,192,190,Organization | ContactPoint | WebSite | Product | BreadcrumbList | ListItem,100,100,25,25,15,25,90,84,P3 保持监测,,,FC-SJL-30 enlace de datos UAV | N-TET Drone Accessories,FC-SJL-30 enlace de datos UAV,FC-SJL-30 enlace de datos UAV Technical Specifications | Solicitar solución y cotización | Resumen | Especificaciones técnicas | Solicitar solución y cotización,.next/server/app/es/accessories/fc-sjl-30.html
/es/accessories/fc-sjl-380,es,accessory_detail,strong,85,FC-SJL-380 enlace de datos UAV,full_inventory,1975,6,1,5,22,22,0,192,190,Organization | ContactPoint | WebSite | Product | BreadcrumbList | ListItem,100,100,25,25,15,25,90,84,P3 保持监测,,,FC-SJL-380 enlace de datos UAV | N-TET Drone Accessories,FC-SJL-380 enlace de datos UAV,FC-SJL-380 enlace de datos UAV Technical Specifications | Solicitar solución y cotización | Resumen | Especificaciones técnicas | Solicitar solución y cotización,.next/server/app/es/accessories/fc-sjl-380.html
/es/accessories/fc-sjl-50,es,accessory_detail,strong,85,FC-SJL-50 enlace de datos UAV,full_inventory,2009,6,1,5,22,22,0,192,190,Organization | ContactPoint | WebSite | Product | BreadcrumbList | ListItem,100,100,25,25,15,25,90,84,P3 保持监测,,,FC-SJL-50 enlace de datos UAV | N-TET Drone Accessories,FC-SJL-50 enlace de datos UAV,FC-SJL-50 enlace de datos UAV Technical Specifications | Solicitar solución y cotización | Resumen | Especificaciones técnicas | Solicitar solución y cotización,.next/server/app/es/accessories/fc-sjl-50.html
/es/accessories/fc-u10-pro,es,accessory_detail,strong,85,Controlador de vuelo FC-U10-PRO,full_inventory,1630,4,1,5,20,22,0,192,190,Organization | ContactPoint | WebSite | Product | BreadcrumbList | ListItem,100,100,25,19,15,25,84,84,P3 保持监测,,,Controlador de vuelo FC-U10-PRO | N-TET Drone Accessories,Controlador de vuelo FC-U10-PRO,Controlador de vuelo FC-U10-PRO Technical Specifications | Solicitar solución y cotización | Resumen | Especificaciones técnicas | Solicitar solución y cotización,.next/server/app/es/accessories/fc-u10-pro.html
/es/accessories/fc-u110,es,accessory_detail,strong,100,Motor UAV FC-U110,full_inventory,5511,2,1,5,23,22,0,192,190,Organization | ContactPoint | WebSite | Product | BreadcrumbList | ListItem,91,90,25,25,15,25,90,83,P3 保持监测,有效正文段落偏少,增加 3-6 个有信息量的段落，避免只靠卡片、导航和短摘要支撑页面,Motor UAV FC-U110 | N-TET Drone Accessories,Motor UAV FC-U110,Motor UAV FC-U110 Technical Specifications | Solicitar solución y cotización | Resumen | Especificaciones técnicas | Solicitar solución y cotización,.next/server/app/es/accessories/fc-u110.html
/es/accessories/fc-u12,es,accessory_detail,strong,85,Controlador de vuelo FC-U12,full_inventory,1586,4,1,5,20,22,0,192,190,Organization | ContactPoint | WebSite | Product | BreadcrumbList | ListItem,100,100,25,19,15,25,84,84,P3 保持监测,,,Controlador de vuelo FC-U12 | N-TET Drone Accessories,Controlador de vuelo FC-U12,Controlador de vuelo FC-U12 Technical Specifications | Solicitar solución y cotización | Resumen | Especificaciones técnicas | Solicitar solución y cotización,.next/server/app/es/accessories/fc-u12.html
/es/accessories/fc-u8013,es,accessory_detail,strong,100,Motor UAV FC-U8013,full_inventory,2050,2,1,5,22,22,0,192,190,Organization | ContactPoint | WebSite | Product | BreadcrumbList | ListItem,91,90,25,19,15,25,84,75,P3 保持监测,有效正文段落偏少,增加 3-6 个有信息量的段落，避免只靠卡片、导航和短摘要支撑页面,Motor UAV FC-U8013 | N-TET Drone Accessories,Motor UAV FC-U8013,Motor UAV FC-U8013 Technical Specifications | Solicitar solución y cotización | Resumen | Especificaciones técnicas | Solicitar solución y cotización,.next/server/app/es/accessories/fc-u8013.html
/es/accessories/fc-u9-ag,es,accessory_detail,strong,85,Controlador de vuelo agrícola FC-U9-AG,full_inventory,1687,4,1,5,20,22,0,192,190,Organization | ContactPoint | WebSite | Product | BreadcrumbList | ListItem,100,100,25,19,15,25,84,84,P3 保持监测,,,Controlador de vuelo agrícola FC-U9-AG | N-TET Drone Accessories,Controlador de vuelo agrícola FC-U9-AG,Controlador de vuelo agrícola FC-U9-AG Technical Specifications | Solicitar solución y cotización | Resumen | Especificaciones técnicas | Solicitar solución y cotización,.next/server/app/es/accessories/fc-u9-ag.html
/es/accessories/fc-w2u-propeller,es,accessory_detail,strong,85,Hélice UAV FC-W2U,full_inventory,1677,2,1,5,21,22,0,192,190,Organization | ContactPoint | WebSite | Product | BreadcrumbList | ListItem,91,90,25,19,15,25,84,75,P3 保持监测,有效正文段落偏少,增加 3-6 个有信息量的段落，避免只靠卡片、导航和短摘要支撑页面,Hélice UAV FC-W2U | N-TET Drone Accessories,Hélice UAV FC-W2U,Hélice UAV FC-W2U Technical Specifications | Solicitar solución y cotización | Resumen | Especificaciones técnicas | Solicitar solución y cotización,.next/server/app/es/accessories/fc-w2u-propeller.html
/es/accessories/fc-x8030,es,accessory_detail,strong,100,Motor UAV FC-X8030,full_inventory,4653,2,1,5,23,22,0,192,190,Organization | ContactPoint | WebSite | Product | BreadcrumbList | ListItem,91,90,25,19,15,25,84,75,P3 保持监测,有效正文段落偏少,增加 3-6 个有信息量的段落，避免只靠卡片、导航和短摘要支撑页面,Motor UAV FC-X8030 | N-TET Drone Accessories,Motor UAV FC-X8030,Motor UAV FC-X8030 Technical Specifications | Solicitar solución y cotización | Resumen | Especificaciones técnicas | Solicitar solución y cotización,.next/server/app/es/accessories/fc-x8030.html
/es/accessories/fc-xh14,es,accessory_detail,strong,100,Motor UAV FC-XH14,full_inventory,2753,2,1,5,23,22,0,192,190,Organization | ContactPoint | WebSite | Product | BreadcrumbList | ListItem,91,90,25,19,15,25,84,75,P3 保持监测,有效正文段落偏少,增加 3-6 个有信息量的段落，避免只靠卡片、导航和短摘要支撑页面,Motor UAV FC-XH14 | N-TET Drone Accessories,Motor UAV FC-XH14,Motor UAV FC-XH14 Technical Specifications | Solicitar solución y cotización | Resumen | Especificaciones técnicas | Solicitar solución y cotización,.next/server/app/es/accessories/fc-xh14.html
/es/accessories/fc-yk15-remote-controller,es,accessory_detail,strong,85,Control remoto para UAV FC-YK15,full_inventory,1905,4,1,5,24,22,0,192,190,Organization | ContactPoint | WebSite | Product | BreadcrumbList | ListItem,100,100,25,19,15,25,84,84,P3 保持监测,,,Control remoto para UAV FC-YK15 | N-TET Drone Accessories,Control remoto para UAV FC-YK15,Control remoto para UAV FC-YK15 Technical Specifications | Solicitar solución y cotización | Resumen | Especificaciones técnicas | Solicitar solución y cotización,.next/server/app/es/accessories/fc-yk15-remote-controller.html
/es/accessories/fc-yk24-remote-controller,es,accessory_detail,strong,85,Control remoto para UAV FC-YK24,full_inventory,2163,4,1,5,24,22,0,192,190,Organization | ContactPoint | WebSite | Product | BreadcrumbList | ListItem,100,100,25,19,15,25,84,84,P3 保持监测,,,Control remoto para UAV FC-YK24 | N-TET Drone Accessories,Control remoto para UAV FC-YK24,Control remoto para UAV FC-YK24 Technical Specifications | Solicitar solución y cotización | Resumen | Especificaciones técnicas | Solicitar solución y cotización,.next/server/app/es/accessories/fc-yk24-remote-controller.html
/es/accessories/fc-yk32-remote-controller,es,accessory_detail,strong,85,Control remoto para UAV FC-YK32,full_inventory,1917,4,1,5,24,22,0,192,190,Organization | ContactPoint | WebSite | Product | BreadcrumbList | ListItem,100,100,25,19,15,25,84,84,P3 保持监测,,,Control remoto para UAV FC-YK32 | N-TET Drone Accessories,Control remoto para UAV FC-YK32,Control remoto para UAV FC-YK32 Technical Specifications | Solicitar solución y cotización | Resumen | Especificaciones técnicas | Solicitar solución y cotización,.next/server/app/es/accessories/fc-yk32-remote-controller.html
/es/accessories/fc-ykrc7-remote-controller,es,accessory_detail,strong,85,Control remoto para UAV FC-YKRC7,full_inventory,2403,4,1,5,24,22,0,192,190,Organization | ContactPoint | WebSite | Product | BreadcrumbList | ListItem,100,100,25,19,15,25,84,84,P3 保持监测,,,Control remoto para UAV FC-YKRC7 | N-TET Drone Accessories,Control remoto para UAV FC-YKRC7,Control remoto para UAV FC-YKRC7 Technical Specifications | Solicitar solución y cotización | Resumen | Especificaciones técnicas | Solicitar solución y cotización,.next/server/app/es/accessories/fc-ykrc7-remote-controller.html
/es/cases,es,case_list,strong,100,casos UAV,full_inventory,1444,3,1,3,35,38,0,205,203,Organization | ContactPoint | WebSite,81,85,25,14,15,21,75,62,P2 建议增强,缺少页面类型应有证据：hasWorkflow,按页面类型补齐证据模块，而不是继续堆关键词,Casos UAV de inspección y monitoreo | N-TET,Casos UAV de inspección y monitoreo,Casos UAV por región y escenario | Solicitar solución y cotización | Solicitar solución y cotización,.next/server/app/es/cases.html
/es/cases/anhui-flood-season-uav-patrol,es,case_detail,strong,100,Anhui Flood-Season emergencia UAV patrullaje,full_inventory,1352,4,1,6,22,26,0,196,194,Organization | ContactPoint | WebSite | Article | BreadcrumbList | ListItem,90,93,25,19,15,25,84,84,P3 保持监测,缺少页面类型应有证据：hasRelatedProducts; 文章/案例缺少明显日期信号,按页面类型补齐证据模块，而不是继续堆关键词; 补充发布日期或最后更新时间，提升可信度与 freshness,Anhui Flood-Season emergencia UAV patrullaje | N-TET,Anhui Flood-Season emergencia UAV patrullaje,Anhui Flood-Season emergencia UAV patrullaje Project Overview | Equipos relacionados | Solicitar solución y cotización | Resumen | Equipos relacionados | Solicitar solución y cotización,.next/server/app/es/cases/anhui-flood-season-uav-patrol.html
/es/cases/brazil-refinery-low-altitude-monitoring,es,case_detail,strong,100,Espacio aéreo monitoreo Case of a Refinery in Brazil,full_inventory,1400,4,1,6,26,30,0,200,198,Organization | ContactPoint | WebSite | Article | BreadcrumbList | ListItem,90,93,25,19,15,25,84,84,P3 保持监测,缺少页面类型应有证据：hasRelatedProducts; 文章/案例缺少明显日期信号,按页面类型补齐证据模块，而不是继续堆关键词; 补充发布日期或最后更新时间，提升可信度与 freshness,Espacio aéreo monitoreo Case of a Refinery in Brazil | N-TET,Espacio aéreo monitoreo Case of a Refinery in Brazil,Espacio aéreo monitoreo Case of a Refinery in Brazil Project Overview | Equipos relacionados | Solicitar solución y cotización | Resumen | Equipos relacionados | Solicitar solución y cotización,.next/server/app/es/cases/brazil-refinery-low-altitude-monitoring.html
/es/cases/ice-snow-emergency-uav-inspection,es,case_detail,strong,100,Ice and Snow Disaster emergencia UAV inspección,full_inventory,1368,4,1,6,22,26,0,196,194,Organization | ContactPoint | WebSite | Article | BreadcrumbList | ListItem,90,93,25,19,15,25,84,84,P3 保持监测,缺少页面类型应有证据：hasRelatedProducts; 文章/案例缺少明显日期信号,按页面类型补齐证据模块，而不是继续堆关键词; 补充发布日期或最后更新时间，提升可信度与 freshness,Ice and Snow Disaster emergencia UAV inspección | N-TET,Ice and Snow Disaster emergencia UAV inspección,Ice and Snow Disaster emergencia UAV inspección Project Overview | Equipos relacionados | Solicitar solución y cotización | Resumen | Equipos relacionados | Solicitar solución y cotización,.next/server/app/es/cases/ice-snow-emergency-uav-inspection.html
/es/cases/lidar-tree-obstruction-uav-inspection,es,case_detail,strong,100,LiDAR Tree-Obstruction UAV inspección,full_inventory,1341,4,1,6,22,30,0,196,194,Organization | ContactPoint | WebSite | Article | BreadcrumbList | ListItem,90,93,25,19,15,25,84,84,P3 保持监测,缺少页面类型应有证据：hasRelatedProducts; 文章/案例缺少明显日期信号,按页面类型补齐证据模块，而不是继续堆关键词; 补充发布日期或最后更新时间，提升可信度与 freshness,LiDAR Tree-Obstruction UAV inspección | N-TET,LiDAR Tree-Obstruction UAV inspección,LiDAR Tree-Obstruction UAV inspección Project Overview | Equipos relacionados | Solicitar solución y cotización | Resumen | Equipos relacionados | Solicitar solución y cotización,.next/server/app/es/cases/lidar-tree-obstruction-uav-inspection.html
/es/cases/nigeria-factory-low-altitude-monitoring,es,case_detail,strong,100,Espacio aéreo monitoreo Case of a Group Factory in Nigeria,full_inventory,1405,4,1,6,26,30,0,200,198,Organization | ContactPoint | WebSite | Article | BreadcrumbList | ListItem,90,93,25,19,15,25,84,84,P3 保持监测,缺少页面类型应有证据：hasRelatedProducts; 文章/案例缺少明显日期信号,按页面类型补齐证据模块，而不是继续堆关键词; 补充发布日期或最后更新时间，提升可信度与 freshness,Espacio aéreo monitoreo Case of a Group Factory in Nigeria | N-TET,Espacio aéreo monitoreo Case of a Group Factory in Nigeria,Espacio aéreo monitoreo Case of a Group Factory in Nigeria Project Overview | Equipos relacionados | Solicitar solución y cotización | Resumen | Equipos relacionados | Solicitar solución y cotización,.next/server/app/es/cases/nigeria-factory-low-altitude-monitoring.html
/es/cases/pakistan-power-plant-low-altitude-monitoring,es,case_detail,strong,100,Espacio aéreo monitoreo Case of a eléctrica Plant in Pakistan,full_inventory,1407,4,1,6,26,30,0,200,198,Organization | ContactPoint | WebSite | Article | BreadcrumbList | ListItem,90,93,25,19,15,25,84,84,P3 保持监测,缺少页面类型应有证据：hasRelatedProducts; 文章/案例缺少明显日期信号,按页面类型补齐证据模块，而不是继续堆关键词; 补充发布日期或最后更新时间，提升可信度与 freshness,Espacio aéreo monitoreo Case of a eléctrica Plant in Pakistan | N-TET,Espacio aéreo monitoreo Case of a eléctrica Plant in Pakistan,Espacio aéreo monitoreo Case of a eléctrica Plant in Pakistan Project Overview | Equipos relacionados | Solicitar solución y cotización | Resumen | Equipos relacionados | Solicitar solución y cotización,.next/server/app/es/cases/pakistan-power-plant-low-altitude-monitoring.html
/es/cases/southern-grid-wildfire-uav-inspection,es,case_detail,strong,100,Southern red eléctrica Wildfire Prevention UAV inspección,full_inventory,1366,4,1,6,22,26,0,196,194,Organization | ContactPoint | WebSite | Article | BreadcrumbList | ListItem,90,93,25,19,15,25,84,84,P3 保持监测,缺少页面类型应有证据：hasRelatedProducts; 文章/案例缺少明显日期信号,按页面类型补齐证据模块，而不是继续堆关键词; 补充发布日期或最后更新时间，提升可信度与 freshness,Southern red eléctrica Wildfire Prevention UAV inspección | N-TET,Southern red eléctrica Wildfire Prevention UAV inspección,Southern red eléctrica Wildfire Prevention UAV inspección Project Overview | Equipos relacionados | Solicitar solución y cotización | Resumen | Equipos relacionados | Solicitar solución y cotización,.next/server/app/es/cases/southern-grid-wildfire-uav-inspection.html
/es/cases/wildfire-emergency-transmission-line-uav-patrol,es,case_detail,strong,100,Wildfire emergencia Transmission-línea UAV patrullaje,full_inventory,1352,4,1,6,22,26,0,196,194,Organization | ContactPoint | WebSite | Article | BreadcrumbList | ListItem,90,93,25,19,15,25,84,84,P3 保持监测,缺少页面类型应有证据：hasRelatedProducts; 文章/案例缺少明显日期信号,按页面类型补齐证据模块，而不是继续堆关键词; 补充发布日期或最后更新时间，提升可信度与 freshness,Wildfire emergencia Transmission-línea UAV patrullaje | N-TET,Wildfire emergencia Transmission-línea UAV patrullaje,Wildfire emergencia Transmission-línea UAV patrullaje Project Overview | Equipos relacionados | Solicitar solución y cotización | Resumen | Equipos relacionados | Solicitar solución y cotización,.next/server/app/es/cases/wildfire-emergency-transmission-line-uav-patrol.html
/es/cases/zhaoqing-long-distance-power-line-uav-inspection,es,case_detail,strong,100,Zhaoqing Long-Distance eléctrica-línea UAV inspección,full_inventory,1352,4,1,6,22,34,0,196,194,Organization | ContactPoint | WebSite | Article | BreadcrumbList | ListItem,90,93,25,19,15,25,84,84,P3 保持监测,缺少页面类型应有证据：hasRelatedProducts; 文章/案例缺少明显日期信号,按页面类型补齐证据模块，而不是继续堆关键词; 补充发布日期或最后更新时间，提升可信度与 freshness,Zhaoqing Long-Distance eléctrica-línea UAV inspección | N-TET,Zhaoqing Long-Distance eléctrica-línea UAV inspección,Zhaoqing Long-Distance eléctrica-línea UAV inspección Project Overview | Equipos relacionados | Solicitar solución y cotización | Resumen | Equipos relacionados | Solicitar solución y cotización,.next/server/app/es/cases/zhaoqing-long-distance-power-line-uav-inspection.html
/es/contact,es,contact,strong,100,cotización UAV industrial,full_inventory,1358,4,1,3,20,20,0,189,187,Organization | ContactPoint | WebSite,100,100,25,20,15,21,81,66,P2 建议增强,,,Cotización UAV industrial | N-TET,Cotización UAV industrial,Cotización UAV industrial y consulta de proyecto | Solicitar solución y cotización | Solicitar solución y cotización,.next/server/app/es/contact.html
/es/media,es,media_list,strong,100,noticias UAV industriales,full_inventory,1430,3,1,4,26,29,0,196,194,Organization | ContactPoint | WebSite,81,85,25,14,15,21,75,62,P2 建议增强,缺少页面类型应有证据：hasWorkflow,按页面类型补齐证据模块，而不是继续堆关键词,Noticias UAV industriales | N-TET,Noticias UAV industriales,Noticias UAV industriales y economía de baja altitud | Último | Solicitar solución y cotización | Solicitar solución y cotización,.next/server/app/es/media.html
/es/media/border-surveillance-uav-network-2026,es,media_article,strong,85,UAV and EO/IR Networks Improve remoto patrullaje Visibility,full_inventory,1554,10,1,4,20,23,0,192,190,Organization | ContactPoint | WebSite | Article | BreadcrumbList | ListItem,100,100,25,19,20,25,89,92,P3 保持监测,,,UAV and EO/IR Networks Improve remoto patrullaje Visibility | N-TET,UAV and EO/IR Networks Improve remoto patrullaje Visibility,Revision editorial y senales de proyecto | Solicitar solución y cotización | Revision editorial y senales de proyecto | Solicitar solución y cotización,.next/server/app/es/media/border-surveillance-uav-network-2026.html
/es/media/industrial-uav-redundancy-2026,es,media_article,strong,85,Dual-Redundant vuelo Control: How industrial UAV Achieve Mission-Grade Reliability,full_inventory,1554,10,1,4,20,23,0,192,190,Organization | ContactPoint | WebSite | Article | BreadcrumbList | ListItem,100,100,25,19,20,25,89,92,P3 保持监测,,,Dual-Redundant vuelo Control: How industrial UAV Achieve Mission-Grade Reliability | N-TET,Dual-Redundant vuelo Control: How industrial UAV Achieve Mission-Grade Reliability,Revision editorial y senales de proyecto | Solicitar solución y cotización | Revision editorial y senales de proyecto | Solicitar solución y cotización,.next/server/app/es/media/industrial-uav-redundancy-2026.html
/es/media/low-altitude-economy-2026-outlook,es,media_article,strong,85,China's baja altitud Economy: 2026 Outlook on a Two-Trillion-RMB Trajectory,full_inventory,1562,10,1,4,20,23,0,192,190,Organization | ContactPoint | WebSite | Article | BreadcrumbList | ListItem,100,100,25,19,20,25,89,92,P3 保持监测,,,China's baja altitud Economy: 2026 Outlook on a Two-Trillion-RMB Trajectory | N-TET,China's baja altitud Economy: 2026 Outlook on a Two-Trillion-RMB Trajectory,Revision editorial y senales de proyecto | Solicitar solución y cotización | Revision editorial y senales de proyecto | Solicitar solución y cotización,.next/server/app/es/media/low-altitude-economy-2026-outlook.html
/es/media/tethered-uav-persistent-surveillance-2026,es,media_article,strong,85,Cautivo UAV: Continuous Aerial monitoreo for Events and remoto Sites,full_inventory,1562,10,1,4,20,23,0,192,190,Organization | ContactPoint | WebSite | Article | BreadcrumbList | ListItem,100,100,25,19,20,25,89,92,P3 保持监测,,,Cautivo UAV: Continuous Aerial monitoreo for Events and remoto Sites | N-TET,Cautivo UAV: Continuous Aerial monitoreo for Events and remoto Sites,Revision editorial y senales de proyecto | Solicitar solución y cotización | Revision editorial y senales de proyecto | Solicitar solución y cotización,.next/server/app/es/media/tethered-uav-persistent-surveillance-2026.html
/es/products,es,product_list,strong,100,sistemas UAV industriales,full_inventory,1618,10,1,4,46,41,0,207,205,Organization | ContactPoint | WebSite,100,100,25,20,15,21,81,74,P2 建议增强,,,Sistemas UAV industriales y equipos de monitoreo | N-TET,Sistemas UAV industriales y equipos de monitoreo,"Sistemas UAV industriales, equipos de monitoreo y ajuste al proyecto | Sistemas UAV y drones | Preguntas frecuentes de selección de productos | Solicitar solución y cotización",.next/server/app/es/products.html
/es/products/bailey-bridge,es,product_detail,strong,100,Bailey Steel Bridge Overview,full_inventory,1608,2,1,5,18,22,0,192,190,Organization | ContactPoint | WebSite | Product | BreadcrumbList | ListItem,91,90,25,25,15,25,90,75,P3 保持监测,有效正文段落偏少; 缺少 FAQ / 采购问题解答模块,增加 3-6 个有信息量的段落，避免只靠卡片、导航和短摘要支撑页面; 增加 3-5 个真实采购/部署问题，提升长尾覆盖和 AI 引用可读性,Bailey Steel Bridge Overview | N-TET,Bailey Steel Bridge Overview,Bailey Steel Bridge Overview Technical Specifications | Solicitar solución y cotización | Resumen | Especificaciones técnicas | Solicitar solución y cotización,.next/server/app/es/products/bailey-bridge.html
/es/products/composite-electro-optical-tracking-system,es,product_detail,strong,100,Electro-Optical EO seguimiento sistema,full_inventory,1676,2,1,5,18,22,0,192,190,Organization | ContactPoint | WebSite | Product | BreadcrumbList | ListItem,91,90,25,25,15,25,90,75,P3 保持监测,有效正文段落偏少; 缺少 FAQ / 采购问题解答模块,增加 3-6 个有信息量的段落，避免只靠卡片、导航和短摘要支撑页面; 增加 3-5 个真实采购/部署问题，提升长尾覆盖和 AI 引用可读性,Electro-Optical (EO) seguimiento sistema | N-TET,Electro-Optical EO seguimiento sistema,Electro-Optical EO seguimiento sistema Technical Specifications | Solicitar solución y cotización | Resumen | Especificaciones técnicas | Solicitar solución y cotización,.next/server/app/es/products/composite-electro-optical-tracking-system.html
/es/products/containerized-medical-rescue-system,es,product_detail,strong,100,Containerized Medical rescate sistema,full_inventory,1598,2,1,5,18,22,0,192,190,Organization | ContactPoint | WebSite | Product | BreadcrumbList | ListItem,91,90,25,25,15,25,90,75,P3 保持监测,有效正文段落偏少; 缺少 FAQ / 采购问题解答模块,增加 3-6 个有信息量的段落，避免只靠卡片、导航和短摘要支撑页面; 增加 3-5 个真实采购/部署问题，提升长尾覆盖和 AI 引用可读性,Containerized Medical rescate sistema | N-TET,Containerized Medical rescate sistema,Containerized Medical rescate sistema Technical Specifications | Solicitar solución y cotización | Resumen | Especificaciones técnicas | Solicitar solución y cotización,.next/server/app/es/products/containerized-medical-rescue-system.html
/es/products/emergency-search-rescue-drone,es,product_detail,strong,100,thermal drones for search and rescue,full_inventory,1622,2,1,5,18,22,0,192,190,Organization | ContactPoint | WebSite | Product | BreadcrumbList | ListItem,91,90,25,25,15,25,90,75,P3 保持监测,有效正文段落偏少; 缺少 FAQ / 采购问题解答模块,增加 3-6 个有信息量的段落，避免只靠卡片、导航和短摘要支撑页面; 增加 3-5 个真实采购/部署问题，提升长尾覆盖和 AI 引用可读性,Emergencia búsqueda & rescate dron | N-TET,Emergencia búsqueda & rescate dron,Emergencia búsqueda & rescate dron Technical Specifications | Solicitar solución y cotización | Resumen | Especificaciones técnicas | Solicitar solución y cotización,.next/server/app/es/products/emergency-search-rescue-drone.html
/es/products/fbg-g15-fc06-explosion-containment-vessel,es,product_detail,strong,100,Explosion Containment Vessel FBG-G1.5-FC06,full_inventory,1627,2,1,5,18,22,0,192,190,Organization | ContactPoint | WebSite | Product | BreadcrumbList | ListItem,91,90,25,25,15,25,90,75,P3 保持监测,有效正文段落偏少; 缺少 FAQ / 采购问题解答模块,增加 3-6 个有信息量的段落，避免只靠卡片、导航和短摘要支撑页面; 增加 3-5 个真实采购/部署问题，提升长尾覆盖和 AI 引用可读性,Explosion Containment Vessel FBG-G1.5-FC06 | N-TET,Explosion Containment Vessel FBG-G1.5-FC06,Explosion Containment Vessel FBG-G1.5-FC06 Technical Specifications | Solicitar solución y cotización | Resumen | Especificaciones técnicas | Solicitar solución y cotización,.next/server/app/es/products/fbg-g15-fc06-explosion-containment-vessel.html
/es/products/fbt-fc09-explosion-protection-blanket,es,product_detail,strong,100,Explosion Protection Blanket FBT-FC09,full_inventory,1626,2,1,5,18,22,0,192,190,Organization | ContactPoint | WebSite | Product | BreadcrumbList | ListItem,91,90,25,25,15,25,90,75,P3 保持监测,有效正文段落偏少; 缺少 FAQ / 采购问题解答模块,增加 3-6 个有信息量的段落，避免只靠卡片、导航和短摘要支撑页面; 增加 3-5 个真实采购/部署问题，提升长尾覆盖和 AI 引用可读性,Explosion Protection Blanket FBT-FC09 | N-TET,Explosion Protection Blanket FBT-FC09,Explosion Protection Blanket FBT-FC09 Technical Specifications | Solicitar solución y cotización | Resumen | Especificaciones técnicas | Solicitar solución y cotización,.next/server/app/es/products/fbt-fc09-explosion-protection-blanket.html
/es/products/fc-3000-ferromagnetic-detection-column,es,product_detail,strong,100,Intelligent Ferromagnetic detección sistema FC-3000,full_inventory,1759,2,1,5,18,22,0,192,190,Organization | ContactPoint | WebSite | Product | BreadcrumbList | ListItem,91,90,25,25,15,25,90,75,P3 保持监测,有效正文段落偏少; 缺少 FAQ / 采购问题解答模块,增加 3-6 个有信息量的段落，避免只靠卡片、导航和短摘要支撑页面; 增加 3-5 个真实采购/部署问题，提升长尾覆盖和 AI 引用可读性,Intelligent Ferromagnetic detección sistema FC-3000 | N-TET,Intelligent Ferromagnetic detección sistema FC-3000,Intelligent Ferromagnetic detección sistema FC-3000 Technical Specifications | Solicitar solución y cotización | Resumen | Especificaciones técnicas | Solicitar solución y cotización,.next/server/app/es/products/fc-3000-ferromagnetic-detection-column.html
/es/products/fc-c-deluxe-walk-through-metal-detector,es,product_detail,strong,100,Walk-Through Metal Detector FC-C Deluxe,full_inventory,1709,2,1,5,18,22,0,192,190,Organization | ContactPoint | WebSite | Product | BreadcrumbList | ListItem,91,90,25,25,15,25,90,75,P3 保持监测,有效正文段落偏少; 缺少 FAQ / 采购问题解答模块,增加 3-6 个有信息量的段落，避免只靠卡片、导航和短摘要支撑页面; 增加 3-5 个真实采购/部署问题，提升长尾覆盖和 AI 引用可读性,Walk-Through Metal Detector FC-C (Deluxe) | N-TET,Walk-Through Metal Detector FC-C Deluxe,Walk-Through Metal Detector FC-C Deluxe Technical Specifications | Solicitar solución y cotización | Resumen | Especificaciones técnicas | Solicitar solución y cotización,.next/server/app/es/products/fc-c-deluxe-walk-through-metal-detector.html
/es/products/fc-c-lcd-walk-through-metal-detector,es,product_detail,strong,100,Walk-Through Metal Detector FC-C LCD,full_inventory,1726,2,1,5,18,22,0,192,190,Organization | ContactPoint | WebSite | Product | BreadcrumbList | ListItem,91,90,25,25,15,25,90,75,P3 保持监测,有效正文段落偏少; 缺少 FAQ / 采购问题解答模块,增加 3-6 个有信息量的段落，避免只靠卡片、导航和短摘要支撑页面; 增加 3-5 个真实采购/部署问题，提升长尾覆盖和 AI 引用可读性,"Walk-Through Metal Detector FC-C (LCD, 12-Zone) | N-TET","Walk-Through Metal Detector FC-C LCD, 12-Zone","Walk-Through Metal Detector FC-C LCD, 12-Zone Technical Specifications | Solicitar solución y cotización | Resumen | Especificaciones técnicas | Solicitar solución y cotización",.next/server/app/es/products/fc-c-lcd-walk-through-metal-detector.html
/es/products/fc-dlxj-01-power-grid-inspection-drone,es,product_detail,strong,100,drone power line inspection,full_inventory,1643,2,1,5,18,22,0,192,190,Organization | ContactPoint | WebSite | Product | BreadcrumbList | ListItem,91,90,25,25,15,25,90,75,P3 保持监测,有效正文段落偏少; 缺少 FAQ / 采购问题解答模块,增加 3-6 个有信息量的段落，避免只靠卡片、导航和短摘要支撑页面; 增加 3-5 个真实采购/部署问题，提升长尾覆盖和 AI 引用可读性,Eléctrica red eléctrica inspección dron | N-TET,Eléctrica red eléctrica inspección dron,Eléctrica red eléctrica inspección dron Technical Specifications | Solicitar solución y cotización | Resumen | Especificaciones técnicas | Solicitar solución y cotización,.next/server/app/es/products/fc-dlxj-01-power-grid-inspection-drone.html
/es/products/fc-dma-long-range-optical-turntable,es,product_detail,strong,100,FC-DMA Multi-Spectral EO/IR PTZ Turret,full_inventory,2396,2,1,5,18,22,0,192,190,Organization | ContactPoint | WebSite | Product | BreadcrumbList | ListItem,91,90,25,25,15,25,90,75,P3 保持监测,有效正文段落偏少; 缺少 FAQ / 采购问题解答模块,增加 3-6 个有信息量的段落，避免只靠卡片、导航和短摘要支撑页面; 增加 3-5 个真实采购/部署问题，提升长尾覆盖和 AI 引用可读性,FC-DMA Multi-Spectral EO/IR PTZ Turret | N-TET,FC-DMA Multi-Spectral EO/IR PTZ Turret,FC-DMA Multi-Spectral EO/IR PTZ Turret Technical Specifications | Solicitar solución y cotización | Resumen | Especificaciones técnicas | Solicitar solución y cotización,.next/server/app/es/products/fc-dma-long-range-optical-turntable.html
/es/products/fc-dms10-smart-electronic-sentinel,es,product_detail,strong,100,FC-DMS10 Series Smart Electronic Sentinel,full_inventory,1993,2,1,5,18,22,0,192,190,Organization | ContactPoint | WebSite | Product | BreadcrumbList | ListItem,91,90,25,25,15,25,90,75,P3 保持监测,有效正文段落偏少; 缺少 FAQ / 采购问题解答模块,增加 3-6 个有信息量的段落，避免只靠卡片、导航和短摘要支撑页面; 增加 3-5 个真实采购/部署问题，提升长尾覆盖和 AI 引用可读性,FC-DMS10 Series Smart Electronic Sentinel | N-TET,FC-DMS10 Series Smart Electronic Sentinel,FC-DMS10 Series Smart Electronic Sentinel Technical Specifications | Solicitar solución y cotización | Resumen | Especificaciones técnicas | Solicitar solución y cotización,.next/server/app/es/products/fc-dms10-smart-electronic-sentinel.html
/es/products/fc-dtvc-dual-band-thermal-ptz,es,product_detail,strong,100,FC-DTVC Series Dual-Band Thermal High-Speed Dome,full_inventory,2174,2,1,5,18,22,0,192,190,Organization | ContactPoint | WebSite | Product | BreadcrumbList | ListItem,91,90,25,25,15,25,90,75,P3 保持监测,有效正文段落偏少; 缺少 FAQ / 采购问题解答模块,增加 3-6 个有信息量的段落，避免只靠卡片、导航和短摘要支撑页面; 增加 3-5 个真实采购/部署问题，提升长尾覆盖和 AI 引用可读性,FC-DTVC Series Dual-Band Thermal High-Speed Dome | N-TET,FC-DTVC Series Dual-Band Thermal High-Speed Dome,FC-DTVC Series Dual-Band Thermal High-Speed Dome Technical Specifications | Solicitar solución y cotización | Resumen | Especificaciones técnicas | Solicitar solución y cotización,.next/server/app/es/products/fc-dtvc-dual-band-thermal-ptz.html
/es/products/fc-h-smart-phone-detection-gate,es,product_detail,strong,100,Smart Phone detección Gate FC-H,full_inventory,2013,2,1,5,18,22,0,192,190,Organization | ContactPoint | WebSite | Product | BreadcrumbList | ListItem,91,90,25,25,15,25,90,75,P3 保持监测,有效正文段落偏少; 缺少 FAQ / 采购问题解答模块,增加 3-6 个有信息量的段落，避免只靠卡片、导航和短摘要支撑页面; 增加 3-5 个真实采购/部署问题，提升长尾覆盖和 AI 引用可读性,Smart Phone detección Gate FC-H | N-TET,Smart Phone detección Gate FC-H,Smart Phone detección Gate FC-H Technical Specifications | Solicitar solución y cotización | Resumen | Especificaciones técnicas | Solicitar solución y cotización,.next/server/app/es/products/fc-h-smart-phone-detection-gate.html
/es/products/fc-h-smart-phone-detection-gate-29in,es,product_detail,strong,100,Smart Phone detección Gate FC-H 29-inch Display,full_inventory,1781,2,1,5,18,22,0,192,190,Organization | ContactPoint | WebSite | Product | BreadcrumbList | ListItem,91,90,25,25,15,25,90,83,P3 保持监测,有效正文段落偏少; 缺少 FAQ / 采购问题解答模块,增加 3-6 个有信息量的段落，避免只靠卡片、导航和短摘要支撑页面; 增加 3-5 个真实采购/部署问题，提升长尾覆盖和 AI 引用可读性,Smart Phone detección Gate FC-H (29-inch Display) | N-TET,Smart Phone detección Gate FC-H 29-inch Display,Smart Phone detección Gate FC-H 29-inch Display Technical Specifications | Solicitar solución y cotización | Resumen | Especificaciones técnicas | Solicitar solución y cotización,.next/server/app/es/products/fc-h-smart-phone-detection-gate-29in.html
/es/products/fc-pd500-personal-radiation-dose-alarm,es,product_detail,strong,100,FC-PD500 X-γ Personal Radiation Dose Alarm,full_inventory,1810,2,1,5,18,22,0,192,190,Organization | ContactPoint | WebSite | Product | BreadcrumbList | ListItem,91,90,25,25,15,25,90,75,P3 保持监测,有效正文段落偏少; 缺少 FAQ / 采购问题解答模块,增加 3-6 个有信息量的段落，避免只靠卡片、导航和短摘要支撑页面; 增加 3-5 个真实采购/部署问题，提升长尾覆盖和 AI 引用可读性,FC-PD500 X-γ Personal Radiation Dose Alarm | N-TET,FC-PD500 X-γ Personal Radiation Dose Alarm,FC-PD500 X-γ Personal Radiation Dose Alarm Technical Specifications | Solicitar solución y cotización | Resumen | Especificaciones técnicas | Solicitar solución y cotización,.next/server/app/es/products/fc-pd500-personal-radiation-dose-alarm.html
/es/products/fc-rc-series-hd-laser-camera,es,product_detail,strong,100,FC-RC Series HD Long-Range Laser Camera,full_inventory,2140,2,1,5,18,22,0,192,190,Organization | ContactPoint | WebSite | Product | BreadcrumbList | ListItem,91,90,25,25,15,25,90,75,P3 保持监测,有效正文段落偏少; 缺少 FAQ / 采购问题解答模块,增加 3-6 个有信息量的段落，避免只靠卡片、导航和短摘要支撑页面; 增加 3-5 个真实采购/部署问题，提升长尾覆盖和 AI 引用可读性,FC-RC Series HD Long-Range Laser Camera | N-TET,FC-RC Series HD Long-Range Laser Camera,FC-RC Series HD Long-Range Laser Camera Technical Specifications | Solicitar solución y cotización | Resumen | Especificaciones técnicas | Solicitar solución y cotización,.next/server/app/es/products/fc-rc-series-hd-laser-camera.html
/es/products/fc-rds500-4r-radar-vision-sentinel,es,product_detail,strong,100,FC-RDS500-4R Radar-Vision Fusion sistema,full_inventory,2176,2,1,5,18,22,0,192,190,Organization | ContactPoint | WebSite | Product | BreadcrumbList | ListItem,91,90,25,25,15,25,90,75,P3 保持监测,有效正文段落偏少; 缺少 FAQ / 采购问题解答模块,增加 3-6 个有信息量的段落，避免只靠卡片、导航和短摘要支撑页面; 增加 3-5 个真实采购/部署问题，提升长尾覆盖和 AI 引用可读性,FC-RDS500-4R Radar-Vision Fusion sistema | N-TET,FC-RDS500-4R Radar-Vision Fusion sistema,FC-RDS500-4R Radar-Vision Fusion sistema Technical Specifications | Solicitar solución y cotización | Resumen | Especificaciones técnicas | Solicitar solución y cotización,.next/server/app/es/products/fc-rds500-4r-radar-vision-sentinel.html
/es/products/fc-sljc-01-water-conservancy-monitoring-drone,es,product_detail,strong,100,water conservancy monitoring UAV,full_inventory,1618,2,1,5,18,22,0,192,190,Organization | ContactPoint | WebSite | Product | BreadcrumbList | ListItem,91,90,25,25,15,25,90,75,P3 保持监测,有效正文段落偏少; 缺少 FAQ / 采购问题解答模块,增加 3-6 个有信息量的段落，避免只靠卡片、导航和短摘要支撑页面; 增加 3-5 个真实采购/部署问题，提升长尾覆盖和 AI 引用可读性,Gestión hídrica monitoreo UAV | N-TET,Gestión hídrica monitoreo UAV,Gestión hídrica monitoreo UAV Technical Specifications | Solicitar solución y cotización | Resumen | Especificaciones técnicas | Solicitar solución y cotización,.next/server/app/es/products/fc-sljc-01-water-conservancy-monitoring-drone.html
/es/products/fc-smart-swing-turnstile,es,product_detail,strong,100,Deluxe Smart Swing Turnstile,full_inventory,1698,2,1,5,18,22,0,192,190,Organization | ContactPoint | WebSite | Product | BreadcrumbList | ListItem,91,90,25,25,15,25,90,75,P3 保持监测,有效正文段落偏少; 缺少 FAQ / 采购问题解答模块,增加 3-6 个有信息量的段落，避免只靠卡片、导航和短摘要支撑页面; 增加 3-5 个真实采购/部署问题，提升长尾覆盖和 AI 引用可读性,Deluxe Smart Swing Turnstile | N-TET,Deluxe Smart Swing Turnstile,Deluxe Smart Swing Turnstile Technical Specifications | Solicitar solución y cotización | Resumen | Especificaciones técnicas | Solicitar solución y cotización,.next/server/app/es/products/fc-smart-swing-turnstile.html
/es/products/fc-ttvc-intelligent-multi-band-camera,es,product_detail,strong,100,FC-TTVC Series Intelligent Multi-Band Camera,full_inventory,2075,2,1,5,18,22,0,192,190,Organization | ContactPoint | WebSite | Product | BreadcrumbList | ListItem,91,90,25,25,15,25,90,75,P3 保持监测,有效正文段落偏少; 缺少 FAQ / 采购问题解答模块,增加 3-6 个有信息量的段落，避免只靠卡片、导航和短摘要支撑页面; 增加 3-5 个真实采购/部署问题，提升长尾覆盖和 AI 引用可读性,FC-TTVC Series Intelligent Multi-Band Camera | N-TET,FC-TTVC Series Intelligent Multi-Band Camera,FC-TTVC Series Intelligent Multi-Band Camera Technical Specifications | Solicitar solución y cotización | Resumen | Especificaciones técnicas | Solicitar solución y cotización,.next/server/app/es/products/fc-ttvc-intelligent-multi-band-camera.html
/es/products/fc-yjtx-01-emergency-communication-drone,es,product_detail,strong,100,emergency communication UAV,full_inventory,1642,2,1,5,18,22,0,192,190,Organization | ContactPoint | WebSite | Product | BreadcrumbList | ListItem,91,90,25,25,15,25,90,75,P3 保持监测,有效正文段落偏少; 缺少 FAQ / 采购问题解答模块,增加 3-6 个有信息量的段落，避免只靠卡片、导航和短摘要支撑页面; 增加 3-5 个真实采购/部署问题，提升长尾覆盖和 AI 引用可读性,Emergencia comunicación cautivo UAV | N-TET,Emergencia comunicación cautivo UAV,Emergencia comunicación cautivo UAV Technical Specifications | Solicitar solución y cotización | Resumen | Especificaciones técnicas | Solicitar solución y cotización,.next/server/app/es/products/fc-yjtx-01-emergency-communication-drone.html
/es/products/fc-yjxf-01-aerial-firefighting-drone,es,product_detail,strong,100,firefighting drone,full_inventory,1634,2,1,5,18,22,0,192,190,Organization | ContactPoint | WebSite | Product | BreadcrumbList | ListItem,91,90,25,25,15,25,90,75,P3 保持监测,有效正文段落偏少; 缺少 FAQ / 采购问题解答模块,增加 3-6 个有信息量的段落，避免只靠卡片、导航和短摘要支撑页面; 增加 3-5 个真实采购/部署问题，提升长尾覆盖和 AI 引用可读性,High-Rise apoyo contra incendios cautivo UAV | N-TET,High-Rise apoyo contra incendios cautivo UAV,High-Rise apoyo contra incendios cautivo UAV Technical Specifications | Solicitar solución y cotización | Resumen | Especificaciones técnicas | Solicitar solución y cotización,.next/server/app/es/products/fc-yjxf-01-aerial-firefighting-drone.html
/es/products/fc-yjzc-01-emergency-reconnaissance-drone,es,product_detail,strong,100,search and rescue drone,full_inventory,1621,2,1,5,18,22,0,192,190,Organization | ContactPoint | WebSite | Product | BreadcrumbList | ListItem,91,90,25,25,15,25,90,75,P3 保持监测,有效正文段落偏少; 缺少 FAQ / 采购问题解答模块,增加 3-6 个有信息量的段落，避免只靠卡片、导航和短摘要支撑页面; 增加 3-5 个真实采购/部署问题，提升长尾覆盖和 AI 引用可读性,Emergencia Response dron | N-TET,Emergencia Response dron,Emergencia Response dron Technical Specifications | Solicitar solución y cotización | Resumen | Especificaciones técnicas | Solicitar solución y cotización,.next/server/app/es/products/fc-yjzc-01-emergency-reconnaissance-drone.html
/es/products/fc-yjzm-01-emergency-lighting-drone,es,product_detail,strong,100,drone lighting,full_inventory,1613,2,1,5,18,22,0,192,190,Organization | ContactPoint | WebSite | Product | BreadcrumbList | ListItem,91,90,25,25,15,25,90,75,P3 保持监测,有效正文段落偏少; 缺少 FAQ / 采购问题解答模块,增加 3-6 个有信息量的段落，避免只靠卡片、导航和短摘要支撑页面; 增加 3-5 个真实采购/部署问题，提升长尾覆盖和 AI 引用可读性,Cautivo iluminación UAV | N-TET,Cautivo iluminación UAV,Cautivo iluminación UAV Technical Specifications | Solicitar solución y cotización | Resumen | Especificaciones técnicas | Solicitar solución y cotización,.next/server/app/es/products/fc-yjzm-01-emergency-lighting-drone.html
/es/products/fc-yqxj-01-utility-inspection-drone,es,product_detail,strong,100,pipeline inspection drones,full_inventory,1643,2,1,5,18,22,0,192,190,Organization | ContactPoint | WebSite | Product | BreadcrumbList | ListItem,91,90,25,25,15,25,90,75,P3 保持监测,有效正文段落偏少; 缺少 FAQ / 采购问题解答模块,增加 3-6 个有信息量的段落，避免只靠卡片、导航和短摘要支撑页面; 增加 3-5 个真实采购/部署问题，提升长尾覆盖和 AI 引用可读性,Oil & Gas Pipeline inspección dron | N-TET,Oil & Gas Pipeline inspección dron,Oil & Gas Pipeline inspección dron Technical Specifications | Solicitar solución y cotización | Resumen | Especificaciones técnicas | Solicitar solución y cotización,.next/server/app/es/products/fc-yqxj-01-utility-inspection-drone.html
/es/products/fc1500-handheld-liquid-detector,es,product_detail,strong,100,Handheld Liquid Detector FC1500,full_inventory,1634,2,1,5,18,22,0,192,190,Organization | ContactPoint | WebSite | Product | BreadcrumbList | ListItem,91,90,25,25,15,25,90,75,P3 保持监测,有效正文段落偏少; 缺少 FAQ / 采购问题解答模块,增加 3-6 个有信息量的段落，避免只靠卡片、导航和短摘要支撑页面; 增加 3-5 个真实采购/部署问题，提升长尾覆盖和 AI 引用可读性,Handheld Liquid Detector FC1500 | N-TET,Handheld Liquid Detector FC1500,Handheld Liquid Detector FC1500 Technical Specifications | Solicitar solución y cotización | Resumen | Especificaciones técnicas | Solicitar solución y cotización,.next/server/app/es/products/fc1500-handheld-liquid-detector.html
/es/products/fc1500b-desktop-liquid-security-inspector,es,product_detail,strong,100,Desktop Liquid seguridad Inspector FC1500B,full_inventory,1683,2,1,5,18,22,0,192,190,Organization | ContactPoint | WebSite | Product | BreadcrumbList | ListItem,91,90,25,25,15,25,90,75,P3 保持监测,有效正文段落偏少; 缺少 FAQ / 采购问题解答模块,增加 3-6 个有信息量的段落，避免只靠卡片、导航和短摘要支撑页面; 增加 3-5 个真实采购/部署问题，提升长尾覆盖和 AI 引用可读性,Desktop Liquid seguridad Inspector FC1500B | N-TET,Desktop Liquid seguridad Inspector FC1500B,Desktop Liquid seguridad Inspector FC1500B Technical Specifications | Solicitar solución y cotización | Resumen | Especificaciones técnicas | Solicitar solución y cotización,.next/server/app/es/products/fc1500b-desktop-liquid-security-inspector.html
/es/products/fc1800b-portable-explosives-and-narcotics-detector,es,product_detail,strong,100,Portable Explosives & Narcotics Detector FC1800B,full_inventory,1641,2,1,5,18,22,0,192,190,Organization | ContactPoint | WebSite | Product | BreadcrumbList | ListItem,91,90,25,25,15,25,90,75,P3 保持监测,有效正文段落偏少; 缺少 FAQ / 采购问题解答模块,增加 3-6 个有信息量的段落，避免只靠卡片、导航和短摘要支撑页面; 增加 3-5 个真实采购/部署问题，提升长尾覆盖和 AI 引用可读性,Portable Explosives & Narcotics Detector FC1800B | N-TET,Portable Explosives & Narcotics Detector FC1800B,Portable Explosives & Narcotics Detector FC1800B Technical Specifications | Solicitar solución y cotización | Resumen | Especificaciones técnicas | Solicitar solución y cotización,.next/server/app/es/products/fc1800b-portable-explosives-and-narcotics-detector.html
/es/products/fc1800t-desktop-explosives-narcotics-detector,es,product_detail,strong,100,Desktop Explosives & Narcotics Detector FC1800T,full_inventory,1669,2,1,5,18,22,0,192,190,Organization | ContactPoint | WebSite | Product | BreadcrumbList | ListItem,91,90,25,25,15,25,90,83,P3 保持监测,有效正文段落偏少; 缺少 FAQ / 采购问题解答模块,增加 3-6 个有信息量的段落，避免只靠卡片、导航和短摘要支撑页面; 增加 3-5 个真实采购/部署问题，提升长尾覆盖和 AI 引用可读性,Desktop Explosives & Narcotics Detector FC1800T | N-TET,Desktop Explosives & Narcotics Detector FC1800T,Desktop Explosives & Narcotics Detector FC1800T Technical Specifications | Solicitar solución y cotización | Resumen | Especificaciones técnicas | Solicitar solución y cotización,.next/server/app/es/products/fc1800t-desktop-explosives-narcotics-detector.html
/es/products/fc2088-handheld-metal-detector,es,product_detail,strong,100,Handheld Metal Detector FC2088,full_inventory,1628,2,1,5,18,22,0,192,190,Organization | ContactPoint | WebSite | Product | BreadcrumbList | ListItem,91,90,25,25,15,25,90,75,P3 保持监测,有效正文段落偏少; 缺少 FAQ / 采购问题解答模块,增加 3-6 个有信息量的段落，避免只靠卡片、导航和短摘要支撑页面; 增加 3-5 个真实采购/部署问题，提升长尾覆盖和 AI 引用可读性,Handheld Metal Detector FC2088 | N-TET,Handheld Metal Detector FC2088,Handheld Metal Detector FC2088 Technical Specifications | Solicitar solución y cotización | Resumen | Especificaciones técnicas | Solicitar solución y cotización,.next/server/app/es/products/fc2088-handheld-metal-detector.html
/es/products/fc4028-neutron-ambient-dose-rate-meter,es,product_detail,strong,100,FC4028 Neutron Ambient Dose Equivalent Rate Meter,full_inventory,2107,2,1,5,18,22,0,192,190,Organization | ContactPoint | WebSite | Product | BreadcrumbList | ListItem,91,90,25,25,15,25,90,75,P3 保持监测,有效正文段落偏少; 缺少 FAQ / 采购问题解答模块,增加 3-6 个有信息量的段落，避免只靠卡片、导航和短摘要支撑页面; 增加 3-5 个真实采购/部署问题，提升长尾覆盖和 AI 引用可读性,FC4028 Neutron Ambient Dose Equivalent (Rate) Meter | N-TET,FC4028 Neutron Ambient Dose Equivalent Rate Meter,FC4028 Neutron Ambient Dose Equivalent Rate Meter Technical Specifications | Solicitar solución y cotización | Resumen | Especificaciones técnicas | Solicitar solución y cotización,.next/server/app/es/products/fc4028-neutron-ambient-dose-rate-meter.html
/es/products/fc5030-compact-x-ray-baggage-scanner,es,product_detail,strong,100,X-Ray Baggage Scanner FC5030,full_inventory,1664,2,1,5,18,22,0,192,190,Organization | ContactPoint | WebSite | Product | BreadcrumbList | ListItem,91,90,25,25,15,25,90,75,P3 保持监测,有效正文段落偏少; 缺少 FAQ / 采购问题解答模块,增加 3-6 个有信息量的段落，避免只靠卡片、导航和短摘要支撑页面; 增加 3-5 个真实采购/部署问题，提升长尾覆盖和 AI 引用可读性,X-Ray Baggage Scanner FC5030 | N-TET,X-Ray Baggage Scanner FC5030,X-Ray Baggage Scanner FC5030 Technical Specifications | Solicitar solución y cotización | Resumen | Especificaciones técnicas | Solicitar solución y cotización,.next/server/app/es/products/fc5030-compact-x-ray-baggage-scanner.html
/es/products/fc6550-standard-x-ray-baggage-scanner,es,product_detail,strong,100,X-Ray Baggage Scanner FC6550,full_inventory,1688,2,1,5,18,22,0,192,190,Organization | ContactPoint | WebSite | Product | BreadcrumbList | ListItem,91,90,25,25,15,25,90,75,P3 保持监测,有效正文段落偏少; 缺少 FAQ / 采购问题解答模块,增加 3-6 个有信息量的段落，避免只靠卡片、导航和短摘要支撑页面; 增加 3-5 个真实采购/部署问题，提升长尾覆盖和 AI 引用可读性,X-Ray Baggage Scanner FC6550 | N-TET,X-Ray Baggage Scanner FC6550,X-Ray Baggage Scanner FC6550 Technical Specifications | Solicitar solución y cotización | Resumen | Especificaciones técnicas | Solicitar solución y cotización,.next/server/app/es/products/fc6550-standard-x-ray-baggage-scanner.html
/es/products/fc6550d-dual-view-baggage-scanner,es,product_detail,strong,100,Dual-View X-Ray Baggage Scanner FC6550D,full_inventory,1675,2,1,5,18,22,0,192,190,Organization | ContactPoint | WebSite | Product | BreadcrumbList | ListItem,91,90,25,25,15,25,90,75,P3 保持监测,有效正文段落偏少; 缺少 FAQ / 采购问题解答模块,增加 3-6 个有信息量的段落，避免只靠卡片、导航和短摘要支撑页面; 增加 3-5 个真实采购/部署问题，提升长尾覆盖和 AI 引用可读性,Dual-View X-Ray Baggage Scanner FC6550D | N-TET,Dual-View X-Ray Baggage Scanner FC6550D,Dual-View X-Ray Baggage Scanner FC6550D Technical Specifications | Solicitar solución y cotización | Resumen | Especificaciones técnicas | Solicitar solución y cotización,.next/server/app/es/products/fc6550d-dual-view-baggage-scanner.html
/es/products/fc902-personal-radiation-dose-alarm,es,product_detail,strong,100,X-γ Radiation Dose Alarm FC902,full_inventory,1823,2,1,5,18,22,0,192,190,Organization | ContactPoint | WebSite | Product | BreadcrumbList | ListItem,91,90,25,25,15,25,90,75,P3 保持监测,有效正文段落偏少; 缺少 FAQ / 采购问题解答模块,增加 3-6 个有信息量的段落，避免只靠卡片、导航和短摘要支撑页面; 增加 3-5 个真实采购/部署问题，提升长尾覆盖和 AI 引用可读性,X-γ Radiation Dose Alarm FC902 | N-TET,X-γ Radiation Dose Alarm FC902,X-γ Radiation Dose Alarm FC902 Technical Specifications | Solicitar solución y cotización | Resumen | Especificaciones técnicas | Solicitar solución y cotización,.next/server/app/es/products/fc902-personal-radiation-dose-alarm.html
/es/products/handheld-rf-detection-system-mini,es,product_detail,strong,100,Handheld RF detección sistema,full_inventory,1674,2,1,5,18,22,0,192,190,Organization | ContactPoint | WebSite | Product | BreadcrumbList | ListItem,91,90,25,25,15,25,90,75,P3 保持监测,有效正文段落偏少; 缺少 FAQ / 采购问题解答模块,增加 3-6 个有信息量的段落，避免只靠卡片、导航和短摘要支撑页面; 增加 3-5 个真实采购/部署问题，提升长尾覆盖和 AI 引用可读性,Handheld RF detección sistema | N-TET,Handheld RF detección sistema,Handheld RF detección sistema Technical Specifications | Solicitar solución y cotización | Resumen | Especificaciones técnicas | Solicitar solución y cotización,.next/server/app/es/products/handheld-rf-detection-system-mini.html
/es/products/intelligent-mobile-cabin-hospital,es,product_detail,strong,100,Intelligent Mobile Cabin Hospital,full_inventory,1576,2,1,5,18,22,0,192,190,Organization | ContactPoint | WebSite | Product | BreadcrumbList | ListItem,91,90,25,25,15,25,90,75,P3 保持监测,有效正文段落偏少; 缺少 FAQ / 采购问题解答模块,增加 3-6 个有信息量的段落，避免只靠卡片、导航和短摘要支撑页面; 增加 3-5 个真实采购/部署问题，提升长尾覆盖和 AI 引用可读性,Intelligent Mobile Cabin Hospital | N-TET,Intelligent Mobile Cabin Hospital,Intelligent Mobile Cabin Hospital Technical Specifications | Solicitar solución y cotización | Resumen | Especificaciones técnicas | Solicitar solución y cotización,.next/server/app/es/products/intelligent-mobile-cabin-hospital.html
/es/products/low-altitude-3d-pulse-doppler-radar,es,product_detail,strong,100,Baja altitud detección Radar X-Band,full_inventory,1665,2,1,5,18,22,0,192,190,Organization | ContactPoint | WebSite | Product | BreadcrumbList | ListItem,91,90,25,25,15,25,90,75,P3 保持监测,有效正文段落偏少; 缺少 FAQ / 采购问题解答模块,增加 3-6 个有信息量的段落，避免只靠卡片、导航和短摘要支撑页面; 增加 3-5 个真实采购/部署问题，提升长尾覆盖和 AI 引用可读性,Baja altitud detección Radar (X-Band) | N-TET,Baja altitud detección Radar X-Band,Baja altitud detección Radar X-Band Technical Specifications | Solicitar solución y cotización | Resumen | Especificaciones técnicas | Solicitar solución y cotización,.next/server/app/es/products/low-altitude-3d-pulse-doppler-radar.html
/es/products/low-altitude-detection-radar-ku-band,es,product_detail,strong,100,Baja altitud detección Radar Ku-Band,full_inventory,1643,2,1,5,18,22,0,192,190,Organization | ContactPoint | WebSite | Product | BreadcrumbList | ListItem,91,90,25,25,15,25,90,75,P3 保持监测,有效正文段落偏少; 缺少 FAQ / 采购问题解答模块,增加 3-6 个有信息量的段落，避免只靠卡片、导航和短摘要支撑页面; 增加 3-5 个真实采购/部署问题，提升长尾覆盖和 AI 引用可读性,Baja altitud detección Radar (Ku-Band) | N-TET,Baja altitud detección Radar Ku-Band,Baja altitud detección Radar Ku-Band Technical Specifications | Solicitar solución y cotización | Resumen | Especificaciones técnicas | Solicitar solución y cotización,.next/server/app/es/products/low-altitude-detection-radar-ku-band.html
/es/products/multi-rotor-20kg-payload-uav,es,product_detail,strong,100,20kg carga útil multirrotor UAV,full_inventory,1649,2,1,5,18,22,0,192,190,Organization | ContactPoint | WebSite | Product | BreadcrumbList | ListItem,91,90,25,25,15,25,90,75,P3 保持监测,有效正文段落偏少; 缺少 FAQ / 采购问题解答模块,增加 3-6 个有信息量的段落，避免只靠卡片、导航和短摘要支撑页面; 增加 3-5 个真实采购/部署问题，提升长尾覆盖和 AI 引用可读性,20kg carga útil multirrotor UAV | N-TET,20kg carga útil multirrotor UAV,20kg carga útil multirrotor UAV Technical Specifications | Solicitar solución y cotización | Resumen | Especificaciones técnicas | Solicitar solución y cotización,.next/server/app/es/products/multi-rotor-20kg-payload-uav.html
/es/products/multi-rotor-3kg-payload-uav,es,product_detail,strong,100,3kg carga útil multirrotor UAV,full_inventory,1643,2,1,5,18,22,0,192,190,Organization | ContactPoint | WebSite | Product | BreadcrumbList | ListItem,91,90,25,25,15,25,90,75,P3 保持监测,有效正文段落偏少; 缺少 FAQ / 采购问题解答模块,增加 3-6 个有信息量的段落，避免只靠卡片、导航和短摘要支撑页面; 增加 3-5 个真实采购/部署问题，提升长尾覆盖和 AI 引用可读性,3kg carga útil multirrotor UAV | N-TET,3kg carga útil multirrotor UAV,3kg carga útil multirrotor UAV Technical Specifications | Solicitar solución y cotización | Resumen | Especificaciones técnicas | Solicitar solución y cotización,.next/server/app/es/products/multi-rotor-3kg-payload-uav.html
/es/products/multi-rotor-50kg-payload-uav,es,product_detail,strong,100,50kg carga útil multirrotor UAV,full_inventory,1651,2,1,5,18,22,0,192,190,Organization | ContactPoint | WebSite | Product | BreadcrumbList | ListItem,91,90,25,25,15,25,90,75,P3 保持监测,有效正文段落偏少; 缺少 FAQ / 采购问题解答模块,增加 3-6 个有信息量的段落，避免只靠卡片、导航和短摘要支撑页面; 增加 3-5 个真实采购/部署问题，提升长尾覆盖和 AI 引用可读性,50kg carga útil multirrotor UAV | N-TET,50kg carga útil multirrotor UAV,50kg carga útil multirrotor UAV Technical Specifications | Solicitar solución y cotización | Resumen | Especificaciones técnicas | Solicitar solución y cotización,.next/server/app/es/products/multi-rotor-50kg-payload-uav.html
/es/products/multi-rotor-8kg-payload-uav,es,product_detail,strong,100,8kg carga útil multirrotor UAV,full_inventory,1637,2,1,5,18,22,0,192,190,Organization | ContactPoint | WebSite | Product | BreadcrumbList | ListItem,91,90,25,25,15,25,90,75,P3 保持监测,有效正文段落偏少; 缺少 FAQ / 采购问题解答模块,增加 3-6 个有信息量的段落，避免只靠卡片、导航和短摘要支撑页面; 增加 3-5 个真实采购/部署问题，提升长尾覆盖和 AI 引用可读性,8kg carga útil multirrotor UAV | N-TET,8kg carga útil multirrotor UAV,8kg carga útil multirrotor UAV Technical Specifications | Solicitar solución y cotización | Resumen | Especificaciones técnicas | Solicitar solución y cotización,.next/server/app/es/products/multi-rotor-8kg-payload-uav.html
/es/products/portable-rf-detection-case,es,product_detail,strong,100,Hand-carried RF detección sistema,full_inventory,1586,2,1,5,18,22,0,192,190,Organization | ContactPoint | WebSite | Product | BreadcrumbList | ListItem,91,90,25,25,15,25,90,75,P3 保持监测,有效正文段落偏少; 缺少 FAQ / 采购问题解答模块,增加 3-6 个有信息量的段落，避免只靠卡片、导航和短摘要支撑页面; 增加 3-5 个真实采购/部署问题，提升长尾覆盖和 AI 引用可读性,Hand-carried RF detección sistema | N-TET,Hand-carried RF detección sistema,Hand-carried RF detección sistema Technical Specifications | Solicitar solución y cotización | Resumen | Especificaciones técnicas | Solicitar solución y cotización,.next/server/app/es/products/portable-rf-detection-case.html
/es/products/power-tower-inspection-drone,es,product_detail,strong,100,drone power line inspection,full_inventory,1702,2,1,5,18,22,0,192,190,Organization | ContactPoint | WebSite | Product | BreadcrumbList | ListItem,91,90,25,25,15,25,90,75,P3 保持监测,有效正文段落偏少; 缺少 FAQ / 采购问题解答模块,增加 3-6 个有信息量的段落，避免只靠卡片、导航和短摘要支撑页面; 增加 3-5 个真实采购/部署问题，提升长尾覆盖和 AI 引用可读性,Eléctrica Tower inspección UAV | N-TET,Eléctrica Tower inspección UAV,Eléctrica Tower inspección UAV Technical Specifications | Solicitar solución y cotización | Resumen | Especificaciones técnicas | Solicitar solución y cotización,.next/server/app/es/products/power-tower-inspection-drone.html
/es/products/smart-substation-autonomous-inspection-system,es,product_detail,strong,100,smart substation autonomous inspection,full_inventory,1662,2,1,5,18,22,0,192,190,Organization | ContactPoint | WebSite | Product | BreadcrumbList | ListItem,91,90,25,25,15,25,90,75,P3 保持监测,有效正文段落偏少; 缺少 FAQ / 采购问题解答模块,增加 3-6 个有信息量的段落，避免只靠卡片、导航和短摘要支撑页面; 增加 3-5 个真实采购/部署问题，提升长尾覆盖和 AI 引用可读性,Smart subestación Autonomous UAV inspección sistema | N-TET,Smart subestación Autonomous UAV inspección sistema,Smart subestación Autonomous UAV inspección sistema Technical Specifications | Solicitar solución y cotización | Resumen | Especificaciones técnicas | Solicitar solución y cotización,.next/server/app/es/products/smart-substation-autonomous-inspection-system.html
/es/products/stationary-rf-detection-system,es,product_detail,strong,100,Stationary RF detección sistema,full_inventory,1624,2,1,5,18,22,0,192,190,Organization | ContactPoint | WebSite | Product | BreadcrumbList | ListItem,91,90,25,25,15,25,90,75,P3 保持监测,有效正文段落偏少; 缺少 FAQ / 采购问题解答模块,增加 3-6 个有信息量的段落，避免只靠卡片、导航和短摘要支撑页面; 增加 3-5 个真实采购/部署问题，提升长尾覆盖和 AI 引用可读性,Stationary RF detección sistema | N-TET,Stationary RF detección sistema,Stationary RF detección sistema Technical Specifications | Solicitar solución y cotización | Resumen | Especificaciones técnicas | Solicitar solución y cotización,.next/server/app/es/products/stationary-rf-detection-system.html
/es/products/uav-remote-id-monitoring-system,es,product_detail,strong,100,UAV remoto ID monitoreo sistema,full_inventory,1617,2,1,5,18,22,0,192,190,Organization | ContactPoint | WebSite | Product | BreadcrumbList | ListItem,91,90,25,25,15,25,90,75,P3 保持监测,有效正文段落偏少; 缺少 FAQ / 采购问题解答模块,增加 3-6 个有信息量的段落，避免只靠卡片、导航和短摘要支撑页面; 增加 3-5 个真实采购/部署问题，提升长尾覆盖和 AI 引用可读性,UAV remoto ID monitoreo sistema | N-TET,UAV remoto ID monitoreo sistema,UAV remoto ID monitoreo sistema Technical Specifications | Solicitar solución y cotización | Resumen | Especificaciones técnicas | Solicitar solución y cotización,.next/server/app/es/products/uav-remote-id-monitoring-system.html
/es/products/vtol-135kg-mtow-uav,es,product_detail,strong,100,135kg MTOW VTOL ala fija UAV,full_inventory,1624,2,1,5,18,22,0,192,190,Organization | ContactPoint | WebSite | Product | BreadcrumbList | ListItem,91,90,25,25,15,25,90,75,P3 保持监测,有效正文段落偏少; 缺少 FAQ / 采购问题解答模块,增加 3-6 个有信息量的段落，避免只靠卡片、导航和短摘要支撑页面; 增加 3-5 个真实采购/部署问题，提升长尾覆盖和 AI 引用可读性,135kg MTOW VTOL ala fija UAV | N-TET,135kg MTOW VTOL ala fija UAV,135kg MTOW VTOL ala fija UAV Technical Specifications | Solicitar solución y cotización | Resumen | Especificaciones técnicas | Solicitar solución y cotización,.next/server/app/es/products/vtol-135kg-mtow-uav.html
/es/products/vtol-14kg-mtow-uav,es,product_detail,strong,100,14kg MTOW VTOL ala fija UAV,full_inventory,1616,2,1,5,18,22,0,192,190,Organization | ContactPoint | WebSite | Product | BreadcrumbList | ListItem,91,90,25,25,15,25,90,75,P3 保持监测,有效正文段落偏少; 缺少 FAQ / 采购问题解答模块,增加 3-6 个有信息量的段落，避免只靠卡片、导航和短摘要支撑页面; 增加 3-5 个真实采购/部署问题，提升长尾覆盖和 AI 引用可读性,14kg MTOW VTOL ala fija UAV | N-TET,14kg MTOW VTOL ala fija UAV,14kg MTOW VTOL ala fija UAV Technical Specifications | Solicitar solución y cotización | Resumen | Especificaciones técnicas | Solicitar solución y cotización,.next/server/app/es/products/vtol-14kg-mtow-uav.html
/es/products/vtol-26kg-mtow-uav,es,product_detail,strong,100,26kg MTOW VTOL ala fija UAV,full_inventory,1618,2,1,5,18,22,0,192,190,Organization | ContactPoint | WebSite | Product | BreadcrumbList | ListItem,91,90,25,25,15,25,90,75,P3 保持监测,有效正文段落偏少; 缺少 FAQ / 采购问题解答模块,增加 3-6 个有信息量的段落，避免只靠卡片、导航和短摘要支撑页面; 增加 3-5 个真实采购/部署问题，提升长尾覆盖和 AI 引用可读性,26kg MTOW VTOL ala fija UAV | N-TET,26kg MTOW VTOL ala fija UAV,26kg MTOW VTOL ala fija UAV Technical Specifications | Solicitar solución y cotización | Resumen | Especificaciones técnicas | Solicitar solución y cotización,.next/server/app/es/products/vtol-26kg-mtow-uav.html
/es/products/vtol-40kg-mtow-uav,es,product_detail,strong,100,40kg MTOW VTOL ala fija UAV,full_inventory,1622,2,1,5,18,22,0,192,190,Organization | ContactPoint | WebSite | Product | BreadcrumbList | ListItem,91,90,25,25,15,25,90,75,P3 保持监测,有效正文段落偏少; 缺少 FAQ / 采购问题解答模块,增加 3-6 个有信息量的段落，避免只靠卡片、导航和短摘要支撑页面; 增加 3-5 个真实采购/部署问题，提升长尾覆盖和 AI 引用可读性,40kg MTOW VTOL ala fija UAV | N-TET,40kg MTOW VTOL ala fija UAV,40kg MTOW VTOL ala fija UAV Technical Specifications | Solicitar solución y cotización | Resumen | Especificaciones técnicas | Solicitar solución y cotización,.next/server/app/es/products/vtol-40kg-mtow-uav.html
/es/products/vtol-64kg-mtow-uav,es,product_detail,strong,100,64kg MTOW VTOL ala fija UAV,full_inventory,1608,2,1,5,18,22,0,192,190,Organization | ContactPoint | WebSite | Product | BreadcrumbList | ListItem,91,90,25,25,15,25,90,75,P3 保持监测,有效正文段落偏少; 缺少 FAQ / 采购问题解答模块,增加 3-6 个有信息量的段落，避免只靠卡片、导航和短摘要支撑页面; 增加 3-5 个真实采购/部署问题，提升长尾覆盖和 AI 引用可读性,64kg MTOW VTOL ala fija UAV | N-TET,64kg MTOW VTOL ala fija UAV,64kg MTOW VTOL ala fija UAV Technical Specifications | Solicitar solución y cotización | Resumen | Especificaciones técnicas | Solicitar solución y cotización,.next/server/app/es/products/vtol-64kg-mtow-uav.html
/es/solutions,es,solution_list,strong,100,soluciones de inspección UAV,full_inventory,1478,3,1,11,46,50,0,220,218,Organization | ContactPoint | WebSite,96,95,25,20,15,21,81,62,P2 建议增强,,,Soluciones de inspección UAV | N-TET,Soluciones de inspección UAV,Soluciones de inspección UAV para equipos industriales | Inspección y patrullaje UAV | Respuesta de emergencia UAV | Protección de infraestructura crítica | Seguridad de áreas clave | Solicitar solución y cotización | Inspección y patrullaje UAV | Respuesta de emergencia UAV,.next/server/app/es/solutions.html
/es/solutions/airport-low-altitude-monitoring,es,solution_detail,strong,100,Aeropuerto espacio aéreo monitoreo Application,full_inventory,1962,10,1,10,34,32,0,204,202,Organization | ContactPoint | WebSite | Service | BreadcrumbList | ListItem,93,95,25,25,15,25,90,92,P3 保持监测,缺少页面类型应有证据：hasRelatedProducts,按页面类型补齐证据模块，而不是继续堆关键词,Aeropuerto espacio aéreo monitoreo Application | N-TET,Aeropuerto espacio aéreo monitoreo Application,Aeropuerto espacio aéreo monitoreo Application Workflow | Especificaciones técnicas | Equipos relacionados | FAQ de la solucion | Solicitar solución y cotización | Resumen | Especificaciones técnicas | Equipos relacionados,.next/server/app/es/solutions/airport-low-altitude-monitoring.html
/es/solutions/airport-security-protection,es,solution_detail,strong,100,Aeropuerto seguridad Protection,full_inventory,2485,10,1,10,40,38,0,210,208,Organization | ContactPoint | WebSite | Service | BreadcrumbList | ListItem,93,95,25,25,15,25,90,92,P3 保持监测,缺少页面类型应有证据：hasRelatedProducts,按页面类型补齐证据模块，而不是继续堆关键词,Aeropuerto seguridad Protection | N-TET,Aeropuerto seguridad Protection,Aeropuerto seguridad Protection Workflow | Especificaciones técnicas | Equipos relacionados | FAQ de la solucion | Solicitar solución y cotización | Resumen | Especificaciones técnicas | Equipos relacionados,.next/server/app/es/solutions/airport-security-protection.html
/es/solutions/category/01_BorderPatrol,es,solution_category,strong,100,UAV de patrullaje fronterizo,full_inventory,1801,14,1,9,33,34,0,210,202,Organization | ContactPoint | WebSite,100,100,25,20,20,21,86,74,P2 建议增强,,,Soluciones UAV de patrullaje fronterizo | N-TET,Soluciones UAV de patrullaje fronterizo,UAV de patrullaje fronterizo y monitoreo costero | Soluciones UAV industriales | Productos recomendados | FAQ de la solucion | Solicitar solución y cotización | Necesidades de la industria | Soluciones UAV industriales | Productos recomendados,.next/server/app/es/solutions/category/01_BorderPatrol.html
/es/solutions/category/02_InfrastructureProtection,es,solution_category,strong,85,UAV de inspección de instalaciones industriales,full_inventory,1927,18,1,9,35,36,0,216,204,Organization | ContactPoint | WebSite,100,100,25,20,20,21,86,74,P2 建议增强,,,Soluciones UAV de inspección de instalaciones industriales | N-TET,Soluciones UAV de inspección de instalaciones industriales,Escenarios de inspección UAV de instalaciones industriales | Soluciones UAV industriales | Productos recomendados | FAQ de la solucion | Solicitar solución y cotización | Necesidades de la industria | Soluciones UAV industriales | Productos recomendados,.next/server/app/es/solutions/category/02_InfrastructureProtection.html
/es/solutions/category/03_KeyAreaSecurity,es,solution_category,strong,100,monitoreo aéreo aeroportuario,full_inventory,1825,14,1,9,39,40,0,216,208,Organization | ContactPoint | WebSite,100,100,25,20,20,21,86,74,P2 建议增强,,,Monitoreo aéreo aeroportuario y seguridad de áreas clave | N-TET,Monitoreo aéreo aeroportuario y seguridad de áreas clave,Escenarios de monitoreo aéreo aeroportuario | Soluciones UAV industriales | Productos recomendados | FAQ de la solucion | Solicitar solución y cotización | Necesidades de la industria | Soluciones UAV industriales | Productos recomendados,.next/server/app/es/solutions/category/03_KeyAreaSecurity.html
/es/solutions/category/04_EmergencyRescue,es,solution_category,strong,100,dron de búsqueda y rescate,full_inventory,1769,14,1,9,33,34,0,210,202,Organization | ContactPoint | WebSite,100,100,25,20,20,21,86,74,P2 建议增强,,,Soluciones de dron de búsqueda y rescate | N-TET,Soluciones de dron de búsqueda y rescate,Flujos de trabajo con dron de búsqueda y rescate | Soluciones UAV industriales | Productos recomendados | FAQ de la solucion | Solicitar solución y cotización | Necesidades de la industria | Soluciones UAV industriales | Productos recomendados,.next/server/app/es/solutions/category/04_EmergencyRescue.html
/es/solutions/chemical-plant-protection,es,solution_detail,strong,100,drones de inspección de tuberías,full_inventory,2486,30,1,13,42,42,0,202,200,Organization | ContactPoint | WebSite | Service | BreadcrumbList | ListItem,93,95,25,25,15,25,90,92,P3 保持监测,缺少页面类型应有证据：hasRelatedProducts,按页面类型补齐证据模块，而不是继续堆关键词,Drones de inspección de tuberías para monitoreo de plantas químicas | N-TET,Drones de inspección de tuberías para monitoreo de plantas químicas,Drones de inspección de tuberías y monitoreo de plantas | A Neutral Low-Altitude Risk Process for Chemical Sites | Módulos de la solución | Equipos relacionados | FAQ de la solucion | Solicitar solución y cotización | Resumen | Necesidades de la industria,.next/server/app/es/solutions/chemical-plant-protection.html
/es/solutions/disaster-site-search-rescue-reconnaissance-uav-solution,es,solution_detail,strong,100,dron de búsqueda y rescate,full_inventory,2469,28,1,15,40,40,0,204,202,Organization | ContactPoint | WebSite | Service | BreadcrumbList | ListItem,93,95,25,25,15,25,90,92,P3 保持监测,缺少页面类型应有证据：hasRelatedProducts,按页面类型补齐证据模块，而不是继续堆关键词,Solución de dron de búsqueda y rescate | N-TET,Solución de dron de búsqueda y rescate,Flujo de trabajo de dron de búsqueda y rescate | How UAVs Upgrade Emergency Reconnaissance | Módulos de la solución | Equipos relacionados | Casos relacionados | FAQ de la solucion | Solicitar solución y cotización | Resumen,.next/server/app/es/solutions/disaster-site-search-rescue-reconnaissance-uav-solution.html
/es/solutions/emergency-communication-uav,es,solution_detail,strong,100,Emergencia comunicación UAV,full_inventory,1877,10,1,10,26,24,0,196,194,Organization | ContactPoint | WebSite | Service | BreadcrumbList | ListItem,93,95,25,25,15,25,90,92,P3 保持监测,缺少页面类型应有证据：hasRelatedProducts,按页面类型补齐证据模块，而不是继续堆关键词,Emergencia comunicación UAV | N-TET,Emergencia comunicación UAV,Emergencia comunicación UAV Workflow | Especificaciones técnicas | Equipos relacionados | FAQ de la solucion | Solicitar solución y cotización | Resumen | Especificaciones técnicas | Equipos relacionados,.next/server/app/es/solutions/emergency-communication-uav.html
/es/solutions/emergency-communication-uav-solution,es,solution_detail,strong,85,Emergencia comunicación UAV solución,full_inventory,1858,10,1,8,30,28,0,200,198,Organization | ContactPoint | WebSite | Service | BreadcrumbList | ListItem,93,95,25,25,15,25,90,92,P3 保持监测,缺少页面类型应有证据：hasRelatedProducts,按页面类型补齐证据模块，而不是继续堆关键词,Emergencia comunicación UAV solución | N-TET,Emergencia comunicación UAV solución,Equipos relacionados | FAQ de la solucion | Solicitar solución y cotización | Resumen | Especificaciones técnicas | Equipos relacionados | FAQ de la solucion | Solicitar solución y cotización,.next/server/app/es/solutions/emergency-communication-uav-solution.html
/es/solutions/emergency-lighting-uav,es,solution_detail,strong,100,Emergencia iluminación UAV,full_inventory,1865,10,1,10,28,26,0,198,196,Organization | ContactPoint | WebSite | Service | BreadcrumbList | ListItem,93,95,25,25,15,25,90,92,P3 保持监测,缺少页面类型应有证据：hasRelatedProducts,按页面类型补齐证据模块，而不是继续堆关键词,Emergencia iluminación UAV | N-TET,Emergencia iluminación UAV,Emergencia iluminación UAV Workflow | Especificaciones técnicas | Equipos relacionados | FAQ de la solucion | Solicitar solución y cotización | Resumen | Especificaciones técnicas | Equipos relacionados,.next/server/app/es/solutions/emergency-lighting-uav.html
/es/solutions/emergency-reconnaissance-uav,es,solution_detail,strong,100,Emergencia reconocimiento UAV,full_inventory,1869,10,1,10,28,26,0,198,196,Organization | ContactPoint | WebSite | Service | BreadcrumbList | ListItem,93,95,25,25,15,25,90,92,P3 保持监测,缺少页面类型应有证据：hasRelatedProducts,按页面类型补齐证据模块，而不是继续堆关键词,Emergencia reconocimiento UAV | N-TET,Emergencia reconocimiento UAV,Emergencia reconocimiento UAV Workflow | Especificaciones técnicas | Equipos relacionados | FAQ de la solucion | Solicitar solución y cotización | Resumen | Especificaciones técnicas | Equipos relacionados,.next/server/app/es/solutions/emergency-reconnaissance-uav.html
/es/solutions/emergency-search-rescue-uav-solution,es,solution_detail,strong,85,Emergencia búsqueda & rescate UAV solución,full_inventory,1902,10,1,10,32,30,0,202,200,Organization | ContactPoint | WebSite | Service | BreadcrumbList | ListItem,93,95,25,25,15,25,90,92,P3 保持监测,缺少页面类型应有证据：hasRelatedProducts,按页面类型补齐证据模块，而不是继续堆关键词,Emergencia búsqueda & rescate UAV solución | N-TET,Emergencia búsqueda & rescate UAV solución,Equipos relacionados | Casos relacionados | FAQ de la solucion | Solicitar solución y cotización | Resumen | Especificaciones técnicas | Equipos relacionados | Casos relacionados,.next/server/app/es/solutions/emergency-search-rescue-uav-solution.html
/es/solutions/high-rise-firefighting-uav-solution,es,solution_detail,strong,85,High-Rise apoyo contra incendios UAV solución,full_inventory,1928,10,1,8,32,30,0,202,200,Organization | ContactPoint | WebSite | Service | BreadcrumbList | ListItem,93,95,25,25,15,25,90,92,P3 保持监测,缺少页面类型应有证据：hasRelatedProducts,按页面类型补齐证据模块，而不是继续堆关键词,High-Rise apoyo contra incendios UAV solución | N-TET,High-Rise apoyo contra incendios UAV solución,Equipos relacionados | FAQ de la solucion | Solicitar solución y cotización | Resumen | Especificaciones técnicas | Equipos relacionados | FAQ de la solucion | Solicitar solución y cotización,.next/server/app/es/solutions/high-rise-firefighting-uav-solution.html
/es/solutions/hydroelectric-dam-protection,es,solution_detail,strong,100,Presa hidroeléctrica Protection,full_inventory,2403,24,1,13,40,40,0,202,200,Organization | ContactPoint | WebSite | Service | BreadcrumbList | ListItem,93,95,25,25,15,25,90,92,P3 保持监测,缺少页面类型应有证据：hasRelatedProducts,按页面类型补齐证据模块，而不是继续堆关键词,Presa hidroeléctrica Protection | N-TET,Presa hidroeléctrica Protection,Presa hidroeléctrica Protection Workflow | Low-Altitude Security Workflow for Dam Operations | Módulos de la solución | Equipos relacionados | FAQ de la solucion | Solicitar solución y cotización | Resumen | Necesidades de la industria,.next/server/app/es/solutions/hydroelectric-dam-protection.html
/es/solutions/judicial-sector-security,es,solution_detail,strong,100,Sector judicial seguridad Protection,full_inventory,2562,10,1,10,40,38,0,210,208,Organization | ContactPoint | WebSite | Service | BreadcrumbList | ListItem,93,95,25,25,15,25,90,92,P3 保持监测,缺少页面类型应有证据：hasRelatedProducts,按页面类型补齐证据模块，而不是继续堆关键词,Sector judicial seguridad Protection | N-TET,Sector judicial seguridad Protection,Sector judicial seguridad Protection Workflow | Especificaciones técnicas | Equipos relacionados | FAQ de la solucion | Solicitar solución y cotización | Resumen | Especificaciones técnicas | Equipos relacionados,.next/server/app/es/solutions/judicial-sector-security.html
/es/solutions/land-based-maritime-surveillance,es,solution_detail,strong,100,Land-based marítimo vigilancia & Early Warning,full_inventory,1881,10,1,10,28,26,0,198,196,Organization | ContactPoint | WebSite | Service | BreadcrumbList | ListItem,93,95,25,25,15,25,90,92,P3 保持监测,缺少页面类型应有证据：hasRelatedProducts,按页面类型补齐证据模块，而不是继续堆关键词,Land-based marítimo vigilancia & Early Warning | N-TET,Land-based marítimo vigilancia & Early Warning,Land-based marítimo vigilancia & Early Warning Workflow | Especificaciones técnicas | Equipos relacionados | FAQ de la solucion | Solicitar solución y cotización | Resumen | Especificaciones técnicas | Equipos relacionados,.next/server/app/es/solutions/land-based-maritime-surveillance.html
/es/solutions/night-emergency-lighting-support-uav-solution,es,solution_detail,strong,85,UAV de iluminación cautivo,full_inventory,2460,30,1,15,42,42,0,204,202,Organization | ContactPoint | WebSite | Service | BreadcrumbList | ListItem,93,95,25,25,15,25,90,92,P3 保持监测,缺少页面类型应有证据：hasRelatedProducts,按页面类型补齐证据模块，而不是继续堆关键词,Solución UAV de iluminación cautivo | N-TET,Solución UAV de iluminación cautivo,Flujo de iluminación UAV cautivo | Cómo los UAV mejoran la eficiencia operativa | Módulos de la solución | Equipos relacionados | Casos relacionados | FAQ de la solucion | Solicitar solución y cotización | Resumen,.next/server/app/es/solutions/night-emergency-lighting-support-uav-solution.html
/es/solutions/oil-production-base-protection,es,solution_detail,strong,100,oil and gas drone inspection,full_inventory,2469,25,1,13,40,40,0,202,200,Organization | ContactPoint | WebSite | Service | BreadcrumbList | ListItem,93,95,25,25,15,25,90,92,P3 保持监测,缺少页面类型应有证据：hasRelatedProducts,按页面类型补齐证据模块，而不是继续堆关键词,Oil and Gas Drone Inspection Solution | N-TET,Oil and Gas Drone Inspection Solution,Oil and Gas Drone Inspection Workflow | Layered Low-Altitude Protection for Oil Production Sites | Módulos de la solución | Equipos relacionados | FAQ de la solucion | Solicitar solución y cotización | Resumen | Necesidades de la industria,.next/server/app/es/solutions/oil-production-base-protection.html
/es/solutions/post-disaster-emergency-communication-support-uav-solution,es,solution_detail,strong,100,UAV de comunicación de emergencia,full_inventory,2470,26,1,15,40,40,0,204,202,Organization | ContactPoint | WebSite | Service | BreadcrumbList | ListItem,93,95,25,25,15,25,90,92,P3 保持监测,缺少页面类型应有证据：hasRelatedProducts,按页面类型补齐证据模块，而不是继续堆关键词,Solución UAV de comunicación de emergencia | N-TET,Solución UAV de comunicación de emergencia,Flujo UAV de comunicación de emergencia | Cómo los UAV mejoran la eficiencia operativa | Módulos de la solución | Equipos relacionados | Casos relacionados | FAQ de la solucion | Solicitar solución y cotización | Resumen,.next/server/app/es/solutions/post-disaster-emergency-communication-support-uav-solution.html
/es/solutions/power-generation-facility-low-altitude-monitoring,es,solution_detail,strong,100,Eléctrica Generation Facility espacio aéreo monitoreo,full_inventory,1981,10,1,10,34,32,0,204,202,Organization | ContactPoint | WebSite | Service | BreadcrumbList | ListItem,93,95,25,25,15,25,90,92,P3 保持监测,缺少页面类型应有证据：hasRelatedProducts,按页面类型补齐证据模块，而不是继续堆关键词,Eléctrica Generation Facility espacio aéreo monitoreo | N-TET,Eléctrica Generation Facility espacio aéreo monitoreo,Eléctrica Generation Facility espacio aéreo monitoreo Workflow | Especificaciones técnicas | Equipos relacionados | FAQ de la solucion | Solicitar solución y cotización | Resumen | Especificaciones técnicas | Equipos relacionados,.next/server/app/es/solutions/power-generation-facility-low-altitude-monitoring.html
/es/solutions/power-line-uav-intelligent-inspection-solution,es,solution_detail,strong,85,dron para inspección de líneas eléctricas,full_inventory,2562,30,1,11,34,34,0,194,192,Organization | ContactPoint | WebSite | Service | BreadcrumbList | ListItem,93,95,25,25,15,25,90,92,P3 保持监测,缺少页面类型应有证据：hasRelatedProducts,按页面类型补齐证据模块，而不是继续堆关键词,Solución de dron para inspección de líneas eléctricas | N-TET,Solución de dron para inspección de líneas eléctricas,Flujo de inspección de líneas eléctricas con dron | Cómo los UAV mejoran la eficiencia operativa | Módulos de la solución | FAQ de la solucion | Solicitar solución y cotización | Resumen | Necesidades de la industria | Cómo los UAV mejoran la operación,.next/server/app/es/solutions/power-line-uav-intelligent-inspection-solution.html
/es/solutions/power-tower-inspection-uav-solution,es,solution_detail,strong,85,Eléctrica Tower inspección UAV solución,full_inventory,1906,10,1,10,34,32,0,204,202,Organization | ContactPoint | WebSite | Service | BreadcrumbList | ListItem,93,95,25,25,15,25,90,92,P3 保持监测,缺少页面类型应有证据：hasRelatedProducts,按页面类型补齐证据模块，而不是继续堆关键词,Eléctrica Tower inspección UAV solución | N-TET,Eléctrica Tower inspección UAV solución,Equipos relacionados | Casos relacionados | FAQ de la solucion | Solicitar solución y cotización | Resumen | Especificaciones técnicas | Equipos relacionados | Casos relacionados,.next/server/app/es/solutions/power-tower-inspection-uav-solution.html
/es/solutions/smart-substation-autonomous-inspection-solution,es,solution_detail,strong,85,Smart subestación Autonomous UAV inspección solución,full_inventory,1952,10,1,10,32,30,0,202,200,Organization | ContactPoint | WebSite | Service | BreadcrumbList | ListItem,93,95,25,25,15,25,90,92,P3 保持监测,缺少页面类型应有证据：hasRelatedProducts,按页面类型补齐证据模块，而不是继续堆关键词,Smart subestación Autonomous UAV inspección solución | N-TET,Smart subestación Autonomous UAV inspección solución,Equipos relacionados | Casos relacionados | FAQ de la solucion | Solicitar solución y cotización | Resumen | Especificaciones técnicas | Equipos relacionados | Casos relacionados,.next/server/app/es/solutions/smart-substation-autonomous-inspection-solution.html
/es/solutions/smart-substation-unattended-uav-inspection-solution,es,solution_detail,strong,100,inspección autónoma de subestaciones inteligentes,full_inventory,2494,24,1,15,46,51,0,206,204,Organization | ContactPoint | WebSite | Service | BreadcrumbList | ListItem,93,95,25,25,15,25,90,92,P3 保持监测,缺少页面类型应有证据：hasRelatedProducts,按页面类型补齐证据模块，而不是继续堆关键词,Solución de inspección autónoma de subestaciones inteligentes | N-TET,Solución de inspección autónoma de subestaciones inteligentes,Flujo de inspección autónoma de subestaciones inteligentes | How UAVs Upgrade Substation Inspection | Módulos de la solución | Equipos relacionados | Casos relacionados | FAQ de la solucion | Solicitar solución y cotización | Resumen,.next/server/app/es/solutions/smart-substation-unattended-uav-inspection-solution.html
/es/solutions/sports-event-security,es,solution_detail,strong,100,Large evento deportivo seguridad Protection,full_inventory,2380,27,1,13,48,54,0,210,208,Organization | ContactPoint | WebSite | Service | BreadcrumbList | ListItem,93,95,25,25,15,25,90,92,P3 保持监测,缺少页面类型应有证据：hasRelatedProducts,按页面类型补齐证据模块，而不是继续堆关键词,Large evento deportivo seguridad Protection | N-TET,Large evento deportivo seguridad Protection,Large evento deportivo seguridad Protection Workflow | How Integrated Monitoring and Screening Support Large Events | Módulos de la solución | Equipos relacionados | FAQ de la solucion | Solicitar solución y cotización | Resumen | Necesidades de la industria,.next/server/app/es/solutions/sports-event-security.html
/es/solutions/tethered-lighting-uav-solution,es,solution_detail,strong,85,Cautivo iluminación UAV solución,full_inventory,1900,10,1,10,32,30,0,202,200,Organization | ContactPoint | WebSite | Service | BreadcrumbList | ListItem,93,95,25,25,15,25,90,92,P3 保持监测,缺少页面类型应有证据：hasRelatedProducts,按页面类型补齐证据模块，而不是继续堆关键词,Cautivo iluminación UAV solución | N-TET,Cautivo iluminación UAV solución,Equipos relacionados | Casos relacionados | FAQ de la solucion | Solicitar solución y cotización | Resumen | Especificaciones técnicas | Equipos relacionados | Casos relacionados,.next/server/app/es/solutions/tethered-lighting-uav-solution.html
/es/solutions/uav-maritime-emergency-rescue,es,solution_detail,strong,100,UAV marítimo emergencia rescate,full_inventory,1890,10,1,10,30,28,0,200,198,Organization | ContactPoint | WebSite | Service | BreadcrumbList | ListItem,93,95,25,25,15,25,90,92,P3 保持监测,缺少页面类型应有证据：hasRelatedProducts,按页面类型补齐证据模块，而不是继续堆关键词,UAV marítimo emergencia rescate | N-TET,UAV marítimo emergencia rescate,UAV marítimo emergencia rescate Workflow | Especificaciones técnicas | Equipos relacionados | FAQ de la solucion | Solicitar solución y cotización | Resumen | Especificaciones técnicas | Equipos relacionados,.next/server/app/es/solutions/uav-maritime-emergency-rescue.html
/es/solutions/uav-maritime-patrol,es,solution_detail,strong,100,UAV de patrullaje marítimo,full_inventory,2350,26,1,15,38,38,0,204,202,Organization | ContactPoint | WebSite | Service | BreadcrumbList | ListItem,93,95,25,25,15,25,90,92,P3 保持监测,缺少页面类型应有证据：hasRelatedProducts,按页面类型补齐证据模块，而不是继续堆关键词,Solución UAV de patrullaje marítimo | N-TET,Solución UAV de patrullaje marítimo,Flujo UAV de patrullaje marítimo | Cómo los UAV mejoran la eficiencia operativa | Módulos de la solución | Equipos relacionados | Casos relacionados | FAQ de la solucion | Solicitar solución y cotización | Resumen,.next/server/app/es/solutions/uav-maritime-patrol.html
/es/solutions/urban-high-rise-firefighting-emergency-uav-solution,es,solution_detail,strong,100,dron contra incendios,full_inventory,2535,30,1,15,44,44,0,206,204,Organization | ContactPoint | WebSite | Service | BreadcrumbList | ListItem,93,95,25,25,15,25,90,92,P3 保持监测,缺少页面类型应有证据：hasRelatedProducts,按页面类型补齐证据模块，而不是继续堆关键词,Solución de dron contra incendios | N-TET,Solución de dron contra incendios,Flujo de trabajo con dron contra incendios | Cómo los UAV mejoran la eficiencia operativa | Módulos de la solución | Equipos relacionados | Casos relacionados | FAQ de la solucion | Solicitar solución y cotización | Resumen,.next/server/app/es/solutions/urban-high-rise-firefighting-emergency-uav-solution.html
/es/solutions/water-conservancy-monitoring-uav-solution,es,solution_detail,strong,85,Gestión hídrica monitoreo UAV solución,full_inventory,1903,10,1,10,32,30,0,202,200,Organization | ContactPoint | WebSite | Service | BreadcrumbList | ListItem,93,95,25,25,15,25,90,92,P3 保持监测,缺少页面类型应有证据：hasRelatedProducts,按页面类型补齐证据模块，而不是继续堆关键词,Gestión hídrica monitoreo UAV solución | N-TET,Gestión hídrica monitoreo UAV solución,Equipos relacionados | Casos relacionados | FAQ de la solucion | Solicitar solución y cotización | Resumen | Especificaciones técnicas | Equipos relacionados | Casos relacionados,.next/server/app/es/solutions/water-conservancy-monitoring-uav-solution.html
/es/solutions/water-conservancy-river-lake-uav-monitoring-solution,es,solution_detail,strong,85,UAV de monitoreo de recursos hídricos,full_inventory,2691,32,1,15,42,42,0,202,200,Organization | ContactPoint | WebSite | Service | BreadcrumbList | ListItem,93,95,25,25,15,25,90,100,P3 保持监测,缺少页面类型应有证据：hasRelatedProducts,按页面类型补齐证据模块，而不是继续堆关键词,Solución UAV de monitoreo de recursos hídricos | N-TET,Solución UAV de monitoreo de recursos hídricos,Flujo de monitoreo UAV de recursos hídricos | Cómo los UAV mejoran la eficiencia operativa | Módulos de la solución | Equipos relacionados | Casos relacionados | FAQ de la solucion | Solicitar solución y cotización | Resumen,.next/server/app/es/solutions/water-conservancy-river-lake-uav-monitoring-solution.html
/ru,ru,home,strong,85,промышленные БПЛА,full_inventory,1132,2,1,11,61,65,0,242,237,Organization | ContactPoint | WebSite,91,90,13,20,15,21,69,43,P1 需要补内容,有效正文段落偏少,增加 3-6 个有信息量的段落，避免只靠卡片、导航和短摘要支撑页面,Промышленные БПЛА для низковысотных операций | N-TET,Промышленные БПЛА для низковысотных операций,Решения | Продукты | Дрон для мониторинга водных ресурсов | Кейсы | О компании | Новости | Решения | Продукты,.next/server/app/ru.html
/ru/about,ru,about,strong,85,интегратор промышленных систем БПЛА,full_inventory,1123,4,1,5,22,23,0,189,187,Organization | ContactPoint | WebSite,100,100,20,12,15,21,68,52,P1 需要补内容,,,N-TET: интегратор промышленных систем БПЛА,N-TET: интегратор промышленных систем БПЛА,Возможности интеграции промышленных систем БПЛА | Команда R&D | Профиль компании | Команда R&D | Запросить решение и КП,.next/server/app/ru/about.html
/ru/accessories,ru,accessory_list,strong,95,аксессуары для БПЛА,full_inventory,1265,4,1,11,79,76,0,243,241,Organization | ContactPoint | WebSite,100,100,20,12,15,21,68,60,P2 建议增强,,,Аксессуары и компоненты БПЛА | N-TET,Аксессуары и компоненты БПЛА,Аксессуары для дронов и компоненты БПЛА для промышленных платформ | Полетные контроллеры | Электродвигатели БПЛА | Пропеллеры БПЛА | Аккумуляторы БПЛА | Электрооптические подвесы | Двигатели БПЛА | Каналы передачи данных БПЛА,.next/server/app/ru/accessories.html
/ru/accessories/fc-bt1,ru,accessory_detail,strong,85,Твердотельная батарея для БПЛА FC-BT1,full_inventory,3932,4,1,5,25,24,0,192,190,Organization | ContactPoint | WebSite | Product | BreadcrumbList | ListItem,100,100,25,25,15,25,90,84,P3 保持监测,,,Твердотельная батарея для БПЛА FC-BT1 | N-TET Drone Accessories,Твердотельная батарея для БПЛА FC-BT1,Твердотельная батарея для БПЛА FC-BT1 Technical Specifications | Запросить решение и КП | Обзор | Технические характеристики | Запросить решение и КП,.next/server/app/ru/accessories/fc-bt1.html
/ru/accessories/fc-bt2,ru,accessory_detail,strong,85,Твердотельная батарея для БПЛА FC-BT2,full_inventory,3426,4,1,5,25,24,0,192,190,Organization | ContactPoint | WebSite | Product | BreadcrumbList | ListItem,100,100,25,25,15,25,90,84,P3 保持监测,,,Твердотельная батарея для БПЛА FC-BT2 | N-TET Drone Accessories,Твердотельная батарея для БПЛА FC-BT2,Твердотельная батарея для БПЛА FC-BT2 Technical Specifications | Запросить решение и КП | Обзор | Технические характеристики | Запросить решение и КП,.next/server/app/ru/accessories/fc-bt2.html
/ru/accessories/fc-bt3,ru,accessory_detail,strong,85,Высоковольтная твердотельная батарея для БПЛА FC-BT3,full_inventory,3539,6,1,5,26,24,0,192,190,Organization | ContactPoint | WebSite | Product | BreadcrumbList | ListItem,100,100,25,25,15,25,90,84,P3 保持监测,,,Высоковольтная твердотельная батарея для БПЛА FC-BT3 | N-TET Drone Accessories,Высоковольтная твердотельная батарея для БПЛА FC-BT3,Высоковольтная твердотельная батарея для БПЛА FC-BT3 Technical Specifications | Запросить решение и КП | Обзор | Технические характеристики | Запросить решение и КП,.next/server/app/ru/accessories/fc-bt3.html
/ru/accessories/fc-bt4,ru,accessory_detail,strong,85,Высокоэнергетическая твердотельная батарея для БПЛА FC-BT4,full_inventory,5407,4,1,5,25,24,0,192,190,Organization | ContactPoint | WebSite | Product | BreadcrumbList | ListItem,100,100,25,25,15,25,90,84,P3 保持监测,,,Высокоэнергетическая твердотельная батарея для БПЛА FC-BT4 | N-TET Drone Accessories,Высокоэнергетическая твердотельная батарея для БПЛА FC-BT4,Высокоэнергетическая твердотельная батарея для БПЛА FC-BT4 Technical Specifications | Запросить решение и КП | Обзор | Технические характеристики | Запросить решение и КП,.next/server/app/ru/accessories/fc-bt4.html
/ru/accessories/fc-btg,ru,accessory_detail,strong,85,Учебная твердотельная батарея для БПЛА FC-BTG,full_inventory,2667,0,1,5,25,24,0,192,190,Organization | ContactPoint | WebSite | Product | BreadcrumbList | ListItem,82,70,25,25,15,25,90,66,P2 建议增强,有效正文段落偏少,增加 3-6 个有信息量的段落，避免只靠卡片、导航和短摘要支撑页面,Учебная твердотельная батарея для БПЛА FC-BTG | N-TET Drone Accessories,Учебная твердотельная батарея для БПЛА FC-BTG,Учебная твердотельная батарея для БПЛА FC-BTG Technical Specifications | Запросить решение и КП | Обзор | Технические характеристики | Запросить решение и КП,.next/server/app/ru/accessories/fc-btg.html
/ru/accessories/fc-c2d-propeller,ru,accessory_detail,strong,85,Пропеллер БПЛА FC-C2D,full_inventory,1514,2,1,5,21,22,0,192,190,Organization | ContactPoint | WebSite | Product | BreadcrumbList | ListItem,91,90,25,25,15,25,90,75,P3 保持监测,有效正文段落偏少,增加 3-6 个有信息量的段落，避免只靠卡片、导航和短摘要支撑页面,Пропеллер БПЛА FC-C2D | N-TET Drone Accessories,Пропеллер БПЛА FC-C2D,Пропеллер БПЛА FC-C2D Technical Specifications | Запросить решение и КП | Обзор | Технические характеристики | Запросить решение и КП,.next/server/app/ru/accessories/fc-c2d-propeller.html
/ru/accessories/fc-c2e-propeller,ru,accessory_detail,strong,85,Пропеллер БПЛА FC-C2E,full_inventory,1452,2,1,5,21,22,0,192,190,Organization | ContactPoint | WebSite | Product | BreadcrumbList | ListItem,91,90,25,25,15,25,90,75,P3 保持监测,有效正文段落偏少,增加 3-6 个有信息量的段落，避免只靠卡片、导航和短摘要支撑页面,Пропеллер БПЛА FC-C2E | N-TET Drone Accessories,Пропеллер БПЛА FC-C2E,Пропеллер БПЛА FC-C2E Technical Specifications | Запросить решение и КП | Обзор | Технические характеристики | Запросить решение и КП,.next/server/app/ru/accessories/fc-c2e-propeller.html
/ru/accessories/fc-c2t-propeller,ru,accessory_detail,strong,85,Пропеллер БПЛА FC-C2T,full_inventory,1500,0,1,5,21,22,0,192,190,Organization | ContactPoint | WebSite | Product | BreadcrumbList | ListItem,82,70,25,25,15,25,90,66,P2 建议增强,有效正文段落偏少,增加 3-6 个有信息量的段落，避免只靠卡片、导航和短摘要支撑页面,Пропеллер БПЛА FC-C2T | N-TET Drone Accessories,Пропеллер БПЛА FC-C2T,Пропеллер БПЛА FC-C2T Technical Specifications | Запросить решение и КП | Обзор | Технические характеристики | Запросить решение и КП,.next/server/app/ru/accessories/fc-c2t-propeller.html
/ru/accessories/fc-c2u-propeller,ru,accessory_detail,strong,85,Пропеллер БПЛА FC-C2U,full_inventory,1490,0,1,5,21,22,0,192,190,Organization | ContactPoint | WebSite | Product | BreadcrumbList | ListItem,82,70,25,25,15,25,90,66,P2 建议增强,有效正文段落偏少,增加 3-6 个有信息量的段落，避免只靠卡片、导航和短摘要支撑页面,Пропеллер БПЛА FC-C2U | N-TET Drone Accessories,Пропеллер БПЛА FC-C2U,Пропеллер БПЛА FC-C2U Technical Specifications | Запросить решение и КП | Обзор | Технические характеристики | Запросить решение и КП,.next/server/app/ru/accessories/fc-c2u-propeller.html
/ru/accessories/fc-c2ud-propeller,ru,accessory_detail,strong,85,Пропеллер БПЛА FC-C2UD,full_inventory,1542,2,1,5,21,22,0,192,190,Organization | ContactPoint | WebSite | Product | BreadcrumbList | ListItem,91,90,25,25,15,25,90,75,P3 保持监测,有效正文段落偏少,增加 3-6 个有信息量的段落，避免只靠卡片、导航和短摘要支撑页面,Пропеллер БПЛА FC-C2UD | N-TET Drone Accessories,Пропеллер БПЛА FC-C2UD,Пропеллер БПЛА FC-C2UD Technical Specifications | Запросить решение и КП | Обзор | Технические характеристики | Запросить решение и КП,.next/server/app/ru/accessories/fc-c2ud-propeller.html
/ru/accessories/fc-fdj-111,ru,accessory_detail,strong,100,Двигатель БПЛА FC-FDJ-111,full_inventory,1288,0,1,5,20,22,0,192,190,Organization | ContactPoint | WebSite | Product | BreadcrumbList | ListItem,82,70,25,25,15,25,90,66,P2 建议增强,有效正文段落偏少,增加 3-6 个有信息量的段落，避免只靠卡片、导航和短摘要支撑页面,Двигатель БПЛА FC-FDJ-111 | N-TET Drone Accessories,Двигатель БПЛА FC-FDJ-111,Двигатель БПЛА FC-FDJ-111 Technical Specifications | Запросить решение и КП | Обзор | Технические характеристики | Запросить решение и КП,.next/server/app/ru/accessories/fc-fdj-111.html
/ru/accessories/fc-fdj-120,ru,accessory_detail,strong,100,Двигатель БПЛА FC-FDJ-120,full_inventory,1268,0,1,5,20,22,0,192,190,Organization | ContactPoint | WebSite | Product | BreadcrumbList | ListItem,82,70,25,25,15,25,90,66,P2 建议增强,有效正文段落偏少,增加 3-6 个有信息量的段落，避免只靠卡片、导航和短摘要支撑页面,Двигатель БПЛА FC-FDJ-120 | N-TET Drone Accessories,Двигатель БПЛА FC-FDJ-120,Двигатель БПЛА FC-FDJ-120 Technical Specifications | Запросить решение и КП | Обзор | Технические характеристики | Запросить решение и КП,.next/server/app/ru/accessories/fc-fdj-120.html
/ru/accessories/fc-fdj-120hd,ru,accessory_detail,strong,100,Двигатель БПЛА FC-FDJ-120HD,full_inventory,1232,0,1,5,20,22,0,192,190,Organization | ContactPoint | WebSite | Product | BreadcrumbList | ListItem,82,70,25,25,15,25,90,66,P2 建议增强,有效正文段落偏少,增加 3-6 个有信息量的段落，避免只靠卡片、导航和短摘要支撑页面,Двигатель БПЛА FC-FDJ-120HD | N-TET Drone Accessories,Двигатель БПЛА FC-FDJ-120HD,Двигатель БПЛА FC-FDJ-120HD Technical Specifications | Запросить решение и КП | Обзор | Технические характеристики | Запросить решение и КП,.next/server/app/ru/accessories/fc-fdj-120hd.html
/ru/accessories/fc-fdj-170,ru,accessory_detail,strong,100,Двигатель БПЛА FC-FDJ-170,full_inventory,1258,0,1,5,20,22,0,192,190,Organization | ContactPoint | WebSite | Product | BreadcrumbList | ListItem,82,70,25,25,15,25,90,66,P2 建议增强,有效正文段落偏少,增加 3-6 个有信息量的段落，避免只靠卡片、导航和短摘要支撑页面,Двигатель БПЛА FC-FDJ-170 | N-TET Drone Accessories,Двигатель БПЛА FC-FDJ-170,Двигатель БПЛА FC-FDJ-170 Technical Specifications | Запросить решение и КП | Обзор | Технические характеристики | Запросить решение и КП,.next/server/app/ru/accessories/fc-fdj-170.html
/ru/accessories/fc-fdj-200,ru,accessory_detail,strong,100,Двигатель БПЛА FC-FDJ-200,full_inventory,1244,0,1,5,20,22,0,192,190,Organization | ContactPoint | WebSite | Product | BreadcrumbList | ListItem,82,70,25,25,15,25,90,66,P2 建议增强,有效正文段落偏少,增加 3-6 个有信息量的段落，避免只靠卡片、导航和短摘要支撑页面,Двигатель БПЛА FC-FDJ-200 | N-TET Drone Accessories,Двигатель БПЛА FC-FDJ-200,Двигатель БПЛА FC-FDJ-200 Technical Specifications | Запросить решение и КП | Обзор | Технические характеристики | Запросить решение и КП,.next/server/app/ru/accessories/fc-fdj-200.html
/ru/accessories/fc-fdj-222,ru,accessory_detail,strong,100,Двигатель БПЛА FC-FDJ-222,full_inventory,1268,0,1,5,20,22,0,192,190,Organization | ContactPoint | WebSite | Product | BreadcrumbList | ListItem,82,70,25,25,15,25,90,66,P2 建议增强,有效正文段落偏少,增加 3-6 个有信息量的段落，避免只靠卡片、导航和短摘要支撑页面,Двигатель БПЛА FC-FDJ-222 | N-TET Drone Accessories,Двигатель БПЛА FC-FDJ-222,Двигатель БПЛА FC-FDJ-222 Technical Specifications | Запросить решение и КП | Обзор | Технические характеристики | Запросить решение и КП,.next/server/app/ru/accessories/fc-fdj-222.html
/ru/accessories/fc-fdj-430,ru,accessory_detail,strong,100,Двигатель БПЛА FC-FDJ-430,full_inventory,1420,2,1,5,20,22,0,192,190,Organization | ContactPoint | WebSite | Product | BreadcrumbList | ListItem,91,90,25,25,15,25,90,75,P3 保持监测,有效正文段落偏少,增加 3-6 个有信息量的段落，避免只靠卡片、导航和短摘要支撑页面,Двигатель БПЛА FC-FDJ-430 | N-TET Drone Accessories,Двигатель БПЛА FC-FDJ-430,Двигатель БПЛА FC-FDJ-430 Technical Specifications | Запросить решение и КП | Обзор | Технические характеристики | Запросить решение и КП,.next/server/app/ru/accessories/fc-fdj-430.html
/ru/accessories/fc-fdj-55,ru,accessory_detail,strong,100,Двигатель БПЛА FC-FDJ-55,full_inventory,1292,0,1,5,20,22,0,192,190,Organization | ContactPoint | WebSite | Product | BreadcrumbList | ListItem,82,70,25,25,15,25,90,66,P2 建议增强,有效正文段落偏少,增加 3-6 个有信息量的段落，避免只靠卡片、导航和短摘要支撑页面,Двигатель БПЛА FC-FDJ-55 | N-TET Drone Accessories,Двигатель БПЛА FC-FDJ-55,Двигатель БПЛА FC-FDJ-55 Technical Specifications | Запросить решение и КП | Обзор | Технические характеристики | Запросить решение и КП,.next/server/app/ru/accessories/fc-fdj-55.html
/ru/accessories/fc-fdj-60,ru,accessory_detail,strong,100,Двигатель БПЛА FC-FDJ-60,full_inventory,1268,0,1,5,20,22,0,192,190,Organization | ContactPoint | WebSite | Product | BreadcrumbList | ListItem,82,70,25,25,15,25,90,66,P2 建议增强,有效正文段落偏少,增加 3-6 个有信息量的段落，避免只靠卡片、导航和短摘要支撑页面,Двигатель БПЛА FC-FDJ-60 | N-TET Drone Accessories,Двигатель БПЛА FC-FDJ-60,Двигатель БПЛА FC-FDJ-60 Technical Specifications | Запросить решение и КП | Обзор | Технические характеристики | Запросить решение и КП,.next/server/app/ru/accessories/fc-fdj-60.html
/ru/accessories/fc-fdj-61,ru,accessory_detail,strong,100,Двигатель БПЛА FC-FDJ-61,full_inventory,1266,0,1,5,20,22,0,192,190,Organization | ContactPoint | WebSite | Product | BreadcrumbList | ListItem,82,70,25,25,15,25,90,66,P2 建议增强,有效正文段落偏少,增加 3-6 个有信息量的段落，避免只靠卡片、导航和短摘要支撑页面,Двигатель БПЛА FC-FDJ-61 | N-TET Drone Accessories,Двигатель БПЛА FC-FDJ-61,Двигатель БПЛА FC-FDJ-61 Technical Specifications | Запросить решение и КП | Обзор | Технические характеристики | Запросить решение и КП,.next/server/app/ru/accessories/fc-fdj-61.html
/ru/accessories/fc-fdj-70hd,ru,accessory_detail,strong,100,Двигатель БПЛА FC-FDJ-70HD,full_inventory,1234,0,1,5,20,22,0,192,190,Organization | ContactPoint | WebSite | Product | BreadcrumbList | ListItem,82,70,25,25,15,25,90,66,P2 建议增强,有效正文段落偏少,增加 3-6 个有信息量的段落，避免只靠卡片、导航和短摘要支撑页面,Двигатель БПЛА FC-FDJ-70HD | N-TET Drone Accessories,Двигатель БПЛА FC-FDJ-70HD,Двигатель БПЛА FC-FDJ-70HD Technical Specifications | Запросить решение и КП | Обзор | Технические характеристики | Запросить решение и КП,.next/server/app/ru/accessories/fc-fdj-70hd.html
/ru/accessories/fc-fdj-85,ru,accessory_detail,strong,100,Двигатель БПЛА FC-FDJ-85,full_inventory,1266,0,1,5,20,22,0,192,190,Organization | ContactPoint | WebSite | Product | BreadcrumbList | ListItem,82,70,25,25,15,25,90,66,P2 建议增强,有效正文段落偏少,增加 3-6 个有信息量的段落，避免只靠卡片、导航和短摘要支撑页面,Двигатель БПЛА FC-FDJ-85 | N-TET Drone Accessories,Двигатель БПЛА FC-FDJ-85,Двигатель БПЛА FC-FDJ-85 Technical Specifications | Запросить решение и КП | Обзор | Технические характеристики | Запросить решение и КП,.next/server/app/ru/accessories/fc-fdj-85.html
/ru/accessories/fc-l10tr-three-light-gimbal,ru,accessory_detail,strong,100,FC-L10TR электрооптический подвес,full_inventory,1754,2,1,5,18,22,0,192,190,Organization | ContactPoint | WebSite | Product | BreadcrumbList | ListItem,91,90,25,25,15,25,90,75,P3 保持监测,有效正文段落偏少,增加 3-6 个有信息量的段落，避免只靠卡片、导航和短摘要支撑页面,FC-L10TR электрооптический подвес | N-TET Drone Accessories,FC-L10TR электрооптический подвес,FC-L10TR электрооптический подвес Technical Specifications | Запросить решение и КП | Обзор | Технические характеристики | Запросить решение и КП,.next/server/app/ru/accessories/fc-l10tr-three-light-gimbal.html
/ru/accessories/fc-l40-smart-optical-pod,ru,accessory_detail,strong,100,FC-L40 электрооптический подвес,full_inventory,1606,2,1,5,18,22,0,192,190,Organization | ContactPoint | WebSite | Product | BreadcrumbList | ListItem,91,90,25,25,15,25,90,75,P3 保持监测,有效正文段落偏少,增加 3-6 个有信息量的段落，避免只靠卡片、导航和短摘要支撑页面,FC-L40 электрооптический подвес | N-TET Drone Accessories,FC-L40 электрооптический подвес,FC-L40 электрооптический подвес Technical Specifications | Запросить решение и КП | Обзор | Технические характеристики | Запросить решение и КП,.next/server/app/ru/accessories/fc-l40-smart-optical-pod.html
/ru/accessories/fc-l40t-dual-light-gimbal,ru,accessory_detail,strong,100,FC-L40T электрооптический подвес,full_inventory,1700,2,1,5,18,22,0,192,190,Organization | ContactPoint | WebSite | Product | BreadcrumbList | ListItem,91,90,25,25,15,25,90,75,P3 保持监测,有效正文段落偏少,增加 3-6 个有信息量的段落，避免只靠卡片、导航和短摘要支撑页面,FC-L40T электрооптический подвес | N-TET Drone Accessories,FC-L40T электрооптический подвес,FC-L40T электрооптический подвес Technical Specifications | Запросить решение и КП | Обзор | Технические характеристики | Запросить решение и КП,.next/server/app/ru/accessories/fc-l40t-dual-light-gimbal.html
/ru/accessories/fc-l40tr-smart-optical-pod,ru,accessory_detail,strong,100,FC-L40TR электрооптический подвес,full_inventory,1742,2,1,5,18,22,0,192,190,Organization | ContactPoint | WebSite | Product | BreadcrumbList | ListItem,91,90,25,25,15,25,90,75,P3 保持监测,有效正文段落偏少,增加 3-6 个有信息量的段落，避免只靠卡片、导航和短摘要支撑页面,FC-L40TR электрооптический подвес | N-TET Drone Accessories,FC-L40TR электрооптический подвес,FC-L40TR электрооптический подвес Technical Specifications | Запросить решение и КП | Обзор | Технические характеристики | Запросить решение и КП,.next/server/app/ru/accessories/fc-l40tr-smart-optical-pod.html
/ru/accessories/fc-l50-smart-optical-pod,ru,accessory_detail,strong,100,FC-L50 электрооптический подвес,full_inventory,1594,2,1,5,18,22,0,192,190,Organization | ContactPoint | WebSite | Product | BreadcrumbList | ListItem,91,90,25,25,15,25,90,75,P3 保持监测,有效正文段落偏少,增加 3-6 个有信息量的段落，避免只靠卡片、导航和短摘要支撑页面,FC-L50 электрооптический подвес | N-TET Drone Accessories,FC-L50 электрооптический подвес,FC-L50 электрооптический подвес Technical Specifications | Запросить решение и КП | Обзор | Технические характеристики | Запросить решение и КП,.next/server/app/ru/accessories/fc-l50-smart-optical-pod.html
/ru/accessories/fc-ln100-dual-light-gimbal,ru,accessory_detail,strong,100,FC-LN100 электрооптический подвес,full_inventory,1692,2,1,5,18,22,0,192,190,Organization | ContactPoint | WebSite | Product | BreadcrumbList | ListItem,91,90,25,25,15,25,90,75,P3 保持监测,有效正文段落偏少,增加 3-6 个有信息量的段落，避免只靠卡片、导航和短摘要支撑页面,FC-LN100 электрооптический подвес | N-TET Drone Accessories,FC-LN100 электрооптический подвес,FC-LN100 электрооптический подвес Technical Specifications | Запросить решение и КП | Обзор | Технические характеристики | Запросить решение и КП,.next/server/app/ru/accessories/fc-ln100-dual-light-gimbal.html
/ru/accessories/fc-ln95-dual-light-gimbal,ru,accessory_detail,strong,100,FC-LN95 электрооптический подвес,full_inventory,1768,2,1,5,18,22,0,192,190,Organization | ContactPoint | WebSite | Product | BreadcrumbList | ListItem,91,90,25,25,15,25,90,75,P3 保持监测,有效正文段落偏少,增加 3-6 个有信息量的段落，避免只靠卡片、导航和短摘要支撑页面,FC-LN95 электрооптический подвес | N-TET Drone Accessories,FC-LN95 электрооптический подвес,FC-LN95 электрооптический подвес Technical Specifications | Запросить решение и КП | Обзор | Технические характеристики | Запросить решение и КП,.next/server/app/ru/accessories/fc-ln95-dual-light-gimbal.html
/ru/accessories/fc-max-5330,ru,accessory_detail,strong,100,Двигатель БПЛА FC-MAX 5330,full_inventory,4681,0,1,5,23,22,0,192,190,Organization | ContactPoint | WebSite | Product | BreadcrumbList | ListItem,82,70,25,25,15,25,90,74,P2 建议增强,有效正文段落偏少,增加 3-6 个有信息量的段落，避免只靠卡片、导航和短摘要支撑页面,Двигатель БПЛА FC-MAX 5330 | N-TET Drone Accessories,Двигатель БПЛА FC-MAX 5330,Двигатель БПЛА FC-MAX 5330 Technical Specifications | Запросить решение и КП | Обзор | Технические характеристики | Запросить решение и КП,.next/server/app/ru/accessories/fc-max-5330.html
/ru/accessories/fc-mesh-100,ru,accessory_detail,strong,85,FC-Mesh-100 канал передачи данных БПЛА,full_inventory,1674,4,1,5,22,22,0,192,190,Organization | ContactPoint | WebSite | Product | BreadcrumbList | ListItem,100,100,25,25,15,25,90,84,P3 保持监测,,,FC-Mesh-100 канал передачи данных БПЛА | N-TET Drone Accessories,FC-Mesh-100 канал передачи данных БПЛА,FC-Mesh-100 канал передачи данных БПЛА Technical Specifications | Запросить решение и КП | Обзор | Технические характеристики | Запросить решение и КП,.next/server/app/ru/accessories/fc-mesh-100.html
/ru/accessories/fc-mini-l10tr-smart-optical-pod,ru,accessory_detail,strong,100,FC-MiniL10TR электрооптический подвес,full_inventory,1766,2,1,5,18,22,0,192,190,Organization | ContactPoint | WebSite | Product | BreadcrumbList | ListItem,91,90,25,25,15,25,90,75,P3 保持监测,有效正文段落偏少,增加 3-6 个有信息量的段落，避免只靠卡片、导航和短摘要支撑页面,FC-MiniL10TR электрооптический подвес | N-TET Drone Accessories,FC-MiniL10TR электрооптический подвес,FC-MiniL10TR электрооптический подвес Technical Specifications | Запросить решение и КП | Обзор | Технические характеристики | Запросить решение и КП,.next/server/app/ru/accessories/fc-mini-l10tr-smart-optical-pod.html
/ru/accessories/fc-pab-propeller,ru,accessory_detail,strong,85,Пропеллер БПЛА FC-PAB,full_inventory,1508,0,1,5,21,22,0,192,190,Organization | ContactPoint | WebSite | Product | BreadcrumbList | ListItem,82,70,25,25,15,25,90,66,P2 建议增强,有效正文段落偏少,增加 3-6 个有信息量的段落，避免只靠卡片、导航和短摘要支撑页面,Пропеллер БПЛА FC-PAB | N-TET Drone Accessories,Пропеллер БПЛА FC-PAB,Пропеллер БПЛА FC-PAB Technical Specifications | Запросить решение и КП | Обзор | Технические характеристики | Запросить решение и КП,.next/server/app/ru/accessories/fc-pab-propeller.html
/ru/accessories/fc-pad-propeller,ru,accessory_detail,strong,85,Пропеллер БПЛА FC-PAD,full_inventory,1504,0,1,5,21,22,0,192,190,Organization | ContactPoint | WebSite | Product | BreadcrumbList | ListItem,82,70,25,25,15,25,90,66,P2 建议增强,有效正文段落偏少,增加 3-6 个有信息量的段落，避免只靠卡片、导航和短摘要支撑页面,Пропеллер БПЛА FC-PAD | N-TET Drone Accessories,Пропеллер БПЛА FC-PAD,Пропеллер БПЛА FC-PAD Technical Specifications | Запросить решение и КП | Обзор | Технические характеристики | Запросить решение и КП,.next/server/app/ru/accessories/fc-pad-propeller.html
/ru/accessories/fc-pae-propeller,ru,accessory_detail,strong,85,Пропеллер БПЛА FC-PAE,full_inventory,1506,0,1,5,21,22,0,192,190,Organization | ContactPoint | WebSite | Product | BreadcrumbList | ListItem,82,70,25,25,15,25,90,66,P2 建议增强,有效正文段落偏少,增加 3-6 个有信息量的段落，避免只靠卡片、导航和短摘要支撑页面,Пропеллер БПЛА FC-PAE | N-TET Drone Accessories,Пропеллер БПЛА FC-PAE,Пропеллер БПЛА FC-PAE Technical Specifications | Запросить решение и КП | Обзор | Технические характеристики | Запросить решение и КП,.next/server/app/ru/accessories/fc-pae-propeller.html
/ru/accessories/fc-pbf-propeller,ru,accessory_detail,strong,85,Пропеллер БПЛА FC-PBF,full_inventory,1448,0,1,5,21,22,0,192,190,Organization | ContactPoint | WebSite | Product | BreadcrumbList | ListItem,82,70,25,25,15,25,90,66,P2 建议增强,有效正文段落偏少,增加 3-6 个有信息量的段落，避免只靠卡片、导航和短摘要支撑页面,Пропеллер БПЛА FC-PBF | N-TET Drone Accessories,Пропеллер БПЛА FC-PBF,Пропеллер БПЛА FC-PBF Technical Specifications | Запросить решение и КП | Обзор | Технические характеристики | Запросить решение и КП,.next/server/app/ru/accessories/fc-pbf-propeller.html
/ru/accessories/fc-rm10x,ru,accessory_detail,strong,100,Двигатель БПЛА FC-RM10X,full_inventory,2014,0,1,5,23,22,0,192,190,Organization | ContactPoint | WebSite | Product | BreadcrumbList | ListItem,82,70,25,25,15,25,90,66,P2 建议增强,有效正文段落偏少,增加 3-6 个有信息量的段落，避免只靠卡片、导航和短摘要支撑页面,Двигатель БПЛА FC-RM10X | N-TET Drone Accessories,Двигатель БПЛА FC-RM10X,Двигатель БПЛА FC-RM10X Technical Specifications | Запросить решение и КП | Обзор | Технические характеристики | Запросить решение и КП,.next/server/app/ru/accessories/fc-rm10x.html
/ru/accessories/fc-rm30,ru,accessory_detail,strong,100,Двигатель БПЛА FC-RM30,full_inventory,5376,0,1,5,23,22,0,192,190,Organization | ContactPoint | WebSite | Product | BreadcrumbList | ListItem,82,70,25,25,15,25,90,74,P2 建议增强,有效正文段落偏少,增加 3-6 个有信息量的段落，避免只靠卡片、导航和短摘要支撑页面,Двигатель БПЛА FC-RM30 | N-TET Drone Accessories,Двигатель БПЛА FC-RM30,Двигатель БПЛА FC-RM30 Technical Specifications | Запросить решение и КП | Обзор | Технические характеристики | Запросить решение и КП,.next/server/app/ru/accessories/fc-rm30.html
/ru/accessories/fc-sjl-100,ru,accessory_detail,strong,85,FC-SJL-100 канал передачи данных БПЛА,full_inventory,1548,4,1,5,22,22,0,192,190,Organization | ContactPoint | WebSite | Product | BreadcrumbList | ListItem,100,100,25,25,15,25,90,84,P3 保持监测,,,FC-SJL-100 канал передачи данных БПЛА | N-TET Drone Accessories,FC-SJL-100 канал передачи данных БПЛА,FC-SJL-100 канал передачи данных БПЛА Technical Specifications | Запросить решение и КП | Обзор | Технические характеристики | Запросить решение и КП,.next/server/app/ru/accessories/fc-sjl-100.html
/ru/accessories/fc-sjl-200,ru,accessory_detail,strong,85,FC-SJL-200 канал передачи данных БПЛА,full_inventory,1552,4,1,5,22,22,0,192,190,Organization | ContactPoint | WebSite | Product | BreadcrumbList | ListItem,100,100,25,25,15,25,90,84,P3 保持监测,,,FC-SJL-200 канал передачи данных БПЛА | N-TET Drone Accessories,FC-SJL-200 канал передачи данных БПЛА,FC-SJL-200 канал передачи данных БПЛА Technical Specifications | Запросить решение и КП | Обзор | Технические характеристики | Запросить решение и КП,.next/server/app/ru/accessories/fc-sjl-200.html
/ru/accessories/fc-sjl-30,ru,accessory_detail,strong,85,FC-SJL-30 канал передачи данных БПЛА,full_inventory,1594,4,1,5,22,22,0,192,190,Organization | ContactPoint | WebSite | Product | BreadcrumbList | ListItem,100,100,25,25,15,25,90,84,P3 保持监测,,,FC-SJL-30 канал передачи данных БПЛА | N-TET Drone Accessories,FC-SJL-30 канал передачи данных БПЛА,FC-SJL-30 канал передачи данных БПЛА Technical Specifications | Запросить решение и КП | Обзор | Технические характеристики | Запросить решение и КП,.next/server/app/ru/accessories/fc-sjl-30.html
/ru/accessories/fc-sjl-380,ru,accessory_detail,strong,85,FC-SJL-380 канал передачи данных БПЛА,full_inventory,1558,4,1,5,22,22,0,192,190,Organization | ContactPoint | WebSite | Product | BreadcrumbList | ListItem,100,100,25,25,15,25,90,84,P3 保持监测,,,FC-SJL-380 канал передачи данных БПЛА | N-TET Drone Accessories,FC-SJL-380 канал передачи данных БПЛА,FC-SJL-380 канал передачи данных БПЛА Technical Specifications | Запросить решение и КП | Обзор | Технические характеристики | Запросить решение и КП,.next/server/app/ru/accessories/fc-sjl-380.html
/ru/accessories/fc-sjl-50,ru,accessory_detail,strong,85,FC-SJL-50 канал передачи данных БПЛА,full_inventory,1586,4,1,5,22,22,0,192,190,Organization | ContactPoint | WebSite | Product | BreadcrumbList | ListItem,100,100,25,25,15,25,90,84,P3 保持监测,,,FC-SJL-50 канал передачи данных БПЛА | N-TET Drone Accessories,FC-SJL-50 канал передачи данных БПЛА,FC-SJL-50 канал передачи данных БПЛА Technical Specifications | Запросить решение и КП | Обзор | Технические характеристики | Запросить решение и КП,.next/server/app/ru/accessories/fc-sjl-50.html
/ru/accessories/fc-u10-pro,ru,accessory_detail,strong,85,Полетный контроллер FC-U10-PRO,full_inventory,1300,2,1,5,20,22,0,192,190,Organization | ContactPoint | WebSite | Product | BreadcrumbList | ListItem,91,90,25,25,15,25,90,75,P3 保持监测,有效正文段落偏少,增加 3-6 个有信息量的段落，避免只靠卡片、导航和短摘要支撑页面,Полетный контроллер FC-U10-PRO | N-TET Drone Accessories,Полетный контроллер FC-U10-PRO,Полетный контроллер FC-U10-PRO Technical Specifications | Запросить решение и КП | Обзор | Технические характеристики | Запросить решение и КП,.next/server/app/ru/accessories/fc-u10-pro.html
/ru/accessories/fc-u110,ru,accessory_detail,strong,100,Двигатель БПЛА FC-U110,full_inventory,5100,0,1,5,23,22,0,192,190,Organization | ContactPoint | WebSite | Product | BreadcrumbList | ListItem,82,70,25,25,15,25,90,74,P2 建议增强,有效正文段落偏少,增加 3-6 个有信息量的段落，避免只靠卡片、导航和短摘要支撑页面,Двигатель БПЛА FC-U110 | N-TET Drone Accessories,Двигатель БПЛА FC-U110,Двигатель БПЛА FC-U110 Technical Specifications | Запросить решение и КП | Обзор | Технические характеристики | Запросить решение и КП,.next/server/app/ru/accessories/fc-u110.html
/ru/accessories/fc-u12,ru,accessory_detail,strong,85,Полетный контроллер FC-U12,full_inventory,1296,2,1,5,20,22,0,192,190,Organization | ContactPoint | WebSite | Product | BreadcrumbList | ListItem,91,90,25,25,15,25,90,75,P3 保持监测,有效正文段落偏少,增加 3-6 个有信息量的段落，避免只靠卡片、导航和短摘要支撑页面,Полетный контроллер FC-U12 | N-TET Drone Accessories,Полетный контроллер FC-U12,Полетный контроллер FC-U12 Technical Specifications | Запросить решение и КП | Обзор | Технические характеристики | Запросить решение и КП,.next/server/app/ru/accessories/fc-u12.html
/ru/accessories/fc-u8013,ru,accessory_detail,strong,100,Двигатель БПЛА FC-U8013,full_inventory,1700,0,1,5,22,22,0,192,190,Organization | ContactPoint | WebSite | Product | BreadcrumbList | ListItem,82,70,25,25,15,25,90,66,P2 建议增强,有效正文段落偏少,增加 3-6 个有信息量的段落，避免只靠卡片、导航和短摘要支撑页面,Двигатель БПЛА FC-U8013 | N-TET Drone Accessories,Двигатель БПЛА FC-U8013,Двигатель БПЛА FC-U8013 Technical Specifications | Запросить решение и КП | Обзор | Технические характеристики | Запросить решение и КП,.next/server/app/ru/accessories/fc-u8013.html
/ru/accessories/fc-u9-ag,ru,accessory_detail,strong,85,Аграрный полетный контроллер FC-U9-AG,full_inventory,1363,2,1,5,20,22,0,192,190,Organization | ContactPoint | WebSite | Product | BreadcrumbList | ListItem,91,90,25,25,15,25,90,75,P3 保持监测,有效正文段落偏少,增加 3-6 个有信息量的段落，避免只靠卡片、导航和短摘要支撑页面,Аграрный полетный контроллер FC-U9-AG | N-TET Drone Accessories,Аграрный полетный контроллер FC-U9-AG,Аграрный полетный контроллер FC-U9-AG Technical Specifications | Запросить решение и КП | Обзор | Технические характеристики | Запросить решение и КП,.next/server/app/ru/accessories/fc-u9-ag.html
/ru/accessories/fc-w2u-propeller,ru,accessory_detail,strong,85,Пропеллер БПЛА FC-W2U,full_inventory,1388,0,1,5,21,22,0,192,190,Organization | ContactPoint | WebSite | Product | BreadcrumbList | ListItem,82,70,25,25,15,25,90,66,P2 建议增强,有效正文段落偏少,增加 3-6 个有信息量的段落，避免只靠卡片、导航和短摘要支撑页面,Пропеллер БПЛА FC-W2U | N-TET Drone Accessories,Пропеллер БПЛА FC-W2U,Пропеллер БПЛА FC-W2U Technical Specifications | Запросить решение и КП | Обзор | Технические характеристики | Запросить решение и КП,.next/server/app/ru/accessories/fc-w2u-propeller.html
/ru/accessories/fc-x8030,ru,accessory_detail,strong,100,Двигатель БПЛА FC-X8030,full_inventory,4264,0,1,5,23,22,0,192,190,Organization | ContactPoint | WebSite | Product | BreadcrumbList | ListItem,82,70,25,25,15,25,90,66,P2 建议增强,有效正文段落偏少,增加 3-6 个有信息量的段落，避免只靠卡片、导航和短摘要支撑页面,Двигатель БПЛА FC-X8030 | N-TET Drone Accessories,Двигатель БПЛА FC-X8030,Двигатель БПЛА FC-X8030 Technical Specifications | Запросить решение и КП | Обзор | Технические характеристики | Запросить решение и КП,.next/server/app/ru/accessories/fc-x8030.html
/ru/accessories/fc-xh14,ru,accessory_detail,strong,100,Двигатель БПЛА FC-XH14,full_inventory,2412,0,1,5,23,22,0,192,190,Organization | ContactPoint | WebSite | Product | BreadcrumbList | ListItem,82,70,25,25,15,25,90,66,P2 建议增强,有效正文段落偏少,增加 3-6 个有信息量的段落，避免只靠卡片、导航和短摘要支撑页面,Двигатель БПЛА FC-XH14 | N-TET Drone Accessories,Двигатель БПЛА FC-XH14,Двигатель БПЛА FC-XH14 Technical Specifications | Запросить решение и КП | Обзор | Технические характеристики | Запросить решение и КП,.next/server/app/ru/accessories/fc-xh14.html
/ru/accessories/fc-yk15-remote-controller,ru,accessory_detail,strong,85,Пульт управления БПЛА FC-YK15,full_inventory,1539,2,1,5,24,22,0,192,190,Organization | ContactPoint | WebSite | Product | BreadcrumbList | ListItem,91,90,25,25,15,25,90,75,P3 保持监测,有效正文段落偏少,增加 3-6 个有信息量的段落，避免只靠卡片、导航和短摘要支撑页面,Пульт управления БПЛА FC-YK15 | N-TET Drone Accessories,Пульт управления БПЛА FC-YK15,Пульт управления БПЛА FC-YK15 Technical Specifications | Запросить решение и КП | Обзор | Технические характеристики | Запросить решение и КП,.next/server/app/ru/accessories/fc-yk15-remote-controller.html
/ru/accessories/fc-yk24-remote-controller,ru,accessory_detail,strong,85,Пульт управления БПЛА FC-YK24,full_inventory,1729,2,1,5,24,22,0,192,190,Organization | ContactPoint | WebSite | Product | BreadcrumbList | ListItem,91,90,25,25,15,25,90,75,P3 保持监测,有效正文段落偏少,增加 3-6 个有信息量的段落，避免只靠卡片、导航和短摘要支撑页面,Пульт управления БПЛА FC-YK24 | N-TET Drone Accessories,Пульт управления БПЛА FC-YK24,Пульт управления БПЛА FC-YK24 Technical Specifications | Запросить решение и КП | Обзор | Технические характеристики | Запросить решение и КП,.next/server/app/ru/accessories/fc-yk24-remote-controller.html
/ru/accessories/fc-yk32-remote-controller,ru,accessory_detail,strong,85,Пульт управления БПЛА FC-YK32,full_inventory,1539,2,1,5,24,22,0,192,190,Organization | ContactPoint | WebSite | Product | BreadcrumbList | ListItem,91,90,25,25,15,25,90,75,P3 保持监测,有效正文段落偏少,增加 3-6 个有信息量的段落，避免只靠卡片、导航和短摘要支撑页面,Пульт управления БПЛА FC-YK32 | N-TET Drone Accessories,Пульт управления БПЛА FC-YK32,Пульт управления БПЛА FC-YK32 Technical Specifications | Запросить решение и КП | Обзор | Технические характеристики | Запросить решение и КП,.next/server/app/ru/accessories/fc-yk32-remote-controller.html
/ru/accessories/fc-ykrc7-remote-controller,ru,accessory_detail,strong,85,Пульт управления БПЛА FC-YKRC7,full_inventory,1965,2,1,5,24,22,0,192,190,Organization | ContactPoint | WebSite | Product | BreadcrumbList | ListItem,91,90,25,25,15,25,90,75,P3 保持监测,有效正文段落偏少,增加 3-6 个有信息量的段落，避免只靠卡片、导航和短摘要支撑页面,Пульт управления БПЛА FC-YKRC7 | N-TET Drone Accessories,Пульт управления БПЛА FC-YKRC7,Пульт управления БПЛА FC-YKRC7 Technical Specifications | Запросить решение и КП | Обзор | Технические характеристики | Запросить решение и КП,.next/server/app/ru/accessories/fc-ykrc7-remote-controller.html
/ru/cases,ru,case_list,strong,100,кейсы БПЛА,full_inventory,1162,1,1,3,35,38,0,205,203,Organization | ContactPoint | WebSite,87,75,20,12,15,21,68,39,P1 需要补内容,有效正文段落偏少,增加 3-6 个有信息量的段落，避免只靠卡片、导航和短摘要支撑页面,Кейсы БПЛА для инспекции и мониторинга | N-TET,Кейсы БПЛА для инспекции и мониторинга,Кейсы БПЛА по регионам и сценариям | Запросить решение и КП | Запросить решение и КП,.next/server/app/ru/cases.html
/ru/cases/anhui-flood-season-uav-patrol,ru,case_detail,strong,100,Аварийный паводковый патруль БПЛА в Аньхое,full_inventory,1223,2,1,6,22,26,0,196,194,Organization | ContactPoint | WebSite | Article | BreadcrumbList | ListItem,91,90,20,17,20,25,82,61,P2 建议增强,有效正文段落偏少; 文章/案例缺少明显日期信号,增加 3-6 个有信息量的段落，避免只靠卡片、导航和短摘要支撑页面; 补充发布日期或最后更新时间，提升可信度与 freshness,Аварийный паводковый патруль БПЛА в Аньхое | N-TET,Аварийный паводковый патруль БПЛА в Аньхое,Аварийный паводковый патруль БПЛА в Аньхое Project Overview | Связанное оборудование | Запросить решение и КП | Обзор | Связанное оборудование | Запросить решение и КП,.next/server/app/ru/cases/anhui-flood-season-uav-patrol.html
/ru/cases/brazil-refinery-low-altitude-monitoring,ru,case_detail,strong,85,Проект защиты нефтеперерабатывающего завода в Бразилии от БПЛА,full_inventory,1237,2,1,6,26,30,0,200,198,Organization | ContactPoint | WebSite | Article | BreadcrumbList | ListItem,91,90,20,17,20,25,82,61,P2 建议增强,有效正文段落偏少; 文章/案例缺少明显日期信号,增加 3-6 个有信息量的段落，避免只靠卡片、导航和短摘要支撑页面; 补充发布日期或最后更新时间，提升可信度与 freshness,Проект защиты нефтеперерабатывающего завода в Бразилии от БПЛА | N-TET,Проект защиты нефтеперерабатывающего завода в Бразилии от БПЛА,Проект защиты нефтеперерабатывающего завода в Бразилии от БПЛА Project Overview | Связанное оборудование | Запросить решение и КП | Обзор | Связанное оборудование | Запросить решение и КП,.next/server/app/ru/cases/brazil-refinery-low-altitude-monitoring.html
/ru/cases/ice-snow-emergency-uav-inspection,ru,case_detail,strong,100,Аварийная инспекция БПЛА при снеголедовых бедствиях,full_inventory,1329,2,1,6,22,26,0,196,194,Organization | ContactPoint | WebSite | Article | BreadcrumbList | ListItem,91,90,25,17,20,25,87,75,P3 保持监测,有效正文段落偏少; 文章/案例缺少明显日期信号,增加 3-6 个有信息量的段落，避免只靠卡片、导航和短摘要支撑页面; 补充发布日期或最后更新时间，提升可信度与 freshness,Аварийная инспекция БПЛА при снеголедовых бедствиях | N-TET,Аварийная инспекция БПЛА при снеголедовых бедствиях,Аварийная инспекция БПЛА при снеголедовых бедствиях Project Overview | Связанное оборудование | Запросить решение и КП | Обзор | Связанное оборудование | Запросить решение и КП,.next/server/app/ru/cases/ice-snow-emergency-uav-inspection.html
/ru/cases/lidar-tree-obstruction-uav-inspection,ru,case_detail,strong,100,Инспекция древесных помех с LiDAR-БПЛА,full_inventory,1216,2,1,6,22,30,0,196,194,Organization | ContactPoint | WebSite | Article | BreadcrumbList | ListItem,91,90,20,17,20,25,82,61,P2 建议增强,有效正文段落偏少; 文章/案例缺少明显日期信号,增加 3-6 个有信息量的段落，避免只靠卡片、导航和短摘要支撑页面; 补充发布日期或最后更新时间，提升可信度与 freshness,Инспекция древесных помех с LiDAR-БПЛА | N-TET,Инспекция древесных помех с LiDAR-БПЛА,Инспекция древесных помех с LiDAR-БПЛА Project Overview | Связанное оборудование | Запросить решение и КП | Обзор | Связанное оборудование | Запросить решение и КП,.next/server/app/ru/cases/lidar-tree-obstruction-uav-inspection.html
/ru/cases/nigeria-factory-low-altitude-monitoring,ru,case_detail,strong,85,Защита промышленного комплекса в Нигерии от БПЛА,full_inventory,1216,2,1,6,26,30,0,200,198,Organization | ContactPoint | WebSite | Article | BreadcrumbList | ListItem,91,90,20,17,20,25,82,61,P2 建议增强,有效正文段落偏少; 文章/案例缺少明显日期信号,增加 3-6 个有信息量的段落，避免只靠卡片、导航和短摘要支撑页面; 补充发布日期或最后更新时间，提升可信度与 freshness,Защита промышленного комплекса в Нигерии от БПЛА | N-TET,Защита промышленного комплекса в Нигерии от БПЛА,Защита промышленного комплекса в Нигерии от БПЛА Project Overview | Связанное оборудование | Запросить решение и КП | Обзор | Связанное оборудование | Запросить решение и КП,.next/server/app/ru/cases/nigeria-factory-low-altitude-monitoring.html
/ru/cases/pakistan-power-plant-low-altitude-monitoring,ru,case_detail,strong,85,Проект защиты электростанции в Пакистане от БПЛА,full_inventory,1248,2,1,6,26,30,0,200,198,Organization | ContactPoint | WebSite | Article | BreadcrumbList | ListItem,91,90,20,17,20,25,82,61,P2 建议增强,有效正文段落偏少; 文章/案例缺少明显日期信号,增加 3-6 个有信息量的段落，避免只靠卡片、导航和短摘要支撑页面; 补充发布日期或最后更新时间，提升可信度与 freshness,Проект защиты электростанции в Пакистане от БПЛА | N-TET,Проект защиты электростанции в Пакистане от БПЛА,Проект защиты электростанции в Пакистане от БПЛА Project Overview | Связанное оборудование | Запросить решение и КП | Обзор | Связанное оборудование | Запросить решение и КП,.next/server/app/ru/cases/pakistan-power-plant-low-altitude-monitoring.html
/ru/cases/southern-grid-wildfire-uav-inspection,ru,case_detail,strong,100,Пожарно-профилактическая инспекция Southern Grid с БПЛА,full_inventory,1277,2,1,6,22,26,0,196,194,Organization | ContactPoint | WebSite | Article | BreadcrumbList | ListItem,91,90,25,17,20,25,87,75,P3 保持监测,有效正文段落偏少; 文章/案例缺少明显日期信号,增加 3-6 个有信息量的段落，避免只靠卡片、导航和短摘要支撑页面; 补充发布日期或最后更新时间，提升可信度与 freshness,Пожарно-профилактическая инспекция Southern Grid с БПЛА | N-TET,Пожарно-профилактическая инспекция Southern Grid с БПЛА,Пожарно-профилактическая инспекция Southern Grid с БПЛА Project Overview | Связанное оборудование | Запросить решение и КП | Обзор | Связанное оборудование | Запросить решение и КП,.next/server/app/ru/cases/southern-grid-wildfire-uav-inspection.html
/ru/cases/wildfire-emergency-transmission-line-uav-patrol,ru,case_detail,strong,100,Аварийный пожарный патруль ЛЭП с БПЛА,full_inventory,1333,4,1,6,22,26,0,196,194,Organization | ContactPoint | WebSite | Article | BreadcrumbList | ListItem,100,100,20,17,20,25,82,70,P2 建议增强,文章/案例缺少明显日期信号,补充发布日期或最后更新时间，提升可信度与 freshness,Аварийный пожарный патруль ЛЭП с БПЛА | N-TET,Аварийный пожарный патруль ЛЭП с БПЛА,Аварийный пожарный патруль ЛЭП с БПЛА Project Overview | Связанное оборудование | Запросить решение и КП | Обзор | Связанное оборудование | Запросить решение и КП,.next/server/app/ru/cases/wildfire-emergency-transmission-line-uav-patrol.html
/ru/cases/zhaoqing-long-distance-power-line-uav-inspection,ru,case_detail,strong,100,Дальняя инспекция ЛЭП с БПЛА в Чжаоцине,full_inventory,1318,2,1,6,22,34,0,196,194,Organization | ContactPoint | WebSite | Article | BreadcrumbList | ListItem,91,90,25,17,20,25,87,75,P3 保持监测,有效正文段落偏少; 文章/案例缺少明显日期信号,增加 3-6 个有信息量的段落，避免只靠卡片、导航和短摘要支撑页面; 补充发布日期或最后更新时间，提升可信度与 freshness,Дальняя инспекция ЛЭП с БПЛА в Чжаоцине | N-TET,Дальняя инспекция ЛЭП с БПЛА в Чжаоцине,Дальняя инспекция ЛЭП с БПЛА в Чжаоцине Project Overview | Связанное оборудование | Запросить решение и КП | Обзор | Связанное оборудование | Запросить решение и КП,.next/server/app/ru/cases/zhaoqing-long-distance-power-line-uav-inspection.html
/ru/contact,ru,contact,strong,100,запрос цены на промышленный БПЛА,full_inventory,1083,1,1,3,20,20,0,189,187,Organization | ContactPoint | WebSite,87,75,20,12,15,21,68,39,P1 需要补内容,有效正文段落偏少,增加 3-6 个有信息量的段落，避免只靠卡片、导航和短摘要支撑页面,Запрос цены на промышленный БПЛА | N-TET,Запрос цены на промышленный БПЛА,Запрос цены на промышленный БПЛА и консультация | Запросить решение и КП | Запросить решение и КП,.next/server/app/ru/contact.html
/ru/media,ru,media_list,strong,100,новости промышленных БПЛА,full_inventory,1157,1,1,4,26,29,0,196,194,Organization | ContactPoint | WebSite,87,75,20,12,15,21,68,39,P1 需要补内容,有效正文段落偏少,增加 3-6 个有信息量的段落，避免只靠卡片、导航和短摘要支撑页面,Новости промышленных БПЛА | N-TET,Новости промышленных БПЛА,Новости промышленных БПЛА и низковысотной экономики | Последнее | Запросить решение и КП | Запросить решение и КП,.next/server/app/ru/media.html
/ru/media/border-surveillance-uav-network-2026,ru,media_article,partial,70,Сети БПЛА и EO/IR улучшают обзорность удаленного патрулирования,partial_keyword_page,1252,8,1,4,20,23,0,192,190,Organization | ContactPoint | WebSite | Article | BreadcrumbList | ListItem,93,95,20,25,20,25,90,78,P3 保持监测,缺少页面类型应有证据：hasStats; 媒体文章缺少作者/编辑责任信号,按页面类型补齐证据模块，而不是继续堆关键词; 增加作者、编辑或 N-TET 技术团队署名及审核说明,Сети БПЛА и EO/IR улучшают обзорность удаленного патрулирования | N-TET,Сети БПЛА и EO/IR улучшают обзорность удаленного патрулирования,Редакционная проверка и проектные сигналы | Запросить решение и КП | Редакционная проверка и проектные сигналы | Запросить решение и КП,.next/server/app/ru/media/border-surveillance-uav-network-2026.html
/ru/media/industrial-uav-redundancy-2026,ru,media_article,partial,70,Двойное резервирование управления полетом: как промышленные БПЛА достигают надежности миссионного уровня,partial_keyword_page,1294,8,1,4,20,23,0,192,190,Organization | ContactPoint | WebSite | Article | BreadcrumbList | ListItem,93,95,20,17,20,25,82,78,P3 保持监测,缺少页面类型应有证据：hasStats; 媒体文章缺少作者/编辑责任信号,按页面类型补齐证据模块，而不是继续堆关键词; 增加作者、编辑或 N-TET 技术团队署名及审核说明,Двойное резервирование управления полетом: как промышленные БПЛА достигают надежности миссионного уровня | N-TET,Двойное резервирование управления полетом: как промышленные БПЛА достигают надежности миссионного уровня,Редакционная проверка и проектные сигналы | Запросить решение и КП | Редакционная проверка и проектные сигналы | Запросить решение и КП,.next/server/app/ru/media/industrial-uav-redundancy-2026.html
/ru/media/low-altitude-economy-2026-outlook,ru,media_article,partial,70,Экономика малых высот Китая: прогноз на 2026 год с оборотом в 2 трлн юаней,partial_keyword_page,1298,8,1,4,20,23,0,192,190,Organization | ContactPoint | WebSite | Article | BreadcrumbList | ListItem,93,95,20,17,20,25,82,78,P3 保持监测,缺少页面类型应有证据：hasStats; 媒体文章缺少作者/编辑责任信号,按页面类型补齐证据模块，而不是继续堆关键词; 增加作者、编辑或 N-TET 技术团队署名及审核说明,Экономика малых высот Китая: прогноз на 2026 год с оборотом в 2 трлн юаней | N-TET,Экономика малых высот Китая: прогноз на 2026 год с оборотом в 2 трлн юаней,Редакционная проверка и проектные сигналы | Запросить решение и КП | Редакционная проверка и проектные сигналы | Запросить решение и КП,.next/server/app/ru/media/low-altitude-economy-2026-outlook.html
/ru/media/tethered-uav-persistent-surveillance-2026,ru,media_article,partial,70,Привязные БПЛА: непрерывное воздушное наблюдение для мероприятий и удаленных объектов,partial_keyword_page,1300,8,1,4,20,23,0,192,190,Organization | ContactPoint | WebSite | Article | BreadcrumbList | ListItem,93,95,20,25,20,25,90,78,P3 保持监测,缺少页面类型应有证据：hasStats; 媒体文章缺少作者/编辑责任信号,按页面类型补齐证据模块，而不是继续堆关键词; 增加作者、编辑或 N-TET 技术团队署名及审核说明,Привязные БПЛА: непрерывное воздушное наблюдение для мероприятий и удаленных объектов | N-TET,Привязные БПЛА: непрерывное воздушное наблюдение для мероприятий и удаленных объектов,Редакционная проверка и проектные сигналы | Запросить решение и КП | Редакционная проверка и проектные сигналы | Запросить решение и КП,.next/server/app/ru/media/tethered-uav-persistent-surveillance-2026.html
/ru/products,ru,product_list,strong,100,промышленные БПЛА,full_inventory,1289,8,1,4,46,41,0,207,205,Organization | ContactPoint | WebSite,100,100,25,20,15,21,81,74,P2 建议增强,,,Промышленные БПЛА и оборудование мониторинга | N-TET,Промышленные БПЛА и оборудование мониторинга,"промышленные БПЛА, оборудование мониторинга и соответствие проекту | БПЛА и беспилотные системы | FAQ по выбору продуктов | Запросить решение и КП",.next/server/app/ru/products.html
/ru/products/bailey-bridge,ru,product_detail,strong,100,Стальной модульный мост Бейли,full_inventory,1449,0,1,5,18,22,0,192,190,Organization | ContactPoint | WebSite | Product | BreadcrumbList | ListItem,82,70,20,25,15,25,85,52,P1 需要补内容,有效正文段落偏少; 缺少 FAQ / 采购问题解答模块,增加 3-6 个有信息量的段落，避免只靠卡片、导航和短摘要支撑页面; 增加 3-5 个真实采购/部署问题，提升长尾覆盖和 AI 引用可读性,Стальной модульный мост Бейли | N-TET,Стальной модульный мост Бейли,Стальной модульный мост Бейли Technical Specifications | Запросить решение и КП | Обзор | Технические характеристики | Запросить решение и КП,.next/server/app/ru/products/bailey-bridge.html
/ru/products/composite-electro-optical-tracking-system,ru,product_detail,strong,100,Оптико-электронная система обнаружения и слежения ОЭС,full_inventory,1577,0,1,5,18,22,0,192,190,Organization | ContactPoint | WebSite | Product | BreadcrumbList | ListItem,82,70,20,25,15,25,85,52,P1 需要补内容,有效正文段落偏少; 缺少 FAQ / 采购问题解答模块,增加 3-6 个有信息量的段落，避免只靠卡片、导航和短摘要支撑页面; 增加 3-5 个真实采购/部署问题，提升长尾覆盖和 AI 引用可读性,Оптико-электронная система обнаружения и слежения (ОЭС) | N-TET,Оптико-электронная система обнаружения и слежения ОЭС,Оптико-электронная система обнаружения и слежения ОЭС Technical Specifications | Запросить решение и КП | Обзор | Технические характеристики | Запросить решение и КП,.next/server/app/ru/products/composite-electro-optical-tracking-system.html
/ru/products/containerized-medical-rescue-system,ru,product_detail,strong,100,Контейнерная система медицинской помощи,full_inventory,1379,0,1,5,18,22,0,192,190,Organization | ContactPoint | WebSite | Product | BreadcrumbList | ListItem,82,70,20,25,15,25,85,52,P1 需要补内容,有效正文段落偏少; 缺少 FAQ / 采购问题解答模块,增加 3-6 个有信息量的段落，避免只靠卡片、导航和短摘要支撑页面; 增加 3-5 个真实采购/部署问题，提升长尾覆盖和 AI 引用可读性,Контейнерная система медицинской помощи | N-TET,Контейнерная система медицинской помощи,Контейнерная система медицинской помощи Technical Specifications | Запросить решение и КП | Обзор | Технические характеристики | Запросить решение и КП,.next/server/app/ru/products/containerized-medical-rescue-system.html
/ru/products/emergency-search-rescue-drone,ru,product_detail,strong,100,thermal drones for search and rescue,full_inventory,1747,4,1,5,22,24,0,192,190,Organization | ContactPoint | WebSite | Product | BreadcrumbList | ListItem,100,100,25,25,15,25,90,84,P3 保持监测,缺少 FAQ / 采购问题解答模块,增加 3-5 个真实采购/部署问题，提升长尾覆盖和 AI 引用可读性,БПЛА для аварийного поиска и спасения | N-TET,БПЛА для аварийного поиска и спасения,БПЛА для аварийного поиска и спасения Technical Specifications | Запросить решение и КП | Обзор | Технические характеристики | Запросить решение и КП,.next/server/app/ru/products/emergency-search-rescue-drone.html
/ru/products/fbg-g15-fc06-explosion-containment-vessel,ru,product_detail,strong,100,Взрывозащитный контейнер FBG-G1.5-FC06,full_inventory,1507,0,1,5,18,22,0,192,190,Organization | ContactPoint | WebSite | Product | BreadcrumbList | ListItem,82,70,20,25,15,25,85,52,P1 需要补内容,有效正文段落偏少; 缺少 FAQ / 采购问题解答模块,增加 3-6 个有信息量的段落，避免只靠卡片、导航和短摘要支撑页面; 增加 3-5 个真实采购/部署问题，提升长尾覆盖和 AI 引用可读性,Взрывозащитный контейнер FBG-G1.5-FC06 | N-TET,Взрывозащитный контейнер FBG-G1.5-FC06,Взрывозащитный контейнер FBG-G1.5-FC06 Technical Specifications | Запросить решение и КП | Обзор | Технические характеристики | Запросить решение и КП,.next/server/app/ru/products/fbg-g15-fc06-explosion-containment-vessel.html
/ru/products/fbt-fc09-explosion-protection-blanket,ru,product_detail,strong,100,Взрывозащитное одеяло FBT-FC09,full_inventory,1458,0,1,5,18,22,0,192,190,Organization | ContactPoint | WebSite | Product | BreadcrumbList | ListItem,82,70,20,25,15,25,85,52,P1 需要补内容,有效正文段落偏少; 缺少 FAQ / 采购问题解答模块,增加 3-6 个有信息量的段落，避免只靠卡片、导航和短摘要支撑页面; 增加 3-5 个真实采购/部署问题，提升长尾覆盖和 AI 引用可读性,Взрывозащитное одеяло FBT-FC09 | N-TET,Взрывозащитное одеяло FBT-FC09,Взрывозащитное одеяло FBT-FC09 Technical Specifications | Запросить решение и КП | Обзор | Технические характеристики | Запросить решение и КП,.next/server/app/ru/products/fbt-fc09-explosion-protection-blanket.html
/ru/products/fc-3000-ferromagnetic-detection-column,ru,product_detail,strong,100,Интеллектуальная система ферромагнитного детектирования FC-3000,full_inventory,1474,0,1,5,18,22,0,192,190,Organization | ContactPoint | WebSite | Product | BreadcrumbList | ListItem,82,70,25,25,15,25,90,66,P2 建议增强,有效正文段落偏少; 缺少 FAQ / 采购问题解答模块,增加 3-6 个有信息量的段落，避免只靠卡片、导航和短摘要支撑页面; 增加 3-5 个真实采购/部署问题，提升长尾覆盖和 AI 引用可读性,Интеллектуальная система ферромагнитного детектирования FC-3000 | N-TET,Интеллектуальная система ферромагнитного детектирования FC-3000,Интеллектуальная система ферромагнитного детектирования FC-3000 Technical Specifications | Запросить решение и КП | Обзор | Технические характеристики | Запросить решение и КП,.next/server/app/ru/products/fc-3000-ferromagnetic-detection-column.html
/ru/products/fc-c-deluxe-walk-through-metal-detector,ru,product_detail,strong,100,Арочный металлодетектор FC-C Делюкс,full_inventory,1531,0,1,5,18,22,0,192,190,Organization | ContactPoint | WebSite | Product | BreadcrumbList | ListItem,82,70,25,25,15,25,90,66,P2 建议增强,有效正文段落偏少; 缺少 FAQ / 采购问题解答模块,增加 3-6 个有信息量的段落，避免只靠卡片、导航和短摘要支撑页面; 增加 3-5 个真实采购/部署问题，提升长尾覆盖和 AI 引用可读性,Арочный металлодетектор FC-C (Делюкс) | N-TET,Арочный металлодетектор FC-C Делюкс,Арочный металлодетектор FC-C Делюкс Technical Specifications | Запросить решение и КП | Обзор | Технические характеристики | Запросить решение и КП,.next/server/app/ru/products/fc-c-deluxe-walk-through-metal-detector.html
/ru/products/fc-c-lcd-walk-through-metal-detector,ru,product_detail,strong,100,Арочный металлодетектор FC-C ЖК-экран,full_inventory,1535,0,1,5,18,22,0,192,190,Organization | ContactPoint | WebSite | Product | BreadcrumbList | ListItem,82,70,20,25,15,25,85,52,P1 需要补内容,有效正文段落偏少; 缺少 FAQ / 采购问题解答模块,增加 3-6 个有信息量的段落，避免只靠卡片、导航和短摘要支撑页面; 增加 3-5 个真实采购/部署问题，提升长尾覆盖和 AI 引用可读性,"Арочный металлодетектор FC-C (ЖК-экран, 12 зон) | N-TET","Арочный металлодетектор FC-C ЖК-экран, 12 зон","Арочный металлодетектор FC-C ЖК-экран, 12 зон Technical Specifications | Запросить решение и КП | Обзор | Технические характеристики | Запросить решение и КП",.next/server/app/ru/products/fc-c-lcd-walk-through-metal-detector.html
/ru/products/fc-dlxj-01-power-grid-inspection-drone,ru,product_detail,strong,85,drone power line inspection,full_inventory,1421,0,1,5,18,22,0,192,190,Organization | ContactPoint | WebSite | Product | BreadcrumbList | ListItem,82,70,25,25,15,25,90,66,P2 建议增强,有效正文段落偏少; 缺少 FAQ / 采购问题解答模块,增加 3-6 个有信息量的段落，避免只靠卡片、导航和短摘要支撑页面; 增加 3-5 个真实采购/部署问题，提升长尾覆盖和 AI 引用可读性,БПЛА для инспекции электросетей FC-DLXJ-01 (VTOL) | N-TET,БПЛА для инспекции электросетей FC-DLXJ-01 VTOL,БПЛА для инспекции электросетей FC-DLXJ-01 VTOL Technical Specifications | Запросить решение и КП | Обзор | Технические характеристики | Запросить решение и КП,.next/server/app/ru/products/fc-dlxj-01-power-grid-inspection-drone.html
/ru/products/fc-dma-long-range-optical-turntable,ru,product_detail,strong,100,Мультиспектральная оптико-электронная поворотная платформа FC-DMA,full_inventory,2202,0,1,5,18,22,0,192,190,Organization | ContactPoint | WebSite | Product | BreadcrumbList | ListItem,82,70,25,25,15,25,90,66,P2 建议增强,有效正文段落偏少; 缺少 FAQ / 采购问题解答模块,增加 3-6 个有信息量的段落，避免只靠卡片、导航和短摘要支撑页面; 增加 3-5 个真实采购/部署问题，提升长尾覆盖和 AI 引用可读性,Мультиспектральная оптико-электронная поворотная платформа FC-DMA | N-TET,Мультиспектральная оптико-электронная поворотная платформа FC-DMA,Мультиспектральная оптико-электронная поворотная платформа FC-DMA Technical Specifications | Запросить решение и КП | Обзор | Технические характеристики | Запросить решение и КП,.next/server/app/ru/products/fc-dma-long-range-optical-turntable.html
/ru/products/fc-dms10-smart-electronic-sentinel,ru,product_detail,strong,100,Интеллектуальный электронный часовой серии FC-DMS10,full_inventory,1758,0,1,5,18,22,0,192,190,Organization | ContactPoint | WebSite | Product | BreadcrumbList | ListItem,82,70,25,25,15,25,90,66,P2 建议增强,有效正文段落偏少; 缺少 FAQ / 采购问题解答模块,增加 3-6 个有信息量的段落，避免只靠卡片、导航和短摘要支撑页面; 增加 3-5 个真实采购/部署问题，提升长尾覆盖和 AI 引用可读性,Интеллектуальный электронный часовой серии FC-DMS10 | N-TET,Интеллектуальный электронный часовой серии FC-DMS10,Интеллектуальный электронный часовой серии FC-DMS10 Technical Specifications | Запросить решение и КП | Обзор | Технические характеристики | Запросить решение и КП,.next/server/app/ru/products/fc-dms10-smart-electronic-sentinel.html
/ru/products/fc-dtvc-dual-band-thermal-ptz,ru,product_detail,strong,100,Двухспектральная тепловизионная скоростная купольная камера FC-DTVC,full_inventory,1941,0,1,5,18,22,0,192,190,Organization | ContactPoint | WebSite | Product | BreadcrumbList | ListItem,82,70,25,25,15,25,90,66,P2 建议增强,有效正文段落偏少; 缺少 FAQ / 采购问题解答模块,增加 3-6 个有信息量的段落，避免只靠卡片、导航和短摘要支撑页面; 增加 3-5 个真实采购/部署问题，提升长尾覆盖和 AI 引用可读性,Двухспектральная тепловизионная скоростная купольная камера FC-DTVC | N-TET,Двухспектральная тепловизионная скоростная купольная камера FC-DTVC,Двухспектральная тепловизионная скоростная купольная камера FC-DTVC Technical Specifications | Запросить решение и КП | Обзор | Технические характеристики | Запросить решение и КП,.next/server/app/ru/products/fc-dtvc-dual-band-thermal-ptz.html
/ru/products/fc-h-smart-phone-detection-gate,ru,product_detail,strong,100,Интеллектуальная рамка обнаружения смартфонов FC-H,full_inventory,2050,0,1,5,18,22,0,192,190,Organization | ContactPoint | WebSite | Product | BreadcrumbList | ListItem,82,70,25,25,15,25,90,66,P2 建议增强,有效正文段落偏少; 缺少 FAQ / 采购问题解答模块,增加 3-6 个有信息量的段落，避免只靠卡片、导航和短摘要支撑页面; 增加 3-5 个真实采购/部署问题，提升长尾覆盖和 AI 引用可读性,Интеллектуальная рамка обнаружения смартфонов FC-H | N-TET,Интеллектуальная рамка обнаружения смартфонов FC-H,Интеллектуальная рамка обнаружения смартфонов FC-H Technical Specifications | Запросить решение и КП | Обзор | Технические характеристики | Запросить решение и КП,.next/server/app/ru/products/fc-h-smart-phone-detection-gate.html
/ru/products/fc-h-smart-phone-detection-gate-29in,ru,product_detail,strong,100,Интеллектуальная рамка для обнаружения мобильных телефонов FC-H 29 дюймов,full_inventory,1566,0,1,5,18,22,0,192,190,Organization | ContactPoint | WebSite | Product | BreadcrumbList | ListItem,82,70,20,25,15,25,85,52,P1 需要补内容,有效正文段落偏少; 缺少 FAQ / 采购问题解答模块,增加 3-6 个有信息量的段落，避免只靠卡片、导航和短摘要支撑页面; 增加 3-5 个真实采购/部署问题，提升长尾覆盖和 AI 引用可读性,Интеллектуальная рамка для обнаружения мобильных телефонов FC-H (29 дюймов) | N-TET,Интеллектуальная рамка для обнаружения мобильных телефонов FC-H 29 дюймов,Интеллектуальная рамка для обнаружения мобильных телефонов FC-H 29 дюймов Technical Specifications | Запросить решение и КП | Обзор | Технические характеристики | Запросить решение и КП,.next/server/app/ru/products/fc-h-smart-phone-detection-gate-29in.html
/ru/products/fc-pd500-personal-radiation-dose-alarm,ru,product_detail,strong,100,Индивидуальный сигнализатор дозы X-γ излучения FC-PD500,full_inventory,1627,0,1,5,18,22,0,192,190,Organization | ContactPoint | WebSite | Product | BreadcrumbList | ListItem,82,70,25,25,15,25,90,66,P2 建议增强,有效正文段落偏少; 缺少 FAQ / 采购问题解答模块,增加 3-6 个有信息量的段落，避免只靠卡片、导航和短摘要支撑页面; 增加 3-5 个真实采购/部署问题，提升长尾覆盖和 AI 引用可读性,Индивидуальный сигнализатор дозы X-γ излучения FC-PD500 | N-TET,Индивидуальный сигнализатор дозы X-γ излучения FC-PD500,Индивидуальный сигнализатор дозы X-γ излучения FC-PD500 Technical Specifications | Запросить решение и КП | Обзор | Технические характеристики | Запросить решение и КП,.next/server/app/ru/products/fc-pd500-personal-radiation-dose-alarm.html
/ru/products/fc-rc-series-hd-laser-camera,ru,product_detail,strong,100,Лазерная HD-камера дальнего действия серии FC-RC,full_inventory,1947,0,1,5,18,22,0,192,190,Organization | ContactPoint | WebSite | Product | BreadcrumbList | ListItem,82,70,25,25,15,25,90,66,P2 建议增强,有效正文段落偏少; 缺少 FAQ / 采购问题解答模块,增加 3-6 个有信息量的段落，避免只靠卡片、导航和短摘要支撑页面; 增加 3-5 个真实采购/部署问题，提升长尾覆盖和 AI 引用可读性,Лазерная HD-камера дальнего действия серии FC-RC | N-TET,Лазерная HD-камера дальнего действия серии FC-RC,Лазерная HD-камера дальнего действия серии FC-RC Technical Specifications | Запросить решение и КП | Обзор | Технические характеристики | Запросить решение и КП,.next/server/app/ru/products/fc-rc-series-hd-laser-camera.html
/ru/products/fc-rds500-4r-radar-vision-sentinel,ru,product_detail,strong,100,Интеллектуальная система Radar-Vision Fusion FC-RDS500-4R,full_inventory,2010,0,1,5,18,22,0,192,190,Organization | ContactPoint | WebSite | Product | BreadcrumbList | ListItem,82,70,25,25,15,25,90,66,P2 建议增强,有效正文段落偏少; 缺少 FAQ / 采购问题解答模块,增加 3-6 个有信息量的段落，避免只靠卡片、导航和短摘要支撑页面; 增加 3-5 个真实采购/部署问题，提升长尾覆盖和 AI 引用可读性,Интеллектуальная система Radar-Vision Fusion FC-RDS500-4R | N-TET,Интеллектуальная система Radar-Vision Fusion FC-RDS500-4R,Интеллектуальная система Radar-Vision Fusion FC-RDS500-4R Technical Specifications | Запросить решение и КП | Обзор | Технические характеристики | Запросить решение и КП,.next/server/app/ru/products/fc-rds500-4r-radar-vision-sentinel.html
/ru/products/fc-sljc-01-water-conservancy-monitoring-drone,ru,product_detail,strong,100,water conservancy monitoring UAV,full_inventory,1794,6,1,5,24,36,0,192,190,Organization | ContactPoint | WebSite | Product | BreadcrumbList | ListItem,100,100,25,25,15,25,90,84,P3 保持监测,缺少 FAQ / 采购问题解答模块,增加 3-5 个真实采购/部署问题，提升长尾覆盖和 AI 引用可读性,БПЛА для мониторинга водного хозяйства | N-TET,БПЛА для мониторинга водного хозяйства,БПЛА для мониторинга водного хозяйства Technical Specifications | Запросить решение и КП | Обзор | Технические характеристики | Запросить решение и КП,.next/server/app/ru/products/fc-sljc-01-water-conservancy-monitoring-drone.html
/ru/products/fc-smart-swing-turnstile,ru,product_detail,strong,100,Интеллектуальный турникет-калитку класса люкс,full_inventory,1581,0,1,5,18,22,0,192,190,Organization | ContactPoint | WebSite | Product | BreadcrumbList | ListItem,82,70,20,25,15,25,85,52,P1 需要补内容,有效正文段落偏少; 缺少 FAQ / 采购问题解答模块,增加 3-6 个有信息量的段落，避免只靠卡片、导航和短摘要支撑页面; 增加 3-5 个真实采购/部署问题，提升长尾覆盖和 AI 引用可读性,Интеллектуальный турникет-калитку класса люкс | N-TET,Интеллектуальный турникет-калитку класса люкс,Интеллектуальный турникет-калитку класса люкс Technical Specifications | Запросить решение и КП | Обзор | Технические характеристики | Запросить решение и КП,.next/server/app/ru/products/fc-smart-swing-turnstile.html
/ru/products/fc-ttvc-intelligent-multi-band-camera,ru,product_detail,strong,100,Интеллектуальная мультиспектральная камера серии FC-TTVC,full_inventory,1868,0,1,5,18,22,0,192,190,Organization | ContactPoint | WebSite | Product | BreadcrumbList | ListItem,82,70,25,25,15,25,90,66,P2 建议增强,有效正文段落偏少; 缺少 FAQ / 采购问题解答模块,增加 3-6 个有信息量的段落，避免只靠卡片、导航和短摘要支撑页面; 增加 3-5 个真实采购/部署问题，提升长尾覆盖和 AI 引用可读性,Интеллектуальная мультиспектральная камера серии FC-TTVC | N-TET,Интеллектуальная мультиспектральная камера серии FC-TTVC,Интеллектуальная мультиспектральная камера серии FC-TTVC Technical Specifications | Запросить решение и КП | Обзор | Технические характеристики | Запросить решение и КП,.next/server/app/ru/products/fc-ttvc-intelligent-multi-band-camera.html
/ru/products/fc-yjtx-01-emergency-communication-drone,ru,product_detail,strong,100,emergency communication UAV,full_inventory,2840,4,1,5,20,44,0,192,190,Organization | ContactPoint | WebSite | Product | BreadcrumbList | ListItem,100,100,25,25,15,25,90,84,P3 保持监测,缺少 FAQ / 采购问题解答模块,增加 3-5 个真实采购/部署问题，提升长尾覆盖和 AI 引用可读性,Привязной БПЛА для аварийной связи | N-TET,Привязной БПЛА для аварийной связи,Привязной БПЛА для аварийной связи Technical Specifications | Запросить решение и КП | Обзор | Технические характеристики | Запросить решение и КП,.next/server/app/ru/products/fc-yjtx-01-emergency-communication-drone.html
/ru/products/fc-yjxf-01-aerial-firefighting-drone,ru,product_detail,strong,100,firefighting drone,full_inventory,2901,8,1,5,20,46,0,192,190,Organization | ContactPoint | WebSite | Product | BreadcrumbList | ListItem,100,100,25,25,15,25,90,84,P3 保持监测,缺少 FAQ / 采购问题解答模块,增加 3-5 个真实采购/部署问题，提升长尾覆盖和 AI 引用可读性,Привязной БПЛА для тушения высотных пожаров | N-TET,Привязной БПЛА для тушения высотных пожаров,Привязной БПЛА для тушения высотных пожаров Technical Specifications | Запросить решение и КП | Обзор | Технические характеристики | Запросить решение и КП,.next/server/app/ru/products/fc-yjxf-01-aerial-firefighting-drone.html
/ru/products/fc-yjzc-01-emergency-reconnaissance-drone,ru,product_detail,strong,100,search and rescue drone,full_inventory,1432,0,1,5,18,22,0,192,190,Organization | ContactPoint | WebSite | Product | BreadcrumbList | ListItem,82,70,25,25,15,25,90,66,P2 建议增强,有效正文段落偏少; 缺少 FAQ / 采购问题解答模块,增加 3-6 个有信息量的段落，避免只靠卡片、导航和短摘要支撑页面; 增加 3-5 个真实采购/部署问题，提升长尾覆盖和 AI 引用可读性,БПЛА для экстренного реагирования и разведки FC-YJZC-01 | N-TET,БПЛА для экстренного реагирования и разведки FC-YJZC-01,БПЛА для экстренного реагирования и разведки FC-YJZC-01 Technical Specifications | Запросить решение и КП | Обзор | Технические характеристики | Запросить решение и КП,.next/server/app/ru/products/fc-yjzc-01-emergency-reconnaissance-drone.html
/ru/products/fc-yjzm-01-emergency-lighting-drone,ru,product_detail,strong,100,drone lighting,full_inventory,2473,4,1,5,20,42,0,192,190,Organization | ContactPoint | WebSite | Product | BreadcrumbList | ListItem,100,100,25,25,15,25,90,84,P3 保持监测,缺少 FAQ / 采购问题解答模块,增加 3-5 个真实采购/部署问题，提升长尾覆盖和 AI 引用可读性,Привязной БПЛА для освещения | N-TET,Привязной БПЛА для освещения,Привязной БПЛА для освещения Technical Specifications | Запросить решение и КП | Обзор | Технические характеристики | Запросить решение и КП,.next/server/app/ru/products/fc-yjzm-01-emergency-lighting-drone.html
/ru/products/fc-yqxj-01-utility-inspection-drone,ru,product_detail,strong,85,pipeline inspection drones,full_inventory,1433,0,1,5,18,22,0,192,190,Organization | ContactPoint | WebSite | Product | BreadcrumbList | ListItem,82,70,25,25,15,25,90,66,P2 建议增强,有效正文段落偏少; 缺少 FAQ / 采购问题解答模块,增加 3-6 个有信息量的段落，避免只靠卡片、导航和短摘要支撑页面; 增加 3-5 个真实采购/部署问题，提升长尾覆盖和 AI 引用可读性,БПЛА для инспекции нефтегазопроводов FC-YQXJ-01 (VTOL) | N-TET,БПЛА для инспекции нефтегазопроводов FC-YQXJ-01 VTOL,БПЛА для инспекции нефтегазопроводов FC-YQXJ-01 VTOL Technical Specifications | Запросить решение и КП | Обзор | Технические характеристики | Запросить решение и КП,.next/server/app/ru/products/fc-yqxj-01-utility-inspection-drone.html
/ru/products/fc1500-handheld-liquid-detector,ru,product_detail,strong,100,Портативный детектор опасных жидкостей FC1500,full_inventory,1506,0,1,5,18,22,0,192,190,Organization | ContactPoint | WebSite | Product | BreadcrumbList | ListItem,82,70,20,25,15,25,85,52,P1 需要补内容,有效正文段落偏少; 缺少 FAQ / 采购问题解答模块,增加 3-6 个有信息量的段落，避免只靠卡片、导航和短摘要支撑页面; 增加 3-5 个真实采购/部署问题，提升长尾覆盖和 AI 引用可读性,Портативный детектор опасных жидкостей FC1500 | N-TET,Портативный детектор опасных жидкостей FC1500,Портативный детектор опасных жидкостей FC1500 Technical Specifications | Запросить решение и КП | Обзор | Технические характеристики | Запросить решение и КП,.next/server/app/ru/products/fc1500-handheld-liquid-detector.html
/ru/products/fc1500b-desktop-liquid-security-inspector,ru,product_detail,strong,100,Настольный детектор опасных жидкостей FC1500B,full_inventory,1520,0,1,5,18,22,0,192,190,Organization | ContactPoint | WebSite | Product | BreadcrumbList | ListItem,82,70,20,25,15,25,85,52,P1 需要补内容,有效正文段落偏少; 缺少 FAQ / 采购问题解答模块,增加 3-6 个有信息量的段落，避免只靠卡片、导航和短摘要支撑页面; 增加 3-5 个真实采购/部署问题，提升长尾覆盖和 AI 引用可读性,Настольный детектор опасных жидкостей FC1500B | N-TET,Настольный детектор опасных жидкостей FC1500B,Настольный детектор опасных жидкостей FC1500B Technical Specifications | Запросить решение и КП | Обзор | Технические характеристики | Запросить решение и КП,.next/server/app/ru/products/fc1500b-desktop-liquid-security-inspector.html
/ru/products/fc1800b-portable-explosives-and-narcotics-detector,ru,product_detail,strong,100,Портативный детектор следов взрывчатых веществ и наркотиков FC1800B,full_inventory,1483,0,1,5,18,22,0,192,190,Organization | ContactPoint | WebSite | Product | BreadcrumbList | ListItem,82,70,20,25,15,25,85,52,P1 需要补内容,有效正文段落偏少; 缺少 FAQ / 采购问题解答模块,增加 3-6 个有信息量的段落，避免只靠卡片、导航和短摘要支撑页面; 增加 3-5 个真实采购/部署问题，提升长尾覆盖和 AI 引用可读性,Портативный детектор следов взрывчатых веществ и наркотиков FC1800B | N-TET,Портативный детектор следов взрывчатых веществ и наркотиков FC1800B,Портативный детектор следов взрывчатых веществ и наркотиков FC1800B Technical Specifications | Запросить решение и КП | Обзор | Технические характеристики | Запросить решение и КП,.next/server/app/ru/products/fc1800b-portable-explosives-and-narcotics-detector.html
/ru/products/fc1800t-desktop-explosives-narcotics-detector,ru,product_detail,strong,100,Настольный детектор следов взрывчатых веществ и наркотиков FC1800T,full_inventory,1493,0,1,5,18,22,0,192,190,Organization | ContactPoint | WebSite | Product | BreadcrumbList | ListItem,82,70,20,25,15,25,85,52,P1 需要补内容,有效正文段落偏少; 缺少 FAQ / 采购问题解答模块,增加 3-6 个有信息量的段落，避免只靠卡片、导航和短摘要支撑页面; 增加 3-5 个真实采购/部署问题，提升长尾覆盖和 AI 引用可读性,Настольный детектор следов взрывчатых веществ и наркотиков FC1800T | N-TET,Настольный детектор следов взрывчатых веществ и наркотиков FC1800T,Настольный детектор следов взрывчатых веществ и наркотиков FC1800T Technical Specifications | Запросить решение и КП | Обзор | Технические характеристики | Запросить решение и КП,.next/server/app/ru/products/fc1800t-desktop-explosives-narcotics-detector.html
/ru/products/fc2088-handheld-metal-detector,ru,product_detail,strong,100,Ручной металлодетектор FC2088,full_inventory,1442,0,1,5,18,22,0,192,190,Organization | ContactPoint | WebSite | Product | BreadcrumbList | ListItem,82,70,20,25,15,25,85,52,P1 需要补内容,有效正文段落偏少; 缺少 FAQ / 采购问题解答模块,增加 3-6 个有信息量的段落，避免只靠卡片、导航和短摘要支撑页面; 增加 3-5 个真实采购/部署问题，提升长尾覆盖和 AI 引用可读性,Ручной металлодетектор FC2088 | N-TET,Ручной металлодетектор FC2088,Ручной металлодетектор FC2088 Technical Specifications | Запросить решение и КП | Обзор | Технические характеристики | Запросить решение и КП,.next/server/app/ru/products/fc2088-handheld-metal-detector.html
/ru/products/fc4028-neutron-ambient-dose-rate-meter,ru,product_detail,strong,100,Измеритель мощности амбиентного эквивалента дозы нейтронного излучения FC4028,full_inventory,1975,0,1,5,18,22,0,192,190,Organization | ContactPoint | WebSite | Product | BreadcrumbList | ListItem,82,70,25,25,15,25,90,66,P2 建议增强,有效正文段落偏少; 缺少 FAQ / 采购问题解答模块,增加 3-6 个有信息量的段落，避免只靠卡片、导航和短摘要支撑页面; 增加 3-5 个真实采购/部署问题，提升长尾覆盖和 AI 引用可读性,Измеритель мощности амбиентного эквивалента дозы нейтронного излучения FC4028 | N-TET,Измеритель мощности амбиентного эквивалента дозы нейтронного излучения FC4028,Измеритель мощности амбиентного эквивалента дозы нейтронного излучения FC4028 Technical Specifications | Запросить решение и КП | Обзор | Технические характеристики | Запросить решение и КП,.next/server/app/ru/products/fc4028-neutron-ambient-dose-rate-meter.html
/ru/products/fc5030-compact-x-ray-baggage-scanner,ru,product_detail,strong,100,Малогабаритный рентгенотелевизионный интроскоп FC5030,full_inventory,1537,0,1,5,18,22,0,192,190,Organization | ContactPoint | WebSite | Product | BreadcrumbList | ListItem,82,70,20,25,15,25,85,52,P1 需要补内容,有效正文段落偏少; 缺少 FAQ / 采购问题解答模块,增加 3-6 个有信息量的段落，避免只靠卡片、导航和短摘要支撑页面; 增加 3-5 个真实采购/部署问题，提升长尾覆盖和 AI 引用可读性,Малогабаритный рентгенотелевизионный интроскоп FC5030 | N-TET,Малогабаритный рентгенотелевизионный интроскоп FC5030,Малогабаритный рентгенотелевизионный интроскоп FC5030 Technical Specifications | Запросить решение и КП | Обзор | Технические характеристики | Запросить решение и КП,.next/server/app/ru/products/fc5030-compact-x-ray-baggage-scanner.html
/ru/products/fc6550-standard-x-ray-baggage-scanner,ru,product_detail,strong,100,Рентгенотелевизионная установка FC6550 Стандартная,full_inventory,1441,0,1,5,18,22,0,192,190,Organization | ContactPoint | WebSite | Product | BreadcrumbList | ListItem,82,70,20,25,15,25,85,52,P1 需要补内容,有效正文段落偏少; 缺少 FAQ / 采购问题解答模块,增加 3-6 个有信息量的段落，避免只靠卡片、导航和短摘要支撑页面; 增加 3-5 个真实采购/部署问题，提升长尾覆盖和 AI 引用可读性,Рентгенотелевизионная установка FC6550 (Стандартная) | N-TET,Рентгенотелевизионная установка FC6550 Стандартная,Рентгенотелевизионная установка FC6550 Стандартная Technical Specifications | Запросить решение и КП | Обзор | Технические характеристики | Запросить решение и КП,.next/server/app/ru/products/fc6550-standard-x-ray-baggage-scanner.html
/ru/products/fc6550d-dual-view-baggage-scanner,ru,product_detail,strong,100,Двухпроекционный рентгеновский интроскоп FC6550D,full_inventory,1561,0,1,5,18,22,0,192,190,Organization | ContactPoint | WebSite | Product | BreadcrumbList | ListItem,82,70,20,25,15,25,85,52,P1 需要补内容,有效正文段落偏少; 缺少 FAQ / 采购问题解答模块,增加 3-6 个有信息量的段落，避免只靠卡片、导航和短摘要支撑页面; 增加 3-5 个真实采购/部署问题，提升长尾覆盖和 AI 引用可读性,Двухпроекционный рентгеновский интроскоп FC6550D | N-TET,Двухпроекционный рентгеновский интроскоп FC6550D,Двухпроекционный рентгеновский интроскоп FC6550D Technical Specifications | Запросить решение и КП | Обзор | Технические характеристики | Запросить решение и КП,.next/server/app/ru/products/fc6550d-dual-view-baggage-scanner.html
/ru/products/fc902-personal-radiation-dose-alarm,ru,product_detail,strong,100,Индивидуальный сигнализатор дозы рентгеновского и гамма-излучения FC902,full_inventory,1632,0,1,5,18,22,0,192,190,Organization | ContactPoint | WebSite | Product | BreadcrumbList | ListItem,82,70,25,25,15,25,90,66,P2 建议增强,有效正文段落偏少; 缺少 FAQ / 采购问题解答模块,增加 3-6 个有信息量的段落，避免只靠卡片、导航和短摘要支撑页面; 增加 3-5 个真实采购/部署问题，提升长尾覆盖和 AI 引用可读性,Индивидуальный сигнализатор дозы рентгеновского и гамма-излучения FC902 | N-TET,Индивидуальный сигнализатор дозы рентгеновского и гамма-излучения FC902,Индивидуальный сигнализатор дозы рентгеновского и гамма-излучения FC902 Technical Specifications | Запросить решение и КП | Обзор | Технические характеристики | Запросить решение и КП,.next/server/app/ru/products/fc902-personal-radiation-dose-alarm.html
/ru/products/handheld-rf-detection-system-mini,ru,product_detail,strong,100,Малогабаритный переносной радиочастотный обнаружитель БПЛА,full_inventory,1510,0,1,5,18,22,0,192,190,Organization | ContactPoint | WebSite | Product | BreadcrumbList | ListItem,82,70,25,25,15,25,90,66,P2 建议增强,有效正文段落偏少; 缺少 FAQ / 采购问题解答模块,增加 3-6 个有信息量的段落，避免只靠卡片、导航和短摘要支撑页面; 增加 3-5 个真实采购/部署问题，提升长尾覆盖和 AI 引用可读性,Малогабаритный переносной радиочастотный обнаружитель БПЛА | N-TET,Малогабаритный переносной радиочастотный обнаружитель БПЛА,Малогабаритный переносной радиочастотный обнаружитель БПЛА Technical Specifications | Запросить решение и КП | Обзор | Технические характеристики | Запросить решение и КП,.next/server/app/ru/products/handheld-rf-detection-system-mini.html
/ru/products/intelligent-mobile-cabin-hospital,ru,product_detail,strong,100,Интеллектуальный мобильный многофункциональный госпиталь,full_inventory,1319,0,1,5,18,22,0,192,190,Organization | ContactPoint | WebSite | Product | BreadcrumbList | ListItem,82,70,20,25,15,25,85,52,P1 需要补内容,有效正文段落偏少; 缺少 FAQ / 采购问题解答模块,增加 3-6 个有信息量的段落，避免只靠卡片、导航和短摘要支撑页面; 增加 3-5 个真实采购/部署问题，提升长尾覆盖和 AI 引用可读性,Интеллектуальный мобильный многофункциональный госпиталь | N-TET,Интеллектуальный мобильный многофункциональный госпиталь,Интеллектуальный мобильный многофункциональный госпиталь Technical Specifications | Запросить решение и КП | Обзор | Технические характеристики | Запросить решение и КП,.next/server/app/ru/products/intelligent-mobile-cabin-hospital.html
/ru/products/low-altitude-3d-pulse-doppler-radar,ru,product_detail,strong,100,Радар обнаружения маловысотных целей X-диапазон,full_inventory,1506,0,1,5,18,22,0,192,190,Organization | ContactPoint | WebSite | Product | BreadcrumbList | ListItem,82,70,20,25,15,25,85,52,P1 需要补内容,有效正文段落偏少; 缺少 FAQ / 采购问题解答模块,增加 3-6 个有信息量的段落，避免只靠卡片、导航和短摘要支撑页面; 增加 3-5 个真实采购/部署问题，提升长尾覆盖和 AI 引用可读性,Радар обнаружения маловысотных целей (X-диапазон) | N-TET,Радар обнаружения маловысотных целей X-диапазон,Радар обнаружения маловысотных целей X-диапазон Technical Specifications | Запросить решение и КП | Обзор | Технические характеристики | Запросить решение и КП,.next/server/app/ru/products/low-altitude-3d-pulse-doppler-radar.html
/ru/products/low-altitude-detection-radar-ku-band,ru,product_detail,strong,100,РЛС обнаружения маловысотных целей Ku-диапазон,full_inventory,1492,0,1,5,18,22,0,192,190,Organization | ContactPoint | WebSite | Product | BreadcrumbList | ListItem,82,70,20,25,15,25,85,52,P1 需要补内容,有效正文段落偏少; 缺少 FAQ / 采购问题解答模块,增加 3-6 个有信息量的段落，避免只靠卡片、导航和短摘要支撑页面; 增加 3-5 个真实采购/部署问题，提升长尾覆盖和 AI 引用可读性,РЛС обнаружения маловысотных целей (Ku-диапазон) | N-TET,РЛС обнаружения маловысотных целей Ku-диапазон,РЛС обнаружения маловысотных целей Ku-диапазон Technical Specifications | Запросить решение и КП | Обзор | Технические характеристики | Запросить решение и КП,.next/server/app/ru/products/low-altitude-detection-radar-ku-band.html
/ru/products/multi-rotor-20kg-payload-uav,ru,product_detail,strong,100,Мультироторный БПЛА с нагрузкой 20 kg,full_inventory,1299,0,1,5,20,24,0,192,190,Organization | ContactPoint | WebSite | Product | BreadcrumbList | ListItem,82,70,25,25,15,25,90,66,P2 建议增强,有效正文段落偏少; 缺少 FAQ / 采购问题解答模块,增加 3-6 个有信息量的段落，避免只靠卡片、导航和短摘要支撑页面; 增加 3-5 个真实采购/部署问题，提升长尾覆盖和 AI 引用可读性,Мультироторный БПЛА с нагрузкой 20 kg | N-TET,Мультироторный БПЛА с нагрузкой 20 kg,Мультироторный БПЛА с нагрузкой 20 kg Technical Specifications | Запросить решение и КП | Обзор | Технические характеристики | Запросить решение и КП,.next/server/app/ru/products/multi-rotor-20kg-payload-uav.html
/ru/products/multi-rotor-3kg-payload-uav,ru,product_detail,strong,100,Мультироторный БПЛА с нагрузкой 3 kg,full_inventory,1511,4,1,5,24,24,0,192,190,Organization | ContactPoint | WebSite | Product | BreadcrumbList | ListItem,100,100,25,25,15,25,90,84,P3 保持监测,缺少 FAQ / 采购问题解答模块,增加 3-5 个真实采购/部署问题，提升长尾覆盖和 AI 引用可读性,Мультироторный БПЛА с нагрузкой 3 kg | N-TET,Мультироторный БПЛА с нагрузкой 3 kg,Мультироторный БПЛА с нагрузкой 3 kg Technical Specifications | Запросить решение и КП | Обзор | Технические характеристики | Запросить решение и КП,.next/server/app/ru/products/multi-rotor-3kg-payload-uav.html
/ru/products/multi-rotor-50kg-payload-uav,ru,product_detail,strong,100,Мультироторный БПЛА с нагрузкой 50 kg,full_inventory,1381,0,1,5,18,24,0,192,190,Organization | ContactPoint | WebSite | Product | BreadcrumbList | ListItem,82,70,25,25,15,25,90,66,P2 建议增强,有效正文段落偏少; 缺少 FAQ / 采购问题解答模块,增加 3-6 个有信息量的段落，避免只靠卡片、导航和短摘要支撑页面; 增加 3-5 个真实采购/部署问题，提升长尾覆盖和 AI 引用可读性,Мультироторный БПЛА с нагрузкой 50 kg | N-TET,Мультироторный БПЛА с нагрузкой 50 kg,Мультироторный БПЛА с нагрузкой 50 kg Technical Specifications | Запросить решение и КП | Обзор | Технические характеристики | Запросить решение и КП,.next/server/app/ru/products/multi-rotor-50kg-payload-uav.html
/ru/products/multi-rotor-8kg-payload-uav,ru,product_detail,strong,100,Мультироторный БПЛА с нагрузкой 8 kg,full_inventory,1287,0,1,5,20,24,0,192,190,Organization | ContactPoint | WebSite | Product | BreadcrumbList | ListItem,82,70,25,25,15,25,90,66,P2 建议增强,有效正文段落偏少; 缺少 FAQ / 采购问题解答模块,增加 3-6 个有信息量的段落，避免只靠卡片、导航和短摘要支撑页面; 增加 3-5 个真实采购/部署问题，提升长尾覆盖和 AI 引用可读性,Мультироторный БПЛА с нагрузкой 8 kg | N-TET,Мультироторный БПЛА с нагрузкой 8 kg,Мультироторный БПЛА с нагрузкой 8 kg Technical Specifications | Запросить решение и КП | Обзор | Технические характеристики | Запросить решение и КП,.next/server/app/ru/products/multi-rotor-8kg-payload-uav.html
/ru/products/portable-rf-detection-case,ru,product_detail,strong,100,Переносная кейс система радиочастотного обнаружения БПЛА,full_inventory,1463,0,1,5,18,22,0,192,190,Organization | ContactPoint | WebSite | Product | BreadcrumbList | ListItem,82,70,20,25,15,25,85,52,P1 需要补内容,有效正文段落偏少; 缺少 FAQ / 采购问题解答模块,增加 3-6 个有信息量的段落，避免只靠卡片、导航和短摘要支撑页面; 增加 3-5 个真实采购/部署问题，提升长尾覆盖和 AI 引用可读性,Переносная (кейс) система радиочастотного обнаружения БПЛА | N-TET,Переносная кейс система радиочастотного обнаружения БПЛА,Переносная кейс система радиочастотного обнаружения БПЛА Technical Specifications | Запросить решение и КП | Обзор | Технические характеристики | Запросить решение и КП,.next/server/app/ru/products/portable-rf-detection-case.html
/ru/products/power-tower-inspection-drone,ru,product_detail,strong,100,drone power line inspection,full_inventory,1922,6,1,5,22,24,0,192,190,Organization | ContactPoint | WebSite | Product | BreadcrumbList | ListItem,100,100,25,25,15,25,90,84,P3 保持监测,缺少 FAQ / 采购问题解答模块,增加 3-5 个真实采购/部署问题，提升长尾覆盖和 AI 引用可读性,БПЛА для инспекции опор ЛЭП | N-TET,БПЛА для инспекции опор ЛЭП,БПЛА для инспекции опор ЛЭП Technical Specifications | Запросить решение и КП | Обзор | Технические характеристики | Запросить решение и КП,.next/server/app/ru/products/power-tower-inspection-drone.html
/ru/products/smart-substation-autonomous-inspection-system,ru,product_detail,strong,100,smart substation autonomous inspection,full_inventory,1990,4,1,5,22,24,0,192,190,Organization | ContactPoint | WebSite | Product | BreadcrumbList | ListItem,100,100,25,25,15,25,90,84,P3 保持监测,缺少 FAQ / 采购问题解答模块,增加 3-5 个真实采购/部署问题，提升长尾覆盖和 AI 引用可读性,Автономная система инспекции умной подстанции с БПЛА | N-TET,Автономная система инспекции умной подстанции с БПЛА,Автономная система инспекции умной подстанции с БПЛА Technical Specifications | Запросить решение и КП | Обзор | Технические характеристики | Запросить решение и КП,.next/server/app/ru/products/smart-substation-autonomous-inspection-system.html
/ru/products/stationary-rf-detection-system,ru,product_detail,strong,100,Стационарная система радиочастотного обнаружения БПЛА,full_inventory,1518,0,1,5,18,22,0,192,190,Organization | ContactPoint | WebSite | Product | BreadcrumbList | ListItem,82,70,20,25,15,25,85,52,P1 需要补内容,有效正文段落偏少; 缺少 FAQ / 采购问题解答模块,增加 3-6 个有信息量的段落，避免只靠卡片、导航和短摘要支撑页面; 增加 3-5 个真实采购/部署问题，提升长尾覆盖和 AI 引用可读性,Стационарная система радиочастотного обнаружения БПЛА | N-TET,Стационарная система радиочастотного обнаружения БПЛА,Стационарная система радиочастотного обнаружения БПЛА Technical Specifications | Запросить решение и КП | Обзор | Технические характеристики | Запросить решение и КП,.next/server/app/ru/products/stationary-rf-detection-system.html
/ru/products/uav-remote-id-monitoring-system,ru,product_detail,strong,100,Система мониторинга удаленной идентификации БПЛА Remote ID,full_inventory,1466,0,1,5,18,22,0,192,190,Organization | ContactPoint | WebSite | Product | BreadcrumbList | ListItem,82,70,20,25,15,25,85,52,P1 需要补内容,有效正文段落偏少; 缺少 FAQ / 采购问题解答模块,增加 3-6 个有信息量的段落，避免只靠卡片、导航和短摘要支撑页面; 增加 3-5 个真实采购/部署问题，提升长尾覆盖和 AI 引用可读性,Система мониторинга удаленной идентификации БПЛА (Remote ID) | N-TET,Система мониторинга удаленной идентификации БПЛА Remote ID,Система мониторинга удаленной идентификации БПЛА Remote ID Technical Specifications | Запросить решение и КП | Обзор | Технические характеристики | Запросить решение и КП,.next/server/app/ru/products/uav-remote-id-monitoring-system.html
/ru/products/vtol-135kg-mtow-uav,ru,product_detail,strong,100,VTOL БПЛА с максимальной взлетной массой 135 kg,full_inventory,1269,0,1,5,20,24,0,192,190,Organization | ContactPoint | WebSite | Product | BreadcrumbList | ListItem,82,70,25,25,15,25,90,66,P2 建议增强,有效正文段落偏少; 缺少 FAQ / 采购问题解答模块,增加 3-6 个有信息量的段落，避免只靠卡片、导航和短摘要支撑页面; 增加 3-5 个真实采购/部署问题，提升长尾覆盖和 AI 引用可读性,VTOL БПЛА с максимальной взлетной массой 135 kg | N-TET,VTOL БПЛА с максимальной взлетной массой 135 kg,VTOL БПЛА с максимальной взлетной массой 135 kg Technical Specifications | Запросить решение и КП | Обзор | Технические характеристики | Запросить решение и КП,.next/server/app/ru/products/vtol-135kg-mtow-uav.html
/ru/products/vtol-14kg-mtow-uav,ru,product_detail,strong,100,VTOL БПЛА с максимальной взлетной массой 14 kg,full_inventory,1267,0,1,5,20,24,0,192,190,Organization | ContactPoint | WebSite | Product | BreadcrumbList | ListItem,82,70,25,25,15,25,90,66,P2 建议增强,有效正文段落偏少; 缺少 FAQ / 采购问题解答模块,增加 3-6 个有信息量的段落，避免只靠卡片、导航和短摘要支撑页面; 增加 3-5 个真实采购/部署问题，提升长尾覆盖和 AI 引用可读性,VTOL БПЛА с максимальной взлетной массой 14 kg | N-TET,VTOL БПЛА с максимальной взлетной массой 14 kg,VTOL БПЛА с максимальной взлетной массой 14 kg Technical Specifications | Запросить решение и КП | Обзор | Технические характеристики | Запросить решение и КП,.next/server/app/ru/products/vtol-14kg-mtow-uav.html
/ru/products/vtol-26kg-mtow-uav,ru,product_detail,strong,100,VTOL БПЛА с максимальной взлетной массой 26 kg,full_inventory,1265,0,1,5,20,24,0,192,190,Organization | ContactPoint | WebSite | Product | BreadcrumbList | ListItem,82,70,25,25,15,25,90,66,P2 建议增强,有效正文段落偏少; 缺少 FAQ / 采购问题解答模块,增加 3-6 个有信息量的段落，避免只靠卡片、导航和短摘要支撑页面; 增加 3-5 个真实采购/部署问题，提升长尾覆盖和 AI 引用可读性,VTOL БПЛА с максимальной взлетной массой 26 kg | N-TET,VTOL БПЛА с максимальной взлетной массой 26 kg,VTOL БПЛА с максимальной взлетной массой 26 kg Technical Specifications | Запросить решение и КП | Обзор | Технические характеристики | Запросить решение и КП,.next/server/app/ru/products/vtol-26kg-mtow-uav.html
/ru/products/vtol-40kg-mtow-uav,ru,product_detail,strong,100,VTOL БПЛА с максимальной взлетной массой 40 kg,full_inventory,1269,0,1,5,20,24,0,192,190,Organization | ContactPoint | WebSite | Product | BreadcrumbList | ListItem,82,70,25,25,15,25,90,66,P2 建议增强,有效正文段落偏少; 缺少 FAQ / 采购问题解答模块,增加 3-6 个有信息量的段落，避免只靠卡片、导航和短摘要支撑页面; 增加 3-5 个真实采购/部署问题，提升长尾覆盖和 AI 引用可读性,VTOL БПЛА с максимальной взлетной массой 40 kg | N-TET,VTOL БПЛА с максимальной взлетной массой 40 kg,VTOL БПЛА с максимальной взлетной массой 40 kg Technical Specifications | Запросить решение и КП | Обзор | Технические характеристики | Запросить решение и КП,.next/server/app/ru/products/vtol-40kg-mtow-uav.html
/ru/products/vtol-64kg-mtow-uav,ru,product_detail,strong,100,VTOL БПЛА с максимальной взлетной массой 64 kg,full_inventory,1255,0,1,5,20,24,0,192,190,Organization | ContactPoint | WebSite | Product | BreadcrumbList | ListItem,82,70,25,25,15,25,90,66,P2 建议增强,有效正文段落偏少; 缺少 FAQ / 采购问题解答模块,增加 3-6 个有信息量的段落，避免只靠卡片、导航和短摘要支撑页面; 增加 3-5 个真实采购/部署问题，提升长尾覆盖和 AI 引用可读性,VTOL БПЛА с максимальной взлетной массой 64 kg | N-TET,VTOL БПЛА с максимальной взлетной массой 64 kg,VTOL БПЛА с максимальной взлетной массой 64 kg Technical Specifications | Запросить решение и КП | Обзор | Технические характеристики | Запросить решение и КП,.next/server/app/ru/products/vtol-64kg-mtow-uav.html
/ru/solutions,ru,solution_list,strong,100,решения для инспекции БПЛА,full_inventory,1225,1,1,11,46,50,0,220,218,Organization | ContactPoint | WebSite,87,75,20,12,15,21,68,39,P1 需要补内容,有效正文段落偏少,增加 3-6 个有信息量的段落，避免只靠卡片、导航和短摘要支撑页面,Решения для инспекции БПЛА | N-TET,Решения для инспекции БПЛА,Решения для инспекции БПЛА для промышленных команд | Инспекция и патрулирование БПЛА | Аварийное применение БПЛА | Защита инфраструктуры | Безопасность важных объектов | Запросить решение и КП | Инспекция и патрулирование БПЛА | Аварийное применение БПЛА,.next/server/app/ru/solutions.html
/ru/solutions/airport-low-altitude-monitoring,ru,solution_detail,strong,85,Защита аэропортов от БПЛА,full_inventory,1621,8,1,10,34,32,0,204,202,Organization | ContactPoint | WebSite | Service | BreadcrumbList | ListItem,100,100,20,25,20,25,90,78,P3 保持监测,,,Защита аэропортов от БПЛА | N-TET,Защита аэропортов от БПЛА,Защита аэропортов от БПЛА Workflow | Технические характеристики | Связанное оборудование | FAQ по решению | Запросить решение и КП | Обзор | Технические характеристики | Связанное оборудование,.next/server/app/ru/solutions/airport-low-altitude-monitoring.html
/ru/solutions/airport-security-protection,ru,solution_detail,strong,85,Безопасность аэропортов,full_inventory,1619,8,1,10,40,38,0,210,208,Organization | ContactPoint | WebSite | Service | BreadcrumbList | ListItem,100,100,20,25,20,25,90,78,P3 保持监测,,,Безопасность аэропортов | N-TET,Безопасность аэропортов,Безопасность аэропортов Workflow | Технические характеристики | Связанное оборудование | FAQ по решению | Запросить решение и КП | Обзор | Технические характеристики | Связанное оборудование,.next/server/app/ru/solutions/airport-security-protection.html
/ru/solutions/category/01_BorderPatrol,ru,solution_category,strong,100,БПЛА для пограничного патрулирования,full_inventory,1527,11,1,9,33,34,0,210,196,Organization | ContactPoint | WebSite,100,100,20,12,20,21,73,60,P2 建议增强,,,Решения БПЛА для пограничного патрулирования | N-TET,Решения БПЛА для пограничного патрулирования,БПЛА для пограничного патрулирования и прибрежного мониторинга | Промышленные решения на базе БПЛА | Рекомендуемые продукты | FAQ по решению | Запросить решение и КП | Потребности отрасли | Промышленные решения на базе БПЛА | Рекомендуемые продукты,.next/server/app/ru/solutions/category/01_BorderPatrol.html
/ru/solutions/category/02_InfrastructureProtection,ru,solution_category,strong,85,БПЛА для инспекции промышленных объектов,full_inventory,1729,15,1,9,35,36,0,216,194,Organization | ContactPoint | WebSite,100,100,20,12,20,21,73,60,P2 建议增强,,,Решения БПЛА для инспекции промышленных объектов | N-TET,Решения БПЛА для инспекции промышленных объектов,Сценарии инспекции промышленных объектов БПЛА | Промышленные решения на базе БПЛА | Рекомендуемые продукты | FAQ по решению | Запросить решение и КП | Потребности отрасли | Промышленные решения на базе БПЛА | Рекомендуемые продукты,.next/server/app/ru/solutions/category/02_InfrastructureProtection.html
/ru/solutions/category/03_KeyAreaSecurity,ru,solution_category,strong,85,мониторинг воздушного пространства аэропорта,full_inventory,1587,11,1,9,39,40,0,216,202,Organization | ContactPoint | WebSite,100,100,20,12,20,21,73,60,P2 建议增强,,,Мониторинг воздушного пространства аэропорта и безопасность ключевых зон | N-TET,Мониторинг воздушного пространства аэропорта и безопасность ключевых зон,Сценарии мониторинга воздушного пространства аэропорта | Промышленные решения на базе БПЛА | Рекомендуемые продукты | FAQ по решению | Запросить решение и КП | Потребности отрасли | Промышленные решения на базе БПЛА | Рекомендуемые продукты,.next/server/app/ru/solutions/category/03_KeyAreaSecurity.html
/ru/solutions/category/04_EmergencyRescue,ru,solution_category,strong,100,БПЛА для поиска и спасения,full_inventory,1555,11,1,9,33,34,0,210,196,Organization | ContactPoint | WebSite,100,100,20,12,20,21,73,60,P2 建议增强,,,Решения БПЛА для поиска и спасения | N-TET,Решения БПЛА для поиска и спасения,Рабочие процессы БПЛА для поиска и спасения | Промышленные решения на базе БПЛА | Рекомендуемые продукты | FAQ по решению | Запросить решение и КП | Потребности отрасли | Промышленные решения на базе БПЛА | Рекомендуемые продукты,.next/server/app/ru/solutions/category/04_EmergencyRescue.html
/ru/solutions/chemical-plant-protection,ru,solution_detail,strong,100,БПЛА для инспекции трубопроводов,full_inventory,2132,26,1,13,42,42,0,202,200,Organization | ContactPoint | WebSite | Service | BreadcrumbList | ListItem,100,100,20,17,20,25,82,78,P3 保持监测,,,БПЛА для инспекции трубопроводов и мониторинга химических заводов | N-TET,БПЛА для инспекции трубопроводов и мониторинга химических заводов,БПЛА для инспекции трубопроводов и мониторинга объекта | A Neutral Low-Altitude Risk Process for Chemical Sites | Модули решения | Связанное оборудование | FAQ по решению | Запросить решение и КП | Обзор | Отраслевые проблемы,.next/server/app/ru/solutions/chemical-plant-protection.html
/ru/solutions/disaster-site-search-rescue-reconnaissance-uav-solution,ru,solution_detail,strong,100,БПЛА для поиска и спасения,full_inventory,1869,13,1,15,40,40,0,204,202,Organization | ContactPoint | WebSite | Service | BreadcrumbList | ListItem,100,100,20,17,20,25,82,78,P3 保持监测,,,Решение БПЛА для поиска и спасения | N-TET,Решение БПЛА для поиска и спасения,Рабочий процесс БПЛА для поиска и спасения | How UAVs Upgrade Emergency Reconnaissance | Модули решения | Связанное оборудование | Связанные кейсы | FAQ по решению | Запросить решение и КП | Обзор,.next/server/app/ru/solutions/disaster-site-search-rescue-reconnaissance-uav-solution.html
/ru/solutions/emergency-communication-uav,ru,solution_detail,strong,100,БПЛА экстренной связи,full_inventory,1578,8,1,10,26,26,0,196,194,Organization | ContactPoint | WebSite | Service | BreadcrumbList | ListItem,100,100,20,25,20,25,90,78,P3 保持监测,,,БПЛА экстренной связи | N-TET,БПЛА экстренной связи,БПЛА экстренной связи Workflow | Технические характеристики | Связанное оборудование | FAQ по решению | Запросить решение и КП | Обзор | Технические характеристики | Связанное оборудование,.next/server/app/ru/solutions/emergency-communication-uav.html
/ru/solutions/emergency-communication-uav-solution,ru,solution_detail,partial,70,Решение БПЛА для аварийной связи,partial_keyword_page,1545,9,1,13,30,29,0,200,198,Organization | ContactPoint | WebSite | Service | BreadcrumbList | ListItem,100,100,20,25,20,25,90,78,P3 保持监测,,,Решение БПЛА для аварийной связи | N-TET,Решение БПЛА для аварийной связи,Связанное оборудование | FAQ по решению | Запросить решение и КП | Обзор | Отраслевые задачи | Как БПЛА повышают эффективность | Решение | Связанное оборудование,.next/server/app/ru/solutions/emergency-communication-uav-solution.html
/ru/solutions/emergency-lighting-uav,ru,solution_detail,strong,85,БПЛА аварийного освещения,full_inventory,1534,8,1,10,28,28,0,198,196,Organization | ContactPoint | WebSite | Service | BreadcrumbList | ListItem,100,100,20,25,20,25,90,78,P3 保持监测,,,БПЛА аварийного освещения | N-TET,БПЛА аварийного освещения,БПЛА аварийного освещения Workflow | Технические характеристики | Связанное оборудование | FAQ по решению | Запросить решение и КП | Обзор | Технические характеристики | Связанное оборудование,.next/server/app/ru/solutions/emergency-lighting-uav.html
/ru/solutions/emergency-reconnaissance-uav,ru,solution_detail,strong,85,БПЛА экстренной разведки,full_inventory,1556,8,1,10,28,28,0,198,196,Organization | ContactPoint | WebSite | Service | BreadcrumbList | ListItem,100,100,20,25,20,25,90,78,P3 保持监测,,,БПЛА экстренной разведки | N-TET,БПЛА экстренной разведки,БПЛА экстренной разведки Workflow | Технические характеристики | Связанное оборудование | FAQ по решению | Запросить решение и КП | Обзор | Технические характеристики | Связанное оборудование,.next/server/app/ru/solutions/emergency-reconnaissance-uav.html
/ru/solutions/emergency-search-rescue-uav-solution,ru,solution_detail,partial,70,Решение поисково-спасательного БПЛА,partial_keyword_page,1539,8,1,15,32,31,0,202,200,Organization | ContactPoint | WebSite | Service | BreadcrumbList | ListItem,100,100,20,25,20,25,90,78,P3 保持监测,,,Решение поисково-спасательного БПЛА | N-TET,Решение поисково-спасательного БПЛА,Связанное оборудование | Связанные кейсы | FAQ по решению | Запросить решение и КП | Обзор | Отраслевые задачи | Как БПЛА повышают эффективность | Решение,.next/server/app/ru/solutions/emergency-search-rescue-uav-solution.html
/ru/solutions/high-rise-firefighting-uav-solution,ru,solution_detail,partial,70,Решение БПЛА для тушения высотных пожаров,partial_keyword_page,1598,10,1,13,32,31,0,202,200,Organization | ContactPoint | WebSite | Service | BreadcrumbList | ListItem,100,100,20,25,20,25,90,78,P3 保持监测,,,Решение БПЛА для тушения высотных пожаров | N-TET,Решение БПЛА для тушения высотных пожаров,Связанное оборудование | FAQ по решению | Запросить решение и КП | Обзор | Отраслевые задачи | Как БПЛА повышают эффективность | Решение | Связанное оборудование,.next/server/app/ru/solutions/high-rise-firefighting-uav-solution.html
/ru/solutions/hydroelectric-dam-protection,ru,solution_detail,strong,85,Защита гидроэлектрических плотин,full_inventory,1747,11,1,13,40,40,0,202,200,Organization | ContactPoint | WebSite | Service | BreadcrumbList | ListItem,100,100,20,17,20,25,82,78,P3 保持监测,,,Защита гидроэлектрических плотин | N-TET,Защита гидроэлектрических плотин,Защита гидроэлектрических плотин Workflow | ??????? ????????????? ???????????? ??? ??????? | Модули решения | Связанное оборудование | FAQ по решению | Запросить решение и КП | Обзор | Отраслевые проблемы,.next/server/app/ru/solutions/hydroelectric-dam-protection.html
/ru/solutions/judicial-sector-security,ru,solution_detail,strong,85,Безопасность судебного сектора,full_inventory,1608,8,1,10,40,38,0,210,208,Organization | ContactPoint | WebSite | Service | BreadcrumbList | ListItem,100,100,20,25,20,25,90,78,P3 保持监测,,,Безопасность судебного сектора | N-TET,Безопасность судебного сектора,Безопасность судебного сектора Workflow | Технические характеристики | Связанное оборудование | FAQ по решению | Запросить решение и КП | Обзор | Технические характеристики | Связанное оборудование,.next/server/app/ru/solutions/judicial-sector-security.html
/ru/solutions/land-based-maritime-surveillance,ru,solution_detail,strong,85,Береговое наблюдение и раннее предупреждение,full_inventory,1494,6,1,10,28,26,0,198,196,Organization | ContactPoint | WebSite | Service | BreadcrumbList | ListItem,100,100,20,25,20,25,90,78,P3 保持监测,,,Береговое наблюдение и раннее предупреждение | N-TET,Береговое наблюдение и раннее предупреждение,Береговое наблюдение и раннее предупреждение Workflow | Технические характеристики | Связанное оборудование | FAQ по решению | Запросить решение и КП | Обзор | Технические характеристики | Связанное оборудование,.next/server/app/ru/solutions/land-based-maritime-surveillance.html
/ru/solutions/night-emergency-lighting-support-uav-solution,ru,solution_detail,strong,100,привязной БПЛА для освещения,full_inventory,1976,26,1,15,42,42,0,204,202,Organization | ContactPoint | WebSite | Service | BreadcrumbList | ListItem,100,100,25,25,20,25,95,92,P3 保持监测,,,привязной БПЛА для освещения: решение | N-TET,привязной БПЛА для освещения: решение,привязной БПЛА для освещения: рабочий процесс | Как БПЛА повышают эффективность работ | Модули решения | Связанное оборудование | Связанные кейсы | FAQ по решению | Запросить решение и КП | Обзор,.next/server/app/ru/solutions/night-emergency-lighting-support-uav-solution.html
/ru/solutions/oil-production-base-protection,ru,solution_detail,strong,100,oil and gas drone inspection,full_inventory,2169,21,1,13,40,40,0,202,200,Organization | ContactPoint | WebSite | Service | BreadcrumbList | ListItem,100,100,20,17,20,25,82,78,P3 保持监测,,,Oil and Gas Drone Inspection Solution | N-TET,Oil and Gas Drone Inspection Solution,Oil and Gas Drone Inspection Workflow | Layered Low-Altitude Protection for Oil Production Sites | Модули решения | Связанное оборудование | FAQ по решению | Запросить решение и КП | Обзор | Отраслевые проблемы,.next/server/app/ru/solutions/oil-production-base-protection.html
/ru/solutions/post-disaster-emergency-communication-support-uav-solution,ru,solution_detail,strong,100,БПЛА аварийной связи,full_inventory,1827,11,1,15,40,40,0,204,202,Organization | ContactPoint | WebSite | Service | BreadcrumbList | ListItem,100,100,20,25,20,25,90,78,P3 保持监测,,,Решение БПЛА аварийной связи | N-TET,Решение БПЛА аварийной связи,Рабочий процесс БПЛА аварийной связи | Как БПЛА повышают эффективность работ | Модули решения | Связанное оборудование | Связанные кейсы | FAQ по решению | Запросить решение и КП | Обзор,.next/server/app/ru/solutions/post-disaster-emergency-communication-support-uav-solution.html
/ru/solutions/power-generation-facility-low-altitude-monitoring,ru,solution_detail,strong,85,Защита энергетических объектов от БПЛА,full_inventory,1596,8,1,10,34,32,0,204,202,Organization | ContactPoint | WebSite | Service | BreadcrumbList | ListItem,100,100,20,25,20,25,90,78,P3 保持监测,,,Защита энергетических объектов от БПЛА | N-TET,Защита энергетических объектов от БПЛА,Защита энергетических объектов от БПЛА Workflow | Технические характеристики | Связанное оборудование | FAQ по решению | Запросить решение и КП | Обзор | Технические характеристики | Связанное оборудование,.next/server/app/ru/solutions/power-generation-facility-low-altitude-monitoring.html
/ru/solutions/power-line-uav-intelligent-inspection-solution,ru,solution_detail,strong,85,БПЛА для инспекции линий электропередачи,full_inventory,2091,26,1,11,34,34,0,194,192,Organization | ContactPoint | WebSite | Service | BreadcrumbList | ListItem,93,95,20,25,15,25,85,78,P3 保持监测,缺少页面类型应有证据：hasRelatedProducts,按页面类型补齐证据模块，而不是继续堆关键词,Решение БПЛА для инспекции линий электропередачи | N-TET,Решение БПЛА для инспекции линий электропередачи,Рабочий процесс инспекции линий электропередачи БПЛА | Как БПЛА повышают эффективность работ | Модули решения | FAQ по решению | Запросить решение и КП | Обзор | Отраслевые проблемы | Как БПЛА повышают эффективность работ,.next/server/app/ru/solutions/power-line-uav-intelligent-inspection-solution.html
/ru/solutions/power-tower-inspection-uav-solution,ru,solution_detail,partial,70,Решение БПЛА для инспекции опор ЛЭП,partial_keyword_page,1602,9,1,15,34,33,0,204,202,Organization | ContactPoint | WebSite | Service | BreadcrumbList | ListItem,100,100,20,25,20,25,90,78,P3 保持监测,,,Решение БПЛА для инспекции опор ЛЭП | N-TET,Решение БПЛА для инспекции опор ЛЭП,Связанное оборудование | Связанные кейсы | FAQ по решению | Запросить решение и КП | Обзор | Отраслевые задачи | Как БПЛА повышают эффективность | Решение,.next/server/app/ru/solutions/power-tower-inspection-uav-solution.html
/ru/solutions/smart-substation-autonomous-inspection-solution,ru,solution_detail,partial,70,Решение автономной инспекции подстанций с БПЛА,partial_keyword_page,1600,10,1,15,32,31,0,202,200,Organization | ContactPoint | WebSite | Service | BreadcrumbList | ListItem,100,100,20,25,20,25,90,78,P3 保持监测,,,Решение автономной инспекции подстанций с БПЛА | N-TET,Решение автономной инспекции подстанций с БПЛА,Связанное оборудование | Связанные кейсы | FAQ по решению | Запросить решение и КП | Обзор | Отраслевые задачи | Как БПЛА повышают эффективность | Решение,.next/server/app/ru/solutions/smart-substation-autonomous-inspection-solution.html
/ru/solutions/smart-substation-unattended-uav-inspection-solution,ru,solution_detail,strong,100,автономная инспекция умных подстанций,full_inventory,1906,11,1,15,42,47,0,206,204,Organization | ContactPoint | WebSite | Service | BreadcrumbList | ListItem,100,100,25,25,20,25,95,92,P3 保持监测,,,автономная инспекция умных подстанций: решение | N-TET,автономная инспекция умных подстанций: решение,автономная инспекция умных подстанций: рабочий процесс | How UAVs Upgrade Substation Inspection | Модули решения | Связанное оборудование | Связанные кейсы | FAQ по решению | Запросить решение и КП | Обзор,.next/server/app/ru/solutions/smart-substation-unattended-uav-inspection-solution.html
/ru/solutions/sports-event-security,ru,solution_detail,strong,85,Безопасность крупных спортивных мероприятий,full_inventory,2054,23,1,13,48,54,0,210,208,Organization | ContactPoint | WebSite | Service | BreadcrumbList | ListItem,100,100,20,17,20,25,82,78,P3 保持监测,,,Безопасность крупных спортивных мероприятий | N-TET,Безопасность крупных спортивных мероприятий,Безопасность крупных спортивных мероприятий Workflow | How Integrated Monitoring and Screening Support Large Events | Модули решения | Связанное оборудование | FAQ по решению | Запросить решение и КП | Обзор | Отраслевые проблемы,.next/server/app/ru/solutions/sports-event-security.html
/ru/solutions/tethered-lighting-uav-solution,ru,solution_detail,partial,70,Решение привязного осветительного БПЛА,partial_keyword_page,1536,9,1,15,32,31,0,202,200,Organization | ContactPoint | WebSite | Service | BreadcrumbList | ListItem,100,100,20,25,20,25,90,78,P3 保持监测,,,Решение привязного осветительного БПЛА | N-TET,Решение привязного осветительного БПЛА,Связанное оборудование | Связанные кейсы | FAQ по решению | Запросить решение и КП | Обзор | Отраслевые задачи | Как БПЛА повышают эффективность | Решение,.next/server/app/ru/solutions/tethered-lighting-uav-solution.html
/ru/solutions/uav-maritime-emergency-rescue,ru,solution_detail,strong,85,Аварийно-спасательные операции БПЛА на море,full_inventory,1546,6,1,10,30,30,0,200,198,Organization | ContactPoint | WebSite | Service | BreadcrumbList | ListItem,100,100,20,25,20,25,90,78,P3 保持监测,,,Аварийно-спасательные операции БПЛА на море | N-TET,Аварийно-спасательные операции БПЛА на море,Аварийно-спасательные операции БПЛА на море Workflow | Технические характеристики | Связанное оборудование | FAQ по решению | Запросить решение и КП | Обзор | Технические характеристики | Связанное оборудование,.next/server/app/ru/solutions/uav-maritime-emergency-rescue.html
/ru/solutions/uav-maritime-patrol,ru,solution_detail,strong,85,БПЛА для морского патрулирования,full_inventory,1924,19,1,15,40,40,0,204,202,Organization | ContactPoint | WebSite | Service | BreadcrumbList | ListItem,100,100,25,17,20,25,87,92,P3 保持监测,,,Решение БПЛА для морского патрулирования | N-TET,Решение БПЛА для морского патрулирования,Рабочий процесс морского патрулирования БПЛА | Как БПЛА повышают эффективность работ | Модули решения | Связанное оборудование | Связанные кейсы | FAQ по решению | Запросить решение и КП | Обзор,.next/server/app/ru/solutions/uav-maritime-patrol.html
/ru/solutions/urban-high-rise-firefighting-emergency-uav-solution,ru,solution_detail,strong,100,пожарный БПЛА,full_inventory,1829,12,1,15,42,42,0,206,204,Organization | ContactPoint | WebSite | Service | BreadcrumbList | ListItem,100,100,20,17,20,25,82,78,P3 保持监测,,,пожарный БПЛА: решение | N-TET,пожарный БПЛА: решение,пожарный БПЛА: рабочий процесс | Как БПЛА повышают эффективность работ | Модули решения | Связанное оборудование | Связанные кейсы | FAQ по решению | Запросить решение и КП | Обзор,.next/server/app/ru/solutions/urban-high-rise-firefighting-emergency-uav-solution.html
/ru/solutions/water-conservancy-monitoring-uav-solution,ru,solution_detail,partial,70,Решение БПЛА для мониторинга водного хозяйства,partial_keyword_page,1585,9,1,15,32,31,0,202,200,Organization | ContactPoint | WebSite | Service | BreadcrumbList | ListItem,100,100,20,25,20,25,90,78,P3 保持监测,,,Решение БПЛА для мониторинга водного хозяйства | N-TET,Решение БПЛА для мониторинга водного хозяйства,Связанное оборудование | Связанные кейсы | FAQ по решению | Запросить решение и КП | Обзор | Отраслевые задачи | Как БПЛА повышают эффективность | Решение,.next/server/app/ru/solutions/water-conservancy-monitoring-uav-solution.html
/ru/solutions/water-conservancy-river-lake-uav-monitoring-solution,ru,solution_detail,strong,85,БПЛА для мониторинга водного хозяйства,full_inventory,1951,21,1,15,38,38,0,202,200,Organization | ContactPoint | WebSite | Service | BreadcrumbList | ListItem,100,100,20,17,20,25,82,78,P3 保持监测,,,Решение БПЛА для мониторинга водного хозяйства | N-TET,Решение БПЛА для мониторинга водного хозяйства,Рабочий процесс мониторинга водного хозяйства БПЛА | Как БПЛА повышают эффективность работ | Модули решения | Связанное оборудование | Связанные кейсы | FAQ по решению | Запросить решение и КП | Обзор,.next/server/app/ru/solutions/water-conservancy-river-lake-uav-monitoring-solution.html
