route,keyword_locale,status,score,primary_keyword,keyword_count,title_hit,description_hit,h1_hit,h2_hit,body_hit,body_words,body_keyword_occurrences,keyword_density_pct,h1_count,h2_count,issues,title,description,keywords,h1,h2,file
/ar,ar,strong,85,أنظمة UAV صناعية,5,true,true,true,false,true,1293,4,0.309,1,11,H2 未命中关键词,أنظمة الطائرات بدون طيار الصناعية لعمليات الارتفاع المنخفض | N-TET,"أنظمة UAV صناعية هو موضوع البحث الرئيسي لهذه الصفحة، مع تغطية مرتبطة بـ أنظمة الطائرات بدون طيار الصناعية, مراقبة الارتفاعات المنخفضة, طائرة UAV للتفتيش.",أنظمة UAV صناعية | أنظمة الطائرات بدون طيار الصناعية | مراقبة الارتفاعات المنخفضة | طائرة UAV للتفتيش | طائرة UAV للاستجابة الطارئة,أنظمة UAV صناعية لعمليات المجال منخفض الارتفاع,حلولنا | مركز المنتجات | طائرة UAV لمراقبة المياه | مركز الحالات | من نحن | آخر الأخبار | حلولنا | مركز المنتجات | مركز الحالات | من نحن | آخر الأخبار,.next/server/app/ar.html
/ar/about,ar,partial,70,مكامل أنظمة UAV الصناعية,4,true,false,true,false,true,1669,1,0.060,1,5,description 未命中关键词; H2 未命中关键词,ملف مكامل أنظمة UAV الصناعية | N-TET,تركز N-TET على تكامل أنظمة UAV الصناعية وحلول مراقبة الارتفاعات المنخفضة وسير عمل التفتيش وتقنيات الفحص الميداني لمشغلي البنية التحتية.,مكامل أنظمة UAV الصناعية | مزود أنظمة UAV | مزود حلول مراقبة الارتفاع المنخفض | مكامل تقنيات الأمن,ملف مكامل أنظمة UAV الصناعية,قدرات تكامل أنظمة UAV الصناعية | فريق البحث والتطوير | نبذة عن الشركة | فريق البحث والتطوير | اطلب الحل وعرض السعر,.next/server/app/ar/about.html
/ar/accessories,ar,partial,60,ملحقات الطائرات بدون طيار,5,true,true,false,false,true,1367,52,3.804,1,11,H1 未命中关键词; H2 未命中关键词; 关键词密度偏高，需要检查堆砌风险,ملحقات الطائرات بدون طيار ومكونات UAV | N-TET,"ملحقات الطائرات بدون طيار هو موضوع البحث الرئيسي لهذه الصفحة، مع تغطية مرتبطة بـ مكونات UAV, حامل UAV, محرك UAV.",ملحقات الطائرات بدون طيار | مكونات UAV | حامل UAV | محرك UAV | رابط بيانات UAV,ملحقات ومكونات UAV,Drone Accessories and UAV Components for Industrial Platforms | وحدات التحكم بالطيران | محركات UAV | مراوح UAV | بطاريات UAV | حوامل كهروبصرية | محركات UAV | روابط بيانات UAV | وحدات تحكم UAV عن بُعد | Drone Accessories FAQ | اطلب الحل وعرض السعر,.next/server/app/ar/accessories.html
/ar/accessories/fc-bt1,ar,strong,100,بطارية UAV صلبة FC-BT1,4,true,true,true,true,true,2138,12,0.561,1,6,,بطارية UAV صلبة FC-BT1 | N-TET Drone Accessories,يُستخدم بطارية UAV صلبة FC-BT1 في التفتيش الميداني والصيانة، مع دعم تكامل مكونات UAV ودعم المنصات وتنسيق فرق التشغيل حسب متطلبات الموقع. يساعد الحل على جمع المعلومات، وتوثيق الأحداث، وتحويل بيانات المراقبة إلى إجراءات قابلة للمراجعة دون كشف,بطارية UAV صلبة FC-BT1 | drone accessories | UAV components | industrial UAV parts,بطارية UAV صلبة FC-BT1,بطارية UAV صلبة FC-BT1 Technical Specifications | اطلب الحل وعرض السعر | نظرة عامة | المواصفات الفنية | اطلب الحل وعرض السعر | صفحات ذات صلة,.next/server/app/ar/accessories/fc-bt1.html
/ar/accessories/fc-bt2,ar,strong,100,بطارية UAV صلبة FC-BT2,4,true,true,true,true,true,1996,12,0.601,1,6,,بطارية UAV صلبة FC-BT2 | N-TET Drone Accessories,يُستخدم بطارية UAV صلبة FC-BT2 في التفتيش الميداني والصيانة، مع دعم مراقبة المجال الجوي وتوثيق الأحداث وتنسيق فرق التشغيل حسب متطلبات الموقع. يساعد الحل على جمع المعلومات، وتوثيق الأحداث، وتحويل بيانات المراقبة إلى إجراءات قابلة للمراجعة دو,بطارية UAV صلبة FC-BT2 | drone accessories | UAV components | industrial UAV parts,بطارية UAV صلبة FC-BT2,بطارية UAV صلبة FC-BT2 Technical Specifications | اطلب الحل وعرض السعر | نظرة عامة | المواصفات الفنية | اطلب الحل وعرض السعر | صفحات ذات صلة,.next/server/app/ar/accessories/fc-bt2.html
/ar/accessories/fc-bt3,ar,strong,100,بطارية UAV صلبة عالية الجهد FC-BT3,4,true,true,true,true,true,1768,12,0.679,1,6,,بطارية UAV صلبة عالية الجهد FC-BT3 | N-TET Drone Accessories,يُستخدم بطارية UAV صلبة عالية الجهد FC-BT3 في تشغيل مرافق الطاقة والبنية التحتية، مع دعم تكامل مكونات UAV ودعم المنصات وتنسيق فرق التشغيل حسب متطلبات الموقع. يساعد الحل على جمع المعلومات، وتوثيق الأحداث، وتحويل بيانات المراقبة إلى إجراءات ق,بطارية UAV صلبة عالية الجهد FC-BT3 | drone accessories | UAV components | industrial UAV parts,بطارية UAV صلبة عالية الجهد FC-BT3,بطارية UAV صلبة عالية الجهد FC-BT3 Technical Specifications | اطلب الحل وعرض السعر | نظرة عامة | المواصفات الفنية | اطلب الحل وعرض السعر | صفحات ذات صلة,.next/server/app/ar/accessories/fc-bt3.html
/ar/accessories/fc-bt4,ar,strong,100,بطارية UAV صلبة عالية الطاقة FC-BT4,4,true,true,true,true,true,2626,12,0.457,1,6,,بطارية UAV صلبة عالية الطاقة FC-BT4 | N-TET Drone Accessories,يُستخدم بطارية UAV صلبة عالية الطاقة FC-BT4 في مراقبة المجال الجوي وتوثيق الأحداث، مع دعم الفحص الأمني وإدارة المواقع الحيوية وتنسيق فرق التشغيل حسب متطلبات الموقع. يساعد الحل على جمع المعلومات، وتوثيق الأحداث، وتحويل بيانات المراقبة إلى إج,بطارية UAV صلبة عالية الطاقة FC-BT4 | drone accessories | UAV components | industrial UAV parts,بطارية UAV صلبة عالية الطاقة FC-BT4,بطارية UAV صلبة عالية الطاقة FC-BT4 Technical Specifications | اطلب الحل وعرض السعر | نظرة عامة | المواصفات الفنية | اطلب الحل وعرض السعر | صفحات ذات صلة,.next/server/app/ar/accessories/fc-bt4.html
/ar/accessories/fc-btg,ar,strong,100,بطارية UAV تدريبية صلبة FC-BTG,4,true,true,true,true,true,1853,12,0.648,1,6,,بطارية UAV تدريبية صلبة FC-BTG | N-TET Drone Accessories,يُستخدم بطارية UAV تدريبية صلبة FC-BTG في تشغيل مرافق الطاقة والبنية التحتية، مع دعم تكامل مكونات UAV ودعم المنصات وتنسيق فرق التشغيل حسب متطلبات الموقع. يساعد الحل على جمع المعلومات، وتوثيق الأحداث، وتحويل بيانات المراقبة إلى إجراءات قابلة,بطارية UAV تدريبية صلبة FC-BTG | drone accessories | UAV components | industrial UAV parts,بطارية UAV تدريبية صلبة FC-BTG,بطارية UAV تدريبية صلبة FC-BTG Technical Specifications | اطلب الحل وعرض السعر | نظرة عامة | المواصفات الفنية | اطلب الحل وعرض السعر | صفحات ذات صلة,.next/server/app/ar/accessories/fc-btg.html
/ar/accessories/fc-c2d-propeller,ar,strong,100,مروحة UAV FC-C2D,4,true,true,true,true,true,1847,12,0.650,1,6,,مروحة UAV FC-C2D | N-TET Drone Accessories,يُستخدم مروحة UAV FC-C2D في تكامل مكونات UAV ودعم المنصات، مع دعم التحقق الميداني وتنسيق فرق التشغيل حسب متطلبات الموقع. يساعد الحل على جمع المعلومات، وتوثيق الأحداث، وتحويل بيانات المراقبة إلى إجراءات قابلة للمراجعة دون كشف تفاصيل تشغيلية,مروحة UAV FC-C2D | drone accessories | UAV components | industrial UAV parts,مروحة UAV FC-C2D,مروحة UAV FC-C2D Technical Specifications | اطلب الحل وعرض السعر | نظرة عامة | المواصفات الفنية | اطلب الحل وعرض السعر | صفحات ذات صلة,.next/server/app/ar/accessories/fc-c2d-propeller.html
/ar/accessories/fc-c2e-propeller,ar,strong,100,مروحة UAV FC-C2E,4,true,true,true,true,true,1737,12,0.691,1,6,,مروحة UAV FC-C2E | N-TET Drone Accessories,يُستخدم مروحة UAV FC-C2E في تكامل مكونات UAV ودعم المنصات، مع دعم التحقق الميداني وتنسيق فرق التشغيل حسب متطلبات الموقع. يساعد الحل على جمع المعلومات، وتوثيق الأحداث، وتحويل بيانات المراقبة إلى إجراءات قابلة للمراجعة دون كشف تفاصيل تشغيلية,مروحة UAV FC-C2E | drone accessories | UAV components | industrial UAV parts,مروحة UAV FC-C2E,مروحة UAV FC-C2E Technical Specifications | اطلب الحل وعرض السعر | نظرة عامة | المواصفات الفنية | اطلب الحل وعرض السعر | صفحات ذات صلة,.next/server/app/ar/accessories/fc-c2e-propeller.html
/ar/accessories/fc-c2t-propeller,ar,strong,100,مروحة UAV FC-C2T,4,true,true,true,true,true,1837,12,0.653,1,6,,مروحة UAV FC-C2T | N-TET Drone Accessories,يُستخدم مروحة UAV FC-C2T في تكامل مكونات UAV ودعم المنصات، مع دعم التحقق الميداني وتنسيق فرق التشغيل حسب متطلبات الموقع. يساعد الحل على جمع المعلومات، وتوثيق الأحداث، وتحويل بيانات المراقبة إلى إجراءات قابلة للمراجعة دون كشف تفاصيل تشغيلية,مروحة UAV FC-C2T | drone accessories | UAV components | industrial UAV parts,مروحة UAV FC-C2T,مروحة UAV FC-C2T Technical Specifications | اطلب الحل وعرض السعر | نظرة عامة | المواصفات الفنية | اطلب الحل وعرض السعر | صفحات ذات صلة,.next/server/app/ar/accessories/fc-c2t-propeller.html
/ar/accessories/fc-c2u-propeller,ar,strong,100,مروحة UAV FC-C2U,4,true,true,true,true,true,1837,12,0.653,1,6,,مروحة UAV FC-C2U | N-TET Drone Accessories,يُستخدم مروحة UAV FC-C2U في تكامل مكونات UAV ودعم المنصات، مع دعم التحقق الميداني وتنسيق فرق التشغيل حسب متطلبات الموقع. يساعد الحل على جمع المعلومات، وتوثيق الأحداث، وتحويل بيانات المراقبة إلى إجراءات قابلة للمراجعة دون كشف تفاصيل تشغيلية,مروحة UAV FC-C2U | drone accessories | UAV components | industrial UAV parts,مروحة UAV FC-C2U,مروحة UAV FC-C2U Technical Specifications | اطلب الحل وعرض السعر | نظرة عامة | المواصفات الفنية | اطلب الحل وعرض السعر | صفحات ذات صلة,.next/server/app/ar/accessories/fc-c2u-propeller.html
/ar/accessories/fc-c2ud-propeller,ar,strong,100,مروحة UAV FC-C2UD,4,true,true,true,true,true,1847,12,0.650,1,6,,مروحة UAV FC-C2UD | N-TET Drone Accessories,يُستخدم مروحة UAV FC-C2UD في تكامل مكونات UAV ودعم المنصات، مع دعم التحقق الميداني وتنسيق فرق التشغيل حسب متطلبات الموقع. يساعد الحل على جمع المعلومات، وتوثيق الأحداث، وتحويل بيانات المراقبة إلى إجراءات قابلة للمراجعة دون كشف تفاصيل تشغيلية,مروحة UAV FC-C2UD | drone accessories | UAV components | industrial UAV parts,مروحة UAV FC-C2UD,مروحة UAV FC-C2UD Technical Specifications | اطلب الحل وعرض السعر | نظرة عامة | المواصفات الفنية | اطلب الحل وعرض السعر | صفحات ذات صلة,.next/server/app/ar/accessories/fc-c2ud-propeller.html
/ar/accessories/fc-fdj-111,ar,strong,100,محرك UAV FC-FDJ-111,4,true,true,true,true,true,1533,12,0.783,1,6,,محرك UAV FC-FDJ-111 | N-TET Drone Accessories,يُستخدم محرك UAV FC-FDJ-111 في مراقبة المجال الجوي وتوثيق الأحداث، مع دعم تشغيل مرافق الطاقة والبنية التحتية وتنسيق فرق التشغيل حسب متطلبات الموقع. يساعد الحل على جمع المعلومات، وتوثيق الأحداث، وتحويل بيانات المراقبة إلى إجراءات قابلة للمرا,محرك UAV FC-FDJ-111 | drone accessories | UAV components | industrial UAV parts,محرك UAV FC-FDJ-111,محرك UAV FC-FDJ-111 Technical Specifications | اطلب الحل وعرض السعر | نظرة عامة | المواصفات الفنية | اطلب الحل وعرض السعر | صفحات ذات صلة,.next/server/app/ar/accessories/fc-fdj-111.html
/ar/accessories/fc-fdj-120,ar,strong,100,محرك UAV FC-FDJ-120,4,true,true,true,true,true,1531,12,0.784,1,6,,محرك UAV FC-FDJ-120 | N-TET Drone Accessories,يُستخدم محرك UAV FC-FDJ-120 في مراقبة المجال الجوي وتوثيق الأحداث، مع دعم تشغيل مرافق الطاقة والبنية التحتية وتنسيق فرق التشغيل حسب متطلبات الموقع. يساعد الحل على جمع المعلومات، وتوثيق الأحداث، وتحويل بيانات المراقبة إلى إجراءات قابلة للمرا,محرك UAV FC-FDJ-120 | drone accessories | UAV components | industrial UAV parts,محرك UAV FC-FDJ-120,محرك UAV FC-FDJ-120 Technical Specifications | اطلب الحل وعرض السعر | نظرة عامة | المواصفات الفنية | اطلب الحل وعرض السعر | صفحات ذات صلة,.next/server/app/ar/accessories/fc-fdj-120.html
/ar/accessories/fc-fdj-120hd,ar,strong,100,محرك UAV FC-FDJ-120HD,4,true,true,true,true,true,1503,12,0.798,1,6,,محرك UAV FC-FDJ-120HD | N-TET Drone Accessories,يُستخدم محرك UAV FC-FDJ-120HD في مراقبة المجال الجوي وتوثيق الأحداث، مع دعم تشغيل مرافق الطاقة والبنية التحتية وتنسيق فرق التشغيل حسب متطلبات الموقع. يساعد الحل على جمع المعلومات، وتوثيق الأحداث، وتحويل بيانات المراقبة إلى إجراءات قابلة للم,محرك UAV FC-FDJ-120HD | drone accessories | UAV components | industrial UAV parts,محرك UAV FC-FDJ-120HD,محرك UAV FC-FDJ-120HD Technical Specifications | اطلب الحل وعرض السعر | نظرة عامة | المواصفات الفنية | اطلب الحل وعرض السعر | صفحات ذات صلة,.next/server/app/ar/accessories/fc-fdj-120hd.html
/ar/accessories/fc-fdj-170,ar,strong,100,محرك UAV FC-FDJ-170,4,true,true,true,true,true,1521,12,0.789,1,6,,محرك UAV FC-FDJ-170 | N-TET Drone Accessories,يُستخدم محرك UAV FC-FDJ-170 في مراقبة المجال الجوي وتوثيق الأحداث، مع دعم تشغيل مرافق الطاقة والبنية التحتية وتنسيق فرق التشغيل حسب متطلبات الموقع. يساعد الحل على جمع المعلومات، وتوثيق الأحداث، وتحويل بيانات المراقبة إلى إجراءات قابلة للمرا,محرك UAV FC-FDJ-170 | drone accessories | UAV components | industrial UAV parts,محرك UAV FC-FDJ-170,محرك UAV FC-FDJ-170 Technical Specifications | اطلب الحل وعرض السعر | نظرة عامة | المواصفات الفنية | اطلب الحل وعرض السعر | صفحات ذات صلة,.next/server/app/ar/accessories/fc-fdj-170.html
/ar/accessories/fc-fdj-200,ar,strong,100,محرك UAV FC-FDJ-200,4,true,true,true,true,true,1491,12,0.805,1,6,,محرك UAV FC-FDJ-200 | N-TET Drone Accessories,يُستخدم محرك UAV FC-FDJ-200 في مراقبة المجال الجوي وتوثيق الأحداث، مع دعم تشغيل مرافق الطاقة والبنية التحتية وتنسيق فرق التشغيل حسب متطلبات الموقع. يساعد الحل على جمع المعلومات، وتوثيق الأحداث، وتحويل بيانات المراقبة إلى إجراءات قابلة للمرا,محرك UAV FC-FDJ-200 | drone accessories | UAV components | industrial UAV parts,محرك UAV FC-FDJ-200,محرك UAV FC-FDJ-200 Technical Specifications | اطلب الحل وعرض السعر | نظرة عامة | المواصفات الفنية | اطلب الحل وعرض السعر | صفحات ذات صلة,.next/server/app/ar/accessories/fc-fdj-200.html
/ar/accessories/fc-fdj-222,ar,strong,100,محرك UAV FC-FDJ-222,4,true,true,true,true,true,1527,12,0.786,1,6,,محرك UAV FC-FDJ-222 | N-TET Drone Accessories,يُستخدم محرك UAV FC-FDJ-222 في مراقبة المجال الجوي وتوثيق الأحداث، مع دعم تشغيل مرافق الطاقة والبنية التحتية وتنسيق فرق التشغيل حسب متطلبات الموقع. يساعد الحل على جمع المعلومات، وتوثيق الأحداث، وتحويل بيانات المراقبة إلى إجراءات قابلة للمرا,محرك UAV FC-FDJ-222 | drone accessories | UAV components | industrial UAV parts,محرك UAV FC-FDJ-222,محرك UAV FC-FDJ-222 Technical Specifications | اطلب الحل وعرض السعر | نظرة عامة | المواصفات الفنية | اطلب الحل وعرض السعر | صفحات ذات صلة,.next/server/app/ar/accessories/fc-fdj-222.html
/ar/accessories/fc-fdj-430,ar,strong,100,محرك UAV FC-FDJ-430,4,true,true,true,true,true,1541,12,0.779,1,6,,محرك UAV FC-FDJ-430 | N-TET Drone Accessories,يُستخدم محرك UAV FC-FDJ-430 في مراقبة المجال الجوي وتوثيق الأحداث، مع دعم تشغيل مرافق الطاقة والبنية التحتية وتنسيق فرق التشغيل حسب متطلبات الموقع. يساعد الحل على جمع المعلومات، وتوثيق الأحداث، وتحويل بيانات المراقبة إلى إجراءات قابلة للمرا,محرك UAV FC-FDJ-430 | drone accessories | UAV components | industrial UAV parts,محرك UAV FC-FDJ-430,محرك UAV FC-FDJ-430 Technical Specifications | اطلب الحل وعرض السعر | نظرة عامة | المواصفات الفنية | اطلب الحل وعرض السعر | صفحات ذات صلة,.next/server/app/ar/accessories/fc-fdj-430.html
/ar/accessories/fc-fdj-55,ar,strong,100,محرك UAV FC-FDJ-55,4,true,true,true,true,true,1533,12,0.783,1,6,,محرك UAV FC-FDJ-55 | N-TET Drone Accessories,يُستخدم محرك UAV FC-FDJ-55 في مراقبة المجال الجوي وتوثيق الأحداث، مع دعم تشغيل مرافق الطاقة والبنية التحتية وتنسيق فرق التشغيل حسب متطلبات الموقع. يساعد الحل على جمع المعلومات، وتوثيق الأحداث، وتحويل بيانات المراقبة إلى إجراءات قابلة للمراج,محرك UAV FC-FDJ-55 | drone accessories | UAV components | industrial UAV parts,محرك UAV FC-FDJ-55,محرك UAV FC-FDJ-55 Technical Specifications | اطلب الحل وعرض السعر | نظرة عامة | المواصفات الفنية | اطلب الحل وعرض السعر | صفحات ذات صلة,.next/server/app/ar/accessories/fc-fdj-55.html
/ar/accessories/fc-fdj-60,ar,strong,100,محرك UAV FC-FDJ-60,4,true,true,true,true,true,1531,12,0.784,1,6,,محرك UAV FC-FDJ-60 | N-TET Drone Accessories,يُستخدم محرك UAV FC-FDJ-60 في مراقبة المجال الجوي وتوثيق الأحداث، مع دعم تشغيل مرافق الطاقة والبنية التحتية وتنسيق فرق التشغيل حسب متطلبات الموقع. يساعد الحل على جمع المعلومات، وتوثيق الأحداث، وتحويل بيانات المراقبة إلى إجراءات قابلة للمراج,محرك UAV FC-FDJ-60 | drone accessories | UAV components | industrial UAV parts,محرك UAV FC-FDJ-60,محرك UAV FC-FDJ-60 Technical Specifications | اطلب الحل وعرض السعر | نظرة عامة | المواصفات الفنية | اطلب الحل وعرض السعر | صفحات ذات صلة,.next/server/app/ar/accessories/fc-fdj-60.html
/ar/accessories/fc-fdj-61,ar,strong,100,محرك UAV FC-FDJ-61,4,true,true,true,true,true,1527,12,0.786,1,6,,محرك UAV FC-FDJ-61 | N-TET Drone Accessories,يُستخدم محرك UAV FC-FDJ-61 في مراقبة المجال الجوي وتوثيق الأحداث، مع دعم تشغيل مرافق الطاقة والبنية التحتية وتنسيق فرق التشغيل حسب متطلبات الموقع. يساعد الحل على جمع المعلومات، وتوثيق الأحداث، وتحويل بيانات المراقبة إلى إجراءات قابلة للمراج,محرك UAV FC-FDJ-61 | drone accessories | UAV components | industrial UAV parts,محرك UAV FC-FDJ-61,محرك UAV FC-FDJ-61 Technical Specifications | اطلب الحل وعرض السعر | نظرة عامة | المواصفات الفنية | اطلب الحل وعرض السعر | صفحات ذات صلة,.next/server/app/ar/accessories/fc-fdj-61.html
/ar/accessories/fc-fdj-70hd,ar,strong,100,محرك UAV FC-FDJ-70HD,4,true,true,true,true,true,1503,12,0.798,1,6,,محرك UAV FC-FDJ-70HD | N-TET Drone Accessories,يُستخدم محرك UAV FC-FDJ-70HD في مراقبة المجال الجوي وتوثيق الأحداث، مع دعم تشغيل مرافق الطاقة والبنية التحتية وتنسيق فرق التشغيل حسب متطلبات الموقع. يساعد الحل على جمع المعلومات، وتوثيق الأحداث، وتحويل بيانات المراقبة إلى إجراءات قابلة للمر,محرك UAV FC-FDJ-70HD | drone accessories | UAV components | industrial UAV parts,محرك UAV FC-FDJ-70HD,محرك UAV FC-FDJ-70HD Technical Specifications | اطلب الحل وعرض السعر | نظرة عامة | المواصفات الفنية | اطلب الحل وعرض السعر | صفحات ذات صلة,.next/server/app/ar/accessories/fc-fdj-70hd.html
/ar/accessories/fc-fdj-85,ar,strong,100,محرك UAV FC-FDJ-85,4,true,true,true,true,true,1523,12,0.788,1,6,,محرك UAV FC-FDJ-85 | N-TET Drone Accessories,يُستخدم محرك UAV FC-FDJ-85 في مراقبة المجال الجوي وتوثيق الأحداث، مع دعم تشغيل مرافق الطاقة والبنية التحتية وتنسيق فرق التشغيل حسب متطلبات الموقع. يساعد الحل على جمع المعلومات، وتوثيق الأحداث، وتحويل بيانات المراقبة إلى إجراءات قابلة للمراج,محرك UAV FC-FDJ-85 | drone accessories | UAV components | industrial UAV parts,محرك UAV FC-FDJ-85,محرك UAV FC-FDJ-85 Technical Specifications | اطلب الحل وعرض السعر | نظرة عامة | المواصفات الفنية | اطلب الحل وعرض السعر | صفحات ذات صلة,.next/server/app/ar/accessories/fc-fdj-85.html
/ar/accessories/fc-l10tr-three-light-gimbal,ar,strong,100,حامل كهروبصري FC-L10TR,4,true,true,true,true,true,1601,12,0.750,1,6,,حامل كهروبصري FC-L10TR | N-TET Drone Accessories,يُستخدم حامل كهروبصري FC-L10TR في تكامل مكونات UAV ودعم المنصات، مع دعم التحقق الميداني وتنسيق فرق التشغيل حسب متطلبات الموقع. يساعد الحل على جمع المعلومات، وتوثيق الأحداث، وتحويل بيانات المراقبة إلى إجراءات قابلة للمراجعة دون كشف تفاصيل تش,حامل كهروبصري FC-L10TR | drone accessories | UAV components | industrial UAV parts,حامل كهروبصري FC-L10TR,حامل كهروبصري FC-L10TR Technical Specifications | اطلب الحل وعرض السعر | نظرة عامة | المواصفات الفنية | اطلب الحل وعرض السعر | صفحات ذات صلة,.next/server/app/ar/accessories/fc-l10tr-three-light-gimbal.html
/ar/accessories/fc-l40-smart-optical-pod,ar,strong,100,حامل كهروبصري FC-L40,4,true,true,true,true,true,1561,12,0.769,1,6,,حامل كهروبصري FC-L40 | N-TET Drone Accessories,يُستخدم حامل كهروبصري FC-L40 في تكامل مكونات UAV ودعم المنصات، مع دعم التحقق الميداني وتنسيق فرق التشغيل حسب متطلبات الموقع. يساعد الحل على جمع المعلومات، وتوثيق الأحداث، وتحويل بيانات المراقبة إلى إجراءات قابلة للمراجعة دون كشف تفاصيل تشغي,حامل كهروبصري FC-L40 | drone accessories | UAV components | industrial UAV parts,حامل كهروبصري FC-L40,حامل كهروبصري FC-L40 Technical Specifications | اطلب الحل وعرض السعر | نظرة عامة | المواصفات الفنية | اطلب الحل وعرض السعر | صفحات ذات صلة,.next/server/app/ar/accessories/fc-l40-smart-optical-pod.html
/ar/accessories/fc-l40t-dual-light-gimbal,ar,strong,100,حامل كهروبصري FC-L40T,4,true,true,true,true,true,1585,12,0.757,1,6,,حامل كهروبصري FC-L40T | N-TET Drone Accessories,يُستخدم حامل كهروبصري FC-L40T في تكامل مكونات UAV ودعم المنصات، مع دعم التحقق الميداني وتنسيق فرق التشغيل حسب متطلبات الموقع. يساعد الحل على جمع المعلومات، وتوثيق الأحداث، وتحويل بيانات المراقبة إلى إجراءات قابلة للمراجعة دون كشف تفاصيل تشغ,حامل كهروبصري FC-L40T | drone accessories | UAV components | industrial UAV parts,حامل كهروبصري FC-L40T,حامل كهروبصري FC-L40T Technical Specifications | اطلب الحل وعرض السعر | نظرة عامة | المواصفات الفنية | اطلب الحل وعرض السعر | صفحات ذات صلة,.next/server/app/ar/accessories/fc-l40t-dual-light-gimbal.html
/ar/accessories/fc-l40tr-smart-optical-pod,ar,strong,100,حامل كهروبصري FC-L40TR,4,true,true,true,true,true,1599,12,0.750,1,6,,حامل كهروبصري FC-L40TR | N-TET Drone Accessories,يُستخدم حامل كهروبصري FC-L40TR في تكامل مكونات UAV ودعم المنصات، مع دعم التحقق الميداني وتنسيق فرق التشغيل حسب متطلبات الموقع. يساعد الحل على جمع المعلومات، وتوثيق الأحداث، وتحويل بيانات المراقبة إلى إجراءات قابلة للمراجعة دون كشف تفاصيل تش,حامل كهروبصري FC-L40TR | drone accessories | UAV components | industrial UAV parts,حامل كهروبصري FC-L40TR,حامل كهروبصري FC-L40TR Technical Specifications | اطلب الحل وعرض السعر | نظرة عامة | المواصفات الفنية | اطلب الحل وعرض السعر | صفحات ذات صلة,.next/server/app/ar/accessories/fc-l40tr-smart-optical-pod.html
/ar/accessories/fc-l50-smart-optical-pod,ar,strong,100,حامل كهروبصري FC-L50,4,true,true,true,true,true,1573,12,0.763,1,6,,حامل كهروبصري FC-L50 | N-TET Drone Accessories,يُستخدم حامل كهروبصري FC-L50 في تكامل مكونات UAV ودعم المنصات، مع دعم التحقق الميداني وتنسيق فرق التشغيل حسب متطلبات الموقع. يساعد الحل على جمع المعلومات، وتوثيق الأحداث، وتحويل بيانات المراقبة إلى إجراءات قابلة للمراجعة دون كشف تفاصيل تشغي,حامل كهروبصري FC-L50 | drone accessories | UAV components | industrial UAV parts,حامل كهروبصري FC-L50,حامل كهروبصري FC-L50 Technical Specifications | اطلب الحل وعرض السعر | نظرة عامة | المواصفات الفنية | اطلب الحل وعرض السعر | صفحات ذات صلة,.next/server/app/ar/accessories/fc-l50-smart-optical-pod.html
/ar/accessories/fc-ln100-dual-light-gimbal,ar,strong,100,حامل كهروبصري FC-LN100,4,true,true,true,true,true,1601,12,0.750,1,6,,حامل كهروبصري FC-LN100 | N-TET Drone Accessories,يُستخدم حامل كهروبصري FC-LN100 في تشغيل مرافق الطاقة والبنية التحتية، مع دعم تكامل مكونات UAV ودعم المنصات وتنسيق فرق التشغيل حسب متطلبات الموقع. يساعد الحل على جمع المعلومات، وتوثيق الأحداث، وتحويل بيانات المراقبة إلى إجراءات قابلة للمراجع,حامل كهروبصري FC-LN100 | drone accessories | UAV components | industrial UAV parts,حامل كهروبصري FC-LN100,حامل كهروبصري FC-LN100 Technical Specifications | اطلب الحل وعرض السعر | نظرة عامة | المواصفات الفنية | اطلب الحل وعرض السعر | صفحات ذات صلة,.next/server/app/ar/accessories/fc-ln100-dual-light-gimbal.html
/ar/accessories/fc-ln95-dual-light-gimbal,ar,strong,100,حامل كهروبصري FC-LN95,4,true,true,true,true,true,1557,12,0.771,1,6,,حامل كهروبصري FC-LN95 | N-TET Drone Accessories,يُستخدم حامل كهروبصري FC-LN95 في تكامل مكونات UAV ودعم المنصات، مع دعم التحقق الميداني وتنسيق فرق التشغيل حسب متطلبات الموقع. يساعد الحل على جمع المعلومات، وتوثيق الأحداث، وتحويل بيانات المراقبة إلى إجراءات قابلة للمراجعة دون كشف تفاصيل تشغ,حامل كهروبصري FC-LN95 | drone accessories | UAV components | industrial UAV parts,حامل كهروبصري FC-LN95,حامل كهروبصري FC-LN95 Technical Specifications | اطلب الحل وعرض السعر | نظرة عامة | المواصفات الفنية | اطلب الحل وعرض السعر | صفحات ذات صلة,.next/server/app/ar/accessories/fc-ln95-dual-light-gimbal.html
/ar/accessories/fc-max-5330,ar,strong,100,محرك UAV FC-MAX 5330,4,true,true,true,true,true,7604,12,0.158,1,6,,محرك UAV FC-MAX 5330 | N-TET Drone Accessories,يُستخدم محرك UAV FC-MAX 5330 في تكامل مكونات UAV ودعم المنصات، مع دعم التحقق الميداني وتنسيق فرق التشغيل حسب متطلبات الموقع. يساعد الحل على جمع المعلومات، وتوثيق الأحداث، وتحويل بيانات المراقبة إلى إجراءات قابلة للمراجعة دون كشف تفاصيل تشغي,محرك UAV FC-MAX 5330 | drone accessories | UAV components | industrial UAV parts,محرك UAV FC-MAX 5330,محرك UAV FC-MAX 5330 Technical Specifications | اطلب الحل وعرض السعر | نظرة عامة | المواصفات الفنية | اطلب الحل وعرض السعر | صفحات ذات صلة,.next/server/app/ar/accessories/fc-max-5330.html
/ar/accessories/fc-mesh-100,ar,strong,100,رابط بيانات UAV FC-Mesh-100,4,true,true,true,true,true,1524,12,0.787,1,6,,رابط بيانات UAV FC-Mesh-100 | N-TET Drone Accessories,يُستخدم رابط بيانات UAV FC-Mesh-100 في الدعم الطارئ واستمرارية العمليات، مع دعم تكامل مكونات UAV ودعم المنصات وتنسيق فرق التشغيل حسب متطلبات الموقع. يساعد الحل على جمع المعلومات، وتوثيق الأحداث، وتحويل بيانات المراقبة إلى إجراءات قابلة للمر,رابط بيانات UAV FC-Mesh-100 | drone accessories | UAV components | industrial UAV parts,رابط بيانات UAV FC-Mesh-100,رابط بيانات UAV FC-Mesh-100 Technical Specifications | اطلب الحل وعرض السعر | نظرة عامة | المواصفات الفنية | اطلب الحل وعرض السعر | صفحات ذات صلة,.next/server/app/ar/accessories/fc-mesh-100.html
/ar/accessories/fc-mini-l10tr-smart-optical-pod,ar,strong,100,حامل كهروبصري FC-MiniL10TR,4,true,true,true,true,true,1565,12,0.767,1,6,,حامل كهروبصري FC-MiniL10TR | N-TET Drone Accessories,يُستخدم حامل كهروبصري FC-MiniL10TR في تكامل مكونات UAV ودعم المنصات، مع دعم التحقق الميداني وتنسيق فرق التشغيل حسب متطلبات الموقع. يساعد الحل على جمع المعلومات، وتوثيق الأحداث، وتحويل بيانات المراقبة إلى إجراءات قابلة للمراجعة دون كشف تفاصي,حامل كهروبصري FC-MiniL10TR | drone accessories | UAV components | industrial UAV parts,حامل كهروبصري FC-MiniL10TR,حامل كهروبصري FC-MiniL10TR Technical Specifications | اطلب الحل وعرض السعر | نظرة عامة | المواصفات الفنية | اطلب الحل وعرض السعر | صفحات ذات صلة,.next/server/app/ar/accessories/fc-mini-l10tr-smart-optical-pod.html
/ar/accessories/fc-pab-propeller,ar,strong,100,مروحة UAV FC-PAB,4,true,true,true,true,true,1841,12,0.652,1,6,,مروحة UAV FC-PAB | N-TET Drone Accessories,يُستخدم مروحة UAV FC-PAB في تكامل مكونات UAV ودعم المنصات، مع دعم التحقق الميداني وتنسيق فرق التشغيل حسب متطلبات الموقع. يساعد الحل على جمع المعلومات، وتوثيق الأحداث، وتحويل بيانات المراقبة إلى إجراءات قابلة للمراجعة دون كشف تفاصيل تشغيلية,مروحة UAV FC-PAB | drone accessories | UAV components | industrial UAV parts,مروحة UAV FC-PAB,مروحة UAV FC-PAB Technical Specifications | اطلب الحل وعرض السعر | نظرة عامة | المواصفات الفنية | اطلب الحل وعرض السعر | صفحات ذات صلة,.next/server/app/ar/accessories/fc-pab-propeller.html
/ar/accessories/fc-pad-propeller,ar,strong,100,مروحة UAV FC-PAD,4,true,true,true,true,true,1841,12,0.652,1,6,,مروحة UAV FC-PAD | N-TET Drone Accessories,يُستخدم مروحة UAV FC-PAD في تكامل مكونات UAV ودعم المنصات، مع دعم التحقق الميداني وتنسيق فرق التشغيل حسب متطلبات الموقع. يساعد الحل على جمع المعلومات، وتوثيق الأحداث، وتحويل بيانات المراقبة إلى إجراءات قابلة للمراجعة دون كشف تفاصيل تشغيلية,مروحة UAV FC-PAD | drone accessories | UAV components | industrial UAV parts,مروحة UAV FC-PAD,مروحة UAV FC-PAD Technical Specifications | اطلب الحل وعرض السعر | نظرة عامة | المواصفات الفنية | اطلب الحل وعرض السعر | صفحات ذات صلة,.next/server/app/ar/accessories/fc-pad-propeller.html
/ar/accessories/fc-pae-propeller,ar,strong,100,مروحة UAV FC-PAE,4,true,true,true,true,true,1851,12,0.648,1,6,,مروحة UAV FC-PAE | N-TET Drone Accessories,يُستخدم مروحة UAV FC-PAE في تكامل مكونات UAV ودعم المنصات، مع دعم التحقق الميداني وتنسيق فرق التشغيل حسب متطلبات الموقع. يساعد الحل على جمع المعلومات، وتوثيق الأحداث، وتحويل بيانات المراقبة إلى إجراءات قابلة للمراجعة دون كشف تفاصيل تشغيلية,مروحة UAV FC-PAE | drone accessories | UAV components | industrial UAV parts,مروحة UAV FC-PAE,مروحة UAV FC-PAE Technical Specifications | اطلب الحل وعرض السعر | نظرة عامة | المواصفات الفنية | اطلب الحل وعرض السعر | صفحات ذات صلة,.next/server/app/ar/accessories/fc-pae-propeller.html
/ar/accessories/fc-pbf-propeller,ar,strong,100,مروحة UAV FC-PBF,4,true,true,true,true,true,1741,12,0.689,1,6,,مروحة UAV FC-PBF | N-TET Drone Accessories,يُستخدم مروحة UAV FC-PBF في تكامل مكونات UAV ودعم المنصات، مع دعم التحقق الميداني وتنسيق فرق التشغيل حسب متطلبات الموقع. يساعد الحل على جمع المعلومات، وتوثيق الأحداث، وتحويل بيانات المراقبة إلى إجراءات قابلة للمراجعة دون كشف تفاصيل تشغيلية,مروحة UAV FC-PBF | drone accessories | UAV components | industrial UAV parts,مروحة UAV FC-PBF,مروحة UAV FC-PBF Technical Specifications | اطلب الحل وعرض السعر | نظرة عامة | المواصفات الفنية | اطلب الحل وعرض السعر | صفحات ذات صلة,.next/server/app/ar/accessories/fc-pbf-propeller.html
/ar/accessories/fc-rm10x,ar,strong,100,محرك UAV FC-RM10X,4,true,true,true,true,true,2665,12,0.450,1,6,,محرك UAV FC-RM10X | N-TET Drone Accessories,يُستخدم محرك UAV FC-RM10X في تكامل مكونات UAV ودعم المنصات، مع دعم التحقق الميداني وتنسيق فرق التشغيل حسب متطلبات الموقع. يساعد الحل على جمع المعلومات، وتوثيق الأحداث، وتحويل بيانات المراقبة إلى إجراءات قابلة للمراجعة دون كشف تفاصيل تشغيلية,محرك UAV FC-RM10X | drone accessories | UAV components | industrial UAV parts,محرك UAV FC-RM10X,محرك UAV FC-RM10X Technical Specifications | اطلب الحل وعرض السعر | نظرة عامة | المواصفات الفنية | اطلب الحل وعرض السعر | صفحات ذات صلة,.next/server/app/ar/accessories/fc-rm10x.html
/ar/accessories/fc-rm30,ar,strong,100,محرك UAV FC-RM30,4,true,true,true,true,true,8935,12,0.134,1,6,,محرك UAV FC-RM30 | N-TET Drone Accessories,يُستخدم محرك UAV FC-RM30 في تكامل مكونات UAV ودعم المنصات، مع دعم التحقق الميداني وتنسيق فرق التشغيل حسب متطلبات الموقع. يساعد الحل على جمع المعلومات، وتوثيق الأحداث، وتحويل بيانات المراقبة إلى إجراءات قابلة للمراجعة دون كشف تفاصيل تشغيلية,محرك UAV FC-RM30 | drone accessories | UAV components | industrial UAV parts,محرك UAV FC-RM30,محرك UAV FC-RM30 Technical Specifications | اطلب الحل وعرض السعر | نظرة عامة | المواصفات الفنية | اطلب الحل وعرض السعر | صفحات ذات صلة,.next/server/app/ar/accessories/fc-rm30.html
/ar/accessories/fc-sjl-100,ar,strong,100,رابط بيانات UAV FC-SJL-100,4,true,true,true,true,true,1518,12,0.791,1,6,,رابط بيانات UAV FC-SJL-100 | N-TET Drone Accessories,يُستخدم رابط بيانات UAV FC-SJL-100 في مراقبة المجال الجوي وتوثيق الأحداث، مع دعم تشغيل مرافق الطاقة والبنية التحتية وتنسيق فرق التشغيل حسب متطلبات الموقع. يساعد الحل على جمع المعلومات، وتوثيق الأحداث، وتحويل بيانات المراقبة إلى إجراءات قابل,رابط بيانات UAV FC-SJL-100 | drone accessories | UAV components | industrial UAV parts,رابط بيانات UAV FC-SJL-100,رابط بيانات UAV FC-SJL-100 Technical Specifications | اطلب الحل وعرض السعر | نظرة عامة | المواصفات الفنية | اطلب الحل وعرض السعر | صفحات ذات صلة,.next/server/app/ar/accessories/fc-sjl-100.html
/ar/accessories/fc-sjl-200,ar,strong,100,رابط بيانات UAV FC-SJL-200,4,true,true,true,true,true,1534,12,0.782,1,6,,رابط بيانات UAV FC-SJL-200 | N-TET Drone Accessories,يُستخدم رابط بيانات UAV FC-SJL-200 في تشغيل مرافق الطاقة والبنية التحتية، مع دعم تكامل مكونات UAV ودعم المنصات وتنسيق فرق التشغيل حسب متطلبات الموقع. يساعد الحل على جمع المعلومات، وتوثيق الأحداث، وتحويل بيانات المراقبة إلى إجراءات قابلة للم,رابط بيانات UAV FC-SJL-200 | drone accessories | UAV components | industrial UAV parts,رابط بيانات UAV FC-SJL-200,رابط بيانات UAV FC-SJL-200 Technical Specifications | اطلب الحل وعرض السعر | نظرة عامة | المواصفات الفنية | اطلب الحل وعرض السعر | صفحات ذات صلة,.next/server/app/ar/accessories/fc-sjl-200.html
/ar/accessories/fc-sjl-30,ar,strong,100,رابط بيانات UAV FC-SJL-30,4,true,true,true,true,true,1518,12,0.791,1,6,,رابط بيانات UAV FC-SJL-30 | N-TET Drone Accessories,يُستخدم رابط بيانات UAV FC-SJL-30 في تكامل مكونات UAV ودعم المنصات، مع دعم التحقق الميداني وتنسيق فرق التشغيل حسب متطلبات الموقع. يساعد الحل على جمع المعلومات، وتوثيق الأحداث، وتحويل بيانات المراقبة إلى إجراءات قابلة للمراجعة دون كشف تفاصيل,رابط بيانات UAV FC-SJL-30 | drone accessories | UAV components | industrial UAV parts,رابط بيانات UAV FC-SJL-30,رابط بيانات UAV FC-SJL-30 Technical Specifications | اطلب الحل وعرض السعر | نظرة عامة | المواصفات الفنية | اطلب الحل وعرض السعر | صفحات ذات صلة,.next/server/app/ar/accessories/fc-sjl-30.html
/ar/accessories/fc-sjl-380,ar,strong,100,رابط بيانات UAV FC-SJL-380,4,true,true,true,true,true,1526,12,0.786,1,6,,رابط بيانات UAV FC-SJL-380 | N-TET Drone Accessories,يُستخدم رابط بيانات UAV FC-SJL-380 في تشغيل مرافق الطاقة والبنية التحتية، مع دعم تكامل مكونات UAV ودعم المنصات وتنسيق فرق التشغيل حسب متطلبات الموقع. يساعد الحل على جمع المعلومات، وتوثيق الأحداث، وتحويل بيانات المراقبة إلى إجراءات قابلة للم,رابط بيانات UAV FC-SJL-380 | drone accessories | UAV components | industrial UAV parts,رابط بيانات UAV FC-SJL-380,رابط بيانات UAV FC-SJL-380 Technical Specifications | اطلب الحل وعرض السعر | نظرة عامة | المواصفات الفنية | اطلب الحل وعرض السعر | صفحات ذات صلة,.next/server/app/ar/accessories/fc-sjl-380.html
/ar/accessories/fc-sjl-50,ar,strong,100,رابط بيانات UAV FC-SJL-50,4,true,true,true,true,true,1524,12,0.787,1,6,,رابط بيانات UAV FC-SJL-50 | N-TET Drone Accessories,يُستخدم رابط بيانات UAV FC-SJL-50 في تكامل مكونات UAV ودعم المنصات، مع دعم التحقق الميداني وتنسيق فرق التشغيل حسب متطلبات الموقع. يساعد الحل على جمع المعلومات، وتوثيق الأحداث، وتحويل بيانات المراقبة إلى إجراءات قابلة للمراجعة دون كشف تفاصيل,رابط بيانات UAV FC-SJL-50 | drone accessories | UAV components | industrial UAV parts,رابط بيانات UAV FC-SJL-50,رابط بيانات UAV FC-SJL-50 Technical Specifications | اطلب الحل وعرض السعر | نظرة عامة | المواصفات الفنية | اطلب الحل وعرض السعر | صفحات ذات صلة,.next/server/app/ar/accessories/fc-sjl-50.html
/ar/accessories/fc-u10-pro,ar,strong,100,وحدة تحكم بالطيران FC-U10-PRO,4,true,true,true,true,true,1502,12,0.799,1,6,,وحدة تحكم بالطيران FC-U10-PRO | N-TET Drone Accessories,يُستخدم وحدة تحكم بالطيران FC-U10-PRO في تشغيل مرافق الطاقة والبنية التحتية، مع دعم تكامل مكونات UAV ودعم المنصات وتنسيق فرق التشغيل حسب متطلبات الموقع. يساعد الحل على جمع المعلومات، وتوثيق الأحداث، وتحويل بيانات المراقبة إلى إجراءات قابلة,وحدة تحكم بالطيران FC-U10-PRO | drone accessories | UAV components | industrial UAV parts,وحدة تحكم بالطيران FC-U10-PRO,وحدة تحكم بالطيران FC-U10-PRO Technical Specifications | اطلب الحل وعرض السعر | نظرة عامة | المواصفات الفنية | اطلب الحل وعرض السعر | صفحات ذات صلة,.next/server/app/ar/accessories/fc-u10-pro.html
/ar/accessories/fc-u110,ar,strong,100,محرك UAV FC-U110,4,true,true,true,true,true,8475,12,0.142,1,6,,محرك UAV FC-U110 | N-TET Drone Accessories,يُستخدم محرك UAV FC-U110 في تكامل مكونات UAV ودعم المنصات، مع دعم التحقق الميداني وتنسيق فرق التشغيل حسب متطلبات الموقع. يساعد الحل على جمع المعلومات، وتوثيق الأحداث، وتحويل بيانات المراقبة إلى إجراءات قابلة للمراجعة دون كشف تفاصيل تشغيلية,محرك UAV FC-U110 | drone accessories | UAV components | industrial UAV parts,محرك UAV FC-U110,محرك UAV FC-U110 Technical Specifications | اطلب الحل وعرض السعر | نظرة عامة | المواصفات الفنية | اطلب الحل وعرض السعر | صفحات ذات صلة,.next/server/app/ar/accessories/fc-u110.html
/ar/accessories/fc-u12,ar,strong,100,وحدة تحكم بالطيران FC-U12,4,true,true,true,true,true,1496,12,0.802,1,6,,وحدة تحكم بالطيران FC-U12 | N-TET Drone Accessories,يُستخدم وحدة تحكم بالطيران FC-U12 في تكامل مكونات UAV ودعم المنصات، مع دعم التحقق الميداني وتنسيق فرق التشغيل حسب متطلبات الموقع. يساعد الحل على جمع المعلومات، وتوثيق الأحداث، وتحويل بيانات المراقبة إلى إجراءات قابلة للمراجعة دون كشف تفاصيل,وحدة تحكم بالطيران FC-U12 | drone accessories | UAV components | industrial UAV parts,وحدة تحكم بالطيران FC-U12,وحدة تحكم بالطيران FC-U12 Technical Specifications | اطلب الحل وعرض السعر | نظرة عامة | المواصفات الفنية | اطلب الحل وعرض السعر | صفحات ذات صلة,.next/server/app/ar/accessories/fc-u12.html
/ar/accessories/fc-u8013,ar,strong,100,محرك UAV FC-U8013,4,true,true,true,true,true,1646,12,0.729,1,6,,محرك UAV FC-U8013 | N-TET Drone Accessories,يُستخدم محرك UAV FC-U8013 في تكامل مكونات UAV ودعم المنصات، مع دعم التحقق الميداني وتنسيق فرق التشغيل حسب متطلبات الموقع. يساعد الحل على جمع المعلومات، وتوثيق الأحداث، وتحويل بيانات المراقبة إلى إجراءات قابلة للمراجعة دون كشف تفاصيل تشغيلية,محرك UAV FC-U8013 | drone accessories | UAV components | industrial UAV parts,محرك UAV FC-U8013,محرك UAV FC-U8013 Technical Specifications | اطلب الحل وعرض السعر | نظرة عامة | المواصفات الفنية | اطلب الحل وعرض السعر | صفحات ذات صلة,.next/server/app/ar/accessories/fc-u8013.html
/ar/accessories/fc-u9-ag,ar,strong,100,وحدة تحكم بالطيران الزراعي FC-U9-AG,4,true,true,true,true,true,1529,12,0.785,1,6,,وحدة تحكم بالطيران الزراعي FC-U9-AG | N-TET Drone Accessories,يُستخدم وحدة تحكم بالطيران الزراعي FC-U9-AG في مراقبة المجال الجوي وتوثيق الأحداث، مع دعم تكامل مكونات UAV ودعم المنصات وتنسيق فرق التشغيل حسب متطلبات الموقع. يساعد الحل على جمع المعلومات، وتوثيق الأحداث، وتحويل بيانات المراقبة إلى إجراءات,وحدة تحكم بالطيران الزراعي FC-U9-AG | drone accessories | UAV components | industrial UAV parts,وحدة تحكم بالطيران الزراعي FC-U9-AG,وحدة تحكم بالطيران الزراعي FC-U9-AG Technical Specifications | اطلب الحل وعرض السعر | نظرة عامة | المواصفات الفنية | اطلب الحل وعرض السعر | صفحات ذات صلة,.next/server/app/ar/accessories/fc-u9-ag.html
/ar/accessories/fc-w2u-propeller,ar,strong,100,مروحة UAV FC-W2U,4,true,true,true,true,true,1737,12,0.691,1,6,,مروحة UAV FC-W2U | N-TET Drone Accessories,يُستخدم مروحة UAV FC-W2U في تكامل مكونات UAV ودعم المنصات، مع دعم التحقق الميداني وتنسيق فرق التشغيل حسب متطلبات الموقع. يساعد الحل على جمع المعلومات، وتوثيق الأحداث، وتحويل بيانات المراقبة إلى إجراءات قابلة للمراجعة دون كشف تفاصيل تشغيلية,مروحة UAV FC-W2U | drone accessories | UAV components | industrial UAV parts,مروحة UAV FC-W2U,مروحة UAV FC-W2U Technical Specifications | اطلب الحل وعرض السعر | نظرة عامة | المواصفات الفنية | اطلب الحل وعرض السعر | صفحات ذات صلة,.next/server/app/ar/accessories/fc-w2u-propeller.html
/ar/accessories/fc-x8030,ar,strong,100,محرك UAV FC-X8030,4,true,true,true,true,true,6909,12,0.174,1,6,,محرك UAV FC-X8030 | N-TET Drone Accessories,يُستخدم محرك UAV FC-X8030 في تكامل مكونات UAV ودعم المنصات، مع دعم التحقق الميداني وتنسيق فرق التشغيل حسب متطلبات الموقع. يساعد الحل على جمع المعلومات، وتوثيق الأحداث، وتحويل بيانات المراقبة إلى إجراءات قابلة للمراجعة دون كشف تفاصيل تشغيلية,محرك UAV FC-X8030 | drone accessories | UAV components | industrial UAV parts,محرك UAV FC-X8030,محرك UAV FC-X8030 Technical Specifications | اطلب الحل وعرض السعر | نظرة عامة | المواصفات الفنية | اطلب الحل وعرض السعر | صفحات ذات صلة,.next/server/app/ar/accessories/fc-x8030.html
/ar/accessories/fc-xh14,ar,strong,100,محرك UAV FC-XH14,4,true,true,true,true,true,3645,12,0.329,1,6,,محرك UAV FC-XH14 | N-TET Drone Accessories,يُستخدم محرك UAV FC-XH14 في تكامل مكونات UAV ودعم المنصات، مع دعم التحقق الميداني وتنسيق فرق التشغيل حسب متطلبات الموقع. يساعد الحل على جمع المعلومات، وتوثيق الأحداث، وتحويل بيانات المراقبة إلى إجراءات قابلة للمراجعة دون كشف تفاصيل تشغيلية,محرك UAV FC-XH14 | drone accessories | UAV components | industrial UAV parts,محرك UAV FC-XH14,محرك UAV FC-XH14 Technical Specifications | اطلب الحل وعرض السعر | نظرة عامة | المواصفات الفنية | اطلب الحل وعرض السعر | صفحات ذات صلة,.next/server/app/ar/accessories/fc-xh14.html
/ar/accessories/fc-yk15-remote-controller,ar,strong,100,وحدة تحكم عن بُعد UAV FC-YK15,4,true,true,true,true,true,1553,12,0.773,1,6,,وحدة تحكم عن بُعد UAV FC-YK15 | N-TET Drone Accessories,يُستخدم وحدة تحكم عن بُعد UAV FC-YK15 في تشغيل مرافق الطاقة والبنية التحتية، مع دعم تكامل مكونات UAV ودعم المنصات وتنسيق فرق التشغيل حسب متطلبات الموقع. يساعد الحل على جمع المعلومات، وتوثيق الأحداث، وتحويل بيانات المراقبة إلى إجراءات قابلة,وحدة تحكم عن بُعد UAV FC-YK15 | drone accessories | UAV components | industrial UAV parts,وحدة تحكم عن بُعد UAV FC-YK15,وحدة تحكم عن بُعد UAV FC-YK15 Technical Specifications | اطلب الحل وعرض السعر | نظرة عامة | المواصفات الفنية | اطلب الحل وعرض السعر | صفحات ذات صلة,.next/server/app/ar/accessories/fc-yk15-remote-controller.html
/ar/accessories/fc-yk24-remote-controller,ar,strong,100,وحدة تحكم عن بُعد UAV FC-YK24,4,true,true,true,true,true,1563,12,0.768,1,6,,وحدة تحكم عن بُعد UAV FC-YK24 | N-TET Drone Accessories,يُستخدم وحدة تحكم عن بُعد UAV FC-YK24 في تكامل مكونات UAV ودعم المنصات، مع دعم التحقق الميداني وتنسيق فرق التشغيل حسب متطلبات الموقع. يساعد الحل على جمع المعلومات، وتوثيق الأحداث، وتحويل بيانات المراقبة إلى إجراءات قابلة للمراجعة دون كشف تف,وحدة تحكم عن بُعد UAV FC-YK24 | drone accessories | UAV components | industrial UAV parts,وحدة تحكم عن بُعد UAV FC-YK24,وحدة تحكم عن بُعد UAV FC-YK24 Technical Specifications | اطلب الحل وعرض السعر | نظرة عامة | المواصفات الفنية | اطلب الحل وعرض السعر | صفحات ذات صلة,.next/server/app/ar/accessories/fc-yk24-remote-controller.html
/ar/accessories/fc-yk32-remote-controller,ar,strong,100,وحدة تحكم عن بُعد UAV FC-YK32,4,true,true,true,true,true,1561,12,0.769,1,6,,وحدة تحكم عن بُعد UAV FC-YK32 | N-TET Drone Accessories,يُستخدم وحدة تحكم عن بُعد UAV FC-YK32 في تشغيل مرافق الطاقة والبنية التحتية، مع دعم تكامل مكونات UAV ودعم المنصات وتنسيق فرق التشغيل حسب متطلبات الموقع. يساعد الحل على جمع المعلومات، وتوثيق الأحداث، وتحويل بيانات المراقبة إلى إجراءات قابلة,وحدة تحكم عن بُعد UAV FC-YK32 | drone accessories | UAV components | industrial UAV parts,وحدة تحكم عن بُعد UAV FC-YK32,وحدة تحكم عن بُعد UAV FC-YK32 Technical Specifications | اطلب الحل وعرض السعر | نظرة عامة | المواصفات الفنية | اطلب الحل وعرض السعر | صفحات ذات صلة,.next/server/app/ar/accessories/fc-yk32-remote-controller.html
/ar/accessories/fc-ykrc7-remote-controller,ar,strong,100,وحدة تحكم عن بُعد UAV FC-YKRC7,4,true,true,true,true,true,1567,12,0.766,1,6,,وحدة تحكم عن بُعد UAV FC-YKRC7 | N-TET Drone Accessories,يُستخدم وحدة تحكم عن بُعد UAV FC-YKRC7 في مراقبة المجال الجوي وتوثيق الأحداث، مع دعم تشغيل مرافق الطاقة والبنية التحتية وتنسيق فرق التشغيل حسب متطلبات الموقع. يساعد الحل على جمع المعلومات، وتوثيق الأحداث، وتحويل بيانات المراقبة إلى إجراءات,وحدة تحكم عن بُعد UAV FC-YKRC7 | drone accessories | UAV components | industrial UAV parts,وحدة تحكم عن بُعد UAV FC-YKRC7,وحدة تحكم عن بُعد UAV FC-YKRC7 Technical Specifications | اطلب الحل وعرض السعر | نظرة عامة | المواصفات الفنية | اطلب الحل وعرض السعر | صفحات ذات صلة,.next/server/app/ar/accessories/fc-ykrc7-remote-controller.html
/ar/cases,ar,strong,85,حالات تفتيش ومراقبة UAV,5,true,true,true,false,true,1287,16,1.243,1,3,H2 未命中关键词,حالات تفتيش ومراقبة UAV | N-TET,"حالات تفتيش ومراقبة UAV هو موضوع البحث الرئيسي لهذه الصفحة، مع تغطية مرتبطة بـ حالات استخدام UAV, دوريات UAV, مراقبة الارتفاع المنخفض.",حالات تفتيش ومراقبة UAV | حالات استخدام UAV | دوريات UAV | مراقبة الارتفاع المنخفض | تفتيش UAV,حالات تفتيش ومراقبة UAV,حالات UAV حسب المنطقة والسيناريو | اطلب الحل وعرض السعر | اطلب الحل وعرض السعر,.next/server/app/ar/cases.html
/ar/cases/anhui-flood-season-uav-patrol,ar,strong,100,دوريات UAV طارئة خلال موسم الفيضانات في آنهوي,2,true,true,true,true,true,1343,8,0.596,1,7,,دوريات UAV طارئة خلال موسم الفيضانات في آنهوي | N-TET,يُستخدم دوريات UAV طارئة خلال موسم الفيضانات في آنهوي في التفتيش الميداني والصيانة، مع دعم الدعم الطارئ واستمرارية العمليات وتنسيق فرق التشغيل حسب متطلبات الموقع. يساعد الحل على جمع المعلومات، وتوثيق الأحداث، وتحويل بيانات المراقبة إلى إجرا,دوريات UAV طارئة خلال موسم الفيضانات في آنهوي | N-TET,دوريات UAV طارئة خلال موسم الفيضانات في آنهوي,دوريات UAV طارئة خلال موسم الفيضانات في آنهوي Project Overview | معدات ذات صلة | اطلب الحل وعرض السعر | نظرة عامة | معدات ذات صلة | اطلب الحل وعرض السعر | صفحات ذات صلة,.next/server/app/ar/cases/anhui-flood-season-uav-patrol.html
/ar/cases/brazil-refinery-low-altitude-monitoring,ar,strong,100,حالة مراقبة المجال الجوي لمصفاة في البرازيل,2,true,true,true,true,true,1276,8,0.627,1,7,,حالة مراقبة المجال الجوي لمصفاة في البرازيل | N-TET,يُستخدم حالة مراقبة المجال الجوي لمصفاة في البرازيل في التفتيش الميداني والصيانة، مع دعم مراقبة المجال الجوي وتوثيق الأحداث وتنسيق فرق التشغيل حسب متطلبات الموقع. يساعد الحل على جمع المعلومات، وتوثيق الأحداث، وتحويل بيانات المراقبة إلى إجرا,حالة مراقبة المجال الجوي لمصفاة في البرازيل | N-TET,حالة مراقبة المجال الجوي لمصفاة في البرازيل,حالة مراقبة المجال الجوي لمصفاة في البرازيل Project Overview | معدات ذات صلة | اطلب الحل وعرض السعر | نظرة عامة | معدات ذات صلة | اطلب الحل وعرض السعر | صفحات ذات صلة,.next/server/app/ar/cases/brazil-refinery-low-altitude-monitoring.html
/ar/cases/ice-snow-emergency-uav-inspection,ar,strong,100,تفتيش UAV طارئ أثناء كوارث الجليد والثلوج,2,true,true,true,true,true,1378,8,0.581,1,7,,تفتيش UAV طارئ أثناء كوارث الجليد والثلوج | N-TET,يُستخدم تفتيش UAV طارئ أثناء كوارث الجليد والثلوج في التفتيش الميداني والصيانة، مع دعم الدعم الطارئ واستمرارية العمليات وتنسيق فرق التشغيل حسب متطلبات الموقع. يساعد الحل على جمع المعلومات، وتوثيق الأحداث، وتحويل بيانات المراقبة إلى إجراءات,تفتيش UAV طارئ أثناء كوارث الجليد والثلوج | N-TET,تفتيش UAV طارئ أثناء كوارث الجليد والثلوج,تفتيش UAV طارئ أثناء كوارث الجليد والثلوج Project Overview | معدات ذات صلة | اطلب الحل وعرض السعر | نظرة عامة | معدات ذات صلة | اطلب الحل وعرض السعر | صفحات ذات صلة,.next/server/app/ar/cases/ice-snow-emergency-uav-inspection.html
/ar/cases/lidar-tree-obstruction-uav-inspection,ar,strong,100,تفتيش UAV بتقنية لايدار لعوائق الأشجار,2,true,true,true,true,true,1341,8,0.597,1,7,,تفتيش UAV بتقنية لايدار لعوائق الأشجار | N-TET,يُستخدم تفتيش UAV بتقنية لايدار لعوائق الأشجار في التفتيش الميداني والصيانة، مع دعم تشغيل مرافق الطاقة والبنية التحتية وتنسيق فرق التشغيل حسب متطلبات الموقع. يساعد الحل على جمع المعلومات، وتوثيق الأحداث، وتحويل بيانات المراقبة إلى إجراءات ق,تفتيش UAV بتقنية لايدار لعوائق الأشجار | N-TET,تفتيش UAV بتقنية لايدار لعوائق الأشجار,تفتيش UAV بتقنية لايدار لعوائق الأشجار Project Overview | معدات ذات صلة | اطلب الحل وعرض السعر | نظرة عامة | معدات ذات صلة | اطلب الحل وعرض السعر | صفحات ذات صلة,.next/server/app/ar/cases/lidar-tree-obstruction-uav-inspection.html
/ar/cases/nigeria-factory-low-altitude-monitoring,ar,strong,100,حالة مراقبة المجال الجوي لمصنع صناعي في نيجيريا,2,true,true,true,true,true,1287,8,0.622,1,7,,حالة مراقبة المجال الجوي لمصنع صناعي في نيجيريا | N-TET,يُستخدم حالة مراقبة المجال الجوي لمصنع صناعي في نيجيريا في مراقبة المجال الجوي وتوثيق الأحداث، مع دعم الفحص الأمني وإدارة المواقع الحيوية وتنسيق فرق التشغيل حسب متطلبات الموقع. يساعد الحل على جمع المعلومات، وتوثيق الأحداث، وتحويل بيانات الم,حالة مراقبة المجال الجوي لمصنع صناعي في نيجيريا | N-TET,حالة مراقبة المجال الجوي لمصنع صناعي في نيجيريا,حالة مراقبة المجال الجوي لمصنع صناعي في نيجيريا Project Overview | معدات ذات صلة | اطلب الحل وعرض السعر | نظرة عامة | معدات ذات صلة | اطلب الحل وعرض السعر | صفحات ذات صلة,.next/server/app/ar/cases/nigeria-factory-low-altitude-monitoring.html
/ar/cases/pakistan-power-plant-low-altitude-monitoring,ar,strong,100,حالة مراقبة المجال الجوي لمحطة طاقة في باكستان,2,true,true,true,true,true,1293,8,0.619,1,7,,حالة مراقبة المجال الجوي لمحطة طاقة في باكستان | N-TET,يُستخدم حالة مراقبة المجال الجوي لمحطة طاقة في باكستان في مراقبة المجال الجوي وتوثيق الأحداث، مع دعم الفحص الأمني وإدارة المواقع الحيوية وتنسيق فرق التشغيل حسب متطلبات الموقع. يساعد الحل على جمع المعلومات، وتوثيق الأحداث، وتحويل بيانات المر,حالة مراقبة المجال الجوي لمحطة طاقة في باكستان | N-TET,حالة مراقبة المجال الجوي لمحطة طاقة في باكستان,حالة مراقبة المجال الجوي لمحطة طاقة في باكستان Project Overview | معدات ذات صلة | اطلب الحل وعرض السعر | نظرة عامة | معدات ذات صلة | اطلب الحل وعرض السعر | صفحات ذات صلة,.next/server/app/ar/cases/pakistan-power-plant-low-altitude-monitoring.html
/ar/cases/southern-grid-wildfire-uav-inspection,ar,strong,100,تفتيش UAV للوقاية من حرائق الغابات في شبكة الكهرباء الجنوبية,2,true,true,true,true,true,1377,8,0.581,1,7,,تفتيش UAV للوقاية من حرائق الغابات في شبكة الكهرباء الجنوبية | N-TET,يُستخدم تفتيش UAV للوقاية من حرائق الغابات في شبكة الكهرباء الجنوبية في التفتيش الميداني والصيانة، مع دعم الدعم الطارئ واستمرارية العمليات وتنسيق فرق التشغيل حسب متطلبات الموقع. يساعد الحل على جمع المعلومات، وتوثيق الأحداث، وتحويل بيانات ال,تفتيش UAV للوقاية من حرائق الغابات في شبكة الكهرباء الجنوبية | N-TET,تفتيش UAV للوقاية من حرائق الغابات في شبكة الكهرباء الجنوبية,تفتيش UAV للوقاية من حرائق الغابات في شبكة الكهرباء الجنوبية Project Overview | معدات ذات صلة | اطلب الحل وعرض السعر | نظرة عامة | معدات ذات صلة | اطلب الحل وعرض السعر | صفحات ذات صلة,.next/server/app/ar/cases/southern-grid-wildfire-uav-inspection.html
/ar/cases/wildfire-emergency-transmission-line-uav-patrol,ar,strong,100,دوريات UAV طارئة لخطوط النقل أثناء حرائق الغابات,2,true,true,true,true,true,1373,8,0.583,1,7,,دوريات UAV طارئة لخطوط النقل أثناء حرائق الغابات | N-TET,يُستخدم دوريات UAV طارئة لخطوط النقل أثناء حرائق الغابات في التفتيش الميداني والصيانة، مع دعم الدعم الطارئ واستمرارية العمليات وتنسيق فرق التشغيل حسب متطلبات الموقع. يساعد الحل على جمع المعلومات، وتوثيق الأحداث، وتحويل بيانات المراقبة إلى إ,دوريات UAV طارئة لخطوط النقل أثناء حرائق الغابات | N-TET,دوريات UAV طارئة لخطوط النقل أثناء حرائق الغابات,دوريات UAV طارئة لخطوط النقل أثناء حرائق الغابات Project Overview | معدات ذات صلة | اطلب الحل وعرض السعر | نظرة عامة | معدات ذات صلة | اطلب الحل وعرض السعر | صفحات ذات صلة,.next/server/app/ar/cases/wildfire-emergency-transmission-line-uav-patrol.html
/ar/cases/zhaoqing-long-distance-power-line-uav-inspection,ar,strong,100,تفتيش UAV بعيد المدى لخطوط الطاقة في تشاوتشينغ,2,true,true,true,true,true,1361,8,0.588,1,7,,تفتيش UAV بعيد المدى لخطوط الطاقة في تشاوتشينغ | N-TET,يُستخدم تفتيش UAV بعيد المدى لخطوط الطاقة في تشاوتشينغ في التفتيش الميداني والصيانة، مع دعم مراقبة المجال الجوي وتوثيق الأحداث وتنسيق فرق التشغيل حسب متطلبات الموقع. يساعد الحل على جمع المعلومات، وتوثيق الأحداث، وتحويل بيانات المراقبة إلى إ,تفتيش UAV بعيد المدى لخطوط الطاقة في تشاوتشينغ | N-TET,تفتيش UAV بعيد المدى لخطوط الطاقة في تشاوتشينغ,تفتيش UAV بعيد المدى لخطوط الطاقة في تشاوتشينغ Project Overview | معدات ذات صلة | اطلب الحل وعرض السعر | نظرة عامة | معدات ذات صلة | اطلب الحل وعرض السعر | صفحات ذات صلة,.next/server/app/ar/cases/zhaoqing-long-distance-power-line-uav-inspection.html
/ar/contact,ar,strong,100,عرض سعر UAV صناعي,4,true,true,true,true,true,1190,6,0.504,1,3,,طلب عرض سعر UAV صناعي | N-TET,استخدم هذه الصفحة لطلب عرض سعر UAV صناعي أو مناقشة مزود UAV أو تخطيط حل تفتيش بالطائرات بدون طيار أو معدات مراقبة الارتفاع المنخفض مع فريق N-TET.,عرض سعر UAV صناعي | مزود UAV | حل تفتيش بالطائرات بدون طيار | معدات مراقبة الارتفاع المنخفض,طلب عرض سعر UAV صناعي,عرض سعر UAV صناعي واستشارة مشروع | اطلب الحل وعرض السعر | اطلب الحل وعرض السعر,.next/server/app/ar/contact.html
/ar/media,ar,strong,100,أخبار UAV الصناعية,4,true,true,true,true,true,1271,6,0.472,1,4,,أخبار UAV الصناعية | N-TET,"أخبار UAV الصناعية هو موضوع البحث الرئيسي لهذه الصفحة، مع تغطية مرتبطة بـ اقتصاد الارتفاع المنخفض, UAV مربوط, مراقبة البنية التحتية.",أخبار UAV الصناعية | اقتصاد الارتفاع المنخفض | UAV مربوط | مراقبة البنية التحتية,أخبار UAV الصناعية,أخبار UAV الصناعية واقتصاد الارتفاع المنخفض | الأحدث | اطلب الحل وعرض السعر | اطلب الحل وعرض السعر,.next/server/app/ar/media.html
/ar/media/border-surveillance-uav-network-2026,ar,strong,85,شبكات UAV وEO/IR تعزز وضوح الدوريات عن بُعد,2,true,true,true,false,true,1477,16,1.083,1,5,H2 未命中关键词,شبكات UAV وEO/IR تعزز وضوح الدوريات عن بُعد | N-TET,يتناول هذا المقال موضوع شبكات UAV وEO/IR تعزز وضوح الدوريات عن بُعد من زاوية تشغيلية مرتبطة بـ التفتيش الميداني والصيانة. تركز N-TET على تحويل بيانات UAV والمراقبة منخفضة الارتفاع إلى معلومات قابلة للمراجعة، مع دعم فرق البنية التحتية والأمن,شبكات UAV وEO/IR تعزز وضوح الدوريات عن بُعد | N-TET,شبكات UAV وEO/IR تعزز وضوح الدوريات عن بُعد,مراجعة تحريرية وإشارات المشروع | اطلب الحل وعرض السعر | مراجعة تحريرية وإشارات المشروع | اطلب الحل وعرض السعر | صفحات ذات صلة,.next/server/app/ar/media/border-surveillance-uav-network-2026.html
/ar/media/industrial-uav-redundancy-2026,ar,strong,85,التحكم المزدوج الاحتياطي في الطيران: كيف تحقق UAV الصناعية موثوقية تشغيلية عالية,2,true,true,true,false,true,1488,16,1.075,1,5,H2 未命中关键词,التحكم المزدوج الاحتياطي في الطيران: كيف تحقق UAV الصناعية موثوقية تشغيلية عالية | N-TET,يتناول هذا المقال موضوع التحكم المزدوج الاحتياطي في الطيران: كيف تحقق UAV الصناعية موثوقية تشغيلية عالية من زاوية تشغيلية مرتبطة بـ التفتيش الميداني والصيانة. تركز N-TET على تحويل بيانات UAV والمراقبة منخفضة الارتفاع إلى معلومات قابلة للمرا,التحكم المزدوج الاحتياطي في الطيران: كيف تحقق UAV الصناعية موثوقية تشغيلية عالية | N-TET,التحكم المزدوج الاحتياطي في الطيران: كيف تحقق UAV الصناعية موثوقية تشغيلية عالية,مراجعة تحريرية وإشارات المشروع | اطلب الحل وعرض السعر | مراجعة تحريرية وإشارات المشروع | اطلب الحل وعرض السعر | صفحات ذات صلة,.next/server/app/ar/media/industrial-uav-redundancy-2026.html
/ar/media/low-altitude-economy-2026-outlook,ar,strong,85,اقتصاد المجال منخفض الارتفاع في الصين: توقعات 2026 لمسار نمو كبير,2,true,true,true,false,true,1481,16,1.080,1,5,H2 未命中关键词,اقتصاد المجال منخفض الارتفاع في الصين: توقعات 2026 لمسار نمو كبير | N-TET,يتناول هذا المقال موضوع اقتصاد المجال منخفض الارتفاع في الصين: توقعات 2026 لمسار نمو كبير من زاوية تشغيلية مرتبطة بـ التفتيش الميداني والصيانة. تركز N-TET على تحويل بيانات UAV والمراقبة منخفضة الارتفاع إلى معلومات قابلة للمراجعة، مع دعم فرق,اقتصاد المجال منخفض الارتفاع في الصين: توقعات 2026 لمسار نمو كبير | N-TET,اقتصاد المجال منخفض الارتفاع في الصين: توقعات 2026 لمسار نمو كبير,مراجعة تحريرية وإشارات المشروع | اطلب الحل وعرض السعر | مراجعة تحريرية وإشارات المشروع | اطلب الحل وعرض السعر | صفحات ذات صلة,.next/server/app/ar/media/low-altitude-economy-2026-outlook.html
/ar/media/power-line-inspection-drone-guide-2026,ar,strong,85,Power Line Inspection Drone: UAV Workflows for Utility Corridors and Transmission Towers,2,true,false,true,true,true,4365,22,0.504,1,23,description 未命中关键词,Power Line Inspection Drone: UAV Workflows for Utility Corridors and Transmission Towers | N-TET,"Power line inspection drones are becoming practical tools for utilities that need repeatable evidence from long transmission corridors, towers, conductors, insulators, fittings, and substation equipment. A drone does not replace engineering",Power Line Inspection Drone: UAV Workflows for Utility Corridors and Transmission Towers | N-TET,Power Line Inspection Drone: UAV Workflows for Utility Corridors and Transmission Towers,"مراجعة تحريرية وإشارات المشروع | What is a power line inspection drone? | Why utilities use drones for power line inspection | Power line drone inspection workflow | Which UAV platform fits each inspection task? | Payload selection: visible-light, thermal infrared, and LiDAR | What should a utility inspection report include? | N-TET system fit: corridor, tower, and substation inspection | Deployment checklist before procurement | FAQ | اطلب الحل وعرض السعر | مراجعة تحريرية وإشارات المشروع | What is a power line inspection drone? | Why utilities use drones for power line inspection | Power line drone inspection workflow | Which UAV platform fits each inspection task? | Payload selection: visible-light, thermal infrared, and LiDAR | What should a utility inspection report include? | N-TET system fit: corridor, tower, and substation inspection | Deployment checklist before procurement | FAQ | اطلب الحل وعرض السعر | صفحات ذات صلة",.next/server/app/ar/media/power-line-inspection-drone-guide-2026.html
/ar/media/tethered-uav-persistent-surveillance-2026,ar,strong,85,UAV المربوطة: مراقبة جوية مستمرة للفعاليات والمواقع البعيدة,2,true,true,true,false,true,1455,16,1.100,1,5,H2 未命中关键词,UAV المربوطة: مراقبة جوية مستمرة للفعاليات والمواقع البعيدة | N-TET,يتناول هذا المقال موضوع UAV المربوطة: مراقبة جوية مستمرة للفعاليات والمواقع البعيدة من زاوية تشغيلية مرتبطة بـ التفتيش الميداني والصيانة. تركز N-TET على تحويل بيانات UAV والمراقبة منخفضة الارتفاع إلى معلومات قابلة للمراجعة، مع دعم فرق البني,UAV المربوطة: مراقبة جوية مستمرة للفعاليات والمواقع البعيدة | N-TET,UAV المربوطة: مراقبة جوية مستمرة للفعاليات والمواقع البعيدة,مراجعة تحريرية وإشارات المشروع | اطلب الحل وعرض السعر | مراجعة تحريرية وإشارات المشروع | اطلب الحل وعرض السعر | صفحات ذات صلة,.next/server/app/ar/media/tethered-uav-persistent-surveillance-2026.html
/ar/products,ar,strong,100,أنظمة UAV الصناعية,4,true,true,true,true,true,1293,3,0.232,1,4,,أنظمة UAV الصناعية ومعدات المراقبة | N-TET,"أنظمة UAV الصناعية هو موضوع البحث الرئيسي لهذه الصفحة، مع تغطية مرتبطة بـ طائرة UAV للتفتيش, طائرة UAV للطوارئ, معدات مراقبة الارتفاع المنخفض.",أنظمة UAV الصناعية | طائرة UAV للتفتيش | طائرة UAV للطوارئ | معدات مراقبة الارتفاع المنخفض,أنظمة UAV الصناعية ومعدات المراقبة,أنظمة UAV الصناعية ومعدات المراقبة وملاءمة المشروع | أنظمة UAV والطائرات بدون طيار | الأسئلة الشائعة لاختيار المنتجات | اطلب الحل وعرض السعر,.next/server/app/ar/products.html
/ar/products/bailey-bridge,ar,strong,100,جسر بيلي فولاذي مسبق التجهيز,5,true,true,true,true,true,1476,21,1.423,1,6,,جسر بيلي فولاذي مسبق التجهيز | N-TET,N-TET جسر بيلي فولاذي مسبق التجهيز: حل صناعي للفحص والمراقبة وعمليات الموقع مع دعم فني للمشروع.,جسر بيلي فولاذي مسبق التجهيز | engineering materials | Bailey steel bridge | infrastructure support equipment | N-TET,جسر بيلي فولاذي مسبق التجهيز,جسر بيلي فولاذي مسبق التجهيز Technical Specifications | اطلب الحل وعرض السعر | نظرة عامة | المواصفات الفنية | اطلب الحل وعرض السعر | صفحات ذات صلة,.next/server/app/ar/products/bailey-bridge.html
/ar/products/composite-electro-optical-tracking-system,ar,strong,100,نظام تتبع كهروبصري EO,5,true,true,true,true,true,1579,15,0.950,1,6,,نظام تتبع كهروبصري EO | N-TET,N-TET نظام تتبع كهروبصري EO: حل صناعي للفحص والمراقبة وعمليات الموقع مع دعم فني للمشروع.,نظام تتبع كهروبصري EO | low altitude monitoring equipment | drone detection equipment | airspace monitoring system | N-TET,نظام تتبع كهروبصري EO,نظام تتبع كهروبصري EO Technical Specifications | اطلب الحل وعرض السعر | نظرة عامة | المواصفات الفنية | اطلب الحل وعرض السعر | صفحات ذات صلة,.next/server/app/ar/products/composite-electro-optical-tracking-system.html
/ar/products/containerized-medical-rescue-system,ar,strong,100,نظام مستشفى ميداني متنقل,5,true,true,true,true,true,1457,21,1.441,1,6,,نظام مستشفى ميداني متنقل | N-TET,N-TET نظام مستشفى ميداني متنقل: حل صناعي للفحص والمراقبة وعمليات الموقع مع دعم فني للمشروع.,نظام مستشفى ميداني متنقل | field hospital system | containerized medical rescue system | emergency medical shelter | N-TET,نظام مستشفى ميداني متنقل,نظام مستشفى ميداني متنقل Technical Specifications | اطلب الحل وعرض السعر | نظرة عامة | المواصفات الفنية | اطلب الحل وعرض السعر | صفحات ذات صلة,.next/server/app/ar/products/containerized-medical-rescue-system.html
/ar/products/emergency-search-rescue-drone,ar,strong,100,thermal drones for search and rescue,8,true,true,true,true,true,1490,24,1.611,1,6,,منصة UAV صناعية | N-TET,N-TET منصة UAV صناعية: حل صناعي للفحص والمراقبة وعمليات الموقع مع دعم فني للمشروع.,thermal drones for search and rescue | search and rescue drone | search and rescue UAV | drone rescue | منصة UAV صناعية | industrial UAV systems | UAV inspection drone | emergency response UAV,منصة UAV صناعية,منصة UAV صناعية Technical Specifications | اطلب الحل وعرض السعر | نظرة عامة | المواصفات الفنية | اطلب الحل وعرض السعر | صفحات ذات صلة,.next/server/app/ar/products/emergency-search-rescue-drone.html
/ar/products/fbg-g15-fc06-explosion-containment-vessel,ar,strong,100,وعاء احتواء الانفجار FBG-G1.5-FC06,5,true,true,true,true,true,1470,18,1.224,1,6,,وعاء احتواء الانفجار FBG-G1.5-FC06 | N-TET,N-TET وعاء احتواء الانفجار FBG-G1.5-FC06: حل صناعي للفحص والمراقبة وعمليات الموقع مع دعم فني للمشروع.,وعاء احتواء الانفجار FBG-G1.5-FC06 | security screening equipment | X-ray baggage scanner | walk-through metal detector | N-TET,وعاء احتواء الانفجار FBG-G1.5-FC06,وعاء احتواء الانفجار FBG-G1.5-FC06 Technical Specifications | اطلب الحل وعرض السعر | نظرة عامة | المواصفات الفنية | اطلب الحل وعرض السعر | صفحات ذات صلة,.next/server/app/ar/products/fbg-g15-fc06-explosion-containment-vessel.html
/ar/products/fbt-fc09-explosion-protection-blanket,ar,strong,100,غطاء حماية من الانفجار FBT-FC09,5,true,true,true,true,true,1498,18,1.202,1,6,,غطاء حماية من الانفجار FBT-FC09 | N-TET,N-TET غطاء حماية من الانفجار FBT-FC09: حل صناعي للفحص والمراقبة وعمليات الموقع مع دعم فني للمشروع.,غطاء حماية من الانفجار FBT-FC09 | security screening equipment | X-ray baggage scanner | walk-through metal detector | N-TET,غطاء حماية من الانفجار FBT-FC09,غطاء حماية من الانفجار FBT-FC09 Technical Specifications | اطلب الحل وعرض السعر | نظرة عامة | المواصفات الفنية | اطلب الحل وعرض السعر | صفحات ذات صلة,.next/server/app/ar/products/fbt-fc09-explosion-protection-blanket.html
/ar/products/fc-3000-ferromagnetic-detection-column,ar,strong,100,ذكي كشف نظام FC 3000,5,true,true,true,true,true,1530,18,1.176,1,6,,ذكي كشف نظام FC 3000 | N-TET,N-TET ذكي كشف نظام FC 3000: حل صناعي للفحص والمراقبة وعمليات الموقع مع دعم فني للمشروع.,ذكي كشف نظام FC 3000 | security screening equipment | X-ray baggage scanner | walk-through metal detector | N-TET,ذكي كشف نظام FC 3000,ذكي كشف نظام FC 3000 Technical Specifications | اطلب الحل وعرض السعر | نظرة عامة | المواصفات الفنية | اطلب الحل وعرض السعر | صفحات ذات صلة,.next/server/app/ar/products/fc-3000-ferromagnetic-detection-column.html
/ar/products/fc-c-deluxe-walk-through-metal-detector,ar,strong,100,كاشف معادن أمني,5,true,true,true,true,true,1526,18,1.180,1,6,,كاشف معادن أمني | N-TET,N-TET كاشف معادن أمني: حل صناعي للفحص والمراقبة وعمليات الموقع مع دعم فني للمشروع.,كاشف معادن أمني | security screening equipment | X-ray baggage scanner | walk-through metal detector | N-TET,كاشف معادن أمني,كاشف معادن أمني Technical Specifications | اطلب الحل وعرض السعر | نظرة عامة | المواصفات الفنية | اطلب الحل وعرض السعر | صفحات ذات صلة,.next/server/app/ar/products/fc-c-deluxe-walk-through-metal-detector.html
/ar/products/fc-c-lcd-walk-through-metal-detector,ar,strong,100,كاشف معادن أمني,5,true,true,true,true,true,1506,16,1.062,1,6,,كاشف معادن أمني | N-TET,N-TET كاشف معادن أمني: حل صناعي للفحص والمراقبة وعمليات الموقع مع دعم فني للمشروع.,كاشف معادن أمني | security screening equipment | X-ray baggage scanner | walk-through metal detector | N-TET,كاشف معادن أمني,كاشف معادن أمني Technical Specifications | اطلب الحل وعرض السعر | نظرة عامة | المواصفات الفنية | اطلب الحل وعرض السعر | صفحات ذات صلة,.next/server/app/ar/products/fc-c-lcd-walk-through-metal-detector.html
/ar/products/fc-dlxj-01-power-grid-inspection-drone,ar,strong,100,drone power line inspection,8,true,true,true,true,true,1526,11,0.721,1,6,,طائرة UAV لتفتيش شبكة الكهرباء | N-TET,N-TET طائرة UAV لتفتيش شبكة الكهرباء: حل صناعي للفحص والمراقبة وعمليات الموقع مع دعم فني للمشروع.,drone power line inspection | power line inspection drone | UAV power line inspection | utility inspection drone | طائرة UAV لتفتيش شبكة الكهرباء | industrial UAV systems | UAV inspection drone | emergency response UAV,طائرة UAV لتفتيش شبكة الكهرباء,طائرة UAV لتفتيش شبكة الكهرباء Technical Specifications | اطلب الحل وعرض السعر | نظرة عامة | المواصفات الفنية | اطلب الحل وعرض السعر | صفحات ذات صلة,.next/server/app/ar/products/fc-dlxj-01-power-grid-inspection-drone.html
/ar/products/fc-dma-long-range-optical-turntable,ar,strong,100,برج PTZ كهروبصري متعدد الأطياف FC-DMA EO/IR PTZ,5,true,true,true,true,true,1768,14,0.792,1,6,,برج PTZ كهروبصري متعدد الأطياف FC-DMA EO/IR PTZ | N-TET,N-TET برج PTZ كهروبصري متعدد الأطياف FC-DMA EO/IR PTZ: حل صناعي للفحص والمراقبة وعمليات الموقع مع دعم فني للمشروع.,برج PTZ كهروبصري متعدد الأطياف FC-DMA EO/IR PTZ | perimeter intelligence | electro optical surveillance | radar vision fusion system | N-TET,برج PTZ كهروبصري متعدد الأطياف FC-DMA EO/IR PTZ,برج PTZ كهروبصري متعدد الأطياف FC-DMA EO/IR PTZ Technical Specifications | اطلب الحل وعرض السعر | نظرة عامة | المواصفات الفنية | اطلب الحل وعرض السعر | صفحات ذات صلة,.next/server/app/ar/products/fc-dma-long-range-optical-turntable.html
/ar/products/fc-dms10-smart-electronic-sentinel,ar,strong,100,FC DMS10 ذكي,5,true,true,true,true,true,1558,14,0.899,1,6,,FC DMS10 ذكي | N-TET,N-TET FC DMS10 ذكي: حل صناعي للفحص والمراقبة وعمليات الموقع مع دعم فني للمشروع.,FC DMS10 ذكي | perimeter intelligence | electro optical surveillance | radar vision fusion system | N-TET,FC DMS10 ذكي,FC DMS10 ذكي Technical Specifications | اطلب الحل وعرض السعر | نظرة عامة | المواصفات الفنية | اطلب الحل وعرض السعر | صفحات ذات صلة,.next/server/app/ar/products/fc-dms10-smart-electronic-sentinel.html
/ar/products/fc-dtvc-dual-band-thermal-ptz,ar,strong,100,FC DTVC حراري السرعة,5,true,true,true,true,true,1755,14,0.798,1,6,,FC DTVC حراري السرعة | N-TET,N-TET FC DTVC حراري السرعة: حل صناعي للفحص والمراقبة وعمليات الموقع مع دعم فني للمشروع.,FC DTVC حراري السرعة | perimeter intelligence | electro optical surveillance | radar vision fusion system | N-TET,FC DTVC حراري السرعة,FC DTVC حراري السرعة Technical Specifications | اطلب الحل وعرض السعر | نظرة عامة | المواصفات الفنية | اطلب الحل وعرض السعر | صفحات ذات صلة,.next/server/app/ar/products/fc-dtvc-dual-band-thermal-ptz.html
/ar/products/fc-h-smart-phone-detection-gate,ar,strong,100,بوابة ذكية لكشف الهواتف,5,true,true,true,true,true,1579,19,1.203,1,6,,بوابة ذكية لكشف الهواتف | N-TET,N-TET بوابة ذكية لكشف الهواتف: حل صناعي للفحص والمراقبة وعمليات الموقع مع دعم فني للمشروع.,بوابة ذكية لكشف الهواتف | security screening equipment | X-ray baggage scanner | walk-through metal detector | N-TET,بوابة ذكية لكشف الهواتف,بوابة ذكية لكشف الهواتف Technical Specifications | اطلب الحل وعرض السعر | نظرة عامة | المواصفات الفنية | اطلب الحل وعرض السعر | صفحات ذات صلة,.next/server/app/ar/products/fc-h-smart-phone-detection-gate.html
/ar/products/fc-h-smart-phone-detection-gate-29in,ar,strong,100,بوابة ذكية لكشف الهواتف,5,true,true,true,true,true,1545,17,1.100,1,6,,بوابة ذكية لكشف الهواتف | N-TET,N-TET بوابة ذكية لكشف الهواتف: حل صناعي للفحص والمراقبة وعمليات الموقع مع دعم فني للمشروع.,بوابة ذكية لكشف الهواتف | security screening equipment | X-ray baggage scanner | walk-through metal detector | N-TET,بوابة ذكية لكشف الهواتف,بوابة ذكية لكشف الهواتف Technical Specifications | اطلب الحل وعرض السعر | نظرة عامة | المواصفات الفنية | اطلب الحل وعرض السعر | صفحات ذات صلة,.next/server/app/ar/products/fc-h-smart-phone-detection-gate-29in.html
/ar/products/fc-pd500-personal-radiation-dose-alarm,ar,strong,100,منبه جرعة إشعاع شخصية FC-PD500 X-,5,true,true,true,true,true,1615,14,0.867,1,6,,منبه جرعة إشعاع شخصية FC-PD500 X- | N-TET,N-TET منبه جرعة إشعاع شخصية FC-PD500 X-: حل صناعي للفحص والمراقبة وعمليات الموقع مع دعم فني للمشروع.,منبه جرعة إشعاع شخصية FC-PD500 X- | security screening equipment | X-ray baggage scanner | walk-through metal detector | N-TET,منبه جرعة إشعاع شخصية FC-PD500 X-,منبه جرعة إشعاع شخصية FC-PD500 X- Technical Specifications | اطلب الحل وعرض السعر | نظرة عامة | المواصفات الفنية | اطلب الحل وعرض السعر | صفحات ذات صلة,.next/server/app/ar/products/fc-pd500-personal-radiation-dose-alarm.html
/ar/products/fc-rc-series-hd-laser-camera,ar,strong,100,FC RC HD مدى ليزر كاميرا,5,true,true,true,true,true,1657,16,0.966,1,6,,FC RC HD مدى ليزر كاميرا | N-TET,N-TET FC RC HD مدى ليزر كاميرا: حل صناعي للفحص والمراقبة وعمليات الموقع مع دعم فني للمشروع.,FC RC HD مدى ليزر كاميرا | perimeter intelligence | electro optical surveillance | radar vision fusion system | N-TET,FC RC HD مدى ليزر كاميرا,FC RC HD مدى ليزر كاميرا Technical Specifications | اطلب الحل وعرض السعر | نظرة عامة | المواصفات الفنية | اطلب الحل وعرض السعر | صفحات ذات صلة,.next/server/app/ar/products/fc-rc-series-hd-laser-camera.html
/ar/products/fc-rds500-4r-radar-vision-sentinel,ar,strong,100,نظام دمج الرادار والرؤية,5,true,true,true,true,true,1721,17,0.988,1,6,,نظام دمج الرادار والرؤية | N-TET,N-TET نظام دمج الرادار والرؤية: حل صناعي للفحص والمراقبة وعمليات الموقع مع دعم فني للمشروع.,نظام دمج الرادار والرؤية | perimeter intelligence | electro optical surveillance | radar vision fusion system | N-TET,نظام دمج الرادار والرؤية,نظام دمج الرادار والرؤية Technical Specifications | اطلب الحل وعرض السعر | نظرة عامة | المواصفات الفنية | اطلب الحل وعرض السعر | صفحات ذات صلة,.next/server/app/ar/products/fc-rds500-4r-radar-vision-sentinel.html
/ar/products/fc-sljc-01-water-conservancy-monitoring-drone,ar,strong,100,water conservancy monitoring UAV,8,true,true,true,true,true,1530,12,0.784,1,6,,طائرة UAV لمراقبة المياه والأنهار | N-TET,N-TET طائرة UAV لمراقبة المياه والأنهار: حل صناعي للفحص والمراقبة وعمليات الموقع مع دعم فني للمشروع.,water conservancy monitoring UAV | dam inspection UAV | river lake UAV monitoring | flood monitoring drone | طائرة UAV لمراقبة المياه والأنهار | industrial UAV systems | UAV inspection drone | emergency response UAV,طائرة UAV لمراقبة المياه والأنهار,طائرة UAV لمراقبة المياه والأنهار Technical Specifications | اطلب الحل وعرض السعر | نظرة عامة | المواصفات الفنية | اطلب الحل وعرض السعر | صفحات ذات صلة,.next/server/app/ar/products/fc-sljc-01-water-conservancy-monitoring-drone.html
/ar/products/fc-smart-swing-turnstile,ar,strong,100,ذكي,5,true,true,true,true,true,1460,21,1.438,1,6,,ذكي | N-TET,N-TET ذكي: حل صناعي للفحص والمراقبة وعمليات الموقع مع دعم فني للمشروع.,ذكي | security screening equipment | X-ray baggage scanner | walk-through metal detector | N-TET,ذكي,ذكي Technical Specifications | اطلب الحل وعرض السعر | نظرة عامة | المواصفات الفنية | اطلب الحل وعرض السعر | صفحات ذات صلة,.next/server/app/ar/products/fc-smart-swing-turnstile.html
/ar/products/fc-ttvc-intelligent-multi-band-camera,ar,strong,100,FC TTVC ذكي كاميرا,5,true,true,true,true,true,1813,26,1.434,1,6,,FC TTVC ذكي كاميرا | N-TET,N-TET FC TTVC ذكي كاميرا: حل صناعي للفحص والمراقبة وعمليات الموقع مع دعم فني للمشروع.,FC TTVC ذكي كاميرا | perimeter intelligence | electro optical surveillance | radar vision fusion system | N-TET,FC TTVC ذكي كاميرا,FC TTVC ذكي كاميرا Technical Specifications | اطلب الحل وعرض السعر | نظرة عامة | المواصفات الفنية | اطلب الحل وعرض السعر | صفحات ذات صلة,.next/server/app/ar/products/fc-ttvc-intelligent-multi-band-camera.html
/ar/products/fc-yjtx-01-emergency-communication-drone,ar,strong,100,emergency communication UAV,8,true,true,true,true,true,1500,12,0.800,1,6,,منصة UAV مربوطة للاتصالات الطارئة | N-TET,N-TET منصة UAV مربوطة للاتصالات الطارئة: حل صناعي للفحص والمراقبة وعمليات الموقع مع دعم فني للمشروع.,emergency communication UAV | disaster response communication drone | tethered communication UAV | public safety UAV communications | منصة UAV مربوطة للاتصالات الطارئة | industrial UAV systems | UAV inspection drone | emergency response UAV,منصة UAV مربوطة للاتصالات الطارئة,منصة UAV مربوطة للاتصالات الطارئة Technical Specifications | اطلب الحل وعرض السعر | نظرة عامة | المواصفات الفنية | اطلب الحل وعرض السعر | صفحات ذات صلة,.next/server/app/ar/products/fc-yjtx-01-emergency-communication-drone.html
/ar/products/fc-yjxf-01-aerial-firefighting-drone,ar,strong,100,firefighting drone,8,true,true,true,true,true,1560,12,0.769,1,6,,منصة UAV مربوطة لدعم إطفاء المباني العالية | N-TET,N-TET منصة UAV مربوطة لدعم إطفاء المباني العالية: حل صناعي للفحص والمراقبة وعمليات الموقع مع دعم فني للمشروع.,firefighting drone | drone fire fighting | drone for fire fighting | high-rise firefighting UAV | منصة UAV مربوطة لدعم إطفاء المباني العالية | industrial UAV systems | UAV inspection drone | emergency response UAV,منصة UAV مربوطة لدعم إطفاء المباني العالية,منصة UAV مربوطة لدعم إطفاء المباني العالية Technical Specifications | اطلب الحل وعرض السعر | نظرة عامة | المواصفات الفنية | اطلب الحل وعرض السعر | صفحات ذات صلة,.next/server/app/ar/products/fc-yjxf-01-aerial-firefighting-drone.html
/ar/products/fc-yjzc-01-emergency-reconnaissance-drone,ar,strong,100,search and rescue drone,8,true,true,true,true,true,1528,11,0.720,1,6,,طائرة بدون طيار للاستجابة الطارئة | N-TET,N-TET طائرة بدون طيار للاستجابة الطارئة: حل صناعي للفحص والمراقبة وعمليات الموقع مع دعم فني للمشروع.,search and rescue drone | drone rescue | emergency reconnaissance drone | disaster response UAV | طائرة بدون طيار للاستجابة الطارئة | industrial UAV systems | UAV inspection drone | emergency response UAV,طائرة بدون طيار للاستجابة الطارئة,طائرة بدون طيار للاستجابة الطارئة Technical Specifications | اطلب الحل وعرض السعر | نظرة عامة | المواصفات الفنية | اطلب الحل وعرض السعر | صفحات ذات صلة,.next/server/app/ar/products/fc-yjzc-01-emergency-reconnaissance-drone.html
/ar/products/fc-yjzm-01-emergency-lighting-drone,ar,strong,100,drone lighting,8,true,true,true,true,true,1528,12,0.785,1,6,,منصة UAV مربوطة للإضاءة الطارئة | N-TET,N-TET منصة UAV مربوطة للإضاءة الطارئة: حل صناعي للفحص والمراقبة وعمليات الموقع مع دعم فني للمشروع.,drone lighting | UAV lighting | tethered lighting UAV | emergency lighting drone | منصة UAV مربوطة للإضاءة الطارئة | industrial UAV systems | UAV inspection drone | emergency response UAV,منصة UAV مربوطة للإضاءة الطارئة,منصة UAV مربوطة للإضاءة الطارئة Technical Specifications | اطلب الحل وعرض السعر | نظرة عامة | المواصفات الفنية | اطلب الحل وعرض السعر | صفحات ذات صلة,.next/server/app/ar/products/fc-yjzm-01-emergency-lighting-drone.html
/ar/products/fc-yqxj-01-utility-inspection-drone,ar,strong,100,pipeline inspection drones,8,true,true,true,true,true,1545,11,0.712,1,6,,طائرة UAV لتفتيش خطوط النفط والغاز | N-TET,N-TET طائرة UAV لتفتيش خطوط النفط والغاز: حل صناعي للفحص والمراقبة وعمليات الموقع مع دعم فني للمشروع.,pipeline inspection drones | UAV pipeline inspection | oil and gas drone inspection | drone pipeline inspection | طائرة UAV لتفتيش خطوط النفط والغاز | industrial UAV systems | UAV inspection drone | emergency response UAV,طائرة UAV لتفتيش خطوط النفط والغاز,طائرة UAV لتفتيش خطوط النفط والغاز Technical Specifications | اطلب الحل وعرض السعر | نظرة عامة | المواصفات الفنية | اطلب الحل وعرض السعر | صفحات ذات صلة,.next/server/app/ar/products/fc-yqxj-01-utility-inspection-drone.html
/ar/products/fc1500-handheld-liquid-detector,ar,strong,100,يدوي سوائل الكاشف FC1500,5,true,true,true,true,true,1517,16,1.055,1,6,,يدوي سوائل الكاشف FC1500 | N-TET,N-TET يدوي سوائل الكاشف FC1500: حل صناعي للفحص والمراقبة وعمليات الموقع مع دعم فني للمشروع.,يدوي سوائل الكاشف FC1500 | security screening equipment | X-ray baggage scanner | walk-through metal detector | N-TET,يدوي سوائل الكاشف FC1500,يدوي سوائل الكاشف FC1500 Technical Specifications | اطلب الحل وعرض السعر | نظرة عامة | المواصفات الفنية | اطلب الحل وعرض السعر | صفحات ذات صلة,.next/server/app/ar/products/fc1500-handheld-liquid-detector.html
/ar/products/fc1500b-desktop-liquid-security-inspector,ar,strong,100,سوائل أمن FC1500B,5,true,true,true,true,true,1528,18,1.178,1,6,,سوائل أمن FC1500B | N-TET,N-TET سوائل أمن FC1500B: حل صناعي للفحص والمراقبة وعمليات الموقع مع دعم فني للمشروع.,سوائل أمن FC1500B | security screening equipment | X-ray baggage scanner | walk-through metal detector | N-TET,سوائل أمن FC1500B,سوائل أمن FC1500B Technical Specifications | اطلب الحل وعرض السعر | نظرة عامة | المواصفات الفنية | اطلب الحل وعرض السعر | صفحات ذات صلة,.next/server/app/ar/products/fc1500b-desktop-liquid-security-inspector.html
/ar/products/fc1800b-portable-explosives-and-narcotics-detector,ar,strong,100,محمول متفجرات مواد مخدرة الكاشف FC1800B,5,true,true,true,true,true,1511,14,0.927,1,6,,محمول متفجرات مواد مخدرة الكاشف FC1800B | N-TET,N-TET محمول متفجرات مواد مخدرة الكاشف FC1800B: حل صناعي للفحص والمراقبة وعمليات الموقع مع دعم فني للمشروع.,محمول متفجرات مواد مخدرة الكاشف FC1800B | security screening equipment | X-ray baggage scanner | walk-through metal detector | N-TET,محمول متفجرات مواد مخدرة الكاشف FC1800B,محمول متفجرات مواد مخدرة الكاشف FC1800B Technical Specifications | اطلب الحل وعرض السعر | نظرة عامة | المواصفات الفنية | اطلب الحل وعرض السعر | صفحات ذات صلة,.next/server/app/ar/products/fc1800b-portable-explosives-and-narcotics-detector.html
/ar/products/fc1800t-desktop-explosives-narcotics-detector,ar,strong,100,متفجرات مواد مخدرة الكاشف FC1800T,5,true,true,true,true,true,1546,20,1.294,1,6,,متفجرات مواد مخدرة الكاشف FC1800T | N-TET,N-TET متفجرات مواد مخدرة الكاشف FC1800T: حل صناعي للفحص والمراقبة وعمليات الموقع مع دعم فني للمشروع.,متفجرات مواد مخدرة الكاشف FC1800T | security screening equipment | X-ray baggage scanner | walk-through metal detector | N-TET,متفجرات مواد مخدرة الكاشف FC1800T,متفجرات مواد مخدرة الكاشف FC1800T Technical Specifications | اطلب الحل وعرض السعر | نظرة عامة | المواصفات الفنية | اطلب الحل وعرض السعر | صفحات ذات صلة,.next/server/app/ar/products/fc1800t-desktop-explosives-narcotics-detector.html
/ar/products/fc2088-handheld-metal-detector,ar,strong,100,كاشف معادن أمني,5,true,true,true,true,true,1512,22,1.455,1,6,,كاشف معادن أمني | N-TET,N-TET كاشف معادن أمني: حل صناعي للفحص والمراقبة وعمليات الموقع مع دعم فني للمشروع.,كاشف معادن أمني | security screening equipment | X-ray baggage scanner | walk-through metal detector | N-TET,كاشف معادن أمني,كاشف معادن أمني Technical Specifications | اطلب الحل وعرض السعر | نظرة عامة | المواصفات الفنية | اطلب الحل وعرض السعر | صفحات ذات صلة,.next/server/app/ar/products/fc2088-handheld-metal-detector.html
/ar/products/fc4028-neutron-ambient-dose-rate-meter,ar,strong,100,FC4028 جرعة,5,true,true,true,true,true,1631,16,0.981,1,6,,FC4028 جرعة | N-TET,N-TET FC4028 جرعة: حل صناعي للفحص والمراقبة وعمليات الموقع مع دعم فني للمشروع.,FC4028 جرعة | security screening equipment | X-ray baggage scanner | walk-through metal detector | N-TET,FC4028 جرعة,FC4028 جرعة Technical Specifications | اطلب الحل وعرض السعر | نظرة عامة | المواصفات الفنية | اطلب الحل وعرض السعر | صفحات ذات صلة,.next/server/app/ar/products/fc4028-neutron-ambient-dose-rate-meter.html
/ar/products/fc5030-compact-x-ray-baggage-scanner,ar,strong,100,ماسح أمني بالأشعة X للأمتعة والطرود,5,true,true,true,true,true,1557,19,1.220,1,6,,ماسح أمني بالأشعة X للأمتعة والطرود | N-TET,N-TET ماسح أمني بالأشعة X للأمتعة والطرود: حل صناعي للفحص والمراقبة وعمليات الموقع مع دعم فني للمشروع.,ماسح أمني بالأشعة X للأمتعة والطرود | security screening equipment | X-ray baggage scanner | walk-through metal detector | N-TET,ماسح أمني بالأشعة X للأمتعة والطرود,ماسح أمني بالأشعة X للأمتعة والطرود Technical Specifications | اطلب الحل وعرض السعر | نظرة عامة | المواصفات الفنية | اطلب الحل وعرض السعر | صفحات ذات صلة,.next/server/app/ar/products/fc5030-compact-x-ray-baggage-scanner.html
/ar/products/fc6550-standard-x-ray-baggage-scanner,ar,strong,100,ماسح أمني بالأشعة X للأمتعة والطرود,5,true,true,true,true,true,1571,19,1.209,1,6,,ماسح أمني بالأشعة X للأمتعة والطرود | N-TET,N-TET ماسح أمني بالأشعة X للأمتعة والطرود: حل صناعي للفحص والمراقبة وعمليات الموقع مع دعم فني للمشروع.,ماسح أمني بالأشعة X للأمتعة والطرود | security screening equipment | X-ray baggage scanner | walk-through metal detector | N-TET,ماسح أمني بالأشعة X للأمتعة والطرود,ماسح أمني بالأشعة X للأمتعة والطرود Technical Specifications | اطلب الحل وعرض السعر | نظرة عامة | المواصفات الفنية | اطلب الحل وعرض السعر | صفحات ذات صلة,.next/server/app/ar/products/fc6550-standard-x-ray-baggage-scanner.html
/ar/products/fc6550d-dual-view-baggage-scanner,ar,strong,100,ماسح أمني بالأشعة X للأمتعة والطرود,5,true,true,true,true,true,1525,17,1.115,1,6,,ماسح أمني بالأشعة X للأمتعة والطرود | N-TET,N-TET ماسح أمني بالأشعة X للأمتعة والطرود: حل صناعي للفحص والمراقبة وعمليات الموقع مع دعم فني للمشروع.,ماسح أمني بالأشعة X للأمتعة والطرود | security screening equipment | X-ray baggage scanner | walk-through metal detector | N-TET,ماسح أمني بالأشعة X للأمتعة والطرود,ماسح أمني بالأشعة X للأمتعة والطرود Technical Specifications | اطلب الحل وعرض السعر | نظرة عامة | المواصفات الفنية | اطلب الحل وعرض السعر | صفحات ذات صلة,.next/server/app/ar/products/fc6550d-dual-view-baggage-scanner.html
/ar/products/fc902-personal-radiation-dose-alarm,ar,strong,100,منبه جرعة إشعاع شخصية X- FC902,5,true,true,true,true,true,1637,16,0.977,1,6,,منبه جرعة إشعاع شخصية X- FC902 | N-TET,N-TET منبه جرعة إشعاع شخصية X- FC902: حل صناعي للفحص والمراقبة وعمليات الموقع مع دعم فني للمشروع.,منبه جرعة إشعاع شخصية X- FC902 | security screening equipment | X-ray baggage scanner | walk-through metal detector | N-TET,منبه جرعة إشعاع شخصية X- FC902,منبه جرعة إشعاع شخصية X- FC902 Technical Specifications | اطلب الحل وعرض السعر | نظرة عامة | المواصفات الفنية | اطلب الحل وعرض السعر | صفحات ذات صلة,.next/server/app/ar/products/fc902-personal-radiation-dose-alarm.html
/ar/products/handheld-rf-detection-system-mini,ar,strong,100,جهاز يدوي لكشف ترددات RF,5,true,true,true,true,true,1548,16,1.034,1,6,,جهاز يدوي لكشف ترددات RF | N-TET,N-TET جهاز يدوي لكشف ترددات RF: حل صناعي للفحص والمراقبة وعمليات الموقع مع دعم فني للمشروع.,جهاز يدوي لكشف ترددات RF | low altitude monitoring equipment | drone detection equipment | airspace monitoring system | N-TET,جهاز يدوي لكشف ترددات RF,جهاز يدوي لكشف ترددات RF Technical Specifications | اطلب الحل وعرض السعر | نظرة عامة | المواصفات الفنية | اطلب الحل وعرض السعر | صفحات ذات صلة,.next/server/app/ar/products/handheld-rf-detection-system-mini.html
/ar/products/intelligent-mobile-cabin-hospital,ar,strong,100,ذكي متنقل كابينة مستشفى,5,true,true,true,true,true,1451,18,1.241,1,6,,ذكي متنقل كابينة مستشفى | N-TET,N-TET ذكي متنقل كابينة مستشفى: حل صناعي للفحص والمراقبة وعمليات الموقع مع دعم فني للمشروع.,ذكي متنقل كابينة مستشفى | field hospital system | containerized medical rescue system | emergency medical shelter | N-TET,ذكي متنقل كابينة مستشفى,ذكي متنقل كابينة مستشفى Technical Specifications | اطلب الحل وعرض السعر | نظرة عامة | المواصفات الفنية | اطلب الحل وعرض السعر | صفحات ذات صلة,.next/server/app/ar/products/intelligent-mobile-cabin-hospital.html
/ar/products/low-altitude-3d-pulse-doppler-radar,ar,strong,100,منخفض الارتفاع كشف رادار X,5,true,true,true,true,true,1560,16,1.026,1,6,,منخفض الارتفاع كشف رادار X | N-TET,N-TET منخفض الارتفاع كشف رادار X: حل صناعي للفحص والمراقبة وعمليات الموقع مع دعم فني للمشروع.,منخفض الارتفاع كشف رادار X | low altitude monitoring equipment | drone detection equipment | airspace monitoring system | N-TET,منخفض الارتفاع كشف رادار X,منخفض الارتفاع كشف رادار X Technical Specifications | اطلب الحل وعرض السعر | نظرة عامة | المواصفات الفنية | اطلب الحل وعرض السعر | صفحات ذات صلة,.next/server/app/ar/products/low-altitude-3d-pulse-doppler-radar.html
/ar/products/low-altitude-detection-radar-ku-band,ar,strong,100,منخفض الارتفاع كشف رادار,5,true,true,true,true,true,1531,18,1.176,1,6,,منخفض الارتفاع كشف رادار | N-TET,N-TET منخفض الارتفاع كشف رادار: حل صناعي للفحص والمراقبة وعمليات الموقع مع دعم فني للمشروع.,منخفض الارتفاع كشف رادار | low altitude monitoring equipment | drone detection equipment | airspace monitoring system | N-TET,منخفض الارتفاع كشف رادار,منخفض الارتفاع كشف رادار Technical Specifications | اطلب الحل وعرض السعر | نظرة عامة | المواصفات الفنية | اطلب الحل وعرض السعر | صفحات ذات صلة,.next/server/app/ar/products/low-altitude-detection-radar-ku-band.html
/ar/products/multi-rotor-20kg-payload-uav,ar,strong,100,منصة UAV صناعية,5,true,true,true,true,true,1520,29,1.908,1,6,,منصة UAV صناعية | N-TET,N-TET منصة UAV صناعية: حل صناعي للفحص والمراقبة وعمليات الموقع مع دعم فني للمشروع.,منصة UAV صناعية | industrial UAV systems | UAV inspection drone | emergency response UAV | N-TET,منصة UAV صناعية,منصة UAV صناعية Technical Specifications | اطلب الحل وعرض السعر | نظرة عامة | المواصفات الفنية | اطلب الحل وعرض السعر | صفحات ذات صلة,.next/server/app/ar/products/multi-rotor-20kg-payload-uav.html
/ar/products/multi-rotor-3kg-payload-uav,ar,strong,100,منصة UAV صناعية,5,true,true,true,true,true,1522,29,1.905,1,6,,منصة UAV صناعية | N-TET,N-TET منصة UAV صناعية: حل صناعي للفحص والمراقبة وعمليات الموقع مع دعم فني للمشروع.,منصة UAV صناعية | industrial UAV systems | UAV inspection drone | emergency response UAV | N-TET,منصة UAV صناعية,منصة UAV صناعية Technical Specifications | اطلب الحل وعرض السعر | نظرة عامة | المواصفات الفنية | اطلب الحل وعرض السعر | صفحات ذات صلة,.next/server/app/ar/products/multi-rotor-3kg-payload-uav.html
/ar/products/multi-rotor-50kg-payload-uav,ar,strong,100,منصة UAV صناعية,5,true,true,true,true,true,1506,29,1.926,1,6,,منصة UAV صناعية | N-TET,N-TET منصة UAV صناعية: حل صناعي للفحص والمراقبة وعمليات الموقع مع دعم فني للمشروع.,منصة UAV صناعية | industrial UAV systems | UAV inspection drone | emergency response UAV | N-TET,منصة UAV صناعية,منصة UAV صناعية Technical Specifications | اطلب الحل وعرض السعر | نظرة عامة | المواصفات الفنية | اطلب الحل وعرض السعر | صفحات ذات صلة,.next/server/app/ar/products/multi-rotor-50kg-payload-uav.html
/ar/products/multi-rotor-8kg-payload-uav,ar,strong,100,منصة UAV صناعية,5,true,true,true,true,true,1516,29,1.913,1,6,,منصة UAV صناعية | N-TET,N-TET منصة UAV صناعية: حل صناعي للفحص والمراقبة وعمليات الموقع مع دعم فني للمشروع.,منصة UAV صناعية | industrial UAV systems | UAV inspection drone | emergency response UAV | N-TET,منصة UAV صناعية,منصة UAV صناعية Technical Specifications | اطلب الحل وعرض السعر | نظرة عامة | المواصفات الفنية | اطلب الحل وعرض السعر | صفحات ذات صلة,.next/server/app/ar/products/multi-rotor-8kg-payload-uav.html
/ar/products/portable-rf-detection-case,ar,strong,100,نظام محمول لكشف ترددات RF,5,true,true,true,true,true,1528,17,1.113,1,6,,نظام محمول لكشف ترددات RF | N-TET,N-TET نظام محمول لكشف ترددات RF: حل صناعي للفحص والمراقبة وعمليات الموقع مع دعم فني للمشروع.,نظام محمول لكشف ترددات RF | low altitude monitoring equipment | drone detection equipment | airspace monitoring system | N-TET,نظام محمول لكشف ترددات RF,نظام محمول لكشف ترددات RF Technical Specifications | اطلب الحل وعرض السعر | نظرة عامة | المواصفات الفنية | اطلب الحل وعرض السعر | صفحات ذات صلة,.next/server/app/ar/products/portable-rf-detection-case.html
/ar/products/power-tower-inspection-drone,ar,strong,100,drone power line inspection,8,true,true,true,true,true,1540,12,0.779,1,6,,طائرة UAV لتفتيش أبراج الطاقة | N-TET,N-TET طائرة UAV لتفتيش أبراج الطاقة: حل صناعي للفحص والمراقبة وعمليات الموقع مع دعم فني للمشروع.,drone power line inspection | power line inspection drone | drones for utility inspection | transmission tower inspection UAV | طائرة UAV لتفتيش أبراج الطاقة | industrial UAV systems | UAV inspection drone | emergency response UAV,طائرة UAV لتفتيش أبراج الطاقة,طائرة UAV لتفتيش أبراج الطاقة Technical Specifications | اطلب الحل وعرض السعر | نظرة عامة | المواصفات الفنية | اطلب الحل وعرض السعر | صفحات ذات صلة,.next/server/app/ar/products/power-tower-inspection-drone.html
/ar/products/smart-substation-autonomous-inspection-system,ar,strong,100,smart substation autonomous inspection,8,true,true,true,true,true,1529,11,0.719,1,6,,طائرة UAV للتفتيش الميداني | N-TET,N-TET طائرة UAV للتفتيش الميداني: حل صناعي للفحص والمراقبة وعمليات الموقع مع دعم فني للمشروع.,smart substation autonomous inspection | substation inspection drone | power utility UAV inspection | autonomous UAV inspection | طائرة UAV للتفتيش الميداني | industrial UAV systems | UAV inspection drone | emergency response UAV,طائرة UAV للتفتيش الميداني,طائرة UAV للتفتيش الميداني Technical Specifications | اطلب الحل وعرض السعر | نظرة عامة | المواصفات الفنية | اطلب الحل وعرض السعر | صفحات ذات صلة,.next/server/app/ar/products/smart-substation-autonomous-inspection-system.html
/ar/products/stationary-rf-detection-system,ar,strong,100,نظام ثابت لكشف ترددات RF,5,true,true,true,true,true,1538,16,1.040,1,6,,نظام ثابت لكشف ترددات RF | N-TET,N-TET نظام ثابت لكشف ترددات RF: حل صناعي للفحص والمراقبة وعمليات الموقع مع دعم فني للمشروع.,نظام ثابت لكشف ترددات RF | low altitude monitoring equipment | drone detection equipment | airspace monitoring system | N-TET,نظام ثابت لكشف ترددات RF,نظام ثابت لكشف ترددات RF Technical Specifications | اطلب الحل وعرض السعر | نظرة عامة | المواصفات الفنية | اطلب الحل وعرض السعر | صفحات ذات صلة,.next/server/app/ar/products/stationary-rf-detection-system.html
/ar/products/uav-remote-id-monitoring-system,ar,strong,100,نظام التعريف عن بُعد للطائرات بدون طيار,5,true,true,true,true,true,1573,17,1.081,1,6,,نظام التعريف عن بُعد للطائرات بدون طيار | N-TET,N-TET نظام التعريف عن بُعد للطائرات بدون طيار: حل صناعي للفحص والمراقبة وعمليات الموقع مع دعم فني للمشروع.,نظام التعريف عن بُعد للطائرات بدون طيار | low altitude monitoring equipment | drone detection equipment | airspace monitoring system | N-TET,نظام التعريف عن بُعد للطائرات بدون طيار,نظام التعريف عن بُعد للطائرات بدون طيار Technical Specifications | اطلب الحل وعرض السعر | نظرة عامة | المواصفات الفنية | اطلب الحل وعرض السعر | صفحات ذات صلة,.next/server/app/ar/products/uav-remote-id-monitoring-system.html
/ar/products/vtol-135kg-mtow-uav,ar,strong,100,منصة UAV صناعية,5,true,true,true,true,true,1506,29,1.926,1,6,,منصة UAV صناعية | N-TET,N-TET منصة UAV صناعية: حل صناعي للفحص والمراقبة وعمليات الموقع مع دعم فني للمشروع.,منصة UAV صناعية | industrial UAV systems | UAV inspection drone | emergency response UAV | N-TET,منصة UAV صناعية,منصة UAV صناعية Technical Specifications | اطلب الحل وعرض السعر | نظرة عامة | المواصفات الفنية | اطلب الحل وعرض السعر | صفحات ذات صلة,.next/server/app/ar/products/vtol-135kg-mtow-uav.html
/ar/products/vtol-14kg-mtow-uav,ar,strong,100,منصة UAV صناعية,5,true,true,true,true,true,1488,29,1.949,1,6,,منصة UAV صناعية | N-TET,N-TET منصة UAV صناعية: حل صناعي للفحص والمراقبة وعمليات الموقع مع دعم فني للمشروع.,منصة UAV صناعية | industrial UAV systems | UAV inspection drone | emergency response UAV | N-TET,منصة UAV صناعية,منصة UAV صناعية Technical Specifications | اطلب الحل وعرض السعر | نظرة عامة | المواصفات الفنية | اطلب الحل وعرض السعر | صفحات ذات صلة,.next/server/app/ar/products/vtol-14kg-mtow-uav.html
/ar/products/vtol-26kg-mtow-uav,ar,strong,100,منصة UAV صناعية,5,true,true,true,true,true,1500,29,1.933,1,6,,منصة UAV صناعية | N-TET,N-TET منصة UAV صناعية: حل صناعي للفحص والمراقبة وعمليات الموقع مع دعم فني للمشروع.,منصة UAV صناعية | industrial UAV systems | UAV inspection drone | emergency response UAV | N-TET,منصة UAV صناعية,منصة UAV صناعية Technical Specifications | اطلب الحل وعرض السعر | نظرة عامة | المواصفات الفنية | اطلب الحل وعرض السعر | صفحات ذات صلة,.next/server/app/ar/products/vtol-26kg-mtow-uav.html
/ar/products/vtol-40kg-mtow-uav,ar,strong,100,منصة UAV صناعية,5,true,true,true,true,true,1502,29,1.931,1,6,,منصة UAV صناعية | N-TET,N-TET منصة UAV صناعية: حل صناعي للفحص والمراقبة وعمليات الموقع مع دعم فني للمشروع.,منصة UAV صناعية | industrial UAV systems | UAV inspection drone | emergency response UAV | N-TET,منصة UAV صناعية,منصة UAV صناعية Technical Specifications | اطلب الحل وعرض السعر | نظرة عامة | المواصفات الفنية | اطلب الحل وعرض السعر | صفحات ذات صلة,.next/server/app/ar/products/vtol-40kg-mtow-uav.html
/ar/products/vtol-64kg-mtow-uav,ar,strong,100,منصة UAV صناعية,5,true,true,true,true,true,1506,29,1.926,1,6,,منصة UAV صناعية | N-TET,N-TET منصة UAV صناعية: حل صناعي للفحص والمراقبة وعمليات الموقع مع دعم فني للمشروع.,منصة UAV صناعية | industrial UAV systems | UAV inspection drone | emergency response UAV | N-TET,منصة UAV صناعية,منصة UAV صناعية Technical Specifications | اطلب الحل وعرض السعر | نظرة عامة | المواصفات الفنية | اطلب الحل وعرض السعر | صفحات ذات صلة,.next/server/app/ar/products/vtol-64kg-mtow-uav.html
/ar/solutions,ar,strong,100,حلول تفتيش UAV,4,true,true,true,true,true,1294,6,0.464,1,11,,حلول تفتيش UAV | N-TET,"حلول تفتيش UAV هو موضوع البحث الرئيسي لهذه الصفحة، مع تغطية مرتبطة بـ طائرة بحث وإنقاذ, طائرة مكافحة حرائق, تفتيش خطوط الكهرباء باستخدام UAV.",حلول تفتيش UAV | طائرة بحث وإنقاذ | طائرة مكافحة حرائق | تفتيش خطوط الكهرباء باستخدام UAV,حلول تفتيش UAV,حلول تفتيش UAV للفرق الصناعية | طائرة UAV للتفتيش الميداني | منصة UAV صناعية | حماية البنية التحتية الحرجة | أمن المناطق الحيوية | اطلب الحل وعرض السعر | طائرة UAV للتفتيش الميداني | منصة UAV صناعية | حماية البنية التحتية الحرجة | أمن المناطق الحيوية | اطلب الحل وعرض السعر,.next/server/app/ar/solutions.html
/ar/solutions/airport-low-altitude-monitoring,ar,strong,100,تطبيق مراقبة المجال الجوي للمطارات,2,true,true,true,true,true,1841,22,1.195,1,11,,تطبيق مراقبة المجال الجوي للمطارات | N-TET,يُستخدم تطبيق مراقبة المجال الجوي للمطارات في مراقبة المجال الجوي وتوثيق الأحداث، مع دعم الفحص الأمني وإدارة المواقع الحيوية وتنسيق فرق التشغيل حسب متطلبات الموقع. يساعد الحل على جمع المعلومات، وتوثيق الأحداث، وتحويل بيانات المراقبة إلى إجر,تطبيق مراقبة المجال الجوي للمطارات | N-TET,تطبيق مراقبة المجال الجوي للمطارات,تطبيق مراقبة المجال الجوي للمطارات Workflow | المواصفات الفنية | معدات ذات صلة | الأسئلة الشائعة حول الحل | اطلب الحل وعرض السعر | نظرة عامة | المواصفات الفنية | معدات ذات صلة | الأسئلة الشائعة حول الحل | اطلب الحل وعرض السعر | صفحات ذات صلة,.next/server/app/ar/solutions/airport-low-altitude-monitoring.html
/ar/solutions/airport-security-protection,ar,strong,100,حل أمني متكامل للمطارات,2,true,true,true,true,true,1940,31,1.598,1,11,,حل أمني متكامل للمطارات | N-TET,يُستخدم حل أمني متكامل للمطارات في الدوريات والمراقبة واسعة النطاق، مع دعم الفحص الأمني وإدارة المواقع الحيوية وتنسيق فرق التشغيل حسب متطلبات الموقع. يساعد الحل على جمع المعلومات، وتوثيق الأحداث، وتحويل بيانات المراقبة إلى إجراءات قابلة للم,حل أمني متكامل للمطارات | N-TET,حل أمني متكامل للمطارات,حل أمني متكامل للمطارات Workflow | المواصفات الفنية | معدات ذات صلة | الأسئلة الشائعة حول الحل | اطلب الحل وعرض السعر | نظرة عامة | المواصفات الفنية | معدات ذات صلة | الأسئلة الشائعة حول الحل | اطلب الحل وعرض السعر | صفحات ذات صلة,.next/server/app/ar/solutions/airport-security-protection.html
/ar/solutions/category/01_BorderPatrol,ar,strong,100,UAV لدوريات الحدود,4,true,true,true,true,true,1730,13,0.751,1,9,,حلول UAV لدوريات الحدود | N-TET,"UAV لدوريات الحدود هو موضوع البحث الرئيسي لهذه الصفحة، مع تغطية مرتبطة بـ UAV للدوريات البحرية, طائرة لمراقبة السواحل, مراقبة بحرية برية.",UAV لدوريات الحدود | UAV للدوريات البحرية | طائرة لمراقبة السواحل | مراقبة بحرية برية,حلول UAV لدوريات الحدود,UAV لدوريات الحدود ومراقبة السواحل | حلول UAV صناعية | منتجات موصى بها | الأسئلة الشائعة حول الحل | اطلب الحل وعرض السعر | احتياجات القطاع | حلول UAV صناعية | منتجات موصى بها | اطلب الحل وعرض السعر,.next/server/app/ar/solutions/category/01_BorderPatrol.html
/ar/solutions/category/02_InfrastructureProtection,ar,strong,85,UAV لتفتيش المنشآت الصناعية,4,true,true,true,false,true,1921,12,0.625,1,9,H2 未命中关键词,حلول UAV لتفتيش المنشآت الصناعية | N-TET,"UAV لتفتيش المنشآت الصناعية هو موضوع البحث الرئيسي لهذه الصفحة، مع تغطية مرتبطة بـ تفتيش النفط والغاز بالطائرات بدون طيار, طائرات تفتيش خطوط الأنابيب, مراقبة المصانع الكيميائية.",UAV لتفتيش المنشآت الصناعية | تفتيش النفط والغاز بالطائرات بدون طيار | طائرات تفتيش خطوط الأنابيب | مراقبة المصانع الكيميائية,حلول UAV لتفتيش المنشآت الصناعية,سيناريوهات تفتيش المنشآت الصناعية باستخدام UAV | حلول UAV صناعية | منتجات موصى بها | الأسئلة الشائعة حول الحل | اطلب الحل وعرض السعر | احتياجات القطاع | حلول UAV صناعية | منتجات موصى بها | اطلب الحل وعرض السعر,.next/server/app/ar/solutions/category/02_InfrastructureProtection.html
/ar/solutions/category/03_KeyAreaSecurity,ar,strong,100,مراقبة المجال الجوي للمطارات,4,true,true,true,true,true,1762,13,0.738,1,9,,مراقبة المجال الجوي للمطارات وأمن المناطق الرئيسية | N-TET,"مراقبة المجال الجوي للمطارات هو موضوع البحث الرئيسي لهذه الصفحة، مع تغطية مرتبطة بـ مراقبة أمن الفعاليات, أمن المناطق الرئيسية, معدات مراقبة الارتفاع المنخفض.",مراقبة المجال الجوي للمطارات | مراقبة أمن الفعاليات | أمن المناطق الرئيسية | معدات مراقبة الارتفاع المنخفض,مراقبة المجال الجوي للمطارات وأمن المناطق الرئيسية,سيناريوهات مراقبة المجال الجوي للمطارات | حلول UAV صناعية | منتجات موصى بها | الأسئلة الشائعة حول الحل | اطلب الحل وعرض السعر | احتياجات القطاع | حلول UAV صناعية | منتجات موصى بها | اطلب الحل وعرض السعر,.next/server/app/ar/solutions/category/03_KeyAreaSecurity.html
/ar/solutions/category/04_EmergencyRescue,ar,strong,85,طائرات البحث والإنقاذ والطوارئ,5,true,true,true,false,true,1713,13,0.759,1,9,H2 未命中关键词,حلول طائرات البحث والإنقاذ والطوارئ | N-TET,"طائرات البحث والإنقاذ والطوارئ هو موضوع البحث الرئيسي لهذه الصفحة، مع تغطية مرتبطة بـ طائرة بحث وإنقاذ, طائرة مكافحة حرائق, UAV للاتصالات الطارئة.",طائرات البحث والإنقاذ والطوارئ | طائرة بحث وإنقاذ | طائرة مكافحة حرائق | UAV للاتصالات الطارئة | طائرة إضاءة,حلول طائرات البحث والإنقاذ والطوارئ,سير عمل UAV للبحث والإنقاذ والطوارئ | حلول UAV صناعية | منتجات موصى بها | الأسئلة الشائعة حول الحل | اطلب الحل وعرض السعر | احتياجات القطاع | حلول UAV صناعية | منتجات موصى بها | اطلب الحل وعرض السعر,.next/server/app/ar/solutions/category/04_EmergencyRescue.html
/ar/solutions/chemical-plant-protection,ar,strong,100,طائرات تفتيش خطوط الأنابيب,4,true,true,true,true,true,2297,19,0.827,1,14,,طائرات تفتيش خطوط الأنابيب لمراقبة المصانع الكيميائية | N-TET,"طائرات تفتيش خطوط الأنابيب هو موضوع البحث الرئيسي لهذه الصفحة، مع تغطية مرتبطة بـ مراقبة المصانع الكيميائية, تفتيش خطوط الأنابيب باستخدام UAV, تفتيش النفط والغاز بالطائرات بدون طيار.",طائرات تفتيش خطوط الأنابيب | مراقبة المصانع الكيميائية | تفتيش خطوط الأنابيب باستخدام UAV | تفتيش النفط والغاز بالطائرات بدون طيار,طائرات تفتيش خطوط الأنابيب لمراقبة المصانع الكيميائية,طائرات تفتيش خطوط الأنابيب ومراقبة المنشآت | A Neutral Low-Altitude Risk Process for Chemical Sites | وحدات الحل | معدات ذات صلة | الأسئلة الشائعة حول الحل | اطلب الحل وعرض السعر | نظرة عامة | احتياجات القطاع | A Neutral Low-Altitude Risk Process for Chemical Sites | وحدات الحل | معدات ذات صلة | الأسئلة الشائعة حول الحل | اطلب الحل وعرض السعر | صفحات ذات صلة,.next/server/app/ar/solutions/chemical-plant-protection.html
/ar/solutions/disaster-site-search-rescue-reconnaissance-uav-solution,ar,strong,100,طائرة البحث والإنقاذ,5,true,true,true,true,true,2231,20,0.896,1,16,,حل طائرة البحث والإنقاذ | N-TET,"طائرة البحث والإنقاذ هو موضوع البحث الرئيسي لهذه الصفحة، مع تغطية مرتبطة بـ طائرة بحث وإنقاذ, طائرات حرارية للبحث والإنقاذ, UAV للبحث والإنقاذ.",طائرة البحث والإنقاذ | طائرة بحث وإنقاذ | طائرات حرارية للبحث والإنقاذ | UAV للبحث والإنقاذ | طائرة إنقاذ,حل طائرة البحث والإنقاذ,سير عمل طائرة البحث والإنقاذ | How UAVs Upgrade Emergency Reconnaissance | وحدات الحل | معدات ذات صلة | حالات ذات صلة | الأسئلة الشائعة حول الحل | اطلب الحل وعرض السعر | نظرة عامة | احتياجات القطاع | How UAVs Upgrade Emergency Reconnaissance | وحدات الحل | معدات ذات صلة | حالات ذات صلة | الأسئلة الشائعة حول الحل | اطلب الحل وعرض السعر | صفحات ذات صلة,.next/server/app/ar/solutions/disaster-site-search-rescue-reconnaissance-uav-solution.html
/ar/solutions/emergency-communication-uav,ar,strong,100,طائرة UAV للاتصالات الطارئة,2,true,true,true,true,true,1738,23,1.323,1,11,,طائرة UAV للاتصالات الطارئة | N-TET,يُستخدم طائرة UAV للاتصالات الطارئة في التفتيش الميداني والصيانة، مع دعم الدعم الطارئ واستمرارية العمليات وتنسيق فرق التشغيل حسب متطلبات الموقع. يساعد الحل على جمع المعلومات، وتوثيق الأحداث، وتحويل بيانات المراقبة إلى إجراءات قابلة للمراجعة,طائرة UAV للاتصالات الطارئة | N-TET,طائرة UAV للاتصالات الطارئة,طائرة UAV للاتصالات الطارئة Workflow | المواصفات الفنية | معدات ذات صلة | الأسئلة الشائعة حول الحل | اطلب الحل وعرض السعر | نظرة عامة | المواصفات الفنية | معدات ذات صلة | الأسئلة الشائعة حول الحل | اطلب الحل وعرض السعر | صفحات ذات صلة,.next/server/app/ar/solutions/emergency-communication-uav.html
/ar/solutions/emergency-communication-uav-solution,ar,strong,85,منصة UAV للاتصالات الطارئة,2,true,true,true,false,true,1649,18,1.092,1,9,H2 未命中关键词,منصة UAV للاتصالات الطارئة | N-TET,يُستخدم منصة UAV للاتصالات الطارئة في الدعم الطارئ واستمرارية العمليات، مع دعم التحقق الميداني وتنسيق فرق التشغيل حسب متطلبات الموقع. يساعد الحل على جمع المعلومات، وتوثيق الأحداث، وتحويل بيانات المراقبة إلى إجراءات قابلة للمراجعة دون كشف تف,منصة UAV للاتصالات الطارئة | N-TET,منصة UAV للاتصالات الطارئة,معدات ذات صلة | الأسئلة الشائعة حول الحل | اطلب الحل وعرض السعر | نظرة عامة | المواصفات الفنية | معدات ذات صلة | الأسئلة الشائعة حول الحل | اطلب الحل وعرض السعر | صفحات ذات صلة,.next/server/app/ar/solutions/emergency-communication-uav-solution.html
/ar/solutions/emergency-lighting-uav,ar,strong,100,طائرة UAV للإضاءة الطارئة,2,true,true,true,true,true,1762,22,1.249,1,11,,طائرة UAV للإضاءة الطارئة | N-TET,يُستخدم طائرة UAV للإضاءة الطارئة في الدعم الطارئ واستمرارية العمليات، مع دعم تشغيل مرافق الطاقة والبنية التحتية وتنسيق فرق التشغيل حسب متطلبات الموقع. يساعد الحل على جمع المعلومات، وتوثيق الأحداث، وتحويل بيانات المراقبة إلى إجراءات قابلة ل,طائرة UAV للإضاءة الطارئة | N-TET,طائرة UAV للإضاءة الطارئة,طائرة UAV للإضاءة الطارئة Workflow | المواصفات الفنية | معدات ذات صلة | الأسئلة الشائعة حول الحل | اطلب الحل وعرض السعر | نظرة عامة | المواصفات الفنية | معدات ذات صلة | الأسئلة الشائعة حول الحل | اطلب الحل وعرض السعر | صفحات ذات صلة,.next/server/app/ar/solutions/emergency-lighting-uav.html
/ar/solutions/emergency-reconnaissance-uav,ar,strong,100,منصة UAV صناعية,2,true,true,true,true,true,1767,35,1.981,1,11,,منصة UAV صناعية | N-TET,يُستخدم منصة UAV صناعية في مراقبة المجال الجوي وتوثيق الأحداث، مع دعم الدعم الطارئ واستمرارية العمليات وتنسيق فرق التشغيل حسب متطلبات الموقع. يساعد الحل على جمع المعلومات، وتوثيق الأحداث، وتحويل بيانات المراقبة إلى إجراءات قابلة للمراجعة دو,منصة UAV صناعية | N-TET,منصة UAV صناعية,منصة UAV صناعية Workflow | المواصفات الفنية | معدات ذات صلة | الأسئلة الشائعة حول الحل | اطلب الحل وعرض السعر | نظرة عامة | المواصفات الفنية | معدات ذات صلة | الأسئلة الشائعة حول الحل | اطلب الحل وعرض السعر | صفحات ذات صلة,.next/server/app/ar/solutions/emergency-reconnaissance-uav.html
/ar/solutions/emergency-search-rescue-uav-solution,ar,strong,85,منصة UAV صناعية,2,true,true,true,false,true,1671,33,1.975,1,11,H2 未命中关键词,منصة UAV صناعية | N-TET,يُستخدم منصة UAV صناعية في الدعم الطارئ واستمرارية العمليات، مع دعم مراقبة المياه والمنشآت المائية وتنسيق فرق التشغيل حسب متطلبات الموقع. يساعد الحل على جمع المعلومات، وتوثيق الأحداث، وتحويل بيانات المراقبة إلى إجراءات قابلة للمراجعة دون كش,منصة UAV صناعية | N-TET,منصة UAV صناعية,معدات ذات صلة | حالات ذات صلة | الأسئلة الشائعة حول الحل | اطلب الحل وعرض السعر | نظرة عامة | المواصفات الفنية | معدات ذات صلة | حالات ذات صلة | الأسئلة الشائعة حول الحل | اطلب الحل وعرض السعر | صفحات ذات صلة,.next/server/app/ar/solutions/emergency-search-rescue-uav-solution.html
/ar/solutions/high-rise-firefighting-uav-solution,ar,strong,85,منصة UAV لدعم الإطفاء والإنقاذ,2,true,true,true,false,true,1682,18,1.070,1,9,H2 未命中关键词,منصة UAV لدعم الإطفاء والإنقاذ | N-TET,يُستخدم منصة UAV لدعم الإطفاء والإنقاذ في الدعم الطارئ واستمرارية العمليات، مع دعم مراقبة المياه والمنشآت المائية وتنسيق فرق التشغيل حسب متطلبات الموقع. يساعد الحل على جمع المعلومات، وتوثيق الأحداث، وتحويل بيانات المراقبة إلى إجراءات قابلة,منصة UAV لدعم الإطفاء والإنقاذ | N-TET,منصة UAV لدعم الإطفاء والإنقاذ,معدات ذات صلة | الأسئلة الشائعة حول الحل | اطلب الحل وعرض السعر | نظرة عامة | المواصفات الفنية | معدات ذات صلة | الأسئلة الشائعة حول الحل | اطلب الحل وعرض السعر | صفحات ذات صلة,.next/server/app/ar/solutions/high-rise-firefighting-uav-solution.html
/ar/solutions/hydroelectric-dam-protection,ar,strong,100,حل مراقبة للسدود الكهرومائية,2,true,true,true,true,true,2222,18,0.810,1,14,,حل مراقبة للسدود الكهرومائية | N-TET,يُستخدم حل مراقبة للسدود الكهرومائية في التفتيش الميداني والصيانة، مع دعم الفحص الأمني وإدارة المواقع الحيوية وتنسيق فرق التشغيل حسب متطلبات الموقع. يساعد الحل على جمع المعلومات، وتوثيق الأحداث، وتحويل بيانات المراقبة إلى إجراءات قابلة للمر,حل مراقبة للسدود الكهرومائية | N-TET,حل مراقبة للسدود الكهرومائية,حل مراقبة للسدود الكهرومائية Workflow | Low-Altitude Security Workflow for Dam Operations | وحدات الحل | معدات ذات صلة | الأسئلة الشائعة حول الحل | اطلب الحل وعرض السعر | نظرة عامة | احتياجات القطاع | Low-Altitude Security Workflow for Dam Operations | وحدات الحل | معدات ذات صلة | الأسئلة الشائعة حول الحل | اطلب الحل وعرض السعر | صفحات ذات صلة,.next/server/app/ar/solutions/hydroelectric-dam-protection.html
/ar/solutions/judicial-sector-security,ar,strong,100,حل أمني للمنشآت القضائية,2,true,true,true,true,true,1930,30,1.554,1,11,,حل أمني للمنشآت القضائية | N-TET,يُستخدم حل أمني للمنشآت القضائية في التفتيش الميداني والصيانة، مع دعم مراقبة المجال الجوي وتوثيق الأحداث وتنسيق فرق التشغيل حسب متطلبات الموقع. يساعد الحل على جمع المعلومات، وتوثيق الأحداث، وتحويل بيانات المراقبة إلى إجراءات قابلة للمراجعة,حل أمني للمنشآت القضائية | N-TET,حل أمني للمنشآت القضائية,حل أمني للمنشآت القضائية Workflow | المواصفات الفنية | معدات ذات صلة | الأسئلة الشائعة حول الحل | اطلب الحل وعرض السعر | نظرة عامة | المواصفات الفنية | معدات ذات صلة | الأسئلة الشائعة حول الحل | اطلب الحل وعرض السعر | صفحات ذات صلة,.next/server/app/ar/solutions/judicial-sector-security.html
/ar/solutions/land-based-maritime-surveillance,ar,strong,100,مراقبة بحرية أرضية وإنذار مبكر,2,true,true,true,true,true,1799,24,1.334,1,11,,مراقبة بحرية أرضية وإنذار مبكر | N-TET,يُستخدم مراقبة بحرية أرضية وإنذار مبكر في مراقبة المجال الجوي وتوثيق الأحداث، مع دعم الدوريات والمراقبة واسعة النطاق وتنسيق فرق التشغيل حسب متطلبات الموقع. يساعد الحل على جمع المعلومات، وتوثيق الأحداث، وتحويل بيانات المراقبة إلى إجراءات قاب,مراقبة بحرية أرضية وإنذار مبكر | N-TET,مراقبة بحرية أرضية وإنذار مبكر,مراقبة بحرية أرضية وإنذار مبكر Workflow | المواصفات الفنية | معدات ذات صلة | الأسئلة الشائعة حول الحل | اطلب الحل وعرض السعر | نظرة عامة | المواصفات الفنية | معدات ذات صلة | الأسئلة الشائعة حول الحل | اطلب الحل وعرض السعر | صفحات ذات صلة,.next/server/app/ar/solutions/land-based-maritime-surveillance.html
/ar/solutions/night-emergency-lighting-support-uav-solution,ar,strong,100,UAV مربوط للإضاءة,4,true,true,true,true,true,2217,22,0.992,1,16,,حل UAV مربوط للإضاءة | N-TET,"UAV مربوط للإضاءة هو موضوع البحث الرئيسي لهذه الصفحة، مع تغطية مرتبطة بـ طائرة إضاءة, نظام إضاءة UAV, طائرة إضاءة طارئة.",UAV مربوط للإضاءة | طائرة إضاءة | نظام إضاءة UAV | طائرة إضاءة طارئة,حل UAV مربوط للإضاءة,سير عمل UAV مربوط للإضاءة | كيف ترفع الطائرات بدون طيار كفاءة العمليات | وحدات الحل | معدات ذات صلة | حالات ذات صلة | الأسئلة الشائعة حول الحل | اطلب الحل وعرض السعر | نظرة عامة | احتياجات القطاع | كيف ترفع الطائرات بدون طيار كفاءة العمليات | وحدات الحل | معدات ذات صلة | حالات ذات صلة | الأسئلة الشائعة حول الحل | اطلب الحل وعرض السعر | صفحات ذات صلة,.next/server/app/ar/solutions/night-emergency-lighting-support-uav-solution.html
/ar/solutions/oil-production-base-protection,ar,strong,100,oil and gas drone inspection,4,true,true,true,true,true,2277,18,0.791,1,14,,Oil and Gas Drone Inspection Solution | N-TET,"This oil and gas drone inspection solution supports oil production sites, pipeline corridor inspection, industrial facility inspection UAV workflows, and low-altitude monitoring around field assets.",oil and gas drone inspection | industrial facility inspection UAV | pipeline corridor inspection | oil production site monitoring,Oil and Gas Drone Inspection Solution,Oil and Gas Drone Inspection Workflow | Layered Low-Altitude Protection for Oil Production Sites | وحدات الحل | معدات ذات صلة | الأسئلة الشائعة حول الحل | اطلب الحل وعرض السعر | نظرة عامة | احتياجات القطاع | Layered Low-Altitude Protection for Oil Production Sites | وحدات الحل | معدات ذات صلة | الأسئلة الشائعة حول الحل | اطلب الحل وعرض السعر | صفحات ذات صلة,.next/server/app/ar/solutions/oil-production-base-protection.html
/ar/solutions/post-disaster-emergency-communication-support-uav-solution,ar,strong,100,UAV للاتصالات الطارئة,4,true,true,true,true,true,2202,20,0.908,1,16,,حل UAV للاتصالات الطارئة | N-TET,"UAV للاتصالات الطارئة هو موضوع البحث الرئيسي لهذه الصفحة، مع تغطية مرتبطة بـ طائرة اتصالات للاستجابة للكوارث, UAV مربوط للاتصالات, اتصالات UAV للسلامة العامة.",UAV للاتصالات الطارئة | طائرة اتصالات للاستجابة للكوارث | UAV مربوط للاتصالات | اتصالات UAV للسلامة العامة,حل UAV للاتصالات الطارئة,سير عمل UAV للاتصالات الطارئة | كيف ترفع الطائرات بدون طيار كفاءة العمليات | وحدات الحل | معدات ذات صلة | حالات ذات صلة | الأسئلة الشائعة حول الحل | اطلب الحل وعرض السعر | نظرة عامة | احتياجات القطاع | كيف ترفع الطائرات بدون طيار كفاءة العمليات | وحدات الحل | معدات ذات صلة | حالات ذات صلة | الأسئلة الشائعة حول الحل | اطلب الحل وعرض السعر | صفحات ذات صلة,.next/server/app/ar/solutions/post-disaster-emergency-communication-support-uav-solution.html
/ar/solutions/power-generation-facility-low-altitude-monitoring,ar,strong,100,مراقبة المجال الجوي لمنشآت توليد الطاقة,2,true,true,true,true,true,1838,24,1.306,1,11,,مراقبة المجال الجوي لمنشآت توليد الطاقة | N-TET,يُستخدم مراقبة المجال الجوي لمنشآت توليد الطاقة في التفتيش الميداني والصيانة، مع دعم مراقبة المجال الجوي وتوثيق الأحداث وتنسيق فرق التشغيل حسب متطلبات الموقع. يساعد الحل على جمع المعلومات، وتوثيق الأحداث، وتحويل بيانات المراقبة إلى إجراءات,مراقبة المجال الجوي لمنشآت توليد الطاقة | N-TET,مراقبة المجال الجوي لمنشآت توليد الطاقة,مراقبة المجال الجوي لمنشآت توليد الطاقة Workflow | المواصفات الفنية | معدات ذات صلة | الأسئلة الشائعة حول الحل | اطلب الحل وعرض السعر | نظرة عامة | المواصفات الفنية | معدات ذات صلة | الأسئلة الشائعة حول الحل | اطلب الحل وعرض السعر | صفحات ذات صلة,.next/server/app/ar/solutions/power-generation-facility-low-altitude-monitoring.html
/ar/solutions/power-line-uav-intelligent-inspection-solution,ar,strong,100,تفتيش خطوط الكهرباء بالطائرات بدون طيار,4,true,true,true,true,true,2283,19,0.832,1,12,,حل تفتيش خطوط الكهرباء بالطائرات بدون طيار | N-TET,"تفتيش خطوط الكهرباء بالطائرات بدون طيار هو موضوع البحث الرئيسي لهذه الصفحة، مع تغطية مرتبطة بـ طائرة تفتيش خطوط الكهرباء, تفتيش خطوط الكهرباء باستخدام UAV, طائرات تفتيش المرافق.",تفتيش خطوط الكهرباء بالطائرات بدون طيار | طائرة تفتيش خطوط الكهرباء | تفتيش خطوط الكهرباء باستخدام UAV | طائرات تفتيش المرافق,حل تفتيش خطوط الكهرباء بالطائرات بدون طيار,سير عمل تفتيش خطوط الكهرباء باستخدام UAV | كيف ترفع الطائرات بدون طيار كفاءة العمليات | وحدات الحل | الأسئلة الشائعة حول الحل | اطلب الحل وعرض السعر | نظرة عامة | احتياجات القطاع | كيف ترفع الطائرات بدون طيار كفاءة العمليات | وحدات الحل | الأسئلة الشائعة حول الحل | اطلب الحل وعرض السعر | صفحات ذات صلة,.next/server/app/ar/solutions/power-line-uav-intelligent-inspection-solution.html
/ar/solutions/power-tower-inspection-uav-solution,ar,strong,85,طائرة UAV للتفتيش الميداني,2,true,true,true,false,true,1710,20,1.170,1,11,H2 未命中关键词,طائرة UAV للتفتيش الميداني | N-TET,يُستخدم طائرة UAV للتفتيش الميداني في التفتيش الميداني والصيانة، مع دعم الدعم الطارئ واستمرارية العمليات وتنسيق فرق التشغيل حسب متطلبات الموقع. يساعد الحل على جمع المعلومات، وتوثيق الأحداث، وتحويل بيانات المراقبة إلى إجراءات قابلة للمراجعة,طائرة UAV للتفتيش الميداني | N-TET,طائرة UAV للتفتيش الميداني,معدات ذات صلة | حالات ذات صلة | الأسئلة الشائعة حول الحل | اطلب الحل وعرض السعر | نظرة عامة | المواصفات الفنية | معدات ذات صلة | حالات ذات صلة | الأسئلة الشائعة حول الحل | اطلب الحل وعرض السعر | صفحات ذات صلة,.next/server/app/ar/solutions/power-tower-inspection-uav-solution.html
/ar/solutions/smart-substation-autonomous-inspection-solution,ar,strong,85,طائرة UAV للتفتيش الميداني,2,true,true,true,false,true,1696,20,1.179,1,11,H2 未命中关键词,طائرة UAV للتفتيش الميداني | N-TET,يُستخدم طائرة UAV للتفتيش الميداني في التفتيش الميداني والصيانة، مع دعم الدوريات والمراقبة واسعة النطاق وتنسيق فرق التشغيل حسب متطلبات الموقع. يساعد الحل على جمع المعلومات، وتوثيق الأحداث، وتحويل بيانات المراقبة إلى إجراءات قابلة للمراجعة د,طائرة UAV للتفتيش الميداني | N-TET,طائرة UAV للتفتيش الميداني,معدات ذات صلة | حالات ذات صلة | الأسئلة الشائعة حول الحل | اطلب الحل وعرض السعر | نظرة عامة | المواصفات الفنية | معدات ذات صلة | حالات ذات صلة | الأسئلة الشائعة حول الحل | اطلب الحل وعرض السعر | صفحات ذات صلة,.next/server/app/ar/solutions/smart-substation-autonomous-inspection-solution.html
/ar/solutions/smart-substation-unattended-uav-inspection-solution,ar,strong,100,التفتيش الذاتي للمحطات الفرعية الذكية,5,true,true,true,true,true,2244,20,0.891,1,16,,حل التفتيش الذاتي للمحطات الفرعية الذكية | N-TET,"التفتيش الذاتي للمحطات الفرعية الذكية هو موضوع البحث الرئيسي لهذه الصفحة، مع تغطية مرتبطة بـ تفتيش ذاتي للمحطات الفرعية الذكية, طائرة تفتيش المحطات الفرعية, تفتيش مرافق الطاقة باستخدام UAV.",التفتيش الذاتي للمحطات الفرعية الذكية | تفتيش ذاتي للمحطات الفرعية الذكية | طائرة تفتيش المحطات الفرعية | تفتيش مرافق الطاقة باستخدام UAV | تفتيش UAV ذاتي,حل التفتيش الذاتي للمحطات الفرعية الذكية,سير عمل التفتيش الذاتي للمحطات الفرعية الذكية | How UAVs Upgrade Substation Inspection | وحدات الحل | معدات ذات صلة | حالات ذات صلة | الأسئلة الشائعة حول الحل | اطلب الحل وعرض السعر | نظرة عامة | احتياجات القطاع | How UAVs Upgrade Substation Inspection | وحدات الحل | معدات ذات صلة | حالات ذات صلة | الأسئلة الشائعة حول الحل | اطلب الحل وعرض السعر | صفحات ذات صلة,.next/server/app/ar/solutions/smart-substation-unattended-uav-inspection-solution.html
/ar/solutions/sports-event-security,ar,strong,100,حل أمني للفعاليات الرياضية الكبرى,2,true,true,true,true,true,2195,17,0.774,1,14,,حل أمني للفعاليات الرياضية الكبرى | N-TET,يُستخدم حل أمني للفعاليات الرياضية الكبرى في التفتيش الميداني والصيانة، مع دعم الفحص الأمني وإدارة المواقع الحيوية وتنسيق فرق التشغيل حسب متطلبات الموقع. يساعد الحل على جمع المعلومات، وتوثيق الأحداث، وتحويل بيانات المراقبة إلى إجراءات قابلة,حل أمني للفعاليات الرياضية الكبرى | N-TET,حل أمني للفعاليات الرياضية الكبرى,حل أمني للفعاليات الرياضية الكبرى Workflow | How Integrated Monitoring and Screening Support Large Events | وحدات الحل | معدات ذات صلة | الأسئلة الشائعة حول الحل | اطلب الحل وعرض السعر | نظرة عامة | احتياجات القطاع | How Integrated Monitoring and Screening Support Large Events | وحدات الحل | معدات ذات صلة | الأسئلة الشائعة حول الحل | اطلب الحل وعرض السعر | صفحات ذات صلة,.next/server/app/ar/solutions/sports-event-security.html
/ar/solutions/tethered-lighting-uav-solution,ar,strong,85,منصة UAV للإضاءة الطارئة,2,true,true,true,false,true,1679,19,1.132,1,11,H2 未命中关键词,منصة UAV للإضاءة الطارئة | N-TET,يُستخدم منصة UAV للإضاءة الطارئة في الدعم الطارئ واستمرارية العمليات، مع دعم التحقق الميداني وتنسيق فرق التشغيل حسب متطلبات الموقع. يساعد الحل على جمع المعلومات، وتوثيق الأحداث، وتحويل بيانات المراقبة إلى إجراءات قابلة للمراجعة دون كشف تفاص,منصة UAV للإضاءة الطارئة | N-TET,منصة UAV للإضاءة الطارئة,معدات ذات صلة | حالات ذات صلة | الأسئلة الشائعة حول الحل | اطلب الحل وعرض السعر | نظرة عامة | المواصفات الفنية | معدات ذات صلة | حالات ذات صلة | الأسئلة الشائعة حول الحل | اطلب الحل وعرض السعر | صفحات ذات صلة,.next/server/app/ar/solutions/tethered-lighting-uav-solution.html
/ar/solutions/uav-maritime-emergency-rescue,ar,strong,100,إنقاذ بحري طارئ باستخدام UAV,2,true,true,true,true,true,1789,22,1.230,1,11,,إنقاذ بحري طارئ باستخدام UAV | N-TET,يُستخدم إنقاذ بحري طارئ باستخدام UAV في الدعم الطارئ واستمرارية العمليات، مع دعم الدوريات والمراقبة واسعة النطاق وتنسيق فرق التشغيل حسب متطلبات الموقع. يساعد الحل على جمع المعلومات، وتوثيق الأحداث، وتحويل بيانات المراقبة إلى إجراءات قابلة ل,إنقاذ بحري طارئ باستخدام UAV | N-TET,إنقاذ بحري طارئ باستخدام UAV,إنقاذ بحري طارئ باستخدام UAV Workflow | المواصفات الفنية | معدات ذات صلة | الأسئلة الشائعة حول الحل | اطلب الحل وعرض السعر | نظرة عامة | المواصفات الفنية | معدات ذات صلة | الأسئلة الشائعة حول الحل | اطلب الحل وعرض السعر | صفحات ذات صلة,.next/server/app/ar/solutions/uav-maritime-emergency-rescue.html
/ar/solutions/uav-maritime-patrol,ar,strong,100,UAV للدوريات البحرية,4,true,true,true,true,true,2173,19,0.874,1,16,,حل UAV للدوريات البحرية | N-TET,"UAV للدوريات البحرية هو موضوع البحث الرئيسي لهذه الصفحة، مع تغطية مرتبطة بـ طائرة لمراقبة السواحل, UAV لدوريات الحدود, UAV لمراقبة الحدود.",UAV للدوريات البحرية | طائرة لمراقبة السواحل | UAV لدوريات الحدود | UAV لمراقبة الحدود,حل UAV للدوريات البحرية,سير عمل UAV للدوريات البحرية | كيف ترفع الطائرات بدون طيار كفاءة العمليات | وحدات الحل | معدات ذات صلة | حالات ذات صلة | الأسئلة الشائعة حول الحل | اطلب الحل وعرض السعر | نظرة عامة | احتياجات القطاع | كيف ترفع الطائرات بدون طيار كفاءة العمليات | وحدات الحل | معدات ذات صلة | حالات ذات صلة | الأسئلة الشائعة حول الحل | اطلب الحل وعرض السعر | صفحات ذات صلة,.next/server/app/ar/solutions/uav-maritime-patrol.html
/ar/solutions/urban-high-rise-firefighting-emergency-uav-solution,ar,strong,100,طائرة مكافحة الحرائق,5,true,true,true,true,true,2262,19,0.840,1,16,,حل طائرة مكافحة الحرائق | N-TET,"طائرة مكافحة الحرائق هو موضوع البحث الرئيسي لهذه الصفحة، مع تغطية مرتبطة بـ طائرة مكافحة حرائق, UAV لمكافحة حرائق المباني العالية, طائرة لإطفاء الحرائق.",طائرة مكافحة الحرائق | طائرة مكافحة حرائق | UAV لمكافحة حرائق المباني العالية | طائرة لإطفاء الحرائق | طائرات مكافحة حرائق,حل طائرة مكافحة الحرائق,سير عمل طائرة مكافحة الحرائق | كيف ترفع الطائرات بدون طيار كفاءة العمليات | وحدات الحل | معدات ذات صلة | حالات ذات صلة | الأسئلة الشائعة حول الحل | اطلب الحل وعرض السعر | نظرة عامة | احتياجات القطاع | كيف ترفع الطائرات بدون طيار كفاءة العمليات | وحدات الحل | معدات ذات صلة | حالات ذات صلة | الأسئلة الشائعة حول الحل | اطلب الحل وعرض السعر | صفحات ذات صلة,.next/server/app/ar/solutions/urban-high-rise-firefighting-emergency-uav-solution.html
/ar/solutions/water-conservancy-monitoring-uav-solution,ar,strong,85,طائرة UAV لمراقبة المياه,2,true,true,true,false,true,1694,21,1.240,1,11,H2 未命中关键词,طائرة UAV لمراقبة المياه | N-TET,يُستخدم طائرة UAV لمراقبة المياه في التفتيش الميداني والصيانة، مع دعم مراقبة المجال الجوي وتوثيق الأحداث وتنسيق فرق التشغيل حسب متطلبات الموقع. يساعد الحل على جمع المعلومات، وتوثيق الأحداث، وتحويل بيانات المراقبة إلى إجراءات قابلة للمراجعة,طائرة UAV لمراقبة المياه | N-TET,طائرة UAV لمراقبة المياه,معدات ذات صلة | حالات ذات صلة | الأسئلة الشائعة حول الحل | اطلب الحل وعرض السعر | نظرة عامة | المواصفات الفنية | معدات ذات صلة | حالات ذات صلة | الأسئلة الشائعة حول الحل | اطلب الحل وعرض السعر | صفحات ذات صلة,.next/server/app/ar/solutions/water-conservancy-monitoring-uav-solution.html
/ar/solutions/water-conservancy-river-lake-uav-monitoring-solution,ar,strong,85,UAV لمراقبة الموارد المائية,4,true,true,true,false,true,2429,18,0.741,1,16,H2 未命中关键词,حل UAV لمراقبة الموارد المائية | N-TET,"UAV لمراقبة الموارد المائية هو موضوع البحث الرئيسي لهذه الصفحة، مع تغطية مرتبطة بـ UAV لتفتيش السدود, مراقبة الأنهار والبحيرات باستخدام UAV, طائرة مراقبة الفيضانات.",UAV لمراقبة الموارد المائية | UAV لتفتيش السدود | مراقبة الأنهار والبحيرات باستخدام UAV | طائرة مراقبة الفيضانات,حل UAV لمراقبة الموارد المائية,سير عمل مراقبة الموارد المائية باستخدام UAV | كيف ترفع الطائرات بدون طيار كفاءة العمليات | وحدات الحل | معدات ذات صلة | حالات ذات صلة | الأسئلة الشائعة حول الحل | اطلب الحل وعرض السعر | نظرة عامة | احتياجات القطاع | كيف ترفع الطائرات بدون طيار كفاءة العمليات | وحدات الحل | معدات ذات صلة | حالات ذات صلة | الأسئلة الشائعة حول الحل | اطلب الحل وعرض السعر | صفحات ذات صلة,.next/server/app/ar/solutions/water-conservancy-river-lake-uav-monitoring-solution.html
/en,en,strong,85,industrial UAV systems,4,true,true,true,false,true,1137,4,0.352,1,11,H2 未命中关键词,Industrial UAV Systems for Low-Altitude Operations | N-TET,"industrial UAV systems is the primary search theme for this page, with related coverage for low altitude monitoring, UAV inspection drone, emergency response UAV.",industrial UAV systems | low altitude monitoring | UAV inspection drone | emergency response UAV,Industrial UAV Systems for Low-Altitude Operations,Our Solutions | Product Center | Water Conservancy Monitoring Drone | Case Center | About Us | Latest News | Our Solutions | Product Center | Case Center | About Us | Latest News,.next/server/app/en.html
/en/about,en,strong,85,industrial UAV systems integrator,4,true,true,true,false,true,1180,2,0.169,1,5,H2 未命中关键词,Industrial UAV Systems Integrator Profile | N-TET,"N-TET is an industrial UAV systems integrator and solution provider focused on low-altitude monitoring equipment, inspection workflows, and security technologies for infrastructure operators.",industrial UAV systems integrator | low altitude monitoring solution provider | UAV system supplier | security technology integrator,Industrial UAV Systems Integrator Profile,Industrial UAV Integration Capabilities | R&D Team | Company Profile | R&D Team | Get Solution & Quotation,.next/server/app/en/about.html
/en/accessories,en,strong,80,drone accessories,8,true,false,true,true,true,1265,58,4.585,1,11,description 未命中关键词; 关键词密度偏高，需要检查堆砌风险,Drone Accessories & UAV Components | N-TET,"Browse N-TET UAV accessories including electro-optical gimbals, UAV engines, data links, propellers, motors, batteries, remote controllers, and flight controllers.",drone accessories | UAV components | UAV gimbal | UAV engine | UAV data link | drone propellers | UAV motors | flight controller,Drone Accessories & UAV Components,Drone Accessories and UAV Components for Industrial Platforms | Flight Controllers | UAV Motors | UAV Propellers | UAV Batteries | Electro-Optical Gimbals | UAV Engines | UAV Data Links | UAV Remote Controllers | Drone Accessories FAQ | Get Solution & Quotation,.next/server/app/en/accessories.html
/en/accessories/fc-bt1,en,strong,85,FC-BT1 UAV Solid-State Battery,4,true,false,true,true,true,3986,12,0.301,1,6,description 未命中关键词,FC-BT1 UAV Solid-State Battery | N-TET Drone Accessories,"FC-BT1 is a 280Wh/kg, 4.2V 10C solid-state lithium-ion battery series covering 16Ah-30Ah capacities for inspection, mapping, VTOL, multi-rotor industrial UAVs, robots, and unmanned vessels.",FC-BT1 UAV Solid-State Battery | drone accessories | UAV components | industrial UAV parts,FC-BT1 UAV Solid-State Battery,FC-BT1 UAV Solid-State Battery Technical Specifications | Get Solution & Quotation | Overview | Technical Specifications | Get Solution & Quotation | Related public pages,.next/server/app/en/accessories/fc-bt1.html
/en/accessories/fc-bt2,en,strong,85,FC-BT2 UAV Solid-State Battery,4,true,false,true,true,true,3478,12,0.345,1,6,description 未命中关键词,FC-BT2 UAV Solid-State Battery | N-TET Drone Accessories,"FC-BT2 is an upgraded FC-BT1 series with 310Wh/kg energy density, improved wind resistance and landing safety, and stable performance for inspection, mapping, VTOL, and multi-rotor industrial UAVs.",FC-BT2 UAV Solid-State Battery | drone accessories | UAV components | industrial UAV parts,FC-BT2 UAV Solid-State Battery,FC-BT2 UAV Solid-State Battery Technical Specifications | Get Solution & Quotation | Overview | Technical Specifications | Get Solution & Quotation | Related public pages,.next/server/app/en/accessories/fc-bt2.html
/en/accessories/fc-bt3,en,strong,85,FC-BT3 High-Voltage UAV Solid-State Battery,4,true,false,true,true,true,3597,12,0.334,1,6,description 未命中关键词,FC-BT3 High-Voltage UAV Solid-State Battery | N-TET Drone Accessories,FC-BT3 is a 4.35V high-voltage solid-state battery series with higher discharge rate and lower voltage sag for heavy-lift VTOL and aircraft with large differences between vertical-lift and cruise power demand.,FC-BT3 High-Voltage UAV Solid-State Battery | drone accessories | UAV components | industrial UAV parts,FC-BT3 High-Voltage UAV Solid-State Battery,FC-BT3 High-Voltage UAV Solid-State Battery Technical Specifications | Get Solution & Quotation | Overview | Technical Specifications | Get Solution & Quotation | Related public pages,.next/server/app/en/accessories/fc-bt3.html
/en/accessories/fc-bt4,en,strong,85,FC-BT4 High-Energy UAV Solid-State Battery,4,true,false,true,true,true,5467,12,0.219,1,6,description 未命中关键词,FC-BT4 High-Energy UAV Solid-State Battery | N-TET Drone Accessories,"FC-BT4 is a 340Wh/kg high-energy-density solid-state battery series balancing low voltage sag, high safety, long service life, and cost performance for reconnaissance, solar, mapping, security, and long-endurance UAVs.",FC-BT4 High-Energy UAV Solid-State Battery | drone accessories | UAV components | industrial UAV parts,FC-BT4 High-Energy UAV Solid-State Battery,FC-BT4 High-Energy UAV Solid-State Battery Technical Specifications | Get Solution & Quotation | Overview | Technical Specifications | Get Solution & Quotation | Related public pages,.next/server/app/en/accessories/fc-bt4.html
/en/accessories/fc-btg,en,strong,85,FC-BTG Training UAV Solid-State Battery,4,true,false,true,true,true,2757,12,0.435,1,6,description 未命中关键词,FC-BTG Training UAV Solid-State Battery | N-TET Drone Accessories,"FC-BTG is a cost-effective solid-state battery series for training, logistics, and power-operation scenarios, covering FC-BTG-TG1 and FC-BTG-TG3 configurations with stable output, long endurance, and training-friendly adaptation.",FC-BTG Training UAV Solid-State Battery | drone accessories | UAV components | industrial UAV parts,FC-BTG Training UAV Solid-State Battery,FC-BTG Training UAV Solid-State Battery Technical Specifications | Get Solution & Quotation | Overview | Technical Specifications | Get Solution & Quotation | Related public pages,.next/server/app/en/accessories/fc-btg.html
/en/accessories/fc-c2d-propeller,en,strong,85,FC-C2D UAV Propeller,4,true,false,true,true,true,1549,11,0.710,1,6,description 未命中关键词,FC-C2D UAV Propeller | N-TET Drone Accessories,Dimension range: 11~42 in; maximum thrust: 12.42kgf (7000RPM); peak propeller efficiency: 11.08gf/W (2821RPM).,FC-C2D UAV Propeller | drone accessories | UAV components | industrial UAV parts,FC-C2D UAV Propeller,FC-C2D UAV Propeller Technical Specifications | Get Solution & Quotation | Overview | Technical Specifications | Get Solution & Quotation | Related public pages,.next/server/app/en/accessories/fc-c2d-propeller.html
/en/accessories/fc-c2e-propeller,en,strong,85,FC-C2E UAV Propeller,4,true,false,true,true,true,1497,11,0.735,1,6,description 未命中关键词,FC-C2E UAV Propeller | N-TET Drone Accessories,Dimension range: 8~32 in; maximum thrust: 10.84kgf (6261RPM); peak propeller efficiency: 10.83gf/W (3442RPM).,FC-C2E UAV Propeller | drone accessories | UAV components | industrial UAV parts,FC-C2E UAV Propeller,FC-C2E UAV Propeller Technical Specifications | Get Solution & Quotation | Overview | Technical Specifications | Get Solution & Quotation | Related public pages,.next/server/app/en/accessories/fc-c2e-propeller.html
/en/accessories/fc-c2t-propeller,en,strong,85,FC-C2T UAV Propeller,4,true,false,true,true,true,1525,11,0.721,1,6,description 未命中关键词,FC-C2T UAV Propeller | N-TET Drone Accessories,Dimension range: 14~46 in; maximum thrust: 24.99kgf (7850RPM); peak propeller efficiency: 8.49gf/W (3036RPM).,FC-C2T UAV Propeller | drone accessories | UAV components | industrial UAV parts,FC-C2T UAV Propeller,FC-C2T UAV Propeller Technical Specifications | Get Solution & Quotation | Overview | Technical Specifications | Get Solution & Quotation | Related public pages,.next/server/app/en/accessories/fc-c2t-propeller.html
/en/accessories/fc-c2u-propeller,en,strong,85,FC-C2U UAV Propeller,4,true,false,true,true,true,1517,11,0.725,1,6,description 未命中关键词,FC-C2U UAV Propeller | N-TET Drone Accessories,Dimension range: 16~47 in; maximum thrust: 38.70kgf (7279RPM); peak propeller efficiency: 12.63gf/W (2309RPM).,FC-C2U UAV Propeller | drone accessories | UAV components | industrial UAV parts,FC-C2U UAV Propeller,FC-C2U UAV Propeller Technical Specifications | Get Solution & Quotation | Overview | Technical Specifications | Get Solution & Quotation | Related public pages,.next/server/app/en/accessories/fc-c2u-propeller.html
/en/accessories/fc-c2ud-propeller,en,strong,85,FC-C2UD UAV Propeller,4,true,false,true,true,true,1567,11,0.702,1,6,description 未命中关键词,FC-C2UD UAV Propeller | N-TET Drone Accessories,Dimension range: 18~40 in; maximum thrust: 37.65kgf (7838RPM); peak propeller efficiency: 6.64gf/W (3720RPM).,FC-C2UD UAV Propeller | drone accessories | UAV components | industrial UAV parts,FC-C2UD UAV Propeller,FC-C2UD UAV Propeller Technical Specifications | Get Solution & Quotation | Overview | Technical Specifications | Get Solution & Quotation | Related public pages,.next/server/app/en/accessories/fc-c2ud-propeller.html
/en/accessories/fc-fdj-111,en,strong,100,FC-FDJ-111 UAV Engine,4,true,true,true,true,true,1329,13,0.978,1,6,,FC-FDJ-111 UAV Engine | N-TET Drone Accessories,"FC-FDJ-111 UAV engine with displacement 111.2cm3, power/performance 11.2HP/7500rpm, static thrust 25.5kg/altitude 100m.",FC-FDJ-111 UAV Engine | drone accessories | UAV components | industrial UAV parts,FC-FDJ-111 UAV Engine,FC-FDJ-111 UAV Engine Technical Specifications | Get Solution & Quotation | Overview | Technical Specifications | Get Solution & Quotation | Related public pages,.next/server/app/en/accessories/fc-fdj-111.html
/en/accessories/fc-fdj-120,en,strong,100,FC-FDJ-120 UAV Engine,4,true,true,true,true,true,1307,13,0.995,1,6,,FC-FDJ-120 UAV Engine | N-TET Drone Accessories,"FC-FDJ-120 UAV engine with displacement 120cm3, power/performance 12HP/7500rpm, static thrust 26.5kg/altitude 100m.",FC-FDJ-120 UAV Engine | drone accessories | UAV components | industrial UAV parts,FC-FDJ-120 UAV Engine,FC-FDJ-120 UAV Engine Technical Specifications | Get Solution & Quotation | Overview | Technical Specifications | Get Solution & Quotation | Related public pages,.next/server/app/en/accessories/fc-fdj-120.html
/en/accessories/fc-fdj-120hd,en,strong,100,FC-FDJ-120HD UAV Engine,4,true,true,true,true,true,1273,13,1.021,1,6,,FC-FDJ-120HD UAV Engine | N-TET Drone Accessories,"FC-FDJ-120HD UAV engine with displacement 120cm3, power/performance 7.35KW(0altitude)/8000rpm.",FC-FDJ-120HD UAV Engine | drone accessories | UAV components | industrial UAV parts,FC-FDJ-120HD UAV Engine,FC-FDJ-120HD UAV Engine Technical Specifications | Get Solution & Quotation | Overview | Technical Specifications | Get Solution & Quotation | Related public pages,.next/server/app/en/accessories/fc-fdj-120hd.html
/en/accessories/fc-fdj-170,en,strong,100,FC-FDJ-170 UAV Engine,4,true,true,true,true,true,1297,13,1.002,1,6,,FC-FDJ-170 UAV Engine | N-TET Drone Accessories,"FC-FDJ-170 UAV engine with displacement 170cm3, power/performance 17.5HP/7500rpm, static thrust 35kg/altitude 100m.",FC-FDJ-170 UAV Engine | drone accessories | UAV components | industrial UAV parts,FC-FDJ-170 UAV Engine,FC-FDJ-170 UAV Engine Technical Specifications | Get Solution & Quotation | Overview | Technical Specifications | Get Solution & Quotation | Related public pages,.next/server/app/en/accessories/fc-fdj-170.html
/en/accessories/fc-fdj-200,en,strong,100,FC-FDJ-200 UAV Engine,4,true,true,true,true,true,1285,13,1.012,1,6,,FC-FDJ-200 UAV Engine | N-TET Drone Accessories,"FC-FDJ-200 UAV engine with displacement 200CC, power/performance 20HP/7500rpm.",FC-FDJ-200 UAV Engine | drone accessories | UAV components | industrial UAV parts,FC-FDJ-200 UAV Engine,FC-FDJ-200 UAV Engine Technical Specifications | Get Solution & Quotation | Overview | Technical Specifications | Get Solution & Quotation | Related public pages,.next/server/app/en/accessories/fc-fdj-200.html
/en/accessories/fc-fdj-222,en,strong,100,FC-FDJ-222 UAV Engine,4,true,true,true,true,true,1307,13,0.995,1,6,,FC-FDJ-222 UAV Engine | N-TET Drone Accessories,"FC-FDJ-222 UAV engine with displacement 222.5cm3, power/performance 21.5HP/7500rpm, static thrust 51kg/altitude 100m.",FC-FDJ-222 UAV Engine | drone accessories | UAV components | industrial UAV parts,FC-FDJ-222 UAV Engine,FC-FDJ-222 UAV Engine Technical Specifications | Get Solution & Quotation | Overview | Technical Specifications | Get Solution & Quotation | Related public pages,.next/server/app/en/accessories/fc-fdj-222.html
/en/accessories/fc-fdj-430,en,strong,100,FC-FDJ-430 UAV Engine,4,true,true,true,true,true,1447,13,0.898,1,6,,FC-FDJ-430 UAV Engine | N-TET Drone Accessories,"FC-FDJ-430 UAV engine with displacement 430.8cc, power/performance 42HP at 6800 RPM, static thrust 110kg.",FC-FDJ-430 UAV Engine | drone accessories | UAV components | industrial UAV parts,FC-FDJ-430 UAV Engine,FC-FDJ-430 UAV Engine Technical Specifications | Get Solution & Quotation | Overview | Technical Specifications | Get Solution & Quotation | Related public pages,.next/server/app/en/accessories/fc-fdj-430.html
/en/accessories/fc-fdj-55,en,strong,100,FC-FDJ-55 UAV Engine,4,true,true,true,true,true,1335,13,0.974,1,6,,FC-FDJ-55 UAV Engine | N-TET Drone Accessories,"FC-FDJ-55 UAV engine with displacement 55.6cm3, power/performance 5.5HP/8500rpm, static thrust 14.5kg/altitude 100m.",FC-FDJ-55 UAV Engine | drone accessories | UAV components | industrial UAV parts,FC-FDJ-55 UAV Engine,FC-FDJ-55 UAV Engine Technical Specifications | Get Solution & Quotation | Overview | Technical Specifications | Get Solution & Quotation | Related public pages,.next/server/app/en/accessories/fc-fdj-55.html
/en/accessories/fc-fdj-60,en,strong,100,FC-FDJ-60 UAV Engine,4,true,true,true,true,true,1307,13,0.995,1,6,,FC-FDJ-60 UAV Engine | N-TET Drone Accessories,"FC-FDJ-60 UAV engine with displacement 61cm3, power/performance 7HP/8500rpm, static thrust 15.2kg/altitude 100m.",FC-FDJ-60 UAV Engine | drone accessories | UAV components | industrial UAV parts,FC-FDJ-60 UAV Engine,FC-FDJ-60 UAV Engine Technical Specifications | Get Solution & Quotation | Overview | Technical Specifications | Get Solution & Quotation | Related public pages,.next/server/app/en/accessories/fc-fdj-60.html
/en/accessories/fc-fdj-61,en,strong,100,FC-FDJ-61 UAV Engine,4,true,true,true,true,true,1307,13,0.995,1,6,,FC-FDJ-61 UAV Engine | N-TET Drone Accessories,"FC-FDJ-61 UAV engine with displacement 60cm3, power/performance 6HP/7500rpm, static thrust 15kg/altitude 100m.",FC-FDJ-61 UAV Engine | drone accessories | UAV components | industrial UAV parts,FC-FDJ-61 UAV Engine,FC-FDJ-61 UAV Engine Technical Specifications | Get Solution & Quotation | Overview | Technical Specifications | Get Solution & Quotation | Related public pages,.next/server/app/en/accessories/fc-fdj-61.html
/en/accessories/fc-fdj-70hd,en,strong,100,FC-FDJ-70HD UAV Engine,4,true,true,true,true,true,1275,13,1.020,1,6,,FC-FDJ-70HD UAV Engine | N-TET Drone Accessories,"FC-FDJ-70HD UAV engine with displacement 70cm3, power/performance 4.2KW(0altitude)/8300rpm.",FC-FDJ-70HD UAV Engine | drone accessories | UAV components | industrial UAV parts,FC-FDJ-70HD UAV Engine,FC-FDJ-70HD UAV Engine Technical Specifications | Get Solution & Quotation | Overview | Technical Specifications | Get Solution & Quotation | Related public pages,.next/server/app/en/accessories/fc-fdj-70hd.html
/en/accessories/fc-fdj-85,en,strong,100,FC-FDJ-85 UAV Engine,4,true,true,true,true,true,1307,13,0.995,1,6,,FC-FDJ-85 UAV Engine | N-TET Drone Accessories,"FC-FDJ-85 UAV engine with displacement 85cm3, power/performance 8.5HP/9000rpm, static thrust 21kg/altitude 100m.",FC-FDJ-85 UAV Engine | drone accessories | UAV components | industrial UAV parts,FC-FDJ-85 UAV Engine,FC-FDJ-85 UAV Engine Technical Specifications | Get Solution & Quotation | Overview | Technical Specifications | Get Solution & Quotation | Related public pages,.next/server/app/en/accessories/fc-fdj-85.html
/en/accessories/fc-l10tr-three-light-gimbal,en,strong,100,FC-L10TR Electro-Optical Gimbal,4,true,true,true,true,true,1845,13,0.705,1,6,,FC-L10TR Electro-Optical Gimbal | N-TET Drone Accessories,"FC-L10TR electro-optical gimbal: 10x continuous optical zoom + thermal imaging + 905nm laser ranging; 5m-1500m laser ranging, weight <=800g.",FC-L10TR Electro-Optical Gimbal | drone accessories | UAV components | industrial UAV parts,FC-L10TR Electro-Optical Gimbal,FC-L10TR Electro-Optical Gimbal Technical Specifications | Get Solution & Quotation | Overview | Technical Specifications | Get Solution & Quotation | Related public pages,.next/server/app/en/accessories/fc-l10tr-three-light-gimbal.html
/en/accessories/fc-l40-smart-optical-pod,en,strong,100,FC-L40 Electro-Optical Gimbal,4,true,true,true,true,true,1665,13,0.781,1,6,,FC-L40 Electro-Optical Gimbal | N-TET Drone Accessories,"FC-L40 electro-optical gimbal: 40x visible-light optical zoom; Weight <=1kg, dimensions <=Phi115mm x 175mm.",FC-L40 Electro-Optical Gimbal | drone accessories | UAV components | industrial UAV parts,FC-L40 Electro-Optical Gimbal,FC-L40 Electro-Optical Gimbal Technical Specifications | Get Solution & Quotation | Overview | Technical Specifications | Get Solution & Quotation | Related public pages,.next/server/app/en/accessories/fc-l40-smart-optical-pod.html
/en/accessories/fc-l40t-dual-light-gimbal,en,strong,100,FC-L40T Electro-Optical Gimbal,4,true,true,true,true,true,1781,13,0.730,1,6,,FC-L40T Electro-Optical Gimbal | N-TET Drone Accessories,"FC-L40T electro-optical gimbal: Visible light 1920x1080, 40x zoom range 4.25-170mm; 640x512 thermal imaging, weight <=1.1kg.",FC-L40T Electro-Optical Gimbal | drone accessories | UAV components | industrial UAV parts,FC-L40T Electro-Optical Gimbal,FC-L40T Electro-Optical Gimbal Technical Specifications | Get Solution & Quotation | Overview | Technical Specifications | Get Solution & Quotation | Related public pages,.next/server/app/en/accessories/fc-l40t-dual-light-gimbal.html
/en/accessories/fc-l40tr-smart-optical-pod,en,strong,100,FC-L40TR Electro-Optical Gimbal,4,true,true,true,true,true,1829,13,0.711,1,6,,FC-L40TR Electro-Optical Gimbal | N-TET Drone Accessories,"FC-L40TR electro-optical gimbal: 40x visible light + 640x512 thermal imaging + 1535nm laser ranging; 20m-3000m laser ranging, weight <=1.3kg.",FC-L40TR Electro-Optical Gimbal | drone accessories | UAV components | industrial UAV parts,FC-L40TR Electro-Optical Gimbal,FC-L40TR Electro-Optical Gimbal Technical Specifications | Get Solution & Quotation | Overview | Technical Specifications | Get Solution & Quotation | Related public pages,.next/server/app/en/accessories/fc-l40tr-smart-optical-pod.html
/en/accessories/fc-l50-smart-optical-pod,en,strong,100,FC-L50 Electro-Optical Gimbal,4,true,true,true,true,true,1689,13,0.770,1,6,,FC-L50 Electro-Optical Gimbal | N-TET Drone Accessories,"FC-L50 electro-optical gimbal: 1280 x 1024 uncooled infrared imaging module; 50mm thermal focal length, weight <=1.5kg.",FC-L50 Electro-Optical Gimbal | drone accessories | UAV components | industrial UAV parts,FC-L50 Electro-Optical Gimbal,FC-L50 Electro-Optical Gimbal Technical Specifications | Get Solution & Quotation | Overview | Technical Specifications | Get Solution & Quotation | Related public pages,.next/server/app/en/accessories/fc-l50-smart-optical-pod.html
/en/accessories/fc-ln100-dual-light-gimbal,en,strong,100,FC-LN100 Electro-Optical Gimbal,4,true,true,true,true,true,1769,13,0.735,1,6,,FC-LN100 Electro-Optical Gimbal | N-TET Drone Accessories,"FC-LN100 electro-optical gimbal: 4K fixed-focus visible light + 640x512 thermal imaging; Weight <=260g, average power 10w.",FC-LN100 Electro-Optical Gimbal | drone accessories | UAV components | industrial UAV parts,FC-LN100 Electro-Optical Gimbal,FC-LN100 Electro-Optical Gimbal Technical Specifications | Get Solution & Quotation | Overview | Technical Specifications | Get Solution & Quotation | Related public pages,.next/server/app/en/accessories/fc-ln100-dual-light-gimbal.html
/en/accessories/fc-ln95-dual-light-gimbal,en,strong,100,FC-LN95 Electro-Optical Gimbal,4,true,true,true,true,true,1823,13,0.713,1,6,,FC-LN95 Electro-Optical Gimbal | N-TET Drone Accessories,"FC-LN95 electro-optical gimbal: Fixed-focus dual visible-light cameras, 3840x2160 resolution; Weight <=260g, dimensions <=Phi64mm x 90mm.",FC-LN95 Electro-Optical Gimbal | drone accessories | UAV components | industrial UAV parts,FC-LN95 Electro-Optical Gimbal,FC-LN95 Electro-Optical Gimbal Technical Specifications | Get Solution & Quotation | Overview | Technical Specifications | Get Solution & Quotation | Related public pages,.next/server/app/en/accessories/fc-ln95-dual-light-gimbal.html
/en/accessories/fc-max-5330,en,strong,100,FC-MAX 5330 UAV Motor,4,true,true,true,true,true,4706,13,0.276,1,6,,FC-MAX 5330 UAV Motor | N-TET Drone Accessories,FC-MAX 5330 UAV Motor core parameters: Max Thrust: 11 kg / 11.5 kg; Rated Operating Voltage: 12S; KV Value: 220 KV / 260 KV.,FC-MAX 5330 UAV Motor | drone accessories | UAV components | industrial UAV parts,FC-MAX 5330 UAV Motor,FC-MAX 5330 UAV Motor Technical Specifications | Get Solution & Quotation | Overview | Technical Specifications | Get Solution & Quotation | Related public pages,.next/server/app/en/accessories/fc-max-5330.html
/en/accessories/fc-mesh-100,en,strong,85,FC-Mesh-100 UAV Data Link,4,true,false,true,true,true,1762,11,0.624,1,6,description 未命中关键词,FC-Mesh-100 UAV Data Link | N-TET Drone Accessories,"FC-Mesh-100 is an airborne self-forming network radio for multi-node UAV communication, relay networking, and air-ground coordination.",FC-Mesh-100 UAV Data Link | drone accessories | UAV components | industrial UAV parts,FC-Mesh-100 UAV Data Link,FC-Mesh-100 UAV Data Link Technical Specifications | Get Solution & Quotation | Overview | Technical Specifications | Get Solution & Quotation | Related public pages,.next/server/app/en/accessories/fc-mesh-100.html
/en/accessories/fc-mini-l10tr-smart-optical-pod,en,strong,100,FC-MiniL10TR Electro-Optical Gimbal,4,true,true,true,true,true,1793,13,0.725,1,6,,FC-MiniL10TR Electro-Optical Gimbal | N-TET Drone Accessories,"FC-MiniL10TR electro-optical gimbal: 48MP 10x hybrid zoom visible light + infrared + laser ranging; Weight <=400g, dimensions <=95mm x 97mm x 147mm.",FC-MiniL10TR Electro-Optical Gimbal | drone accessories | UAV components | industrial UAV parts,FC-MiniL10TR Electro-Optical Gimbal,FC-MiniL10TR Electro-Optical Gimbal Technical Specifications | Get Solution & Quotation | Overview | Technical Specifications | Get Solution & Quotation | Related public pages,.next/server/app/en/accessories/fc-mini-l10tr-smart-optical-pod.html
/en/accessories/fc-pab-propeller,en,strong,85,FC-PAB UAV Propeller,4,true,false,true,true,true,1537,11,0.716,1,6,description 未命中关键词,FC-PAB UAV Propeller | N-TET Drone Accessories,Dimension range: 15.2~36.2 in; maximum thrust: 26.41kgf (4817RPM); peak propeller efficiency: 17.52gf/W (1476RPM).,FC-PAB UAV Propeller | drone accessories | UAV components | industrial UAV parts,FC-PAB UAV Propeller,FC-PAB UAV Propeller Technical Specifications | Get Solution & Quotation | Overview | Technical Specifications | Get Solution & Quotation | Related public pages,.next/server/app/en/accessories/fc-pab-propeller.html
/en/accessories/fc-pad-propeller,en,strong,85,FC-PAD UAV Propeller,4,true,false,true,true,true,1537,11,0.716,1,6,description 未命中关键词,FC-PAD UAV Propeller | N-TET Drone Accessories,Dimension range: 18.3~46.3 in; maximum thrust: 25.10kgf (4663RPM); peak propeller efficiency: 13.99gf/W (1825RPM).,FC-PAD UAV Propeller | drone accessories | UAV components | industrial UAV parts,FC-PAD UAV Propeller,FC-PAD UAV Propeller Technical Specifications | Get Solution & Quotation | Overview | Technical Specifications | Get Solution & Quotation | Related public pages,.next/server/app/en/accessories/fc-pad-propeller.html
/en/accessories/fc-pae-propeller,en,strong,85,FC-PAE UAV Propeller,4,true,false,true,true,true,1543,11,0.713,1,6,description 未命中关键词,FC-PAE UAV Propeller | N-TET Drone Accessories,Dimension range: 18.3~32.3 in; maximum thrust: 6.42kgf (6520RPM); peak propeller efficiency: 20.14gf/W (1820RPM).,FC-PAE UAV Propeller | drone accessories | UAV components | industrial UAV parts,FC-PAE UAV Propeller,FC-PAE UAV Propeller Technical Specifications | Get Solution & Quotation | Overview | Technical Specifications | Get Solution & Quotation | Related public pages,.next/server/app/en/accessories/fc-pae-propeller.html
/en/accessories/fc-pbf-propeller,en,strong,85,FC-PBF UAV Propeller,4,true,false,true,true,true,1483,11,0.742,1,6,description 未命中关键词,FC-PBF UAV Propeller | N-TET Drone Accessories,Dimension range: 16.1~48.1 in; maximum thrust: 43.52kgf (3373RPM); peak propeller efficiency: 13.97gf/W (1385RPM).,FC-PBF UAV Propeller | drone accessories | UAV components | industrial UAV parts,FC-PBF UAV Propeller,FC-PBF UAV Propeller Technical Specifications | Get Solution & Quotation | Overview | Technical Specifications | Get Solution & Quotation | Related public pages,.next/server/app/en/accessories/fc-pbf-propeller.html
/en/accessories/fc-rm10x,en,strong,100,FC-RM10X UAV Motor,4,true,true,true,true,true,2077,13,0.626,1,6,,FC-RM10X UAV Motor | N-TET Drone Accessories,FC-RM10X UAV Motor core parameters: Max Thrust: 12081g/axis @48Vsea level; Recommended Takeoff Weight: 4500-6000g/axis @48Vsea level.,FC-RM10X UAV Motor | drone accessories | UAV components | industrial UAV parts,FC-RM10X UAV Motor,FC-RM10X UAV Motor Technical Specifications | Get Solution & Quotation | Overview | Technical Specifications | Get Solution & Quotation | Related public pages,.next/server/app/en/accessories/fc-rm10x.html
/en/accessories/fc-rm30,en,strong,100,FC-RM30 UAV Motor,4,true,true,true,true,true,5427,13,0.240,1,6,,FC-RM30 UAV Motor | N-TET Drone Accessories,FC-RM30 UAV Motor core parameters: Max Thrust: 74.7 kg / 69.6 kg; Rated Operating Voltage: 96S / 24S; KV Value: 10 KV / 43 KV.,FC-RM30 UAV Motor | drone accessories | UAV components | industrial UAV parts,FC-RM30 UAV Motor,FC-RM30 UAV Motor Technical Specifications | Get Solution & Quotation | Overview | Technical Specifications | Get Solution & Quotation | Related public pages,.next/server/app/en/accessories/fc-rm30.html
/en/accessories/fc-sjl-100,en,strong,85,FC-SJL-100 UAV Data Link,4,true,false,true,true,true,1616,11,0.681,1,6,description 未命中关键词,FC-SJL-100 UAV Data Link | N-TET Drone Accessories,FC-SJL-100 provides 100km+ air-to-ground video-and-data transmission with a rugged J30J interface layout for UAV and robotic platforms.,FC-SJL-100 UAV Data Link | drone accessories | UAV components | industrial UAV parts,FC-SJL-100 UAV Data Link,FC-SJL-100 UAV Data Link Technical Specifications | Get Solution & Quotation | Overview | Technical Specifications | Get Solution & Quotation | Related public pages,.next/server/app/en/accessories/fc-sjl-100.html
/en/accessories/fc-sjl-200,en,strong,85,FC-SJL-200 UAV Data Link,4,true,false,true,true,true,1620,11,0.679,1,6,description 未命中关键词,FC-SJL-200 UAV Data Link | N-TET Drone Accessories,"FC-SJL-200 is an ultra-long-range UAV video-and-data radio supporting 200km+ transmission for integrated video, telemetry, and control links.",FC-SJL-200 UAV Data Link | drone accessories | UAV components | industrial UAV parts,FC-SJL-200 UAV Data Link,FC-SJL-200 UAV Data Link Technical Specifications | Get Solution & Quotation | Overview | Technical Specifications | Get Solution & Quotation | Related public pages,.next/server/app/en/accessories/fc-sjl-200.html
/en/accessories/fc-sjl-30,en,strong,85,FC-SJL-30 UAV Data Link,4,true,false,true,true,true,1644,11,0.669,1,6,description 未命中关键词,FC-SJL-30 UAV Data Link | N-TET Drone Accessories,"FC-SJL-30 is a compact UAV video-and-data radio for 30km+ air-to-ground HD video, audio, telemetry, and remote-control data links.",FC-SJL-30 UAV Data Link | drone accessories | UAV components | industrial UAV parts,FC-SJL-30 UAV Data Link,FC-SJL-30 UAV Data Link Technical Specifications | Get Solution & Quotation | Overview | Technical Specifications | Get Solution & Quotation | Related public pages,.next/server/app/en/accessories/fc-sjl-30.html
/en/accessories/fc-sjl-380,en,strong,85,FC-SJL-380 UAV Data Link,4,true,false,true,true,true,1622,11,0.678,1,6,description 未命中关键词,FC-SJL-380 UAV Data Link | N-TET Drone Accessories,FC-SJL-380 supports 380km+ ultra-long-range UAV video-and-data transmission for distributed networking and air-to-ground control links.,FC-SJL-380 UAV Data Link | drone accessories | UAV components | industrial UAV parts,FC-SJL-380 UAV Data Link,FC-SJL-380 UAV Data Link Technical Specifications | Get Solution & Quotation | Overview | Technical Specifications | Get Solution & Quotation | Related public pages,.next/server/app/en/accessories/fc-sjl-380.html
/en/accessories/fc-sjl-50,en,strong,85,FC-SJL-50 UAV Data Link,4,true,false,true,true,true,1642,11,0.670,1,6,description 未命中关键词,FC-SJL-50 UAV Data Link | N-TET Drone Accessories,"FC-SJL-50 is a lightweight UAV video-and-data radio for 50km+ HD video, telemetry, and remote-control data links.",FC-SJL-50 UAV Data Link | drone accessories | UAV components | industrial UAV parts,FC-SJL-50 UAV Data Link,FC-SJL-50 UAV Data Link Technical Specifications | Get Solution & Quotation | Overview | Technical Specifications | Get Solution & Quotation | Related public pages,.next/server/app/en/accessories/fc-sjl-50.html
/en/accessories/fc-u10-pro,en,strong,85,FC-U10-PRO Flight Controller,4,true,false,true,true,true,1367,11,0.805,1,6,description 未命中关键词,FC-U10-PRO Flight Controller | N-TET Drone Accessories,"The FC-U10-PRO integrates high-precision RTK, supports 16V-120V power input, up to 16-rotor UAV platforms, and UPS backup for heavy-lift flight-control applications.",FC-U10-PRO Flight Controller | drone accessories | UAV components | industrial UAV parts,FC-U10-PRO Flight Controller,FC-U10-PRO Flight Controller Technical Specifications | Get Solution & Quotation | Overview | Technical Specifications | Get Solution & Quotation | Related public pages,.next/server/app/en/accessories/fc-u10-pro.html
/en/accessories/fc-u110,en,strong,100,FC-U110 UAV Motor,4,true,true,true,true,true,5149,13,0.252,1,6,,FC-U110 UAV Motor | N-TET Drone Accessories,FC-U110 UAV Motor core parameters: Max Thrust: 45.5 kg; Rated Operating Voltage: 12-14S; KV Value: 140 KV.,FC-U110 UAV Motor | drone accessories | UAV components | industrial UAV parts,FC-U110 UAV Motor,FC-U110 UAV Motor Technical Specifications | Get Solution & Quotation | Overview | Technical Specifications | Get Solution & Quotation | Related public pages,.next/server/app/en/accessories/fc-u110.html
/en/accessories/fc-u12,en,strong,85,FC-U12 Flight Controller,4,true,false,true,true,true,1351,11,0.814,1,6,description 未命中关键词,FC-U12 Flight Controller | N-TET Drone Accessories,"The FC-U12 is a compact and easy-to-use flight controller for small and mid-size tightly integrated UAV platforms, with expandable external control channels.",FC-U12 Flight Controller | drone accessories | UAV components | industrial UAV parts,FC-U12 Flight Controller,FC-U12 Flight Controller Technical Specifications | Get Solution & Quotation | Overview | Technical Specifications | Get Solution & Quotation | Related public pages,.next/server/app/en/accessories/fc-u12.html
/en/accessories/fc-u8013,en,strong,100,FC-U8013 UAV Motor,4,true,true,true,true,true,1745,13,0.745,1,6,,FC-U8013 UAV Motor | N-TET Drone Accessories,FC-U8013 UAV Motor core parameters: Max Thrust: 14.5 kg / 15 kg / 16.3 kg; Rated Operating Voltage: 12S; KV Value: 135KV / 150KV / 170KV.,FC-U8013 UAV Motor | drone accessories | UAV components | industrial UAV parts,FC-U8013 UAV Motor,FC-U8013 UAV Motor Technical Specifications | Get Solution & Quotation | Overview | Technical Specifications | Get Solution & Quotation | Related public pages,.next/server/app/en/accessories/fc-u8013.html
/en/accessories/fc-u9-ag,en,strong,85,FC-U9-AG Agricultural Flight Controller,4,true,false,true,true,true,1402,10,0.713,1,6,description 未命中关键词,FC-U9-AG Agricultural Flight Controller | N-TET Drone Accessories,"The FC-U9-AG is a professional agricultural UAV flight-control system for spraying, spreading, cleaning, and lifting operations, with rich interfaces and simple app operation.",FC-U9-AG Agricultural Flight Controller | drone accessories | UAV components | industrial UAV parts,FC-U9-AG Agricultural Flight Controller,FC-U9-AG Agricultural Flight Controller Technical Specifications | Get Solution & Quotation | Overview | Technical Specifications | Get Solution & Quotation | Related public pages,.next/server/app/en/accessories/fc-u9-ag.html
/en/accessories/fc-w2u-propeller,en,strong,85,FC-W2U UAV Propeller,4,true,false,true,true,true,1425,11,0.772,1,6,description 未命中关键词,FC-W2U UAV Propeller | N-TET Drone Accessories,Dimension range: 24~40 in; maximum thrust: 68.92kgf (5353RPM); peak propeller efficiency: 7.11gf/W (2354RPM).,FC-W2U UAV Propeller | drone accessories | UAV components | industrial UAV parts,FC-W2U UAV Propeller,FC-W2U UAV Propeller Technical Specifications | Get Solution & Quotation | Overview | Technical Specifications | Get Solution & Quotation | Related public pages,.next/server/app/en/accessories/fc-w2u-propeller.html
/en/accessories/fc-x8030,en,strong,100,FC-X8030 UAV Motor,4,true,true,true,true,true,4299,13,0.302,1,6,,FC-X8030 UAV Motor | N-TET Drone Accessories,FC-X8030 UAV Motor core parameters: Max Thrust: 22.7 kg / 21.5 kg; Rated Operating Voltage: 12S; KV Value: 160 KV / 190 KV.,FC-X8030 UAV Motor | drone accessories | UAV components | industrial UAV parts,FC-X8030 UAV Motor,FC-X8030 UAV Motor Technical Specifications | Get Solution & Quotation | Overview | Technical Specifications | Get Solution & Quotation | Related public pages,.next/server/app/en/accessories/fc-x8030.html
/en/accessories/fc-xh14,en,strong,100,FC-XH14 UAV Motor,4,true,true,true,true,true,2465,13,0.527,1,6,,FC-XH14 UAV Motor | N-TET Drone Accessories,FC-XH14 UAV Motor core parameters: Max Thrust: 110 kg/axis（92V/108，sea level）; Recommended Battery: 24-28S （Lipo）.,FC-XH14 UAV Motor | drone accessories | UAV components | industrial UAV parts,FC-XH14 UAV Motor,FC-XH14 UAV Motor Technical Specifications | Get Solution & Quotation | Overview | Technical Specifications | Get Solution & Quotation | Related public pages,.next/server/app/en/accessories/fc-xh14.html
/en/accessories/fc-yk15-remote-controller,en,strong,100,FC-YK15 UAV Remote Controller,4,true,true,true,true,true,1610,13,0.807,1,6,,FC-YK15 UAV Remote Controller | N-TET Drone Accessories,"The FC-YK15 UAV Remote Controller is a compact handheld ground station with low-latency three-in-one HD video transmission, Android integration, and dual 1080P video links for UAVs, unmanned vehicles, unmanned boats, and robotic platforms.",FC-YK15 UAV Remote Controller | drone accessories | UAV components | industrial UAV parts,FC-YK15 UAV Remote Controller,FC-YK15 UAV Remote Controller Technical Specifications | Get Solution & Quotation | Overview | Technical Specifications | Get Solution & Quotation | Related public pages,.next/server/app/en/accessories/fc-yk15-remote-controller.html
/en/accessories/fc-yk24-remote-controller,en,strong,85,FC-YK24 UAV Remote Controller,4,true,false,true,true,true,1782,11,0.617,1,6,description 未命中关键词,FC-YK24 UAV Remote Controller | N-TET Drone Accessories,"The FC-YK24 is a 16-channel model-aircraft remote controller with 15km beyond-visual-range stable control, wireless binding, wireless receiver configuration, OTA wireless upgrade, multi-aircraft control, relay control, and wireless trainer",FC-YK24 UAV Remote Controller | drone accessories | UAV components | industrial UAV parts,FC-YK24 UAV Remote Controller,FC-YK24 UAV Remote Controller Technical Specifications | Get Solution & Quotation | Overview | Technical Specifications | Get Solution & Quotation | Related public pages,.next/server/app/en/accessories/fc-yk24-remote-controller.html
/en/accessories/fc-yk32-remote-controller,en,strong,85,FC-YK32 UAV Remote Controller,4,true,false,true,true,true,1638,11,0.672,1,6,description 未命中关键词,FC-YK32 UAV Remote Controller | N-TET Drone Accessories,"The FC-YK32 is an industrial handheld ground station combining remote control, data transmission, and wireless HD video transmission, with 15KM video/data link range, dual-operator control, relay control, and OSD telemetry display.",FC-YK32 UAV Remote Controller | drone accessories | UAV components | industrial UAV parts,FC-YK32 UAV Remote Controller,FC-YK32 UAV Remote Controller Technical Specifications | Get Solution & Quotation | Overview | Technical Specifications | Get Solution & Quotation | Related public pages,.next/server/app/en/accessories/fc-yk32-remote-controller.html
/en/accessories/fc-ykrc7-remote-controller,en,strong,85,FC-YKRC7 UAV Remote Controller,4,true,false,true,true,true,2056,11,0.535,1,6,description 未命中关键词,FC-YKRC7 UAV Remote Controller | N-TET Drone Accessories,"The FC-YKRC7 is a high-performance handheld ground station with 40KM long-range video transmission, 2.4G/5G intelligent dual-band links, and a 7-inch high-brightness HD display for diversified industrial mobile-equipment control.",FC-YKRC7 UAV Remote Controller | drone accessories | UAV components | industrial UAV parts,FC-YKRC7 UAV Remote Controller,FC-YKRC7 UAV Remote Controller Technical Specifications | Get Solution & Quotation | Overview | Technical Specifications | Get Solution & Quotation | Related public pages,.next/server/app/en/accessories/fc-ykrc7-remote-controller.html
/en/cases,en,strong,100,UAV inspection cases,5,true,true,true,true,true,1197,10,0.835,1,3,,UAV Inspection Cases & Low Altitude Monitoring Case | N-TET,"Review UAV inspection cases, power line UAV patrol references, water conservancy UAV patrol work, and low altitude monitoring case examples from N-TET deployments.",UAV inspection cases | power line UAV patrol | low altitude monitoring case | water conservancy UAV patrol | refinery monitoring case,UAV Inspection Cases,UAV Inspection Cases Project Overview | Get Solution & Quotation | Get Solution & Quotation,.next/server/app/en/cases.html
/en/cases/anhui-flood-season-uav-patrol,en,strong,100,Anhui Flood-Season Emergency UAV Patrol,2,true,true,true,true,true,1281,7,0.546,1,7,,Anhui Flood-Season Emergency UAV Patrol | N-TET,"Anhui Flood-Season Emergency UAV Patrol To meet power-line safety requirements during the summer flood season, State Grid used our VTOL fixed-wing UAVs to conduct special flood-control emergency patrols across the Chizhou Jiuhua dense power",Anhui Flood-Season Emergency UAV Patrol | N-TET,Anhui Flood-Season Emergency UAV Patrol,Anhui Flood-Season Emergency UAV Patrol Project Overview | Related Equipment | Get Solution & Quotation | Overview | Related Equipment | Get Solution & Quotation | Related public pages,.next/server/app/en/cases/anhui-flood-season-uav-patrol.html
/en/cases/brazil-refinery-low-altitude-monitoring,en,strong,100,Airspace Monitoring Case of a Refinery in Brazil,2,true,true,true,true,true,1412,7,0.496,1,7,,Airspace Monitoring Case of a Refinery in Brazil | N-TET,"2025 Airspace Monitoring Case of a Refinery in Brazil Equipment Used: Stationary Spectrum Detection Equipment Stationary Spectrum Interference Equipment Command and Control Platform Software Project Introduction: In 2025, this project succe",Airspace Monitoring Case of a Refinery in Brazil | N-TET,Airspace Monitoring Case of a Refinery in Brazil,Airspace Monitoring Case of a Refinery in Brazil Project Overview | Related Equipment | Get Solution & Quotation | Overview | Related Equipment | Get Solution & Quotation | Related public pages,.next/server/app/en/cases/brazil-refinery-low-altitude-monitoring.html
/en/cases/ice-snow-emergency-uav-inspection,en,strong,100,Ice and Snow Disaster Emergency UAV Inspection,2,true,true,true,true,true,1417,7,0.494,1,7,,Ice and Snow Disaster Emergency UAV Inspection | N-TET,"Ice and Snow Disaster Emergency UAV Inspection In a -15 C severe-cold environment, State Grid used our VTOL fixed-wing UAVs carrying LiDAR to inspect 400 km of 500 kV transmission corridors, including the Yanping Line and Pingji Lines I and",Ice and Snow Disaster Emergency UAV Inspection | N-TET,Ice and Snow Disaster Emergency UAV Inspection,Ice and Snow Disaster Emergency UAV Inspection Project Overview | Related Equipment | Get Solution & Quotation | Overview | Related Equipment | Get Solution & Quotation | Related public pages,.next/server/app/en/cases/ice-snow-emergency-uav-inspection.html
/en/cases/lidar-tree-obstruction-uav-inspection,en,strong,100,LiDAR Tree-Obstruction UAV Inspection,2,true,true,true,true,true,1256,7,0.557,1,7,,LiDAR Tree-Obstruction UAV Inspection | N-TET,"LiDAR Tree-Obstruction UAV Inspection In winter 2024, a Southern Grid company used VTOL fixed-wing UAVs integrated with a LiDAR system for aerial scanning during a special tree-obstruction risk inspection task. The mission acquired high-pre",LiDAR Tree-Obstruction UAV Inspection | N-TET,LiDAR Tree-Obstruction UAV Inspection,LiDAR Tree-Obstruction UAV Inspection Project Overview | Related Equipment | Get Solution & Quotation | Overview | Related Equipment | Get Solution & Quotation | Related public pages,.next/server/app/en/cases/lidar-tree-obstruction-uav-inspection.html
/en/cases/nigeria-factory-low-altitude-monitoring,en,strong,100,Airspace Monitoring Case of a Group Factory in Nigeria,2,true,true,true,true,true,1335,7,0.524,1,7,,Airspace Monitoring Case of a Group Factory in Nigeria | N-TET,"2025 Airspace Monitoring Case of a Group Factory in Nigeria Equipment Used: Spectrum Detection Equipment Navigation-Signal Analysis Equipment Command and Control Platform Project Introduction: In 2025, this project successfully deployed a c",Airspace Monitoring Case of a Group Factory in Nigeria | N-TET,Airspace Monitoring Case of a Group Factory in Nigeria,Airspace Monitoring Case of a Group Factory in Nigeria Project Overview | Related Equipment | Get Solution & Quotation | Overview | Related Equipment | Get Solution & Quotation | Related public pages,.next/server/app/en/cases/nigeria-factory-low-altitude-monitoring.html
/en/cases/pakistan-power-plant-low-altitude-monitoring,en,strong,100,Airspace Monitoring Case of a Power Plant in Pakistan,2,true,true,true,true,true,1419,7,0.493,1,7,,Airspace Monitoring Case of a Power Plant in Pakistan | N-TET,"2024 Airspace Monitoring Case of a Power Plant in Pakistan Equipment Used: Stationary Spectrum Detection Equipment Navigation-Signal Analysis Equipment Command and Control Platform Software Project Introduction: In 2024, the low-altitude Se",Airspace Monitoring Case of a Power Plant in Pakistan | N-TET,Airspace Monitoring Case of a Power Plant in Pakistan,Airspace Monitoring Case of a Power Plant in Pakistan Project Overview | Related Equipment | Get Solution & Quotation | Overview | Related Equipment | Get Solution & Quotation | Related public pages,.next/server/app/en/cases/pakistan-power-plant-low-altitude-monitoring.html
/en/cases/southern-grid-wildfire-uav-inspection,en,strong,100,Southern Grid Wildfire Prevention UAV Inspection,2,true,true,true,true,true,1342,7,0.522,1,7,,Southern Grid Wildfire Prevention UAV Inspection | N-TET,"Southern Grid Wildfire Prevention UAV Inspection During the high-risk spring wildfire season, wildfires pose a serious threat to stable grid operation and normal power supply. To strengthen the safety line for transmission corridors, Southe",Southern Grid Wildfire Prevention UAV Inspection | N-TET,Southern Grid Wildfire Prevention UAV Inspection,Southern Grid Wildfire Prevention UAV Inspection Project Overview | Related Equipment | Get Solution & Quotation | Overview | Related Equipment | Get Solution & Quotation | Related public pages,.next/server/app/en/cases/southern-grid-wildfire-uav-inspection.html
/en/cases/wildfire-emergency-transmission-line-uav-patrol,en,strong,100,Wildfire Emergency Transmission-Line UAV Patrol,2,true,true,true,true,true,1413,7,0.495,1,7,,Wildfire Emergency Transmission-Line UAV Patrol | N-TET,"Wildfire Emergency Transmission-Line UAV Patrol In 2025, our VTOL fixed-wing UAV power-business team successfully undertook a State Grid inspection task covering transmission corridors in 13 regions, including Hunan, Shandong, Shanxi, Hebei",Wildfire Emergency Transmission-Line UAV Patrol | N-TET,Wildfire Emergency Transmission-Line UAV Patrol,Wildfire Emergency Transmission-Line UAV Patrol Project Overview | Related Equipment | Get Solution & Quotation | Overview | Related Equipment | Get Solution & Quotation | Related public pages,.next/server/app/en/cases/wildfire-emergency-transmission-line-uav-patrol.html
/en/cases/zhaoqing-long-distance-power-line-uav-inspection,en,strong,100,Zhaoqing Long-Distance Power-Line UAV Inspection,2,true,true,true,true,true,1391,7,0.503,1,7,,Zhaoqing Long-Distance Power-Line UAV Inspection | N-TET,"Zhaoqing Long-Distance Power-Line UAV Inspection During an inspection of a 110 kV power line in Zhaoqing, our product demonstrated its high-efficiency and convenient-operation advantages. The line measured 37.9 km in total length, with an a",Zhaoqing Long-Distance Power-Line UAV Inspection | N-TET,Zhaoqing Long-Distance Power-Line UAV Inspection,Zhaoqing Long-Distance Power-Line UAV Inspection Project Overview | Related Equipment | Get Solution & Quotation | Overview | Related Equipment | Get Solution & Quotation | Related public pages,.next/server/app/en/cases/zhaoqing-long-distance-power-line-uav-inspection.html
/en/contact,en,strong,100,industrial UAV quote,5,true,true,true,true,true,1110,11,0.991,1,3,,Industrial UAV Quote | N-TET,"industrial UAV quote is the primary search theme for this page, with related coverage for UAV system supplier, drone inspection solution, emergency response UAV.",industrial UAV quote | UAV system supplier | drone inspection solution | emergency response UAV | low altitude monitoring equipment,Industrial UAV Quote,Industrial UAV Quote and Project Consultation | Get Solution & Quotation | Get Solution & Quotation,.next/server/app/en/contact.html
/en/media,en,strong,100,industrial UAV news,5,true,true,true,true,true,1194,12,1.005,1,4,,Industrial UAV News & Low Altitude Economy Updates | N-TET,"Read industrial UAV news from N-TET on low altitude economy trends, tethered UAV surveillance, industrial UAV redundancy, and border surveillance UAV network planning.",industrial UAV news | low altitude economy | tethered UAV surveillance | industrial UAV redundancy | border surveillance UAV network,Industrial UAV News,Industrial UAV News Insights | Latest | Get Solution & Quotation | Get Solution & Quotation,.next/server/app/en/media.html
/en/media/border-surveillance-uav-network-2026,en,partial,70,UAV and EO/IR Networks Improve Remote Patrol Visibility,2,true,false,true,false,true,1880,10,0.532,1,5,description 未命中关键词; H2 未命中关键词,UAV and EO/IR Networks Improve Remote Patrol Visibility | N-TET,"Remote patrol corridors are difficult to supervise with fixed cameras alone. Terrain, weather, temporary structures, and long response distances create visibility gaps that can slow decision-making. Small unmanned aircraft and EO/IR sensor",UAV and EO/IR Networks Improve Remote Patrol Visibility | N-TET,UAV and EO/IR Networks Improve Remote Patrol Visibility,Editorial Review and Project Signals | Get Solution & Quotation | Editorial Review and Project Signals | Get Solution & Quotation | Related public pages,.next/server/app/en/media/border-surveillance-uav-network-2026.html
/en/media/industrial-uav-redundancy-2026,en,partial,70,Dual-Redundant Flight Control: How Industrial UAVs Achieve Mission-Grade Reliability,2,true,false,true,false,true,2536,10,0.394,1,5,description 未命中关键词; H2 未命中关键词,Dual-Redundant Flight Control: How Industrial UAVs Achieve Mission-Grade Reliability | N-TET,"Utility-scale unmanned aircraft are no longer a novelty for marketing brochures. They are part of standard operating procedures for power-grid inspection, oil and gas right-of-way monitoring, water-resource surveys, and emergency communicat",Dual-Redundant Flight Control: How Industrial UAVs Achieve Mission-Grade Reliability | N-TET,Dual-Redundant Flight Control: How Industrial UAVs Achieve Mission-Grade Reliability,Editorial Review and Project Signals | Get Solution & Quotation | Editorial Review and Project Signals | Get Solution & Quotation | Related public pages,.next/server/app/en/media/industrial-uav-redundancy-2026.html
/en/media/low-altitude-economy-2026-outlook,en,partial,70,China's Low-Altitude Economy: 2026 Outlook on a Two-Trillion-RMB Trajectory,2,true,false,true,false,true,2709,10,0.369,1,5,description 未命中关键词; H2 未命中关键词,China's Low-Altitude Economy: 2026 Outlook on a Two-Trillion-RMB Trajectory | N-TET,"The phrase low-altitude economy sounds abstract until you translate it into steel, fiber, and flight hours. It describes the industrial and service activity that depends on structured use of airspace below roughly one thousand meters: logis",China's Low-Altitude Economy: 2026 Outlook on a Two-Trillion-RMB Trajectory | N-TET,China's Low-Altitude Economy: 2026 Outlook on a Two-Trillion-RMB Trajectory,Editorial Review and Project Signals | Get Solution & Quotation | Editorial Review and Project Signals | Get Solution & Quotation | Related public pages,.next/server/app/en/media/low-altitude-economy-2026-outlook.html
/en/media/power-line-inspection-drone-guide-2026,en,strong,85,Power Line Inspection Drone: UAV Workflows for Utility Corridors and Transmission Towers,2,true,false,true,true,true,4298,22,0.512,1,23,description 未命中关键词,Power Line Inspection Drone: UAV Workflows for Utility Corridors and Transmission Towers | N-TET,"Power line inspection drones are becoming practical tools for utilities that need repeatable evidence from long transmission corridors, towers, conductors, insulators, fittings, and substation equipment. A drone does not replace engineering",Power Line Inspection Drone: UAV Workflows for Utility Corridors and Transmission Towers | N-TET,Power Line Inspection Drone: UAV Workflows for Utility Corridors and Transmission Towers,"Editorial Review and Project Signals | What is a power line inspection drone? | Why utilities use drones for power line inspection | Power line drone inspection workflow | Which UAV platform fits each inspection task? | Payload selection: visible-light, thermal infrared, and LiDAR | What should a utility inspection report include? | N-TET system fit: corridor, tower, and substation inspection | Deployment checklist before procurement | FAQ | Get Solution & Quotation | Editorial Review and Project Signals | What is a power line inspection drone? | Why utilities use drones for power line inspection | Power line drone inspection workflow | Which UAV platform fits each inspection task? | Payload selection: visible-light, thermal infrared, and LiDAR | What should a utility inspection report include? | N-TET system fit: corridor, tower, and substation inspection | Deployment checklist before procurement | FAQ | Get Solution & Quotation | Related public pages",.next/server/app/en/media/power-line-inspection-drone-guide-2026.html
/en/media/tethered-uav-persistent-surveillance-2026,en,partial,70,Tethered UAVs: Continuous Aerial Monitoring for Events and Remote Sites,2,true,false,true,false,true,2066,10,0.484,1,5,description 未命中关键词; H2 未命中关键词,Tethered UAVs: Continuous Aerial Monitoring for Events and Remote Sites | N-TET,"Battery-electric multirotors improved field visibility, but chemistry still limits continuous work. For sporting finals, large public gatherings, utility work zones, and emergency command posts, operators often need a stable aerial perspect",Tethered UAVs: Continuous Aerial Monitoring for Events and Remote Sites | N-TET,Tethered UAVs: Continuous Aerial Monitoring for Events and Remote Sites,Editorial Review and Project Signals | Get Solution & Quotation | Editorial Review and Project Signals | Get Solution & Quotation | Related public pages,.next/server/app/en/media/tethered-uav-persistent-surveillance-2026.html
/en/products,en,strong,100,industrial UAV systems,4,true,true,true,true,true,1226,6,0.489,1,4,,Industrial UAV Systems & Monitoring Equipment | N-TET,"industrial UAV systems is the primary search theme for this page, with related coverage for UAV inspection drone, emergency response UAV, low altitude monitoring equipment.",industrial UAV systems | UAV inspection drone | emergency response UAV | low altitude monitoring equipment,Industrial UAV Systems & Monitoring Equipment,"Industrial UAV Systems, Monitoring Equipment, and Project Fit | UAV & Drone Systems | Product Selection FAQ | Get Solution & Quotation",.next/server/app/en/products.html
/en/products/bailey-bridge,en,strong,100,Bailey Steel Bridge Overview,5,true,true,true,true,true,1539,15,0.975,1,6,,Bailey Steel Bridge Overview | N-TET,"N-TET Bailey Steel Bridge Overview for industrial operators, combining Bailey Steel Bridge Overview, engineering materials, Bailey steel bridge workflows with field-ready deployment and support.",Bailey Steel Bridge Overview | engineering materials | Bailey steel bridge | infrastructure support equipment | N-TET,Bailey Steel Bridge Overview,Bailey Steel Bridge Overview Technical Specifications | Get Solution & Quotation | Overview | Technical Specifications | Get Solution & Quotation | Related public pages,.next/server/app/en/products/bailey-bridge.html
/en/products/composite-electro-optical-tracking-system,en,strong,100,Electro-Optical EO Tracking System,5,true,true,true,true,true,1701,3,0.176,1,6,,Electro-Optical (EO) Tracking System | N-TET,"N-TET Electro-Optical (EO) Tracking System for industrial operators, combining Electro-Optical EO Tracking System, low altitude monitoring equipment, drone detection equipment workflows with field-ready deployment and support.",Electro-Optical EO Tracking System | low altitude monitoring equipment | drone detection equipment | airspace monitoring system | N-TET,Electro-Optical EO Tracking System,Electro-Optical EO Tracking System Technical Specifications | Get Solution & Quotation | Overview | Technical Specifications | Get Solution & Quotation | Related public pages,.next/server/app/en/products/composite-electro-optical-tracking-system.html
/en/products/containerized-medical-rescue-system,en,strong,100,Containerized Medical Rescue System,5,true,true,true,true,true,1439,14,0.973,1,6,,Containerized Medical Rescue System | N-TET,"N-TET Containerized Medical Rescue System for industrial operators, combining Containerized Medical Rescue System, field hospital system, containerized medical rescue system workflows with field-ready deployment and support.",Containerized Medical Rescue System | field hospital system | containerized medical rescue system | emergency medical shelter | N-TET,Containerized Medical Rescue System,Containerized Medical Rescue System Technical Specifications | Get Solution & Quotation | Overview | Technical Specifications | Get Solution & Quotation | Related public pages,.next/server/app/en/products/containerized-medical-rescue-system.html
/en/products/emergency-search-rescue-drone,en,strong,100,thermal drones for search and rescue,8,true,true,true,true,true,1847,9,0.487,1,6,,Emergency Search & Rescue Drone | N-TET,"N-TET Emergency Search & Rescue Drone for industrial operators, combining thermal drones for search and rescue, search and rescue drone, search and rescue UAV workflows with field-ready deployment and support.",thermal drones for search and rescue | search and rescue drone | search and rescue UAV | drone rescue | Emergency Search & Rescue Drone | industrial UAV systems | UAV inspection drone | emergency response UAV,Emergency Search & Rescue Drone,Emergency Search & Rescue Drone Technical Specifications | Get Solution & Quotation | Overview | Technical Specifications | Get Solution & Quotation | Related public pages,.next/server/app/en/products/emergency-search-rescue-drone.html
/en/products/fbg-g15-fc06-explosion-containment-vessel,en,strong,100,Explosion Containment Vessel FBG-G1.5-FC06,5,true,true,true,true,true,1622,5,0.308,1,6,,Explosion Containment Vessel FBG-G1.5-FC06 | N-TET,"N-TET Explosion Containment Vessel FBG-G1.5-FC06 for industrial operators, combining Explosion Containment Vessel FBG-G1.5-FC06, security screening equipment, X-ray baggage scanner workflows with field-ready deployment and support.",Explosion Containment Vessel FBG-G1.5-FC06 | security screening equipment | X-ray baggage scanner | walk-through metal detector | N-TET,Explosion Containment Vessel FBG-G1.5-FC06,Explosion Containment Vessel FBG-G1.5-FC06 Technical Specifications | Get Solution & Quotation | Overview | Technical Specifications | Get Solution & Quotation | Related public pages,.next/server/app/en/products/fbg-g15-fc06-explosion-containment-vessel.html
/en/products/fbt-fc09-explosion-protection-blanket,en,strong,100,Explosion Protection Blanket FBT-FC09,5,true,true,true,true,true,1565,5,0.319,1,6,,Explosion Protection Blanket FBT-FC09 | N-TET,"N-TET Explosion Protection Blanket FBT-FC09 for industrial operators, combining Explosion Protection Blanket FBT-FC09, security screening equipment, X-ray baggage scanner workflows with field-ready deployment and support.",Explosion Protection Blanket FBT-FC09 | security screening equipment | X-ray baggage scanner | walk-through metal detector | N-TET,Explosion Protection Blanket FBT-FC09,Explosion Protection Blanket FBT-FC09 Technical Specifications | Get Solution & Quotation | Overview | Technical Specifications | Get Solution & Quotation | Related public pages,.next/server/app/en/products/fbt-fc09-explosion-protection-blanket.html
/en/products/fc-3000-ferromagnetic-detection-column,en,strong,100,Intelligent Ferromagnetic Detection System FC-3000,5,true,true,true,true,true,1662,5,0.301,1,6,,Intelligent Ferromagnetic Detection System FC-3000 | N-TET,"N-TET Intelligent Ferromagnetic Detection System FC-3000 for industrial operators, combining Intelligent Ferromagnetic Detection System FC-3000, security screening equipment, X-ray baggage scanner workflows with field-ready deployment and s",Intelligent Ferromagnetic Detection System FC-3000 | security screening equipment | X-ray baggage scanner | walk-through metal detector | N-TET,Intelligent Ferromagnetic Detection System FC-3000,Intelligent Ferromagnetic Detection System FC-3000 Technical Specifications | Get Solution & Quotation | Overview | Technical Specifications | Get Solution & Quotation | Related public pages,.next/server/app/en/products/fc-3000-ferromagnetic-detection-column.html
/en/products/fc-c-deluxe-walk-through-metal-detector,en,strong,100,Walk-Through Metal Detector FC-C Deluxe,5,true,true,true,true,true,1756,10,0.569,1,6,,Walk-Through Metal Detector FC-C (Deluxe) | N-TET,"N-TET Walk-Through Metal Detector FC-C (Deluxe) for industrial operators, combining Walk-Through Metal Detector FC-C Deluxe, security screening equipment, X-ray baggage scanner workflows with field-ready deployment and support.",Walk-Through Metal Detector FC-C Deluxe | security screening equipment | X-ray baggage scanner | walk-through metal detector | N-TET,Walk-Through Metal Detector FC-C Deluxe,Walk-Through Metal Detector FC-C Deluxe Technical Specifications | Get Solution & Quotation | Overview | Technical Specifications | Get Solution & Quotation | Related public pages,.next/server/app/en/products/fc-c-deluxe-walk-through-metal-detector.html
/en/products/fc-c-lcd-walk-through-metal-detector,en,strong,100,Walk-Through Metal Detector FC-C LCD,6,true,true,true,true,true,1753,13,0.742,1,6,,"Walk-Through Metal Detector FC-C (LCD, 12-Zone) | N-TET","N-TET Walk-Through Metal Detector FC-C (LCD, 12-Zone) for industrial operators, combining Walk-Through Metal Detector FC-C LCD, 12-Zone, security screening equipment, X-ray baggage scanner workflows with field-ready deployment and support.",Walk-Through Metal Detector FC-C LCD | 12-Zone | security screening equipment | X-ray baggage scanner | walk-through metal detector | N-TET,"Walk-Through Metal Detector FC-C LCD, 12-Zone","Walk-Through Metal Detector FC-C LCD, 12-Zone Technical Specifications | Get Solution & Quotation | Overview | Technical Specifications | Get Solution & Quotation | Related public pages",.next/server/app/en/products/fc-c-lcd-walk-through-metal-detector.html
/en/products/fc-dlxj-01-power-grid-inspection-drone,en,strong,100,drone power line inspection,8,true,true,true,true,true,1469,9,0.613,1,6,,Power Grid Inspection Drone | N-TET,"N-TET Power Grid Inspection Drone for industrial operators, combining drone power line inspection, power line inspection drone, UAV power line inspection workflows with field-ready deployment and support.",drone power line inspection | power line inspection drone | UAV power line inspection | utility inspection drone | Power Grid Inspection Drone | industrial UAV systems | UAV inspection drone | emergency response UAV,Power Grid Inspection Drone,Power Grid Inspection Drone Technical Specifications | Get Solution & Quotation | Overview | Technical Specifications | Get Solution & Quotation | Related public pages,.next/server/app/en/products/fc-dlxj-01-power-grid-inspection-drone.html
/en/products/fc-dma-long-range-optical-turntable,en,strong,100,FC-DMA Multi-Spectral EO/IR PTZ Turret,5,true,true,true,true,true,2323,5,0.215,1,6,,FC-DMA Multi-Spectral EO/IR PTZ Turret | N-TET,"N-TET FC-DMA Multi-Spectral EO/IR PTZ Turret for industrial operators, combining FC-DMA Multi-Spectral EO/IR PTZ Turret, perimeter intelligence, electro optical surveillance workflows with field-ready deployment and support.",FC-DMA Multi-Spectral EO/IR PTZ Turret | perimeter intelligence | electro optical surveillance | radar vision fusion system | N-TET,FC-DMA Multi-Spectral EO/IR PTZ Turret,FC-DMA Multi-Spectral EO/IR PTZ Turret Technical Specifications | Get Solution & Quotation | Overview | Technical Specifications | Get Solution & Quotation | Related public pages,.next/server/app/en/products/fc-dma-long-range-optical-turntable.html
/en/products/fc-dms10-smart-electronic-sentinel,en,strong,100,FC-DMS10 Series Smart Electronic Sentinel,5,true,true,true,true,true,1822,5,0.274,1,6,,FC-DMS10 Series Smart Electronic Sentinel | N-TET,"N-TET FC-DMS10 Series Smart Electronic Sentinel for industrial operators, combining FC-DMS10 Series Smart Electronic Sentinel, perimeter intelligence, electro optical surveillance workflows with field-ready deployment and support.",FC-DMS10 Series Smart Electronic Sentinel | perimeter intelligence | electro optical surveillance | radar vision fusion system | N-TET,FC-DMS10 Series Smart Electronic Sentinel,FC-DMS10 Series Smart Electronic Sentinel Technical Specifications | Get Solution & Quotation | Overview | Technical Specifications | Get Solution & Quotation | Related public pages,.next/server/app/en/products/fc-dms10-smart-electronic-sentinel.html
/en/products/fc-dtvc-dual-band-thermal-ptz,en,strong,100,FC-DTVC Series Dual-Band Thermal High-Speed Dome,5,true,true,true,true,true,2119,5,0.236,1,6,,FC-DTVC Series Dual-Band Thermal High-Speed Dome | N-TET,"N-TET FC-DTVC Series Dual-Band Thermal High-Speed Dome for industrial operators, combining FC-DTVC Series Dual-Band Thermal High-Speed Dome, perimeter intelligence, electro optical surveillance workflows with field-ready deployment and supp",FC-DTVC Series Dual-Band Thermal High-Speed Dome | perimeter intelligence | electro optical surveillance | radar vision fusion system | N-TET,FC-DTVC Series Dual-Band Thermal High-Speed Dome,FC-DTVC Series Dual-Band Thermal High-Speed Dome Technical Specifications | Get Solution & Quotation | Overview | Technical Specifications | Get Solution & Quotation | Related public pages,.next/server/app/en/products/fc-dtvc-dual-band-thermal-ptz.html
/en/products/fc-h-smart-phone-detection-gate,en,strong,100,Smart Phone Detection Gate FC-H,5,true,true,true,true,true,2144,5,0.233,1,6,,Smart Phone Detection Gate FC-H | N-TET,"N-TET Smart Phone Detection Gate FC-H for industrial operators, combining Smart Phone Detection Gate FC-H, security screening equipment, X-ray baggage scanner workflows with field-ready deployment and support.",Smart Phone Detection Gate FC-H | security screening equipment | X-ray baggage scanner | walk-through metal detector | N-TET,Smart Phone Detection Gate FC-H,Smart Phone Detection Gate FC-H Technical Specifications | Get Solution & Quotation | Overview | Technical Specifications | Get Solution & Quotation | Related public pages,.next/server/app/en/products/fc-h-smart-phone-detection-gate.html
/en/products/fc-h-smart-phone-detection-gate-29in,en,strong,100,Smart Phone Detection Gate FC-H 29-inch Display,5,true,true,true,true,true,1798,3,0.167,1,6,,Smart Phone Detection Gate FC-H (29-inch Display) | N-TET,"N-TET Smart Phone Detection Gate FC-H (29-inch Display) for industrial operators, combining Smart Phone Detection Gate FC-H 29-inch Display, security screening equipment, X-ray baggage scanner workflows with field-ready deployment and suppo",Smart Phone Detection Gate FC-H 29-inch Display | security screening equipment | X-ray baggage scanner | walk-through metal detector | N-TET,Smart Phone Detection Gate FC-H 29-inch Display,Smart Phone Detection Gate FC-H 29-inch Display Technical Specifications | Get Solution & Quotation | Overview | Technical Specifications | Get Solution & Quotation | Related public pages,.next/server/app/en/products/fc-h-smart-phone-detection-gate-29in.html
/en/products/fc-pd500-personal-radiation-dose-alarm,en,strong,100,FC-PD500 X-γ Personal Radiation Dose Alarm,5,true,true,true,true,true,1873,7,0.374,1,6,,FC-PD500 X-γ Personal Radiation Dose Alarm | N-TET,"N-TET FC-PD500 X-γ Personal Radiation Dose Alarm for industrial operators, combining FC-PD500 X-γ Personal Radiation Dose Alarm, security screening equipment, X-ray baggage scanner workflows with field-ready deployment and support.",FC-PD500 X-γ Personal Radiation Dose Alarm | security screening equipment | X-ray baggage scanner | walk-through metal detector | N-TET,FC-PD500 X-γ Personal Radiation Dose Alarm,FC-PD500 X-γ Personal Radiation Dose Alarm Technical Specifications | Get Solution & Quotation | Overview | Technical Specifications | Get Solution & Quotation | Related public pages,.next/server/app/en/products/fc-pd500-personal-radiation-dose-alarm.html
/en/products/fc-rc-series-hd-laser-camera,en,strong,100,FC-RC Series HD Long-Range Laser Camera,5,true,true,true,true,true,1961,5,0.255,1,6,,FC-RC Series HD Long-Range Laser Camera | N-TET,"N-TET FC-RC Series HD Long-Range Laser Camera for industrial operators, combining FC-RC Series HD Long-Range Laser Camera, perimeter intelligence, electro optical surveillance workflows with field-ready deployment and support.",FC-RC Series HD Long-Range Laser Camera | perimeter intelligence | electro optical surveillance | radar vision fusion system | N-TET,FC-RC Series HD Long-Range Laser Camera,FC-RC Series HD Long-Range Laser Camera Technical Specifications | Get Solution & Quotation | Overview | Technical Specifications | Get Solution & Quotation | Related public pages,.next/server/app/en/products/fc-rc-series-hd-laser-camera.html
/en/products/fc-rds500-4r-radar-vision-sentinel,en,strong,100,FC-RDS500-4R Radar-Vision Fusion System,5,true,true,true,true,true,2143,5,0.233,1,6,,FC-RDS500-4R Radar-Vision Fusion System | N-TET,"N-TET FC-RDS500-4R Radar-Vision Fusion System for industrial operators, combining FC-RDS500-4R Radar-Vision Fusion System, perimeter intelligence, electro optical surveillance workflows with field-ready deployment and support.",FC-RDS500-4R Radar-Vision Fusion System | perimeter intelligence | electro optical surveillance | radar vision fusion system | N-TET,FC-RDS500-4R Radar-Vision Fusion System,FC-RDS500-4R Radar-Vision Fusion System Technical Specifications | Get Solution & Quotation | Overview | Technical Specifications | Get Solution & Quotation | Related public pages,.next/server/app/en/products/fc-rds500-4r-radar-vision-sentinel.html
/en/products/fc-sljc-01-water-conservancy-monitoring-drone,en,strong,100,water conservancy monitoring UAV,8,true,true,true,true,true,1929,26,1.348,1,6,,Water Conservancy Monitoring UAV | N-TET,"N-TET Water Conservancy Monitoring UAV for industrial operators, combining water conservancy monitoring UAV, dam inspection UAV, river lake UAV monitoring workflows with field-ready deployment and support.",water conservancy monitoring UAV | dam inspection UAV | river lake UAV monitoring | flood monitoring drone | Water Conservancy Monitoring UAV | industrial UAV systems | UAV inspection drone | emergency response UAV,Water Conservancy Monitoring UAV,Water Conservancy Monitoring UAV Technical Specifications | Get Solution & Quotation | Overview | Technical Specifications | Get Solution & Quotation | Related public pages,.next/server/app/en/products/fc-sljc-01-water-conservancy-monitoring-drone.html
/en/products/fc-smart-swing-turnstile,en,strong,100,Deluxe Smart Swing Turnstile,5,true,true,true,true,true,1831,7,0.382,1,6,,Deluxe Smart Swing Turnstile | N-TET,"N-TET Deluxe Smart Swing Turnstile for industrial operators, combining Deluxe Smart Swing Turnstile, security screening equipment, X-ray baggage scanner workflows with field-ready deployment and support.",Deluxe Smart Swing Turnstile | security screening equipment | X-ray baggage scanner | walk-through metal detector | N-TET,Deluxe Smart Swing Turnstile,Deluxe Smart Swing Turnstile Technical Specifications | Get Solution & Quotation | Overview | Technical Specifications | Get Solution & Quotation | Related public pages,.next/server/app/en/products/fc-smart-swing-turnstile.html
/en/products/fc-ttvc-intelligent-multi-band-camera,en,strong,100,FC-TTVC Series Intelligent Multi-Band Camera,5,true,true,true,true,true,2068,9,0.435,1,6,,FC-TTVC Series Intelligent Multi-Band Camera | N-TET,"N-TET FC-TTVC Series Intelligent Multi-Band Camera for industrial operators, combining FC-TTVC Series Intelligent Multi-Band Camera, perimeter intelligence, electro optical surveillance workflows with field-ready deployment and support.",FC-TTVC Series Intelligent Multi-Band Camera | perimeter intelligence | electro optical surveillance | radar vision fusion system | N-TET,FC-TTVC Series Intelligent Multi-Band Camera,FC-TTVC Series Intelligent Multi-Band Camera Technical Specifications | Get Solution & Quotation | Overview | Technical Specifications | Get Solution & Quotation | Related public pages,.next/server/app/en/products/fc-ttvc-intelligent-multi-band-camera.html
/en/products/fc-yjtx-01-emergency-communication-drone,en,strong,100,emergency communication UAV,8,true,true,true,true,true,3889,13,0.334,1,6,,Emergency Communication Tethered UAV | N-TET,"N-TET Emergency Communication Tethered UAV for industrial operators, combining emergency communication UAV, disaster response communication drone, tethered communication UAV workflows with field-ready deployment and support.",emergency communication UAV | disaster response communication drone | tethered communication UAV | public safety UAV communications | Emergency Communication Tethered UAV | industrial UAV systems | UAV inspection drone | emergency response UAV,Emergency Communication Tethered UAV,Emergency Communication Tethered UAV Technical Specifications | Get Solution & Quotation | Overview | Technical Specifications | Get Solution & Quotation | Related public pages,.next/server/app/en/products/fc-yjtx-01-emergency-communication-drone.html
/en/products/fc-yjxf-01-aerial-firefighting-drone,en,strong,100,firefighting drone,8,true,true,true,true,true,4173,11,0.264,1,6,,High-Rise Firefighting Tethered UAV | N-TET,"N-TET High-Rise Firefighting Tethered UAV for industrial operators, combining firefighting drone, drone fire fighting, drone for fire fighting workflows with field-ready deployment and support.",firefighting drone | drone fire fighting | drone for fire fighting | high-rise firefighting UAV | High-Rise Firefighting Tethered UAV | industrial UAV systems | UAV inspection drone | emergency response UAV,High-Rise Firefighting Tethered UAV,High-Rise Firefighting Tethered UAV Technical Specifications | Get Solution & Quotation | Overview | Technical Specifications | Get Solution & Quotation | Related public pages,.next/server/app/en/products/fc-yjxf-01-aerial-firefighting-drone.html
/en/products/fc-yjzc-01-emergency-reconnaissance-drone,en,strong,100,search and rescue drone,8,true,true,true,true,true,1434,9,0.628,1,6,,Emergency Response Drone | N-TET,"N-TET Emergency Response Drone for industrial operators, combining search and rescue drone, drone rescue, emergency reconnaissance drone workflows with field-ready deployment and support.",search and rescue drone | drone rescue | emergency reconnaissance drone | disaster response UAV | Emergency Response Drone | industrial UAV systems | UAV inspection drone | emergency response UAV,Emergency Response Drone,Emergency Response Drone Technical Specifications | Get Solution & Quotation | Overview | Technical Specifications | Get Solution & Quotation | Related public pages,.next/server/app/en/products/fc-yjzc-01-emergency-reconnaissance-drone.html
/en/products/fc-yjzm-01-emergency-lighting-drone,en,strong,100,drone lighting,8,true,true,true,true,true,3342,22,0.658,1,6,,Tethered Lighting UAV | N-TET,"N-TET Tethered Lighting UAV for industrial operators, combining drone lighting, UAV lighting, tethered lighting UAV workflows with field-ready deployment and support.",drone lighting | UAV lighting | tethered lighting UAV | emergency lighting drone | Tethered Lighting UAV | industrial UAV systems | UAV inspection drone | emergency response UAV,Tethered Lighting UAV,Tethered Lighting UAV Technical Specifications | Get Solution & Quotation | Overview | Technical Specifications | Get Solution & Quotation | Related public pages,.next/server/app/en/products/fc-yjzm-01-emergency-lighting-drone.html
/en/products/fc-yqxj-01-utility-inspection-drone,en,strong,100,pipeline inspection drones,8,true,true,true,true,true,1466,9,0.614,1,6,,Oil & Gas Pipeline Inspection Drone | N-TET,"N-TET Oil & Gas Pipeline Inspection Drone for industrial operators, combining pipeline inspection drones, UAV pipeline inspection, oil and gas drone inspection workflows with field-ready deployment and support.",pipeline inspection drones | UAV pipeline inspection | oil and gas drone inspection | drone pipeline inspection | Oil & Gas Pipeline Inspection Drone | industrial UAV systems | UAV inspection drone | emergency response UAV,Oil & Gas Pipeline Inspection Drone,Oil & Gas Pipeline Inspection Drone Technical Specifications | Get Solution & Quotation | Overview | Technical Specifications | Get Solution & Quotation | Related public pages,.next/server/app/en/products/fc-yqxj-01-utility-inspection-drone.html
/en/products/fc1500-handheld-liquid-detector,en,strong,100,Handheld Liquid Detector FC1500,5,true,true,true,true,true,1601,5,0.312,1,6,,Handheld Liquid Detector FC1500 | N-TET,"N-TET Handheld Liquid Detector FC1500 for industrial operators, combining Handheld Liquid Detector FC1500, security screening equipment, X-ray baggage scanner workflows with field-ready deployment and support.",Handheld Liquid Detector FC1500 | security screening equipment | X-ray baggage scanner | walk-through metal detector | N-TET,Handheld Liquid Detector FC1500,Handheld Liquid Detector FC1500 Technical Specifications | Get Solution & Quotation | Overview | Technical Specifications | Get Solution & Quotation | Related public pages,.next/server/app/en/products/fc1500-handheld-liquid-detector.html
/en/products/fc1500b-desktop-liquid-security-inspector,en,strong,100,Desktop Liquid Security Inspector FC1500B,5,true,true,true,true,true,1654,5,0.302,1,6,,Desktop Liquid Security Inspector FC1500B | N-TET,"N-TET Desktop Liquid Security Inspector FC1500B for industrial operators, combining Desktop Liquid Security Inspector FC1500B, security screening equipment, X-ray baggage scanner workflows with field-ready deployment and support.",Desktop Liquid Security Inspector FC1500B | security screening equipment | X-ray baggage scanner | walk-through metal detector | N-TET,Desktop Liquid Security Inspector FC1500B,Desktop Liquid Security Inspector FC1500B Technical Specifications | Get Solution & Quotation | Overview | Technical Specifications | Get Solution & Quotation | Related public pages,.next/server/app/en/products/fc1500b-desktop-liquid-security-inspector.html
/en/products/fc1800b-portable-explosives-and-narcotics-detector,en,strong,100,Portable Explosives & Narcotics Detector FC1800B,5,true,true,true,true,true,1636,5,0.306,1,6,,Portable Explosives & Narcotics Detector FC1800B | N-TET,"N-TET Portable Explosives & Narcotics Detector FC1800B for industrial operators, combining Portable Explosives & Narcotics Detector FC1800B, security screening equipment, X-ray baggage scanner workflows with field-ready deployment and suppo",Portable Explosives & Narcotics Detector FC1800B | security screening equipment | X-ray baggage scanner | walk-through metal detector | N-TET,Portable Explosives & Narcotics Detector FC1800B,Portable Explosives & Narcotics Detector FC1800B Technical Specifications | Get Solution & Quotation | Overview | Technical Specifications | Get Solution & Quotation | Related public pages,.next/server/app/en/products/fc1800b-portable-explosives-and-narcotics-detector.html
/en/products/fc1800t-desktop-explosives-narcotics-detector,en,strong,100,Desktop Explosives & Narcotics Detector FC1800T,5,true,true,true,true,true,1684,5,0.297,1,6,,Desktop Explosives & Narcotics Detector FC1800T | N-TET,"N-TET Desktop Explosives & Narcotics Detector FC1800T for industrial operators, combining Desktop Explosives & Narcotics Detector FC1800T, security screening equipment, X-ray baggage scanner workflows with field-ready deployment and support",Desktop Explosives & Narcotics Detector FC1800T | security screening equipment | X-ray baggage scanner | walk-through metal detector | N-TET,Desktop Explosives & Narcotics Detector FC1800T,Desktop Explosives & Narcotics Detector FC1800T Technical Specifications | Get Solution & Quotation | Overview | Technical Specifications | Get Solution & Quotation | Related public pages,.next/server/app/en/products/fc1800t-desktop-explosives-narcotics-detector.html
/en/products/fc2088-handheld-metal-detector,en,strong,100,Handheld Metal Detector FC2088,5,true,true,true,true,true,1587,5,0.315,1,6,,Handheld Metal Detector FC2088 | N-TET,"N-TET Handheld Metal Detector FC2088 for industrial operators, combining Handheld Metal Detector FC2088, security screening equipment, X-ray baggage scanner workflows with field-ready deployment and support.",Handheld Metal Detector FC2088 | security screening equipment | X-ray baggage scanner | walk-through metal detector | N-TET,Handheld Metal Detector FC2088,Handheld Metal Detector FC2088 Technical Specifications | Get Solution & Quotation | Overview | Technical Specifications | Get Solution & Quotation | Related public pages,.next/server/app/en/products/fc2088-handheld-metal-detector.html
/en/products/fc4028-neutron-ambient-dose-rate-meter,en,strong,100,FC4028 Neutron Ambient Dose Equivalent Rate Meter,5,true,true,true,true,true,2206,3,0.136,1,6,,FC4028 Neutron Ambient Dose Equivalent (Rate) Meter | N-TET,"N-TET FC4028 Neutron Ambient Dose Equivalent (Rate) Meter for industrial operators, combining FC4028 Neutron Ambient Dose Equivalent Rate Meter, security screening equipment, X-ray baggage scanner workflows with field-ready deployment and s",FC4028 Neutron Ambient Dose Equivalent Rate Meter | security screening equipment | X-ray baggage scanner | walk-through metal detector | N-TET,FC4028 Neutron Ambient Dose Equivalent Rate Meter,FC4028 Neutron Ambient Dose Equivalent Rate Meter Technical Specifications | Get Solution & Quotation | Overview | Technical Specifications | Get Solution & Quotation | Related public pages,.next/server/app/en/products/fc4028-neutron-ambient-dose-rate-meter.html
/en/products/fc5030-compact-x-ray-baggage-scanner,en,strong,100,X-Ray Baggage Scanner FC5030,5,true,true,true,true,true,1581,12,0.759,1,6,,X-Ray Baggage Scanner FC5030 | N-TET,"N-TET X-Ray Baggage Scanner FC5030 for industrial operators, combining X-Ray Baggage Scanner FC5030, security screening equipment, X-ray baggage scanner workflows with field-ready deployment and support.",X-Ray Baggage Scanner FC5030 | security screening equipment | X-ray baggage scanner | walk-through metal detector | N-TET,X-Ray Baggage Scanner FC5030,X-Ray Baggage Scanner FC5030 Technical Specifications | Get Solution & Quotation | Overview | Technical Specifications | Get Solution & Quotation | Related public pages,.next/server/app/en/products/fc5030-compact-x-ray-baggage-scanner.html
/en/products/fc6550-standard-x-ray-baggage-scanner,en,strong,100,X-Ray Baggage Scanner FC6550,5,true,true,true,true,true,1595,12,0.752,1,6,,X-Ray Baggage Scanner FC6550 | N-TET,"N-TET X-Ray Baggage Scanner FC6550 for industrial operators, combining X-Ray Baggage Scanner FC6550, security screening equipment, X-ray baggage scanner workflows with field-ready deployment and support.",X-Ray Baggage Scanner FC6550 | security screening equipment | X-ray baggage scanner | walk-through metal detector | N-TET,X-Ray Baggage Scanner FC6550,X-Ray Baggage Scanner FC6550 Technical Specifications | Get Solution & Quotation | Overview | Technical Specifications | Get Solution & Quotation | Related public pages,.next/server/app/en/products/fc6550-standard-x-ray-baggage-scanner.html
/en/products/fc6550d-dual-view-baggage-scanner,en,strong,100,Dual-View X-Ray Baggage Scanner FC6550D,5,true,true,true,true,true,1668,10,0.600,1,6,,Dual-View X-Ray Baggage Scanner FC6550D | N-TET,"N-TET Dual-View X-Ray Baggage Scanner FC6550D for industrial operators, combining Dual-View X-Ray Baggage Scanner FC6550D, security screening equipment, X-ray baggage scanner workflows with field-ready deployment and support.",Dual-View X-Ray Baggage Scanner FC6550D | security screening equipment | X-ray baggage scanner | walk-through metal detector | N-TET,Dual-View X-Ray Baggage Scanner FC6550D,Dual-View X-Ray Baggage Scanner FC6550D Technical Specifications | Get Solution & Quotation | Overview | Technical Specifications | Get Solution & Quotation | Related public pages,.next/server/app/en/products/fc6550d-dual-view-baggage-scanner.html
/en/products/fc902-personal-radiation-dose-alarm,en,strong,100,X-γ Radiation Dose Alarm FC902,5,true,true,true,true,true,1858,5,0.269,1,6,,X-γ Radiation Dose Alarm FC902 | N-TET,"N-TET X-γ Radiation Dose Alarm FC902 for industrial operators, combining X-γ Radiation Dose Alarm FC902, security screening equipment, X-ray baggage scanner workflows with field-ready deployment and support.",X-γ Radiation Dose Alarm FC902 | security screening equipment | X-ray baggage scanner | walk-through metal detector | N-TET,X-γ Radiation Dose Alarm FC902,X-γ Radiation Dose Alarm FC902 Technical Specifications | Get Solution & Quotation | Overview | Technical Specifications | Get Solution & Quotation | Related public pages,.next/server/app/en/products/fc902-personal-radiation-dose-alarm.html
/en/products/handheld-rf-detection-system-mini,en,strong,100,Handheld RF Detection System,5,true,true,true,true,true,1553,5,0.322,1,6,,Handheld RF Detection System | N-TET,"N-TET Handheld RF Detection System for industrial operators, combining Handheld RF Detection System, low altitude monitoring equipment, drone detection equipment workflows with field-ready deployment and support.",Handheld RF Detection System | low altitude monitoring equipment | drone detection equipment | airspace monitoring system | N-TET,Handheld RF Detection System,Handheld RF Detection System Technical Specifications | Get Solution & Quotation | Overview | Technical Specifications | Get Solution & Quotation | Related public pages,.next/server/app/en/products/handheld-rf-detection-system-mini.html
/en/products/intelligent-mobile-cabin-hospital,en,strong,100,Intelligent Mobile Cabin Hospital,5,true,true,true,true,true,1389,7,0.504,1,6,,Intelligent Mobile Cabin Hospital | N-TET,"N-TET Intelligent Mobile Cabin Hospital for industrial operators, combining Intelligent Mobile Cabin Hospital, field hospital system, containerized medical rescue system workflows with field-ready deployment and support.",Intelligent Mobile Cabin Hospital | field hospital system | containerized medical rescue system | emergency medical shelter | N-TET,Intelligent Mobile Cabin Hospital,Intelligent Mobile Cabin Hospital Technical Specifications | Get Solution & Quotation | Overview | Technical Specifications | Get Solution & Quotation | Related public pages,.next/server/app/en/products/intelligent-mobile-cabin-hospital.html
/en/products/low-altitude-3d-pulse-doppler-radar,en,strong,100,Low-Altitude Detection Radar X-Band,5,true,true,true,true,true,1553,3,0.193,1,6,,Low-Altitude Detection Radar (X-Band) | N-TET,"N-TET Low-Altitude Detection Radar (X-Band) for industrial operators, combining Low-Altitude Detection Radar X-Band, low altitude monitoring equipment, drone detection equipment workflows with field-ready deployment and support.",Low-Altitude Detection Radar X-Band | low altitude monitoring equipment | drone detection equipment | airspace monitoring system | N-TET,Low-Altitude Detection Radar X-Band,Low-Altitude Detection Radar X-Band Technical Specifications | Get Solution & Quotation | Overview | Technical Specifications | Get Solution & Quotation | Related public pages,.next/server/app/en/products/low-altitude-3d-pulse-doppler-radar.html
/en/products/low-altitude-detection-radar-ku-band,en,strong,100,Low-Altitude Detection Radar Ku-Band,5,true,true,true,true,true,1551,3,0.193,1,6,,Low-Altitude Detection Radar (Ku-Band) | N-TET,"N-TET Low-Altitude Detection Radar (Ku-Band) for industrial operators, combining Low-Altitude Detection Radar Ku-Band, low altitude monitoring equipment, drone detection equipment workflows with field-ready deployment and support.",Low-Altitude Detection Radar Ku-Band | low altitude monitoring equipment | drone detection equipment | airspace monitoring system | N-TET,Low-Altitude Detection Radar Ku-Band,Low-Altitude Detection Radar Ku-Band Technical Specifications | Get Solution & Quotation | Overview | Technical Specifications | Get Solution & Quotation | Related public pages,.next/server/app/en/products/low-altitude-detection-radar-ku-band.html
/en/products/multi-rotor-20kg-payload-uav,en,strong,100,20kg Payload Multi-Rotor UAV,5,true,true,true,true,true,1513,11,0.727,1,6,,20kg Payload Multi-Rotor UAV | N-TET,"N-TET 20kg Payload Multi-Rotor UAV for industrial operators, combining 20kg Payload Multi-Rotor UAV, industrial UAV systems, UAV inspection drone workflows with field-ready deployment and support.",20kg Payload Multi-Rotor UAV | industrial UAV systems | UAV inspection drone | emergency response UAV | N-TET,20kg Payload Multi-Rotor UAV,20kg Payload Multi-Rotor UAV Technical Specifications | Get Solution & Quotation | Overview | Technical Specifications | Get Solution & Quotation | Related public pages,.next/server/app/en/products/multi-rotor-20kg-payload-uav.html
/en/products/multi-rotor-3kg-payload-uav,en,strong,100,3kg Payload Multi-Rotor UAV,5,true,true,true,true,true,1537,11,0.716,1,6,,3kg Payload Multi-Rotor UAV | N-TET,"N-TET 3kg Payload Multi-Rotor UAV for industrial operators, combining 3kg Payload Multi-Rotor UAV, industrial UAV systems, UAV inspection drone workflows with field-ready deployment and support.",3kg Payload Multi-Rotor UAV | industrial UAV systems | UAV inspection drone | emergency response UAV | N-TET,3kg Payload Multi-Rotor UAV,3kg Payload Multi-Rotor UAV Technical Specifications | Get Solution & Quotation | Overview | Technical Specifications | Get Solution & Quotation | Related public pages,.next/server/app/en/products/multi-rotor-3kg-payload-uav.html
/en/products/multi-rotor-50kg-payload-uav,en,strong,100,50kg Payload Multi-Rotor UAV,5,true,true,true,true,true,1505,11,0.731,1,6,,50kg Payload Multi-Rotor UAV | N-TET,"N-TET 50kg Payload Multi-Rotor UAV for industrial operators, combining 50kg Payload Multi-Rotor UAV, industrial UAV systems, UAV inspection drone workflows with field-ready deployment and support.",50kg Payload Multi-Rotor UAV | industrial UAV systems | UAV inspection drone | emergency response UAV | N-TET,50kg Payload Multi-Rotor UAV,50kg Payload Multi-Rotor UAV Technical Specifications | Get Solution & Quotation | Overview | Technical Specifications | Get Solution & Quotation | Related public pages,.next/server/app/en/products/multi-rotor-50kg-payload-uav.html
/en/products/multi-rotor-8kg-payload-uav,en,strong,100,8kg Payload Multi-Rotor UAV,5,true,true,true,true,true,1515,11,0.726,1,6,,8kg Payload Multi-Rotor UAV | N-TET,"N-TET 8kg Payload Multi-Rotor UAV for industrial operators, combining 8kg Payload Multi-Rotor UAV, industrial UAV systems, UAV inspection drone workflows with field-ready deployment and support.",8kg Payload Multi-Rotor UAV | industrial UAV systems | UAV inspection drone | emergency response UAV | N-TET,8kg Payload Multi-Rotor UAV,8kg Payload Multi-Rotor UAV Technical Specifications | Get Solution & Quotation | Overview | Technical Specifications | Get Solution & Quotation | Related public pages,.next/server/app/en/products/multi-rotor-8kg-payload-uav.html
/en/products/portable-rf-detection-case,en,strong,100,Hand-carried RF Detection System,5,true,true,true,true,true,1463,7,0.478,1,6,,Hand-carried RF Detection System | N-TET,"N-TET Hand-carried RF Detection System for industrial operators, combining Hand-carried RF Detection System, low altitude monitoring equipment, drone detection equipment workflows with field-ready deployment and support.",Hand-carried RF Detection System | low altitude monitoring equipment | drone detection equipment | airspace monitoring system | N-TET,Hand-carried RF Detection System,Hand-carried RF Detection System Technical Specifications | Get Solution & Quotation | Overview | Technical Specifications | Get Solution & Quotation | Related public pages,.next/server/app/en/products/portable-rf-detection-case.html
/en/products/power-tower-inspection-drone,en,strong,100,drone power line inspection,8,true,true,true,true,true,2113,14,0.663,1,6,,Power Tower Inspection UAV | N-TET,"N-TET Power Tower Inspection UAV for industrial operators, combining drone power line inspection, power line inspection drone, drones for utility inspection workflows with field-ready deployment and support.",drone power line inspection | power line inspection drone | drones for utility inspection | transmission tower inspection UAV | Power Tower Inspection UAV | industrial UAV systems | UAV inspection drone | emergency response UAV,Power Tower Inspection UAV,Power Tower Inspection UAV Technical Specifications | Get Solution & Quotation | Overview | Technical Specifications | Get Solution & Quotation | Related public pages,.next/server/app/en/products/power-tower-inspection-drone.html
/en/products/smart-substation-autonomous-inspection-system,en,strong,100,smart substation autonomous inspection,8,true,true,true,true,true,2357,23,0.976,1,6,,Smart Substation Autonomous UAV Inspection System | N-TET,"N-TET Smart Substation Autonomous UAV Inspection System for industrial operators, combining smart substation autonomous inspection, substation inspection drone, power utility UAV inspection workflows with field-ready deployment and support.",smart substation autonomous inspection | substation inspection drone | power utility UAV inspection | autonomous UAV inspection | Smart Substation Autonomous UAV Inspection System | industrial UAV systems | UAV inspection drone | emergency response UAV,Smart Substation Autonomous UAV Inspection System,Smart Substation Autonomous UAV Inspection System Technical Specifications | Get Solution & Quotation | Overview | Technical Specifications | Get Solution & Quotation | Related public pages,.next/server/app/en/products/smart-substation-autonomous-inspection-system.html
/en/products/stationary-rf-detection-system,en,strong,100,Stationary RF Detection System,5,true,true,true,true,true,1603,5,0.312,1,6,,Stationary RF Detection System | N-TET,"N-TET Stationary RF Detection System for industrial operators, combining Stationary RF Detection System, low altitude monitoring equipment, drone detection equipment workflows with field-ready deployment and support.",Stationary RF Detection System | low altitude monitoring equipment | drone detection equipment | airspace monitoring system | N-TET,Stationary RF Detection System,Stationary RF Detection System Technical Specifications | Get Solution & Quotation | Overview | Technical Specifications | Get Solution & Quotation | Related public pages,.next/server/app/en/products/stationary-rf-detection-system.html
/en/products/uav-remote-id-monitoring-system,en,strong,100,UAV Remote ID Monitoring System,5,true,true,true,true,true,1488,5,0.336,1,6,,UAV Remote ID Monitoring System | N-TET,"N-TET UAV Remote ID Monitoring System for industrial operators, combining UAV Remote ID Monitoring System, low altitude monitoring equipment, drone detection equipment workflows with field-ready deployment and support.",UAV Remote ID Monitoring System | low altitude monitoring equipment | drone detection equipment | airspace monitoring system | N-TET,UAV Remote ID Monitoring System,UAV Remote ID Monitoring System Technical Specifications | Get Solution & Quotation | Overview | Technical Specifications | Get Solution & Quotation | Related public pages,.next/server/app/en/products/uav-remote-id-monitoring-system.html
/en/products/vtol-135kg-mtow-uav,en,strong,100,135kg MTOW VTOL Fixed-Wing UAV,5,true,true,true,true,true,1492,11,0.737,1,6,,135kg MTOW VTOL Fixed-Wing UAV | N-TET,"N-TET 135kg MTOW VTOL Fixed-Wing UAV for industrial operators, combining 135kg MTOW VTOL Fixed-Wing UAV, industrial UAV systems, UAV inspection drone workflows with field-ready deployment and support.",135kg MTOW VTOL Fixed-Wing UAV | industrial UAV systems | UAV inspection drone | emergency response UAV | N-TET,135kg MTOW VTOL Fixed-Wing UAV,135kg MTOW VTOL Fixed-Wing UAV Technical Specifications | Get Solution & Quotation | Overview | Technical Specifications | Get Solution & Quotation | Related public pages,.next/server/app/en/products/vtol-135kg-mtow-uav.html
/en/products/vtol-14kg-mtow-uav,en,strong,100,14kg MTOW VTOL Fixed-Wing UAV,5,true,true,true,true,true,1496,11,0.735,1,6,,14kg MTOW VTOL Fixed-Wing UAV | N-TET,"N-TET 14kg MTOW VTOL Fixed-Wing UAV for industrial operators, combining 14kg MTOW VTOL Fixed-Wing UAV, industrial UAV systems, UAV inspection drone workflows with field-ready deployment and support.",14kg MTOW VTOL Fixed-Wing UAV | industrial UAV systems | UAV inspection drone | emergency response UAV | N-TET,14kg MTOW VTOL Fixed-Wing UAV,14kg MTOW VTOL Fixed-Wing UAV Technical Specifications | Get Solution & Quotation | Overview | Technical Specifications | Get Solution & Quotation | Related public pages,.next/server/app/en/products/vtol-14kg-mtow-uav.html
/en/products/vtol-26kg-mtow-uav,en,strong,100,26kg MTOW VTOL Fixed-Wing UAV,5,true,true,true,true,true,1492,11,0.737,1,6,,26kg MTOW VTOL Fixed-Wing UAV | N-TET,"N-TET 26kg MTOW VTOL Fixed-Wing UAV for industrial operators, combining 26kg MTOW VTOL Fixed-Wing UAV, industrial UAV systems, UAV inspection drone workflows with field-ready deployment and support.",26kg MTOW VTOL Fixed-Wing UAV | industrial UAV systems | UAV inspection drone | emergency response UAV | N-TET,26kg MTOW VTOL Fixed-Wing UAV,26kg MTOW VTOL Fixed-Wing UAV Technical Specifications | Get Solution & Quotation | Overview | Technical Specifications | Get Solution & Quotation | Related public pages,.next/server/app/en/products/vtol-26kg-mtow-uav.html
/en/products/vtol-40kg-mtow-uav,en,strong,100,40kg MTOW VTOL Fixed-Wing UAV,5,true,true,true,true,true,1472,11,0.747,1,6,,40kg MTOW VTOL Fixed-Wing UAV | N-TET,"N-TET 40kg MTOW VTOL Fixed-Wing UAV for industrial operators, combining 40kg MTOW VTOL Fixed-Wing UAV, industrial UAV systems, UAV inspection drone workflows with field-ready deployment and support.",40kg MTOW VTOL Fixed-Wing UAV | industrial UAV systems | UAV inspection drone | emergency response UAV | N-TET,40kg MTOW VTOL Fixed-Wing UAV,40kg MTOW VTOL Fixed-Wing UAV Technical Specifications | Get Solution & Quotation | Overview | Technical Specifications | Get Solution & Quotation | Related public pages,.next/server/app/en/products/vtol-40kg-mtow-uav.html
/en/products/vtol-64kg-mtow-uav,en,strong,100,64kg MTOW VTOL Fixed-Wing UAV,5,true,true,true,true,true,1482,11,0.742,1,6,,64kg MTOW VTOL Fixed-Wing UAV | N-TET,"N-TET 64kg MTOW VTOL Fixed-Wing UAV for industrial operators, combining 64kg MTOW VTOL Fixed-Wing UAV, industrial UAV systems, UAV inspection drone workflows with field-ready deployment and support.",64kg MTOW VTOL Fixed-Wing UAV | industrial UAV systems | UAV inspection drone | emergency response UAV | N-TET,64kg MTOW VTOL Fixed-Wing UAV,64kg MTOW VTOL Fixed-Wing UAV Technical Specifications | Get Solution & Quotation | Overview | Technical Specifications | Get Solution & Quotation | Related public pages,.next/server/app/en/products/vtol-64kg-mtow-uav.html
/en/solutions,en,strong,100,UAV inspection solutions,7,true,true,true,true,true,1226,14,1.142,1,11,,UAV Inspection Solutions & Emergency Response Drone | N-TET,"N-TET UAV inspection solutions for power line inspection, pipeline inspection drones, search and rescue drone work, firefighting drone support, and tethered lighting UAV operations.",UAV inspection solutions | search and rescue drone | firefighting drone | drone power line inspection | pipeline inspection drones | water conservancy monitoring UAV | tethered lighting UAV,UAV Inspection Solutions,UAV Inspection Solutions Workflow | UAV Inspection & Patrol | UAV Emergency Response | Critical Infrastructure Protection | Key Area Security | Get Solution & Quotation | UAV Inspection & Patrol | UAV Emergency Response | Critical Infrastructure Protection | Key Area Security | Get Solution & Quotation,.next/server/app/en/solutions.html
/en/solutions/airport-low-altitude-monitoring,en,strong,85,Airport Airspace Monitoring Application,2,true,false,true,true,true,1656,13,0.785,1,11,description 未命中关键词,Airport Airspace Monitoring Application | N-TET,"Providing 24/7 protection for sensitive clearance areas such as airport surroundings and approach routes, blocking 'black-flight' UAVs from interfering with normal takeoff and landing. Linkage of wireless detection, response support, and na",Airport Airspace Monitoring Application | N-TET,Airport Airspace Monitoring Application,Airport Airspace Monitoring Application Workflow | Technical Specifications | Related Equipment | Solution FAQ | Get Solution & Quotation | Overview | Technical Specifications | Related Equipment | Solution FAQ | Get Solution & Quotation | Related public pages,.next/server/app/en/solutions/airport-low-altitude-monitoring.html
/en/solutions/airport-security-protection,en,strong,85,Airport Security Protection,2,true,false,true,true,true,2096,14,0.668,1,14,description 未命中关键词,Airport Security Protection | N-TET,"An integrated airport security solution for terminal entrances, baggage checkpoints, cargo and logistics zones, perimeter roads, apron-adjacent areas, and public traffic hubs. It combines low-altitude awareness with passenger, baggage, carg",Airport Security Protection | N-TET,Airport Security Protection,Airport Security Protection Workflow | How Integrated Monitoring and Screening Support Airport Security | Solution Modules | Related Equipment | Solution FAQ | Get Solution & Quotation | Overview | Industry Pain Points | How Integrated Monitoring and Screening Support Airport Security | Solution Modules | Related Equipment | Solution FAQ | Get Solution & Quotation | Related public pages,.next/server/app/en/solutions/airport-security-protection.html
/en/solutions/category/01_BorderPatrol,en,strong,100,border patrol UAV,4,true,true,true,true,true,1829,13,0.711,1,9,,Border Patrol UAV Solutions | N-TET,"border patrol UAV is the primary search theme for this page, with related coverage for maritime patrol UAV, coastal monitoring drone, land based maritime surveillance.",border patrol UAV | maritime patrol UAV | coastal monitoring drone | land based maritime surveillance,Border Patrol UAV Solutions,Border Patrol UAV and Coastal Monitoring | UAV Inspection Solutions | Recommended Products | Solution FAQ | Get Solution & Quotation | Industry Needs | UAV Inspection Solutions | Recommended Products | Get Solution & Quotation,.next/server/app/en/solutions/category/01_BorderPatrol.html
/en/solutions/category/02_InfrastructureProtection,en,strong,100,industrial facility inspection UAV,5,true,true,true,true,true,1904,14,0.735,1,9,,Industrial Facility Inspection UAV Solutions | N-TET,"industrial facility inspection UAV is the primary search theme for this page, with related coverage for oil and gas drone inspection, pipeline inspection drones, chemical plant monitoring.",industrial facility inspection UAV | oil and gas drone inspection | pipeline inspection drones | chemical plant monitoring | water conservancy monitoring UAV,Industrial Facility Inspection UAV Solutions,Industrial Facility Inspection UAV Scenarios | UAV Inspection Solutions | Recommended Products | Solution FAQ | Get Solution & Quotation | Industry Needs | UAV Inspection Solutions | Recommended Products | Get Solution & Quotation,.next/server/app/en/solutions/category/02_InfrastructureProtection.html
/en/solutions/category/03_KeyAreaSecurity,en,strong,100,airport airspace monitoring,5,true,true,true,true,true,1797,22,1.224,1,9,,Airport Airspace Monitoring and Key Area Security Solutions | N-TET,"airport airspace monitoring is the primary search theme for this page, with related coverage for event security monitoring, key area security, smart security screening.",airport airspace monitoring | event security monitoring | key area security | smart security screening | low altitude monitoring equipment,Airport Airspace Monitoring and Key Area Security Solutions,Airport Airspace Monitoring Scenarios | UAV Inspection Solutions | Recommended Products | Solution FAQ | Get Solution & Quotation | Industry Needs | UAV Inspection Solutions | Recommended Products | Get Solution & Quotation,.next/server/app/en/solutions/category/03_KeyAreaSecurity.html
/en/solutions/category/04_EmergencyRescue,en,strong,100,search and rescue drone,5,true,true,true,true,true,1879,23,1.224,1,9,,Search and Rescue Drone & Emergency UAV Solutions | N-TET,"This emergency solutions category covers search and rescue drone operations, firefighting drone support, emergency communication UAV deployment, and drone lighting workflows for field response teams.",search and rescue drone | firefighting drone | emergency communication UAV | drone lighting | emergency response drone,Search and Rescue Drone & Emergency UAV Solutions,Search and Rescue Drone Emergency Workflows | UAV Inspection Solutions | Recommended Products | Solution FAQ | Get Solution & Quotation | Industry Needs | UAV Inspection Solutions | Recommended Products | Get Solution & Quotation,.next/server/app/en/solutions/category/04_EmergencyRescue.html
/en/solutions/chemical-plant-protection,en,strong,100,pipeline inspection drones,4,true,true,true,true,true,2263,21,0.928,1,14,,Pipeline Inspection Drones for Chemical Plant Monitoring | N-TET,"This page covers pipeline inspection drones, chemical plant monitoring, UAV pipeline inspection, and oil and gas drone inspection workflows for petrochemical facilities.",pipeline inspection drones | chemical plant monitoring | UAV pipeline inspection | oil and gas drone inspection,Pipeline Inspection Drones for Chemical Plant Monitoring,Pipeline Inspection Drones and Plant Monitoring | A Neutral Low-Altitude Risk Process for Chemical Sites | Solution Modules | Related Equipment | Solution FAQ | Get Solution & Quotation | Overview | Industry Pain Points | A Neutral Low-Altitude Risk Process for Chemical Sites | Solution Modules | Related Equipment | Solution FAQ | Get Solution & Quotation | Related public pages,.next/server/app/en/solutions/chemical-plant-protection.html
/en/solutions/disaster-site-search-rescue-reconnaissance-uav-solution,en,strong,100,search and rescue drone,4,true,true,true,true,true,2076,19,0.915,1,16,,Search and Rescue Drone Solution | N-TET,"This search and rescue drone solution supports disaster-site reconnaissance, thermal drones for search and rescue, search and rescue UAV coordination, and drone rescue visibility for emergency teams.",search and rescue drone | thermal drones for search and rescue | search and rescue UAV | drone rescue,Search and Rescue Drone Solution,Search and Rescue Drone Workflow | How UAVs Upgrade Emergency Reconnaissance | Solution Modules | Related Equipment | Related Cases | Solution FAQ | Get Solution & Quotation | Overview | Industry Pain Points | How UAVs Upgrade Emergency Reconnaissance | Solution Modules | Related Equipment | Related Cases | Solution FAQ | Get Solution & Quotation | Related public pages,.next/server/app/en/solutions/disaster-site-search-rescue-reconnaissance-uav-solution.html
/en/solutions/emergency-communication-uav,en,strong,100,Emergency Communication UAV,2,true,true,true,true,true,1680,16,0.952,1,11,,Emergency Communication UAV | N-TET,The emergency communication UAV is equipped with an integrated high-altitude base station and relies on satellite relay links for long-distance data return. It can quickly rebuild 4G/5G public network coverage in disaster-damaged areas. The,Emergency Communication UAV | N-TET,Emergency Communication UAV,Emergency Communication UAV Workflow | Technical Specifications | Related Equipment | Solution FAQ | Get Solution & Quotation | Overview | Technical Specifications | Related Equipment | Solution FAQ | Get Solution & Quotation | Related public pages,.next/server/app/en/solutions/emergency-communication-uav.html
/en/solutions/emergency-communication-uav-solution,en,partial,70,Emergency Communication UAV Solution,2,true,false,true,false,true,1600,12,0.750,1,14,description 未命中关键词; H2 未命中关键词,Emergency Communication UAV Solution | N-TET,"An aerial communication solution for post-disaster network outage, remote no-signal areas, and temporary communication support, restoring public coverage or building a rescue private network quickly.",Emergency Communication UAV Solution | N-TET,Emergency Communication UAV Solution,Related Equipment | Solution FAQ | Get Solution & Quotation | Overview | Industry Pain Points | UAV-Enabled Upgrade | Solution | Related Equipment | Related Cases | Technical Specifications | Related Equipment | Solution FAQ | Get Solution & Quotation | Related public pages,.next/server/app/en/solutions/emergency-communication-uav-solution.html
/en/solutions/emergency-lighting-uav,en,strong,85,Emergency Lighting UAV,2,true,false,true,true,true,1626,13,0.800,1,11,description 未命中关键词,Emergency Lighting UAV | N-TET,"Equipped with high-power high-brightness LED lighting modules, it is easy to deploy and can achieve large-scale, multi-angle continuous light supplementation at high altitudes without blind spots. It adopts a tethered continuous power suppl",Emergency Lighting UAV | N-TET,Emergency Lighting UAV,Emergency Lighting UAV Workflow | Technical Specifications | Related Equipment | Solution FAQ | Get Solution & Quotation | Overview | Technical Specifications | Related Equipment | Solution FAQ | Get Solution & Quotation | Related public pages,.next/server/app/en/solutions/emergency-lighting-uav.html
/en/solutions/emergency-reconnaissance-uav,en,strong,85,Emergency Reconnaissance UAV,2,true,false,true,true,true,1654,13,0.786,1,11,description 未命中关键词,Emergency Reconnaissance UAV | N-TET,"Flexible and rapid in deployment, this UAV can break through limitations of road blockages, mountainous forests, and other complex terrains. The fuselage integrates high-definition optoelectronic cameras, infrared search and rescue, and oth",Emergency Reconnaissance UAV | N-TET,Emergency Reconnaissance UAV,Emergency Reconnaissance UAV Workflow | Technical Specifications | Related Equipment | Solution FAQ | Get Solution & Quotation | Overview | Technical Specifications | Related Equipment | Solution FAQ | Get Solution & Quotation | Related public pages,.next/server/app/en/solutions/emergency-reconnaissance-uav.html
/en/solutions/emergency-search-rescue-uav-solution,en,partial,70,Emergency Search & Rescue UAV Solution,2,true,false,true,false,true,1627,12,0.738,1,16,description 未命中关键词; H2 未命中关键词,Emergency Search & Rescue UAV Solution | N-TET,"A rapid-response UAV solution for disaster reconnaissance, missing-person search, target positioning, supply delivery, and command collaboration across floods, earthquakes, forests, waters, and remote areas.",Emergency Search & Rescue UAV Solution | N-TET,Emergency Search & Rescue UAV Solution,Related Equipment | Related Cases | Solution FAQ | Get Solution & Quotation | Overview | Industry Pain Points | UAV-Enabled Upgrade | Solution | Related Equipment | Related Cases | Technical Specifications | Related Equipment | Related Cases | Solution FAQ | Get Solution & Quotation | Related public pages,.next/server/app/en/solutions/emergency-search-rescue-uav-solution.html
/en/solutions/high-rise-firefighting-uav-solution,en,partial,70,High-Rise Firefighting UAV Solution,2,true,false,true,false,true,1643,12,0.730,1,14,description 未命中关键词; H2 未命中关键词,High-Rise Firefighting UAV Solution | N-TET,"A tethered UAV firefighting solution for high-rise buildings, dense urban blocks, and industrial parks, combining elevated water/agent delivery, window breaking, smoke exhaust, thermal reconnaissance, and command linkage.",High-Rise Firefighting UAV Solution | N-TET,High-Rise Firefighting UAV Solution,Related Equipment | Solution FAQ | Get Solution & Quotation | Overview | Industry Pain Points | UAV-Enabled Upgrade | Solution | Related Equipment | Related Cases | Technical Specifications | Related Equipment | Solution FAQ | Get Solution & Quotation | Related public pages,.next/server/app/en/solutions/high-rise-firefighting-uav-solution.html
/en/solutions/hydroelectric-dam-protection,en,strong,85,Hydroelectric Dam Protection,2,true,false,true,true,true,2193,14,0.638,1,14,description 未命中关键词,Hydroelectric Dam Protection | N-TET,"A low-altitude security workflow for hydroelectric dams, reservoirs, powerhouses, spillways, and inspection routes. Based on critical infrastructure protection requirements, it focuses on low-altitude awareness, target confirmation, track f",Hydroelectric Dam Protection | N-TET,Hydroelectric Dam Protection,Hydroelectric Dam Protection Workflow | Low-Altitude Security Workflow for Dam Operations | Solution Modules | Related Equipment | Solution FAQ | Get Solution & Quotation | Overview | Industry Pain Points | Low-Altitude Security Workflow for Dam Operations | Solution Modules | Related Equipment | Solution FAQ | Get Solution & Quotation | Related public pages,.next/server/app/en/solutions/hydroelectric-dam-protection.html
/en/solutions/judicial-sector-security,en,strong,85,Judicial Sector Security Protection,2,true,false,true,true,true,2228,13,0.583,1,14,description 未命中关键词,Judicial Sector Security Protection | N-TET,"An integrated judicial security solution for courthouse entrances, detention and correctional access points, visitor lobbies, evidence and logistics channels, perimeter roads, and restricted administrative areas. It follows the same integra",Judicial Sector Security Protection | N-TET,Judicial Sector Security Protection,Judicial Sector Security Protection Workflow | How Integrated Monitoring and Screening Support Judicial Security | Solution Modules | Related Equipment | Solution FAQ | Get Solution & Quotation | Overview | Industry Pain Points | How Integrated Monitoring and Screening Support Judicial Security | Solution Modules | Related Equipment | Solution FAQ | Get Solution & Quotation | Related public pages,.next/server/app/en/solutions/judicial-sector-security.html
/en/solutions/land-based-maritime-surveillance,en,strong,85,Land-based Maritime Surveillance & Early Warning,2,true,false,true,true,true,1640,13,0.793,1,11,description 未命中关键词,Land-based Maritime Surveillance & Early Warning | N-TET,"Integrating multi-source information such as radar and optoelectronics, and utilizing intelligent analysis and linkage tracking technology, a digital and intelligent maritime Security control system has been established. It overcomes tradit",Land-based Maritime Surveillance & Early Warning | N-TET,Land-based Maritime Surveillance & Early Warning,Land-based Maritime Surveillance & Early Warning Workflow | Technical Specifications | Related Equipment | Solution FAQ | Get Solution & Quotation | Overview | Technical Specifications | Related Equipment | Solution FAQ | Get Solution & Quotation | Related public pages,.next/server/app/en/solutions/land-based-maritime-surveillance.html
/en/solutions/night-emergency-lighting-support-uav-solution,en,strong,100,tethered lighting UAV,4,true,true,true,true,true,2062,24,1.164,1,16,,Tethered Lighting UAV Solution | N-TET,"tethered lighting UAV is the primary search theme for this page, with related coverage for drone lighting, UAV lighting system, emergency lighting drone.",tethered lighting UAV | drone lighting | UAV lighting system | emergency lighting drone,Tethered Lighting UAV Solution,Tethered Lighting UAV Workflow | How UAVs Upgrade Operations | Solution Modules | Related Equipment | Related Cases | Solution FAQ | Get Solution & Quotation | Overview | Industry Pain Points | How UAVs Upgrade Operations | Solution Modules | Related Equipment | Related Cases | Solution FAQ | Get Solution & Quotation | Related public pages,.next/server/app/en/solutions/night-emergency-lighting-support-uav-solution.html
/en/solutions/oil-production-base-protection,en,strong,100,oil and gas drone inspection,4,true,true,true,true,true,2238,18,0.804,1,14,,Oil and Gas Drone Inspection Solution | N-TET,"This oil and gas drone inspection solution supports oil production sites, pipeline corridor inspection, industrial facility inspection UAV workflows, and low-altitude monitoring around field assets.",oil and gas drone inspection | industrial facility inspection UAV | pipeline corridor inspection | oil production site monitoring,Oil and Gas Drone Inspection Solution,Oil and Gas Drone Inspection Workflow | Layered Low-Altitude Protection for Oil Production Sites | Solution Modules | Related Equipment | Solution FAQ | Get Solution & Quotation | Overview | Industry Pain Points | Layered Low-Altitude Protection for Oil Production Sites | Solution Modules | Related Equipment | Solution FAQ | Get Solution & Quotation | Related public pages,.next/server/app/en/solutions/oil-production-base-protection.html
/en/solutions/post-disaster-emergency-communication-support-uav-solution,en,strong,100,emergency communication UAV,4,true,true,true,true,true,2088,23,1.102,1,16,,Emergency Communication UAV Solution | N-TET,"emergency communication UAV is the primary search theme for this page, with related coverage for disaster response communication drone, tethered communication UAV, public safety UAV communications.",emergency communication UAV | disaster response communication drone | tethered communication UAV | public safety UAV communications,Emergency Communication UAV Solution,Emergency Communication UAV Workflow | How UAVs Upgrade Operations | Solution Modules | Related Equipment | Related Cases | Solution FAQ | Get Solution & Quotation | Overview | Industry Pain Points | How UAVs Upgrade Operations | Solution Modules | Related Equipment | Related Cases | Solution FAQ | Get Solution & Quotation | Related public pages,.next/server/app/en/solutions/post-disaster-emergency-communication-support-uav-solution.html
/en/solutions/power-generation-facility-low-altitude-monitoring,en,strong,85,Power Generation Facility Airspace Monitoring,2,true,false,true,true,true,1735,13,0.749,1,11,description 未命中关键词,Power Generation Facility Airspace Monitoring | N-TET,"Customized for high-voltage thermal power plants, nuclear power plants, and core substation hubs. It automatically detects unauthorized mapping and reconnaissance flights, preventing foreign objects from falling and causing short circuits o",Power Generation Facility Airspace Monitoring | N-TET,Power Generation Facility Airspace Monitoring,Power Generation Facility Airspace Monitoring Workflow | Technical Specifications | Related Equipment | Solution FAQ | Get Solution & Quotation | Overview | Technical Specifications | Related Equipment | Solution FAQ | Get Solution & Quotation | Related public pages,.next/server/app/en/solutions/power-generation-facility-low-altitude-monitoring.html
/en/solutions/power-line-uav-intelligent-inspection-solution,en,strong,100,drone power line inspection,5,true,true,true,true,true,2152,16,0.743,1,12,,Drone Power Line Inspection Solution | N-TET,"This drone power line inspection solution supports transmission corridor patrol, tower inspection, utility inspection drone workflows, and cell tower inspection scenarios for maintenance teams.",drone power line inspection | power line inspection drone | UAV power line inspection | drones for utility inspection | drone cell tower inspection,Drone Power Line Inspection Solution,Drone Power Line Inspection Workflow | How UAVs Upgrade Operations | Solution Modules | Solution FAQ | Get Solution & Quotation | Overview | Industry Pain Points | How UAVs Upgrade Operations | Solution Modules | Solution FAQ | Get Solution & Quotation | Related public pages,.next/server/app/en/solutions/power-line-uav-intelligent-inspection-solution.html
/en/solutions/power-tower-inspection-uav-solution,en,partial,70,Power Tower Inspection UAV Solution,2,true,false,true,false,true,1644,12,0.730,1,16,description 未命中关键词; H2 未命中关键词,Power Tower Inspection UAV Solution | N-TET,"A UAV-based inspection solution for transmission-line operations, covering routine patrols, fault positioning, disaster response, tree-obstruction checks, and standardized reporting.",Power Tower Inspection UAV Solution | N-TET,Power Tower Inspection UAV Solution,Related Equipment | Related Cases | Solution FAQ | Get Solution & Quotation | Overview | Industry Pain Points | UAV-Enabled Upgrade | Solution | Related Equipment | Related Cases | Technical Specifications | Related Equipment | Related Cases | Solution FAQ | Get Solution & Quotation | Related public pages,.next/server/app/en/solutions/power-tower-inspection-uav-solution.html
/en/solutions/smart-substation-autonomous-inspection-solution,en,partial,70,Smart Substation Autonomous UAV Inspection Solution,2,true,false,true,false,true,1667,12,0.720,1,16,description 未命中关键词; H2 未命中关键词,Smart Substation Autonomous UAV Inspection Solution | N-TET,"An autonomous substation inspection solution combining a UAV dock, industrial UAV platform, multi-source payloads, AI analytics, and a management platform for unattended patrol, thermal measurement, defect recognition, and work-order closur",Smart Substation Autonomous UAV Inspection Solution | N-TET,Smart Substation Autonomous UAV Inspection Solution,Related Equipment | Related Cases | Solution FAQ | Get Solution & Quotation | Overview | Industry Pain Points | UAV-Enabled Upgrade | Solution | Related Equipment | Related Cases | Technical Specifications | Related Equipment | Related Cases | Solution FAQ | Get Solution & Quotation | Related public pages,.next/server/app/en/solutions/smart-substation-autonomous-inspection-solution.html
/en/solutions/smart-substation-unattended-uav-inspection-solution,en,strong,100,smart substation autonomous inspection,4,true,true,true,true,true,2185,22,1.007,1,16,,Smart Substation Autonomous Inspection Solution | N-TET,"smart substation autonomous inspection is the primary search theme for this page, with related coverage for substation inspection drone, power utility UAV inspection, autonomous UAV inspection.",smart substation autonomous inspection | substation inspection drone | power utility UAV inspection | autonomous UAV inspection,Smart Substation Autonomous Inspection Solution,Smart Substation Autonomous Inspection Workflow | How UAVs Upgrade Substation Inspection | Solution Modules | Related Equipment | Related Cases | Solution FAQ | Get Solution & Quotation | Overview | Industry Pain Points | How UAVs Upgrade Substation Inspection | Solution Modules | Related Equipment | Related Cases | Solution FAQ | Get Solution & Quotation | Related public pages,.next/server/app/en/solutions/smart-substation-unattended-uav-inspection-solution.html
/en/solutions/sports-event-security,en,strong,85,Large Sports Event Security Protection,2,true,false,true,true,true,2206,13,0.589,1,14,description 未命中关键词,Large Sports Event Security Protection | N-TET,"An integrated large-event security solution for stadium entrances, arenas, exhibition centers, fan zones, media areas, logistics gates, VIP routes, and surrounding public spaces. It references the same security workflow used for airport-sty",Large Sports Event Security Protection | N-TET,Large Sports Event Security Protection,Large Sports Event Security Protection Workflow | How Integrated Monitoring and Screening Support Large Events | Solution Modules | Related Equipment | Solution FAQ | Get Solution & Quotation | Overview | Industry Pain Points | How Integrated Monitoring and Screening Support Large Events | Solution Modules | Related Equipment | Solution FAQ | Get Solution & Quotation | Related public pages,.next/server/app/en/solutions/sports-event-security.html
/en/solutions/tethered-lighting-uav-solution,en,partial,70,Tethered Lighting UAV Solution,2,true,false,true,false,true,1611,12,0.745,1,16,description 未命中关键词; H2 未命中关键词,Tethered Lighting UAV Solution | N-TET,"A persistent aerial lighting solution that improves night rescue, emergency repair, evacuation, and temporary-site operations with high-altitude continuous illumination.",Tethered Lighting UAV Solution | N-TET,Tethered Lighting UAV Solution,Related Equipment | Related Cases | Solution FAQ | Get Solution & Quotation | Overview | Industry Pain Points | UAV-Enabled Upgrade | Solution | Related Equipment | Related Cases | Technical Specifications | Related Equipment | Related Cases | Solution FAQ | Get Solution & Quotation | Related public pages,.next/server/app/en/solutions/tethered-lighting-uav-solution.html
/en/solutions/uav-maritime-emergency-rescue,en,strong,85,UAV Maritime Emergency Rescue,2,true,false,true,true,true,1653,13,0.786,1,11,description 未命中关键词,UAV Maritime Emergency Rescue | N-TET,"In case of maritime emergencies, accidents, and various incidents, UAVs can respond quickly and fly to the scene immediately, providing real-time panoramic views and situational information for efficient auxiliary decision-making and remote",UAV Maritime Emergency Rescue | N-TET,UAV Maritime Emergency Rescue,UAV Maritime Emergency Rescue Workflow | Technical Specifications | Related Equipment | Solution FAQ | Get Solution & Quotation | Overview | Technical Specifications | Related Equipment | Solution FAQ | Get Solution & Quotation | Related public pages,.next/server/app/en/solutions/uav-maritime-emergency-rescue.html
/en/solutions/uav-maritime-patrol,en,strong,100,maritime patrol UAV,4,true,true,true,true,true,2152,18,0.836,1,16,,Maritime Patrol UAV Solution | N-TET,"This maritime patrol UAV solution supports coastal monitoring drone routes, port-area observation, border patrol UAV tasks, and wide-area maritime visibility for field teams.",maritime patrol UAV | coastal monitoring drone | border patrol UAV | UAV border patrol,Maritime Patrol UAV Solution,Maritime Patrol UAV Workflow | How UAVs Upgrade Operations | Solution Modules | Related Equipment | Related Cases | Solution FAQ | Get Solution & Quotation | Overview | Industry Pain Points | How UAVs Upgrade Operations | Solution Modules | Related Equipment | Related Cases | Solution FAQ | Get Solution & Quotation | Related public pages,.next/server/app/en/solutions/uav-maritime-patrol.html
/en/solutions/urban-high-rise-firefighting-emergency-uav-solution,en,strong,100,firefighting drone,4,true,true,true,true,true,2145,20,0.932,1,16,,Firefighting Drone Solution | N-TET,"firefighting drone is the primary search theme for this page, with related coverage for high-rise firefighting UAV, drone fire fighting, drone for fire fighting.",firefighting drone | high-rise firefighting UAV | drone fire fighting | drone for fire fighting,Firefighting Drone Solution,Firefighting Drone Workflow | How UAVs Upgrade Operations | Solution Modules | Related Equipment | Related Cases | Solution FAQ | Get Solution & Quotation | Overview | Industry Pain Points | How UAVs Upgrade Operations | Solution Modules | Related Equipment | Related Cases | Solution FAQ | Get Solution & Quotation | Related public pages,.next/server/app/en/solutions/urban-high-rise-firefighting-emergency-uav-solution.html
/en/solutions/water-conservancy-monitoring-uav-solution,en,partial,70,Water Conservancy Monitoring UAV Solution,2,true,false,true,false,true,1633,12,0.735,1,16,description 未命中关键词; H2 未命中关键词,Water Conservancy Monitoring UAV Solution | N-TET,"A UAV monitoring solution for rivers, lakes, reservoirs, flood-control tasks, water-facility inspection, water-quality sampling, pollution tracing, and evidence collection.",Water Conservancy Monitoring UAV Solution | N-TET,Water Conservancy Monitoring UAV Solution,Related Equipment | Related Cases | Solution FAQ | Get Solution & Quotation | Overview | Industry Pain Points | UAV-Enabled Upgrade | Solution | Related Equipment | Related Cases | Technical Specifications | Related Equipment | Related Cases | Solution FAQ | Get Solution & Quotation | Related public pages,.next/server/app/en/solutions/water-conservancy-monitoring-uav-solution.html
/en/solutions/water-conservancy-river-lake-uav-monitoring-solution,en,strong,100,water conservancy monitoring UAV,4,true,true,true,true,true,2284,22,0.963,1,16,,Water Conservancy Monitoring UAV Solution | N-TET,"This water conservancy monitoring UAV solution supports dam inspection UAV tasks, river lake UAV monitoring, flood monitoring drone patrols, and infrastructure observation for water-resource teams.",water conservancy monitoring UAV | dam inspection UAV | river lake UAV monitoring | flood monitoring drone,Water Conservancy Monitoring UAV Solution,Water Conservancy Monitoring UAV Workflow | How UAVs Upgrade Operations | Solution Modules | Related Equipment | Related Cases | Solution FAQ | Get Solution & Quotation | Overview | Industry Pain Points | How UAVs Upgrade Operations | Solution Modules | Related Equipment | Related Cases | Solution FAQ | Get Solution & Quotation | Related public pages,.next/server/app/en/solutions/water-conservancy-river-lake-uav-monitoring-solution.html
/es,es,strong,85,sistemas UAV industriales,5,true,true,true,false,true,1481,9,0.608,1,11,H2 未命中关键词,Sistemas UAV industriales y monitoreo de baja altitud | N-TET,"N-TET desarrolla plataformas UAV industriales, monitoreo de baja altitud, drones de emergencia, sistemas de inspección y soluciones de inspección de seguridad para operadores de infraestructura.",sistemas UAV industriales | monitoreo de baja altitud | dron de inspección UAV | UAV de emergencia | equipos de monitoreo aéreo,Sistemas UAV industriales para operaciones de baja altitud,Nuestras soluciones | Centro de productos | UAV para monitoreo hídrico | Centro de casos | Acerca de nosotros | Últimas noticias | Nuestras soluciones | Centro de productos | Centro de casos | Acerca de nosotros | Últimas noticias,.next/server/app/es.html
/es/about,es,strong,85,integrador de sistemas UAV industriales,4,true,true,true,false,true,1723,20,1.161,1,5,H2 未命中关键词,Acerca de N-TET | Integrador de sistemas UAV industriales,"Conozca las capacidades de ingeniería, integración y entrega de soluciones de N-TET para sistemas UAV industriales, monitoreo de baja altitud y tecnologías de seguridad.",integrador de sistemas UAV industriales | proveedor de sistemas UAV | monitoreo de baja altitud | N-TET,Perfil de integrador de sistemas UAV industriales,Capacidades de integración de sistemas UAV industriales | Equipo de I+D | Perfil de la empresa | Equipo de I+D | Solicitar solución y cotización,.next/server/app/es/about.html
/es/accessories,es,strong,80,accesorios para drones,5,true,false,true,true,true,1565,61,3.898,1,11,description 未命中关键词; 关键词密度偏高，需要检查堆砌风险,Accesorios para drones y componentes UAV | N-TET,"Consulte accesorios UAV de N-TET: gimbals electro-ópticos, motores, enlaces de datos, hélices, baterías, controles remotos y controladores de vuelo.",accesorios para drones | componentes UAV | gimbal UAV | motor UAV | enlace de datos UAV,Accesorios para drones y componentes UAV,Accesorios para drones y componentes UAV para plataformas industriales | Controladores de vuelo | Motores UAV | Hélices UAV | Baterías UAV | Gimbals electro-ópticos | Motores UAV | Enlaces de datos UAV | Controles remotos UAV | FAQ de accesorios para drones | Solicitar solución y cotización,.next/server/app/es/accessories.html
/es/accessories/fc-bt1,es,strong,85,Batería de estado sólido para UAV FC-BT1,4,true,false,true,true,true,4434,8,0.180,1,6,description 未命中关键词,Batería de estado sólido para UAV FC-BT1 | N-TET Drone Accessories,"FC-BT1 es una serie de baterías de litio de estado sólido de 280Wh/kg, 4.2V 10C y capacidades de 16Ah-30Ah para UAV industriales de inspección, mapeo, VTOL y multirrotor, robots y embarcaciones no tripuladas.",Batería de estado sólido para UAV FC-BT1 | drone accessories | UAV components | industrial UAV parts,Batería de estado sólido para UAV FC-BT1,Batería de estado sólido para UAV FC-BT1 Technical Specifications | Solicitar solución y cotización | Resumen | Especificaciones técnicas | Solicitar solución y cotización | Paginas relacionadas,.next/server/app/es/accessories/fc-bt1.html
/es/accessories/fc-bt2,es,strong,85,Batería de estado sólido para UAV FC-BT2,4,true,false,true,true,true,3880,8,0.206,1,6,description 未命中关键词,Batería de estado sólido para UAV FC-BT2 | N-TET Drone Accessories,"FC-BT2 es una serie mejorada basada en FC-BT1, con densidad energética de 310Wh/kg, mayor resistencia al viento y seguridad de aterrizaje para UAV industriales de inspección, mapeo, VTOL y multirrotor.",Batería de estado sólido para UAV FC-BT2 | drone accessories | UAV components | industrial UAV parts,Batería de estado sólido para UAV FC-BT2,Batería de estado sólido para UAV FC-BT2 Technical Specifications | Solicitar solución y cotización | Resumen | Especificaciones técnicas | Solicitar solución y cotización | Paginas relacionadas,.next/server/app/es/accessories/fc-bt2.html
/es/accessories/fc-bt3,es,strong,85,Batería de estado sólido de alto voltaje para UAV FC-BT3,4,true,false,true,true,true,4023,8,0.199,1,6,description 未命中关键词,Batería de estado sólido de alto voltaje para UAV FC-BT3 | N-TET Drone Accessories,"FC-BT3 es una serie de baterías de estado sólido de alto voltaje 4.35V, con mayor tasa de descarga y menor caída de tensión para VTOL de gran carga y aeronaves con alta diferencia de demanda entre despegue vertical y crucero.",Batería de estado sólido de alto voltaje para UAV FC-BT3 | drone accessories | UAV components | industrial UAV parts,Batería de estado sólido de alto voltaje para UAV FC-BT3,Batería de estado sólido de alto voltaje para UAV FC-BT3 Technical Specifications | Solicitar solución y cotización | Resumen | Especificaciones técnicas | Solicitar solución y cotización | Paginas relacionadas,.next/server/app/es/accessories/fc-bt3.html
/es/accessories/fc-bt4,es,strong,85,Batería de estado sólido de alta energía para UAV FC-BT4,4,true,false,true,true,true,5999,8,0.133,1,6,description 未命中关键词,Batería de estado sólido de alta energía para UAV FC-BT4 | N-TET Drone Accessories,"FC-BT4 es una serie de baterías de estado sólido de 340Wh/kg que combina baja caída de tensión, alta seguridad, larga vida útil y buena relación costo-rendimiento para UAV de reconocimiento, solar, mapeo, seguridad y larga autonomía.",Batería de estado sólido de alta energía para UAV FC-BT4 | drone accessories | UAV components | industrial UAV parts,Batería de estado sólido de alta energía para UAV FC-BT4,Batería de estado sólido de alta energía para UAV FC-BT4 Technical Specifications | Solicitar solución y cotización | Resumen | Especificaciones técnicas | Solicitar solución y cotización | Paginas relacionadas,.next/server/app/es/accessories/fc-bt4.html
/es/accessories/fc-btg,es,strong,85,Batería de estado sólido para formación UAV FC-BTG,4,true,false,true,true,true,3073,8,0.260,1,6,description 未命中关键词,Batería de estado sólido para formación UAV FC-BTG | N-TET Drone Accessories,"FC-BTG es una serie rentable de baterías de estado sólido para formación, logística y operaciones eléctricas, con configuraciones FC-BTG-TG1 y FC-BTG-TG3, salida estable, larga autonomía y adaptación a prácticas de enseñanza.",Batería de estado sólido para formación UAV FC-BTG | drone accessories | UAV components | industrial UAV parts,Batería de estado sólido para formación UAV FC-BTG,Batería de estado sólido para formación UAV FC-BTG Technical Specifications | Solicitar solución y cotización | Resumen | Especificaciones técnicas | Solicitar solución y cotización | Paginas relacionadas,.next/server/app/es/accessories/fc-btg.html
/es/accessories/fc-c2d-propeller,es,strong,85,Hélice UAV FC-C2D,4,true,false,true,true,true,1832,6,0.328,1,6,description 未命中关键词,Hélice UAV FC-C2D | N-TET Drone Accessories,Rango de dimensiones: 11~42 pulgadas; empuje máximo: 12.42kgf (7000RPM); eficiencia máxima de hélice: 11.08gf/W (2821RPM).,Hélice UAV FC-C2D | drone accessories | UAV components | industrial UAV parts,Hélice UAV FC-C2D,Hélice UAV FC-C2D Technical Specifications | Solicitar solución y cotización | Resumen | Especificaciones técnicas | Solicitar solución y cotización | Paginas relacionadas,.next/server/app/es/accessories/fc-c2d-propeller.html
/es/accessories/fc-c2e-propeller,es,strong,85,Hélice UAV FC-C2E,4,true,false,true,true,true,1786,6,0.336,1,6,description 未命中关键词,Hélice UAV FC-C2E | N-TET Drone Accessories,Rango de dimensiones: 8~32 pulgadas; empuje máximo: 10.84kgf (6261RPM); eficiencia máxima de hélice: 10.83gf/W (3442RPM).,Hélice UAV FC-C2E | drone accessories | UAV components | industrial UAV parts,Hélice UAV FC-C2E,Hélice UAV FC-C2E Technical Specifications | Solicitar solución y cotización | Resumen | Especificaciones técnicas | Solicitar solución y cotización | Paginas relacionadas,.next/server/app/es/accessories/fc-c2e-propeller.html
/es/accessories/fc-c2t-propeller,es,strong,85,Hélice UAV FC-C2T,4,true,false,true,true,true,1816,6,0.330,1,6,description 未命中关键词,Hélice UAV FC-C2T | N-TET Drone Accessories,Rango de dimensiones: 14~46 pulgadas; empuje máximo: 24.99kgf (7850RPM); eficiencia máxima de hélice: 8.49gf/W (3036RPM).,Hélice UAV FC-C2T | drone accessories | UAV components | industrial UAV parts,Hélice UAV FC-C2T,Hélice UAV FC-C2T Technical Specifications | Solicitar solución y cotización | Resumen | Especificaciones técnicas | Solicitar solución y cotización | Paginas relacionadas,.next/server/app/es/accessories/fc-c2t-propeller.html
/es/accessories/fc-c2u-propeller,es,strong,85,Hélice UAV FC-C2U,4,true,false,true,true,true,1796,6,0.334,1,6,description 未命中关键词,Hélice UAV FC-C2U | N-TET Drone Accessories,Rango de dimensiones: 16~47 pulgadas; empuje máximo: 38.70kgf (7279RPM); eficiencia máxima de hélice: 12.63gf/W (2309RPM).,Hélice UAV FC-C2U | drone accessories | UAV components | industrial UAV parts,Hélice UAV FC-C2U,Hélice UAV FC-C2U Technical Specifications | Solicitar solución y cotización | Resumen | Especificaciones técnicas | Solicitar solución y cotización | Paginas relacionadas,.next/server/app/es/accessories/fc-c2u-propeller.html
/es/accessories/fc-c2ud-propeller,es,strong,85,Hélice UAV FC-C2UD,4,true,false,true,true,true,1870,6,0.321,1,6,description 未命中关键词,Hélice UAV FC-C2UD | N-TET Drone Accessories,Rango de dimensiones: 18~40 pulgadas; empuje máximo: 37.65kgf (7838RPM); eficiencia máxima de hélice: 6.64gf/W (3720RPM).,Hélice UAV FC-C2UD | drone accessories | UAV components | industrial UAV parts,Hélice UAV FC-C2UD,Hélice UAV FC-C2UD Technical Specifications | Solicitar solución y cotización | Resumen | Especificaciones técnicas | Solicitar solución y cotización | Paginas relacionadas,.next/server/app/es/accessories/fc-c2ud-propeller.html
/es/accessories/fc-fdj-111,es,strong,100,Motor UAV FC-FDJ-111,4,true,true,true,true,true,1578,8,0.507,1,6,,Motor UAV FC-FDJ-111 | N-TET Drone Accessories,"Motor UAV FC-FDJ-111 con cilindrada 111.2cm3, potencia/rendimiento 11.2HP/7500rpm, empuje estático 25.5kg/altitud 100m.",Motor UAV FC-FDJ-111 | drone accessories | UAV components | industrial UAV parts,Motor UAV FC-FDJ-111,Motor UAV FC-FDJ-111 Technical Specifications | Solicitar solución y cotización | Resumen | Especificaciones técnicas | Solicitar solución y cotización | Paginas relacionadas,.next/server/app/es/accessories/fc-fdj-111.html
/es/accessories/fc-fdj-120,es,strong,100,Motor UAV FC-FDJ-120,4,true,true,true,true,true,1558,8,0.513,1,6,,Motor UAV FC-FDJ-120 | N-TET Drone Accessories,"Motor UAV FC-FDJ-120 con cilindrada 120cm3, potencia/rendimiento 12HP/7500rpm, empuje estático 26.5kg/altitud 100m.",Motor UAV FC-FDJ-120 | drone accessories | UAV components | industrial UAV parts,Motor UAV FC-FDJ-120,Motor UAV FC-FDJ-120 Technical Specifications | Solicitar solución y cotización | Resumen | Especificaciones técnicas | Solicitar solución y cotización | Paginas relacionadas,.next/server/app/es/accessories/fc-fdj-120.html
/es/accessories/fc-fdj-120hd,es,strong,100,Motor UAV FC-FDJ-120HD,4,true,true,true,true,true,1552,8,0.515,1,6,,Motor UAV FC-FDJ-120HD | N-TET Drone Accessories,"Motor UAV FC-FDJ-120HD con cilindrada 120cm3, potencia/rendimiento 7.35KW(0altitud)/8000rpm.",Motor UAV FC-FDJ-120HD | drone accessories | UAV components | industrial UAV parts,Motor UAV FC-FDJ-120HD,Motor UAV FC-FDJ-120HD Technical Specifications | Solicitar solución y cotización | Resumen | Especificaciones técnicas | Solicitar solución y cotización | Paginas relacionadas,.next/server/app/es/accessories/fc-fdj-120hd.html
/es/accessories/fc-fdj-170,es,strong,100,Motor UAV FC-FDJ-170,4,true,true,true,true,true,1548,8,0.517,1,6,,Motor UAV FC-FDJ-170 | N-TET Drone Accessories,"Motor UAV FC-FDJ-170 con cilindrada 170cm3, potencia/rendimiento 17.5HP/7500rpm, empuje estático 35kg/altitud 100m.",Motor UAV FC-FDJ-170 | drone accessories | UAV components | industrial UAV parts,Motor UAV FC-FDJ-170,Motor UAV FC-FDJ-170 Technical Specifications | Solicitar solución y cotización | Resumen | Especificaciones técnicas | Solicitar solución y cotización | Paginas relacionadas,.next/server/app/es/accessories/fc-fdj-170.html
/es/accessories/fc-fdj-200,es,strong,100,Motor UAV FC-FDJ-200,4,true,true,true,true,true,1556,8,0.514,1,6,,Motor UAV FC-FDJ-200 | N-TET Drone Accessories,"Motor UAV FC-FDJ-200 con cilindrada 200CC, potencia/rendimiento 20HP/7500rpm.",Motor UAV FC-FDJ-200 | drone accessories | UAV components | industrial UAV parts,Motor UAV FC-FDJ-200,Motor UAV FC-FDJ-200 Technical Specifications | Solicitar solución y cotización | Resumen | Especificaciones técnicas | Solicitar solución y cotización | Paginas relacionadas,.next/server/app/es/accessories/fc-fdj-200.html
/es/accessories/fc-fdj-222,es,strong,100,Motor UAV FC-FDJ-222,4,true,true,true,true,true,1562,8,0.512,1,6,,Motor UAV FC-FDJ-222 | N-TET Drone Accessories,"Motor UAV FC-FDJ-222 con cilindrada 222.5cm3, potencia/rendimiento 21.5HP/7500rpm, empuje estático 51kg/altitud 100m.",Motor UAV FC-FDJ-222 | drone accessories | UAV components | industrial UAV parts,Motor UAV FC-FDJ-222,Motor UAV FC-FDJ-222 Technical Specifications | Solicitar solución y cotización | Resumen | Especificaciones técnicas | Solicitar solución y cotización | Paginas relacionadas,.next/server/app/es/accessories/fc-fdj-222.html
/es/accessories/fc-fdj-430,es,strong,100,Motor UAV FC-FDJ-430,4,true,true,true,true,true,1728,8,0.463,1,6,,Motor UAV FC-FDJ-430 | N-TET Drone Accessories,"Motor UAV FC-FDJ-430 con cilindrada 430.8cc, potencia/rendimiento 42HP at 6800 RPM, empuje estático 110kg.",Motor UAV FC-FDJ-430 | drone accessories | UAV components | industrial UAV parts,Motor UAV FC-FDJ-430,Motor UAV FC-FDJ-430 Technical Specifications | Solicitar solución y cotización | Resumen | Especificaciones técnicas | Solicitar solución y cotización | Paginas relacionadas,.next/server/app/es/accessories/fc-fdj-430.html
/es/accessories/fc-fdj-55,es,strong,100,Motor UAV FC-FDJ-55,4,true,true,true,true,true,1582,8,0.506,1,6,,Motor UAV FC-FDJ-55 | N-TET Drone Accessories,"Motor UAV FC-FDJ-55 con cilindrada 55.6cm3, potencia/rendimiento 5.5HP/8500rpm, empuje estático 14.5kg/altitud 100m.",Motor UAV FC-FDJ-55 | drone accessories | UAV components | industrial UAV parts,Motor UAV FC-FDJ-55,Motor UAV FC-FDJ-55 Technical Specifications | Solicitar solución y cotización | Resumen | Especificaciones técnicas | Solicitar solución y cotización | Paginas relacionadas,.next/server/app/es/accessories/fc-fdj-55.html
/es/accessories/fc-fdj-60,es,strong,100,Motor UAV FC-FDJ-60,4,true,true,true,true,true,1558,8,0.513,1,6,,Motor UAV FC-FDJ-60 | N-TET Drone Accessories,"Motor UAV FC-FDJ-60 con cilindrada 61cm3, potencia/rendimiento 7HP/8500rpm, empuje estático 15.2kg/altitud 100m.",Motor UAV FC-FDJ-60 | drone accessories | UAV components | industrial UAV parts,Motor UAV FC-FDJ-60,Motor UAV FC-FDJ-60 Technical Specifications | Solicitar solución y cotización | Resumen | Especificaciones técnicas | Solicitar solución y cotización | Paginas relacionadas,.next/server/app/es/accessories/fc-fdj-60.html
/es/accessories/fc-fdj-61,es,strong,100,Motor UAV FC-FDJ-61,4,true,true,true,true,true,1556,8,0.514,1,6,,Motor UAV FC-FDJ-61 | N-TET Drone Accessories,"Motor UAV FC-FDJ-61 con cilindrada 60cm3, potencia/rendimiento 6HP/7500rpm, empuje estático 15kg/altitud 100m.",Motor UAV FC-FDJ-61 | drone accessories | UAV components | industrial UAV parts,Motor UAV FC-FDJ-61,Motor UAV FC-FDJ-61 Technical Specifications | Solicitar solución y cotización | Resumen | Especificaciones técnicas | Solicitar solución y cotización | Paginas relacionadas,.next/server/app/es/accessories/fc-fdj-61.html
/es/accessories/fc-fdj-70hd,es,strong,100,Motor UAV FC-FDJ-70HD,4,true,true,true,true,true,1554,8,0.515,1,6,,Motor UAV FC-FDJ-70HD | N-TET Drone Accessories,"Motor UAV FC-FDJ-70HD con cilindrada 70cm3, potencia/rendimiento 4.2KW(0altitud)/8300rpm.",Motor UAV FC-FDJ-70HD | drone accessories | UAV components | industrial UAV parts,Motor UAV FC-FDJ-70HD,Motor UAV FC-FDJ-70HD Technical Specifications | Solicitar solución y cotización | Resumen | Especificaciones técnicas | Solicitar solución y cotización | Paginas relacionadas,.next/server/app/es/accessories/fc-fdj-70hd.html
/es/accessories/fc-fdj-85,es,strong,100,Motor UAV FC-FDJ-85,4,true,true,true,true,true,1556,8,0.514,1,6,,Motor UAV FC-FDJ-85 | N-TET Drone Accessories,"Motor UAV FC-FDJ-85 con cilindrada 85cm3, potencia/rendimiento 8.5HP/9000rpm, empuje estático 21kg/altitud 100m.",Motor UAV FC-FDJ-85 | drone accessories | UAV components | industrial UAV parts,Motor UAV FC-FDJ-85,Motor UAV FC-FDJ-85 Technical Specifications | Solicitar solución y cotización | Resumen | Especificaciones técnicas | Solicitar solución y cotización | Paginas relacionadas,.next/server/app/es/accessories/fc-fdj-85.html
/es/accessories/fc-l10tr-three-light-gimbal,es,strong,100,FC-L10TR gimbal electro-optico,4,true,true,true,true,true,2186,7,0.320,1,6,,FC-L10TR gimbal electro-optico | N-TET Drone Accessories,"FC-L10TR gimbal electro-optico: zoom optico continuo 10x + imagen termica + telemetria laser de 905nm; telemetria laser de 5m-1500m, peso <=800g.",FC-L10TR gimbal electro-optico | drone accessories | UAV components | industrial UAV parts,FC-L10TR gimbal electro-optico,FC-L10TR gimbal electro-optico Technical Specifications | Solicitar solución y cotización | Resumen | Especificaciones técnicas | Solicitar solución y cotización | Paginas relacionadas,.next/server/app/es/accessories/fc-l10tr-three-light-gimbal.html
/es/accessories/fc-l40-smart-optical-pod,es,strong,100,FC-L40 gimbal electro-optico,4,true,true,true,true,true,1974,7,0.355,1,6,,FC-L40 gimbal electro-optico | N-TET Drone Accessories,"FC-L40 gimbal electro-optico: zoom optico de luz visible 40x; peso <=1kg, dimensiones <=Phi115mm x 175mm.",FC-L40 gimbal electro-optico | drone accessories | UAV components | industrial UAV parts,FC-L40 gimbal electro-optico,FC-L40 gimbal electro-optico Technical Specifications | Solicitar solución y cotización | Resumen | Especificaciones técnicas | Solicitar solución y cotización | Paginas relacionadas,.next/server/app/es/accessories/fc-l40-smart-optical-pod.html
/es/accessories/fc-l40t-dual-light-gimbal,es,strong,100,FC-L40T gimbal electro-optico,4,true,true,true,true,true,2114,7,0.331,1,6,,FC-L40T gimbal electro-optico | N-TET Drone Accessories,"FC-L40T gimbal electro-optico: luz visible 1920x1080, rango de zoom 40x de 4.25-170mm; imagen termica 640x512, peso <=1.1kg.",FC-L40T gimbal electro-optico | drone accessories | UAV components | industrial UAV parts,FC-L40T gimbal electro-optico,FC-L40T gimbal electro-optico Technical Specifications | Solicitar solución y cotización | Resumen | Especificaciones técnicas | Solicitar solución y cotización | Paginas relacionadas,.next/server/app/es/accessories/fc-l40t-dual-light-gimbal.html
/es/accessories/fc-l40tr-smart-optical-pod,es,strong,100,FC-L40TR gimbal electro-optico,4,true,true,true,true,true,2180,7,0.321,1,6,,FC-L40TR gimbal electro-optico | N-TET Drone Accessories,"FC-L40TR gimbal electro-optico: luz visible 40x + imagen termica 640x512 + telemetria laser de 1535nm; telemetria laser de 20m-3000m, peso <=1.3kg.",FC-L40TR gimbal electro-optico | drone accessories | UAV components | industrial UAV parts,FC-L40TR gimbal electro-optico,FC-L40TR gimbal electro-optico Technical Specifications | Solicitar solución y cotización | Resumen | Especificaciones técnicas | Solicitar solución y cotización | Paginas relacionadas,.next/server/app/es/accessories/fc-l40tr-smart-optical-pod.html
/es/accessories/fc-l50-smart-optical-pod,es,strong,100,FC-L50 gimbal electro-optico,4,true,true,true,true,true,2002,7,0.350,1,6,,FC-L50 gimbal electro-optico | N-TET Drone Accessories,"FC-L50 gimbal electro-optico: modulo infrarrojo no refrigerado de 1280 x 1024; distancia focal termica de 50mm, peso <=1.5kg.",FC-L50 gimbal electro-optico | drone accessories | UAV components | industrial UAV parts,FC-L50 gimbal electro-optico,FC-L50 gimbal electro-optico Technical Specifications | Solicitar solución y cotización | Resumen | Especificaciones técnicas | Solicitar solución y cotización | Paginas relacionadas,.next/server/app/es/accessories/fc-l50-smart-optical-pod.html
/es/accessories/fc-ln100-dual-light-gimbal,es,strong,100,FC-LN100 gimbal electro-optico,4,true,true,true,true,true,2098,7,0.334,1,6,,FC-LN100 gimbal electro-optico | N-TET Drone Accessories,"FC-LN100 gimbal electro-optico: luz visible 4K de foco fijo + imagen termica 640x512; peso <=260g, consumo medio 10w.",FC-LN100 gimbal electro-optico | drone accessories | UAV components | industrial UAV parts,FC-LN100 gimbal electro-optico,FC-LN100 gimbal electro-optico Technical Specifications | Solicitar solución y cotización | Resumen | Especificaciones técnicas | Solicitar solución y cotización | Paginas relacionadas,.next/server/app/es/accessories/fc-ln100-dual-light-gimbal.html
/es/accessories/fc-ln95-dual-light-gimbal,es,strong,100,FC-LN95 gimbal electro-optico,4,true,true,true,true,true,2218,7,0.316,1,6,,FC-LN95 gimbal electro-optico | N-TET Drone Accessories,"FC-LN95 gimbal electro-optico: camaras duales de luz visible de foco fijo, resolucion 3840x2160; peso <=260g, dimensiones <=Phi64mm x 90mm.",FC-LN95 gimbal electro-optico | drone accessories | UAV components | industrial UAV parts,FC-LN95 gimbal electro-optico,FC-LN95 gimbal electro-optico Technical Specifications | Solicitar solución y cotización | Resumen | Especificaciones técnicas | Solicitar solución y cotización | Paginas relacionadas,.next/server/app/es/accessories/fc-ln95-dual-light-gimbal.html
/es/accessories/fc-max-5330,es,strong,100,Motor UAV FC-MAX 5330,4,true,true,true,true,true,5119,8,0.156,1,6,,Motor UAV FC-MAX 5330 | N-TET Drone Accessories,Motor UAV FC-MAX 5330 parámetros clave: Empuje máximo: 11 kg / 11.5 kg; Tensión nominal de trabajo: 12S; Valor KV: 220 KV / 260 KV.,Motor UAV FC-MAX 5330 | drone accessories | UAV components | industrial UAV parts,Motor UAV FC-MAX 5330,Motor UAV FC-MAX 5330 Technical Specifications | Solicitar solución y cotización | Resumen | Especificaciones técnicas | Solicitar solución y cotización | Paginas relacionadas,.next/server/app/es/accessories/fc-max-5330.html
/es/accessories/fc-mesh-100,es,strong,85,FC-Mesh-100 enlace de datos UAV,4,true,false,true,true,true,2108,6,0.285,1,6,description 未命中关键词,FC-Mesh-100 enlace de datos UAV | N-TET Drone Accessories,"FC-Mesh-100 es una radio aérea de red autoorganizada para comunicación UAV multinodo, retransmisión y coordinación aire-tierra.",FC-Mesh-100 enlace de datos UAV | drone accessories | UAV components | industrial UAV parts,FC-Mesh-100 enlace de datos UAV,FC-Mesh-100 enlace de datos UAV Technical Specifications | Solicitar solución y cotización | Resumen | Especificaciones técnicas | Solicitar solución y cotización | Paginas relacionadas,.next/server/app/es/accessories/fc-mesh-100.html
/es/accessories/fc-mini-l10tr-smart-optical-pod,es,strong,100,FC-MiniL10TR gimbal electro-optico,4,true,true,true,true,true,2154,7,0.325,1,6,,FC-MiniL10TR gimbal electro-optico | N-TET Drone Accessories,"FC-MiniL10TR gimbal electro-optico: luz visible de 48MP con zoom hibrido 10x + infrarrojo + telemetria laser; peso <=400g, dimensiones <=95mm x 97mm x 147mm.",FC-MiniL10TR gimbal electro-optico | drone accessories | UAV components | industrial UAV parts,FC-MiniL10TR gimbal electro-optico,FC-MiniL10TR gimbal electro-optico Technical Specifications | Solicitar solución y cotización | Resumen | Especificaciones técnicas | Solicitar solución y cotización | Paginas relacionadas,.next/server/app/es/accessories/fc-mini-l10tr-smart-optical-pod.html
/es/accessories/fc-pab-propeller,es,strong,85,Hélice UAV FC-PAB,4,true,false,true,true,true,1830,6,0.328,1,6,description 未命中关键词,Hélice UAV FC-PAB | N-TET Drone Accessories,Rango de dimensiones: 15.2~36.2 pulgadas; empuje máximo: 26.41kgf (4817RPM); eficiencia máxima de hélice: 17.52gf/W (1476RPM).,Hélice UAV FC-PAB | drone accessories | UAV components | industrial UAV parts,Hélice UAV FC-PAB,Hélice UAV FC-PAB Technical Specifications | Solicitar solución y cotización | Resumen | Especificaciones técnicas | Solicitar solución y cotización | Paginas relacionadas,.next/server/app/es/accessories/fc-pab-propeller.html
/es/accessories/fc-pad-propeller,es,strong,85,Hélice UAV FC-PAD,4,true,false,true,true,true,1818,6,0.330,1,6,description 未命中关键词,Hélice UAV FC-PAD | N-TET Drone Accessories,Rango de dimensiones: 18.3~46.3 pulgadas; empuje máximo: 25.10kgf (4663RPM); eficiencia máxima de hélice: 13.99gf/W (1825RPM).,Hélice UAV FC-PAD | drone accessories | UAV components | industrial UAV parts,Hélice UAV FC-PAD,Hélice UAV FC-PAD Technical Specifications | Solicitar solución y cotización | Resumen | Especificaciones técnicas | Solicitar solución y cotización | Paginas relacionadas,.next/server/app/es/accessories/fc-pad-propeller.html
/es/accessories/fc-pae-propeller,es,strong,85,Hélice UAV FC-PAE,4,true,false,true,true,true,1812,6,0.331,1,6,description 未命中关键词,Hélice UAV FC-PAE | N-TET Drone Accessories,Rango de dimensiones: 18.3~32.3 pulgadas; empuje máximo: 6.42kgf (6520RPM); eficiencia máxima de hélice: 20.14gf/W (1820RPM).,Hélice UAV FC-PAE | drone accessories | UAV components | industrial UAV parts,Hélice UAV FC-PAE,Hélice UAV FC-PAE Technical Specifications | Solicitar solución y cotización | Resumen | Especificaciones técnicas | Solicitar solución y cotización | Paginas relacionadas,.next/server/app/es/accessories/fc-pae-propeller.html
/es/accessories/fc-pbf-propeller,es,strong,85,Hélice UAV FC-PBF,4,true,false,true,true,true,1756,6,0.342,1,6,description 未命中关键词,Hélice UAV FC-PBF | N-TET Drone Accessories,Rango de dimensiones: 16.1~48.1 pulgadas; empuje máximo: 43.52kgf (3373RPM); eficiencia máxima de hélice: 13.97gf/W (1385RPM).,Hélice UAV FC-PBF | drone accessories | UAV components | industrial UAV parts,Hélice UAV FC-PBF,Hélice UAV FC-PBF Technical Specifications | Solicitar solución y cotización | Resumen | Especificaciones técnicas | Solicitar solución y cotización | Paginas relacionadas,.next/server/app/es/accessories/fc-pbf-propeller.html
/es/accessories/fc-rm10x,es,strong,100,Motor UAV FC-RM10X,4,true,true,true,true,true,2368,8,0.338,1,6,,Motor UAV FC-RM10X | N-TET Drone Accessories,Motor UAV FC-RM10X parámetros clave: Empuje máximo: 12081g/eje @48Vnivel del mar; Peso de despegue recomendado: 4500-6000g/eje @48Vnivel del mar.,Motor UAV FC-RM10X | drone accessories | UAV components | industrial UAV parts,Motor UAV FC-RM10X,Motor UAV FC-RM10X Technical Specifications | Solicitar solución y cotización | Resumen | Especificaciones técnicas | Solicitar solución y cotización | Paginas relacionadas,.next/server/app/es/accessories/fc-rm10x.html
/es/accessories/fc-rm30,es,strong,100,Motor UAV FC-RM30,4,true,true,true,true,true,5818,8,0.138,1,6,,Motor UAV FC-RM30 | N-TET Drone Accessories,Motor UAV FC-RM30 parámetros clave: Empuje máximo: 74.7 kg / 69.6 kg; Tensión nominal de trabajo: 96S / 24S; Valor KV: 10 KV / 43 KV.,Motor UAV FC-RM30 | drone accessories | UAV components | industrial UAV parts,Motor UAV FC-RM30,Motor UAV FC-RM30 Technical Specifications | Solicitar solución y cotización | Resumen | Especificaciones técnicas | Solicitar solución y cotización | Paginas relacionadas,.next/server/app/es/accessories/fc-rm30.html
/es/accessories/fc-sjl-100,es,strong,85,FC-SJL-100 enlace de datos UAV,4,true,false,true,true,true,1978,6,0.303,1,6,description 未命中关键词,FC-SJL-100 enlace de datos UAV | N-TET Drone Accessories,FC-SJL-100 ofrece transmisión aire-tierra de video y datos a 100 km+ con interfaz J30J para UAV y plataformas robóticas.,FC-SJL-100 enlace de datos UAV | drone accessories | UAV components | industrial UAV parts,FC-SJL-100 enlace de datos UAV,FC-SJL-100 enlace de datos UAV Technical Specifications | Solicitar solución y cotización | Resumen | Especificaciones técnicas | Solicitar solución y cotización | Paginas relacionadas,.next/server/app/es/accessories/fc-sjl-100.html
/es/accessories/fc-sjl-200,es,strong,85,FC-SJL-200 enlace de datos UAV,4,true,false,true,true,true,1988,6,0.302,1,6,description 未命中关键词,FC-SJL-200 enlace de datos UAV | N-TET Drone Accessories,"FC-SJL-200 es una radio UAV de video y datos de alcance ultralargo, compatible con transmisión a 200 km+ para video, telemetría y control.",FC-SJL-200 enlace de datos UAV | drone accessories | UAV components | industrial UAV parts,FC-SJL-200 enlace de datos UAV,FC-SJL-200 enlace de datos UAV Technical Specifications | Solicitar solución y cotización | Resumen | Especificaciones técnicas | Solicitar solución y cotización | Paginas relacionadas,.next/server/app/es/accessories/fc-sjl-200.html
/es/accessories/fc-sjl-30,es,strong,85,FC-SJL-30 enlace de datos UAV,4,true,false,true,true,true,2052,6,0.292,1,6,description 未命中关键词,FC-SJL-30 enlace de datos UAV | N-TET Drone Accessories,"FC-SJL-30 es una radio compacta de video y datos para UAV, diseñada para enlaces aire-tierra de video HD, audio, telemetría y control a 30 km+.",FC-SJL-30 enlace de datos UAV | drone accessories | UAV components | industrial UAV parts,FC-SJL-30 enlace de datos UAV,FC-SJL-30 enlace de datos UAV Technical Specifications | Solicitar solución y cotización | Resumen | Especificaciones técnicas | Solicitar solución y cotización | Paginas relacionadas,.next/server/app/es/accessories/fc-sjl-30.html
/es/accessories/fc-sjl-380,es,strong,85,FC-SJL-380 enlace de datos UAV,4,true,false,true,true,true,1986,6,0.302,1,6,description 未命中关键词,FC-SJL-380 enlace de datos UAV | N-TET Drone Accessories,FC-SJL-380 admite transmisión UAV de video y datos a 380 km+ para redes distribuidas y enlaces de control aire-tierra.,FC-SJL-380 enlace de datos UAV | drone accessories | UAV components | industrial UAV parts,FC-SJL-380 enlace de datos UAV,FC-SJL-380 enlace de datos UAV Technical Specifications | Solicitar solución y cotización | Resumen | Especificaciones técnicas | Solicitar solución y cotización | Paginas relacionadas,.next/server/app/es/accessories/fc-sjl-380.html
/es/accessories/fc-sjl-50,es,strong,85,FC-SJL-50 enlace de datos UAV,4,true,false,true,true,true,2020,6,0.297,1,6,description 未命中关键词,FC-SJL-50 enlace de datos UAV | N-TET Drone Accessories,"FC-SJL-50 es una radio ligera de video y datos para UAV, orientada a enlaces de video HD, telemetría y control a 50 km+.",FC-SJL-50 enlace de datos UAV | drone accessories | UAV components | industrial UAV parts,FC-SJL-50 enlace de datos UAV,FC-SJL-50 enlace de datos UAV Technical Specifications | Solicitar solución y cotización | Resumen | Especificaciones técnicas | Solicitar solución y cotización | Paginas relacionadas,.next/server/app/es/accessories/fc-sjl-50.html
/es/accessories/fc-u10-pro,es,strong,85,Controlador de vuelo FC-U10-PRO,4,true,false,true,true,true,1641,6,0.366,1,6,description 未命中关键词,Controlador de vuelo FC-U10-PRO | N-TET Drone Accessories,"El FC-U10-PRO integra RTK de alta precisión, admite alimentación de 16V-120V, plataformas de hasta 16 rotores y respaldo UPS para UAV de gran carga.",Controlador de vuelo FC-U10-PRO | drone accessories | UAV components | industrial UAV parts,Controlador de vuelo FC-U10-PRO,Controlador de vuelo FC-U10-PRO Technical Specifications | Solicitar solución y cotización | Resumen | Especificaciones técnicas | Solicitar solución y cotización | Paginas relacionadas,.next/server/app/es/accessories/fc-u10-pro.html
/es/accessories/fc-u110,es,strong,100,Motor UAV FC-U110,4,true,true,true,true,true,5522,8,0.145,1,6,,Motor UAV FC-U110 | N-TET Drone Accessories,Motor UAV FC-U110 parámetros clave: Empuje máximo: 45.5 kg; Tensión nominal de trabajo: 12-14S; Valor KV: 140 KV.,Motor UAV FC-U110 | drone accessories | UAV components | industrial UAV parts,Motor UAV FC-U110,Motor UAV FC-U110 Technical Specifications | Solicitar solución y cotización | Resumen | Especificaciones técnicas | Solicitar solución y cotización | Paginas relacionadas,.next/server/app/es/accessories/fc-u110.html
/es/accessories/fc-u12,es,strong,85,Controlador de vuelo FC-U12,4,true,false,true,true,true,1597,6,0.376,1,6,description 未命中关键词,Controlador de vuelo FC-U12 | N-TET Drone Accessories,El FC-U12 es un controlador de vuelo compacto y fácil de usar para plataformas UAV pequeñas y medianas con diseño ajustado y canales externos ampliables.,Controlador de vuelo FC-U12 | drone accessories | UAV components | industrial UAV parts,Controlador de vuelo FC-U12,Controlador de vuelo FC-U12 Technical Specifications | Solicitar solución y cotización | Resumen | Especificaciones técnicas | Solicitar solución y cotización | Paginas relacionadas,.next/server/app/es/accessories/fc-u12.html
/es/accessories/fc-u8013,es,strong,100,Motor UAV FC-U8013,4,true,true,true,true,true,2061,8,0.388,1,6,,Motor UAV FC-U8013 | N-TET Drone Accessories,Motor UAV FC-U8013 parámetros clave: Empuje máximo: 14.5 kg / 15 kg / 16.3 kg; Tensión nominal de trabajo: 12S; Valor KV: 135KV / 150KV / 170KV.,Motor UAV FC-U8013 | drone accessories | UAV components | industrial UAV parts,Motor UAV FC-U8013,Motor UAV FC-U8013 Technical Specifications | Solicitar solución y cotización | Resumen | Especificaciones técnicas | Solicitar solución y cotización | Paginas relacionadas,.next/server/app/es/accessories/fc-u8013.html
/es/accessories/fc-u9-ag,es,strong,85,Controlador de vuelo agrícola FC-U9-AG,4,true,false,true,true,true,1698,6,0.353,1,6,description 未命中关键词,Controlador de vuelo agrícola FC-U9-AG | N-TET Drone Accessories,"El FC-U9-AG es un sistema profesional de control de vuelo para UAV agrícolas, adecuado para fumigación, esparcido, limpieza y transporte, con interfaces completas y operación sencilla mediante app.",Controlador de vuelo agrícola FC-U9-AG | drone accessories | UAV components | industrial UAV parts,Controlador de vuelo agrícola FC-U9-AG,Controlador de vuelo agrícola FC-U9-AG Technical Specifications | Solicitar solución y cotización | Resumen | Especificaciones técnicas | Solicitar solución y cotización | Paginas relacionadas,.next/server/app/es/accessories/fc-u9-ag.html
/es/accessories/fc-w2u-propeller,es,strong,85,Hélice UAV FC-W2U,4,true,false,true,true,true,1688,6,0.355,1,6,description 未命中关键词,Hélice UAV FC-W2U | N-TET Drone Accessories,Rango de dimensiones: 24~40 pulgadas; empuje máximo: 68.92kgf (5353RPM); eficiencia máxima de hélice: 7.11gf/W (2354RPM).,Hélice UAV FC-W2U | drone accessories | UAV components | industrial UAV parts,Hélice UAV FC-W2U,Hélice UAV FC-W2U Technical Specifications | Solicitar solución y cotización | Resumen | Especificaciones técnicas | Solicitar solución y cotización | Paginas relacionadas,.next/server/app/es/accessories/fc-w2u-propeller.html
/es/accessories/fc-x8030,es,strong,100,Motor UAV FC-X8030,4,true,true,true,true,true,4664,8,0.172,1,6,,Motor UAV FC-X8030 | N-TET Drone Accessories,Motor UAV FC-X8030 parámetros clave: Empuje máximo: 22.7 kg / 21.5 kg; Tensión nominal de trabajo: 12S; Valor KV: 160 KV / 190 KV.,Motor UAV FC-X8030 | drone accessories | UAV components | industrial UAV parts,Motor UAV FC-X8030,Motor UAV FC-X8030 Technical Specifications | Solicitar solución y cotización | Resumen | Especificaciones técnicas | Solicitar solución y cotización | Paginas relacionadas,.next/server/app/es/accessories/fc-x8030.html
/es/accessories/fc-xh14,es,strong,100,Motor UAV FC-XH14,4,true,true,true,true,true,2764,8,0.289,1,6,,Motor UAV FC-XH14 | N-TET Drone Accessories,Motor UAV FC-XH14 parámetros clave: Empuje máximo: 110 kg/eje（92V/108，nivel del mar）; Batería recomendada: 24-28S （Lipo）.,Motor UAV FC-XH14 | drone accessories | UAV components | industrial UAV parts,Motor UAV FC-XH14,Motor UAV FC-XH14 Technical Specifications | Solicitar solución y cotización | Resumen | Especificaciones técnicas | Solicitar solución y cotización | Paginas relacionadas,.next/server/app/es/accessories/fc-xh14.html
/es/accessories/fc-yk15-remote-controller,es,strong,85,Control remoto para UAV FC-YK15,4,true,false,true,true,true,1916,6,0.313,1,6,description 未命中关键词,Control remoto para UAV FC-YK15 | N-TET Drone Accessories,"El FC-YK15 es una estación terrestre portátil compacta con transmisión HD de baja latencia tres en uno, integración Android y doble enlace de vídeo 1080P para UAV, vehículos no tripulados, embarcaciones no tripuladas y plataformas robóticas",Control remoto para UAV FC-YK15 | drone accessories | UAV components | industrial UAV parts,Control remoto para UAV FC-YK15,Control remoto para UAV FC-YK15 Technical Specifications | Solicitar solución y cotización | Resumen | Especificaciones técnicas | Solicitar solución y cotización | Paginas relacionadas,.next/server/app/es/accessories/fc-yk15-remote-controller.html
/es/accessories/fc-yk24-remote-controller,es,strong,85,Control remoto para UAV FC-YK24,4,true,false,true,true,true,2174,6,0.276,1,6,description 未命中关键词,Control remoto para UAV FC-YK24 | N-TET Drone Accessories,"El FC-YK24 es un control remoto de aeromodelismo de 16 canales con control estable BVR de 15 km, enlace inalámbrico, configuración inalámbrica del receptor, actualización OTA, control de múltiples equipos, retransmisión de control y modo en",Control remoto para UAV FC-YK24 | drone accessories | UAV components | industrial UAV parts,Control remoto para UAV FC-YK24,Control remoto para UAV FC-YK24 Technical Specifications | Solicitar solución y cotización | Resumen | Especificaciones técnicas | Solicitar solución y cotización | Paginas relacionadas,.next/server/app/es/accessories/fc-yk24-remote-controller.html
/es/accessories/fc-yk32-remote-controller,es,strong,85,Control remoto para UAV FC-YK32,4,true,false,true,true,true,1928,6,0.311,1,6,description 未命中关键词,Control remoto para UAV FC-YK32 | N-TET Drone Accessories,"El FC-YK32 es una estación terrestre portátil industrial que integra control remoto, transmisión de datos y transmisión inalámbrica HD, con alcance de enlace de 15KM, control doble, retransmisión y visualización de telemetría OSD.",Control remoto para UAV FC-YK32 | drone accessories | UAV components | industrial UAV parts,Control remoto para UAV FC-YK32,Control remoto para UAV FC-YK32 Technical Specifications | Solicitar solución y cotización | Resumen | Especificaciones técnicas | Solicitar solución y cotización | Paginas relacionadas,.next/server/app/es/accessories/fc-yk32-remote-controller.html
/es/accessories/fc-ykrc7-remote-controller,es,strong,85,Control remoto para UAV FC-YKRC7,4,true,false,true,true,true,2414,6,0.249,1,6,description 未命中关键词,Control remoto para UAV FC-YKRC7 | N-TET Drone Accessories,"El FC-YKRC7 es una estación terrestre portátil de alto rendimiento con transmisión de vídeo de 40KM, enlace dual inteligente 2.4G/5G y pantalla HD de 7 pulgadas de alto brillo para control de equipos móviles industriales.",Control remoto para UAV FC-YKRC7 | drone accessories | UAV components | industrial UAV parts,Control remoto para UAV FC-YKRC7,Control remoto para UAV FC-YKRC7 Technical Specifications | Solicitar solución y cotización | Resumen | Especificaciones técnicas | Solicitar solución y cotización | Paginas relacionadas,.next/server/app/es/accessories/fc-ykrc7-remote-controller.html
/es/cases,es,strong,85,casos UAV,4,false,true,true,true,true,1448,9,0.622,1,3,title 未命中关键词,Casos de despliegue UAV | N-TET,"Referencias de despliegue para inspección UAV, patrullaje, apoyo de emergencia y monitoreo de baja altitud.",casos UAV | patrullaje UAV | monitoreo de baja altitud | inspección UAV,Casos UAV de inspección y monitoreo,Casos UAV por región y escenario | Solicitar solución y cotización | Solicitar solución y cotización,.next/server/app/es/cases.html
/es/cases/anhui-flood-season-uav-patrol,es,strong,100,Anhui Flood-Season emergencia UAV patrullaje,2,true,true,true,true,true,1362,11,0.808,1,7,,Anhui Flood-Season emergencia UAV patrullaje | N-TET,"Anhui Flood-Season emergencia UAV patrullaje de N-TET para inspección, respuesta de emergencia, patrullaje, con integración práctica, registros operativos y soporte de despliegue para equipos técnicos.",Anhui Flood-Season emergencia UAV patrullaje | N-TET,Anhui Flood-Season emergencia UAV patrullaje,Anhui Flood-Season emergencia UAV patrullaje Project Overview | Equipos relacionados | Solicitar solución y cotización | Resumen | Equipos relacionados | Solicitar solución y cotización | Paginas relacionadas,.next/server/app/es/cases/anhui-flood-season-uav-patrol.html
/es/cases/brazil-refinery-low-altitude-monitoring,es,strong,100,Espacio aéreo monitoreo Case of a Refinery in Brazil,2,true,true,true,true,true,1410,11,0.780,1,7,,Espacio aéreo monitoreo Case of a Refinery in Brazil | N-TET,"Espacio aéreo monitoreo Case of a Refinery in Brazil de N-TET para monitoreo, respuesta de emergencia, seguridad de sitio, con integración práctica, registros operativos y soporte de despliegue para equipos técnicos.",Espacio aéreo monitoreo Case of a Refinery in Brazil | N-TET,Espacio aéreo monitoreo Case of a Refinery in Brazil,Espacio aéreo monitoreo Case of a Refinery in Brazil Project Overview | Equipos relacionados | Solicitar solución y cotización | Resumen | Equipos relacionados | Solicitar solución y cotización | Paginas relacionadas,.next/server/app/es/cases/brazil-refinery-low-altitude-monitoring.html
/es/cases/ice-snow-emergency-uav-inspection,es,strong,100,Ice and Snow Disaster emergencia UAV inspección,2,true,true,true,true,true,1378,11,0.798,1,7,,Ice and Snow Disaster emergencia UAV inspección | N-TET,"Ice and Snow Disaster emergencia UAV inspección de N-TET para inspección, respuesta de emergencia, operaciones UAV, con integración práctica, registros operativos y soporte de despliegue para equipos técnicos.",Ice and Snow Disaster emergencia UAV inspección | N-TET,Ice and Snow Disaster emergencia UAV inspección,Ice and Snow Disaster emergencia UAV inspección Project Overview | Equipos relacionados | Solicitar solución y cotización | Resumen | Equipos relacionados | Solicitar solución y cotización | Paginas relacionadas,.next/server/app/es/cases/ice-snow-emergency-uav-inspection.html
/es/cases/lidar-tree-obstruction-uav-inspection,es,strong,100,LiDAR Tree-Obstruction UAV inspección,2,true,true,true,true,true,1351,11,0.814,1,7,,LiDAR Tree-Obstruction UAV inspección | N-TET,"LiDAR Tree-Obstruction UAV inspección de N-TET para inspección, operaciones UAV, con integración práctica, registros operativos y soporte de despliegue para equipos técnicos.",LiDAR Tree-Obstruction UAV inspección | N-TET,LiDAR Tree-Obstruction UAV inspección,LiDAR Tree-Obstruction UAV inspección Project Overview | Equipos relacionados | Solicitar solución y cotización | Resumen | Equipos relacionados | Solicitar solución y cotización | Paginas relacionadas,.next/server/app/es/cases/lidar-tree-obstruction-uav-inspection.html
/es/cases/nigeria-factory-low-altitude-monitoring,es,strong,100,Espacio aéreo monitoreo Case of a Group Factory in Nigeria,2,true,true,true,true,true,1415,11,0.777,1,7,,Espacio aéreo monitoreo Case of a Group Factory in Nigeria | N-TET,"Espacio aéreo monitoreo Case of a Group Factory in Nigeria de N-TET para monitoreo, seguridad de sitio, operaciones UAV, con integración práctica, registros operativos y soporte de despliegue para equipos técnicos.",Espacio aéreo monitoreo Case of a Group Factory in Nigeria | N-TET,Espacio aéreo monitoreo Case of a Group Factory in Nigeria,Espacio aéreo monitoreo Case of a Group Factory in Nigeria Project Overview | Equipos relacionados | Solicitar solución y cotización | Resumen | Equipos relacionados | Solicitar solución y cotización | Paginas relacionadas,.next/server/app/es/cases/nigeria-factory-low-altitude-monitoring.html
/es/cases/pakistan-power-plant-low-altitude-monitoring,es,strong,100,Espacio aéreo monitoreo Case of a eléctrica Plant in Pakistan,2,true,true,true,true,true,1417,11,0.776,1,7,,Espacio aéreo monitoreo Case of a eléctrica Plant in Pakistan | N-TET,"Espacio aéreo monitoreo Case of a eléctrica Plant in Pakistan de N-TET para monitoreo, seguridad de sitio, operaciones UAV, con integración práctica, registros operativos y soporte de despliegue para equipos técnicos.",Espacio aéreo monitoreo Case of a eléctrica Plant in Pakistan | N-TET,Espacio aéreo monitoreo Case of a eléctrica Plant in Pakistan,Espacio aéreo monitoreo Case of a eléctrica Plant in Pakistan Project Overview | Equipos relacionados | Solicitar solución y cotización | Resumen | Equipos relacionados | Solicitar solución y cotización | Paginas relacionadas,.next/server/app/es/cases/pakistan-power-plant-low-altitude-monitoring.html
/es/cases/southern-grid-wildfire-uav-inspection,es,strong,100,Southern red eléctrica Wildfire Prevention UAV inspección,2,true,true,true,true,true,1376,11,0.799,1,7,,Southern red eléctrica Wildfire Prevention UAV inspección | N-TET,"Southern red eléctrica Wildfire Prevention UAV inspección de N-TET para inspección, operaciones UAV, infraestructura eléctrica, con integración práctica, registros operativos y soporte de despliegue para equipos técnicos.",Southern red eléctrica Wildfire Prevention UAV inspección | N-TET,Southern red eléctrica Wildfire Prevention UAV inspección,Southern red eléctrica Wildfire Prevention UAV inspección Project Overview | Equipos relacionados | Solicitar solución y cotización | Resumen | Equipos relacionados | Solicitar solución y cotización | Paginas relacionadas,.next/server/app/es/cases/southern-grid-wildfire-uav-inspection.html
/es/cases/wildfire-emergency-transmission-line-uav-patrol,es,strong,100,Wildfire emergencia Transmission-línea UAV patrullaje,2,true,true,true,true,true,1362,11,0.808,1,7,,Wildfire emergencia Transmission-línea UAV patrullaje | N-TET,"Wildfire emergencia Transmission-línea UAV patrullaje de N-TET para inspección, respuesta de emergencia, patrullaje, con integración práctica, registros operativos y soporte de despliegue para equipos técnicos.",Wildfire emergencia Transmission-línea UAV patrullaje | N-TET,Wildfire emergencia Transmission-línea UAV patrullaje,Wildfire emergencia Transmission-línea UAV patrullaje Project Overview | Equipos relacionados | Solicitar solución y cotización | Resumen | Equipos relacionados | Solicitar solución y cotización | Paginas relacionadas,.next/server/app/es/cases/wildfire-emergency-transmission-line-uav-patrol.html
/es/cases/zhaoqing-long-distance-power-line-uav-inspection,es,strong,100,Zhaoqing Long-Distance eléctrica-línea UAV inspección,2,true,true,true,true,true,1362,11,0.808,1,7,,Zhaoqing Long-Distance eléctrica-línea UAV inspección | N-TET,"Zhaoqing Long-Distance eléctrica-línea UAV inspección de N-TET para inspección, operaciones UAV, infraestructura eléctrica, con integración práctica, registros operativos y soporte de despliegue para equipos técnicos.",Zhaoqing Long-Distance eléctrica-línea UAV inspección | N-TET,Zhaoqing Long-Distance eléctrica-línea UAV inspección,Zhaoqing Long-Distance eléctrica-línea UAV inspección Project Overview | Equipos relacionados | Solicitar solución y cotización | Resumen | Equipos relacionados | Solicitar solución y cotización | Paginas relacionadas,.next/server/app/es/cases/zhaoqing-long-distance-power-line-uav-inspection.html
/es/contact,es,strong,85,cotización UAV industrial,4,false,true,true,true,true,1362,6,0.441,1,3,title 未命中关键词,Contacto N-TET | Sistemas UAV industriales y monitoreo,"Contacte a N-TET para sistemas UAV industriales, drones de emergencia, UAV de inspección, monitoreo de baja altitud y soluciones de seguridad.",cotización UAV industrial | proveedor UAV | solución de inspección con drones | monitoreo de baja altitud,Cotización UAV industrial,Cotización UAV industrial y consulta de proyecto | Solicitar solución y cotización | Solicitar solución y cotización,.next/server/app/es/contact.html
/es/media,es,strong,85,noticias UAV industriales,4,false,true,true,true,true,1468,11,0.749,1,4,title 未命中关键词,Noticias sobre UAV industriales y monitoreo de baja altitud | N-TET,"Lea perspectivas de N-TET sobre operaciones UAV industriales, economía de baja altitud, UAV cautivos, redundancia e infraestructura.",noticias UAV industriales | economía de baja altitud | UAV cautivo | monitoreo de infraestructura,Noticias UAV industriales,Noticias UAV industriales y economía de baja altitud | Último | Solicitar solución y cotización | Solicitar solución y cotización,.next/server/app/es/media.html
/es/media/border-surveillance-uav-network-2026,es,strong,85,UAV and EO/IR Networks Improve remoto patrullaje Visibility,2,true,true,true,false,true,1603,17,1.061,1,5,H2 未命中关键词,UAV and EO/IR Networks Improve remoto patrullaje Visibility | N-TET,"UAV and EO/IR Networks Improve remoto patrullaje Visibility analiza tendencias y prácticas para operaciones UAV industriales, monitoreo de baja altitud e infraestructura. Contexto operativo El enfoque de N-TET prioriza despliegues verificab",UAV and EO/IR Networks Improve remoto patrullaje Visibility | N-TET,UAV and EO/IR Networks Improve remoto patrullaje Visibility,Revision editorial y senales de proyecto | Solicitar solución y cotización | Revision editorial y senales de proyecto | Solicitar solución y cotización | Paginas relacionadas,.next/server/app/es/media/border-surveillance-uav-network-2026.html
/es/media/industrial-uav-redundancy-2026,es,strong,85,Dual-Redundant vuelo Control: How industrial UAV Achieve Mission-Grade Reliability,2,true,true,true,false,true,1599,16,1.001,1,5,H2 未命中关键词,Dual-Redundant vuelo Control: How industrial UAV Achieve Mission-Grade Reliability | N-TET,"Dual-Redundant vuelo Control: How industrial UAV Achieve Mission-Grade Reliability analiza tendencias y prácticas para operaciones UAV industriales, monitoreo de baja altitud e infraestructura. Contexto operativo El enfoque de N-TET prioriz",Dual-Redundant vuelo Control: How industrial UAV Achieve Mission-Grade Reliability | N-TET,Dual-Redundant vuelo Control: How industrial UAV Achieve Mission-Grade Reliability,Revision editorial y senales de proyecto | Solicitar solución y cotización | Revision editorial y senales de proyecto | Solicitar solución y cotización | Paginas relacionadas,.next/server/app/es/media/industrial-uav-redundancy-2026.html
/es/media/low-altitude-economy-2026-outlook,es,strong,85,China's baja altitud Economy: 2026 Outlook on a Two-Trillion-RMB Trajectory,2,true,true,true,false,true,1609,16,0.994,1,5,H2 未命中关键词,China's baja altitud Economy: 2026 Outlook on a Two-Trillion-RMB Trajectory | N-TET,"China's baja altitud Economy: 2026 Outlook on a Two-Trillion-RMB Trajectory analiza tendencias y prácticas para operaciones UAV industriales, monitoreo de baja altitud e infraestructura. Contexto operativo El enfoque de N-TET prioriza despl",China's baja altitud Economy: 2026 Outlook on a Two-Trillion-RMB Trajectory | N-TET,China's baja altitud Economy: 2026 Outlook on a Two-Trillion-RMB Trajectory,Revision editorial y senales de proyecto | Solicitar solución y cotización | Revision editorial y senales de proyecto | Solicitar solución y cotización | Paginas relacionadas,.next/server/app/es/media/low-altitude-economy-2026-outlook.html
/es/media/power-line-inspection-drone-guide-2026,es,strong,85,Power Line Inspection Drone: UAV Workflows for Utility Corridors and Transmission Towers,2,true,false,true,true,true,4569,23,0.503,1,23,description 未命中关键词,Power Line Inspection Drone: UAV Workflows for Utility Corridors and Transmission Towers | N-TET,"Power line inspection drones are becoming practical tools for utilities that need repeatable evidence from long transmission corridors, towers, conductors, insulators, fittings, and substation equipment. A drone does not replace engineering",Power Line Inspection Drone: UAV Workflows for Utility Corridors and Transmission Towers | N-TET,Power Line Inspection Drone: UAV Workflows for Utility Corridors and Transmission Towers,"Revision editorial y senales de proyecto | What is a power line inspection drone? | Why utilities use drones for power line inspection | Power line drone inspection workflow | Which UAV platform fits each inspection task? | Payload selection: visible-light, thermal infrared, and LiDAR | What should a utility inspection report include? | N-TET system fit: corridor, tower, and substation inspection | Deployment checklist before procurement | FAQ | Solicitar solución y cotización | Revision editorial y senales de proyecto | What is a power line inspection drone? | Why utilities use drones for power line inspection | Power line drone inspection workflow | Which UAV platform fits each inspection task? | Payload selection: visible-light, thermal infrared, and LiDAR | What should a utility inspection report include? | N-TET system fit: corridor, tower, and substation inspection | Deployment checklist before procurement | FAQ | Solicitar solución y cotización | Paginas relacionadas",.next/server/app/es/media/power-line-inspection-drone-guide-2026.html
/es/media/tethered-uav-persistent-surveillance-2026,es,strong,85,Cautivo UAV: Continuous Aerial monitoreo for Events and remoto Sites,2,true,true,true,false,true,1611,17,1.055,1,5,H2 未命中关键词,Cautivo UAV: Continuous Aerial monitoreo for Events and remoto Sites | N-TET,"Cautivo UAV: Continuous Aerial monitoreo for Events and remoto Sites analiza tendencias y prácticas para operaciones UAV industriales, monitoreo de baja altitud e infraestructura. Contexto operativo El enfoque de N-TET prioriza despliegues",Cautivo UAV: Continuous Aerial monitoreo for Events and remoto Sites | N-TET,Cautivo UAV: Continuous Aerial monitoreo for Events and remoto Sites,Revision editorial y senales de proyecto | Solicitar solución y cotización | Revision editorial y senales de proyecto | Solicitar solución y cotización | Paginas relacionadas,.next/server/app/es/media/tethered-uav-persistent-surveillance-2026.html
/es/products,es,strong,100,sistemas UAV industriales,5,true,true,true,true,true,1523,12,0.788,1,4,,Sistemas UAV industriales y equipos de monitoreo | Productos N-TET,"Explore UAV industriales, drones cautivos de emergencia, UAV de inspección, equipos de monitoreo de baja altitud y sistemas de inspección de seguridad de N-TET.",sistemas UAV industriales | dron de inspección | UAV cautivo | dron de emergencia | equipos de monitoreo de baja altitud,Sistemas UAV industriales y equipos de monitoreo,"Sistemas UAV industriales, equipos de monitoreo y ajuste al proyecto | Sistemas UAV y drones | Preguntas frecuentes de selección de productos | Solicitar solución y cotización",.next/server/app/es/products.html
/es/products/bailey-bridge,es,strong,100,Bailey Steel Bridge Overview,5,true,true,true,true,true,1618,28,1.731,1,6,,Bailey Steel Bridge Overview | N-TET,"N-TET Bailey Steel Bridge Overview: solucion industrial para inspeccion, monitoreo y operaciones de campo con soporte tecnico del proyecto.",Bailey Steel Bridge Overview | engineering materials | Bailey steel bridge | infrastructure support equipment | N-TET,Bailey Steel Bridge Overview,Bailey Steel Bridge Overview Technical Specifications | Solicitar solución y cotización | Resumen | Especificaciones técnicas | Solicitar solución y cotización | Paginas relacionadas,.next/server/app/es/products/bailey-bridge.html
/es/products/composite-electro-optical-tracking-system,es,strong,100,Electro-Optical EO seguimiento sistema,5,true,true,true,true,true,1686,9,0.534,1,6,,Electro-Optical (EO) seguimiento sistema | N-TET,"N-TET Electro-Optical (EO) seguimiento sistema: solucion industrial para inspeccion, monitoreo y operaciones de campo con soporte tecnico del proyecto.",Electro-Optical EO seguimiento sistema | low altitude monitoring equipment | drone detection equipment | airspace monitoring system | N-TET,Electro-Optical EO seguimiento sistema,Electro-Optical EO seguimiento sistema Technical Specifications | Solicitar solución y cotización | Resumen | Especificaciones técnicas | Solicitar solución y cotización | Paginas relacionadas,.next/server/app/es/products/composite-electro-optical-tracking-system.html
/es/products/containerized-medical-rescue-system,es,strong,100,Containerized Medical rescate sistema,5,true,true,true,true,true,1608,17,1.057,1,6,,Containerized Medical rescate sistema | N-TET,"N-TET Containerized Medical rescate sistema: solucion industrial para inspeccion, monitoreo y operaciones de campo con soporte tecnico del proyecto.",Containerized Medical rescate sistema | field hospital system | containerized medical rescue system | emergency medical shelter | N-TET,Containerized Medical rescate sistema,Containerized Medical rescate sistema Technical Specifications | Solicitar solución y cotización | Resumen | Especificaciones técnicas | Solicitar solución y cotización | Paginas relacionadas,.next/server/app/es/products/containerized-medical-rescue-system.html
/es/products/emergency-search-rescue-drone,es,strong,100,thermal drones for search and rescue,8,true,true,true,true,true,1632,11,0.674,1,6,,Emergencia búsqueda & rescate dron | N-TET,"N-TET Emergencia búsqueda & rescate dron: solucion industrial para inspeccion, monitoreo y operaciones de campo con soporte tecnico del proyecto.",thermal drones for search and rescue | search and rescue drone | search and rescue UAV | drone rescue | Emergencia búsqueda & rescate dron | industrial UAV systems | UAV inspection drone | emergency response UAV,Emergencia búsqueda & rescate dron,Emergencia búsqueda & rescate dron Technical Specifications | Solicitar solución y cotización | Resumen | Especificaciones técnicas | Solicitar solución y cotización | Paginas relacionadas,.next/server/app/es/products/emergency-search-rescue-drone.html
/es/products/fbg-g15-fc06-explosion-containment-vessel,es,strong,100,Explosion Containment Vessel FBG-G1.5-FC06,5,true,true,true,true,true,1637,17,1.038,1,6,,Explosion Containment Vessel FBG-G1.5-FC06 | N-TET,"N-TET Explosion Containment Vessel FBG-G1.5-FC06: solucion industrial para inspeccion, monitoreo y operaciones de campo con soporte tecnico del proyecto.",Explosion Containment Vessel FBG-G1.5-FC06 | security screening equipment | X-ray baggage scanner | walk-through metal detector | N-TET,Explosion Containment Vessel FBG-G1.5-FC06,Explosion Containment Vessel FBG-G1.5-FC06 Technical Specifications | Solicitar solución y cotización | Resumen | Especificaciones técnicas | Solicitar solución y cotización | Paginas relacionadas,.next/server/app/es/products/fbg-g15-fc06-explosion-containment-vessel.html
/es/products/fbt-fc09-explosion-protection-blanket,es,strong,100,Explosion Protection Blanket FBT-FC09,5,true,true,true,true,true,1636,17,1.039,1,6,,Explosion Protection Blanket FBT-FC09 | N-TET,"N-TET Explosion Protection Blanket FBT-FC09: solucion industrial para inspeccion, monitoreo y operaciones de campo con soporte tecnico del proyecto.",Explosion Protection Blanket FBT-FC09 | security screening equipment | X-ray baggage scanner | walk-through metal detector | N-TET,Explosion Protection Blanket FBT-FC09,Explosion Protection Blanket FBT-FC09 Technical Specifications | Solicitar solución y cotización | Resumen | Especificaciones técnicas | Solicitar solución y cotización | Paginas relacionadas,.next/server/app/es/products/fbt-fc09-explosion-protection-blanket.html
/es/products/fc-3000-ferromagnetic-detection-column,es,strong,100,Intelligent Ferromagnetic detección sistema FC-3000,5,true,true,true,true,true,1769,17,0.961,1,6,,Intelligent Ferromagnetic detección sistema FC-3000 | N-TET,"N-TET Intelligent Ferromagnetic detección sistema FC-3000: solucion industrial para inspeccion, monitoreo y operaciones de campo con soporte tecnico del proyecto.",Intelligent Ferromagnetic detección sistema FC-3000 | security screening equipment | X-ray baggage scanner | walk-through metal detector | N-TET,Intelligent Ferromagnetic detección sistema FC-3000,Intelligent Ferromagnetic detección sistema FC-3000 Technical Specifications | Solicitar solución y cotización | Resumen | Especificaciones técnicas | Solicitar solución y cotización | Paginas relacionadas,.next/server/app/es/products/fc-3000-ferromagnetic-detection-column.html
/es/products/fc-c-deluxe-walk-through-metal-detector,es,strong,100,Walk-Through Metal Detector FC-C Deluxe,5,true,true,true,true,true,1719,20,1.163,1,6,,Walk-Through Metal Detector FC-C (Deluxe) | N-TET,"N-TET Walk-Through Metal Detector FC-C (Deluxe): solucion industrial para inspeccion, monitoreo y operaciones de campo con soporte tecnico del proyecto.",Walk-Through Metal Detector FC-C Deluxe | security screening equipment | X-ray baggage scanner | walk-through metal detector | N-TET,Walk-Through Metal Detector FC-C Deluxe,Walk-Through Metal Detector FC-C Deluxe Technical Specifications | Solicitar solución y cotización | Resumen | Especificaciones técnicas | Solicitar solución y cotización | Paginas relacionadas,.next/server/app/es/products/fc-c-deluxe-walk-through-metal-detector.html
/es/products/fc-c-lcd-walk-through-metal-detector,es,strong,100,Walk-Through Metal Detector FC-C LCD,6,true,true,true,true,true,1736,31,1.786,1,6,,"Walk-Through Metal Detector FC-C (LCD, 12-Zone) | N-TET","N-TET Walk-Through Metal Detector FC-C (LCD, 12-Zone): solucion industrial para inspeccion, monitoreo y operaciones de campo con soporte tecnico del proyecto.",Walk-Through Metal Detector FC-C LCD | 12-Zone | security screening equipment | X-ray baggage scanner | walk-through metal detector | N-TET,"Walk-Through Metal Detector FC-C LCD, 12-Zone","Walk-Through Metal Detector FC-C LCD, 12-Zone Technical Specifications | Solicitar solución y cotización | Resumen | Especificaciones técnicas | Solicitar solución y cotización | Paginas relacionadas",.next/server/app/es/products/fc-c-lcd-walk-through-metal-detector.html
/es/products/fc-dlxj-01-power-grid-inspection-drone,es,strong,100,drone power line inspection,8,true,true,true,true,true,1653,11,0.665,1,6,,Eléctrica red eléctrica inspección dron | N-TET,"N-TET Eléctrica red eléctrica inspección dron: solucion industrial para inspeccion, monitoreo y operaciones de campo con soporte tecnico del proyecto.",drone power line inspection | power line inspection drone | UAV power line inspection | utility inspection drone | Eléctrica red eléctrica inspección dron | industrial UAV systems | UAV inspection drone | emergency response UAV,Eléctrica red eléctrica inspección dron,Eléctrica red eléctrica inspección dron Technical Specifications | Solicitar solución y cotización | Resumen | Especificaciones técnicas | Solicitar solución y cotización | Paginas relacionadas,.next/server/app/es/products/fc-dlxj-01-power-grid-inspection-drone.html
/es/products/fc-dma-long-range-optical-turntable,es,strong,100,FC-DMA Multi-Spectral EO/IR PTZ Turret,5,true,true,true,true,true,2406,17,0.707,1,6,,FC-DMA Multi-Spectral EO/IR PTZ Turret | N-TET,"N-TET FC-DMA Multi-Spectral EO/IR PTZ Turret: solucion industrial para inspeccion, monitoreo y operaciones de campo con soporte tecnico del proyecto.",FC-DMA Multi-Spectral EO/IR PTZ Turret | perimeter intelligence | electro optical surveillance | radar vision fusion system | N-TET,FC-DMA Multi-Spectral EO/IR PTZ Turret,FC-DMA Multi-Spectral EO/IR PTZ Turret Technical Specifications | Solicitar solución y cotización | Resumen | Especificaciones técnicas | Solicitar solución y cotización | Paginas relacionadas,.next/server/app/es/products/fc-dma-long-range-optical-turntable.html
/es/products/fc-dms10-smart-electronic-sentinel,es,strong,100,FC-DMS10 Series Smart Electronic Sentinel,5,true,true,true,true,true,2003,17,0.849,1,6,,FC-DMS10 Series Smart Electronic Sentinel | N-TET,"N-TET FC-DMS10 Series Smart Electronic Sentinel: solucion industrial para inspeccion, monitoreo y operaciones de campo con soporte tecnico del proyecto.",FC-DMS10 Series Smart Electronic Sentinel | perimeter intelligence | electro optical surveillance | radar vision fusion system | N-TET,FC-DMS10 Series Smart Electronic Sentinel,FC-DMS10 Series Smart Electronic Sentinel Technical Specifications | Solicitar solución y cotización | Resumen | Especificaciones técnicas | Solicitar solución y cotización | Paginas relacionadas,.next/server/app/es/products/fc-dms10-smart-electronic-sentinel.html
/es/products/fc-dtvc-dual-band-thermal-ptz,es,strong,100,FC-DTVC Series Dual-Band Thermal High-Speed Dome,5,true,true,true,true,true,2184,17,0.778,1,6,,FC-DTVC Series Dual-Band Thermal High-Speed Dome | N-TET,"N-TET FC-DTVC Series Dual-Band Thermal High-Speed Dome: solucion industrial para inspeccion, monitoreo y operaciones de campo con soporte tecnico del proyecto.",FC-DTVC Series Dual-Band Thermal High-Speed Dome | perimeter intelligence | electro optical surveillance | radar vision fusion system | N-TET,FC-DTVC Series Dual-Band Thermal High-Speed Dome,FC-DTVC Series Dual-Band Thermal High-Speed Dome Technical Specifications | Solicitar solución y cotización | Resumen | Especificaciones técnicas | Solicitar solución y cotización | Paginas relacionadas,.next/server/app/es/products/fc-dtvc-dual-band-thermal-ptz.html
/es/products/fc-h-smart-phone-detection-gate,es,strong,100,Smart Phone detección Gate FC-H,5,true,true,true,true,true,2023,17,0.840,1,6,,Smart Phone detección Gate FC-H | N-TET,"N-TET Smart Phone detección Gate FC-H: solucion industrial para inspeccion, monitoreo y operaciones de campo con soporte tecnico del proyecto.",Smart Phone detección Gate FC-H | security screening equipment | X-ray baggage scanner | walk-through metal detector | N-TET,Smart Phone detección Gate FC-H,Smart Phone detección Gate FC-H Technical Specifications | Solicitar solución y cotización | Resumen | Especificaciones técnicas | Solicitar solución y cotización | Paginas relacionadas,.next/server/app/es/products/fc-h-smart-phone-detection-gate.html
/es/products/fc-h-smart-phone-detection-gate-29in,es,strong,100,Smart Phone detección Gate FC-H 29-inch Display,5,true,true,true,true,true,1791,9,0.503,1,6,,Smart Phone detección Gate FC-H (29-inch Display) | N-TET,"N-TET Smart Phone detección Gate FC-H (29-inch Display): solucion industrial para inspeccion, monitoreo y operaciones de campo con soporte tecnico del proyecto.",Smart Phone detección Gate FC-H 29-inch Display | security screening equipment | X-ray baggage scanner | walk-through metal detector | N-TET,Smart Phone detección Gate FC-H 29-inch Display,Smart Phone detección Gate FC-H 29-inch Display Technical Specifications | Solicitar solución y cotización | Resumen | Especificaciones técnicas | Solicitar solución y cotización | Paginas relacionadas,.next/server/app/es/products/fc-h-smart-phone-detection-gate-29in.html
/es/products/fc-pd500-personal-radiation-dose-alarm,es,strong,100,FC-PD500 X-γ Personal Radiation Dose Alarm,5,true,true,true,true,true,1820,17,0.934,1,6,,FC-PD500 X-γ Personal Radiation Dose Alarm | N-TET,"N-TET FC-PD500 X-γ Personal Radiation Dose Alarm: solucion industrial para inspeccion, monitoreo y operaciones de campo con soporte tecnico del proyecto.",FC-PD500 X-γ Personal Radiation Dose Alarm | security screening equipment | X-ray baggage scanner | walk-through metal detector | N-TET,FC-PD500 X-γ Personal Radiation Dose Alarm,FC-PD500 X-γ Personal Radiation Dose Alarm Technical Specifications | Solicitar solución y cotización | Resumen | Especificaciones técnicas | Solicitar solución y cotización | Paginas relacionadas,.next/server/app/es/products/fc-pd500-personal-radiation-dose-alarm.html
/es/products/fc-rc-series-hd-laser-camera,es,strong,100,FC-RC Series HD Long-Range Laser Camera,5,true,true,true,true,true,2150,17,0.791,1,6,,FC-RC Series HD Long-Range Laser Camera | N-TET,"N-TET FC-RC Series HD Long-Range Laser Camera: solucion industrial para inspeccion, monitoreo y operaciones de campo con soporte tecnico del proyecto.",FC-RC Series HD Long-Range Laser Camera | perimeter intelligence | electro optical surveillance | radar vision fusion system | N-TET,FC-RC Series HD Long-Range Laser Camera,FC-RC Series HD Long-Range Laser Camera Technical Specifications | Solicitar solución y cotización | Resumen | Especificaciones técnicas | Solicitar solución y cotización | Paginas relacionadas,.next/server/app/es/products/fc-rc-series-hd-laser-camera.html
/es/products/fc-rds500-4r-radar-vision-sentinel,es,strong,100,FC-RDS500-4R Radar-Vision Fusion sistema,5,true,true,true,true,true,2186,17,0.778,1,6,,FC-RDS500-4R Radar-Vision Fusion sistema | N-TET,"N-TET FC-RDS500-4R Radar-Vision Fusion sistema: solucion industrial para inspeccion, monitoreo y operaciones de campo con soporte tecnico del proyecto.",FC-RDS500-4R Radar-Vision Fusion sistema | perimeter intelligence | electro optical surveillance | radar vision fusion system | N-TET,FC-RDS500-4R Radar-Vision Fusion sistema,FC-RDS500-4R Radar-Vision Fusion sistema Technical Specifications | Solicitar solución y cotización | Resumen | Especificaciones técnicas | Solicitar solución y cotización | Paginas relacionadas,.next/server/app/es/products/fc-rds500-4r-radar-vision-sentinel.html
/es/products/fc-sljc-01-water-conservancy-monitoring-drone,es,strong,100,water conservancy monitoring UAV,8,true,true,true,true,true,1628,11,0.676,1,6,,Gestión hídrica monitoreo UAV | N-TET,"N-TET Gestión hídrica monitoreo UAV: solucion industrial para inspeccion, monitoreo y operaciones de campo con soporte tecnico del proyecto.",water conservancy monitoring UAV | dam inspection UAV | river lake UAV monitoring | flood monitoring drone | Gestión hídrica monitoreo UAV | industrial UAV systems | UAV inspection drone | emergency response UAV,Gestión hídrica monitoreo UAV,Gestión hídrica monitoreo UAV Technical Specifications | Solicitar solución y cotización | Resumen | Especificaciones técnicas | Solicitar solución y cotización | Paginas relacionadas,.next/server/app/es/products/fc-sljc-01-water-conservancy-monitoring-drone.html
/es/products/fc-smart-swing-turnstile,es,strong,100,Deluxe Smart Swing Turnstile,5,true,true,true,true,true,1708,17,0.995,1,6,,Deluxe Smart Swing Turnstile | N-TET,"N-TET Deluxe Smart Swing Turnstile: solucion industrial para inspeccion, monitoreo y operaciones de campo con soporte tecnico del proyecto.",Deluxe Smart Swing Turnstile | security screening equipment | X-ray baggage scanner | walk-through metal detector | N-TET,Deluxe Smart Swing Turnstile,Deluxe Smart Swing Turnstile Technical Specifications | Solicitar solución y cotización | Resumen | Especificaciones técnicas | Solicitar solución y cotización | Paginas relacionadas,.next/server/app/es/products/fc-smart-swing-turnstile.html
/es/products/fc-ttvc-intelligent-multi-band-camera,es,strong,100,FC-TTVC Series Intelligent Multi-Band Camera,5,true,true,true,true,true,2085,19,0.911,1,6,,FC-TTVC Series Intelligent Multi-Band Camera | N-TET,"N-TET FC-TTVC Series Intelligent Multi-Band Camera: solucion industrial para inspeccion, monitoreo y operaciones de campo con soporte tecnico del proyecto.",FC-TTVC Series Intelligent Multi-Band Camera | perimeter intelligence | electro optical surveillance | radar vision fusion system | N-TET,FC-TTVC Series Intelligent Multi-Band Camera,FC-TTVC Series Intelligent Multi-Band Camera Technical Specifications | Solicitar solución y cotización | Resumen | Especificaciones técnicas | Solicitar solución y cotización | Paginas relacionadas,.next/server/app/es/products/fc-ttvc-intelligent-multi-band-camera.html
/es/products/fc-yjtx-01-emergency-communication-drone,es,strong,100,emergency communication UAV,8,true,true,true,true,true,1652,11,0.666,1,6,,Emergencia comunicación cautivo UAV | N-TET,"N-TET Emergencia comunicación cautivo UAV: solucion industrial para inspeccion, monitoreo y operaciones de campo con soporte tecnico del proyecto.",emergency communication UAV | disaster response communication drone | tethered communication UAV | public safety UAV communications | Emergencia comunicación cautivo UAV | industrial UAV systems | UAV inspection drone | emergency response UAV,Emergencia comunicación cautivo UAV,Emergencia comunicación cautivo UAV Technical Specifications | Solicitar solución y cotización | Resumen | Especificaciones técnicas | Solicitar solución y cotización | Paginas relacionadas,.next/server/app/es/products/fc-yjtx-01-emergency-communication-drone.html
/es/products/fc-yjxf-01-aerial-firefighting-drone,es,strong,100,firefighting drone,8,true,true,true,true,true,1644,11,0.669,1,6,,High-Rise apoyo contra incendios cautivo UAV | N-TET,"N-TET High-Rise apoyo contra incendios cautivo UAV: solucion industrial para inspeccion, monitoreo y operaciones de campo con soporte tecnico del proyecto.",firefighting drone | drone fire fighting | drone for fire fighting | high-rise firefighting UAV | High-Rise apoyo contra incendios cautivo UAV | industrial UAV systems | UAV inspection drone | emergency response UAV,High-Rise apoyo contra incendios cautivo UAV,High-Rise apoyo contra incendios cautivo UAV Technical Specifications | Solicitar solución y cotización | Resumen | Especificaciones técnicas | Solicitar solución y cotización | Paginas relacionadas,.next/server/app/es/products/fc-yjxf-01-aerial-firefighting-drone.html
/es/products/fc-yjzc-01-emergency-reconnaissance-drone,es,strong,100,search and rescue drone,8,true,true,true,true,true,1631,11,0.674,1,6,,Emergencia Response dron | N-TET,"N-TET Emergencia Response dron: solucion industrial para inspeccion, monitoreo y operaciones de campo con soporte tecnico del proyecto.",search and rescue drone | drone rescue | emergency reconnaissance drone | disaster response UAV | Emergencia Response dron | industrial UAV systems | UAV inspection drone | emergency response UAV,Emergencia Response dron,Emergencia Response dron Technical Specifications | Solicitar solución y cotización | Resumen | Especificaciones técnicas | Solicitar solución y cotización | Paginas relacionadas,.next/server/app/es/products/fc-yjzc-01-emergency-reconnaissance-drone.html
/es/products/fc-yjzm-01-emergency-lighting-drone,es,strong,100,drone lighting,8,true,true,true,true,true,1623,11,0.678,1,6,,Cautivo iluminación UAV | N-TET,"N-TET Cautivo iluminación UAV: solucion industrial para inspeccion, monitoreo y operaciones de campo con soporte tecnico del proyecto.",drone lighting | UAV lighting | tethered lighting UAV | emergency lighting drone | Cautivo iluminación UAV | industrial UAV systems | UAV inspection drone | emergency response UAV,Cautivo iluminación UAV,Cautivo iluminación UAV Technical Specifications | Solicitar solución y cotización | Resumen | Especificaciones técnicas | Solicitar solución y cotización | Paginas relacionadas,.next/server/app/es/products/fc-yjzm-01-emergency-lighting-drone.html
/es/products/fc-yqxj-01-utility-inspection-drone,es,strong,100,pipeline inspection drones,8,true,true,true,true,true,1653,11,0.665,1,6,,Oil & Gas Pipeline inspección dron | N-TET,"N-TET Oil & Gas Pipeline inspección dron: solucion industrial para inspeccion, monitoreo y operaciones de campo con soporte tecnico del proyecto.",pipeline inspection drones | UAV pipeline inspection | oil and gas drone inspection | drone pipeline inspection | Oil & Gas Pipeline inspección dron | industrial UAV systems | UAV inspection drone | emergency response UAV,Oil & Gas Pipeline inspección dron,Oil & Gas Pipeline inspección dron Technical Specifications | Solicitar solución y cotización | Resumen | Especificaciones técnicas | Solicitar solución y cotización | Paginas relacionadas,.next/server/app/es/products/fc-yqxj-01-utility-inspection-drone.html
/es/products/fc1500-handheld-liquid-detector,es,strong,100,Handheld Liquid Detector FC1500,5,true,true,true,true,true,1644,17,1.034,1,6,,Handheld Liquid Detector FC1500 | N-TET,"N-TET Handheld Liquid Detector FC1500: solucion industrial para inspeccion, monitoreo y operaciones de campo con soporte tecnico del proyecto.",Handheld Liquid Detector FC1500 | security screening equipment | X-ray baggage scanner | walk-through metal detector | N-TET,Handheld Liquid Detector FC1500,Handheld Liquid Detector FC1500 Technical Specifications | Solicitar solución y cotización | Resumen | Especificaciones técnicas | Solicitar solución y cotización | Paginas relacionadas,.next/server/app/es/products/fc1500-handheld-liquid-detector.html
/es/products/fc1500b-desktop-liquid-security-inspector,es,strong,100,Desktop Liquid seguridad Inspector FC1500B,5,true,true,true,true,true,1693,17,1.004,1,6,,Desktop Liquid seguridad Inspector FC1500B | N-TET,"N-TET Desktop Liquid seguridad Inspector FC1500B: solucion industrial para inspeccion, monitoreo y operaciones de campo con soporte tecnico del proyecto.",Desktop Liquid seguridad Inspector FC1500B | security screening equipment | X-ray baggage scanner | walk-through metal detector | N-TET,Desktop Liquid seguridad Inspector FC1500B,Desktop Liquid seguridad Inspector FC1500B Technical Specifications | Solicitar solución y cotización | Resumen | Especificaciones técnicas | Solicitar solución y cotización | Paginas relacionadas,.next/server/app/es/products/fc1500b-desktop-liquid-security-inspector.html
/es/products/fc1800b-portable-explosives-and-narcotics-detector,es,strong,100,Portable Explosives & Narcotics Detector FC1800B,5,true,true,true,true,true,1651,17,1.030,1,6,,Portable Explosives & Narcotics Detector FC1800B | N-TET,"N-TET Portable Explosives & Narcotics Detector FC1800B: solucion industrial para inspeccion, monitoreo y operaciones de campo con soporte tecnico del proyecto.",Portable Explosives & Narcotics Detector FC1800B | security screening equipment | X-ray baggage scanner | walk-through metal detector | N-TET,Portable Explosives & Narcotics Detector FC1800B,Portable Explosives & Narcotics Detector FC1800B Technical Specifications | Solicitar solución y cotización | Resumen | Especificaciones técnicas | Solicitar solución y cotización | Paginas relacionadas,.next/server/app/es/products/fc1800b-portable-explosives-and-narcotics-detector.html
/es/products/fc1800t-desktop-explosives-narcotics-detector,es,strong,100,Desktop Explosives & Narcotics Detector FC1800T,5,true,true,true,true,true,1679,17,1.013,1,6,,Desktop Explosives & Narcotics Detector FC1800T | N-TET,"N-TET Desktop Explosives & Narcotics Detector FC1800T: solucion industrial para inspeccion, monitoreo y operaciones de campo con soporte tecnico del proyecto.",Desktop Explosives & Narcotics Detector FC1800T | security screening equipment | X-ray baggage scanner | walk-through metal detector | N-TET,Desktop Explosives & Narcotics Detector FC1800T,Desktop Explosives & Narcotics Detector FC1800T Technical Specifications | Solicitar solución y cotización | Resumen | Especificaciones técnicas | Solicitar solución y cotización | Paginas relacionadas,.next/server/app/es/products/fc1800t-desktop-explosives-narcotics-detector.html
/es/products/fc2088-handheld-metal-detector,es,strong,100,Handheld Metal Detector FC2088,5,true,true,true,true,true,1638,17,1.038,1,6,,Handheld Metal Detector FC2088 | N-TET,"N-TET Handheld Metal Detector FC2088: solucion industrial para inspeccion, monitoreo y operaciones de campo con soporte tecnico del proyecto.",Handheld Metal Detector FC2088 | security screening equipment | X-ray baggage scanner | walk-through metal detector | N-TET,Handheld Metal Detector FC2088,Handheld Metal Detector FC2088 Technical Specifications | Solicitar solución y cotización | Resumen | Especificaciones técnicas | Solicitar solución y cotización | Paginas relacionadas,.next/server/app/es/products/fc2088-handheld-metal-detector.html
/es/products/fc4028-neutron-ambient-dose-rate-meter,es,strong,100,FC4028 Neutron Ambient Dose Equivalent Rate Meter,5,true,true,true,true,true,2117,9,0.425,1,6,,FC4028 Neutron Ambient Dose Equivalent (Rate) Meter | N-TET,"N-TET FC4028 Neutron Ambient Dose Equivalent (Rate) Meter: solucion industrial para inspeccion, monitoreo y operaciones de campo con soporte tecnico del proyecto.",FC4028 Neutron Ambient Dose Equivalent Rate Meter | security screening equipment | X-ray baggage scanner | walk-through metal detector | N-TET,FC4028 Neutron Ambient Dose Equivalent Rate Meter,FC4028 Neutron Ambient Dose Equivalent Rate Meter Technical Specifications | Solicitar solución y cotización | Resumen | Especificaciones técnicas | Solicitar solución y cotización | Paginas relacionadas,.next/server/app/es/products/fc4028-neutron-ambient-dose-rate-meter.html
/es/products/fc5030-compact-x-ray-baggage-scanner,es,strong,100,X-Ray Baggage Scanner FC5030,5,true,true,true,true,true,1674,28,1.673,1,6,,X-Ray Baggage Scanner FC5030 | N-TET,"N-TET X-Ray Baggage Scanner FC5030: solucion industrial para inspeccion, monitoreo y operaciones de campo con soporte tecnico del proyecto.",X-Ray Baggage Scanner FC5030 | security screening equipment | X-ray baggage scanner | walk-through metal detector | N-TET,X-Ray Baggage Scanner FC5030,X-Ray Baggage Scanner FC5030 Technical Specifications | Solicitar solución y cotización | Resumen | Especificaciones técnicas | Solicitar solución y cotización | Paginas relacionadas,.next/server/app/es/products/fc5030-compact-x-ray-baggage-scanner.html
/es/products/fc6550-standard-x-ray-baggage-scanner,es,strong,100,X-Ray Baggage Scanner FC6550,5,true,true,true,true,true,1698,28,1.649,1,6,,X-Ray Baggage Scanner FC6550 | N-TET,"N-TET X-Ray Baggage Scanner FC6550: solucion industrial para inspeccion, monitoreo y operaciones de campo con soporte tecnico del proyecto.",X-Ray Baggage Scanner FC6550 | security screening equipment | X-ray baggage scanner | walk-through metal detector | N-TET,X-Ray Baggage Scanner FC6550,X-Ray Baggage Scanner FC6550 Technical Specifications | Solicitar solución y cotización | Resumen | Especificaciones técnicas | Solicitar solución y cotización | Paginas relacionadas,.next/server/app/es/products/fc6550-standard-x-ray-baggage-scanner.html
/es/products/fc6550d-dual-view-baggage-scanner,es,strong,100,Dual-View X-Ray Baggage Scanner FC6550D,5,true,true,true,true,true,1685,28,1.662,1,6,,Dual-View X-Ray Baggage Scanner FC6550D | N-TET,"N-TET Dual-View X-Ray Baggage Scanner FC6550D: solucion industrial para inspeccion, monitoreo y operaciones de campo con soporte tecnico del proyecto.",Dual-View X-Ray Baggage Scanner FC6550D | security screening equipment | X-ray baggage scanner | walk-through metal detector | N-TET,Dual-View X-Ray Baggage Scanner FC6550D,Dual-View X-Ray Baggage Scanner FC6550D Technical Specifications | Solicitar solución y cotización | Resumen | Especificaciones técnicas | Solicitar solución y cotización | Paginas relacionadas,.next/server/app/es/products/fc6550d-dual-view-baggage-scanner.html
/es/products/fc902-personal-radiation-dose-alarm,es,strong,100,X-γ Radiation Dose Alarm FC902,5,true,true,true,true,true,1833,17,0.927,1,6,,X-γ Radiation Dose Alarm FC902 | N-TET,"N-TET X-γ Radiation Dose Alarm FC902: solucion industrial para inspeccion, monitoreo y operaciones de campo con soporte tecnico del proyecto.",X-γ Radiation Dose Alarm FC902 | security screening equipment | X-ray baggage scanner | walk-through metal detector | N-TET,X-γ Radiation Dose Alarm FC902,X-γ Radiation Dose Alarm FC902 Technical Specifications | Solicitar solución y cotización | Resumen | Especificaciones técnicas | Solicitar solución y cotización | Paginas relacionadas,.next/server/app/es/products/fc902-personal-radiation-dose-alarm.html
/es/products/handheld-rf-detection-system-mini,es,strong,100,Handheld RF detección sistema,5,true,true,true,true,true,1684,17,1.010,1,6,,Handheld RF detección sistema | N-TET,"N-TET Handheld RF detección sistema: solucion industrial para inspeccion, monitoreo y operaciones de campo con soporte tecnico del proyecto.",Handheld RF detección sistema | low altitude monitoring equipment | drone detection equipment | airspace monitoring system | N-TET,Handheld RF detección sistema,Handheld RF detección sistema Technical Specifications | Solicitar solución y cotización | Resumen | Especificaciones técnicas | Solicitar solución y cotización | Paginas relacionadas,.next/server/app/es/products/handheld-rf-detection-system-mini.html
/es/products/intelligent-mobile-cabin-hospital,es,strong,100,Intelligent Mobile Cabin Hospital,5,true,true,true,true,true,1586,17,1.072,1,6,,Intelligent Mobile Cabin Hospital | N-TET,"N-TET Intelligent Mobile Cabin Hospital: solucion industrial para inspeccion, monitoreo y operaciones de campo con soporte tecnico del proyecto.",Intelligent Mobile Cabin Hospital | field hospital system | containerized medical rescue system | emergency medical shelter | N-TET,Intelligent Mobile Cabin Hospital,Intelligent Mobile Cabin Hospital Technical Specifications | Solicitar solución y cotización | Resumen | Especificaciones técnicas | Solicitar solución y cotización | Paginas relacionadas,.next/server/app/es/products/intelligent-mobile-cabin-hospital.html
/es/products/low-altitude-3d-pulse-doppler-radar,es,strong,100,Baja altitud detección Radar X-Band,5,true,true,true,true,true,1675,9,0.537,1,6,,Baja altitud detección Radar (X-Band) | N-TET,"N-TET Baja altitud detección Radar (X-Band): solucion industrial para inspeccion, monitoreo y operaciones de campo con soporte tecnico del proyecto.",Baja altitud detección Radar X-Band | low altitude monitoring equipment | drone detection equipment | airspace monitoring system | N-TET,Baja altitud detección Radar X-Band,Baja altitud detección Radar X-Band Technical Specifications | Solicitar solución y cotización | Resumen | Especificaciones técnicas | Solicitar solución y cotización | Paginas relacionadas,.next/server/app/es/products/low-altitude-3d-pulse-doppler-radar.html
/es/products/low-altitude-detection-radar-ku-band,es,strong,100,Baja altitud detección Radar Ku-Band,5,true,true,true,true,true,1653,9,0.544,1,6,,Baja altitud detección Radar (Ku-Band) | N-TET,"N-TET Baja altitud detección Radar (Ku-Band): solucion industrial para inspeccion, monitoreo y operaciones de campo con soporte tecnico del proyecto.",Baja altitud detección Radar Ku-Band | low altitude monitoring equipment | drone detection equipment | airspace monitoring system | N-TET,Baja altitud detección Radar Ku-Band,Baja altitud detección Radar Ku-Band Technical Specifications | Solicitar solución y cotización | Resumen | Especificaciones técnicas | Solicitar solución y cotización | Paginas relacionadas,.next/server/app/es/products/low-altitude-detection-radar-ku-band.html
/es/products/multi-rotor-20kg-payload-uav,es,strong,100,20kg carga útil multirrotor UAV,5,true,true,true,true,true,1659,17,1.025,1,6,,20kg carga útil multirrotor UAV | N-TET,"N-TET 20kg carga útil multirrotor UAV: solucion industrial para inspeccion, monitoreo y operaciones de campo con soporte tecnico del proyecto.",20kg carga útil multirrotor UAV | industrial UAV systems | UAV inspection drone | emergency response UAV | N-TET,20kg carga útil multirrotor UAV,20kg carga útil multirrotor UAV Technical Specifications | Solicitar solución y cotización | Resumen | Especificaciones técnicas | Solicitar solución y cotización | Paginas relacionadas,.next/server/app/es/products/multi-rotor-20kg-payload-uav.html
/es/products/multi-rotor-3kg-payload-uav,es,strong,100,3kg carga útil multirrotor UAV,5,true,true,true,true,true,1653,17,1.028,1,6,,3kg carga útil multirrotor UAV | N-TET,"N-TET 3kg carga útil multirrotor UAV: solucion industrial para inspeccion, monitoreo y operaciones de campo con soporte tecnico del proyecto.",3kg carga útil multirrotor UAV | industrial UAV systems | UAV inspection drone | emergency response UAV | N-TET,3kg carga útil multirrotor UAV,3kg carga útil multirrotor UAV Technical Specifications | Solicitar solución y cotización | Resumen | Especificaciones técnicas | Solicitar solución y cotización | Paginas relacionadas,.next/server/app/es/products/multi-rotor-3kg-payload-uav.html
/es/products/multi-rotor-50kg-payload-uav,es,strong,100,50kg carga útil multirrotor UAV,5,true,true,true,true,true,1661,17,1.023,1,6,,50kg carga útil multirrotor UAV | N-TET,"N-TET 50kg carga útil multirrotor UAV: solucion industrial para inspeccion, monitoreo y operaciones de campo con soporte tecnico del proyecto.",50kg carga útil multirrotor UAV | industrial UAV systems | UAV inspection drone | emergency response UAV | N-TET,50kg carga útil multirrotor UAV,50kg carga útil multirrotor UAV Technical Specifications | Solicitar solución y cotización | Resumen | Especificaciones técnicas | Solicitar solución y cotización | Paginas relacionadas,.next/server/app/es/products/multi-rotor-50kg-payload-uav.html
/es/products/multi-rotor-8kg-payload-uav,es,strong,100,8kg carga útil multirrotor UAV,5,true,true,true,true,true,1647,17,1.032,1,6,,8kg carga útil multirrotor UAV | N-TET,"N-TET 8kg carga útil multirrotor UAV: solucion industrial para inspeccion, monitoreo y operaciones de campo con soporte tecnico del proyecto.",8kg carga útil multirrotor UAV | industrial UAV systems | UAV inspection drone | emergency response UAV | N-TET,8kg carga útil multirrotor UAV,8kg carga útil multirrotor UAV Technical Specifications | Solicitar solución y cotización | Resumen | Especificaciones técnicas | Solicitar solución y cotización | Paginas relacionadas,.next/server/app/es/products/multi-rotor-8kg-payload-uav.html
/es/products/portable-rf-detection-case,es,strong,100,Hand-carried RF detección sistema,5,true,true,true,true,true,1596,17,1.065,1,6,,Hand-carried RF detección sistema | N-TET,"N-TET Hand-carried RF detección sistema: solucion industrial para inspeccion, monitoreo y operaciones de campo con soporte tecnico del proyecto.",Hand-carried RF detección sistema | low altitude monitoring equipment | drone detection equipment | airspace monitoring system | N-TET,Hand-carried RF detección sistema,Hand-carried RF detección sistema Technical Specifications | Solicitar solución y cotización | Resumen | Especificaciones técnicas | Solicitar solución y cotización | Paginas relacionadas,.next/server/app/es/products/portable-rf-detection-case.html
/es/products/power-tower-inspection-drone,es,strong,100,drone power line inspection,8,true,true,true,true,true,1712,11,0.643,1,6,,Eléctrica Tower inspección UAV | N-TET,"N-TET Eléctrica Tower inspección UAV: solucion industrial para inspeccion, monitoreo y operaciones de campo con soporte tecnico del proyecto.",drone power line inspection | power line inspection drone | drones for utility inspection | transmission tower inspection UAV | Eléctrica Tower inspección UAV | industrial UAV systems | UAV inspection drone | emergency response UAV,Eléctrica Tower inspección UAV,Eléctrica Tower inspección UAV Technical Specifications | Solicitar solución y cotización | Resumen | Especificaciones técnicas | Solicitar solución y cotización | Paginas relacionadas,.next/server/app/es/products/power-tower-inspection-drone.html
/es/products/smart-substation-autonomous-inspection-system,es,strong,100,smart substation autonomous inspection,8,true,true,true,true,true,1672,11,0.658,1,6,,Smart subestación Autonomous UAV inspección sistema | N-TET,"N-TET Smart subestación Autonomous UAV inspección sistema: solucion industrial para inspeccion, monitoreo y operaciones de campo con soporte tecnico del proyecto.",smart substation autonomous inspection | substation inspection drone | power utility UAV inspection | autonomous UAV inspection | Smart subestación Autonomous UAV inspección sistema | industrial UAV systems | UAV inspection drone | emergency response UAV,Smart subestación Autonomous UAV inspección sistema,Smart subestación Autonomous UAV inspección sistema Technical Specifications | Solicitar solución y cotización | Resumen | Especificaciones técnicas | Solicitar solución y cotización | Paginas relacionadas,.next/server/app/es/products/smart-substation-autonomous-inspection-system.html
/es/products/stationary-rf-detection-system,es,strong,100,Stationary RF detección sistema,5,true,true,true,true,true,1634,17,1.040,1,6,,Stationary RF detección sistema | N-TET,"N-TET Stationary RF detección sistema: solucion industrial para inspeccion, monitoreo y operaciones de campo con soporte tecnico del proyecto.",Stationary RF detección sistema | low altitude monitoring equipment | drone detection equipment | airspace monitoring system | N-TET,Stationary RF detección sistema,Stationary RF detección sistema Technical Specifications | Solicitar solución y cotización | Resumen | Especificaciones técnicas | Solicitar solución y cotización | Paginas relacionadas,.next/server/app/es/products/stationary-rf-detection-system.html
/es/products/uav-remote-id-monitoring-system,es,strong,100,UAV remoto ID monitoreo sistema,5,true,true,true,true,true,1627,17,1.045,1,6,,UAV remoto ID monitoreo sistema | N-TET,"N-TET UAV remoto ID monitoreo sistema: solucion industrial para inspeccion, monitoreo y operaciones de campo con soporte tecnico del proyecto.",UAV remoto ID monitoreo sistema | low altitude monitoring equipment | drone detection equipment | airspace monitoring system | N-TET,UAV remoto ID monitoreo sistema,UAV remoto ID monitoreo sistema Technical Specifications | Solicitar solución y cotización | Resumen | Especificaciones técnicas | Solicitar solución y cotización | Paginas relacionadas,.next/server/app/es/products/uav-remote-id-monitoring-system.html
/es/products/vtol-135kg-mtow-uav,es,strong,100,135kg MTOW VTOL ala fija UAV,5,true,true,true,true,true,1634,17,1.040,1,6,,135kg MTOW VTOL ala fija UAV | N-TET,"N-TET 135kg MTOW VTOL ala fija UAV: solucion industrial para inspeccion, monitoreo y operaciones de campo con soporte tecnico del proyecto.",135kg MTOW VTOL ala fija UAV | industrial UAV systems | UAV inspection drone | emergency response UAV | N-TET,135kg MTOW VTOL ala fija UAV,135kg MTOW VTOL ala fija UAV Technical Specifications | Solicitar solución y cotización | Resumen | Especificaciones técnicas | Solicitar solución y cotización | Paginas relacionadas,.next/server/app/es/products/vtol-135kg-mtow-uav.html
/es/products/vtol-14kg-mtow-uav,es,strong,100,14kg MTOW VTOL ala fija UAV,5,true,true,true,true,true,1626,17,1.046,1,6,,14kg MTOW VTOL ala fija UAV | N-TET,"N-TET 14kg MTOW VTOL ala fija UAV: solucion industrial para inspeccion, monitoreo y operaciones de campo con soporte tecnico del proyecto.",14kg MTOW VTOL ala fija UAV | industrial UAV systems | UAV inspection drone | emergency response UAV | N-TET,14kg MTOW VTOL ala fija UAV,14kg MTOW VTOL ala fija UAV Technical Specifications | Solicitar solución y cotización | Resumen | Especificaciones técnicas | Solicitar solución y cotización | Paginas relacionadas,.next/server/app/es/products/vtol-14kg-mtow-uav.html
/es/products/vtol-26kg-mtow-uav,es,strong,100,26kg MTOW VTOL ala fija UAV,5,true,true,true,true,true,1628,17,1.044,1,6,,26kg MTOW VTOL ala fija UAV | N-TET,"N-TET 26kg MTOW VTOL ala fija UAV: solucion industrial para inspeccion, monitoreo y operaciones de campo con soporte tecnico del proyecto.",26kg MTOW VTOL ala fija UAV | industrial UAV systems | UAV inspection drone | emergency response UAV | N-TET,26kg MTOW VTOL ala fija UAV,26kg MTOW VTOL ala fija UAV Technical Specifications | Solicitar solución y cotización | Resumen | Especificaciones técnicas | Solicitar solución y cotización | Paginas relacionadas,.next/server/app/es/products/vtol-26kg-mtow-uav.html
/es/products/vtol-40kg-mtow-uav,es,strong,100,40kg MTOW VTOL ala fija UAV,5,true,true,true,true,true,1632,17,1.042,1,6,,40kg MTOW VTOL ala fija UAV | N-TET,"N-TET 40kg MTOW VTOL ala fija UAV: solucion industrial para inspeccion, monitoreo y operaciones de campo con soporte tecnico del proyecto.",40kg MTOW VTOL ala fija UAV | industrial UAV systems | UAV inspection drone | emergency response UAV | N-TET,40kg MTOW VTOL ala fija UAV,40kg MTOW VTOL ala fija UAV Technical Specifications | Solicitar solución y cotización | Resumen | Especificaciones técnicas | Solicitar solución y cotización | Paginas relacionadas,.next/server/app/es/products/vtol-40kg-mtow-uav.html
/es/products/vtol-64kg-mtow-uav,es,strong,100,64kg MTOW VTOL ala fija UAV,5,true,true,true,true,true,1618,17,1.051,1,6,,64kg MTOW VTOL ala fija UAV | N-TET,"N-TET 64kg MTOW VTOL ala fija UAV: solucion industrial para inspeccion, monitoreo y operaciones de campo con soporte tecnico del proyecto.",64kg MTOW VTOL ala fija UAV | industrial UAV systems | UAV inspection drone | emergency response UAV | N-TET,64kg MTOW VTOL ala fija UAV,64kg MTOW VTOL ala fija UAV Technical Specifications | Solicitar solución y cotización | Resumen | Especificaciones técnicas | Solicitar solución y cotización | Paginas relacionadas,.next/server/app/es/products/vtol-64kg-mtow-uav.html
/es/solutions,es,partial,65,soluciones UAV,4,true,true,false,false,true,1482,5,0.337,1,11,H1 未命中关键词; H2 未命中关键词,Soluciones UAV industriales | N-TET,"Soluciones UAV para inspección, patrullaje, apoyo de emergencia y monitoreo del espacio aéreo de baja altitud.",soluciones UAV | dron de búsqueda y rescate | dron contra incendios | inspección de líneas eléctricas con UAV,Soluciones de inspección UAV,Soluciones de inspección UAV para equipos industriales | Inspección y patrullaje UAV | Respuesta de emergencia UAV | Protección de infraestructura crítica | Seguridad de áreas clave | Solicitar solución y cotización | Inspección y patrullaje UAV | Respuesta de emergencia UAV | Protección de infraestructura crítica | Seguridad de áreas clave | Solicitar solución y cotización,.next/server/app/es/solutions.html
/es/solutions/airport-low-altitude-monitoring,es,strong,100,Aeropuerto espacio aéreo monitoreo Application,2,true,true,true,true,true,1956,29,1.483,1,11,,Aeropuerto espacio aéreo monitoreo Application | N-TET,"Aeropuerto espacio aéreo monitoreo Application de N-TET para operaciones UAV, con integración práctica, registros operativos y soporte de despliegue para equipos técnicos.",Aeropuerto espacio aéreo monitoreo Application | N-TET,Aeropuerto espacio aéreo monitoreo Application,Aeropuerto espacio aéreo monitoreo Application Workflow | Especificaciones técnicas | Equipos relacionados | FAQ de la solucion | Solicitar solución y cotización | Resumen | Especificaciones técnicas | Equipos relacionados | FAQ de la solucion | Solicitar solución y cotización | Paginas relacionadas,.next/server/app/es/solutions/airport-low-altitude-monitoring.html
/es/solutions/airport-security-protection,es,strong,100,Aeropuerto seguridad Protection,2,true,true,true,true,true,2479,27,1.089,1,11,,Aeropuerto seguridad Protection | N-TET,"Aeropuerto seguridad Protection de N-TET para seguridad de sitio, con integración práctica, registros operativos y soporte de despliegue para equipos técnicos.",Aeropuerto seguridad Protection | N-TET,Aeropuerto seguridad Protection,Aeropuerto seguridad Protection Workflow | Especificaciones técnicas | Equipos relacionados | FAQ de la solucion | Solicitar solución y cotización | Resumen | Especificaciones técnicas | Equipos relacionados | FAQ de la solucion | Solicitar solución y cotización | Paginas relacionadas,.next/server/app/es/solutions/airport-security-protection.html
/es/solutions/category/01_BorderPatrol,es,strong,100,UAV de patrullaje fronterizo,4,true,true,true,true,true,1797,13,0.723,1,9,,Soluciones UAV de patrullaje fronterizo | N-TET,"UAV de patrullaje fronterizo es el tema principal de esta página, con cobertura relacionada para UAV de patrullaje marítimo, dron de monitoreo costero, vigilancia marítima terrestre.",UAV de patrullaje fronterizo | UAV de patrullaje marítimo | dron de monitoreo costero | vigilancia marítima terrestre,Soluciones UAV de patrullaje fronterizo,UAV de patrullaje fronterizo y monitoreo costero | Soluciones UAV industriales | Productos recomendados | FAQ de la solucion | Solicitar solución y cotización | Necesidades de la industria | Soluciones UAV industriales | Productos recomendados | Solicitar solución y cotización,.next/server/app/es/solutions/category/01_BorderPatrol.html
/es/solutions/category/02_InfrastructureProtection,es,strong,85,UAV de inspección de instalaciones industriales,4,true,true,true,false,true,1923,12,0.624,1,9,H2 未命中关键词,Soluciones UAV de inspección de instalaciones industriales | N-TET,"UAV de inspección de instalaciones industriales es el tema principal de esta página, con cobertura relacionada para inspección con drones para petróleo y gas, drones de inspección de tuberías, monitoreo de plantas químicas.",UAV de inspección de instalaciones industriales | inspección con drones para petróleo y gas | drones de inspección de tuberías | monitoreo de plantas químicas,Soluciones UAV de inspección de instalaciones industriales,Escenarios de inspección UAV de instalaciones industriales | Soluciones UAV industriales | Productos recomendados | FAQ de la solucion | Solicitar solución y cotización | Necesidades de la industria | Soluciones UAV industriales | Productos recomendados | Solicitar solución y cotización,.next/server/app/es/solutions/category/02_InfrastructureProtection.html
/es/solutions/category/03_KeyAreaSecurity,es,strong,100,monitoreo aéreo aeroportuario,4,true,true,true,true,true,1821,18,0.988,1,9,,Monitoreo aéreo aeroportuario y seguridad de áreas clave | N-TET,"monitoreo aéreo aeroportuario es el tema principal de esta página, con cobertura relacionada para monitoreo de seguridad para eventos, seguridad de áreas clave, equipos de monitoreo de baja altitud.",monitoreo aéreo aeroportuario | monitoreo de seguridad para eventos | seguridad de áreas clave | equipos de monitoreo de baja altitud,Monitoreo aéreo aeroportuario y seguridad de áreas clave,Escenarios de monitoreo aéreo aeroportuario | Soluciones UAV industriales | Productos recomendados | FAQ de la solucion | Solicitar solución y cotización | Necesidades de la industria | Soluciones UAV industriales | Productos recomendados | Solicitar solución y cotización,.next/server/app/es/solutions/category/03_KeyAreaSecurity.html
/es/solutions/category/04_EmergencyRescue,es,strong,100,dron de búsqueda y rescate,4,true,true,true,true,true,1765,14,0.793,1,9,,Soluciones de dron de búsqueda y rescate | N-TET,"dron de búsqueda y rescate es el tema principal de esta página, con cobertura relacionada para dron contra incendios, UAV de comunicación de emergencia, dron de iluminación.",dron de búsqueda y rescate | dron contra incendios | UAV de comunicación de emergencia | dron de iluminación,Soluciones de dron de búsqueda y rescate,Flujos de trabajo con dron de búsqueda y rescate | Soluciones UAV industriales | Productos recomendados | FAQ de la solucion | Solicitar solución y cotización | Necesidades de la industria | Soluciones UAV industriales | Productos recomendados | Solicitar solución y cotización,.next/server/app/es/solutions/category/04_EmergencyRescue.html
/es/solutions/chemical-plant-protection,es,strong,100,drones de inspección de tuberías,4,true,true,true,true,true,2480,21,0.847,1,14,,Drones de inspección de tuberías para monitoreo de plantas químicas | N-TET,"drones de inspección de tuberías es el tema principal de esta página, con cobertura relacionada para monitoreo de plantas químicas, inspección de tuberías con UAV, inspección con drones para petróleo y gas.",drones de inspección de tuberías | monitoreo de plantas químicas | inspección de tuberías con UAV | inspección con drones para petróleo y gas,Drones de inspección de tuberías para monitoreo de plantas químicas,Drones de inspección de tuberías y monitoreo de plantas | A Neutral Low-Altitude Risk Process for Chemical Sites | Módulos de la solución | Equipos relacionados | FAQ de la solucion | Solicitar solución y cotización | Resumen | Necesidades de la industria | A Neutral Low-Altitude Risk Process for Chemical Sites | Módulos de la solución | Equipos relacionados | FAQ de la solucion | Solicitar solución y cotización | Paginas relacionadas,.next/server/app/es/solutions/chemical-plant-protection.html
/es/solutions/disaster-site-search-rescue-reconnaissance-uav-solution,es,strong,100,dron de búsqueda y rescate,4,true,true,true,true,true,2463,20,0.812,1,16,,Solución de dron de búsqueda y rescate | N-TET,"dron de búsqueda y rescate es el tema principal de esta página, con cobertura relacionada para drones térmicos para búsqueda y rescate, UAV de búsqueda y rescate, dron de rescate.",dron de búsqueda y rescate | drones térmicos para búsqueda y rescate | UAV de búsqueda y rescate | dron de rescate,Solución de dron de búsqueda y rescate,Flujo de trabajo de dron de búsqueda y rescate | How UAVs Upgrade Emergency Reconnaissance | Módulos de la solución | Equipos relacionados | Casos relacionados | FAQ de la solucion | Solicitar solución y cotización | Resumen | Necesidades de la industria | How UAVs Upgrade Emergency Reconnaissance | Módulos de la solución | Equipos relacionados | Casos relacionados | FAQ de la solucion | Solicitar solución y cotización | Paginas relacionadas,.next/server/app/es/solutions/disaster-site-search-rescue-reconnaissance-uav-solution.html
/es/solutions/emergency-communication-uav,es,strong,100,Emergencia comunicación UAV,2,true,true,true,true,true,1871,25,1.336,1,11,,Emergencia comunicación UAV | N-TET,"Emergencia comunicación UAV de N-TET para respuesta de emergencia, comunicación temporal, operaciones UAV, con integración práctica, registros operativos y soporte de despliegue para equipos técnicos.",Emergencia comunicación UAV | N-TET,Emergencia comunicación UAV,Emergencia comunicación UAV Workflow | Especificaciones técnicas | Equipos relacionados | FAQ de la solucion | Solicitar solución y cotización | Resumen | Especificaciones técnicas | Equipos relacionados | FAQ de la solucion | Solicitar solución y cotización | Paginas relacionadas,.next/server/app/es/solutions/emergency-communication-uav.html
/es/solutions/emergency-communication-uav-solution,es,strong,85,Emergencia comunicación UAV solución,2,true,true,true,false,true,1852,21,1.134,1,9,H2 未命中关键词,Emergencia comunicación UAV solución | N-TET,"Emergencia comunicación UAV solución de N-TET para comunicación temporal, con integración práctica, registros operativos y soporte de despliegue para equipos técnicos.",Emergencia comunicación UAV solución | N-TET,Emergencia comunicación UAV solución,Equipos relacionados | FAQ de la solucion | Solicitar solución y cotización | Resumen | Especificaciones técnicas | Equipos relacionados | FAQ de la solucion | Solicitar solución y cotización | Paginas relacionadas,.next/server/app/es/solutions/emergency-communication-uav-solution.html
/es/solutions/emergency-lighting-uav,es,strong,100,Emergencia iluminación UAV,2,true,true,true,true,true,1859,25,1.345,1,11,,Emergencia iluminación UAV | N-TET,"Emergencia iluminación UAV de N-TET para iluminación operativa, infraestructura eléctrica, con integración práctica, registros operativos y soporte de despliegue para equipos técnicos.",Emergencia iluminación UAV | N-TET,Emergencia iluminación UAV,Emergencia iluminación UAV Workflow | Especificaciones técnicas | Equipos relacionados | FAQ de la solucion | Solicitar solución y cotización | Resumen | Especificaciones técnicas | Equipos relacionados | FAQ de la solucion | Solicitar solución y cotización | Paginas relacionadas,.next/server/app/es/solutions/emergency-lighting-uav.html
/es/solutions/emergency-reconnaissance-uav,es,strong,100,Emergencia reconocimiento UAV,2,true,true,true,true,true,1863,25,1.342,1,11,,Emergencia reconocimiento UAV | N-TET,"Emergencia reconocimiento UAV de N-TET para operaciones UAV, con integración práctica, registros operativos y soporte de despliegue para equipos técnicos.",Emergencia reconocimiento UAV | N-TET,Emergencia reconocimiento UAV,Emergencia reconocimiento UAV Workflow | Especificaciones técnicas | Equipos relacionados | FAQ de la solucion | Solicitar solución y cotización | Resumen | Especificaciones técnicas | Equipos relacionados | FAQ de la solucion | Solicitar solución y cotización | Paginas relacionadas,.next/server/app/es/solutions/emergency-reconnaissance-uav.html
/es/solutions/emergency-search-rescue-uav-solution,es,strong,85,Emergencia búsqueda & rescate UAV solución,2,true,true,true,false,true,1896,21,1.108,1,11,H2 未命中关键词,Emergencia búsqueda & rescate UAV solución | N-TET,"Emergencia búsqueda & rescate UAV solución de N-TET para operaciones UAV, gestión hídrica, con integración práctica, registros operativos y soporte de despliegue para equipos técnicos.",Emergencia búsqueda & rescate UAV solución | N-TET,Emergencia búsqueda & rescate UAV solución,Equipos relacionados | Casos relacionados | FAQ de la solucion | Solicitar solución y cotización | Resumen | Especificaciones técnicas | Equipos relacionados | Casos relacionados | FAQ de la solucion | Solicitar solución y cotización | Paginas relacionadas,.next/server/app/es/solutions/emergency-search-rescue-uav-solution.html
/es/solutions/high-rise-firefighting-uav-solution,es,strong,85,High-Rise apoyo contra incendios UAV solución,2,true,true,true,false,true,1922,21,1.093,1,9,H2 未命中关键词,High-Rise apoyo contra incendios UAV solución | N-TET,"High-Rise apoyo contra incendios UAV solución de N-TET para operaciones UAV, gestión hídrica, con integración práctica, registros operativos y soporte de despliegue para equipos técnicos.",High-Rise apoyo contra incendios UAV solución | N-TET,High-Rise apoyo contra incendios UAV solución,Equipos relacionados | FAQ de la solucion | Solicitar solución y cotización | Resumen | Especificaciones técnicas | Equipos relacionados | FAQ de la solucion | Solicitar solución y cotización | Paginas relacionadas,.next/server/app/es/solutions/high-rise-firefighting-uav-solution.html
/es/solutions/hydroelectric-dam-protection,es,strong,100,Presa hidroeléctrica Protection,2,true,true,true,true,true,2397,21,0.876,1,14,,Presa hidroeléctrica Protection | N-TET,"Presa hidroeléctrica Protection de N-TET para inspección, seguridad de sitio, infraestructura eléctrica, con integración práctica, registros operativos y soporte de despliegue para equipos técnicos.",Presa hidroeléctrica Protection | N-TET,Presa hidroeléctrica Protection,Presa hidroeléctrica Protection Workflow | Low-Altitude Security Workflow for Dam Operations | Módulos de la solución | Equipos relacionados | FAQ de la solucion | Solicitar solución y cotización | Resumen | Necesidades de la industria | Low-Altitude Security Workflow for Dam Operations | Módulos de la solución | Equipos relacionados | FAQ de la solucion | Solicitar solución y cotización | Paginas relacionadas,.next/server/app/es/solutions/hydroelectric-dam-protection.html
/es/solutions/judicial-sector-security,es,strong,100,Sector judicial seguridad Protection,2,true,true,true,true,true,2556,25,0.978,1,11,,Sector judicial seguridad Protection | N-TET,"Sector judicial seguridad Protection de N-TET para inspección, monitoreo, seguridad de sitio, con integración práctica, registros operativos y soporte de despliegue para equipos técnicos.",Sector judicial seguridad Protection | N-TET,Sector judicial seguridad Protection,Sector judicial seguridad Protection Workflow | Especificaciones técnicas | Equipos relacionados | FAQ de la solucion | Solicitar solución y cotización | Resumen | Especificaciones técnicas | Equipos relacionados | FAQ de la solucion | Solicitar solución y cotización | Paginas relacionadas,.next/server/app/es/solutions/judicial-sector-security.html
/es/solutions/land-based-maritime-surveillance,es,strong,100,Land-based marítimo vigilancia & Early Warning,2,true,true,true,true,true,1875,25,1.333,1,11,,Land-based marítimo vigilancia & Early Warning | N-TET,"Land-based marítimo vigilancia & Early Warning de N-TET para monitoreo, seguridad de sitio, con integración práctica, registros operativos y soporte de despliegue para equipos técnicos.",Land-based marítimo vigilancia & Early Warning | N-TET,Land-based marítimo vigilancia & Early Warning,Land-based marítimo vigilancia & Early Warning Workflow | Especificaciones técnicas | Equipos relacionados | FAQ de la solucion | Solicitar solución y cotización | Resumen | Especificaciones técnicas | Equipos relacionados | FAQ de la solucion | Solicitar solución y cotización | Paginas relacionadas,.next/server/app/es/solutions/land-based-maritime-surveillance.html
/es/solutions/night-emergency-lighting-support-uav-solution,es,strong,85,UAV de iluminación cautivo,4,true,true,true,false,true,2454,21,0.856,1,16,H2 未命中关键词,Solución UAV de iluminación cautivo | N-TET,"UAV de iluminación cautivo es el tema principal de esta página, con cobertura relacionada para dron de iluminación, sistema de iluminación UAV, dron de iluminación de emergencia.",UAV de iluminación cautivo | dron de iluminación | sistema de iluminación UAV | dron de iluminación de emergencia,Solución UAV de iluminación cautivo,Flujo de iluminación UAV cautivo | Cómo los UAV mejoran la eficiencia operativa | Módulos de la solución | Equipos relacionados | Casos relacionados | FAQ de la solucion | Solicitar solución y cotización | Resumen | Necesidades de la industria | Cómo los UAV mejoran la operación | Módulos de la solución | Equipos relacionados | Casos relacionados | FAQ de la solucion | Solicitar solución y cotización | Paginas relacionadas,.next/server/app/es/solutions/night-emergency-lighting-support-uav-solution.html
/es/solutions/oil-production-base-protection,es,strong,100,oil and gas drone inspection,4,true,true,true,true,true,2463,18,0.731,1,14,,Oil and Gas Drone Inspection Solution | N-TET,"This oil and gas drone inspection solution supports oil production sites, pipeline corridor inspection, industrial facility inspection UAV workflows, and low-altitude monitoring around field assets.",oil and gas drone inspection | industrial facility inspection UAV | pipeline corridor inspection | oil production site monitoring,Oil and Gas Drone Inspection Solution,Oil and Gas Drone Inspection Workflow | Layered Low-Altitude Protection for Oil Production Sites | Módulos de la solución | Equipos relacionados | FAQ de la solucion | Solicitar solución y cotización | Resumen | Necesidades de la industria | Layered Low-Altitude Protection for Oil Production Sites | Módulos de la solución | Equipos relacionados | FAQ de la solucion | Solicitar solución y cotización | Paginas relacionadas,.next/server/app/es/solutions/oil-production-base-protection.html
/es/solutions/post-disaster-emergency-communication-support-uav-solution,es,strong,100,UAV de comunicación de emergencia,4,true,true,true,true,true,2464,20,0.812,1,16,,Solución UAV de comunicación de emergencia | N-TET,"UAV de comunicación de emergencia es el tema principal de esta página, con cobertura relacionada para dron de comunicación para respuesta a desastres, UAV de comunicación cautivo, comunicaciones UAV de seguridad pública.",UAV de comunicación de emergencia | dron de comunicación para respuesta a desastres | UAV de comunicación cautivo | comunicaciones UAV de seguridad pública,Solución UAV de comunicación de emergencia,Flujo UAV de comunicación de emergencia | Cómo los UAV mejoran la eficiencia operativa | Módulos de la solución | Equipos relacionados | Casos relacionados | FAQ de la solucion | Solicitar solución y cotización | Resumen | Necesidades de la industria | Cómo los UAV mejoran la operación | Módulos de la solución | Equipos relacionados | Casos relacionados | FAQ de la solucion | Solicitar solución y cotización | Paginas relacionadas,.next/server/app/es/solutions/post-disaster-emergency-communication-support-uav-solution.html
/es/solutions/power-generation-facility-low-altitude-monitoring,es,strong,100,Eléctrica Generation Facility espacio aéreo monitoreo,2,true,true,true,true,true,1975,29,1.468,1,11,,Eléctrica Generation Facility espacio aéreo monitoreo | N-TET,"Eléctrica Generation Facility espacio aéreo monitoreo de N-TET para infraestructura eléctrica, con integración práctica, registros operativos y soporte de despliegue para equipos técnicos.",Eléctrica Generation Facility espacio aéreo monitoreo | N-TET,Eléctrica Generation Facility espacio aéreo monitoreo,Eléctrica Generation Facility espacio aéreo monitoreo Workflow | Especificaciones técnicas | Equipos relacionados | FAQ de la solucion | Solicitar solución y cotización | Resumen | Especificaciones técnicas | Equipos relacionados | FAQ de la solucion | Solicitar solución y cotización | Paginas relacionadas,.next/server/app/es/solutions/power-generation-facility-low-altitude-monitoring.html
/es/solutions/power-line-uav-intelligent-inspection-solution,es,strong,85,dron para inspección de líneas eléctricas,4,true,true,true,false,true,2556,18,0.704,1,12,H2 未命中关键词,Solución de dron para inspección de líneas eléctricas | N-TET,"dron para inspección de líneas eléctricas es el tema principal de esta página, con cobertura relacionada para inspección de líneas eléctricas con UAV, dron de inspección de torres, dron de inspección de servicios públicos.",dron para inspección de líneas eléctricas | inspección de líneas eléctricas con UAV | dron de inspección de torres | dron de inspección de servicios públicos,Solución de dron para inspección de líneas eléctricas,Flujo de inspección de líneas eléctricas con dron | Cómo los UAV mejoran la eficiencia operativa | Módulos de la solución | FAQ de la solucion | Solicitar solución y cotización | Resumen | Necesidades de la industria | Cómo los UAV mejoran la operación | Módulos de la solución | FAQ de la solucion | Solicitar solución y cotización | Paginas relacionadas,.next/server/app/es/solutions/power-line-uav-intelligent-inspection-solution.html
/es/solutions/power-tower-inspection-uav-solution,es,strong,85,Eléctrica Tower inspección UAV solución,2,true,true,true,false,true,1900,21,1.105,1,11,H2 未命中关键词,Eléctrica Tower inspección UAV solución | N-TET,"Eléctrica Tower inspección UAV solución de N-TET para inspección, patrullaje, operaciones UAV, con integración práctica, registros operativos y soporte de despliegue para equipos técnicos.",Eléctrica Tower inspección UAV solución | N-TET,Eléctrica Tower inspección UAV solución,Equipos relacionados | Casos relacionados | FAQ de la solucion | Solicitar solución y cotización | Resumen | Especificaciones técnicas | Equipos relacionados | Casos relacionados | FAQ de la solucion | Solicitar solución y cotización | Paginas relacionadas,.next/server/app/es/solutions/power-tower-inspection-uav-solution.html
/es/solutions/smart-substation-autonomous-inspection-solution,es,strong,85,Smart subestación Autonomous UAV inspección solución,2,true,true,true,false,true,1946,21,1.079,1,11,H2 未命中关键词,Smart subestación Autonomous UAV inspección solución | N-TET,"Smart subestación Autonomous UAV inspección solución de N-TET para inspección, patrullaje, operaciones UAV, con integración práctica, registros operativos y soporte de despliegue para equipos técnicos.",Smart subestación Autonomous UAV inspección solución | N-TET,Smart subestación Autonomous UAV inspección solución,Equipos relacionados | Casos relacionados | FAQ de la solucion | Solicitar solución y cotización | Resumen | Especificaciones técnicas | Equipos relacionados | Casos relacionados | FAQ de la solucion | Solicitar solución y cotización | Paginas relacionadas,.next/server/app/es/solutions/smart-substation-autonomous-inspection-solution.html
/es/solutions/smart-substation-unattended-uav-inspection-solution,es,strong,100,inspección autónoma de subestaciones inteligentes,4,true,true,true,true,true,2488,20,0.804,1,16,,Solución de inspección autónoma de subestaciones inteligentes | N-TET,"inspección autónoma de subestaciones inteligentes es el tema principal de esta página, con cobertura relacionada para dron de inspección de subestaciones, inspección UAV de servicios eléctricos, inspección autónoma UAV.",inspección autónoma de subestaciones inteligentes | dron de inspección de subestaciones | inspección UAV de servicios eléctricos | inspección autónoma UAV,Solución de inspección autónoma de subestaciones inteligentes,Flujo de inspección autónoma de subestaciones inteligentes | How UAVs Upgrade Substation Inspection | Módulos de la solución | Equipos relacionados | Casos relacionados | FAQ de la solucion | Solicitar solución y cotización | Resumen | Necesidades de la industria | How UAVs Upgrade Substation Inspection | Módulos de la solución | Equipos relacionados | Casos relacionados | FAQ de la solucion | Solicitar solución y cotización | Paginas relacionadas,.next/server/app/es/solutions/smart-substation-unattended-uav-inspection-solution.html
/es/solutions/sports-event-security,es,strong,100,Large evento deportivo seguridad Protection,2,true,true,true,true,true,2374,21,0.885,1,14,,Large evento deportivo seguridad Protection | N-TET,"Large evento deportivo seguridad Protection de N-TET para inspección, seguridad de sitio, con integración práctica, registros operativos y soporte de despliegue para equipos técnicos.",Large evento deportivo seguridad Protection | N-TET,Large evento deportivo seguridad Protection,Large evento deportivo seguridad Protection Workflow | How Integrated Monitoring and Screening Support Large Events | Módulos de la solución | Equipos relacionados | FAQ de la solucion | Solicitar solución y cotización | Resumen | Necesidades de la industria | How Integrated Monitoring and Screening Support Large Events | Módulos de la solución | Equipos relacionados | FAQ de la solucion | Solicitar solución y cotización | Paginas relacionadas,.next/server/app/es/solutions/sports-event-security.html
/es/solutions/tethered-lighting-uav-solution,es,strong,85,Cautivo iluminación UAV solución,2,true,true,true,false,true,1894,21,1.109,1,11,H2 未命中关键词,Cautivo iluminación UAV solución | N-TET,"Cautivo iluminación UAV solución de N-TET para respuesta de emergencia, iluminación operativa, con integración práctica, registros operativos y soporte de despliegue para equipos técnicos.",Cautivo iluminación UAV solución | N-TET,Cautivo iluminación UAV solución,Equipos relacionados | Casos relacionados | FAQ de la solucion | Solicitar solución y cotización | Resumen | Especificaciones técnicas | Equipos relacionados | Casos relacionados | FAQ de la solucion | Solicitar solución y cotización | Paginas relacionadas,.next/server/app/es/solutions/tethered-lighting-uav-solution.html
/es/solutions/uav-maritime-emergency-rescue,es,strong,100,UAV marítimo emergencia rescate,2,true,true,true,true,true,1884,25,1.327,1,11,,UAV marítimo emergencia rescate | N-TET,"UAV marítimo emergencia rescate de N-TET para respuesta de emergencia, operaciones UAV, con integración práctica, registros operativos y soporte de despliegue para equipos técnicos.",UAV marítimo emergencia rescate | N-TET,UAV marítimo emergencia rescate,UAV marítimo emergencia rescate Workflow | Especificaciones técnicas | Equipos relacionados | FAQ de la solucion | Solicitar solución y cotización | Resumen | Especificaciones técnicas | Equipos relacionados | FAQ de la solucion | Solicitar solución y cotización | Paginas relacionadas,.next/server/app/es/solutions/uav-maritime-emergency-rescue.html
/es/solutions/uav-maritime-patrol,es,strong,100,UAV de patrullaje marítimo,4,true,true,true,true,true,2344,19,0.811,1,16,,Solución UAV de patrullaje marítimo | N-TET,"UAV de patrullaje marítimo es el tema principal de esta página, con cobertura relacionada para dron de monitoreo costero, UAV de patrullaje fronterizo, UAV para patrullaje fronterizo.",UAV de patrullaje marítimo | dron de monitoreo costero | UAV de patrullaje fronterizo | UAV para patrullaje fronterizo,Solución UAV de patrullaje marítimo,Flujo UAV de patrullaje marítimo | Cómo los UAV mejoran la eficiencia operativa | Módulos de la solución | Equipos relacionados | Casos relacionados | FAQ de la solucion | Solicitar solución y cotización | Resumen | Necesidades de la industria | Cómo los UAV mejoran la operación | Módulos de la solución | Equipos relacionados | Casos relacionados | FAQ de la solucion | Solicitar solución y cotización | Paginas relacionadas,.next/server/app/es/solutions/uav-maritime-patrol.html
/es/solutions/urban-high-rise-firefighting-emergency-uav-solution,es,strong,100,dron contra incendios,4,true,true,true,true,true,2529,19,0.751,1,16,,Solución de dron contra incendios | N-TET,"dron contra incendios es el tema principal de esta página, con cobertura relacionada para UAV contra incendios en edificios altos, dron para combatir incendios, drones contra incendios.",dron contra incendios | UAV contra incendios en edificios altos | dron para combatir incendios | drones contra incendios,Solución de dron contra incendios,Flujo de trabajo con dron contra incendios | Cómo los UAV mejoran la eficiencia operativa | Módulos de la solución | Equipos relacionados | Casos relacionados | FAQ de la solucion | Solicitar solución y cotización | Resumen | Necesidades de la industria | Cómo los UAV mejoran la operación | Módulos de la solución | Equipos relacionados | Casos relacionados | FAQ de la solucion | Solicitar solución y cotización | Paginas relacionadas,.next/server/app/es/solutions/urban-high-rise-firefighting-emergency-uav-solution.html
/es/solutions/water-conservancy-monitoring-uav-solution,es,strong,85,Gestión hídrica monitoreo UAV solución,2,true,true,true,false,true,1897,21,1.107,1,11,H2 未命中关键词,Gestión hídrica monitoreo UAV solución | N-TET,"Gestión hídrica monitoreo UAV solución de N-TET para inspección, monitoreo, operaciones UAV, con integración práctica, registros operativos y soporte de despliegue para equipos técnicos.",Gestión hídrica monitoreo UAV solución | N-TET,Gestión hídrica monitoreo UAV solución,Equipos relacionados | Casos relacionados | FAQ de la solucion | Solicitar solución y cotización | Resumen | Especificaciones técnicas | Equipos relacionados | Casos relacionados | FAQ de la solucion | Solicitar solución y cotización | Paginas relacionadas,.next/server/app/es/solutions/water-conservancy-monitoring-uav-solution.html
/es/solutions/water-conservancy-river-lake-uav-monitoring-solution,es,strong,85,UAV de monitoreo de recursos hídricos,4,true,true,true,false,true,2685,18,0.670,1,16,H2 未命中关键词,Solución UAV de monitoreo de recursos hídricos | N-TET,"UAV de monitoreo de recursos hídricos es el tema principal de esta página, con cobertura relacionada para UAV de inspección de presas, monitoreo UAV de ríos y lagos, dron de monitoreo de inundaciones.",UAV de monitoreo de recursos hídricos | UAV de inspección de presas | monitoreo UAV de ríos y lagos | dron de monitoreo de inundaciones,Solución UAV de monitoreo de recursos hídricos,Flujo de monitoreo UAV de recursos hídricos | Cómo los UAV mejoran la eficiencia operativa | Módulos de la solución | Equipos relacionados | Casos relacionados | FAQ de la solucion | Solicitar solución y cotización | Resumen | Necesidades de la industria | Cómo los UAV mejoran la operación | Módulos de la solución | Equipos relacionados | Casos relacionados | FAQ de la solucion | Solicitar solución y cotización | Paginas relacionadas,.next/server/app/es/solutions/water-conservancy-river-lake-uav-monitoring-solution.html
/ru,ru,strong,85,промышленные БПЛА,4,true,true,true,false,true,1153,6,0.520,1,11,H2 未命中关键词,Промышленные БПЛА для низковысотных операций | N-TET,"промышленные БПЛА является основной темой этой страницы; также раскрываются связанные задачи: мониторинг низкой высоты, инспекционный БПЛА, аварийный БПЛА.",промышленные БПЛА | мониторинг низкой высоты | инспекционный БПЛА | аварийный БПЛА,Промышленные БПЛА для низковысотных операций,Решения | Продукты | Дрон для мониторинга водных ресурсов | Кейсы | О компании | Новости | Решения | Продукты | Кейсы | О компании | Новости,.next/server/app/ru.html
/ru/about,ru,strong,85,интегратор промышленных систем БПЛА,4,true,true,true,false,true,1125,5,0.444,1,5,H2 未命中关键词,N-TET: интегратор промышленных систем БПЛА,"N-TET - интегратор промышленных систем БПЛА и поставщик решений для мониторинга низкой высоты, инспекционных процессов и технологий безопасности.",интегратор промышленных систем БПЛА | поставщик систем БПЛА | поставщик решений для мониторинга низкой высоты | интегратор технологий безопасности,N-TET: интегратор промышленных систем БПЛА,Возможности интеграции промышленных систем БПЛА | Команда R&D | Профиль компании | Команда R&D | Запросить решение и КП,.next/server/app/ru/about.html
/ru/accessories,ru,strong,95,аксессуары для БПЛА,5,true,true,true,true,true,1267,55,4.341,1,11,关键词密度偏高，需要检查堆砌风险,Аксессуары и компоненты БПЛА | N-TET,"аксессуары для БПЛА является основной темой этой страницы; также раскрываются связанные задачи: компоненты БПЛА, подвес БПЛА, двигатель БПЛА.",аксессуары для БПЛА | компоненты БПЛА | подвес БПЛА | двигатель БПЛА | канал передачи данных БПЛА,Аксессуары и компоненты БПЛА,Аксессуары для дронов и компоненты БПЛА для промышленных платформ | Полетные контроллеры | Электродвигатели БПЛА | Пропеллеры БПЛА | Аккумуляторы БПЛА | Электрооптические подвесы | Двигатели БПЛА | Каналы передачи данных БПЛА | Пульты управления БПЛА | FAQ по аксессуарам для дронов | Запросить решение и КП,.next/server/app/ru/accessories.html
/ru/accessories/fc-bt1,ru,strong,85,Твердотельная батарея для БПЛА FC-BT1,4,true,false,true,true,true,3941,8,0.203,1,6,description 未命中关键词,Твердотельная батарея для БПЛА FC-BT1 | N-TET Drone Accessories,"FC-BT1 — серия твердотельных литий-ионных батарей 280Wh/kg, 4.2V 10C с емкостью 16Ah-30Ah для инспекционных, картографических, VTOL и мультикоптерных промышленных БПЛА, роботов и безэкипажных судов.",Твердотельная батарея для БПЛА FC-BT1 | drone accessories | UAV components | industrial UAV parts,Твердотельная батарея для БПЛА FC-BT1,Твердотельная батарея для БПЛА FC-BT1 Technical Specifications | Запросить решение и КП | Обзор | Технические характеристики | Запросить решение и КП | Связанные страницы,.next/server/app/ru/accessories/fc-bt1.html
/ru/accessories/fc-bt2,ru,strong,85,Твердотельная батарея для БПЛА FC-BT2,4,true,false,true,true,true,3435,8,0.233,1,6,description 未命中关键词,Твердотельная батарея для БПЛА FC-BT2 | N-TET Drone Accessories,"FC-BT2 — обновленная серия на базе FC-BT1 с удельной энергией 310Wh/kg, улучшенной устойчивостью к ветру и безопасностью посадки для инспекционных, картографических, VTOL и мультикоптерных промышленных БПЛА.",Твердотельная батарея для БПЛА FC-BT2 | drone accessories | UAV components | industrial UAV parts,Твердотельная батарея для БПЛА FC-BT2,Твердотельная батарея для БПЛА FC-BT2 Technical Specifications | Запросить решение и КП | Обзор | Технические характеристики | Запросить решение и КП | Связанные страницы,.next/server/app/ru/accessories/fc-bt2.html
/ru/accessories/fc-bt3,ru,strong,85,Высоковольтная твердотельная батарея для БПЛА FC-BT3,4,true,false,true,true,true,3548,8,0.225,1,6,description 未命中关键词,Высоковольтная твердотельная батарея для БПЛА FC-BT3 | N-TET Drone Accessories,FC-BT3 — высоковольтная твердотельная серия 4.35V с более высоким разрядным током и меньшей просадкой напряжения для тяжелых VTOL-платформ и аппаратов с разной нагрузкой в вертикальном взлете и горизонтальном полете.,Высоковольтная твердотельная батарея для БПЛА FC-BT3 | drone accessories | UAV components | industrial UAV parts,Высоковольтная твердотельная батарея для БПЛА FC-BT3,Высоковольтная твердотельная батарея для БПЛА FC-BT3 Technical Specifications | Запросить решение и КП | Обзор | Технические характеристики | Запросить решение и КП | Связанные страницы,.next/server/app/ru/accessories/fc-bt3.html
/ru/accessories/fc-bt4,ru,strong,85,Высокоэнергетическая твердотельная батарея для БПЛА FC-BT4,4,true,false,true,true,true,5416,8,0.148,1,6,description 未命中关键词,Высокоэнергетическая твердотельная батарея для БПЛА FC-BT4 | N-TET Drone Accessories,"FC-BT4 — твердотельная серия с удельной энергией 340Wh/kg, сочетающая низкую просадку напряжения, безопасность, длительный срок службы и экономичность для разведывательных, солнечных, картографических, охранных и дальнолетных БПЛА.",Высокоэнергетическая твердотельная батарея для БПЛА FC-BT4 | drone accessories | UAV components | industrial UAV parts,Высокоэнергетическая твердотельная батарея для БПЛА FC-BT4,Высокоэнергетическая твердотельная батарея для БПЛА FC-BT4 Technical Specifications | Запросить решение и КП | Обзор | Технические характеристики | Запросить решение и КП | Связанные страницы,.next/server/app/ru/accessories/fc-bt4.html
/ru/accessories/fc-btg,ru,strong,85,Учебная твердотельная батарея для БПЛА FC-BTG,4,true,false,true,true,true,2676,8,0.299,1,6,description 未命中关键词,Учебная твердотельная батарея для БПЛА FC-BTG | N-TET Drone Accessories,"FC-BTG — экономичная серия твердотельных батарей для обучения, логистики и энергетических работ, включающая конфигурации FC-BTG-TG1 и FC-BTG-TG3 со стабильной отдачей, длительным полетом и адаптацией к учебной практике.",Учебная твердотельная батарея для БПЛА FC-BTG | drone accessories | UAV components | industrial UAV parts,Учебная твердотельная батарея для БПЛА FC-BTG,Учебная твердотельная батарея для БПЛА FC-BTG Technical Specifications | Запросить решение и КП | Обзор | Технические характеристики | Запросить решение и КП | Связанные страницы,.next/server/app/ru/accessories/fc-btg.html
/ru/accessories/fc-c2d-propeller,ru,strong,85,Пропеллер БПЛА FC-C2D,4,true,false,true,true,true,1523,6,0.394,1,6,description 未命中关键词,Пропеллер БПЛА FC-C2D | N-TET Drone Accessories,Диапазон размеров: 11~42 дюймов; максимальная тяга: 12.42kgf (7000RPM); пиковая эффективность винта: 11.08gf/W (2821RPM).,Пропеллер БПЛА FC-C2D | drone accessories | UAV components | industrial UAV parts,Пропеллер БПЛА FC-C2D,Пропеллер БПЛА FC-C2D Technical Specifications | Запросить решение и КП | Обзор | Технические характеристики | Запросить решение и КП | Связанные страницы,.next/server/app/ru/accessories/fc-c2d-propeller.html
/ru/accessories/fc-c2e-propeller,ru,strong,85,Пропеллер БПЛА FC-C2E,4,true,false,true,true,true,1461,6,0.411,1,6,description 未命中关键词,Пропеллер БПЛА FC-C2E | N-TET Drone Accessories,Диапазон размеров: 8~32 дюймов; максимальная тяга: 10.84kgf (6261RPM); пиковая эффективность винта: 10.83gf/W (3442RPM).,Пропеллер БПЛА FC-C2E | drone accessories | UAV components | industrial UAV parts,Пропеллер БПЛА FC-C2E,Пропеллер БПЛА FC-C2E Technical Specifications | Запросить решение и КП | Обзор | Технические характеристики | Запросить решение и КП | Связанные страницы,.next/server/app/ru/accessories/fc-c2e-propeller.html
/ru/accessories/fc-c2t-propeller,ru,strong,85,Пропеллер БПЛА FC-C2T,4,true,false,true,true,true,1509,6,0.398,1,6,description 未命中关键词,Пропеллер БПЛА FC-C2T | N-TET Drone Accessories,Диапазон размеров: 14~46 дюймов; максимальная тяга: 24.99kgf (7850RPM); пиковая эффективность винта: 8.49gf/W (3036RPM).,Пропеллер БПЛА FC-C2T | drone accessories | UAV components | industrial UAV parts,Пропеллер БПЛА FC-C2T,Пропеллер БПЛА FC-C2T Technical Specifications | Запросить решение и КП | Обзор | Технические характеристики | Запросить решение и КП | Связанные страницы,.next/server/app/ru/accessories/fc-c2t-propeller.html
/ru/accessories/fc-c2u-propeller,ru,strong,85,Пропеллер БПЛА FC-C2U,4,true,false,true,true,true,1499,6,0.400,1,6,description 未命中关键词,Пропеллер БПЛА FC-C2U | N-TET Drone Accessories,Диапазон размеров: 16~47 дюймов; максимальная тяга: 38.70kgf (7279RPM); пиковая эффективность винта: 12.63gf/W (2309RPM).,Пропеллер БПЛА FC-C2U | drone accessories | UAV components | industrial UAV parts,Пропеллер БПЛА FC-C2U,Пропеллер БПЛА FC-C2U Technical Specifications | Запросить решение и КП | Обзор | Технические характеристики | Запросить решение и КП | Связанные страницы,.next/server/app/ru/accessories/fc-c2u-propeller.html
/ru/accessories/fc-c2ud-propeller,ru,strong,85,Пропеллер БПЛА FC-C2UD,4,true,false,true,true,true,1551,6,0.387,1,6,description 未命中关键词,Пропеллер БПЛА FC-C2UD | N-TET Drone Accessories,Диапазон размеров: 18~40 дюймов; максимальная тяга: 37.65kgf (7838RPM); пиковая эффективность винта: 6.64gf/W (3720RPM).,Пропеллер БПЛА FC-C2UD | drone accessories | UAV components | industrial UAV parts,Пропеллер БПЛА FC-C2UD,Пропеллер БПЛА FC-C2UD Technical Specifications | Запросить решение и КП | Обзор | Технические характеристики | Запросить решение и КП | Связанные страницы,.next/server/app/ru/accessories/fc-c2ud-propeller.html
/ru/accessories/fc-fdj-111,ru,strong,100,Двигатель БПЛА FC-FDJ-111,4,true,true,true,true,true,1297,8,0.617,1,6,,Двигатель БПЛА FC-FDJ-111 | N-TET Drone Accessories,"Двигатель БПЛА FC-FDJ-111: рабочий объем 111.2cm3, мощность/характеристика 11.2HP/7500rpm, статическая тяга 25.5kg/высота 100м.",Двигатель БПЛА FC-FDJ-111 | drone accessories | UAV components | industrial UAV parts,Двигатель БПЛА FC-FDJ-111,Двигатель БПЛА FC-FDJ-111 Technical Specifications | Запросить решение и КП | Обзор | Технические характеристики | Запросить решение и КП | Связанные страницы,.next/server/app/ru/accessories/fc-fdj-111.html
/ru/accessories/fc-fdj-120,ru,strong,100,Двигатель БПЛА FC-FDJ-120,4,true,true,true,true,true,1277,8,0.626,1,6,,Двигатель БПЛА FC-FDJ-120 | N-TET Drone Accessories,"Двигатель БПЛА FC-FDJ-120: рабочий объем 120cm3, мощность/характеристика 12HP/7500rpm, статическая тяга 26.5kg/высота 100м.",Двигатель БПЛА FC-FDJ-120 | drone accessories | UAV components | industrial UAV parts,Двигатель БПЛА FC-FDJ-120,Двигатель БПЛА FC-FDJ-120 Technical Specifications | Запросить решение и КП | Обзор | Технические характеристики | Запросить решение и КП | Связанные страницы,.next/server/app/ru/accessories/fc-fdj-120.html
/ru/accessories/fc-fdj-120hd,ru,strong,100,Двигатель БПЛА FC-FDJ-120HD,4,true,true,true,true,true,1241,8,0.645,1,6,,Двигатель БПЛА FC-FDJ-120HD | N-TET Drone Accessories,"Двигатель БПЛА FC-FDJ-120HD: рабочий объем 120cm3, мощность/характеристика 7.35KW(0высота)/8000rpm.",Двигатель БПЛА FC-FDJ-120HD | drone accessories | UAV components | industrial UAV parts,Двигатель БПЛА FC-FDJ-120HD,Двигатель БПЛА FC-FDJ-120HD Technical Specifications | Запросить решение и КП | Обзор | Технические характеристики | Запросить решение и КП | Связанные страницы,.next/server/app/ru/accessories/fc-fdj-120hd.html
/ru/accessories/fc-fdj-170,ru,strong,100,Двигатель БПЛА FC-FDJ-170,4,true,true,true,true,true,1267,8,0.631,1,6,,Двигатель БПЛА FC-FDJ-170 | N-TET Drone Accessories,"Двигатель БПЛА FC-FDJ-170: рабочий объем 170cm3, мощность/характеристика 17.5HP/7500rpm, статическая тяга 35kg/высота 100м.",Двигатель БПЛА FC-FDJ-170 | drone accessories | UAV components | industrial UAV parts,Двигатель БПЛА FC-FDJ-170,Двигатель БПЛА FC-FDJ-170 Technical Specifications | Запросить решение и КП | Обзор | Технические характеристики | Запросить решение и КП | Связанные страницы,.next/server/app/ru/accessories/fc-fdj-170.html
/ru/accessories/fc-fdj-200,ru,strong,100,Двигатель БПЛА FC-FDJ-200,4,true,true,true,true,true,1253,8,0.638,1,6,,Двигатель БПЛА FC-FDJ-200 | N-TET Drone Accessories,"Двигатель БПЛА FC-FDJ-200: рабочий объем 200CC, мощность/характеристика 20HP/7500rpm.",Двигатель БПЛА FC-FDJ-200 | drone accessories | UAV components | industrial UAV parts,Двигатель БПЛА FC-FDJ-200,Двигатель БПЛА FC-FDJ-200 Technical Specifications | Запросить решение и КП | Обзор | Технические характеристики | Запросить решение и КП | Связанные страницы,.next/server/app/ru/accessories/fc-fdj-200.html
/ru/accessories/fc-fdj-222,ru,strong,100,Двигатель БПЛА FC-FDJ-222,4,true,true,true,true,true,1277,8,0.626,1,6,,Двигатель БПЛА FC-FDJ-222 | N-TET Drone Accessories,"Двигатель БПЛА FC-FDJ-222: рабочий объем 222.5cm3, мощность/характеристика 21.5HP/7500rpm, статическая тяга 51kg/высота 100м.",Двигатель БПЛА FC-FDJ-222 | drone accessories | UAV components | industrial UAV parts,Двигатель БПЛА FC-FDJ-222,Двигатель БПЛА FC-FDJ-222 Technical Specifications | Запросить решение и КП | Обзор | Технические характеристики | Запросить решение и КП | Связанные страницы,.next/server/app/ru/accessories/fc-fdj-222.html
/ru/accessories/fc-fdj-430,ru,strong,100,Двигатель БПЛА FC-FDJ-430,4,true,true,true,true,true,1429,8,0.560,1,6,,Двигатель БПЛА FC-FDJ-430 | N-TET Drone Accessories,"Двигатель БПЛА FC-FDJ-430: рабочий объем 430.8cc, мощность/характеристика 42HP at 6800 RPM, статическая тяга 110kg.",Двигатель БПЛА FC-FDJ-430 | drone accessories | UAV components | industrial UAV parts,Двигатель БПЛА FC-FDJ-430,Двигатель БПЛА FC-FDJ-430 Technical Specifications | Запросить решение и КП | Обзор | Технические характеристики | Запросить решение и КП | Связанные страницы,.next/server/app/ru/accessories/fc-fdj-430.html
/ru/accessories/fc-fdj-55,ru,strong,100,Двигатель БПЛА FC-FDJ-55,4,true,true,true,true,true,1301,8,0.615,1,6,,Двигатель БПЛА FC-FDJ-55 | N-TET Drone Accessories,"Двигатель БПЛА FC-FDJ-55: рабочий объем 55.6cm3, мощность/характеристика 5.5HP/8500rpm, статическая тяга 14.5kg/высота 100м.",Двигатель БПЛА FC-FDJ-55 | drone accessories | UAV components | industrial UAV parts,Двигатель БПЛА FC-FDJ-55,Двигатель БПЛА FC-FDJ-55 Technical Specifications | Запросить решение и КП | Обзор | Технические характеристики | Запросить решение и КП | Связанные страницы,.next/server/app/ru/accessories/fc-fdj-55.html
/ru/accessories/fc-fdj-60,ru,strong,100,Двигатель БПЛА FC-FDJ-60,4,true,true,true,true,true,1277,8,0.626,1,6,,Двигатель БПЛА FC-FDJ-60 | N-TET Drone Accessories,"Двигатель БПЛА FC-FDJ-60: рабочий объем 61cm3, мощность/характеристика 7HP/8500rpm, статическая тяга 15.2kg/высота 100м.",Двигатель БПЛА FC-FDJ-60 | drone accessories | UAV components | industrial UAV parts,Двигатель БПЛА FC-FDJ-60,Двигатель БПЛА FC-FDJ-60 Technical Specifications | Запросить решение и КП | Обзор | Технические характеристики | Запросить решение и КП | Связанные страницы,.next/server/app/ru/accessories/fc-fdj-60.html
/ru/accessories/fc-fdj-61,ru,strong,100,Двигатель БПЛА FC-FDJ-61,4,true,true,true,true,true,1275,8,0.627,1,6,,Двигатель БПЛА FC-FDJ-61 | N-TET Drone Accessories,"Двигатель БПЛА FC-FDJ-61: рабочий объем 60cm3, мощность/характеристика 6HP/7500rpm, статическая тяга 15kg/высота 100м.",Двигатель БПЛА FC-FDJ-61 | drone accessories | UAV components | industrial UAV parts,Двигатель БПЛА FC-FDJ-61,Двигатель БПЛА FC-FDJ-61 Technical Specifications | Запросить решение и КП | Обзор | Технические характеристики | Запросить решение и КП | Связанные страницы,.next/server/app/ru/accessories/fc-fdj-61.html
/ru/accessories/fc-fdj-70hd,ru,strong,100,Двигатель БПЛА FC-FDJ-70HD,4,true,true,true,true,true,1243,8,0.644,1,6,,Двигатель БПЛА FC-FDJ-70HD | N-TET Drone Accessories,"Двигатель БПЛА FC-FDJ-70HD: рабочий объем 70cm3, мощность/характеристика 4.2KW(0высота)/8300rpm.",Двигатель БПЛА FC-FDJ-70HD | drone accessories | UAV components | industrial UAV parts,Двигатель БПЛА FC-FDJ-70HD,Двигатель БПЛА FC-FDJ-70HD Technical Specifications | Запросить решение и КП | Обзор | Технические характеристики | Запросить решение и КП | Связанные страницы,.next/server/app/ru/accessories/fc-fdj-70hd.html
/ru/accessories/fc-fdj-85,ru,strong,100,Двигатель БПЛА FC-FDJ-85,4,true,true,true,true,true,1275,8,0.627,1,6,,Двигатель БПЛА FC-FDJ-85 | N-TET Drone Accessories,"Двигатель БПЛА FC-FDJ-85: рабочий объем 85cm3, мощность/характеристика 8.5HP/9000rpm, статическая тяга 21kg/высота 100м.",Двигатель БПЛА FC-FDJ-85 | drone accessories | UAV components | industrial UAV parts,Двигатель БПЛА FC-FDJ-85,Двигатель БПЛА FC-FDJ-85 Technical Specifications | Запросить решение и КП | Обзор | Технические характеристики | Запросить решение и КП | Связанные страницы,.next/server/app/ru/accessories/fc-fdj-85.html
/ru/accessories/fc-l10tr-three-light-gimbal,ru,strong,100,FC-L10TR электрооптический подвес,4,true,true,true,true,true,1763,8,0.454,1,6,,FC-L10TR электрооптический подвес | N-TET Drone Accessories,"FC-L10TR электрооптический подвес: 10x непрерывный оптический зум + тепловизор + лазерный дальномер 905nm; лазерное измерение 5m-1500m, вес <=800g.",FC-L10TR электрооптический подвес | drone accessories | UAV components | industrial UAV parts,FC-L10TR электрооптический подвес,FC-L10TR электрооптический подвес Technical Specifications | Запросить решение и КП | Обзор | Технические характеристики | Запросить решение и КП | Связанные страницы,.next/server/app/ru/accessories/fc-l10tr-three-light-gimbal.html
/ru/accessories/fc-l40-smart-optical-pod,ru,strong,100,FC-L40 электрооптический подвес,4,true,true,true,true,true,1615,8,0.495,1,6,,FC-L40 электрооптический подвес | N-TET Drone Accessories,"FC-L40 электрооптический подвес: 40x оптический зум в видимом свете; вес <=1kg, габариты <=Phi115mm x 175mm.",FC-L40 электрооптический подвес | drone accessories | UAV components | industrial UAV parts,FC-L40 электрооптический подвес,FC-L40 электрооптический подвес Technical Specifications | Запросить решение и КП | Обзор | Технические характеристики | Запросить решение и КП | Связанные страницы,.next/server/app/ru/accessories/fc-l40-smart-optical-pod.html
/ru/accessories/fc-l40t-dual-light-gimbal,ru,strong,100,FC-L40T электрооптический подвес,4,true,true,true,true,true,1709,8,0.468,1,6,,FC-L40T электрооптический подвес | N-TET Drone Accessories,"FC-L40T электрооптический подвес: видимый свет 1920x1080, диапазон зума 40x 4.25-170mm; тепловизор 640x512, вес <=1.1kg.",FC-L40T электрооптический подвес | drone accessories | UAV components | industrial UAV parts,FC-L40T электрооптический подвес,FC-L40T электрооптический подвес Technical Specifications | Запросить решение и КП | Обзор | Технические характеристики | Запросить решение и КП | Связанные страницы,.next/server/app/ru/accessories/fc-l40t-dual-light-gimbal.html
/ru/accessories/fc-l40tr-smart-optical-pod,ru,strong,100,FC-L40TR электрооптический подвес,4,true,true,true,true,true,1751,8,0.457,1,6,,FC-L40TR электрооптический подвес | N-TET Drone Accessories,"FC-L40TR электрооптический подвес: 40x видимый свет + тепловизор 640x512 + лазерный дальномер 1535nm; лазерное измерение 20m-3000m, вес <=1.3kg.",FC-L40TR электрооптический подвес | drone accessories | UAV components | industrial UAV parts,FC-L40TR электрооптический подвес,FC-L40TR электрооптический подвес Technical Specifications | Запросить решение и КП | Обзор | Технические характеристики | Запросить решение и КП | Связанные страницы,.next/server/app/ru/accessories/fc-l40tr-smart-optical-pod.html
/ru/accessories/fc-l50-smart-optical-pod,ru,strong,100,FC-L50 электрооптический подвес,4,true,true,true,true,true,1603,8,0.499,1,6,,FC-L50 электрооптический подвес | N-TET Drone Accessories,"FC-L50 электрооптический подвес: неохлаждаемый ИК-модуль 1280 x 1024; тепловизионное фокусное расстояние 50mm, вес <=1.5kg.",FC-L50 электрооптический подвес | drone accessories | UAV components | industrial UAV parts,FC-L50 электрооптический подвес,FC-L50 электрооптический подвес Technical Specifications | Запросить решение и КП | Обзор | Технические характеристики | Запросить решение и КП | Связанные страницы,.next/server/app/ru/accessories/fc-l50-smart-optical-pod.html
/ru/accessories/fc-ln100-dual-light-gimbal,ru,strong,100,FC-LN100 электрооптический подвес,4,true,true,true,true,true,1701,8,0.470,1,6,,FC-LN100 электрооптический подвес | N-TET Drone Accessories,"FC-LN100 электрооптический подвес: 4K видимый свет с фиксированным фокусом + тепловизор 640x512; вес <=260g, среднее энергопотребление 10w.",FC-LN100 электрооптический подвес | drone accessories | UAV components | industrial UAV parts,FC-LN100 электрооптический подвес,FC-LN100 электрооптический подвес Technical Specifications | Запросить решение и КП | Обзор | Технические характеристики | Запросить решение и КП | Связанные страницы,.next/server/app/ru/accessories/fc-ln100-dual-light-gimbal.html
/ru/accessories/fc-ln95-dual-light-gimbal,ru,strong,100,FC-LN95 электрооптический подвес,4,true,true,true,true,true,1777,8,0.450,1,6,,FC-LN95 электрооптический подвес | N-TET Drone Accessories,"FC-LN95 электрооптический подвес: две камеры видимого света с фиксированным фокусом, разрешение 3840x2160; вес <=260g, габариты <=Phi64mm x 90mm.",FC-LN95 электрооптический подвес | drone accessories | UAV components | industrial UAV parts,FC-LN95 электрооптический подвес,FC-LN95 электрооптический подвес Technical Specifications | Запросить решение и КП | Обзор | Технические характеристики | Запросить решение и КП | Связанные страницы,.next/server/app/ru/accessories/fc-ln95-dual-light-gimbal.html
/ru/accessories/fc-max-5330,ru,strong,100,Двигатель БПЛА FC-MAX 5330,4,true,true,true,true,true,4690,8,0.171,1,6,,Двигатель БПЛА FC-MAX 5330 | N-TET Drone Accessories,Двигатель БПЛА FC-MAX 5330 ключевые параметры: Макс. тяга: 11 kg / 11.5 kg; Номинальное рабочее напряжение: 12S; Значение KV: 220 KV / 260 KV.,Двигатель БПЛА FC-MAX 5330 | drone accessories | UAV components | industrial UAV parts,Двигатель БПЛА FC-MAX 5330,Двигатель БПЛА FC-MAX 5330 Technical Specifications | Запросить решение и КП | Обзор | Технические характеристики | Запросить решение и КП | Связанные страницы,.next/server/app/ru/accessories/fc-max-5330.html
/ru/accessories/fc-mesh-100,ru,strong,85,FC-Mesh-100 канал передачи данных БПЛА,4,true,false,true,true,true,1683,6,0.357,1,6,description 未命中关键词,FC-Mesh-100 канал передачи данных БПЛА | N-TET Drone Accessories,"FC-Mesh-100 — бортовая самоорганизующаяся радиостанция для многоточечной связи БПЛА, ретрансляции и координации воздух-земля.",FC-Mesh-100 канал передачи данных БПЛА | drone accessories | UAV components | industrial UAV parts,FC-Mesh-100 канал передачи данных БПЛА,FC-Mesh-100 канал передачи данных БПЛА Technical Specifications | Запросить решение и КП | Обзор | Технические характеристики | Запросить решение и КП | Связанные страницы,.next/server/app/ru/accessories/fc-mesh-100.html
/ru/accessories/fc-mini-l10tr-smart-optical-pod,ru,strong,100,FC-MiniL10TR электрооптический подвес,4,true,true,true,true,true,1775,8,0.451,1,6,,FC-MiniL10TR электрооптический подвес | N-TET Drone Accessories,"FC-MiniL10TR электрооптический подвес: 48MP видимый свет с 10x гибридным зумом + ИК + лазерный дальномер; вес <=400g, габариты <=95mm x 97mm x 147mm.",FC-MiniL10TR электрооптический подвес | drone accessories | UAV components | industrial UAV parts,FC-MiniL10TR электрооптический подвес,FC-MiniL10TR электрооптический подвес Technical Specifications | Запросить решение и КП | Обзор | Технические характеристики | Запросить решение и КП | Связанные страницы,.next/server/app/ru/accessories/fc-mini-l10tr-smart-optical-pod.html
/ru/accessories/fc-pab-propeller,ru,strong,85,Пропеллер БПЛА FC-PAB,4,true,false,true,true,true,1517,6,0.396,1,6,description 未命中关键词,Пропеллер БПЛА FC-PAB | N-TET Drone Accessories,Диапазон размеров: 15.2~36.2 дюймов; максимальная тяга: 26.41kgf (4817RPM); пиковая эффективность винта: 17.52gf/W (1476RPM).,Пропеллер БПЛА FC-PAB | drone accessories | UAV components | industrial UAV parts,Пропеллер БПЛА FC-PAB,Пропеллер БПЛА FC-PAB Technical Specifications | Запросить решение и КП | Обзор | Технические характеристики | Запросить решение и КП | Связанные страницы,.next/server/app/ru/accessories/fc-pab-propeller.html
/ru/accessories/fc-pad-propeller,ru,strong,85,Пропеллер БПЛА FC-PAD,4,true,false,true,true,true,1513,6,0.397,1,6,description 未命中关键词,Пропеллер БПЛА FC-PAD | N-TET Drone Accessories,Диапазон размеров: 18.3~46.3 дюймов; максимальная тяга: 25.10kgf (4663RPM); пиковая эффективность винта: 13.99gf/W (1825RPM).,Пропеллер БПЛА FC-PAD | drone accessories | UAV components | industrial UAV parts,Пропеллер БПЛА FC-PAD,Пропеллер БПЛА FC-PAD Technical Specifications | Запросить решение и КП | Обзор | Технические характеристики | Запросить решение и КП | Связанные страницы,.next/server/app/ru/accessories/fc-pad-propeller.html
/ru/accessories/fc-pae-propeller,ru,strong,85,Пропеллер БПЛА FC-PAE,4,true,false,true,true,true,1515,6,0.396,1,6,description 未命中关键词,Пропеллер БПЛА FC-PAE | N-TET Drone Accessories,Диапазон размеров: 18.3~32.3 дюймов; максимальная тяга: 6.42kgf (6520RPM); пиковая эффективность винта: 20.14gf/W (1820RPM).,Пропеллер БПЛА FC-PAE | drone accessories | UAV components | industrial UAV parts,Пропеллер БПЛА FC-PAE,Пропеллер БПЛА FC-PAE Technical Specifications | Запросить решение и КП | Обзор | Технические характеристики | Запросить решение и КП | Связанные страницы,.next/server/app/ru/accessories/fc-pae-propeller.html
/ru/accessories/fc-pbf-propeller,ru,strong,85,Пропеллер БПЛА FC-PBF,4,true,false,true,true,true,1457,6,0.412,1,6,description 未命中关键词,Пропеллер БПЛА FC-PBF | N-TET Drone Accessories,Диапазон размеров: 16.1~48.1 дюймов; максимальная тяга: 43.52kgf (3373RPM); пиковая эффективность винта: 13.97gf/W (1385RPM).,Пропеллер БПЛА FC-PBF | drone accessories | UAV components | industrial UAV parts,Пропеллер БПЛА FC-PBF,Пропеллер БПЛА FC-PBF Technical Specifications | Запросить решение и КП | Обзор | Технические характеристики | Запросить решение и КП | Связанные страницы,.next/server/app/ru/accessories/fc-pbf-propeller.html
/ru/accessories/fc-rm10x,ru,strong,100,Двигатель БПЛА FC-RM10X,4,true,true,true,true,true,2023,8,0.395,1,6,,Двигатель БПЛА FC-RM10X | N-TET Drone Accessories,Двигатель БПЛА FC-RM10X ключевые параметры: Макс. тяга: 12081g/ось @48Vуровень моря; Рекомендуемая взлетная масса: 4500-6000g/ось @48Vуровень моря.,Двигатель БПЛА FC-RM10X | drone accessories | UAV components | industrial UAV parts,Двигатель БПЛА FC-RM10X,Двигатель БПЛА FC-RM10X Technical Specifications | Запросить решение и КП | Обзор | Технические характеристики | Запросить решение и КП | Связанные страницы,.next/server/app/ru/accessories/fc-rm10x.html
/ru/accessories/fc-rm30,ru,strong,100,Двигатель БПЛА FC-RM30,4,true,true,true,true,true,5385,8,0.149,1,6,,Двигатель БПЛА FC-RM30 | N-TET Drone Accessories,Двигатель БПЛА FC-RM30 ключевые параметры: Макс. тяга: 74.7 kg / 69.6 kg; Номинальное рабочее напряжение: 96S / 24S; Значение KV: 10 KV / 43 KV.,Двигатель БПЛА FC-RM30 | drone accessories | UAV components | industrial UAV parts,Двигатель БПЛА FC-RM30,Двигатель БПЛА FC-RM30 Technical Specifications | Запросить решение и КП | Обзор | Технические характеристики | Запросить решение и КП | Связанные страницы,.next/server/app/ru/accessories/fc-rm30.html
/ru/accessories/fc-sjl-100,ru,strong,85,FC-SJL-100 канал передачи данных БПЛА,4,true,false,true,true,true,1557,6,0.385,1,6,description 未命中关键词,FC-SJL-100 канал передачи данных БПЛА | N-TET Drone Accessories,FC-SJL-100 обеспечивает передачу видео и данных воздух-земля на 100 км+ с интерфейсной компоновкой J30J для БПЛА и роботизированных платформ.,FC-SJL-100 канал передачи данных БПЛА | drone accessories | UAV components | industrial UAV parts,FC-SJL-100 канал передачи данных БПЛА,FC-SJL-100 канал передачи данных БПЛА Technical Specifications | Запросить решение и КП | Обзор | Технические характеристики | Запросить решение и КП | Связанные страницы,.next/server/app/ru/accessories/fc-sjl-100.html
/ru/accessories/fc-sjl-200,ru,strong,85,FC-SJL-200 канал передачи данных БПЛА,4,true,false,true,true,true,1561,6,0.384,1,6,description 未命中关键词,FC-SJL-200 канал передачи данных БПЛА | N-TET Drone Accessories,"FC-SJL-200 — радиостанция сверхдальней передачи видео и данных БПЛА с дальностью 200 км+ для интегрированных каналов видео, телеметрии и управления.",FC-SJL-200 канал передачи данных БПЛА | drone accessories | UAV components | industrial UAV parts,FC-SJL-200 канал передачи данных БПЛА,FC-SJL-200 канал передачи данных БПЛА Technical Specifications | Запросить решение и КП | Обзор | Технические характеристики | Запросить решение и КП | Связанные страницы,.next/server/app/ru/accessories/fc-sjl-200.html
/ru/accessories/fc-sjl-30,ru,strong,85,FC-SJL-30 канал передачи данных БПЛА,4,true,false,true,true,true,1603,6,0.374,1,6,description 未命中关键词,FC-SJL-30 канал передачи данных БПЛА | N-TET Drone Accessories,"FC-SJL-30 — компактная радиостанция передачи видео и данных БПЛА для воздушно-наземных каналов HD-видео, аудио, телеметрии и управления на дальности 30 км+.",FC-SJL-30 канал передачи данных БПЛА | drone accessories | UAV components | industrial UAV parts,FC-SJL-30 канал передачи данных БПЛА,FC-SJL-30 канал передачи данных БПЛА Technical Specifications | Запросить решение и КП | Обзор | Технические характеристики | Запросить решение и КП | Связанные страницы,.next/server/app/ru/accessories/fc-sjl-30.html
/ru/accessories/fc-sjl-380,ru,strong,85,FC-SJL-380 канал передачи данных БПЛА,4,true,false,true,true,true,1567,6,0.383,1,6,description 未命中关键词,FC-SJL-380 канал передачи данных БПЛА | N-TET Drone Accessories,FC-SJL-380 поддерживает сверхдальнюю передачу видео и данных БПЛА на 380 км+ для распределенных сетей и каналов управления воздух-земля.,FC-SJL-380 канал передачи данных БПЛА | drone accessories | UAV components | industrial UAV parts,FC-SJL-380 канал передачи данных БПЛА,FC-SJL-380 канал передачи данных БПЛА Technical Specifications | Запросить решение и КП | Обзор | Технические характеристики | Запросить решение и КП | Связанные страницы,.next/server/app/ru/accessories/fc-sjl-380.html
/ru/accessories/fc-sjl-50,ru,strong,85,FC-SJL-50 канал передачи данных БПЛА,4,true,false,true,true,true,1595,6,0.376,1,6,description 未命中关键词,FC-SJL-50 канал передачи данных БПЛА | N-TET Drone Accessories,"FC-SJL-50 — легкая радиостанция передачи видео и данных БПЛА для HD-видео, телеметрии и управления на дальности 50 км+.",FC-SJL-50 канал передачи данных БПЛА | drone accessories | UAV components | industrial UAV parts,FC-SJL-50 канал передачи данных БПЛА,FC-SJL-50 канал передачи данных БПЛА Technical Specifications | Запросить решение и КП | Обзор | Технические характеристики | Запросить решение и КП | Связанные страницы,.next/server/app/ru/accessories/fc-sjl-50.html
/ru/accessories/fc-u10-pro,ru,strong,85,Полетный контроллер FC-U10-PRO,4,true,false,true,true,true,1309,6,0.458,1,6,description 未命中关键词,Полетный контроллер FC-U10-PRO | N-TET Drone Accessories,"FC-U10-PRO оснащен высокоточным модулем RTK, поддерживает питание 16V-120V, платформы до 16 роторов и резервное питание UPS для тяжелых БПЛА.",Полетный контроллер FC-U10-PRO | drone accessories | UAV components | industrial UAV parts,Полетный контроллер FC-U10-PRO,Полетный контроллер FC-U10-PRO Technical Specifications | Запросить решение и КП | Обзор | Технические характеристики | Запросить решение и КП | Связанные страницы,.next/server/app/ru/accessories/fc-u10-pro.html
/ru/accessories/fc-u110,ru,strong,100,Двигатель БПЛА FC-U110,4,true,true,true,true,true,5109,8,0.157,1,6,,Двигатель БПЛА FC-U110 | N-TET Drone Accessories,Двигатель БПЛА FC-U110 ключевые параметры: Макс. тяга: 45.5 kg; Номинальное рабочее напряжение: 12-14S; Значение KV: 140 KV.,Двигатель БПЛА FC-U110 | drone accessories | UAV components | industrial UAV parts,Двигатель БПЛА FC-U110,Двигатель БПЛА FC-U110 Technical Specifications | Запросить решение и КП | Обзор | Технические характеристики | Запросить решение и КП | Связанные страницы,.next/server/app/ru/accessories/fc-u110.html
/ru/accessories/fc-u12,ru,strong,85,Полетный контроллер FC-U12,4,true,false,true,true,true,1305,6,0.460,1,6,description 未命中关键词,Полетный контроллер FC-U12 | N-TET Drone Accessories,FC-U12 — компактный и простой в использовании полетный контроллер для малых и средних БПЛА с плотной компоновкой и расширяемыми каналами управления внешними устройствами.,Полетный контроллер FC-U12 | drone accessories | UAV components | industrial UAV parts,Полетный контроллер FC-U12,Полетный контроллер FC-U12 Technical Specifications | Запросить решение и КП | Обзор | Технические характеристики | Запросить решение и КП | Связанные страницы,.next/server/app/ru/accessories/fc-u12.html
/ru/accessories/fc-u8013,ru,strong,100,Двигатель БПЛА FC-U8013,4,true,true,true,true,true,1709,8,0.468,1,6,,Двигатель БПЛА FC-U8013 | N-TET Drone Accessories,Двигатель БПЛА FC-U8013 ключевые параметры: Макс. тяга: 14.5 kg / 15 kg / 16.3 kg; Номинальное рабочее напряжение: 12S; Значение KV: 135KV / 150KV / 170KV.,Двигатель БПЛА FC-U8013 | drone accessories | UAV components | industrial UAV parts,Двигатель БПЛА FC-U8013,Двигатель БПЛА FC-U8013 Technical Specifications | Запросить решение и КП | Обзор | Технические характеристики | Запросить решение и КП | Связанные страницы,.next/server/app/ru/accessories/fc-u8013.html
/ru/accessories/fc-u9-ag,ru,strong,85,Аграрный полетный контроллер FC-U9-AG,4,true,false,true,true,true,1372,6,0.437,1,6,description 未命中关键词,Аграрный полетный контроллер FC-U9-AG | N-TET Drone Accessories,"FC-U9-AG — профессиональная система управления полетом аграрных БПЛА для опрыскивания, разбрасывания, очистки и транспортировки грузов, с богатыми интерфейсами и простым управлением через приложение.",Аграрный полетный контроллер FC-U9-AG | drone accessories | UAV components | industrial UAV parts,Аграрный полетный контроллер FC-U9-AG,Аграрный полетный контроллер FC-U9-AG Technical Specifications | Запросить решение и КП | Обзор | Технические характеристики | Запросить решение и КП | Связанные страницы,.next/server/app/ru/accessories/fc-u9-ag.html
/ru/accessories/fc-w2u-propeller,ru,strong,85,Пропеллер БПЛА FC-W2U,4,true,false,true,true,true,1397,6,0.429,1,6,description 未命中关键词,Пропеллер БПЛА FC-W2U | N-TET Drone Accessories,Диапазон размеров: 24~40 дюймов; максимальная тяга: 68.92kgf (5353RPM); пиковая эффективность винта: 7.11gf/W (2354RPM).,Пропеллер БПЛА FC-W2U | drone accessories | UAV components | industrial UAV parts,Пропеллер БПЛА FC-W2U,Пропеллер БПЛА FC-W2U Technical Specifications | Запросить решение и КП | Обзор | Технические характеристики | Запросить решение и КП | Связанные страницы,.next/server/app/ru/accessories/fc-w2u-propeller.html
/ru/accessories/fc-x8030,ru,strong,100,Двигатель БПЛА FC-X8030,4,true,true,true,true,true,4273,8,0.187,1,6,,Двигатель БПЛА FC-X8030 | N-TET Drone Accessories,Двигатель БПЛА FC-X8030 ключевые параметры: Макс. тяга: 22.7 kg / 21.5 kg; Номинальное рабочее напряжение: 12S; Значение KV: 160 KV / 190 KV.,Двигатель БПЛА FC-X8030 | drone accessories | UAV components | industrial UAV parts,Двигатель БПЛА FC-X8030,Двигатель БПЛА FC-X8030 Technical Specifications | Запросить решение и КП | Обзор | Технические характеристики | Запросить решение и КП | Связанные страницы,.next/server/app/ru/accessories/fc-x8030.html
/ru/accessories/fc-xh14,ru,strong,100,Двигатель БПЛА FC-XH14,4,true,true,true,true,true,2421,8,0.330,1,6,,Двигатель БПЛА FC-XH14 | N-TET Drone Accessories,Двигатель БПЛА FC-XH14 ключевые параметры: Макс. тяга: 110 kg/ось（92V/108，уровень моря）; Рекомендуемая батарея: 24-28S （Lipo）.,Двигатель БПЛА FC-XH14 | drone accessories | UAV components | industrial UAV parts,Двигатель БПЛА FC-XH14,Двигатель БПЛА FC-XH14 Technical Specifications | Запросить решение и КП | Обзор | Технические характеристики | Запросить решение и КП | Связанные страницы,.next/server/app/ru/accessories/fc-xh14.html
/ru/accessories/fc-yk15-remote-controller,ru,strong,85,Пульт управления БПЛА FC-YK15,4,true,false,true,true,true,1548,6,0.388,1,6,description 未命中关键词,Пульт управления БПЛА FC-YK15 | N-TET Drone Accessories,"FC-YK15 - компактная ручная наземная станция с малой задержкой, трехкомпонентной HD-видеопередачей, интеграцией Android и двумя каналами 1080P для БПЛА, беспилотных машин, безэкипажных катеров и робототехнических платформ.",Пульт управления БПЛА FC-YK15 | drone accessories | UAV components | industrial UAV parts,Пульт управления БПЛА FC-YK15,Пульт управления БПЛА FC-YK15 Technical Specifications | Запросить решение и КП | Обзор | Технические характеристики | Запросить решение и КП | Связанные страницы,.next/server/app/ru/accessories/fc-yk15-remote-controller.html
/ru/accessories/fc-yk24-remote-controller,ru,strong,85,Пульт управления БПЛА FC-YK24,4,true,false,true,true,true,1738,6,0.345,1,6,description 未命中关键词,Пульт управления БПЛА FC-YK24 | N-TET Drone Accessories,"FC-YK24 - 16-канальный пульт для авиационных моделей с устойчивым управлением на 15 km за пределами прямой видимости, беспроводным сопряжением, настройкой приемника, OTA-обновлением, управлением несколькими аппаратами, ретрансляцией и беспр",Пульт управления БПЛА FC-YK24 | drone accessories | UAV components | industrial UAV parts,Пульт управления БПЛА FC-YK24,Пульт управления БПЛА FC-YK24 Technical Specifications | Запросить решение и КП | Обзор | Технические характеристики | Запросить решение и КП | Связанные страницы,.next/server/app/ru/accessories/fc-yk24-remote-controller.html
/ru/accessories/fc-yk32-remote-controller,ru,strong,85,Пульт управления БПЛА FC-YK32,4,true,false,true,true,true,1548,6,0.388,1,6,description 未命中关键词,Пульт управления БПЛА FC-YK32 | N-TET Drone Accessories,"FC-YK32 - промышленная ручная наземная станция, объединяющая дистанционное управление, передачу данных и беспроводную HD-видеопередачу, с дальностью до 15KM, двойным управлением, ретрансляцией и отображением телеметрии OSD.",Пульт управления БПЛА FC-YK32 | drone accessories | UAV components | industrial UAV parts,Пульт управления БПЛА FC-YK32,Пульт управления БПЛА FC-YK32 Technical Specifications | Запросить решение и КП | Обзор | Технические характеристики | Запросить решение и КП | Связанные страницы,.next/server/app/ru/accessories/fc-yk32-remote-controller.html
/ru/accessories/fc-ykrc7-remote-controller,ru,strong,85,Пульт управления БПЛА FC-YKRC7,4,true,false,true,true,true,1974,6,0.304,1,6,description 未命中关键词,Пульт управления БПЛА FC-YKRC7 | N-TET Drone Accessories,"FC-YKRC7 - высокопроизводительная ручная наземная станция с видеопередачей до 40KM, интеллектуальной двухдиапазонной связью 2.4G/5G и 7-дюймовым HD-экраном высокой яркости для управления промышленными мобильными платформами.",Пульт управления БПЛА FC-YKRC7 | drone accessories | UAV components | industrial UAV parts,Пульт управления БПЛА FC-YKRC7,Пульт управления БПЛА FC-YKRC7 Technical Specifications | Запросить решение и КП | Обзор | Технические характеристики | Запросить решение и КП | Связанные страницы,.next/server/app/ru/accessories/fc-ykrc7-remote-controller.html
/ru/cases,ru,strong,100,кейсы БПЛА,4,true,true,true,true,true,1164,9,0.773,1,3,,Кейсы БПЛА для инспекции и мониторинга | N-TET,"кейсы БПЛА является основной темой этой страницы; также раскрываются связанные задачи: патрулирование БПЛА, мониторинг низкой высоты, инспекция БПЛА.",кейсы БПЛА | патрулирование БПЛА | мониторинг низкой высоты | инспекция БПЛА,Кейсы БПЛА для инспекции и мониторинга,Кейсы БПЛА по регионам и сценариям | Запросить решение и КП | Запросить решение и КП,.next/server/app/ru/cases.html
/ru/cases/anhui-flood-season-uav-patrol,ru,strong,100,Аварийный паводковый патруль БПЛА в Аньхое,2,true,true,true,true,true,1231,7,0.569,1,7,,Аварийный паводковый патруль БПЛА в Аньхое | N-TET,Аварийный паводковый патруль БПЛА в Аньхое Для обеспечения безопасности линий электропередачи в летний паводковый сезон State Grid применил наши VTOL БПЛА самолетного типа для специального аварийного патрулирования плотного энергетического,Аварийный паводковый патруль БПЛА в Аньхое | N-TET,Аварийный паводковый патруль БПЛА в Аньхое,Аварийный паводковый патруль БПЛА в Аньхое Project Overview | Связанное оборудование | Запросить решение и КП | Обзор | Связанное оборудование | Запросить решение и КП | Связанные страницы,.next/server/app/ru/cases/anhui-flood-season-uav-patrol.html
/ru/cases/brazil-refinery-low-altitude-monitoring,ru,strong,85,Проект защиты нефтеперерабатывающего завода в Бразилии от БПЛА,2,true,false,true,true,true,1245,5,0.402,1,7,description 未命中关键词,Проект защиты нефтеперерабатывающего завода в Бразилии от БПЛА | N-TET,2025 Кейс защиты НПЗ в Бразилии Используемое оборудование: Стационарная система спектрального обнаружения Стационарная система согласованного реагирования Платформа управления Описание проекта: В 2025 году была успешно поставлена интегриров,Проект защиты нефтеперерабатывающего завода в Бразилии от БПЛА | N-TET,Проект защиты нефтеперерабатывающего завода в Бразилии от БПЛА,Проект защиты нефтеперерабатывающего завода в Бразилии от БПЛА Project Overview | Связанное оборудование | Запросить решение и КП | Обзор | Связанное оборудование | Запросить решение и КП | Связанные страницы,.next/server/app/ru/cases/brazil-refinery-low-altitude-monitoring.html
/ru/cases/ice-snow-emergency-uav-inspection,ru,strong,100,Аварийная инспекция БПЛА при снеголедовых бедствиях,2,true,true,true,true,true,1337,7,0.524,1,7,,Аварийная инспекция БПЛА при снеголедовых бедствиях | N-TET,"Аварийная инспекция БПЛА при снеголедовых бедствиях В условиях сильного холода -15 C State Grid использовал наши VTOL БПЛА с LiDAR для инспекции 400 км коридоров ЛЭП 500 кВ, включая линию Яньпин и линии Пинцзи I и II. Работы велись с пяти п",Аварийная инспекция БПЛА при снеголедовых бедствиях | N-TET,Аварийная инспекция БПЛА при снеголедовых бедствиях,Аварийная инспекция БПЛА при снеголедовых бедствиях Project Overview | Связанное оборудование | Запросить решение и КП | Обзор | Связанное оборудование | Запросить решение и КП | Связанные страницы,.next/server/app/ru/cases/ice-snow-emergency-uav-inspection.html
/ru/cases/lidar-tree-obstruction-uav-inspection,ru,strong,100,Инспекция древесных помех с LiDAR-БПЛА,2,true,true,true,true,true,1224,7,0.572,1,7,,Инспекция древесных помех с LiDAR-БПЛА | N-TET,Инспекция древесных помех с LiDAR-БПЛА Зимой 2024 года одна из компаний Southern Grid использовала VTOL БПЛА с интегрированной системой LiDAR для воздушного сканирования в рамках специальной проверки рисков древесных помех. Миссия получила,Инспекция древесных помех с LiDAR-БПЛА | N-TET,Инспекция древесных помех с LiDAR-БПЛА,Инспекция древесных помех с LiDAR-БПЛА Project Overview | Связанное оборудование | Запросить решение и КП | Обзор | Связанное оборудование | Запросить решение и КП | Связанные страницы,.next/server/app/ru/cases/lidar-tree-obstruction-uav-inspection.html
/ru/cases/nigeria-factory-low-altitude-monitoring,ru,strong,85,Защита промышленного комплекса в Нигерии от БПЛА,2,true,false,true,true,true,1224,5,0.408,1,7,description 未命中关键词,Защита промышленного комплекса в Нигерии от БПЛА | N-TET,2025 Кейс защиты промышленной группы в Нигерии Используемое оборудование: Системы обнаружения спектра Модули проверки данных воздушной обстановки Командная платформа Описание проекта: В 2025 году была развернута индивидуальная система управ,Защита промышленного комплекса в Нигерии от БПЛА | N-TET,Защита промышленного комплекса в Нигерии от БПЛА,Защита промышленного комплекса в Нигерии от БПЛА Project Overview | Связанное оборудование | Запросить решение и КП | Обзор | Связанное оборудование | Запросить решение и КП | Связанные страницы,.next/server/app/ru/cases/nigeria-factory-low-altitude-monitoring.html
/ru/cases/pakistan-power-plant-low-altitude-monitoring,ru,strong,85,Проект защиты электростанции в Пакистане от БПЛА,2,true,false,true,true,true,1256,5,0.398,1,7,description 未命中关键词,Проект защиты электростанции в Пакистане от БПЛА | N-TET,2024 Кейс защиты электростанции в Пакистане Используемое оборудование: Стационарная система радиочастотного обнаружения Система проверки данных воздушной обстановки Программное обеспечение платформы управления Описание проекта: В 2024 году,Проект защиты электростанции в Пакистане от БПЛА | N-TET,Проект защиты электростанции в Пакистане от БПЛА,Проект защиты электростанции в Пакистане от БПЛА Project Overview | Связанное оборудование | Запросить решение и КП | Обзор | Связанное оборудование | Запросить решение и КП | Связанные страницы,.next/server/app/ru/cases/pakistan-power-plant-low-altitude-monitoring.html
/ru/cases/southern-grid-wildfire-uav-inspection,ru,strong,100,Пожарно-профилактическая инспекция Southern Grid с БПЛА,2,true,true,true,true,true,1285,7,0.545,1,7,,Пожарно-профилактическая инспекция Southern Grid с БПЛА | N-TET,Пожарно-профилактическая инспекция Southern Grid с БПЛА В весенний период высокого риска лесных пожаров такие угрозы могут серьезно повлиять на устойчивую работу электросетей и нормальное электроснабжение. Для усиления безопасности коридоро,Пожарно-профилактическая инспекция Southern Grid с БПЛА | N-TET,Пожарно-профилактическая инспекция Southern Grid с БПЛА,Пожарно-профилактическая инспекция Southern Grid с БПЛА Project Overview | Связанное оборудование | Запросить решение и КП | Обзор | Связанное оборудование | Запросить решение и КП | Связанные страницы,.next/server/app/ru/cases/southern-grid-wildfire-uav-inspection.html
/ru/cases/wildfire-emergency-transmission-line-uav-patrol,ru,strong,100,Аварийный пожарный патруль ЛЭП с БПЛА,2,true,true,true,true,true,1341,7,0.522,1,7,,Аварийный пожарный патруль ЛЭП с БПЛА | N-TET,"Аварийный пожарный патруль ЛЭП с БПЛА В 2025 году наша энергетическая команда VTOL БПЛА успешно выполнила инспекционную задачу State Grid по коридорам ЛЭП в 13 регионах, включая Хунань, Шаньдун, Шаньси, Хэбэй и Аньхой. Команда проводила еже",Аварийный пожарный патруль ЛЭП с БПЛА | N-TET,Аварийный пожарный патруль ЛЭП с БПЛА,Аварийный пожарный патруль ЛЭП с БПЛА Project Overview | Связанное оборудование | Запросить решение и КП | Обзор | Связанное оборудование | Запросить решение и КП | Связанные страницы,.next/server/app/ru/cases/wildfire-emergency-transmission-line-uav-patrol.html
/ru/cases/zhaoqing-long-distance-power-line-uav-inspection,ru,strong,100,Дальняя инспекция ЛЭП с БПЛА в Чжаоцине,2,true,true,true,true,true,1326,7,0.528,1,7,,Дальняя инспекция ЛЭП с БПЛА в Чжаоцине | N-TET,"Дальняя инспекция ЛЭП с БПЛА в Чжаоцине Во время инспекции линии 110 кВ в Чжаоцине наше решение показало высокую эффективность и удобство применения. Линия имеет общую длину 37,9 км, среднюю высоту опор 35 м, 112 опор и максимальный перепад",Дальняя инспекция ЛЭП с БПЛА в Чжаоцине | N-TET,Дальняя инспекция ЛЭП с БПЛА в Чжаоцине,Дальняя инспекция ЛЭП с БПЛА в Чжаоцине Project Overview | Связанное оборудование | Запросить решение и КП | Обзор | Связанное оборудование | Запросить решение и КП | Связанные страницы,.next/server/app/ru/cases/zhaoqing-long-distance-power-line-uav-inspection.html
/ru/contact,ru,strong,100,запрос цены на промышленный БПЛА,4,true,true,true,true,true,1085,4,0.369,1,3,,Запрос цены на промышленный БПЛА | N-TET,"Используйте эту страницу, чтобы запросить цену на промышленный БПЛА, обсудить поставщика БПЛА, решение для инспекции дронами или оборудование мониторинга низкой высоты.",запрос цены на промышленный БПЛА | поставщик БПЛА | решение для инспекции дронами | оборудование мониторинга низкой высоты,Запрос цены на промышленный БПЛА,Запрос цены на промышленный БПЛА и консультация | Запросить решение и КП | Запросить решение и КП,.next/server/app/ru/contact.html
/ru/media,ru,strong,100,новости промышленных БПЛА,4,true,true,true,true,true,1191,10,0.840,1,4,,Новости промышленных БПЛА | N-TET,"новости промышленных БПЛА является основной темой этой страницы; также раскрываются связанные задачи: низковысотная экономика, привязной БПЛА, мониторинг инфраструктуры.",новости промышленных БПЛА | низковысотная экономика | привязной БПЛА | мониторинг инфраструктуры,Новости промышленных БПЛА,Новости промышленных БПЛА и низковысотной экономики | Последнее | Запросить решение и КП | Запросить решение и КП,.next/server/app/ru/media.html
/ru/media/border-surveillance-uav-network-2026,ru,partial,70,Сети БПЛА и EO/IR улучшают обзорность удаленного патрулирования,2,true,false,true,false,true,1304,9,0.690,1,5,description 未命中关键词; H2 未命中关键词,Сети БПЛА и EO/IR улучшают обзорность удаленного патрулирования | N-TET,"UAV and EO/IR networks help remote patrol teams reduce visibility gaps with clearer imagery, better routing, and faster situational updates. Operational value Programs work suitable when sensor feeds, data retention rules, weather planning,",Сети БПЛА и EO/IR улучшают обзорность удаленного патрулирования | N-TET,Сети БПЛА и EO/IR улучшают обзорность удаленного патрулирования,Редакционная проверка и проектные сигналы | Запросить решение и КП | Редакционная проверка и проектные сигналы | Запросить решение и КП | Связанные страницы,.next/server/app/ru/media/border-surveillance-uav-network-2026.html
/ru/media/industrial-uav-redundancy-2026,ru,partial,70,Двойное резервирование управления полетом: как промышленные БПЛА достигают надежности миссионного уровня,2,true,false,true,false,true,1338,9,0.673,1,5,description 未命中关键词; H2 未命中关键词,Двойное резервирование управления полетом: как промышленные БПЛА достигают надежности миссионного уровня | N-TET,Промышленные беспилотники стали стандартом для инспекции электросетей и мониторинга трубопроводов. В таких задачах надежность становится критическим фактором. Архитектуры с двойным резервированием управления полетом теперь являются базовым,Двойное резервирование управления полетом: как промышленные БПЛА достигают надежности миссионного уровня | N-TET,Двойное резервирование управления полетом: как промышленные БПЛА достигают надежности миссионного уровня,Редакционная проверка и проектные сигналы | Запросить решение и КП | Редакционная проверка и проектные сигналы | Запросить решение и КП | Связанные страницы,.next/server/app/ru/media/industrial-uav-redundancy-2026.html
/ru/media/low-altitude-economy-2026-outlook,ru,partial,70,Экономика малых высот Китая: прогноз на 2026 год с оборотом в 2 трлн юаней,2,true,false,true,false,true,1350,9,0.667,1,5,description 未命中关键词; H2 未命中关键词,Экономика малых высот Китая: прогноз на 2026 год с оборотом в 2 трлн юаней | N-TET,"Экономика малых высот охватывает логистику, аэрофотосъемку и экстренные службы на высотах до 1000 метров. В Китае этот сектор стал стратегическим направлением, с прогнозируемым объемом в 2 триллиона юаней к 2030 году. Факторы роста Развитие",Экономика малых высот Китая: прогноз на 2026 год с оборотом в 2 трлн юаней | N-TET,Экономика малых высот Китая: прогноз на 2026 год с оборотом в 2 трлн юаней,Редакционная проверка и проектные сигналы | Запросить решение и КП | Редакционная проверка и проектные сигналы | Запросить решение и КП | Связанные страницы,.next/server/app/ru/media/low-altitude-economy-2026-outlook.html
/ru/media/power-line-inspection-drone-guide-2026,ru,strong,85,Power Line Inspection Drone: UAV Workflows for Utility Corridors and Transmission Towers,2,true,false,true,true,true,4269,21,0.492,1,23,description 未命中关键词,Power Line Inspection Drone: UAV Workflows for Utility Corridors and Transmission Towers | N-TET,"Power line inspection drones are becoming practical tools for utilities that need repeatable evidence from long transmission corridors, towers, conductors, insulators, fittings, and substation equipment. A drone does not replace engineering",Power Line Inspection Drone: UAV Workflows for Utility Corridors and Transmission Towers | N-TET,Power Line Inspection Drone: UAV Workflows for Utility Corridors and Transmission Towers,"Редакционная проверка и проектные сигналы | What is a power line inspection drone? | Why utilities use drones for power line inspection | Power line drone inspection workflow | Which UAV platform fits each inspection task? | Payload selection: visible-light, thermal infrared, and LiDAR | What should a utility inspection report include? | N-TET system fit: corridor, tower, and substation inspection | Deployment checklist before procurement | FAQ | Запросить решение и КП | Редакционная проверка и проектные сигналы | What is a power line inspection drone? | Why utilities use drones for power line inspection | Power line drone inspection workflow | Which UAV platform fits each inspection task? | Payload selection: visible-light, thermal infrared, and LiDAR | What should a utility inspection report include? | N-TET system fit: corridor, tower, and substation inspection | Deployment checklist before procurement | FAQ | Запросить решение и КП | Связанные страницы",.next/server/app/ru/media/power-line-inspection-drone-guide-2026.html
/ru/media/tethered-uav-persistent-surveillance-2026,ru,partial,70,Привязные БПЛА: непрерывное воздушное наблюдение для мероприятий и удаленных объектов,2,true,false,true,false,true,1354,9,0.665,1,5,description 未命中关键词; H2 未命中关键词,Привязные БПЛА: непрерывное воздушное наблюдение для мероприятий и удаленных объектов | N-TET,"Tethered UAVs provide continuous aerial monitoring by receiving power and sending data through a ground cable. This makes them suitable for large events, utility work zones, and emergency command posts that need stable visibility for many h",Привязные БПЛА: непрерывное воздушное наблюдение для мероприятий и удаленных объектов | N-TET,Привязные БПЛА: непрерывное воздушное наблюдение для мероприятий и удаленных объектов,Редакционная проверка и проектные сигналы | Запросить решение и КП | Редакционная проверка и проектные сигналы | Запросить решение и КП | Связанные страницы,.next/server/app/ru/media/tethered-uav-persistent-surveillance-2026.html
/ru/products,ru,strong,100,промышленные БПЛА,4,true,true,true,true,true,1218,6,0.493,1,4,,Промышленные БПЛА и оборудование мониторинга | N-TET,"промышленные БПЛА является основной темой этой страницы; также раскрываются связанные задачи: инспекционный БПЛА, аварийный БПЛА, оборудование мониторинга низкой высоты.",промышленные БПЛА | инспекционный БПЛА | аварийный БПЛА | оборудование мониторинга низкой высоты,Промышленные БПЛА и оборудование мониторинга,"промышленные БПЛА, оборудование мониторинга и соответствие проекту | БПЛА и беспилотные системы | FAQ по выбору продуктов | Запросить решение и КП",.next/server/app/ru/products.html
/ru/products/bailey-bridge,ru,strong,100,Стальной модульный мост Бейли,5,true,true,true,true,true,1457,5,0.343,1,6,,Стальной модульный мост Бейли | N-TET,"N-TET Стальной модульный мост Бейли: промышленное решение для инспекции, мониторинга и полевых операций с технической поддержкой проекта.",Стальной модульный мост Бейли | engineering materials | Bailey steel bridge | infrastructure support equipment | N-TET,Стальной модульный мост Бейли,Стальной модульный мост Бейли Technical Specifications | Запросить решение и КП | Обзор | Технические характеристики | Запросить решение и КП | Связанные страницы,.next/server/app/ru/products/bailey-bridge.html
/ru/products/composite-electro-optical-tracking-system,ru,strong,100,Оптико-электронная система обнаружения и слежения ОЭС,5,true,true,true,true,true,1585,3,0.189,1,6,,Оптико-электронная система обнаружения и слежения (ОЭС) | N-TET,"N-TET Оптико-электронная система обнаружения и слежения (ОЭС): промышленное решение для инспекции, мониторинга и полевых операций с технической поддержкой проекта.",Оптико-электронная система обнаружения и слежения ОЭС | low altitude monitoring equipment | drone detection equipment | airspace monitoring system | N-TET,Оптико-электронная система обнаружения и слежения ОЭС,Оптико-электронная система обнаружения и слежения ОЭС Technical Specifications | Запросить решение и КП | Обзор | Технические характеристики | Запросить решение и КП | Связанные страницы,.next/server/app/ru/products/composite-electro-optical-tracking-system.html
/ru/products/containerized-medical-rescue-system,ru,strong,100,Контейнерная система медицинской помощи,5,true,true,true,true,true,1387,5,0.360,1,6,,Контейнерная система медицинской помощи | N-TET,"N-TET Контейнерная система медицинской помощи: промышленное решение для инспекции, мониторинга и полевых операций с технической поддержкой проекта.",Контейнерная система медицинской помощи | field hospital system | containerized medical rescue system | emergency medical shelter | N-TET,Контейнерная система медицинской помощи,Контейнерная система медицинской помощи Technical Specifications | Запросить решение и КП | Обзор | Технические характеристики | Запросить решение и КП | Связанные страницы,.next/server/app/ru/products/containerized-medical-rescue-system.html
/ru/products/emergency-search-rescue-drone,ru,strong,100,thermal drones for search and rescue,8,true,true,true,true,true,1755,13,0.741,1,6,,БПЛА для аварийного поиска и спасения | N-TET,"N-TET БПЛА для аварийного поиска и спасения: промышленное решение для инспекции, мониторинга и полевых операций с технической поддержкой проекта.",thermal drones for search and rescue | search and rescue drone | search and rescue UAV | drone rescue | БПЛА для аварийного поиска и спасения | industrial UAV systems | UAV inspection drone | emergency response UAV,БПЛА для аварийного поиска и спасения,БПЛА для аварийного поиска и спасения Technical Specifications | Запросить решение и КП | Обзор | Технические характеристики | Запросить решение и КП | Связанные страницы,.next/server/app/ru/products/emergency-search-rescue-drone.html
/ru/products/fbg-g15-fc06-explosion-containment-vessel,ru,strong,100,Взрывозащитный контейнер FBG-G1.5-FC06,5,true,true,true,true,true,1515,5,0.330,1,6,,Взрывозащитный контейнер FBG-G1.5-FC06 | N-TET,"N-TET Взрывозащитный контейнер FBG-G1.5-FC06: промышленное решение для инспекции, мониторинга и полевых операций с технической поддержкой проекта.",Взрывозащитный контейнер FBG-G1.5-FC06 | security screening equipment | X-ray baggage scanner | walk-through metal detector | N-TET,Взрывозащитный контейнер FBG-G1.5-FC06,Взрывозащитный контейнер FBG-G1.5-FC06 Technical Specifications | Запросить решение и КП | Обзор | Технические характеристики | Запросить решение и КП | Связанные страницы,.next/server/app/ru/products/fbg-g15-fc06-explosion-containment-vessel.html
/ru/products/fbt-fc09-explosion-protection-blanket,ru,strong,100,Взрывозащитное одеяло FBT-FC09,5,true,true,true,true,true,1466,5,0.341,1,6,,Взрывозащитное одеяло FBT-FC09 | N-TET,"N-TET Взрывозащитное одеяло FBT-FC09: промышленное решение для инспекции, мониторинга и полевых операций с технической поддержкой проекта.",Взрывозащитное одеяло FBT-FC09 | security screening equipment | X-ray baggage scanner | walk-through metal detector | N-TET,Взрывозащитное одеяло FBT-FC09,Взрывозащитное одеяло FBT-FC09 Technical Specifications | Запросить решение и КП | Обзор | Технические характеристики | Запросить решение и КП | Связанные страницы,.next/server/app/ru/products/fbt-fc09-explosion-protection-blanket.html
/ru/products/fc-3000-ferromagnetic-detection-column,ru,strong,100,Интеллектуальная система ферромагнитного детектирования FC-3000,5,true,true,true,true,true,1482,5,0.337,1,6,,Интеллектуальная система ферромагнитного детектирования FC-3000 | N-TET,"N-TET Интеллектуальная система ферромагнитного детектирования FC-3000: промышленное решение для инспекции, мониторинга и полевых операций с технической поддержкой проекта.",Интеллектуальная система ферромагнитного детектирования FC-3000 | security screening equipment | X-ray baggage scanner | walk-through metal detector | N-TET,Интеллектуальная система ферромагнитного детектирования FC-3000,Интеллектуальная система ферромагнитного детектирования FC-3000 Technical Specifications | Запросить решение и КП | Обзор | Технические характеристики | Запросить решение и КП | Связанные страницы,.next/server/app/ru/products/fc-3000-ferromagnetic-detection-column.html
/ru/products/fc-c-deluxe-walk-through-metal-detector,ru,strong,100,Арочный металлодетектор FC-C Делюкс,5,true,true,true,true,true,1539,3,0.195,1,6,,Арочный металлодетектор FC-C (Делюкс) | N-TET,"N-TET Арочный металлодетектор FC-C (Делюкс): промышленное решение для инспекции, мониторинга и полевых операций с технической поддержкой проекта.",Арочный металлодетектор FC-C Делюкс | security screening equipment | X-ray baggage scanner | walk-through metal detector | N-TET,Арочный металлодетектор FC-C Делюкс,Арочный металлодетектор FC-C Делюкс Technical Specifications | Запросить решение и КП | Обзор | Технические характеристики | Запросить решение и КП | Связанные страницы,.next/server/app/ru/products/fc-c-deluxe-walk-through-metal-detector.html
/ru/products/fc-c-lcd-walk-through-metal-detector,ru,strong,100,Арочный металлодетектор FC-C ЖК-экран,6,true,true,true,true,true,1543,8,0.518,1,6,,"Арочный металлодетектор FC-C (ЖК-экран, 12 зон) | N-TET","N-TET Арочный металлодетектор FC-C (ЖК-экран, 12 зон): промышленное решение для инспекции, мониторинга и полевых операций с технической поддержкой проекта.",Арочный металлодетектор FC-C ЖК-экран | 12 зон | security screening equipment | X-ray baggage scanner | walk-through metal detector | N-TET,"Арочный металлодетектор FC-C ЖК-экран, 12 зон","Арочный металлодетектор FC-C ЖК-экран, 12 зон Technical Specifications | Запросить решение и КП | Обзор | Технические характеристики | Запросить решение и КП | Связанные страницы",.next/server/app/ru/products/fc-c-lcd-walk-through-metal-detector.html
/ru/products/fc-dlxj-01-power-grid-inspection-drone,ru,partial,70,drone power line inspection,8,false,false,true,true,true,1429,3,0.210,1,6,title 未命中关键词; description 未命中关键词,БПЛА для инспекции электросетей FC-DLXJ-01 (VTOL) | N-TET,"N-TET БПЛА для инспекции электросетей FC-DLXJ-01 (VTOL): промышленное решение для инспекции, мониторинга и полевых операций с технической поддержкой проекта.",drone power line inspection | power line inspection drone | UAV power line inspection | utility inspection drone | БПЛА для инспекции электросетей FC-DLXJ-01 VTOL | industrial UAV systems | UAV inspection drone | emergency response UAV,БПЛА для инспекции электросетей FC-DLXJ-01 VTOL,БПЛА для инспекции электросетей FC-DLXJ-01 VTOL Technical Specifications | Запросить решение и КП | Обзор | Технические характеристики | Запросить решение и КП | Связанные страницы,.next/server/app/ru/products/fc-dlxj-01-power-grid-inspection-drone.html
/ru/products/fc-dma-long-range-optical-turntable,ru,strong,100,Мультиспектральная оптико-электронная поворотная платформа FC-DMA,5,true,true,true,true,true,2210,5,0.226,1,6,,Мультиспектральная оптико-электронная поворотная платформа FC-DMA | N-TET,"N-TET Мультиспектральная оптико-электронная поворотная платформа FC-DMA: промышленное решение для инспекции, мониторинга и полевых операций с технической поддержкой проекта.",Мультиспектральная оптико-электронная поворотная платформа FC-DMA | perimeter intelligence | electro optical surveillance | radar vision fusion system | N-TET,Мультиспектральная оптико-электронная поворотная платформа FC-DMA,Мультиспектральная оптико-электронная поворотная платформа FC-DMA Technical Specifications | Запросить решение и КП | Обзор | Технические характеристики | Запросить решение и КП | Связанные страницы,.next/server/app/ru/products/fc-dma-long-range-optical-turntable.html
/ru/products/fc-dms10-smart-electronic-sentinel,ru,strong,100,Интеллектуальный электронный часовой серии FC-DMS10,5,true,true,true,true,true,1766,7,0.396,1,6,,Интеллектуальный электронный часовой серии FC-DMS10 | N-TET,"N-TET Интеллектуальный электронный часовой серии FC-DMS10: промышленное решение для инспекции, мониторинга и полевых операций с технической поддержкой проекта.",Интеллектуальный электронный часовой серии FC-DMS10 | perimeter intelligence | electro optical surveillance | radar vision fusion system | N-TET,Интеллектуальный электронный часовой серии FC-DMS10,Интеллектуальный электронный часовой серии FC-DMS10 Technical Specifications | Запросить решение и КП | Обзор | Технические характеристики | Запросить решение и КП | Связанные страницы,.next/server/app/ru/products/fc-dms10-smart-electronic-sentinel.html
/ru/products/fc-dtvc-dual-band-thermal-ptz,ru,strong,100,Двухспектральная тепловизионная скоростная купольная камера FC-DTVC,5,true,true,true,true,true,1949,5,0.257,1,6,,Двухспектральная тепловизионная скоростная купольная камера FC-DTVC | N-TET,"N-TET Двухспектральная тепловизионная скоростная купольная камера FC-DTVC: промышленное решение для инспекции, мониторинга и полевых операций с технической поддержкой проекта.",Двухспектральная тепловизионная скоростная купольная камера FC-DTVC | perimeter intelligence | electro optical surveillance | radar vision fusion system | N-TET,Двухспектральная тепловизионная скоростная купольная камера FC-DTVC,Двухспектральная тепловизионная скоростная купольная камера FC-DTVC Technical Specifications | Запросить решение и КП | Обзор | Технические характеристики | Запросить решение и КП | Связанные страницы,.next/server/app/ru/products/fc-dtvc-dual-band-thermal-ptz.html
/ru/products/fc-h-smart-phone-detection-gate,ru,strong,100,Интеллектуальная рамка обнаружения смартфонов FC-H,5,true,true,true,true,true,2058,7,0.340,1,6,,Интеллектуальная рамка обнаружения смартфонов FC-H | N-TET,"N-TET Интеллектуальная рамка обнаружения смартфонов FC-H: промышленное решение для инспекции, мониторинга и полевых операций с технической поддержкой проекта.",Интеллектуальная рамка обнаружения смартфонов FC-H | security screening equipment | X-ray baggage scanner | walk-through metal detector | N-TET,Интеллектуальная рамка обнаружения смартфонов FC-H,Интеллектуальная рамка обнаружения смартфонов FC-H Technical Specifications | Запросить решение и КП | Обзор | Технические характеристики | Запросить решение и КП | Связанные страницы,.next/server/app/ru/products/fc-h-smart-phone-detection-gate.html
/ru/products/fc-h-smart-phone-detection-gate-29in,ru,strong,100,Интеллектуальная рамка для обнаружения мобильных телефонов FC-H 29 дюймов,5,true,true,true,true,true,1574,3,0.191,1,6,,Интеллектуальная рамка для обнаружения мобильных телефонов FC-H (29 дюймов) | N-TET,"N-TET Интеллектуальная рамка для обнаружения мобильных телефонов FC-H (29 дюймов): промышленное решение для инспекции, мониторинга и полевых операций с технической поддержкой проекта.",Интеллектуальная рамка для обнаружения мобильных телефонов FC-H 29 дюймов | security screening equipment | X-ray baggage scanner | walk-through metal detector | N-TET,Интеллектуальная рамка для обнаружения мобильных телефонов FC-H 29 дюймов,Интеллектуальная рамка для обнаружения мобильных телефонов FC-H 29 дюймов Technical Specifications | Запросить решение и КП | Обзор | Технические характеристики | Запросить решение и КП | Связанные страницы,.next/server/app/ru/products/fc-h-smart-phone-detection-gate-29in.html
/ru/products/fc-pd500-personal-radiation-dose-alarm,ru,strong,100,Индивидуальный сигнализатор дозы X-γ излучения FC-PD500,5,true,true,true,true,true,1635,5,0.306,1,6,,Индивидуальный сигнализатор дозы X-γ излучения FC-PD500 | N-TET,"N-TET Индивидуальный сигнализатор дозы X-γ излучения FC-PD500: промышленное решение для инспекции, мониторинга и полевых операций с технической поддержкой проекта.",Индивидуальный сигнализатор дозы X-γ излучения FC-PD500 | security screening equipment | X-ray baggage scanner | walk-through metal detector | N-TET,Индивидуальный сигнализатор дозы X-γ излучения FC-PD500,Индивидуальный сигнализатор дозы X-γ излучения FC-PD500 Technical Specifications | Запросить решение и КП | Обзор | Технические характеристики | Запросить решение и КП | Связанные страницы,.next/server/app/ru/products/fc-pd500-personal-radiation-dose-alarm.html
/ru/products/fc-rc-series-hd-laser-camera,ru,strong,100,Лазерная HD-камера дальнего действия серии FC-RC,5,true,true,true,true,true,1955,5,0.256,1,6,,Лазерная HD-камера дальнего действия серии FC-RC | N-TET,"N-TET Лазерная HD-камера дальнего действия серии FC-RC: промышленное решение для инспекции, мониторинга и полевых операций с технической поддержкой проекта.",Лазерная HD-камера дальнего действия серии FC-RC | perimeter intelligence | electro optical surveillance | radar vision fusion system | N-TET,Лазерная HD-камера дальнего действия серии FC-RC,Лазерная HD-камера дальнего действия серии FC-RC Technical Specifications | Запросить решение и КП | Обзор | Технические характеристики | Запросить решение и КП | Связанные страницы,.next/server/app/ru/products/fc-rc-series-hd-laser-camera.html
/ru/products/fc-rds500-4r-radar-vision-sentinel,ru,strong,100,Интеллектуальная система Radar-Vision Fusion FC-RDS500-4R,5,true,true,true,true,true,2018,5,0.248,1,6,,Интеллектуальная система Radar-Vision Fusion FC-RDS500-4R | N-TET,"N-TET Интеллектуальная система Radar-Vision Fusion FC-RDS500-4R: промышленное решение для инспекции, мониторинга и полевых операций с технической поддержкой проекта.",Интеллектуальная система Radar-Vision Fusion FC-RDS500-4R | perimeter intelligence | electro optical surveillance | radar vision fusion system | N-TET,Интеллектуальная система Radar-Vision Fusion FC-RDS500-4R,Интеллектуальная система Radar-Vision Fusion FC-RDS500-4R Technical Specifications | Запросить решение и КП | Обзор | Технические характеристики | Запросить решение и КП | Связанные страницы,.next/server/app/ru/products/fc-rds500-4r-radar-vision-sentinel.html
/ru/products/fc-sljc-01-water-conservancy-monitoring-drone,ru,strong,100,water conservancy monitoring UAV,8,true,true,true,true,true,1802,11,0.610,1,6,,БПЛА для мониторинга водного хозяйства | N-TET,"N-TET БПЛА для мониторинга водного хозяйства: промышленное решение для инспекции, мониторинга и полевых операций с технической поддержкой проекта.",water conservancy monitoring UAV | dam inspection UAV | river lake UAV monitoring | flood monitoring drone | БПЛА для мониторинга водного хозяйства | industrial UAV systems | UAV inspection drone | emergency response UAV,БПЛА для мониторинга водного хозяйства,БПЛА для мониторинга водного хозяйства Technical Specifications | Запросить решение и КП | Обзор | Технические характеристики | Запросить решение и КП | Связанные страницы,.next/server/app/ru/products/fc-sljc-01-water-conservancy-monitoring-drone.html
/ru/products/fc-smart-swing-turnstile,ru,strong,100,Интеллектуальный турникет-калитку класса люкс,5,true,true,true,true,true,1589,5,0.315,1,6,,Интеллектуальный турникет-калитку класса люкс | N-TET,"N-TET Интеллектуальный турникет-калитку класса люкс: промышленное решение для инспекции, мониторинга и полевых операций с технической поддержкой проекта.",Интеллектуальный турникет-калитку класса люкс | security screening equipment | X-ray baggage scanner | walk-through metal detector | N-TET,Интеллектуальный турникет-калитку класса люкс,Интеллектуальный турникет-калитку класса люкс Technical Specifications | Запросить решение и КП | Обзор | Технические характеристики | Запросить решение и КП | Связанные страницы,.next/server/app/ru/products/fc-smart-swing-turnstile.html
/ru/products/fc-ttvc-intelligent-multi-band-camera,ru,strong,100,Интеллектуальная мультиспектральная камера серии FC-TTVC,5,true,true,true,true,true,1876,5,0.267,1,6,,Интеллектуальная мультиспектральная камера серии FC-TTVC | N-TET,"N-TET Интеллектуальная мультиспектральная камера серии FC-TTVC: промышленное решение для инспекции, мониторинга и полевых операций с технической поддержкой проекта.",Интеллектуальная мультиспектральная камера серии FC-TTVC | perimeter intelligence | electro optical surveillance | radar vision fusion system | N-TET,Интеллектуальная мультиспектральная камера серии FC-TTVC,Интеллектуальная мультиспектральная камера серии FC-TTVC Technical Specifications | Запросить решение и КП | Обзор | Технические характеристики | Запросить решение и КП | Связанные страницы,.next/server/app/ru/products/fc-ttvc-intelligent-multi-band-camera.html
/ru/products/fc-yjtx-01-emergency-communication-drone,ru,strong,100,emergency communication UAV,8,true,true,true,true,true,2848,6,0.211,1,6,,Привязной БПЛА для аварийной связи | N-TET,"N-TET Привязной БПЛА для аварийной связи: промышленное решение для инспекции, мониторинга и полевых операций с технической поддержкой проекта.",emergency communication UAV | disaster response communication drone | tethered communication UAV | public safety UAV communications | Привязной БПЛА для аварийной связи | industrial UAV systems | UAV inspection drone | emergency response UAV,Привязной БПЛА для аварийной связи,Привязной БПЛА для аварийной связи Technical Specifications | Запросить решение и КП | Обзор | Технические характеристики | Запросить решение и КП | Связанные страницы,.next/server/app/ru/products/fc-yjtx-01-emergency-communication-drone.html
/ru/products/fc-yjxf-01-aerial-firefighting-drone,ru,strong,100,firefighting drone,8,true,true,true,true,true,2909,5,0.172,1,6,,Привязной БПЛА для тушения высотных пожаров | N-TET,"N-TET Привязной БПЛА для тушения высотных пожаров: промышленное решение для инспекции, мониторинга и полевых операций с технической поддержкой проекта.",firefighting drone | drone fire fighting | drone for fire fighting | high-rise firefighting UAV | Привязной БПЛА для тушения высотных пожаров | industrial UAV systems | UAV inspection drone | emergency response UAV,Привязной БПЛА для тушения высотных пожаров,Привязной БПЛА для тушения высотных пожаров Technical Specifications | Запросить решение и КП | Обзор | Технические характеристики | Запросить решение и КП | Связанные страницы,.next/server/app/ru/products/fc-yjxf-01-aerial-firefighting-drone.html
/ru/products/fc-yjzc-01-emergency-reconnaissance-drone,ru,strong,100,search and rescue drone,8,true,true,true,true,true,1440,5,0.347,1,6,,БПЛА для экстренного реагирования и разведки FC-YJZC-01 | N-TET,"N-TET БПЛА для экстренного реагирования и разведки FC-YJZC-01: промышленное решение для инспекции, мониторинга и полевых операций с технической поддержкой проекта.",search and rescue drone | drone rescue | emergency reconnaissance drone | disaster response UAV | БПЛА для экстренного реагирования и разведки FC-YJZC-01 | industrial UAV systems | UAV inspection drone | emergency response UAV,БПЛА для экстренного реагирования и разведки FC-YJZC-01,БПЛА для экстренного реагирования и разведки FC-YJZC-01 Technical Specifications | Запросить решение и КП | Обзор | Технические характеристики | Запросить решение и КП | Связанные страницы,.next/server/app/ru/products/fc-yjzc-01-emergency-reconnaissance-drone.html
/ru/products/fc-yjzm-01-emergency-lighting-drone,ru,strong,100,drone lighting,8,true,true,true,true,true,2481,5,0.202,1,6,,Привязной БПЛА для освещения | N-TET,"N-TET Привязной БПЛА для освещения: промышленное решение для инспекции, мониторинга и полевых операций с технической поддержкой проекта.",drone lighting | UAV lighting | tethered lighting UAV | emergency lighting drone | Привязной БПЛА для освещения | industrial UAV systems | UAV inspection drone | emergency response UAV,Привязной БПЛА для освещения,Привязной БПЛА для освещения Technical Specifications | Запросить решение и КП | Обзор | Технические характеристики | Запросить решение и КП | Связанные страницы,.next/server/app/ru/products/fc-yjzm-01-emergency-lighting-drone.html
/ru/products/fc-yqxj-01-utility-inspection-drone,ru,partial,70,pipeline inspection drones,8,false,false,true,true,true,1441,3,0.208,1,6,title 未命中关键词; description 未命中关键词,БПЛА для инспекции нефтегазопроводов FC-YQXJ-01 (VTOL) | N-TET,"N-TET БПЛА для инспекции нефтегазопроводов FC-YQXJ-01 (VTOL): промышленное решение для инспекции, мониторинга и полевых операций с технической поддержкой проекта.",pipeline inspection drones | UAV pipeline inspection | oil and gas drone inspection | drone pipeline inspection | БПЛА для инспекции нефтегазопроводов FC-YQXJ-01 VTOL | industrial UAV systems | UAV inspection drone | emergency response UAV,БПЛА для инспекции нефтегазопроводов FC-YQXJ-01 VTOL,БПЛА для инспекции нефтегазопроводов FC-YQXJ-01 VTOL Technical Specifications | Запросить решение и КП | Обзор | Технические характеристики | Запросить решение и КП | Связанные страницы,.next/server/app/ru/products/fc-yqxj-01-utility-inspection-drone.html
/ru/products/fc1500-handheld-liquid-detector,ru,strong,100,Портативный детектор опасных жидкостей FC1500,5,true,true,true,true,true,1514,5,0.330,1,6,,Портативный детектор опасных жидкостей FC1500 | N-TET,"N-TET Портативный детектор опасных жидкостей FC1500: промышленное решение для инспекции, мониторинга и полевых операций с технической поддержкой проекта.",Портативный детектор опасных жидкостей FC1500 | security screening equipment | X-ray baggage scanner | walk-through metal detector | N-TET,Портативный детектор опасных жидкостей FC1500,Портативный детектор опасных жидкостей FC1500 Technical Specifications | Запросить решение и КП | Обзор | Технические характеристики | Запросить решение и КП | Связанные страницы,.next/server/app/ru/products/fc1500-handheld-liquid-detector.html
/ru/products/fc1500b-desktop-liquid-security-inspector,ru,strong,100,Настольный детектор опасных жидкостей FC1500B,5,true,true,true,true,true,1528,5,0.327,1,6,,Настольный детектор опасных жидкостей FC1500B | N-TET,"N-TET Настольный детектор опасных жидкостей FC1500B: промышленное решение для инспекции, мониторинга и полевых операций с технической поддержкой проекта.",Настольный детектор опасных жидкостей FC1500B | security screening equipment | X-ray baggage scanner | walk-through metal detector | N-TET,Настольный детектор опасных жидкостей FC1500B,Настольный детектор опасных жидкостей FC1500B Technical Specifications | Запросить решение и КП | Обзор | Технические характеристики | Запросить решение и КП | Связанные страницы,.next/server/app/ru/products/fc1500b-desktop-liquid-security-inspector.html
/ru/products/fc1800b-portable-explosives-and-narcotics-detector,ru,strong,100,Портативный детектор следов взрывчатых веществ и наркотиков FC1800B,5,true,true,true,true,true,1491,5,0.335,1,6,,Портативный детектор следов взрывчатых веществ и наркотиков FC1800B | N-TET,"N-TET Портативный детектор следов взрывчатых веществ и наркотиков FC1800B: промышленное решение для инспекции, мониторинга и полевых операций с технической поддержкой проекта.",Портативный детектор следов взрывчатых веществ и наркотиков FC1800B | security screening equipment | X-ray baggage scanner | walk-through metal detector | N-TET,Портативный детектор следов взрывчатых веществ и наркотиков FC1800B,Портативный детектор следов взрывчатых веществ и наркотиков FC1800B Technical Specifications | Запросить решение и КП | Обзор | Технические характеристики | Запросить решение и КП | Связанные страницы,.next/server/app/ru/products/fc1800b-portable-explosives-and-narcotics-detector.html
/ru/products/fc1800t-desktop-explosives-narcotics-detector,ru,strong,100,Настольный детектор следов взрывчатых веществ и наркотиков FC1800T,5,true,true,true,true,true,1501,5,0.333,1,6,,Настольный детектор следов взрывчатых веществ и наркотиков FC1800T | N-TET,"N-TET Настольный детектор следов взрывчатых веществ и наркотиков FC1800T: промышленное решение для инспекции, мониторинга и полевых операций с технической поддержкой проекта.",Настольный детектор следов взрывчатых веществ и наркотиков FC1800T | security screening equipment | X-ray baggage scanner | walk-through metal detector | N-TET,Настольный детектор следов взрывчатых веществ и наркотиков FC1800T,Настольный детектор следов взрывчатых веществ и наркотиков FC1800T Technical Specifications | Запросить решение и КП | Обзор | Технические характеристики | Запросить решение и КП | Связанные страницы,.next/server/app/ru/products/fc1800t-desktop-explosives-narcotics-detector.html
/ru/products/fc2088-handheld-metal-detector,ru,strong,100,Ручной металлодетектор FC2088,5,true,true,true,true,true,1450,5,0.345,1,6,,Ручной металлодетектор FC2088 | N-TET,"N-TET Ручной металлодетектор FC2088: промышленное решение для инспекции, мониторинга и полевых операций с технической поддержкой проекта.",Ручной металлодетектор FC2088 | security screening equipment | X-ray baggage scanner | walk-through metal detector | N-TET,Ручной металлодетектор FC2088,Ручной металлодетектор FC2088 Technical Specifications | Запросить решение и КП | Обзор | Технические характеристики | Запросить решение и КП | Связанные страницы,.next/server/app/ru/products/fc2088-handheld-metal-detector.html
/ru/products/fc4028-neutron-ambient-dose-rate-meter,ru,strong,100,Измеритель мощности амбиентного эквивалента дозы нейтронного излучения FC4028,5,true,true,true,true,true,1983,5,0.252,1,6,,Измеритель мощности амбиентного эквивалента дозы нейтронного излучения FC4028 | N-TET,"N-TET Измеритель мощности амбиентного эквивалента дозы нейтронного излучения FC4028: промышленное решение для инспекции, мониторинга и полевых операций с технической поддержкой проекта.",Измеритель мощности амбиентного эквивалента дозы нейтронного излучения FC4028 | security screening equipment | X-ray baggage scanner | walk-through metal detector | N-TET,Измеритель мощности амбиентного эквивалента дозы нейтронного излучения FC4028,Измеритель мощности амбиентного эквивалента дозы нейтронного излучения FC4028 Technical Specifications | Запросить решение и КП | Обзор | Технические характеристики | Запросить решение и КП | Связанные страницы,.next/server/app/ru/products/fc4028-neutron-ambient-dose-rate-meter.html
/ru/products/fc5030-compact-x-ray-baggage-scanner,ru,strong,100,Малогабаритный рентгенотелевизионный интроскоп FC5030,5,true,true,true,true,true,1545,5,0.324,1,6,,Малогабаритный рентгенотелевизионный интроскоп FC5030 | N-TET,"N-TET Малогабаритный рентгенотелевизионный интроскоп FC5030: промышленное решение для инспекции, мониторинга и полевых операций с технической поддержкой проекта.",Малогабаритный рентгенотелевизионный интроскоп FC5030 | security screening equipment | X-ray baggage scanner | walk-through metal detector | N-TET,Малогабаритный рентгенотелевизионный интроскоп FC5030,Малогабаритный рентгенотелевизионный интроскоп FC5030 Technical Specifications | Запросить решение и КП | Обзор | Технические характеристики | Запросить решение и КП | Связанные страницы,.next/server/app/ru/products/fc5030-compact-x-ray-baggage-scanner.html
/ru/products/fc6550-standard-x-ray-baggage-scanner,ru,strong,100,Рентгенотелевизионная установка FC6550 Стандартная,5,true,true,true,true,true,1449,3,0.207,1,6,,Рентгенотелевизионная установка FC6550 (Стандартная) | N-TET,"N-TET Рентгенотелевизионная установка FC6550 (Стандартная): промышленное решение для инспекции, мониторинга и полевых операций с технической поддержкой проекта.",Рентгенотелевизионная установка FC6550 Стандартная | security screening equipment | X-ray baggage scanner | walk-through metal detector | N-TET,Рентгенотелевизионная установка FC6550 Стандартная,Рентгенотелевизионная установка FC6550 Стандартная Technical Specifications | Запросить решение и КП | Обзор | Технические характеристики | Запросить решение и КП | Связанные страницы,.next/server/app/ru/products/fc6550-standard-x-ray-baggage-scanner.html
/ru/products/fc6550d-dual-view-baggage-scanner,ru,strong,100,Двухпроекционный рентгеновский интроскоп FC6550D,5,true,true,true,true,true,1569,5,0.319,1,6,,Двухпроекционный рентгеновский интроскоп FC6550D | N-TET,"N-TET Двухпроекционный рентгеновский интроскоп FC6550D: промышленное решение для инспекции, мониторинга и полевых операций с технической поддержкой проекта.",Двухпроекционный рентгеновский интроскоп FC6550D | security screening equipment | X-ray baggage scanner | walk-through metal detector | N-TET,Двухпроекционный рентгеновский интроскоп FC6550D,Двухпроекционный рентгеновский интроскоп FC6550D Technical Specifications | Запросить решение и КП | Обзор | Технические характеристики | Запросить решение и КП | Связанные страницы,.next/server/app/ru/products/fc6550d-dual-view-baggage-scanner.html
/ru/products/fc902-personal-radiation-dose-alarm,ru,strong,100,Индивидуальный сигнализатор дозы рентгеновского и гамма-излучения FC902,5,true,true,true,true,true,1640,5,0.305,1,6,,Индивидуальный сигнализатор дозы рентгеновского и гамма-излучения FC902 | N-TET,"N-TET Индивидуальный сигнализатор дозы рентгеновского и гамма-излучения FC902: промышленное решение для инспекции, мониторинга и полевых операций с технической поддержкой проекта.",Индивидуальный сигнализатор дозы рентгеновского и гамма-излучения FC902 | security screening equipment | X-ray baggage scanner | walk-through metal detector | N-TET,Индивидуальный сигнализатор дозы рентгеновского и гамма-излучения FC902,Индивидуальный сигнализатор дозы рентгеновского и гамма-излучения FC902 Technical Specifications | Запросить решение и КП | Обзор | Технические характеристики | Запросить решение и КП | Связанные страницы,.next/server/app/ru/products/fc902-personal-radiation-dose-alarm.html
/ru/products/handheld-rf-detection-system-mini,ru,strong,100,Малогабаритный переносной радиочастотный обнаружитель БПЛА,5,true,true,true,true,true,1518,5,0.329,1,6,,Малогабаритный переносной радиочастотный обнаружитель БПЛА | N-TET,"N-TET Малогабаритный переносной радиочастотный обнаружитель БПЛА: промышленное решение для инспекции, мониторинга и полевых операций с технической поддержкой проекта.",Малогабаритный переносной радиочастотный обнаружитель БПЛА | low altitude monitoring equipment | drone detection equipment | airspace monitoring system | N-TET,Малогабаритный переносной радиочастотный обнаружитель БПЛА,Малогабаритный переносной радиочастотный обнаружитель БПЛА Technical Specifications | Запросить решение и КП | Обзор | Технические характеристики | Запросить решение и КП | Связанные страницы,.next/server/app/ru/products/handheld-rf-detection-system-mini.html
/ru/products/intelligent-mobile-cabin-hospital,ru,strong,100,Интеллектуальный мобильный многофункциональный госпиталь,5,true,true,true,true,true,1327,5,0.377,1,6,,Интеллектуальный мобильный многофункциональный госпиталь | N-TET,"N-TET Интеллектуальный мобильный многофункциональный госпиталь: промышленное решение для инспекции, мониторинга и полевых операций с технической поддержкой проекта.",Интеллектуальный мобильный многофункциональный госпиталь | field hospital system | containerized medical rescue system | emergency medical shelter | N-TET,Интеллектуальный мобильный многофункциональный госпиталь,Интеллектуальный мобильный многофункциональный госпиталь Technical Specifications | Запросить решение и КП | Обзор | Технические характеристики | Запросить решение и КП | Связанные страницы,.next/server/app/ru/products/intelligent-mobile-cabin-hospital.html
/ru/products/low-altitude-3d-pulse-doppler-radar,ru,strong,100,Радар обнаружения маловысотных целей X-диапазон,5,true,true,true,true,true,1514,3,0.198,1,6,,Радар обнаружения маловысотных целей (X-диапазон) | N-TET,"N-TET Радар обнаружения маловысотных целей (X-диапазон): промышленное решение для инспекции, мониторинга и полевых операций с технической поддержкой проекта.",Радар обнаружения маловысотных целей X-диапазон | low altitude monitoring equipment | drone detection equipment | airspace monitoring system | N-TET,Радар обнаружения маловысотных целей X-диапазон,Радар обнаружения маловысотных целей X-диапазон Technical Specifications | Запросить решение и КП | Обзор | Технические характеристики | Запросить решение и КП | Связанные страницы,.next/server/app/ru/products/low-altitude-3d-pulse-doppler-radar.html
/ru/products/low-altitude-detection-radar-ku-band,ru,strong,100,РЛС обнаружения маловысотных целей Ku-диапазон,5,true,true,true,true,true,1500,3,0.200,1,6,,РЛС обнаружения маловысотных целей (Ku-диапазон) | N-TET,"N-TET РЛС обнаружения маловысотных целей (Ku-диапазон): промышленное решение для инспекции, мониторинга и полевых операций с технической поддержкой проекта.",РЛС обнаружения маловысотных целей Ku-диапазон | low altitude monitoring equipment | drone detection equipment | airspace monitoring system | N-TET,РЛС обнаружения маловысотных целей Ku-диапазон,РЛС обнаружения маловысотных целей Ku-диапазон Technical Specifications | Запросить решение и КП | Обзор | Технические характеристики | Запросить решение и КП | Связанные страницы,.next/server/app/ru/products/low-altitude-detection-radar-ku-band.html
/ru/products/multi-rotor-20kg-payload-uav,ru,strong,100,Мультироторный БПЛА с нагрузкой 20 kg,5,true,true,true,true,true,1307,5,0.383,1,6,,Мультироторный БПЛА с нагрузкой 20 kg | N-TET,"N-TET Мультироторный БПЛА с нагрузкой 20 kg: промышленное решение для инспекции, мониторинга и полевых операций с технической поддержкой проекта.",Мультироторный БПЛА с нагрузкой 20 kg | industrial UAV systems | UAV inspection drone | emergency response UAV | N-TET,Мультироторный БПЛА с нагрузкой 20 kg,Мультироторный БПЛА с нагрузкой 20 kg Technical Specifications | Запросить решение и КП | Обзор | Технические характеристики | Запросить решение и КП | Связанные страницы,.next/server/app/ru/products/multi-rotor-20kg-payload-uav.html
/ru/products/multi-rotor-3kg-payload-uav,ru,strong,100,Мультироторный БПЛА с нагрузкой 3 kg,5,true,true,true,true,true,1519,5,0.329,1,6,,Мультироторный БПЛА с нагрузкой 3 kg | N-TET,"N-TET Мультироторный БПЛА с нагрузкой 3 kg: промышленное решение для инспекции, мониторинга и полевых операций с технической поддержкой проекта.",Мультироторный БПЛА с нагрузкой 3 kg | industrial UAV systems | UAV inspection drone | emergency response UAV | N-TET,Мультироторный БПЛА с нагрузкой 3 kg,Мультироторный БПЛА с нагрузкой 3 kg Technical Specifications | Запросить решение и КП | Обзор | Технические характеристики | Запросить решение и КП | Связанные страницы,.next/server/app/ru/products/multi-rotor-3kg-payload-uav.html
/ru/products/multi-rotor-50kg-payload-uav,ru,strong,100,Мультироторный БПЛА с нагрузкой 50 kg,5,true,true,true,true,true,1389,5,0.360,1,6,,Мультироторный БПЛА с нагрузкой 50 kg | N-TET,"N-TET Мультироторный БПЛА с нагрузкой 50 kg: промышленное решение для инспекции, мониторинга и полевых операций с технической поддержкой проекта.",Мультироторный БПЛА с нагрузкой 50 kg | industrial UAV systems | UAV inspection drone | emergency response UAV | N-TET,Мультироторный БПЛА с нагрузкой 50 kg,Мультироторный БПЛА с нагрузкой 50 kg Technical Specifications | Запросить решение и КП | Обзор | Технические характеристики | Запросить решение и КП | Связанные страницы,.next/server/app/ru/products/multi-rotor-50kg-payload-uav.html
/ru/products/multi-rotor-8kg-payload-uav,ru,strong,100,Мультироторный БПЛА с нагрузкой 8 kg,5,true,true,true,true,true,1295,5,0.386,1,6,,Мультироторный БПЛА с нагрузкой 8 kg | N-TET,"N-TET Мультироторный БПЛА с нагрузкой 8 kg: промышленное решение для инспекции, мониторинга и полевых операций с технической поддержкой проекта.",Мультироторный БПЛА с нагрузкой 8 kg | industrial UAV systems | UAV inspection drone | emergency response UAV | N-TET,Мультироторный БПЛА с нагрузкой 8 kg,Мультироторный БПЛА с нагрузкой 8 kg Technical Specifications | Запросить решение и КП | Обзор | Технические характеристики | Запросить решение и КП | Связанные страницы,.next/server/app/ru/products/multi-rotor-8kg-payload-uav.html
/ru/products/portable-rf-detection-case,ru,strong,100,Переносная кейс система радиочастотного обнаружения БПЛА,5,true,true,true,true,true,1471,3,0.204,1,6,,Переносная (кейс) система радиочастотного обнаружения БПЛА | N-TET,"N-TET Переносная (кейс) система радиочастотного обнаружения БПЛА: промышленное решение для инспекции, мониторинга и полевых операций с технической поддержкой проекта.",Переносная кейс система радиочастотного обнаружения БПЛА | low altitude monitoring equipment | drone detection equipment | airspace monitoring system | N-TET,Переносная кейс система радиочастотного обнаружения БПЛА,Переносная кейс система радиочастотного обнаружения БПЛА Technical Specifications | Запросить решение и КП | Обзор | Технические характеристики | Запросить решение и КП | Связанные страницы,.next/server/app/ru/products/portable-rf-detection-case.html
/ru/products/power-tower-inspection-drone,ru,strong,100,drone power line inspection,8,true,true,true,true,true,1930,11,0.570,1,6,,БПЛА для инспекции опор ЛЭП | N-TET,"N-TET БПЛА для инспекции опор ЛЭП: промышленное решение для инспекции, мониторинга и полевых операций с технической поддержкой проекта.",drone power line inspection | power line inspection drone | drones for utility inspection | transmission tower inspection UAV | БПЛА для инспекции опор ЛЭП | industrial UAV systems | UAV inspection drone | emergency response UAV,БПЛА для инспекции опор ЛЭП,БПЛА для инспекции опор ЛЭП Technical Specifications | Запросить решение и КП | Обзор | Технические характеристики | Запросить решение и КП | Связанные страницы,.next/server/app/ru/products/power-tower-inspection-drone.html
/ru/products/smart-substation-autonomous-inspection-system,ru,strong,100,smart substation autonomous inspection,8,true,true,true,true,true,1998,9,0.450,1,6,,Автономная система инспекции умной подстанции с БПЛА | N-TET,"N-TET Автономная система инспекции умной подстанции с БПЛА: промышленное решение для инспекции, мониторинга и полевых операций с технической поддержкой проекта.",smart substation autonomous inspection | substation inspection drone | power utility UAV inspection | autonomous UAV inspection | Автономная система инспекции умной подстанции с БПЛА | industrial UAV systems | UAV inspection drone | emergency response UAV,Автономная система инспекции умной подстанции с БПЛА,Автономная система инспекции умной подстанции с БПЛА Technical Specifications | Запросить решение и КП | Обзор | Технические характеристики | Запросить решение и КП | Связанные страницы,.next/server/app/ru/products/smart-substation-autonomous-inspection-system.html
/ru/products/stationary-rf-detection-system,ru,strong,100,Стационарная система радиочастотного обнаружения БПЛА,5,true,true,true,true,true,1526,5,0.328,1,6,,Стационарная система радиочастотного обнаружения БПЛА | N-TET,"N-TET Стационарная система радиочастотного обнаружения БПЛА: промышленное решение для инспекции, мониторинга и полевых операций с технической поддержкой проекта.",Стационарная система радиочастотного обнаружения БПЛА | low altitude monitoring equipment | drone detection equipment | airspace monitoring system | N-TET,Стационарная система радиочастотного обнаружения БПЛА,Стационарная система радиочастотного обнаружения БПЛА Technical Specifications | Запросить решение и КП | Обзор | Технические характеристики | Запросить решение и КП | Связанные страницы,.next/server/app/ru/products/stationary-rf-detection-system.html
/ru/products/uav-remote-id-monitoring-system,ru,strong,100,Система мониторинга удаленной идентификации БПЛА Remote ID,5,true,true,true,true,true,1474,3,0.204,1,6,,Система мониторинга удаленной идентификации БПЛА (Remote ID) | N-TET,"N-TET Система мониторинга удаленной идентификации БПЛА (Remote ID): промышленное решение для инспекции, мониторинга и полевых операций с технической поддержкой проекта.",Система мониторинга удаленной идентификации БПЛА Remote ID | low altitude monitoring equipment | drone detection equipment | airspace monitoring system | N-TET,Система мониторинга удаленной идентификации БПЛА Remote ID,Система мониторинга удаленной идентификации БПЛА Remote ID Technical Specifications | Запросить решение и КП | Обзор | Технические характеристики | Запросить решение и КП | Связанные страницы,.next/server/app/ru/products/uav-remote-id-monitoring-system.html
/ru/products/vtol-135kg-mtow-uav,ru,strong,100,VTOL БПЛА с максимальной взлетной массой 135 kg,5,true,true,true,true,true,1277,5,0.392,1,6,,VTOL БПЛА с максимальной взлетной массой 135 kg | N-TET,"N-TET VTOL БПЛА с максимальной взлетной массой 135 kg: промышленное решение для инспекции, мониторинга и полевых операций с технической поддержкой проекта.",VTOL БПЛА с максимальной взлетной массой 135 kg | industrial UAV systems | UAV inspection drone | emergency response UAV | N-TET,VTOL БПЛА с максимальной взлетной массой 135 kg,VTOL БПЛА с максимальной взлетной массой 135 kg Technical Specifications | Запросить решение и КП | Обзор | Технические характеристики | Запросить решение и КП | Связанные страницы,.next/server/app/ru/products/vtol-135kg-mtow-uav.html
/ru/products/vtol-14kg-mtow-uav,ru,strong,100,VTOL БПЛА с максимальной взлетной массой 14 kg,5,true,true,true,true,true,1275,5,0.392,1,6,,VTOL БПЛА с максимальной взлетной массой 14 kg | N-TET,"N-TET VTOL БПЛА с максимальной взлетной массой 14 kg: промышленное решение для инспекции, мониторинга и полевых операций с технической поддержкой проекта.",VTOL БПЛА с максимальной взлетной массой 14 kg | industrial UAV systems | UAV inspection drone | emergency response UAV | N-TET,VTOL БПЛА с максимальной взлетной массой 14 kg,VTOL БПЛА с максимальной взлетной массой 14 kg Technical Specifications | Запросить решение и КП | Обзор | Технические характеристики | Запросить решение и КП | Связанные страницы,.next/server/app/ru/products/vtol-14kg-mtow-uav.html
/ru/products/vtol-26kg-mtow-uav,ru,strong,100,VTOL БПЛА с максимальной взлетной массой 26 kg,5,true,true,true,true,true,1273,5,0.393,1,6,,VTOL БПЛА с максимальной взлетной массой 26 kg | N-TET,"N-TET VTOL БПЛА с максимальной взлетной массой 26 kg: промышленное решение для инспекции, мониторинга и полевых операций с технической поддержкой проекта.",VTOL БПЛА с максимальной взлетной массой 26 kg | industrial UAV systems | UAV inspection drone | emergency response UAV | N-TET,VTOL БПЛА с максимальной взлетной массой 26 kg,VTOL БПЛА с максимальной взлетной массой 26 kg Technical Specifications | Запросить решение и КП | Обзор | Технические характеристики | Запросить решение и КП | Связанные страницы,.next/server/app/ru/products/vtol-26kg-mtow-uav.html
/ru/products/vtol-40kg-mtow-uav,ru,strong,100,VTOL БПЛА с максимальной взлетной массой 40 kg,5,true,true,true,true,true,1277,5,0.392,1,6,,VTOL БПЛА с максимальной взлетной массой 40 kg | N-TET,"N-TET VTOL БПЛА с максимальной взлетной массой 40 kg: промышленное решение для инспекции, мониторинга и полевых операций с технической поддержкой проекта.",VTOL БПЛА с максимальной взлетной массой 40 kg | industrial UAV systems | UAV inspection drone | emergency response UAV | N-TET,VTOL БПЛА с максимальной взлетной массой 40 kg,VTOL БПЛА с максимальной взлетной массой 40 kg Technical Specifications | Запросить решение и КП | Обзор | Технические характеристики | Запросить решение и КП | Связанные страницы,.next/server/app/ru/products/vtol-40kg-mtow-uav.html
/ru/products/vtol-64kg-mtow-uav,ru,strong,100,VTOL БПЛА с максимальной взлетной массой 64 kg,5,true,true,true,true,true,1263,5,0.396,1,6,,VTOL БПЛА с максимальной взлетной массой 64 kg | N-TET,"N-TET VTOL БПЛА с максимальной взлетной массой 64 kg: промышленное решение для инспекции, мониторинга и полевых операций с технической поддержкой проекта.",VTOL БПЛА с максимальной взлетной массой 64 kg | industrial UAV systems | UAV inspection drone | emergency response UAV | N-TET,VTOL БПЛА с максимальной взлетной массой 64 kg,VTOL БПЛА с максимальной взлетной массой 64 kg Technical Specifications | Запросить решение и КП | Обзор | Технические характеристики | Запросить решение и КП | Связанные страницы,.next/server/app/ru/products/vtol-64kg-mtow-uav.html
/ru/solutions,ru,strong,100,решения для инспекции БПЛА,4,true,true,true,true,true,1227,6,0.489,1,11,,Решения для инспекции БПЛА | N-TET,"решения для инспекции БПЛА является основной темой этой страницы; также раскрываются связанные задачи: БПЛА для поиска и спасения, пожарный БПЛА, инспекция линий электропередачи БПЛА.",решения для инспекции БПЛА | БПЛА для поиска и спасения | пожарный БПЛА | инспекция линий электропередачи БПЛА,Решения для инспекции БПЛА,Решения для инспекции БПЛА для промышленных команд | Инспекция и патрулирование БПЛА | Аварийное применение БПЛА | Защита инфраструктуры | Безопасность важных объектов | Запросить решение и КП | Инспекция и патрулирование БПЛА | Аварийное применение БПЛА | Защита инфраструктуры | Безопасность важных объектов | Запросить решение и КП,.next/server/app/ru/solutions.html
/ru/solutions/airport-low-altitude-monitoring,ru,strong,85,Защита аэропортов от БПЛА,2,true,false,true,true,true,1611,13,0.807,1,11,description 未命中关键词,Защита аэропортов от БПЛА | N-TET,"Круглосуточная охрана чувствительных зон аэропорта и глиссад посадки для предотвращения вмешательства несанкционированных БПЛА в процессы взлета и посадки. Система объединяет радиочастотное обнаружение, согласованное реагирование и навигаци",Защита аэропортов от БПЛА | N-TET,Защита аэропортов от БПЛА,Защита аэропортов от БПЛА Workflow | Технические характеристики | Связанное оборудование | FAQ по решению | Запросить решение и КП | Обзор | Технические характеристики | Связанное оборудование | FAQ по решению | Запросить решение и КП | Связанные страницы,.next/server/app/ru/solutions/airport-low-altitude-monitoring.html
/ru/solutions/airport-security-protection,ru,strong,85,Безопасность аэропортов,2,true,false,true,true,true,1609,14,0.870,1,11,description 未命中关键词,Безопасность аэропортов | N-TET,"Аэропорты как транспортные узлы требуют высочайшей эффективности досмотра при огромном пассажиропотоке. Данное решение использует оптико-электронный мониторинг, обнаружение БПЛА и системы скоростного сканирования (двухпроекционные) для повы",Безопасность аэропортов | N-TET,Безопасность аэропортов,Безопасность аэропортов Workflow | Технические характеристики | Связанное оборудование | FAQ по решению | Запросить решение и КП | Обзор | Технические характеристики | Связанное оборудование | FAQ по решению | Запросить решение и КП | Связанные страницы,.next/server/app/ru/solutions/airport-security-protection.html
/ru/solutions/category/01_BorderPatrol,ru,strong,100,БПЛА для пограничного патрулирования,4,true,true,true,true,true,1520,15,0.987,1,9,,Решения БПЛА для пограничного патрулирования | N-TET,"БПЛА для пограничного патрулирования является основной темой этой страницы; также раскрываются связанные задачи: БПЛА для морского патрулирования, дрон для прибрежного мониторинга, наземное морское наблюдение.",БПЛА для пограничного патрулирования | БПЛА для морского патрулирования | дрон для прибрежного мониторинга | наземное морское наблюдение,Решения БПЛА для пограничного патрулирования,БПЛА для пограничного патрулирования и прибрежного мониторинга | Промышленные решения на базе БПЛА | Рекомендуемые продукты | FAQ по решению | Запросить решение и КП | Потребности отрасли | Промышленные решения на базе БПЛА | Рекомендуемые продукты | Запросить решение и КП,.next/server/app/ru/solutions/category/01_BorderPatrol.html
/ru/solutions/category/02_InfrastructureProtection,ru,strong,85,БПЛА для инспекции промышленных объектов,4,true,true,true,false,true,1722,12,0.697,1,9,H2 未命中关键词,Решения БПЛА для инспекции промышленных объектов | N-TET,"БПЛА для инспекции промышленных объектов является основной темой этой страницы; также раскрываются связанные задачи: инспекция нефти и газа дронами, БПЛА для инспекции трубопроводов, мониторинг химических заводов.",БПЛА для инспекции промышленных объектов | инспекция нефти и газа дронами | БПЛА для инспекции трубопроводов | мониторинг химических заводов,Решения БПЛА для инспекции промышленных объектов,Сценарии инспекции промышленных объектов БПЛА | Промышленные решения на базе БПЛА | Рекомендуемые продукты | FAQ по решению | Запросить решение и КП | Потребности отрасли | Промышленные решения на базе БПЛА | Рекомендуемые продукты | Запросить решение и КП,.next/server/app/ru/solutions/category/02_InfrastructureProtection.html
/ru/solutions/category/03_KeyAreaSecurity,ru,strong,85,мониторинг воздушного пространства аэропорта,4,true,true,true,false,true,1580,14,0.886,1,9,H2 未命中关键词,Мониторинг воздушного пространства аэропорта и безопасность ключевых зон | N-TET,"мониторинг воздушного пространства аэропорта является основной темой этой страницы; также раскрываются связанные задачи: мониторинг безопасности мероприятий, безопасность ключевых зон, оборудование мониторинга низкой высоты.",мониторинг воздушного пространства аэропорта | мониторинг безопасности мероприятий | безопасность ключевых зон | оборудование мониторинга низкой высоты,Мониторинг воздушного пространства аэропорта и безопасность ключевых зон,Сценарии мониторинга воздушного пространства аэропорта | Промышленные решения на базе БПЛА | Рекомендуемые продукты | FAQ по решению | Запросить решение и КП | Потребности отрасли | Промышленные решения на базе БПЛА | Рекомендуемые продукты | Запросить решение и КП,.next/server/app/ru/solutions/category/03_KeyAreaSecurity.html
/ru/solutions/category/04_EmergencyRescue,ru,strong,100,БПЛА для поиска и спасения,4,true,true,true,true,true,1548,16,1.034,1,9,,Решения БПЛА для поиска и спасения | N-TET,"БПЛА для поиска и спасения является основной темой этой страницы; также раскрываются связанные задачи: пожарный БПЛА, БПЛА аварийной связи, БПЛА для освещения.",БПЛА для поиска и спасения | пожарный БПЛА | БПЛА аварийной связи | БПЛА для освещения,Решения БПЛА для поиска и спасения,Рабочие процессы БПЛА для поиска и спасения | Промышленные решения на базе БПЛА | Рекомендуемые продукты | FAQ по решению | Запросить решение и КП | Потребности отрасли | Промышленные решения на базе БПЛА | Рекомендуемые продукты | Запросить решение и КП,.next/server/app/ru/solutions/category/04_EmergencyRescue.html
/ru/solutions/chemical-plant-protection,ru,strong,100,БПЛА для инспекции трубопроводов,4,true,true,true,true,true,2122,19,0.895,1,14,,БПЛА для инспекции трубопроводов и мониторинга химических заводов | N-TET,"БПЛА для инспекции трубопроводов является основной темой этой страницы; также раскрываются связанные задачи: мониторинг химических заводов, инспекция трубопроводов БПЛА, инспекция нефти и газа дронами.",БПЛА для инспекции трубопроводов | мониторинг химических заводов | инспекция трубопроводов БПЛА | инспекция нефти и газа дронами,БПЛА для инспекции трубопроводов и мониторинга химических заводов,БПЛА для инспекции трубопроводов и мониторинга объекта | A Neutral Low-Altitude Risk Process for Chemical Sites | Модули решения | Связанное оборудование | FAQ по решению | Запросить решение и КП | Обзор | Отраслевые проблемы | A Neutral Low-Altitude Risk Process for Chemical Sites | Модули решения | Связанное оборудование | FAQ по решению | Запросить решение и КП | Связанные страницы,.next/server/app/ru/solutions/chemical-plant-protection.html
/ru/solutions/disaster-site-search-rescue-reconnaissance-uav-solution,ru,strong,100,БПЛА для поиска и спасения,4,true,true,true,true,true,1859,19,1.022,1,16,,Решение БПЛА для поиска и спасения | N-TET,"БПЛА для поиска и спасения является основной темой этой страницы; также раскрываются связанные задачи: тепловизионные дроны для поиска и спасения, поисково-спасательный БПЛА, спасательный дрон.",БПЛА для поиска и спасения | тепловизионные дроны для поиска и спасения | поисково-спасательный БПЛА | спасательный дрон,Решение БПЛА для поиска и спасения,Рабочий процесс БПЛА для поиска и спасения | How UAVs Upgrade Emergency Reconnaissance | Модули решения | Связанное оборудование | Связанные кейсы | FAQ по решению | Запросить решение и КП | Обзор | Отраслевые проблемы | How UAVs Upgrade Emergency Reconnaissance | Модули решения | Связанное оборудование | Связанные кейсы | FAQ по решению | Запросить решение и КП | Связанные страницы,.next/server/app/ru/solutions/disaster-site-search-rescue-reconnaissance-uav-solution.html
/ru/solutions/emergency-communication-uav,ru,strong,100,БПЛА экстренной связи,2,true,true,true,true,true,1568,15,0.957,1,11,,БПЛА экстренной связи | N-TET,"БПЛА экстренной связи оснащен интегрированной высотной базовой станцией и использует спутниковые каналы для передачи данных на большие расстояния. Позволяет быстро восстановить покрытие 4G/5G в зонах бедствий, создавая эксклюзивную частную",БПЛА экстренной связи | N-TET,БПЛА экстренной связи,БПЛА экстренной связи Workflow | Технические характеристики | Связанное оборудование | FAQ по решению | Запросить решение и КП | Обзор | Технические характеристики | Связанное оборудование | FAQ по решению | Запросить решение и КП | Связанные страницы,.next/server/app/ru/solutions/emergency-communication-uav.html
/ru/solutions/emergency-communication-uav-solution,ru,partial,70,Решение БПЛА для аварийной связи,2,true,false,true,false,true,1535,12,0.782,1,14,description 未命中关键词; H2 未命中关键词,Решение БПЛА для аварийной связи | N-TET,"Воздушное коммуникационное решение для отключения сети после ЧС, удаленных зон без сигнала и временного обеспечения связи, позволяющее быстро восстановить публичное покрытие или развернуть спасательную частную сеть.",Решение БПЛА для аварийной связи | N-TET,Решение БПЛА для аварийной связи,Связанное оборудование | FAQ по решению | Запросить решение и КП | Обзор | Отраслевые задачи | Как БПЛА повышают эффективность | Решение | Связанное оборудование | Связанные проекты | Технические характеристики | Связанное оборудование | FAQ по решению | Запросить решение и КП | Связанные страницы,.next/server/app/ru/solutions/emergency-communication-uav-solution.html
/ru/solutions/emergency-lighting-uav,ru,strong,85,БПЛА аварийного освещения,2,true,false,true,true,true,1524,13,0.853,1,11,description 未命中关键词,БПЛА аварийного освещения | N-TET,"Оснащен мощными светодиодными модулями высокой яркости, легко развертывается и обеспечивает непрерывное освещение больших площадей под любым углом без слепых зон. Работает в привязном режиме с постоянным питанием, что позволяет длительное в",БПЛА аварийного освещения | N-TET,БПЛА аварийного освещения,БПЛА аварийного освещения Workflow | Технические характеристики | Связанное оборудование | FAQ по решению | Запросить решение и КП | Обзор | Технические характеристики | Связанное оборудование | FAQ по решению | Запросить решение и КП | Связанные страницы,.next/server/app/ru/solutions/emergency-lighting-uav.html
/ru/solutions/emergency-reconnaissance-uav,ru,strong,85,БПЛА экстренной разведки,2,true,false,true,true,true,1546,13,0.841,1,11,description 未命中关键词,БПЛА экстренной разведки | N-TET,"Гибкий и быстрый в развертывании дрон, способный преодолевать препятствия в виде завалов дорог и горно-лесистой местности. Оснащен HD-камерами и тепловизорами для широкомасштабного патрулирования и передачи видео в реальном времени для поис",БПЛА экстренной разведки | N-TET,БПЛА экстренной разведки,БПЛА экстренной разведки Workflow | Технические характеристики | Связанное оборудование | FAQ по решению | Запросить решение и КП | Обзор | Технические характеристики | Связанное оборудование | FAQ по решению | Запросить решение и КП | Связанные страницы,.next/server/app/ru/solutions/emergency-reconnaissance-uav.html
/ru/solutions/emergency-search-rescue-uav-solution,ru,partial,70,Решение поисково-спасательного БПЛА,2,true,false,true,false,true,1529,12,0.785,1,16,description 未命中关键词; H2 未命中关键词,Решение поисково-спасательного БПЛА | N-TET,"Быстро развертываемое решение БПЛА для разведки ЧС, поиска людей, определения целей, доставки грузов и координации командования при паводках, землетрясениях, в лесах, на воде и в удаленных районах.",Решение поисково-спасательного БПЛА | N-TET,Решение поисково-спасательного БПЛА,Связанное оборудование | Связанные кейсы | FAQ по решению | Запросить решение и КП | Обзор | Отраслевые задачи | Как БПЛА повышают эффективность | Решение | Связанное оборудование | Связанные проекты | Технические характеристики | Связанное оборудование | Связанные кейсы | FAQ по решению | Запросить решение и КП | Связанные страницы,.next/server/app/ru/solutions/emergency-search-rescue-uav-solution.html
/ru/solutions/high-rise-firefighting-uav-solution,ru,partial,70,Решение БПЛА для тушения высотных пожаров,2,true,false,true,false,true,1588,12,0.756,1,14,description 未命中关键词; H2 未命中关键词,Решение БПЛА для тушения высотных пожаров | N-TET,"Решение с привязным БПЛА для высотных зданий, плотной городской застройки и промышленных парков: подача воды или состава с высоты, вскрытие окон, дымоудаление, тепловизионная разведка и связь с командным пунктом.",Решение БПЛА для тушения высотных пожаров | N-TET,Решение БПЛА для тушения высотных пожаров,Связанное оборудование | FAQ по решению | Запросить решение и КП | Обзор | Отраслевые задачи | Как БПЛА повышают эффективность | Решение | Связанное оборудование | Связанные проекты | Технические характеристики | Связанное оборудование | FAQ по решению | Запросить решение и КП | Связанные страницы,.next/server/app/ru/solutions/high-rise-firefighting-uav-solution.html
/ru/solutions/hydroelectric-dam-protection,ru,strong,85,Защита гидроэлектрических плотин,2,true,false,true,true,true,1737,13,0.748,1,14,description 未命中关键词,Защита гидроэлектрических плотин | N-TET,"Процесс низковысотной безопасности для гидроэлектрических плотин, водохранилищ, машинных залов, водосбросов и инспекционных маршрутов. Он основан на логике защиты критической инфраструктуры и охватывает наблюдение, подтверждение цели, сопро",Защита гидроэлектрических плотин | N-TET,Защита гидроэлектрических плотин,Защита гидроэлектрических плотин Workflow | ??????? ????????????? ???????????? ??? ??????? | Модули решения | Связанное оборудование | FAQ по решению | Запросить решение и КП | Обзор | Отраслевые проблемы | ??????? ????????????? ???????????? ??? ??????? | Модули решения | Связанное оборудование | FAQ по решению | Запросить решение и КП | Связанные страницы,.next/server/app/ru/solutions/hydroelectric-dam-protection.html
/ru/solutions/judicial-sector-security,ru,strong,85,Безопасность судебного сектора,2,true,false,true,true,true,1598,13,0.814,1,11,description 未命中关键词,Безопасность судебного сектора | N-TET,"Судебный сектор связан с управлением секретной информацией и лицами высокого риска. Наше решение строит комплексную систему защиты, объединяя оптико-электронный мониторинг, мониторинг низковысотной активности и интеллектуальные терминалы до",Безопасность судебного сектора | N-TET,Безопасность судебного сектора,Безопасность судебного сектора Workflow | Технические характеристики | Связанное оборудование | FAQ по решению | Запросить решение и КП | Обзор | Технические характеристики | Связанное оборудование | FAQ по решению | Запросить решение и КП | Связанные страницы,.next/server/app/ru/solutions/judicial-sector-security.html
/ru/solutions/land-based-maritime-surveillance,ru,strong,85,Береговое наблюдение и раннее предупреждение,2,true,false,true,true,true,1484,13,0.876,1,11,description 未命中关键词,Береговое наблюдение и раннее предупреждение | N-TET,"Интегрированная система морской обороны, объединяющая радарные и оптико-электронные данные для круглосуточного контроля акватории и предотвращения незаконной деятельности. Преодолевает ограничения традиционных методов наблюдения, обеспечива",Береговое наблюдение и раннее предупреждение | N-TET,Береговое наблюдение и раннее предупреждение,Береговое наблюдение и раннее предупреждение Workflow | Технические характеристики | Связанное оборудование | FAQ по решению | Запросить решение и КП | Обзор | Технические характеристики | Связанное оборудование | FAQ по решению | Запросить решение и КП | Связанные страницы,.next/server/app/ru/solutions/land-based-maritime-surveillance.html
/ru/solutions/night-emergency-lighting-support-uav-solution,ru,strong,100,привязной БПЛА для освещения,4,true,true,true,true,true,1966,21,1.068,1,16,,привязной БПЛА для освещения: решение | N-TET,"привязной БПЛА для освещения является основной темой этой страницы; также раскрываются связанные задачи: дрон для освещения, система освещения БПЛА, дрон аварийного освещения.",привязной БПЛА для освещения | дрон для освещения | система освещения БПЛА | дрон аварийного освещения,привязной БПЛА для освещения: решение,привязной БПЛА для освещения: рабочий процесс | Как БПЛА повышают эффективность работ | Модули решения | Связанное оборудование | Связанные кейсы | FAQ по решению | Запросить решение и КП | Обзор | Отраслевые проблемы | Как БПЛА повышают эффективность работ | Модули решения | Связанное оборудование | Связанные кейсы | FAQ по решению | Запросить решение и КП | Связанные страницы,.next/server/app/ru/solutions/night-emergency-lighting-support-uav-solution.html
/ru/solutions/oil-production-base-protection,ru,strong,100,oil and gas drone inspection,4,true,true,true,true,true,2159,18,0.834,1,14,,Oil and Gas Drone Inspection Solution | N-TET,"This oil and gas drone inspection solution supports oil production sites, pipeline corridor inspection, industrial facility inspection UAV workflows, and low-altitude monitoring around field assets.",oil and gas drone inspection | industrial facility inspection UAV | pipeline corridor inspection | oil production site monitoring,Oil and Gas Drone Inspection Solution,Oil and Gas Drone Inspection Workflow | Layered Low-Altitude Protection for Oil Production Sites | Модули решения | Связанное оборудование | FAQ по решению | Запросить решение и КП | Обзор | Отраслевые проблемы | Layered Low-Altitude Protection for Oil Production Sites | Модули решения | Связанное оборудование | FAQ по решению | Запросить решение и КП | Связанные страницы,.next/server/app/ru/solutions/oil-production-base-protection.html
/ru/solutions/post-disaster-emergency-communication-support-uav-solution,ru,strong,100,БПЛА аварийной связи,4,true,true,true,true,true,1817,20,1.101,1,16,,Решение БПЛА аварийной связи | N-TET,"БПЛА аварийной связи является основной темой этой страницы; также раскрываются связанные задачи: дрон связи для ликвидации последствий, привязной БПЛА связи, связь общественной безопасности БПЛА.",БПЛА аварийной связи | дрон связи для ликвидации последствий | привязной БПЛА связи | связь общественной безопасности БПЛА,Решение БПЛА аварийной связи,Рабочий процесс БПЛА аварийной связи | Как БПЛА повышают эффективность работ | Модули решения | Связанное оборудование | Связанные кейсы | FAQ по решению | Запросить решение и КП | Обзор | Отраслевые проблемы | Как БПЛА повышают эффективность работ | Модули решения | Связанное оборудование | Связанные кейсы | FAQ по решению | Запросить решение и КП | Связанные страницы,.next/server/app/ru/solutions/post-disaster-emergency-communication-support-uav-solution.html
/ru/solutions/power-generation-facility-low-altitude-monitoring,ru,strong,85,Защита энергетических объектов от БПЛА,2,true,false,true,true,true,1586,13,0.820,1,11,description 未命中关键词,Защита энергетических объектов от БПЛА | N-TET,"Специализированное решение для тепловых и атомных электростанций, а также ключевых подстанций. Автоматически обнаруживает несанкционированную съемку и разведку, предотвращая повреждение линий электропередач. Система включает стационарные и",Защита энергетических объектов от БПЛА | N-TET,Защита энергетических объектов от БПЛА,Защита энергетических объектов от БПЛА Workflow | Технические характеристики | Связанное оборудование | FAQ по решению | Запросить решение и КП | Обзор | Технические характеристики | Связанное оборудование | FAQ по решению | Запросить решение и КП | Связанные страницы,.next/server/app/ru/solutions/power-generation-facility-low-altitude-monitoring.html
/ru/solutions/power-line-uav-intelligent-inspection-solution,ru,strong,85,БПЛА для инспекции линий электропередачи,4,true,true,true,false,true,2081,18,0.865,1,12,H2 未命中关键词,Решение БПЛА для инспекции линий электропередачи | N-TET,"БПЛА для инспекции линий электропередачи является основной темой этой страницы; также раскрываются связанные задачи: инспекция линий электропередачи БПЛА, дрон для инспекции опор, БПЛА для инспекции коммунальных объектов.",БПЛА для инспекции линий электропередачи | инспекция линий электропередачи БПЛА | дрон для инспекции опор | БПЛА для инспекции коммунальных объектов,Решение БПЛА для инспекции линий электропередачи,Рабочий процесс инспекции линий электропередачи БПЛА | Как БПЛА повышают эффективность работ | Модули решения | FAQ по решению | Запросить решение и КП | Обзор | Отраслевые проблемы | Как БПЛА повышают эффективность работ | Модули решения | FAQ по решению | Запросить решение и КП | Связанные страницы,.next/server/app/ru/solutions/power-line-uav-intelligent-inspection-solution.html
/ru/solutions/power-tower-inspection-uav-solution,ru,partial,70,Решение БПЛА для инспекции опор ЛЭП,2,true,false,true,false,true,1592,12,0.754,1,16,description 未命中关键词; H2 未命中关键词,Решение БПЛА для инспекции опор ЛЭП | N-TET,"Решение на базе БПЛА для эксплуатации линий электропередачи: плановые обходы, локализация неисправностей, аварийные осмотры, контроль древесных помех и выпуск отчетов.",Решение БПЛА для инспекции опор ЛЭП | N-TET,Решение БПЛА для инспекции опор ЛЭП,Связанное оборудование | Связанные кейсы | FAQ по решению | Запросить решение и КП | Обзор | Отраслевые задачи | Как БПЛА повышают эффективность | Решение | Связанное оборудование | Связанные проекты | Технические характеристики | Связанное оборудование | Связанные кейсы | FAQ по решению | Запросить решение и КП | Связанные страницы,.next/server/app/ru/solutions/power-tower-inspection-uav-solution.html
/ru/solutions/smart-substation-autonomous-inspection-solution,ru,partial,70,Решение автономной инспекции подстанций с БПЛА,2,true,false,true,false,true,1590,12,0.755,1,16,description 未命中关键词; H2 未命中关键词,Решение автономной инспекции подстанций с БПЛА | N-TET,"Решение автономной инспекции подстанций, объединяющее док-станцию БПЛА, промышленную платформу, мультисенсорные нагрузки, аналитику ИИ и систему управления для автономных обходов, теплового контроля, распознавания дефектов и закрытия заявок",Решение автономной инспекции подстанций с БПЛА | N-TET,Решение автономной инспекции подстанций с БПЛА,Связанное оборудование | Связанные кейсы | FAQ по решению | Запросить решение и КП | Обзор | Отраслевые задачи | Как БПЛА повышают эффективность | Решение | Связанное оборудование | Связанные проекты | Технические характеристики | Связанное оборудование | Связанные кейсы | FAQ по решению | Запросить решение и КП | Связанные страницы,.next/server/app/ru/solutions/smart-substation-autonomous-inspection-solution.html
/ru/solutions/smart-substation-unattended-uav-inspection-solution,ru,strong,100,автономная инспекция умных подстанций,4,true,true,true,true,true,1896,19,1.002,1,16,,автономная инспекция умных подстанций: решение | N-TET,"автономная инспекция умных подстанций является основной темой этой страницы; также раскрываются связанные задачи: дрон для инспекции подстанций, инспекция энергетических объектов БПЛА, автономная инспекция БПЛА.",автономная инспекция умных подстанций | дрон для инспекции подстанций | инспекция энергетических объектов БПЛА | автономная инспекция БПЛА,автономная инспекция умных подстанций: решение,автономная инспекция умных подстанций: рабочий процесс | How UAVs Upgrade Substation Inspection | Модули решения | Связанное оборудование | Связанные кейсы | FAQ по решению | Запросить решение и КП | Обзор | Отраслевые проблемы | How UAVs Upgrade Substation Inspection | Модули решения | Связанное оборудование | Связанные кейсы | FAQ по решению | Запросить решение и КП | Связанные страницы,.next/server/app/ru/solutions/smart-substation-unattended-uav-inspection-solution.html
/ru/solutions/sports-event-security,ru,strong,85,Безопасность крупных спортивных мероприятий,2,true,false,true,true,true,2044,13,0.636,1,14,description 未命中关键词,Безопасность крупных спортивных мероприятий | N-TET,"Защита мероприятий и выставок с числом участников более 10 000 человек. Решение проблем высокой плотности людей, управления потоками и слепых зон в безопасности. Объединяет предупреждение о БПЛА с интеллектуальными терминалами досмотра для",Безопасность крупных спортивных мероприятий | N-TET,Безопасность крупных спортивных мероприятий,Безопасность крупных спортивных мероприятий Workflow | How Integrated Monitoring and Screening Support Large Events | Модули решения | Связанное оборудование | FAQ по решению | Запросить решение и КП | Обзор | Отраслевые проблемы | How Integrated Monitoring and Screening Support Large Events | Модули решения | Связанное оборудование | FAQ по решению | Запросить решение и КП | Связанные страницы,.next/server/app/ru/solutions/sports-event-security.html
/ru/solutions/tethered-lighting-uav-solution,ru,partial,70,Решение привязного осветительного БПЛА,2,true,false,true,false,true,1526,12,0.786,1,16,description 未命中关键词; H2 未命中关键词,Решение привязного осветительного БПЛА | N-TET,"Решение длительного воздушного освещения для ночных спасательных работ, аварийного ремонта, эвакуации и временных площадок за счет непрерывной подсветки с высоты.",Решение привязного осветительного БПЛА | N-TET,Решение привязного осветительного БПЛА,Связанное оборудование | Связанные кейсы | FAQ по решению | Запросить решение и КП | Обзор | Отраслевые задачи | Как БПЛА повышают эффективность | Решение | Связанное оборудование | Связанные проекты | Технические характеристики | Связанное оборудование | Связанные кейсы | FAQ по решению | Запросить решение и КП | Связанные страницы,.next/server/app/ru/solutions/tethered-lighting-uav-solution.html
/ru/solutions/uav-maritime-emergency-rescue,ru,strong,85,Аварийно-спасательные операции БПЛА на море,2,true,false,true,true,true,1536,13,0.846,1,11,description 未命中关键词,Аварийно-спасательные операции БПЛА на море | N-TET,"Быстрое реагирование на чрезвычайные ситуации в море: разведка, передача панорамного изображения в реальном времени, поиск пострадавших с помощью ИК-датчиков и точная доставка спасательных средств (жилетов, аптечек) в кратчайшие сроки.",Аварийно-спасательные операции БПЛА на море | N-TET,Аварийно-спасательные операции БПЛА на море,Аварийно-спасательные операции БПЛА на море Workflow | Технические характеристики | Связанное оборудование | FAQ по решению | Запросить решение и КП | Обзор | Технические характеристики | Связанное оборудование | FAQ по решению | Запросить решение и КП | Связанные страницы,.next/server/app/ru/solutions/uav-maritime-emergency-rescue.html
/ru/solutions/uav-maritime-patrol,ru,strong,85,БПЛА для морского патрулирования,4,true,true,true,false,true,1914,21,1.097,1,16,H2 未命中关键词,Решение БПЛА для морского патрулирования | N-TET,"БПЛА для морского патрулирования является основной темой этой страницы; также раскрываются связанные задачи: дрон для прибрежного мониторинга, БПЛА для пограничного патрулирования, БПЛА для охраны границ.",БПЛА для морского патрулирования | дрон для прибрежного мониторинга | БПЛА для пограничного патрулирования | БПЛА для охраны границ,Решение БПЛА для морского патрулирования,Рабочий процесс морского патрулирования БПЛА | Как БПЛА повышают эффективность работ | Модули решения | Связанное оборудование | Связанные кейсы | FAQ по решению | Запросить решение и КП | Обзор | Отраслевые проблемы | Как БПЛА повышают эффективность работ | Модули решения | Связанное оборудование | Связанные кейсы | FAQ по решению | Запросить решение и КП | Связанные страницы,.next/server/app/ru/solutions/uav-maritime-patrol.html
/ru/solutions/urban-high-rise-firefighting-emergency-uav-solution,ru,strong,100,пожарный БПЛА,4,true,true,true,true,true,1819,19,1.045,1,16,,пожарный БПЛА: решение | N-TET,"пожарный БПЛА является основной темой этой страницы; также раскрываются связанные задачи: БПЛА для тушения высотных зданий, дрон для пожаротушения, пожарные дроны.",пожарный БПЛА | БПЛА для тушения высотных зданий | дрон для пожаротушения | пожарные дроны,пожарный БПЛА: решение,пожарный БПЛА: рабочий процесс | Как БПЛА повышают эффективность работ | Модули решения | Связанное оборудование | Связанные кейсы | FAQ по решению | Запросить решение и КП | Обзор | Отраслевые проблемы | Как БПЛА повышают эффективность работ | Модули решения | Связанное оборудование | Связанные кейсы | FAQ по решению | Запросить решение и КП | Связанные страницы,.next/server/app/ru/solutions/urban-high-rise-firefighting-emergency-uav-solution.html
/ru/solutions/water-conservancy-monitoring-uav-solution,ru,partial,70,Решение БПЛА для мониторинга водного хозяйства,2,true,false,true,false,true,1575,12,0.762,1,16,description 未命中关键词; H2 未命中关键词,Решение БПЛА для мониторинга водного хозяйства | N-TET,"Решение БПЛА для мониторинга рек, озер, водохранилищ, паводковых задач, инспекции гидротехнических объектов, отбора проб воды, поиска источников загрязнения и фиксации доказательств.",Решение БПЛА для мониторинга водного хозяйства | N-TET,Решение БПЛА для мониторинга водного хозяйства,Связанное оборудование | Связанные кейсы | FAQ по решению | Запросить решение и КП | Обзор | Отраслевые задачи | Как БПЛА повышают эффективность | Решение | Связанное оборудование | Связанные проекты | Технические характеристики | Связанное оборудование | Связанные кейсы | FAQ по решению | Запросить решение и КП | Связанные страницы,.next/server/app/ru/solutions/water-conservancy-monitoring-uav-solution.html
/ru/solutions/water-conservancy-river-lake-uav-monitoring-solution,ru,strong,85,БПЛА для мониторинга водного хозяйства,4,true,true,true,false,true,1941,20,1.030,1,16,H2 未命中关键词,Решение БПЛА для мониторинга водного хозяйства | N-TET,"БПЛА для мониторинга водного хозяйства является основной темой этой страницы; также раскрываются связанные задачи: БПЛА для инспекции дамб, мониторинг рек и озер БПЛА, дрон для мониторинга паводков.",БПЛА для мониторинга водного хозяйства | БПЛА для инспекции дамб | мониторинг рек и озер БПЛА | дрон для мониторинга паводков,Решение БПЛА для мониторинга водного хозяйства,Рабочий процесс мониторинга водного хозяйства БПЛА | Как БПЛА повышают эффективность работ | Модули решения | Связанное оборудование | Связанные кейсы | FAQ по решению | Запросить решение и КП | Обзор | Отраслевые проблемы | Как БПЛА повышают эффективность работ | Модули решения | Связанное оборудование | Связанные кейсы | FAQ по решению | Запросить решение и КП | Связанные страницы,.next/server/app/ru/solutions/water-conservancy-river-lake-uav-monitoring-solution.html
