route,keyword_locale,status,score,primary_keyword,keyword_count,title_hit,description_hit,h1_hit,h2_hit,body_hit,body_words,body_keyword_occurrences,keyword_density_pct,h1_count,h2_count,issues,title,description,keywords,h1,h2,file
/en,en,strong,85,industrial UAV systems,4,true,true,true,false,true,1117,4,0.358,1,11,H2 未命中关键词,Industrial UAV Systems for Low-Altitude Operations | N-TET,"industrial UAV systems is the primary search theme for this page, with related coverage for low altitude monitoring, UAV inspection drone, emergency response UAV.",industrial UAV systems | low altitude monitoring | UAV inspection drone | emergency response UAV,Industrial UAV Systems for Low-Altitude Operations,Our Solutions | Product Center | Water Conservancy Monitoring Drone | Case Center | About Us | Latest News | Our Solutions | Product Center | Case Center | About Us | Latest News,.next/server/app/en.html
/en/about,en,strong,85,industrial UAV systems integrator,4,true,true,true,false,true,1178,2,0.170,1,5,H2 未命中关键词,Industrial UAV Systems Integrator Profile | N-TET,"N-TET is an industrial UAV systems integrator and solution provider focused on low-altitude monitoring equipment, inspection workflows, and security technologies for infrastructure operators.",industrial UAV systems integrator | low altitude monitoring solution provider | UAV system supplier | security technology integrator,Industrial UAV Systems Integrator Profile,Industrial UAV Integration Capabilities | R&D Team | Company Profile | R&D Team | Get Solution & Quotation,.next/server/app/en/about.html
/en/accessories,en,strong,80,drone accessories,8,true,false,true,true,true,1340,59,4.403,1,11,description 未命中关键词; 关键词密度偏高，需要检查堆砌风险,Drone Accessories & UAV Components | N-TET,"Browse N-TET UAV accessories including electro-optical gimbals, UAV engines, data links, propellers, motors, batteries, remote controllers, and flight controllers.",drone accessories | UAV components | UAV gimbal | UAV engine | UAV data link | drone propellers | UAV motors | flight controller,Drone Accessories & UAV Components,Drone Accessories and UAV Components for Industrial Platforms | Drone Accessories FAQ | Flight Controllers | UAV Motors | UAV Propellers | UAV Batteries | Electro-Optical Gimbals | UAV Engines | UAV Data Links | UAV Remote Controllers | Get Solution & Quotation,.next/server/app/en/accessories.html
/en/accessories/fc-bt1,en,strong,85,FC-BT1 UAV Solid-State Battery,4,true,false,true,true,true,3956,11,0.278,1,5,description 未命中关键词,FC-BT1 UAV Solid-State Battery | N-TET Drone Accessories,"FC-BT1 is a 280Wh/kg, 4.2V 10C solid-state lithium-ion battery series covering 16Ah-30Ah capacities for inspection, mapping, VTOL, multi-rotor industrial UAVs, robots, and unmanned vessels.",FC-BT1 UAV Solid-State Battery | drone accessories | UAV components | industrial UAV parts,FC-BT1 UAV Solid-State Battery,FC-BT1 UAV Solid-State Battery Technical Specifications | Get Solution & Quotation | Overview | Technical Specifications | Get Solution & Quotation,.next/server/app/en/accessories/fc-bt1.html
/en/accessories/fc-bt2,en,strong,85,FC-BT2 UAV Solid-State Battery,4,true,false,true,true,true,3448,11,0.319,1,5,description 未命中关键词,FC-BT2 UAV Solid-State Battery | N-TET Drone Accessories,"FC-BT2 is an upgraded FC-BT1 series with 310Wh/kg energy density, improved wind resistance and landing safety, and stable performance for inspection, mapping, VTOL, and multi-rotor industrial UAVs.",FC-BT2 UAV Solid-State Battery | drone accessories | UAV components | industrial UAV parts,FC-BT2 UAV Solid-State Battery,FC-BT2 UAV Solid-State Battery Technical Specifications | Get Solution & Quotation | Overview | Technical Specifications | Get Solution & Quotation,.next/server/app/en/accessories/fc-bt2.html
/en/accessories/fc-bt3,en,strong,85,FC-BT3 High-Voltage UAV Solid-State Battery,4,true,false,true,true,true,3567,11,0.308,1,5,description 未命中关键词,FC-BT3 High-Voltage UAV Solid-State Battery | N-TET Drone Accessories,FC-BT3 is a 4.35V high-voltage solid-state battery series with higher discharge rate and lower voltage sag for heavy-lift VTOL and aircraft with large differences between vertical-lift and cruise power demand.,FC-BT3 High-Voltage UAV Solid-State Battery | drone accessories | UAV components | industrial UAV parts,FC-BT3 High-Voltage UAV Solid-State Battery,FC-BT3 High-Voltage UAV Solid-State Battery Technical Specifications | Get Solution & Quotation | Overview | Technical Specifications | Get Solution & Quotation,.next/server/app/en/accessories/fc-bt3.html
/en/accessories/fc-bt4,en,strong,85,FC-BT4 High-Energy UAV Solid-State Battery,4,true,false,true,true,true,5437,11,0.202,1,5,description 未命中关键词,FC-BT4 High-Energy UAV Solid-State Battery | N-TET Drone Accessories,"FC-BT4 is a 340Wh/kg high-energy-density solid-state battery series balancing low voltage sag, high safety, long service life, and cost performance for reconnaissance, solar, mapping, security, and long-endurance UAVs.",FC-BT4 High-Energy UAV Solid-State Battery | drone accessories | UAV components | industrial UAV parts,FC-BT4 High-Energy UAV Solid-State Battery,FC-BT4 High-Energy UAV Solid-State Battery Technical Specifications | Get Solution & Quotation | Overview | Technical Specifications | Get Solution & Quotation,.next/server/app/en/accessories/fc-bt4.html
/en/accessories/fc-btg,en,strong,85,FC-BTG Training UAV Solid-State Battery,4,true,false,true,true,true,2727,11,0.403,1,5,description 未命中关键词,FC-BTG Training UAV Solid-State Battery | N-TET Drone Accessories,"FC-BTG is a cost-effective solid-state battery series for training, logistics, and power-operation scenarios, covering FC-BTG-TG1 and FC-BTG-TG3 configurations with stable output, long endurance, and training-friendly adaptation.",FC-BTG Training UAV Solid-State Battery | drone accessories | UAV components | industrial UAV parts,FC-BTG Training UAV Solid-State Battery,FC-BTG Training UAV Solid-State Battery Technical Specifications | Get Solution & Quotation | Overview | Technical Specifications | Get Solution & Quotation,.next/server/app/en/accessories/fc-btg.html
/en/accessories/fc-c2d-propeller,en,strong,85,FC-C2D UAV Propeller,4,true,false,true,true,true,1519,10,0.658,1,5,description 未命中关键词,FC-C2D UAV Propeller | N-TET Drone Accessories,Dimension range: 11~42 in; maximum thrust: 12.42kgf (7000RPM); peak propeller efficiency: 11.08gf/W (2821RPM).,FC-C2D UAV Propeller | drone accessories | UAV components | industrial UAV parts,FC-C2D UAV Propeller,FC-C2D UAV Propeller Technical Specifications | Get Solution & Quotation | Overview | Technical Specifications | Get Solution & Quotation,.next/server/app/en/accessories/fc-c2d-propeller.html
/en/accessories/fc-c2e-propeller,en,strong,85,FC-C2E UAV Propeller,4,true,false,true,true,true,1467,10,0.682,1,5,description 未命中关键词,FC-C2E UAV Propeller | N-TET Drone Accessories,Dimension range: 8~32 in; maximum thrust: 10.84kgf (6261RPM); peak propeller efficiency: 10.83gf/W (3442RPM).,FC-C2E UAV Propeller | drone accessories | UAV components | industrial UAV parts,FC-C2E UAV Propeller,FC-C2E UAV Propeller Technical Specifications | Get Solution & Quotation | Overview | Technical Specifications | Get Solution & Quotation,.next/server/app/en/accessories/fc-c2e-propeller.html
/en/accessories/fc-c2t-propeller,en,strong,85,FC-C2T UAV Propeller,4,true,false,true,true,true,1495,10,0.669,1,5,description 未命中关键词,FC-C2T UAV Propeller | N-TET Drone Accessories,Dimension range: 14~46 in; maximum thrust: 24.99kgf (7850RPM); peak propeller efficiency: 8.49gf/W (3036RPM).,FC-C2T UAV Propeller | drone accessories | UAV components | industrial UAV parts,FC-C2T UAV Propeller,FC-C2T UAV Propeller Technical Specifications | Get Solution & Quotation | Overview | Technical Specifications | Get Solution & Quotation,.next/server/app/en/accessories/fc-c2t-propeller.html
/en/accessories/fc-c2u-propeller,en,strong,85,FC-C2U UAV Propeller,4,true,false,true,true,true,1487,10,0.672,1,5,description 未命中关键词,FC-C2U UAV Propeller | N-TET Drone Accessories,Dimension range: 16~47 in; maximum thrust: 38.70kgf (7279RPM); peak propeller efficiency: 12.63gf/W (2309RPM).,FC-C2U UAV Propeller | drone accessories | UAV components | industrial UAV parts,FC-C2U UAV Propeller,FC-C2U UAV Propeller Technical Specifications | Get Solution & Quotation | Overview | Technical Specifications | Get Solution & Quotation,.next/server/app/en/accessories/fc-c2u-propeller.html
/en/accessories/fc-c2ud-propeller,en,strong,85,FC-C2UD UAV Propeller,4,true,false,true,true,true,1537,10,0.651,1,5,description 未命中关键词,FC-C2UD UAV Propeller | N-TET Drone Accessories,Dimension range: 18~40 in; maximum thrust: 37.65kgf (7838RPM); peak propeller efficiency: 6.64gf/W (3720RPM).,FC-C2UD UAV Propeller | drone accessories | UAV components | industrial UAV parts,FC-C2UD UAV Propeller,FC-C2UD UAV Propeller Technical Specifications | Get Solution & Quotation | Overview | Technical Specifications | Get Solution & Quotation,.next/server/app/en/accessories/fc-c2ud-propeller.html
/en/accessories/fc-fdj-111,en,strong,100,FC-FDJ-111 UAV Engine,4,true,true,true,true,true,1299,12,0.924,1,5,,FC-FDJ-111 UAV Engine | N-TET Drone Accessories,"FC-FDJ-111 UAV engine with displacement 111.2cm3, power/performance 11.2HP/7500rpm, static thrust 25.5kg/altitude 100m.",FC-FDJ-111 UAV Engine | drone accessories | UAV components | industrial UAV parts,FC-FDJ-111 UAV Engine,FC-FDJ-111 UAV Engine Technical Specifications | Get Solution & Quotation | Overview | Technical Specifications | Get Solution & Quotation,.next/server/app/en/accessories/fc-fdj-111.html
/en/accessories/fc-fdj-120,en,strong,100,FC-FDJ-120 UAV Engine,4,true,true,true,true,true,1277,12,0.940,1,5,,FC-FDJ-120 UAV Engine | N-TET Drone Accessories,"FC-FDJ-120 UAV engine with displacement 120cm3, power/performance 12HP/7500rpm, static thrust 26.5kg/altitude 100m.",FC-FDJ-120 UAV Engine | drone accessories | UAV components | industrial UAV parts,FC-FDJ-120 UAV Engine,FC-FDJ-120 UAV Engine Technical Specifications | Get Solution & Quotation | Overview | Technical Specifications | Get Solution & Quotation,.next/server/app/en/accessories/fc-fdj-120.html
/en/accessories/fc-fdj-120hd,en,strong,100,FC-FDJ-120HD UAV Engine,4,true,true,true,true,true,1243,12,0.965,1,5,,FC-FDJ-120HD UAV Engine | N-TET Drone Accessories,"FC-FDJ-120HD UAV engine with displacement 120cm3, power/performance 7.35KW(0altitude)/8000rpm.",FC-FDJ-120HD UAV Engine | drone accessories | UAV components | industrial UAV parts,FC-FDJ-120HD UAV Engine,FC-FDJ-120HD UAV Engine Technical Specifications | Get Solution & Quotation | Overview | Technical Specifications | Get Solution & Quotation,.next/server/app/en/accessories/fc-fdj-120hd.html
/en/accessories/fc-fdj-170,en,strong,100,FC-FDJ-170 UAV Engine,4,true,true,true,true,true,1267,12,0.947,1,5,,FC-FDJ-170 UAV Engine | N-TET Drone Accessories,"FC-FDJ-170 UAV engine with displacement 170cm3, power/performance 17.5HP/7500rpm, static thrust 35kg/altitude 100m.",FC-FDJ-170 UAV Engine | drone accessories | UAV components | industrial UAV parts,FC-FDJ-170 UAV Engine,FC-FDJ-170 UAV Engine Technical Specifications | Get Solution & Quotation | Overview | Technical Specifications | Get Solution & Quotation,.next/server/app/en/accessories/fc-fdj-170.html
/en/accessories/fc-fdj-200,en,strong,100,FC-FDJ-200 UAV Engine,4,true,true,true,true,true,1255,12,0.956,1,5,,FC-FDJ-200 UAV Engine | N-TET Drone Accessories,"FC-FDJ-200 UAV engine with displacement 200CC, power/performance 20HP/7500rpm.",FC-FDJ-200 UAV Engine | drone accessories | UAV components | industrial UAV parts,FC-FDJ-200 UAV Engine,FC-FDJ-200 UAV Engine Technical Specifications | Get Solution & Quotation | Overview | Technical Specifications | Get Solution & Quotation,.next/server/app/en/accessories/fc-fdj-200.html
/en/accessories/fc-fdj-222,en,strong,100,FC-FDJ-222 UAV Engine,4,true,true,true,true,true,1277,12,0.940,1,5,,FC-FDJ-222 UAV Engine | N-TET Drone Accessories,"FC-FDJ-222 UAV engine with displacement 222.5cm3, power/performance 21.5HP/7500rpm, static thrust 51kg/altitude 100m.",FC-FDJ-222 UAV Engine | drone accessories | UAV components | industrial UAV parts,FC-FDJ-222 UAV Engine,FC-FDJ-222 UAV Engine Technical Specifications | Get Solution & Quotation | Overview | Technical Specifications | Get Solution & Quotation,.next/server/app/en/accessories/fc-fdj-222.html
/en/accessories/fc-fdj-430,en,strong,100,FC-FDJ-430 UAV Engine,4,true,true,true,true,true,1417,12,0.847,1,5,,FC-FDJ-430 UAV Engine | N-TET Drone Accessories,"FC-FDJ-430 UAV engine with displacement 430.8cc, power/performance 42HP at 6800 RPM, static thrust 110kg.",FC-FDJ-430 UAV Engine | drone accessories | UAV components | industrial UAV parts,FC-FDJ-430 UAV Engine,FC-FDJ-430 UAV Engine Technical Specifications | Get Solution & Quotation | Overview | Technical Specifications | Get Solution & Quotation,.next/server/app/en/accessories/fc-fdj-430.html
/en/accessories/fc-fdj-55,en,strong,100,FC-FDJ-55 UAV Engine,4,true,true,true,true,true,1305,12,0.920,1,5,,FC-FDJ-55 UAV Engine | N-TET Drone Accessories,"FC-FDJ-55 UAV engine with displacement 55.6cm3, power/performance 5.5HP/8500rpm, static thrust 14.5kg/altitude 100m.",FC-FDJ-55 UAV Engine | drone accessories | UAV components | industrial UAV parts,FC-FDJ-55 UAV Engine,FC-FDJ-55 UAV Engine Technical Specifications | Get Solution & Quotation | Overview | Technical Specifications | Get Solution & Quotation,.next/server/app/en/accessories/fc-fdj-55.html
/en/accessories/fc-fdj-60,en,strong,100,FC-FDJ-60 UAV Engine,4,true,true,true,true,true,1277,12,0.940,1,5,,FC-FDJ-60 UAV Engine | N-TET Drone Accessories,"FC-FDJ-60 UAV engine with displacement 61cm3, power/performance 7HP/8500rpm, static thrust 15.2kg/altitude 100m.",FC-FDJ-60 UAV Engine | drone accessories | UAV components | industrial UAV parts,FC-FDJ-60 UAV Engine,FC-FDJ-60 UAV Engine Technical Specifications | Get Solution & Quotation | Overview | Technical Specifications | Get Solution & Quotation,.next/server/app/en/accessories/fc-fdj-60.html
/en/accessories/fc-fdj-61,en,strong,100,FC-FDJ-61 UAV Engine,4,true,true,true,true,true,1277,12,0.940,1,5,,FC-FDJ-61 UAV Engine | N-TET Drone Accessories,"FC-FDJ-61 UAV engine with displacement 60cm3, power/performance 6HP/7500rpm, static thrust 15kg/altitude 100m.",FC-FDJ-61 UAV Engine | drone accessories | UAV components | industrial UAV parts,FC-FDJ-61 UAV Engine,FC-FDJ-61 UAV Engine Technical Specifications | Get Solution & Quotation | Overview | Technical Specifications | Get Solution & Quotation,.next/server/app/en/accessories/fc-fdj-61.html
/en/accessories/fc-fdj-70hd,en,strong,100,FC-FDJ-70HD UAV Engine,4,true,true,true,true,true,1245,12,0.964,1,5,,FC-FDJ-70HD UAV Engine | N-TET Drone Accessories,"FC-FDJ-70HD UAV engine with displacement 70cm3, power/performance 4.2KW(0altitude)/8300rpm.",FC-FDJ-70HD UAV Engine | drone accessories | UAV components | industrial UAV parts,FC-FDJ-70HD UAV Engine,FC-FDJ-70HD UAV Engine Technical Specifications | Get Solution & Quotation | Overview | Technical Specifications | Get Solution & Quotation,.next/server/app/en/accessories/fc-fdj-70hd.html
/en/accessories/fc-fdj-85,en,strong,100,FC-FDJ-85 UAV Engine,4,true,true,true,true,true,1277,12,0.940,1,5,,FC-FDJ-85 UAV Engine | N-TET Drone Accessories,"FC-FDJ-85 UAV engine with displacement 85cm3, power/performance 8.5HP/9000rpm, static thrust 21kg/altitude 100m.",FC-FDJ-85 UAV Engine | drone accessories | UAV components | industrial UAV parts,FC-FDJ-85 UAV Engine,FC-FDJ-85 UAV Engine Technical Specifications | Get Solution & Quotation | Overview | Technical Specifications | Get Solution & Quotation,.next/server/app/en/accessories/fc-fdj-85.html
/en/accessories/fc-l10tr-three-light-gimbal,en,strong,100,FC-L10TR Electro-Optical Gimbal,4,true,true,true,true,true,1815,12,0.661,1,5,,FC-L10TR Electro-Optical Gimbal | N-TET Drone Accessories,"FC-L10TR electro-optical gimbal: 10x continuous optical zoom + thermal imaging + 905nm laser ranging; 5m-1500m laser ranging, weight <=800g.",FC-L10TR Electro-Optical Gimbal | drone accessories | UAV components | industrial UAV parts,FC-L10TR Electro-Optical Gimbal,FC-L10TR Electro-Optical Gimbal Technical Specifications | Get Solution & Quotation | Overview | Technical Specifications | Get Solution & Quotation,.next/server/app/en/accessories/fc-l10tr-three-light-gimbal.html
/en/accessories/fc-l40-smart-optical-pod,en,strong,100,FC-L40 Electro-Optical Gimbal,4,true,true,true,true,true,1635,12,0.734,1,5,,FC-L40 Electro-Optical Gimbal | N-TET Drone Accessories,"FC-L40 electro-optical gimbal: 40x visible-light optical zoom; Weight <=1kg, dimensions <=Phi115mm x 175mm.",FC-L40 Electro-Optical Gimbal | drone accessories | UAV components | industrial UAV parts,FC-L40 Electro-Optical Gimbal,FC-L40 Electro-Optical Gimbal Technical Specifications | Get Solution & Quotation | Overview | Technical Specifications | Get Solution & Quotation,.next/server/app/en/accessories/fc-l40-smart-optical-pod.html
/en/accessories/fc-l40t-dual-light-gimbal,en,strong,100,FC-L40T Electro-Optical Gimbal,4,true,true,true,true,true,1751,12,0.685,1,5,,FC-L40T Electro-Optical Gimbal | N-TET Drone Accessories,"FC-L40T electro-optical gimbal: Visible light 1920x1080, 40x zoom range 4.25-170mm; 640x512 thermal imaging, weight <=1.1kg.",FC-L40T Electro-Optical Gimbal | drone accessories | UAV components | industrial UAV parts,FC-L40T Electro-Optical Gimbal,FC-L40T Electro-Optical Gimbal Technical Specifications | Get Solution & Quotation | Overview | Technical Specifications | Get Solution & Quotation,.next/server/app/en/accessories/fc-l40t-dual-light-gimbal.html
/en/accessories/fc-l40tr-smart-optical-pod,en,strong,100,FC-L40TR Electro-Optical Gimbal,4,true,true,true,true,true,1799,12,0.667,1,5,,FC-L40TR Electro-Optical Gimbal | N-TET Drone Accessories,"FC-L40TR electro-optical gimbal: 40x visible light + 640x512 thermal imaging + 1535nm laser ranging; 20m-3000m laser ranging, weight <=1.3kg.",FC-L40TR Electro-Optical Gimbal | drone accessories | UAV components | industrial UAV parts,FC-L40TR Electro-Optical Gimbal,FC-L40TR Electro-Optical Gimbal Technical Specifications | Get Solution & Quotation | Overview | Technical Specifications | Get Solution & Quotation,.next/server/app/en/accessories/fc-l40tr-smart-optical-pod.html
/en/accessories/fc-l50-smart-optical-pod,en,strong,100,FC-L50 Electro-Optical Gimbal,4,true,true,true,true,true,1659,12,0.723,1,5,,FC-L50 Electro-Optical Gimbal | N-TET Drone Accessories,"FC-L50 electro-optical gimbal: 1280 x 1024 uncooled infrared imaging module; 50mm thermal focal length, weight <=1.5kg.",FC-L50 Electro-Optical Gimbal | drone accessories | UAV components | industrial UAV parts,FC-L50 Electro-Optical Gimbal,FC-L50 Electro-Optical Gimbal Technical Specifications | Get Solution & Quotation | Overview | Technical Specifications | Get Solution & Quotation,.next/server/app/en/accessories/fc-l50-smart-optical-pod.html
/en/accessories/fc-ln100-dual-light-gimbal,en,strong,100,FC-LN100 Electro-Optical Gimbal,4,true,true,true,true,true,1739,12,0.690,1,5,,FC-LN100 Electro-Optical Gimbal | N-TET Drone Accessories,"FC-LN100 electro-optical gimbal: 4K fixed-focus visible light + 640x512 thermal imaging; Weight <=260g, average power 10w.",FC-LN100 Electro-Optical Gimbal | drone accessories | UAV components | industrial UAV parts,FC-LN100 Electro-Optical Gimbal,FC-LN100 Electro-Optical Gimbal Technical Specifications | Get Solution & Quotation | Overview | Technical Specifications | Get Solution & Quotation,.next/server/app/en/accessories/fc-ln100-dual-light-gimbal.html
/en/accessories/fc-ln95-dual-light-gimbal,en,strong,100,FC-LN95 Electro-Optical Gimbal,4,true,true,true,true,true,1793,12,0.669,1,5,,FC-LN95 Electro-Optical Gimbal | N-TET Drone Accessories,"FC-LN95 electro-optical gimbal: Fixed-focus dual visible-light cameras, 3840x2160 resolution; Weight <=260g, dimensions <=Phi64mm x 90mm.",FC-LN95 Electro-Optical Gimbal | drone accessories | UAV components | industrial UAV parts,FC-LN95 Electro-Optical Gimbal,FC-LN95 Electro-Optical Gimbal Technical Specifications | Get Solution & Quotation | Overview | Technical Specifications | Get Solution & Quotation,.next/server/app/en/accessories/fc-ln95-dual-light-gimbal.html
/en/accessories/fc-max-5330,en,strong,100,FC-MAX 5330 UAV Motor,4,true,true,true,true,true,4676,12,0.257,1,5,,FC-MAX 5330 UAV Motor | N-TET Drone Accessories,FC-MAX 5330 UAV Motor core parameters: Max Thrust: 11 kg / 11.5 kg; Rated Operating Voltage: 12S; KV Value: 220 KV / 260 KV.,FC-MAX 5330 UAV Motor | drone accessories | UAV components | industrial UAV parts,FC-MAX 5330 UAV Motor,FC-MAX 5330 UAV Motor Technical Specifications | Get Solution & Quotation | Overview | Technical Specifications | Get Solution & Quotation,.next/server/app/en/accessories/fc-max-5330.html
/en/accessories/fc-mesh-100,en,strong,85,FC-Mesh-100 UAV Data Link,4,true,false,true,true,true,1732,10,0.577,1,5,description 未命中关键词,FC-Mesh-100 UAV Data Link | N-TET Drone Accessories,"FC-Mesh-100 is an airborne self-forming network radio for multi-node UAV communication, relay networking, and air-ground coordination.",FC-Mesh-100 UAV Data Link | drone accessories | UAV components | industrial UAV parts,FC-Mesh-100 UAV Data Link,FC-Mesh-100 UAV Data Link Technical Specifications | Get Solution & Quotation | Overview | Technical Specifications | Get Solution & Quotation,.next/server/app/en/accessories/fc-mesh-100.html
/en/accessories/fc-mini-l10tr-smart-optical-pod,en,strong,100,FC-MiniL10TR Electro-Optical Gimbal,4,true,true,true,true,true,1763,12,0.681,1,5,,FC-MiniL10TR Electro-Optical Gimbal | N-TET Drone Accessories,"FC-MiniL10TR electro-optical gimbal: 48MP 10x hybrid zoom visible light + infrared + laser ranging; Weight <=400g, dimensions <=95mm x 97mm x 147mm.",FC-MiniL10TR Electro-Optical Gimbal | drone accessories | UAV components | industrial UAV parts,FC-MiniL10TR Electro-Optical Gimbal,FC-MiniL10TR Electro-Optical Gimbal Technical Specifications | Get Solution & Quotation | Overview | Technical Specifications | Get Solution & Quotation,.next/server/app/en/accessories/fc-mini-l10tr-smart-optical-pod.html
/en/accessories/fc-pab-propeller,en,strong,85,FC-PAB UAV Propeller,4,true,false,true,true,true,1507,10,0.664,1,5,description 未命中关键词,FC-PAB UAV Propeller | N-TET Drone Accessories,Dimension range: 15.2~36.2 in; maximum thrust: 26.41kgf (4817RPM); peak propeller efficiency: 17.52gf/W (1476RPM).,FC-PAB UAV Propeller | drone accessories | UAV components | industrial UAV parts,FC-PAB UAV Propeller,FC-PAB UAV Propeller Technical Specifications | Get Solution & Quotation | Overview | Technical Specifications | Get Solution & Quotation,.next/server/app/en/accessories/fc-pab-propeller.html
/en/accessories/fc-pad-propeller,en,strong,85,FC-PAD UAV Propeller,4,true,false,true,true,true,1507,10,0.664,1,5,description 未命中关键词,FC-PAD UAV Propeller | N-TET Drone Accessories,Dimension range: 18.3~46.3 in; maximum thrust: 25.10kgf (4663RPM); peak propeller efficiency: 13.99gf/W (1825RPM).,FC-PAD UAV Propeller | drone accessories | UAV components | industrial UAV parts,FC-PAD UAV Propeller,FC-PAD UAV Propeller Technical Specifications | Get Solution & Quotation | Overview | Technical Specifications | Get Solution & Quotation,.next/server/app/en/accessories/fc-pad-propeller.html
/en/accessories/fc-pae-propeller,en,strong,85,FC-PAE UAV Propeller,4,true,false,true,true,true,1513,10,0.661,1,5,description 未命中关键词,FC-PAE UAV Propeller | N-TET Drone Accessories,Dimension range: 18.3~32.3 in; maximum thrust: 6.42kgf (6520RPM); peak propeller efficiency: 20.14gf/W (1820RPM).,FC-PAE UAV Propeller | drone accessories | UAV components | industrial UAV parts,FC-PAE UAV Propeller,FC-PAE UAV Propeller Technical Specifications | Get Solution & Quotation | Overview | Technical Specifications | Get Solution & Quotation,.next/server/app/en/accessories/fc-pae-propeller.html
/en/accessories/fc-pbf-propeller,en,strong,85,FC-PBF UAV Propeller,4,true,false,true,true,true,1453,10,0.688,1,5,description 未命中关键词,FC-PBF UAV Propeller | N-TET Drone Accessories,Dimension range: 16.1~48.1 in; maximum thrust: 43.52kgf (3373RPM); peak propeller efficiency: 13.97gf/W (1385RPM).,FC-PBF UAV Propeller | drone accessories | UAV components | industrial UAV parts,FC-PBF UAV Propeller,FC-PBF UAV Propeller Technical Specifications | Get Solution & Quotation | Overview | Technical Specifications | Get Solution & Quotation,.next/server/app/en/accessories/fc-pbf-propeller.html
/en/accessories/fc-rm10x,en,strong,100,FC-RM10X UAV Motor,4,true,true,true,true,true,2047,12,0.586,1,5,,FC-RM10X UAV Motor | N-TET Drone Accessories,FC-RM10X UAV Motor core parameters: Max Thrust: 12081g/axis @48Vsea level; Recommended Takeoff Weight: 4500-6000g/axis @48Vsea level.,FC-RM10X UAV Motor | drone accessories | UAV components | industrial UAV parts,FC-RM10X UAV Motor,FC-RM10X UAV Motor Technical Specifications | Get Solution & Quotation | Overview | Technical Specifications | Get Solution & Quotation,.next/server/app/en/accessories/fc-rm10x.html
/en/accessories/fc-rm30,en,strong,100,FC-RM30 UAV Motor,4,true,true,true,true,true,5397,12,0.222,1,5,,FC-RM30 UAV Motor | N-TET Drone Accessories,FC-RM30 UAV Motor core parameters: Max Thrust: 74.7 kg / 69.6 kg; Rated Operating Voltage: 96S / 24S; KV Value: 10 KV / 43 KV.,FC-RM30 UAV Motor | drone accessories | UAV components | industrial UAV parts,FC-RM30 UAV Motor,FC-RM30 UAV Motor Technical Specifications | Get Solution & Quotation | Overview | Technical Specifications | Get Solution & Quotation,.next/server/app/en/accessories/fc-rm30.html
/en/accessories/fc-sjl-100,en,strong,85,FC-SJL-100 UAV Data Link,4,true,false,true,true,true,1586,10,0.631,1,5,description 未命中关键词,FC-SJL-100 UAV Data Link | N-TET Drone Accessories,FC-SJL-100 provides 100km+ air-to-ground video-and-data transmission with a rugged J30J interface layout for UAV and robotic platforms.,FC-SJL-100 UAV Data Link | drone accessories | UAV components | industrial UAV parts,FC-SJL-100 UAV Data Link,FC-SJL-100 UAV Data Link Technical Specifications | Get Solution & Quotation | Overview | Technical Specifications | Get Solution & Quotation,.next/server/app/en/accessories/fc-sjl-100.html
/en/accessories/fc-sjl-200,en,strong,85,FC-SJL-200 UAV Data Link,4,true,false,true,true,true,1590,10,0.629,1,5,description 未命中关键词,FC-SJL-200 UAV Data Link | N-TET Drone Accessories,"FC-SJL-200 is an ultra-long-range UAV video-and-data radio supporting 200km+ transmission for integrated video, telemetry, and control links.",FC-SJL-200 UAV Data Link | drone accessories | UAV components | industrial UAV parts,FC-SJL-200 UAV Data Link,FC-SJL-200 UAV Data Link Technical Specifications | Get Solution & Quotation | Overview | Technical Specifications | Get Solution & Quotation,.next/server/app/en/accessories/fc-sjl-200.html
/en/accessories/fc-sjl-30,en,strong,85,FC-SJL-30 UAV Data Link,4,true,false,true,true,true,1614,10,0.620,1,5,description 未命中关键词,FC-SJL-30 UAV Data Link | N-TET Drone Accessories,"FC-SJL-30 is a compact UAV video-and-data radio for 30km+ air-to-ground HD video, audio, telemetry, and remote-control data links.",FC-SJL-30 UAV Data Link | drone accessories | UAV components | industrial UAV parts,FC-SJL-30 UAV Data Link,FC-SJL-30 UAV Data Link Technical Specifications | Get Solution & Quotation | Overview | Technical Specifications | Get Solution & Quotation,.next/server/app/en/accessories/fc-sjl-30.html
/en/accessories/fc-sjl-380,en,strong,85,FC-SJL-380 UAV Data Link,4,true,false,true,true,true,1592,10,0.628,1,5,description 未命中关键词,FC-SJL-380 UAV Data Link | N-TET Drone Accessories,FC-SJL-380 supports 380km+ ultra-long-range UAV video-and-data transmission for distributed networking and air-to-ground control links.,FC-SJL-380 UAV Data Link | drone accessories | UAV components | industrial UAV parts,FC-SJL-380 UAV Data Link,FC-SJL-380 UAV Data Link Technical Specifications | Get Solution & Quotation | Overview | Technical Specifications | Get Solution & Quotation,.next/server/app/en/accessories/fc-sjl-380.html
/en/accessories/fc-sjl-50,en,strong,85,FC-SJL-50 UAV Data Link,4,true,false,true,true,true,1612,10,0.620,1,5,description 未命中关键词,FC-SJL-50 UAV Data Link | N-TET Drone Accessories,"FC-SJL-50 is a lightweight UAV video-and-data radio for 50km+ HD video, telemetry, and remote-control data links.",FC-SJL-50 UAV Data Link | drone accessories | UAV components | industrial UAV parts,FC-SJL-50 UAV Data Link,FC-SJL-50 UAV Data Link Technical Specifications | Get Solution & Quotation | Overview | Technical Specifications | Get Solution & Quotation,.next/server/app/en/accessories/fc-sjl-50.html
/en/accessories/fc-u10-pro,en,strong,85,FC-U10-PRO Flight Controller,4,true,false,true,true,true,1337,10,0.748,1,5,description 未命中关键词,FC-U10-PRO Flight Controller | N-TET Drone Accessories,"The FC-U10-PRO integrates high-precision RTK, supports 16V-120V power input, up to 16-rotor UAV platforms, and UPS backup for heavy-lift flight-control applications.",FC-U10-PRO Flight Controller | drone accessories | UAV components | industrial UAV parts,FC-U10-PRO Flight Controller,FC-U10-PRO Flight Controller Technical Specifications | Get Solution & Quotation | Overview | Technical Specifications | Get Solution & Quotation,.next/server/app/en/accessories/fc-u10-pro.html
/en/accessories/fc-u110,en,strong,100,FC-U110 UAV Motor,4,true,true,true,true,true,5119,12,0.234,1,5,,FC-U110 UAV Motor | N-TET Drone Accessories,FC-U110 UAV Motor core parameters: Max Thrust: 45.5 kg; Rated Operating Voltage: 12-14S; KV Value: 140 KV.,FC-U110 UAV Motor | drone accessories | UAV components | industrial UAV parts,FC-U110 UAV Motor,FC-U110 UAV Motor Technical Specifications | Get Solution & Quotation | Overview | Technical Specifications | Get Solution & Quotation,.next/server/app/en/accessories/fc-u110.html
/en/accessories/fc-u12,en,strong,85,FC-U12 Flight Controller,4,true,false,true,true,true,1321,10,0.757,1,5,description 未命中关键词,FC-U12 Flight Controller | N-TET Drone Accessories,"The FC-U12 is a compact and easy-to-use flight controller for small and mid-size tightly integrated UAV platforms, with expandable external control channels.",FC-U12 Flight Controller | drone accessories | UAV components | industrial UAV parts,FC-U12 Flight Controller,FC-U12 Flight Controller Technical Specifications | Get Solution & Quotation | Overview | Technical Specifications | Get Solution & Quotation,.next/server/app/en/accessories/fc-u12.html
/en/accessories/fc-u8013,en,strong,100,FC-U8013 UAV Motor,4,true,true,true,true,true,1715,12,0.700,1,5,,FC-U8013 UAV Motor | N-TET Drone Accessories,FC-U8013 UAV Motor core parameters: Max Thrust: 14.5 kg / 15 kg / 16.3 kg; Rated Operating Voltage: 12S; KV Value: 135KV / 150KV / 170KV.,FC-U8013 UAV Motor | drone accessories | UAV components | industrial UAV parts,FC-U8013 UAV Motor,FC-U8013 UAV Motor Technical Specifications | Get Solution & Quotation | Overview | Technical Specifications | Get Solution & Quotation,.next/server/app/en/accessories/fc-u8013.html
/en/accessories/fc-u9-ag,en,strong,85,FC-U9-AG Agricultural Flight Controller,4,true,false,true,true,true,1372,9,0.656,1,5,description 未命中关键词,FC-U9-AG Agricultural Flight Controller | N-TET Drone Accessories,"The FC-U9-AG is a professional agricultural UAV flight-control system for spraying, spreading, cleaning, and lifting operations, with rich interfaces and simple app operation.",FC-U9-AG Agricultural Flight Controller | drone accessories | UAV components | industrial UAV parts,FC-U9-AG Agricultural Flight Controller,FC-U9-AG Agricultural Flight Controller Technical Specifications | Get Solution & Quotation | Overview | Technical Specifications | Get Solution & Quotation,.next/server/app/en/accessories/fc-u9-ag.html
/en/accessories/fc-w2u-propeller,en,strong,85,FC-W2U UAV Propeller,4,true,false,true,true,true,1395,10,0.717,1,5,description 未命中关键词,FC-W2U UAV Propeller | N-TET Drone Accessories,Dimension range: 24~40 in; maximum thrust: 68.92kgf (5353RPM); peak propeller efficiency: 7.11gf/W (2354RPM).,FC-W2U UAV Propeller | drone accessories | UAV components | industrial UAV parts,FC-W2U UAV Propeller,FC-W2U UAV Propeller Technical Specifications | Get Solution & Quotation | Overview | Technical Specifications | Get Solution & Quotation,.next/server/app/en/accessories/fc-w2u-propeller.html
/en/accessories/fc-x8030,en,strong,100,FC-X8030 UAV Motor,4,true,true,true,true,true,4269,12,0.281,1,5,,FC-X8030 UAV Motor | N-TET Drone Accessories,FC-X8030 UAV Motor core parameters: Max Thrust: 22.7 kg / 21.5 kg; Rated Operating Voltage: 12S; KV Value: 160 KV / 190 KV.,FC-X8030 UAV Motor | drone accessories | UAV components | industrial UAV parts,FC-X8030 UAV Motor,FC-X8030 UAV Motor Technical Specifications | Get Solution & Quotation | Overview | Technical Specifications | Get Solution & Quotation,.next/server/app/en/accessories/fc-x8030.html
/en/accessories/fc-xh14,en,strong,100,FC-XH14 UAV Motor,4,true,true,true,true,true,2435,12,0.493,1,5,,FC-XH14 UAV Motor | N-TET Drone Accessories,FC-XH14 UAV Motor core parameters: Max Thrust: 110 kg/axis（92V/108，sea level）; Recommended Battery: 24-28S （Lipo）.,FC-XH14 UAV Motor | drone accessories | UAV components | industrial UAV parts,FC-XH14 UAV Motor,FC-XH14 UAV Motor Technical Specifications | Get Solution & Quotation | Overview | Technical Specifications | Get Solution & Quotation,.next/server/app/en/accessories/fc-xh14.html
/en/accessories/fc-yk15-remote-controller,en,strong,100,FC-YK15 UAV Remote Controller,4,true,true,true,true,true,1580,12,0.759,1,5,,FC-YK15 UAV Remote Controller | N-TET Drone Accessories,"The FC-YK15 UAV Remote Controller is a compact handheld ground station with low-latency three-in-one HD video transmission, Android integration, and dual 1080P video links for UAVs, unmanned vehicles, unmanned boats, and robotic platforms.",FC-YK15 UAV Remote Controller | drone accessories | UAV components | industrial UAV parts,FC-YK15 UAV Remote Controller,FC-YK15 UAV Remote Controller Technical Specifications | Get Solution & Quotation | Overview | Technical Specifications | Get Solution & Quotation,.next/server/app/en/accessories/fc-yk15-remote-controller.html
/en/accessories/fc-yk24-remote-controller,en,strong,85,FC-YK24 UAV Remote Controller,4,true,false,true,true,true,1752,10,0.571,1,5,description 未命中关键词,FC-YK24 UAV Remote Controller | N-TET Drone Accessories,"The FC-YK24 is a 16-channel model-aircraft remote controller with 15km beyond-visual-range stable control, wireless binding, wireless receiver configuration, OTA wireless upgrade, multi-aircraft control, relay control, and wireless trainer",FC-YK24 UAV Remote Controller | drone accessories | UAV components | industrial UAV parts,FC-YK24 UAV Remote Controller,FC-YK24 UAV Remote Controller Technical Specifications | Get Solution & Quotation | Overview | Technical Specifications | Get Solution & Quotation,.next/server/app/en/accessories/fc-yk24-remote-controller.html
/en/accessories/fc-yk32-remote-controller,en,strong,85,FC-YK32 UAV Remote Controller,4,true,false,true,true,true,1608,10,0.622,1,5,description 未命中关键词,FC-YK32 UAV Remote Controller | N-TET Drone Accessories,"The FC-YK32 is an industrial handheld ground station combining remote control, data transmission, and wireless HD video transmission, with 15KM video/data link range, dual-operator control, relay control, and OSD telemetry display.",FC-YK32 UAV Remote Controller | drone accessories | UAV components | industrial UAV parts,FC-YK32 UAV Remote Controller,FC-YK32 UAV Remote Controller Technical Specifications | Get Solution & Quotation | Overview | Technical Specifications | Get Solution & Quotation,.next/server/app/en/accessories/fc-yk32-remote-controller.html
/en/accessories/fc-ykrc7-remote-controller,en,strong,85,FC-YKRC7 UAV Remote Controller,4,true,false,true,true,true,2026,10,0.494,1,5,description 未命中关键词,FC-YKRC7 UAV Remote Controller | N-TET Drone Accessories,"The FC-YKRC7 is a high-performance handheld ground station with 40KM long-range video transmission, 2.4G/5G intelligent dual-band links, and a 7-inch high-brightness HD display for diversified industrial mobile-equipment control.",FC-YKRC7 UAV Remote Controller | drone accessories | UAV components | industrial UAV parts,FC-YKRC7 UAV Remote Controller,FC-YKRC7 UAV Remote Controller Technical Specifications | Get Solution & Quotation | Overview | Technical Specifications | Get Solution & Quotation,.next/server/app/en/accessories/fc-ykrc7-remote-controller.html
/en/cases,en,strong,100,UAV inspection cases,5,true,true,true,true,true,1195,10,0.837,1,3,,UAV Inspection Cases & Low Altitude Monitoring Case | N-TET,"Review UAV inspection cases, power line UAV patrol references, water conservancy UAV patrol work, and low altitude monitoring case examples from N-TET deployments.",UAV inspection cases | power line UAV patrol | low altitude monitoring case | water conservancy UAV patrol | refinery monitoring case,UAV Inspection Cases,UAV Inspection Cases Project Overview | Get Solution & Quotation | Get Solution & Quotation,.next/server/app/en/cases.html
/en/cases/anhui-flood-season-uav-patrol,en,strong,100,Anhui Flood-Season Emergency UAV Patrol,2,true,true,true,true,true,1251,7,0.560,1,6,,Anhui Flood-Season Emergency UAV Patrol | N-TET,"Anhui Flood-Season Emergency UAV Patrol To meet power-line safety requirements during the summer flood season, State Grid used our VTOL fixed-wing UAVs to conduct special flood-control emergency patrols across the Chizhou Jiuhua dense power",Anhui Flood-Season Emergency UAV Patrol | N-TET,Anhui Flood-Season Emergency UAV Patrol,Anhui Flood-Season Emergency UAV Patrol Project Overview | Related Equipment | Get Solution & Quotation | Overview | Related Equipment | Get Solution & Quotation,.next/server/app/en/cases/anhui-flood-season-uav-patrol.html
/en/cases/brazil-refinery-low-altitude-monitoring,en,strong,100,Airspace Monitoring Case of a Refinery in Brazil,2,true,true,true,true,true,1382,7,0.507,1,6,,Airspace Monitoring Case of a Refinery in Brazil | N-TET,"2025 Airspace Monitoring Case of a Refinery in Brazil Equipment Used: Stationary Spectrum Detection Equipment Stationary Spectrum Interference Equipment Command and Control Platform Software Project Introduction: In 2025, this project succe",Airspace Monitoring Case of a Refinery in Brazil | N-TET,Airspace Monitoring Case of a Refinery in Brazil,Airspace Monitoring Case of a Refinery in Brazil Project Overview | Related Equipment | Get Solution & Quotation | Overview | Related Equipment | Get Solution & Quotation,.next/server/app/en/cases/brazil-refinery-low-altitude-monitoring.html
/en/cases/ice-snow-emergency-uav-inspection,en,strong,100,Ice and Snow Disaster Emergency UAV Inspection,2,true,true,true,true,true,1387,7,0.505,1,6,,Ice and Snow Disaster Emergency UAV Inspection | N-TET,"Ice and Snow Disaster Emergency UAV Inspection In a -15 C severe-cold environment, State Grid used our VTOL fixed-wing UAVs carrying LiDAR to inspect 400 km of 500 kV transmission corridors, including the Yanping Line and Pingji Lines I and",Ice and Snow Disaster Emergency UAV Inspection | N-TET,Ice and Snow Disaster Emergency UAV Inspection,Ice and Snow Disaster Emergency UAV Inspection Project Overview | Related Equipment | Get Solution & Quotation | Overview | Related Equipment | Get Solution & Quotation,.next/server/app/en/cases/ice-snow-emergency-uav-inspection.html
/en/cases/lidar-tree-obstruction-uav-inspection,en,strong,100,LiDAR Tree-Obstruction UAV Inspection,2,true,true,true,true,true,1226,7,0.571,1,6,,LiDAR Tree-Obstruction UAV Inspection | N-TET,"LiDAR Tree-Obstruction UAV Inspection In winter 2024, a Southern Grid company used VTOL fixed-wing UAVs integrated with a LiDAR system for aerial scanning during a special tree-obstruction risk inspection task. The mission acquired high-pre",LiDAR Tree-Obstruction UAV Inspection | N-TET,LiDAR Tree-Obstruction UAV Inspection,LiDAR Tree-Obstruction UAV Inspection Project Overview | Related Equipment | Get Solution & Quotation | Overview | Related Equipment | Get Solution & Quotation,.next/server/app/en/cases/lidar-tree-obstruction-uav-inspection.html
/en/cases/nigeria-factory-low-altitude-monitoring,en,strong,100,Airspace Monitoring Case of a Group Factory in Nigeria,2,true,true,true,true,true,1305,7,0.536,1,6,,Airspace Monitoring Case of a Group Factory in Nigeria | N-TET,"2025 Airspace Monitoring Case of a Group Factory in Nigeria Equipment Used: Spectrum Detection Equipment Navigation-Signal Analysis Equipment Command and Control Platform Project Introduction: In 2025, this project successfully deployed a c",Airspace Monitoring Case of a Group Factory in Nigeria | N-TET,Airspace Monitoring Case of a Group Factory in Nigeria,Airspace Monitoring Case of a Group Factory in Nigeria Project Overview | Related Equipment | Get Solution & Quotation | Overview | Related Equipment | Get Solution & Quotation,.next/server/app/en/cases/nigeria-factory-low-altitude-monitoring.html
/en/cases/pakistan-power-plant-low-altitude-monitoring,en,strong,100,Airspace Monitoring Case of a Power Plant in Pakistan,2,true,true,true,true,true,1389,7,0.504,1,6,,Airspace Monitoring Case of a Power Plant in Pakistan | N-TET,"2024 Airspace Monitoring Case of a Power Plant in Pakistan Equipment Used: Stationary Spectrum Detection Equipment Navigation-Signal Analysis Equipment Command and Control Platform Software Project Introduction: In 2024, the low-altitude Se",Airspace Monitoring Case of a Power Plant in Pakistan | N-TET,Airspace Monitoring Case of a Power Plant in Pakistan,Airspace Monitoring Case of a Power Plant in Pakistan Project Overview | Related Equipment | Get Solution & Quotation | Overview | Related Equipment | Get Solution & Quotation,.next/server/app/en/cases/pakistan-power-plant-low-altitude-monitoring.html
/en/cases/southern-grid-wildfire-uav-inspection,en,strong,100,Southern Grid Wildfire Prevention UAV Inspection,2,true,true,true,true,true,1312,7,0.534,1,6,,Southern Grid Wildfire Prevention UAV Inspection | N-TET,"Southern Grid Wildfire Prevention UAV Inspection During the high-risk spring wildfire season, wildfires pose a serious threat to stable grid operation and normal power supply. To strengthen the safety line for transmission corridors, Southe",Southern Grid Wildfire Prevention UAV Inspection | N-TET,Southern Grid Wildfire Prevention UAV Inspection,Southern Grid Wildfire Prevention UAV Inspection Project Overview | Related Equipment | Get Solution & Quotation | Overview | Related Equipment | Get Solution & Quotation,.next/server/app/en/cases/southern-grid-wildfire-uav-inspection.html
/en/cases/wildfire-emergency-transmission-line-uav-patrol,en,strong,100,Wildfire Emergency Transmission-Line UAV Patrol,2,true,true,true,true,true,1383,7,0.506,1,6,,Wildfire Emergency Transmission-Line UAV Patrol | N-TET,"Wildfire Emergency Transmission-Line UAV Patrol In 2025, our VTOL fixed-wing UAV power-business team successfully undertook a State Grid inspection task covering transmission corridors in 13 regions, including Hunan, Shandong, Shanxi, Hebei",Wildfire Emergency Transmission-Line UAV Patrol | N-TET,Wildfire Emergency Transmission-Line UAV Patrol,Wildfire Emergency Transmission-Line UAV Patrol Project Overview | Related Equipment | Get Solution & Quotation | Overview | Related Equipment | Get Solution & Quotation,.next/server/app/en/cases/wildfire-emergency-transmission-line-uav-patrol.html
/en/cases/zhaoqing-long-distance-power-line-uav-inspection,en,strong,100,Zhaoqing Long-Distance Power-Line UAV Inspection,2,true,true,true,true,true,1361,7,0.514,1,6,,Zhaoqing Long-Distance Power-Line UAV Inspection | N-TET,"Zhaoqing Long-Distance Power-Line UAV Inspection During an inspection of a 110 kV power line in Zhaoqing, our product demonstrated its high-efficiency and convenient-operation advantages. The line measured 37.9 km in total length, with an a",Zhaoqing Long-Distance Power-Line UAV Inspection | N-TET,Zhaoqing Long-Distance Power-Line UAV Inspection,Zhaoqing Long-Distance Power-Line UAV Inspection Project Overview | Related Equipment | Get Solution & Quotation | Overview | Related Equipment | Get Solution & Quotation,.next/server/app/en/cases/zhaoqing-long-distance-power-line-uav-inspection.html
/en/contact,en,strong,100,industrial UAV quote,5,true,true,true,true,true,1108,11,0.993,1,3,,Industrial UAV Quote | N-TET,"industrial UAV quote is the primary search theme for this page, with related coverage for UAV system supplier, drone inspection solution, emergency response UAV.",industrial UAV quote | UAV system supplier | drone inspection solution | emergency response UAV | low altitude monitoring equipment,Industrial UAV Quote,Industrial UAV Quote and Project Consultation | Get Solution & Quotation | Get Solution & Quotation,.next/server/app/en/contact.html
/en/media,en,strong,100,industrial UAV news,5,true,true,true,true,true,1162,12,1.033,1,4,,Industrial UAV News & Low Altitude Economy Updates | N-TET,"Read industrial UAV news from N-TET on low altitude economy trends, tethered UAV surveillance, industrial UAV redundancy, and border surveillance UAV network planning.",industrial UAV news | low altitude economy | tethered UAV surveillance | industrial UAV redundancy | border surveillance UAV network,Industrial UAV News,Industrial UAV News Insights | Latest | Get Solution & Quotation | Get Solution & Quotation,.next/server/app/en/media.html
/en/media/border-surveillance-uav-network-2026,en,partial,70,UAV and EO/IR Networks Improve Remote Patrol Visibility,2,true,false,true,false,true,1821,8,0.439,1,4,description 未命中关键词; H2 未命中关键词,UAV and EO/IR Networks Improve Remote Patrol Visibility | N-TET,"Remote patrol corridors are difficult to supervise with fixed cameras alone. Terrain, weather, temporary structures, and long response distances create visibility gaps that can slow decision-making. Small unmanned aircraft and EO/IR sensor",UAV and EO/IR Networks Improve Remote Patrol Visibility | N-TET,UAV and EO/IR Networks Improve Remote Patrol Visibility,Editorial Review and Project Signals | Get Solution & Quotation | Editorial Review and Project Signals | Get Solution & Quotation,.next/server/app/en/media/border-surveillance-uav-network-2026.html
/en/media/industrial-uav-redundancy-2026,en,partial,70,Dual-Redundant Flight Control: How Industrial UAVs Achieve Mission-Grade Reliability,2,true,false,true,false,true,2477,8,0.323,1,4,description 未命中关键词; H2 未命中关键词,Dual-Redundant Flight Control: How Industrial UAVs Achieve Mission-Grade Reliability | N-TET,"Utility-scale unmanned aircraft are no longer a novelty for marketing brochures. They are part of standard operating procedures for power-grid inspection, oil and gas right-of-way monitoring, water-resource surveys, and emergency communicat",Dual-Redundant Flight Control: How Industrial UAVs Achieve Mission-Grade Reliability | N-TET,Dual-Redundant Flight Control: How Industrial UAVs Achieve Mission-Grade Reliability,Editorial Review and Project Signals | Get Solution & Quotation | Editorial Review and Project Signals | Get Solution & Quotation,.next/server/app/en/media/industrial-uav-redundancy-2026.html
/en/media/low-altitude-economy-2026-outlook,en,partial,70,China's Low-Altitude Economy: 2026 Outlook on a Two-Trillion-RMB Trajectory,2,true,false,true,false,true,2645,8,0.302,1,4,description 未命中关键词; H2 未命中关键词,China's Low-Altitude Economy: 2026 Outlook on a Two-Trillion-RMB Trajectory | N-TET,"The phrase low-altitude economy sounds abstract until you translate it into steel, fiber, and flight hours. It describes the industrial and service activity that depends on structured use of airspace below roughly one thousand meters: logis",China's Low-Altitude Economy: 2026 Outlook on a Two-Trillion-RMB Trajectory | N-TET,China's Low-Altitude Economy: 2026 Outlook on a Two-Trillion-RMB Trajectory,Editorial Review and Project Signals | Get Solution & Quotation | Editorial Review and Project Signals | Get Solution & Quotation,.next/server/app/en/media/low-altitude-economy-2026-outlook.html
/en/media/tethered-uav-persistent-surveillance-2026,en,partial,70,Tethered UAVs: Continuous Aerial Monitoring for Events and Remote Sites,2,true,false,true,false,true,2007,8,0.399,1,4,description 未命中关键词; H2 未命中关键词,Tethered UAVs: Continuous Aerial Monitoring for Events and Remote Sites | N-TET,"Battery-electric multirotors improved field visibility, but chemistry still limits continuous work. For sporting finals, large public gatherings, utility work zones, and emergency command posts, operators often need a stable aerial perspect",Tethered UAVs: Continuous Aerial Monitoring for Events and Remote Sites | N-TET,Tethered UAVs: Continuous Aerial Monitoring for Events and Remote Sites,Editorial Review and Project Signals | Get Solution & Quotation | Editorial Review and Project Signals | Get Solution & Quotation,.next/server/app/en/media/tethered-uav-persistent-surveillance-2026.html
/en/products,en,strong,100,industrial UAV systems,4,true,true,true,true,true,1315,6,0.456,1,4,,Industrial UAV Systems & Monitoring Equipment | N-TET,"industrial UAV systems is the primary search theme for this page, with related coverage for UAV inspection drone, emergency response UAV, low altitude monitoring equipment.",industrial UAV systems | UAV inspection drone | emergency response UAV | low altitude monitoring equipment,Industrial UAV Systems & Monitoring Equipment,"Industrial UAV Systems, Monitoring Equipment, and Project Fit | Product Selection FAQ | UAV & Drone Systems | Get Solution & Quotation",.next/server/app/en/products.html
/en/products/bailey-bridge,en,strong,100,Bailey Steel Bridge Overview,5,true,true,true,true,true,1514,15,0.991,1,5,,Bailey Steel Bridge Overview | N-TET,"N-TET Bailey Steel Bridge Overview for industrial operators, combining Bailey Steel Bridge Overview, engineering materials, Bailey steel bridge workflows with field-ready deployment and support.",Bailey Steel Bridge Overview | engineering materials | Bailey steel bridge | infrastructure support equipment | N-TET,Bailey Steel Bridge Overview,Bailey Steel Bridge Overview Technical Specifications | Get Solution & Quotation | Overview | Technical Specifications | Get Solution & Quotation,.next/server/app/en/products/bailey-bridge.html
/en/products/composite-electro-optical-tracking-system,en,strong,100,Electro-Optical EO Tracking System,5,true,true,true,true,true,1676,3,0.179,1,5,,Electro-Optical (EO) Tracking System | N-TET,"N-TET Electro-Optical (EO) Tracking System for industrial operators, combining Electro-Optical EO Tracking System, low altitude monitoring equipment, drone detection equipment workflows with field-ready deployment and support.",Electro-Optical EO Tracking System | low altitude monitoring equipment | drone detection equipment | airspace monitoring system | N-TET,Electro-Optical EO Tracking System,Electro-Optical EO Tracking System Technical Specifications | Get Solution & Quotation | Overview | Technical Specifications | Get Solution & Quotation,.next/server/app/en/products/composite-electro-optical-tracking-system.html
/en/products/containerized-medical-rescue-system,en,strong,100,Containerized Medical Rescue System,5,true,true,true,true,true,1414,14,0.990,1,5,,Containerized Medical Rescue System | N-TET,"N-TET Containerized Medical Rescue System for industrial operators, combining Containerized Medical Rescue System, field hospital system, containerized medical rescue system workflows with field-ready deployment and support.",Containerized Medical Rescue System | field hospital system | containerized medical rescue system | emergency medical shelter | N-TET,Containerized Medical Rescue System,Containerized Medical Rescue System Technical Specifications | Get Solution & Quotation | Overview | Technical Specifications | Get Solution & Quotation,.next/server/app/en/products/containerized-medical-rescue-system.html
/en/products/emergency-search-rescue-drone,en,strong,100,thermal drones for search and rescue,8,true,true,true,true,true,1822,9,0.494,1,5,,Emergency Search & Rescue Drone | N-TET,"N-TET Emergency Search & Rescue Drone for industrial operators, combining thermal drones for search and rescue, search and rescue drone, search and rescue UAV workflows with field-ready deployment and support.",thermal drones for search and rescue | search and rescue drone | search and rescue UAV | drone rescue | Emergency Search & Rescue Drone | industrial UAV systems | UAV inspection drone | emergency response UAV,Emergency Search & Rescue Drone,Emergency Search & Rescue Drone Technical Specifications | Get Solution & Quotation | Overview | Technical Specifications | Get Solution & Quotation,.next/server/app/en/products/emergency-search-rescue-drone.html
/en/products/fbg-g15-fc06-explosion-containment-vessel,en,strong,100,Explosion Containment Vessel FBG-G1.5-FC06,5,true,true,true,true,true,1597,5,0.313,1,5,,Explosion Containment Vessel FBG-G1.5-FC06 | N-TET,"N-TET Explosion Containment Vessel FBG-G1.5-FC06 for industrial operators, combining Explosion Containment Vessel FBG-G1.5-FC06, security screening equipment, X-ray baggage scanner workflows with field-ready deployment and support.",Explosion Containment Vessel FBG-G1.5-FC06 | security screening equipment | X-ray baggage scanner | walk-through metal detector | N-TET,Explosion Containment Vessel FBG-G1.5-FC06,Explosion Containment Vessel FBG-G1.5-FC06 Technical Specifications | Get Solution & Quotation | Overview | Technical Specifications | Get Solution & Quotation,.next/server/app/en/products/fbg-g15-fc06-explosion-containment-vessel.html
/en/products/fbt-fc09-explosion-protection-blanket,en,strong,100,Explosion Protection Blanket FBT-FC09,5,true,true,true,true,true,1540,5,0.325,1,5,,Explosion Protection Blanket FBT-FC09 | N-TET,"N-TET Explosion Protection Blanket FBT-FC09 for industrial operators, combining Explosion Protection Blanket FBT-FC09, security screening equipment, X-ray baggage scanner workflows with field-ready deployment and support.",Explosion Protection Blanket FBT-FC09 | security screening equipment | X-ray baggage scanner | walk-through metal detector | N-TET,Explosion Protection Blanket FBT-FC09,Explosion Protection Blanket FBT-FC09 Technical Specifications | Get Solution & Quotation | Overview | Technical Specifications | Get Solution & Quotation,.next/server/app/en/products/fbt-fc09-explosion-protection-blanket.html
/en/products/fc-3000-ferromagnetic-detection-column,en,strong,100,Intelligent Ferromagnetic Detection System FC-3000,5,true,true,true,true,true,1637,5,0.305,1,5,,Intelligent Ferromagnetic Detection System FC-3000 | N-TET,"N-TET Intelligent Ferromagnetic Detection System FC-3000 for industrial operators, combining Intelligent Ferromagnetic Detection System FC-3000, security screening equipment, X-ray baggage scanner workflows with field-ready deployment and s",Intelligent Ferromagnetic Detection System FC-3000 | security screening equipment | X-ray baggage scanner | walk-through metal detector | N-TET,Intelligent Ferromagnetic Detection System FC-3000,Intelligent Ferromagnetic Detection System FC-3000 Technical Specifications | Get Solution & Quotation | Overview | Technical Specifications | Get Solution & Quotation,.next/server/app/en/products/fc-3000-ferromagnetic-detection-column.html
/en/products/fc-c-deluxe-walk-through-metal-detector,en,strong,100,Walk-Through Metal Detector FC-C Deluxe,5,true,true,true,true,true,1731,10,0.578,1,5,,Walk-Through Metal Detector FC-C (Deluxe) | N-TET,"N-TET Walk-Through Metal Detector FC-C (Deluxe) for industrial operators, combining Walk-Through Metal Detector FC-C Deluxe, security screening equipment, X-ray baggage scanner workflows with field-ready deployment and support.",Walk-Through Metal Detector FC-C Deluxe | security screening equipment | X-ray baggage scanner | walk-through metal detector | N-TET,Walk-Through Metal Detector FC-C Deluxe,Walk-Through Metal Detector FC-C Deluxe Technical Specifications | Get Solution & Quotation | Overview | Technical Specifications | Get Solution & Quotation,.next/server/app/en/products/fc-c-deluxe-walk-through-metal-detector.html
/en/products/fc-c-lcd-walk-through-metal-detector,en,strong,100,Walk-Through Metal Detector FC-C LCD,6,true,true,true,true,true,1728,13,0.752,1,5,,"Walk-Through Metal Detector FC-C (LCD, 12-Zone) | N-TET","N-TET Walk-Through Metal Detector FC-C (LCD, 12-Zone) for industrial operators, combining Walk-Through Metal Detector FC-C LCD, 12-Zone, security screening equipment, X-ray baggage scanner workflows with field-ready deployment and support.",Walk-Through Metal Detector FC-C LCD | 12-Zone | security screening equipment | X-ray baggage scanner | walk-through metal detector | N-TET,"Walk-Through Metal Detector FC-C LCD, 12-Zone","Walk-Through Metal Detector FC-C LCD, 12-Zone Technical Specifications | Get Solution & Quotation | Overview | Technical Specifications | Get Solution & Quotation",.next/server/app/en/products/fc-c-lcd-walk-through-metal-detector.html
/en/products/fc-dlxj-01-power-grid-inspection-drone,en,strong,100,drone power line inspection,8,true,true,true,true,true,1444,9,0.623,1,5,,Power Grid Inspection Drone | N-TET,"N-TET Power Grid Inspection Drone for industrial operators, combining drone power line inspection, power line inspection drone, UAV power line inspection workflows with field-ready deployment and support.",drone power line inspection | power line inspection drone | UAV power line inspection | utility inspection drone | Power Grid Inspection Drone | industrial UAV systems | UAV inspection drone | emergency response UAV,Power Grid Inspection Drone,Power Grid Inspection Drone Technical Specifications | Get Solution & Quotation | Overview | Technical Specifications | Get Solution & Quotation,.next/server/app/en/products/fc-dlxj-01-power-grid-inspection-drone.html
/en/products/fc-dma-long-range-optical-turntable,en,strong,100,FC-DMA Multi-Spectral EO/IR PTZ Turret,5,true,true,true,true,true,2298,5,0.218,1,5,,FC-DMA Multi-Spectral EO/IR PTZ Turret | N-TET,"N-TET FC-DMA Multi-Spectral EO/IR PTZ Turret for industrial operators, combining FC-DMA Multi-Spectral EO/IR PTZ Turret, perimeter intelligence, electro optical surveillance workflows with field-ready deployment and support.",FC-DMA Multi-Spectral EO/IR PTZ Turret | perimeter intelligence | electro optical surveillance | radar vision fusion system | N-TET,FC-DMA Multi-Spectral EO/IR PTZ Turret,FC-DMA Multi-Spectral EO/IR PTZ Turret Technical Specifications | Get Solution & Quotation | Overview | Technical Specifications | Get Solution & Quotation,.next/server/app/en/products/fc-dma-long-range-optical-turntable.html
/en/products/fc-dms10-smart-electronic-sentinel,en,strong,100,FC-DMS10 Series Smart Electronic Sentinel,5,true,true,true,true,true,1797,5,0.278,1,5,,FC-DMS10 Series Smart Electronic Sentinel | N-TET,"N-TET FC-DMS10 Series Smart Electronic Sentinel for industrial operators, combining FC-DMS10 Series Smart Electronic Sentinel, perimeter intelligence, electro optical surveillance workflows with field-ready deployment and support.",FC-DMS10 Series Smart Electronic Sentinel | perimeter intelligence | electro optical surveillance | radar vision fusion system | N-TET,FC-DMS10 Series Smart Electronic Sentinel,FC-DMS10 Series Smart Electronic Sentinel Technical Specifications | Get Solution & Quotation | Overview | Technical Specifications | Get Solution & Quotation,.next/server/app/en/products/fc-dms10-smart-electronic-sentinel.html
/en/products/fc-dtvc-dual-band-thermal-ptz,en,strong,100,FC-DTVC Series Dual-Band Thermal High-Speed Dome,5,true,true,true,true,true,2094,5,0.239,1,5,,FC-DTVC Series Dual-Band Thermal High-Speed Dome | N-TET,"N-TET FC-DTVC Series Dual-Band Thermal High-Speed Dome for industrial operators, combining FC-DTVC Series Dual-Band Thermal High-Speed Dome, perimeter intelligence, electro optical surveillance workflows with field-ready deployment and supp",FC-DTVC Series Dual-Band Thermal High-Speed Dome | perimeter intelligence | electro optical surveillance | radar vision fusion system | N-TET,FC-DTVC Series Dual-Band Thermal High-Speed Dome,FC-DTVC Series Dual-Band Thermal High-Speed Dome Technical Specifications | Get Solution & Quotation | Overview | Technical Specifications | Get Solution & Quotation,.next/server/app/en/products/fc-dtvc-dual-band-thermal-ptz.html
/en/products/fc-h-smart-phone-detection-gate,en,strong,100,Smart Phone Detection Gate FC-H,5,true,true,true,true,true,2119,5,0.236,1,5,,Smart Phone Detection Gate FC-H | N-TET,"N-TET Smart Phone Detection Gate FC-H for industrial operators, combining Smart Phone Detection Gate FC-H, security screening equipment, X-ray baggage scanner workflows with field-ready deployment and support.",Smart Phone Detection Gate FC-H | security screening equipment | X-ray baggage scanner | walk-through metal detector | N-TET,Smart Phone Detection Gate FC-H,Smart Phone Detection Gate FC-H Technical Specifications | Get Solution & Quotation | Overview | Technical Specifications | Get Solution & Quotation,.next/server/app/en/products/fc-h-smart-phone-detection-gate.html
/en/products/fc-h-smart-phone-detection-gate-29in,en,strong,100,Smart Phone Detection Gate FC-H 29-inch Display,5,true,true,true,true,true,1773,3,0.169,1,5,,Smart Phone Detection Gate FC-H (29-inch Display) | N-TET,"N-TET Smart Phone Detection Gate FC-H (29-inch Display) for industrial operators, combining Smart Phone Detection Gate FC-H 29-inch Display, security screening equipment, X-ray baggage scanner workflows with field-ready deployment and suppo",Smart Phone Detection Gate FC-H 29-inch Display | security screening equipment | X-ray baggage scanner | walk-through metal detector | N-TET,Smart Phone Detection Gate FC-H 29-inch Display,Smart Phone Detection Gate FC-H 29-inch Display Technical Specifications | Get Solution & Quotation | Overview | Technical Specifications | Get Solution & Quotation,.next/server/app/en/products/fc-h-smart-phone-detection-gate-29in.html
/en/products/fc-pd500-personal-radiation-dose-alarm,en,strong,100,FC-PD500 X-γ Personal Radiation Dose Alarm,5,true,true,true,true,true,1848,7,0.379,1,5,,FC-PD500 X-γ Personal Radiation Dose Alarm | N-TET,"N-TET FC-PD500 X-γ Personal Radiation Dose Alarm for industrial operators, combining FC-PD500 X-γ Personal Radiation Dose Alarm, security screening equipment, X-ray baggage scanner workflows with field-ready deployment and support.",FC-PD500 X-γ Personal Radiation Dose Alarm | security screening equipment | X-ray baggage scanner | walk-through metal detector | N-TET,FC-PD500 X-γ Personal Radiation Dose Alarm,FC-PD500 X-γ Personal Radiation Dose Alarm Technical Specifications | Get Solution & Quotation | Overview | Technical Specifications | Get Solution & Quotation,.next/server/app/en/products/fc-pd500-personal-radiation-dose-alarm.html
/en/products/fc-rc-series-hd-laser-camera,en,strong,100,FC-RC Series HD Long-Range Laser Camera,5,true,true,true,true,true,1936,5,0.258,1,5,,FC-RC Series HD Long-Range Laser Camera | N-TET,"N-TET FC-RC Series HD Long-Range Laser Camera for industrial operators, combining FC-RC Series HD Long-Range Laser Camera, perimeter intelligence, electro optical surveillance workflows with field-ready deployment and support.",FC-RC Series HD Long-Range Laser Camera | perimeter intelligence | electro optical surveillance | radar vision fusion system | N-TET,FC-RC Series HD Long-Range Laser Camera,FC-RC Series HD Long-Range Laser Camera Technical Specifications | Get Solution & Quotation | Overview | Technical Specifications | Get Solution & Quotation,.next/server/app/en/products/fc-rc-series-hd-laser-camera.html
/en/products/fc-rds500-4r-radar-vision-sentinel,en,strong,100,FC-RDS500-4R Radar-Vision Fusion System,5,true,true,true,true,true,2118,5,0.236,1,5,,FC-RDS500-4R Radar-Vision Fusion System | N-TET,"N-TET FC-RDS500-4R Radar-Vision Fusion System for industrial operators, combining FC-RDS500-4R Radar-Vision Fusion System, perimeter intelligence, electro optical surveillance workflows with field-ready deployment and support.",FC-RDS500-4R Radar-Vision Fusion System | perimeter intelligence | electro optical surveillance | radar vision fusion system | N-TET,FC-RDS500-4R Radar-Vision Fusion System,FC-RDS500-4R Radar-Vision Fusion System Technical Specifications | Get Solution & Quotation | Overview | Technical Specifications | Get Solution & Quotation,.next/server/app/en/products/fc-rds500-4r-radar-vision-sentinel.html
/en/products/fc-sljc-01-water-conservancy-monitoring-drone,en,strong,100,water conservancy monitoring UAV,8,true,true,true,true,true,1904,26,1.366,1,5,,Water Conservancy Monitoring UAV | N-TET,"N-TET Water Conservancy Monitoring UAV for industrial operators, combining water conservancy monitoring UAV, dam inspection UAV, river lake UAV monitoring workflows with field-ready deployment and support.",water conservancy monitoring UAV | dam inspection UAV | river lake UAV monitoring | flood monitoring drone | Water Conservancy Monitoring UAV | industrial UAV systems | UAV inspection drone | emergency response UAV,Water Conservancy Monitoring UAV,Water Conservancy Monitoring UAV Technical Specifications | Get Solution & Quotation | Overview | Technical Specifications | Get Solution & Quotation,.next/server/app/en/products/fc-sljc-01-water-conservancy-monitoring-drone.html
/en/products/fc-smart-swing-turnstile,en,strong,100,Deluxe Smart Swing Turnstile,5,true,true,true,true,true,1806,7,0.388,1,5,,Deluxe Smart Swing Turnstile | N-TET,"N-TET Deluxe Smart Swing Turnstile for industrial operators, combining Deluxe Smart Swing Turnstile, security screening equipment, X-ray baggage scanner workflows with field-ready deployment and support.",Deluxe Smart Swing Turnstile | security screening equipment | X-ray baggage scanner | walk-through metal detector | N-TET,Deluxe Smart Swing Turnstile,Deluxe Smart Swing Turnstile Technical Specifications | Get Solution & Quotation | Overview | Technical Specifications | Get Solution & Quotation,.next/server/app/en/products/fc-smart-swing-turnstile.html
/en/products/fc-ttvc-intelligent-multi-band-camera,en,strong,100,FC-TTVC Series Intelligent Multi-Band Camera,5,true,true,true,true,true,2043,9,0.441,1,5,,FC-TTVC Series Intelligent Multi-Band Camera | N-TET,"N-TET FC-TTVC Series Intelligent Multi-Band Camera for industrial operators, combining FC-TTVC Series Intelligent Multi-Band Camera, perimeter intelligence, electro optical surveillance workflows with field-ready deployment and support.",FC-TTVC Series Intelligent Multi-Band Camera | perimeter intelligence | electro optical surveillance | radar vision fusion system | N-TET,FC-TTVC Series Intelligent Multi-Band Camera,FC-TTVC Series Intelligent Multi-Band Camera Technical Specifications | Get Solution & Quotation | Overview | Technical Specifications | Get Solution & Quotation,.next/server/app/en/products/fc-ttvc-intelligent-multi-band-camera.html
/en/products/fc-yjtx-01-emergency-communication-drone,en,strong,100,emergency communication UAV,8,true,true,true,true,true,3864,13,0.336,1,5,,Emergency Communication Tethered UAV | N-TET,"N-TET Emergency Communication Tethered UAV for industrial operators, combining emergency communication UAV, disaster response communication drone, tethered communication UAV workflows with field-ready deployment and support.",emergency communication UAV | disaster response communication drone | tethered communication UAV | public safety UAV communications | Emergency Communication Tethered UAV | industrial UAV systems | UAV inspection drone | emergency response UAV,Emergency Communication Tethered UAV,Emergency Communication Tethered UAV Technical Specifications | Get Solution & Quotation | Overview | Technical Specifications | Get Solution & Quotation,.next/server/app/en/products/fc-yjtx-01-emergency-communication-drone.html
/en/products/fc-yjxf-01-aerial-firefighting-drone,en,strong,100,firefighting drone,8,true,true,true,true,true,4148,11,0.265,1,5,,High-Rise Firefighting Tethered UAV | N-TET,"N-TET High-Rise Firefighting Tethered UAV for industrial operators, combining firefighting drone, drone fire fighting, drone for fire fighting workflows with field-ready deployment and support.",firefighting drone | drone fire fighting | drone for fire fighting | high-rise firefighting UAV | High-Rise Firefighting Tethered UAV | industrial UAV systems | UAV inspection drone | emergency response UAV,High-Rise Firefighting Tethered UAV,High-Rise Firefighting Tethered UAV Technical Specifications | Get Solution & Quotation | Overview | Technical Specifications | Get Solution & Quotation,.next/server/app/en/products/fc-yjxf-01-aerial-firefighting-drone.html
/en/products/fc-yjzc-01-emergency-reconnaissance-drone,en,strong,100,search and rescue drone,8,true,true,true,true,true,1409,9,0.639,1,5,,Emergency Response Drone | N-TET,"N-TET Emergency Response Drone for industrial operators, combining search and rescue drone, drone rescue, emergency reconnaissance drone workflows with field-ready deployment and support.",search and rescue drone | drone rescue | emergency reconnaissance drone | disaster response UAV | Emergency Response Drone | industrial UAV systems | UAV inspection drone | emergency response UAV,Emergency Response Drone,Emergency Response Drone Technical Specifications | Get Solution & Quotation | Overview | Technical Specifications | Get Solution & Quotation,.next/server/app/en/products/fc-yjzc-01-emergency-reconnaissance-drone.html
/en/products/fc-yjzm-01-emergency-lighting-drone,en,strong,100,drone lighting,8,true,true,true,true,true,3317,22,0.663,1,5,,Tethered Lighting UAV | N-TET,"N-TET Tethered Lighting UAV for industrial operators, combining drone lighting, UAV lighting, tethered lighting UAV workflows with field-ready deployment and support.",drone lighting | UAV lighting | tethered lighting UAV | emergency lighting drone | Tethered Lighting UAV | industrial UAV systems | UAV inspection drone | emergency response UAV,Tethered Lighting UAV,Tethered Lighting UAV Technical Specifications | Get Solution & Quotation | Overview | Technical Specifications | Get Solution & Quotation,.next/server/app/en/products/fc-yjzm-01-emergency-lighting-drone.html
/en/products/fc-yqxj-01-utility-inspection-drone,en,strong,100,pipeline inspection drones,8,true,true,true,true,true,1441,9,0.625,1,5,,Oil & Gas Pipeline Inspection Drone | N-TET,"N-TET Oil & Gas Pipeline Inspection Drone for industrial operators, combining pipeline inspection drones, UAV pipeline inspection, oil and gas drone inspection workflows with field-ready deployment and support.",pipeline inspection drones | UAV pipeline inspection | oil and gas drone inspection | drone pipeline inspection | Oil & Gas Pipeline Inspection Drone | industrial UAV systems | UAV inspection drone | emergency response UAV,Oil & Gas Pipeline Inspection Drone,Oil & Gas Pipeline Inspection Drone Technical Specifications | Get Solution & Quotation | Overview | Technical Specifications | Get Solution & Quotation,.next/server/app/en/products/fc-yqxj-01-utility-inspection-drone.html
/en/products/fc1500-handheld-liquid-detector,en,strong,100,Handheld Liquid Detector FC1500,5,true,true,true,true,true,1576,5,0.317,1,5,,Handheld Liquid Detector FC1500 | N-TET,"N-TET Handheld Liquid Detector FC1500 for industrial operators, combining Handheld Liquid Detector FC1500, security screening equipment, X-ray baggage scanner workflows with field-ready deployment and support.",Handheld Liquid Detector FC1500 | security screening equipment | X-ray baggage scanner | walk-through metal detector | N-TET,Handheld Liquid Detector FC1500,Handheld Liquid Detector FC1500 Technical Specifications | Get Solution & Quotation | Overview | Technical Specifications | Get Solution & Quotation,.next/server/app/en/products/fc1500-handheld-liquid-detector.html
/en/products/fc1500b-desktop-liquid-security-inspector,en,strong,100,Desktop Liquid Security Inspector FC1500B,5,true,true,true,true,true,1629,5,0.307,1,5,,Desktop Liquid Security Inspector FC1500B | N-TET,"N-TET Desktop Liquid Security Inspector FC1500B for industrial operators, combining Desktop Liquid Security Inspector FC1500B, security screening equipment, X-ray baggage scanner workflows with field-ready deployment and support.",Desktop Liquid Security Inspector FC1500B | security screening equipment | X-ray baggage scanner | walk-through metal detector | N-TET,Desktop Liquid Security Inspector FC1500B,Desktop Liquid Security Inspector FC1500B Technical Specifications | Get Solution & Quotation | Overview | Technical Specifications | Get Solution & Quotation,.next/server/app/en/products/fc1500b-desktop-liquid-security-inspector.html
/en/products/fc1800b-portable-explosives-and-narcotics-detector,en,strong,100,Portable Explosives & Narcotics Detector FC1800B,5,true,true,true,true,true,1611,5,0.310,1,5,,Portable Explosives & Narcotics Detector FC1800B | N-TET,"N-TET Portable Explosives & Narcotics Detector FC1800B for industrial operators, combining Portable Explosives & Narcotics Detector FC1800B, security screening equipment, X-ray baggage scanner workflows with field-ready deployment and suppo",Portable Explosives & Narcotics Detector FC1800B | security screening equipment | X-ray baggage scanner | walk-through metal detector | N-TET,Portable Explosives & Narcotics Detector FC1800B,Portable Explosives & Narcotics Detector FC1800B Technical Specifications | Get Solution & Quotation | Overview | Technical Specifications | Get Solution & Quotation,.next/server/app/en/products/fc1800b-portable-explosives-and-narcotics-detector.html
/en/products/fc1800t-desktop-explosives-narcotics-detector,en,strong,100,Desktop Explosives & Narcotics Detector FC1800T,5,true,true,true,true,true,1659,5,0.301,1,5,,Desktop Explosives & Narcotics Detector FC1800T | N-TET,"N-TET Desktop Explosives & Narcotics Detector FC1800T for industrial operators, combining Desktop Explosives & Narcotics Detector FC1800T, security screening equipment, X-ray baggage scanner workflows with field-ready deployment and support",Desktop Explosives & Narcotics Detector FC1800T | security screening equipment | X-ray baggage scanner | walk-through metal detector | N-TET,Desktop Explosives & Narcotics Detector FC1800T,Desktop Explosives & Narcotics Detector FC1800T Technical Specifications | Get Solution & Quotation | Overview | Technical Specifications | Get Solution & Quotation,.next/server/app/en/products/fc1800t-desktop-explosives-narcotics-detector.html
/en/products/fc2088-handheld-metal-detector,en,strong,100,Handheld Metal Detector FC2088,5,true,true,true,true,true,1562,5,0.320,1,5,,Handheld Metal Detector FC2088 | N-TET,"N-TET Handheld Metal Detector FC2088 for industrial operators, combining Handheld Metal Detector FC2088, security screening equipment, X-ray baggage scanner workflows with field-ready deployment and support.",Handheld Metal Detector FC2088 | security screening equipment | X-ray baggage scanner | walk-through metal detector | N-TET,Handheld Metal Detector FC2088,Handheld Metal Detector FC2088 Technical Specifications | Get Solution & Quotation | Overview | Technical Specifications | Get Solution & Quotation,.next/server/app/en/products/fc2088-handheld-metal-detector.html
/en/products/fc4028-neutron-ambient-dose-rate-meter,en,strong,100,FC4028 Neutron Ambient Dose Equivalent Rate Meter,5,true,true,true,true,true,2181,3,0.138,1,5,,FC4028 Neutron Ambient Dose Equivalent (Rate) Meter | N-TET,"N-TET FC4028 Neutron Ambient Dose Equivalent (Rate) Meter for industrial operators, combining FC4028 Neutron Ambient Dose Equivalent Rate Meter, security screening equipment, X-ray baggage scanner workflows with field-ready deployment and s",FC4028 Neutron Ambient Dose Equivalent Rate Meter | security screening equipment | X-ray baggage scanner | walk-through metal detector | N-TET,FC4028 Neutron Ambient Dose Equivalent Rate Meter,FC4028 Neutron Ambient Dose Equivalent Rate Meter Technical Specifications | Get Solution & Quotation | Overview | Technical Specifications | Get Solution & Quotation,.next/server/app/en/products/fc4028-neutron-ambient-dose-rate-meter.html
/en/products/fc5030-compact-x-ray-baggage-scanner,en,strong,100,X-Ray Baggage Scanner FC5030,5,true,true,true,true,true,1556,12,0.771,1,5,,X-Ray Baggage Scanner FC5030 | N-TET,"N-TET X-Ray Baggage Scanner FC5030 for industrial operators, combining X-Ray Baggage Scanner FC5030, security screening equipment, X-ray baggage scanner workflows with field-ready deployment and support.",X-Ray Baggage Scanner FC5030 | security screening equipment | X-ray baggage scanner | walk-through metal detector | N-TET,X-Ray Baggage Scanner FC5030,X-Ray Baggage Scanner FC5030 Technical Specifications | Get Solution & Quotation | Overview | Technical Specifications | Get Solution & Quotation,.next/server/app/en/products/fc5030-compact-x-ray-baggage-scanner.html
/en/products/fc6550-standard-x-ray-baggage-scanner,en,strong,100,X-Ray Baggage Scanner FC6550,5,true,true,true,true,true,1570,12,0.764,1,5,,X-Ray Baggage Scanner FC6550 | N-TET,"N-TET X-Ray Baggage Scanner FC6550 for industrial operators, combining X-Ray Baggage Scanner FC6550, security screening equipment, X-ray baggage scanner workflows with field-ready deployment and support.",X-Ray Baggage Scanner FC6550 | security screening equipment | X-ray baggage scanner | walk-through metal detector | N-TET,X-Ray Baggage Scanner FC6550,X-Ray Baggage Scanner FC6550 Technical Specifications | Get Solution & Quotation | Overview | Technical Specifications | Get Solution & Quotation,.next/server/app/en/products/fc6550-standard-x-ray-baggage-scanner.html
/en/products/fc6550d-dual-view-baggage-scanner,en,strong,100,Dual-View X-Ray Baggage Scanner FC6550D,5,true,true,true,true,true,1643,10,0.609,1,5,,Dual-View X-Ray Baggage Scanner FC6550D | N-TET,"N-TET Dual-View X-Ray Baggage Scanner FC6550D for industrial operators, combining Dual-View X-Ray Baggage Scanner FC6550D, security screening equipment, X-ray baggage scanner workflows with field-ready deployment and support.",Dual-View X-Ray Baggage Scanner FC6550D | security screening equipment | X-ray baggage scanner | walk-through metal detector | N-TET,Dual-View X-Ray Baggage Scanner FC6550D,Dual-View X-Ray Baggage Scanner FC6550D Technical Specifications | Get Solution & Quotation | Overview | Technical Specifications | Get Solution & Quotation,.next/server/app/en/products/fc6550d-dual-view-baggage-scanner.html
/en/products/fc902-personal-radiation-dose-alarm,en,strong,100,X-γ Radiation Dose Alarm FC902,5,true,true,true,true,true,1833,5,0.273,1,5,,X-γ Radiation Dose Alarm FC902 | N-TET,"N-TET X-γ Radiation Dose Alarm FC902 for industrial operators, combining X-γ Radiation Dose Alarm FC902, security screening equipment, X-ray baggage scanner workflows with field-ready deployment and support.",X-γ Radiation Dose Alarm FC902 | security screening equipment | X-ray baggage scanner | walk-through metal detector | N-TET,X-γ Radiation Dose Alarm FC902,X-γ Radiation Dose Alarm FC902 Technical Specifications | Get Solution & Quotation | Overview | Technical Specifications | Get Solution & Quotation,.next/server/app/en/products/fc902-personal-radiation-dose-alarm.html
/en/products/handheld-rf-detection-system-mini,en,strong,100,Handheld RF Detection System,5,true,true,true,true,true,1528,5,0.327,1,5,,Handheld RF Detection System | N-TET,"N-TET Handheld RF Detection System for industrial operators, combining Handheld RF Detection System, low altitude monitoring equipment, drone detection equipment workflows with field-ready deployment and support.",Handheld RF Detection System | low altitude monitoring equipment | drone detection equipment | airspace monitoring system | N-TET,Handheld RF Detection System,Handheld RF Detection System Technical Specifications | Get Solution & Quotation | Overview | Technical Specifications | Get Solution & Quotation,.next/server/app/en/products/handheld-rf-detection-system-mini.html
/en/products/intelligent-mobile-cabin-hospital,en,strong,100,Intelligent Mobile Cabin Hospital,5,true,true,true,true,true,1364,7,0.513,1,5,,Intelligent Mobile Cabin Hospital | N-TET,"N-TET Intelligent Mobile Cabin Hospital for industrial operators, combining Intelligent Mobile Cabin Hospital, field hospital system, containerized medical rescue system workflows with field-ready deployment and support.",Intelligent Mobile Cabin Hospital | field hospital system | containerized medical rescue system | emergency medical shelter | N-TET,Intelligent Mobile Cabin Hospital,Intelligent Mobile Cabin Hospital Technical Specifications | Get Solution & Quotation | Overview | Technical Specifications | Get Solution & Quotation,.next/server/app/en/products/intelligent-mobile-cabin-hospital.html
/en/products/low-altitude-3d-pulse-doppler-radar,en,strong,100,Low-Altitude Detection Radar X-Band,5,true,true,true,true,true,1528,3,0.196,1,5,,Low-Altitude Detection Radar (X-Band) | N-TET,"N-TET Low-Altitude Detection Radar (X-Band) for industrial operators, combining Low-Altitude Detection Radar X-Band, low altitude monitoring equipment, drone detection equipment workflows with field-ready deployment and support.",Low-Altitude Detection Radar X-Band | low altitude monitoring equipment | drone detection equipment | airspace monitoring system | N-TET,Low-Altitude Detection Radar X-Band,Low-Altitude Detection Radar X-Band Technical Specifications | Get Solution & Quotation | Overview | Technical Specifications | Get Solution & Quotation,.next/server/app/en/products/low-altitude-3d-pulse-doppler-radar.html
/en/products/low-altitude-detection-radar-ku-band,en,strong,100,Low-Altitude Detection Radar Ku-Band,5,true,true,true,true,true,1526,3,0.197,1,5,,Low-Altitude Detection Radar (Ku-Band) | N-TET,"N-TET Low-Altitude Detection Radar (Ku-Band) for industrial operators, combining Low-Altitude Detection Radar Ku-Band, low altitude monitoring equipment, drone detection equipment workflows with field-ready deployment and support.",Low-Altitude Detection Radar Ku-Band | low altitude monitoring equipment | drone detection equipment | airspace monitoring system | N-TET,Low-Altitude Detection Radar Ku-Band,Low-Altitude Detection Radar Ku-Band Technical Specifications | Get Solution & Quotation | Overview | Technical Specifications | Get Solution & Quotation,.next/server/app/en/products/low-altitude-detection-radar-ku-band.html
/en/products/multi-rotor-20kg-payload-uav,en,strong,100,20kg Payload Multi-Rotor UAV,5,true,true,true,true,true,1488,11,0.739,1,5,,20kg Payload Multi-Rotor UAV | N-TET,"N-TET 20kg Payload Multi-Rotor UAV for industrial operators, combining 20kg Payload Multi-Rotor UAV, industrial UAV systems, UAV inspection drone workflows with field-ready deployment and support.",20kg Payload Multi-Rotor UAV | industrial UAV systems | UAV inspection drone | emergency response UAV | N-TET,20kg Payload Multi-Rotor UAV,20kg Payload Multi-Rotor UAV Technical Specifications | Get Solution & Quotation | Overview | Technical Specifications | Get Solution & Quotation,.next/server/app/en/products/multi-rotor-20kg-payload-uav.html
/en/products/multi-rotor-3kg-payload-uav,en,strong,100,3kg Payload Multi-Rotor UAV,5,true,true,true,true,true,1512,11,0.728,1,5,,3kg Payload Multi-Rotor UAV | N-TET,"N-TET 3kg Payload Multi-Rotor UAV for industrial operators, combining 3kg Payload Multi-Rotor UAV, industrial UAV systems, UAV inspection drone workflows with field-ready deployment and support.",3kg Payload Multi-Rotor UAV | industrial UAV systems | UAV inspection drone | emergency response UAV | N-TET,3kg Payload Multi-Rotor UAV,3kg Payload Multi-Rotor UAV Technical Specifications | Get Solution & Quotation | Overview | Technical Specifications | Get Solution & Quotation,.next/server/app/en/products/multi-rotor-3kg-payload-uav.html
/en/products/multi-rotor-50kg-payload-uav,en,strong,100,50kg Payload Multi-Rotor UAV,5,true,true,true,true,true,1480,11,0.743,1,5,,50kg Payload Multi-Rotor UAV | N-TET,"N-TET 50kg Payload Multi-Rotor UAV for industrial operators, combining 50kg Payload Multi-Rotor UAV, industrial UAV systems, UAV inspection drone workflows with field-ready deployment and support.",50kg Payload Multi-Rotor UAV | industrial UAV systems | UAV inspection drone | emergency response UAV | N-TET,50kg Payload Multi-Rotor UAV,50kg Payload Multi-Rotor UAV Technical Specifications | Get Solution & Quotation | Overview | Technical Specifications | Get Solution & Quotation,.next/server/app/en/products/multi-rotor-50kg-payload-uav.html
/en/products/multi-rotor-8kg-payload-uav,en,strong,100,8kg Payload Multi-Rotor UAV,5,true,true,true,true,true,1490,11,0.738,1,5,,8kg Payload Multi-Rotor UAV | N-TET,"N-TET 8kg Payload Multi-Rotor UAV for industrial operators, combining 8kg Payload Multi-Rotor UAV, industrial UAV systems, UAV inspection drone workflows with field-ready deployment and support.",8kg Payload Multi-Rotor UAV | industrial UAV systems | UAV inspection drone | emergency response UAV | N-TET,8kg Payload Multi-Rotor UAV,8kg Payload Multi-Rotor UAV Technical Specifications | Get Solution & Quotation | Overview | Technical Specifications | Get Solution & Quotation,.next/server/app/en/products/multi-rotor-8kg-payload-uav.html
/en/products/portable-rf-detection-case,en,strong,100,Hand-carried RF Detection System,5,true,true,true,true,true,1438,7,0.487,1,5,,Hand-carried RF Detection System | N-TET,"N-TET Hand-carried RF Detection System for industrial operators, combining Hand-carried RF Detection System, low altitude monitoring equipment, drone detection equipment workflows with field-ready deployment and support.",Hand-carried RF Detection System | low altitude monitoring equipment | drone detection equipment | airspace monitoring system | N-TET,Hand-carried RF Detection System,Hand-carried RF Detection System Technical Specifications | Get Solution & Quotation | Overview | Technical Specifications | Get Solution & Quotation,.next/server/app/en/products/portable-rf-detection-case.html
/en/products/power-tower-inspection-drone,en,strong,100,drone power line inspection,8,true,true,true,true,true,2088,14,0.670,1,5,,Power Tower Inspection UAV | N-TET,"N-TET Power Tower Inspection UAV for industrial operators, combining drone power line inspection, power line inspection drone, drones for utility inspection workflows with field-ready deployment and support.",drone power line inspection | power line inspection drone | drones for utility inspection | transmission tower inspection UAV | Power Tower Inspection UAV | industrial UAV systems | UAV inspection drone | emergency response UAV,Power Tower Inspection UAV,Power Tower Inspection UAV Technical Specifications | Get Solution & Quotation | Overview | Technical Specifications | Get Solution & Quotation,.next/server/app/en/products/power-tower-inspection-drone.html
/en/products/smart-substation-autonomous-inspection-system,en,strong,100,smart substation autonomous inspection,8,true,true,true,true,true,2332,23,0.986,1,5,,Smart Substation Autonomous UAV Inspection System | N-TET,"N-TET Smart Substation Autonomous UAV Inspection System for industrial operators, combining smart substation autonomous inspection, substation inspection drone, power utility UAV inspection workflows with field-ready deployment and support.",smart substation autonomous inspection | substation inspection drone | power utility UAV inspection | autonomous UAV inspection | Smart Substation Autonomous UAV Inspection System | industrial UAV systems | UAV inspection drone | emergency response UAV,Smart Substation Autonomous UAV Inspection System,Smart Substation Autonomous UAV Inspection System Technical Specifications | Get Solution & Quotation | Overview | Technical Specifications | Get Solution & Quotation,.next/server/app/en/products/smart-substation-autonomous-inspection-system.html
/en/products/stationary-rf-detection-system,en,strong,100,Stationary RF Detection System,5,true,true,true,true,true,1578,5,0.317,1,5,,Stationary RF Detection System | N-TET,"N-TET Stationary RF Detection System for industrial operators, combining Stationary RF Detection System, low altitude monitoring equipment, drone detection equipment workflows with field-ready deployment and support.",Stationary RF Detection System | low altitude monitoring equipment | drone detection equipment | airspace monitoring system | N-TET,Stationary RF Detection System,Stationary RF Detection System Technical Specifications | Get Solution & Quotation | Overview | Technical Specifications | Get Solution & Quotation,.next/server/app/en/products/stationary-rf-detection-system.html
/en/products/uav-remote-id-monitoring-system,en,strong,100,UAV Remote ID Monitoring System,5,true,true,true,true,true,1463,5,0.342,1,5,,UAV Remote ID Monitoring System | N-TET,"N-TET UAV Remote ID Monitoring System for industrial operators, combining UAV Remote ID Monitoring System, low altitude monitoring equipment, drone detection equipment workflows with field-ready deployment and support.",UAV Remote ID Monitoring System | low altitude monitoring equipment | drone detection equipment | airspace monitoring system | N-TET,UAV Remote ID Monitoring System,UAV Remote ID Monitoring System Technical Specifications | Get Solution & Quotation | Overview | Technical Specifications | Get Solution & Quotation,.next/server/app/en/products/uav-remote-id-monitoring-system.html
/en/products/vtol-135kg-mtow-uav,en,strong,100,135kg MTOW VTOL Fixed-Wing UAV,5,true,true,true,true,true,1467,11,0.750,1,5,,135kg MTOW VTOL Fixed-Wing UAV | N-TET,"N-TET 135kg MTOW VTOL Fixed-Wing UAV for industrial operators, combining 135kg MTOW VTOL Fixed-Wing UAV, industrial UAV systems, UAV inspection drone workflows with field-ready deployment and support.",135kg MTOW VTOL Fixed-Wing UAV | industrial UAV systems | UAV inspection drone | emergency response UAV | N-TET,135kg MTOW VTOL Fixed-Wing UAV,135kg MTOW VTOL Fixed-Wing UAV Technical Specifications | Get Solution & Quotation | Overview | Technical Specifications | Get Solution & Quotation,.next/server/app/en/products/vtol-135kg-mtow-uav.html
/en/products/vtol-14kg-mtow-uav,en,strong,100,14kg MTOW VTOL Fixed-Wing UAV,5,true,true,true,true,true,1471,11,0.748,1,5,,14kg MTOW VTOL Fixed-Wing UAV | N-TET,"N-TET 14kg MTOW VTOL Fixed-Wing UAV for industrial operators, combining 14kg MTOW VTOL Fixed-Wing UAV, industrial UAV systems, UAV inspection drone workflows with field-ready deployment and support.",14kg MTOW VTOL Fixed-Wing UAV | industrial UAV systems | UAV inspection drone | emergency response UAV | N-TET,14kg MTOW VTOL Fixed-Wing UAV,14kg MTOW VTOL Fixed-Wing UAV Technical Specifications | Get Solution & Quotation | Overview | Technical Specifications | Get Solution & Quotation,.next/server/app/en/products/vtol-14kg-mtow-uav.html
/en/products/vtol-26kg-mtow-uav,en,strong,100,26kg MTOW VTOL Fixed-Wing UAV,5,true,true,true,true,true,1467,11,0.750,1,5,,26kg MTOW VTOL Fixed-Wing UAV | N-TET,"N-TET 26kg MTOW VTOL Fixed-Wing UAV for industrial operators, combining 26kg MTOW VTOL Fixed-Wing UAV, industrial UAV systems, UAV inspection drone workflows with field-ready deployment and support.",26kg MTOW VTOL Fixed-Wing UAV | industrial UAV systems | UAV inspection drone | emergency response UAV | N-TET,26kg MTOW VTOL Fixed-Wing UAV,26kg MTOW VTOL Fixed-Wing UAV Technical Specifications | Get Solution & Quotation | Overview | Technical Specifications | Get Solution & Quotation,.next/server/app/en/products/vtol-26kg-mtow-uav.html
/en/products/vtol-40kg-mtow-uav,en,strong,100,40kg MTOW VTOL Fixed-Wing UAV,5,true,true,true,true,true,1447,11,0.760,1,5,,40kg MTOW VTOL Fixed-Wing UAV | N-TET,"N-TET 40kg MTOW VTOL Fixed-Wing UAV for industrial operators, combining 40kg MTOW VTOL Fixed-Wing UAV, industrial UAV systems, UAV inspection drone workflows with field-ready deployment and support.",40kg MTOW VTOL Fixed-Wing UAV | industrial UAV systems | UAV inspection drone | emergency response UAV | N-TET,40kg MTOW VTOL Fixed-Wing UAV,40kg MTOW VTOL Fixed-Wing UAV Technical Specifications | Get Solution & Quotation | Overview | Technical Specifications | Get Solution & Quotation,.next/server/app/en/products/vtol-40kg-mtow-uav.html
/en/products/vtol-64kg-mtow-uav,en,strong,100,64kg MTOW VTOL Fixed-Wing UAV,5,true,true,true,true,true,1457,11,0.755,1,5,,64kg MTOW VTOL Fixed-Wing UAV | N-TET,"N-TET 64kg MTOW VTOL Fixed-Wing UAV for industrial operators, combining 64kg MTOW VTOL Fixed-Wing UAV, industrial UAV systems, UAV inspection drone workflows with field-ready deployment and support.",64kg MTOW VTOL Fixed-Wing UAV | industrial UAV systems | UAV inspection drone | emergency response UAV | N-TET,64kg MTOW VTOL Fixed-Wing UAV,64kg MTOW VTOL Fixed-Wing UAV Technical Specifications | Get Solution & Quotation | Overview | Technical Specifications | Get Solution & Quotation,.next/server/app/en/products/vtol-64kg-mtow-uav.html
/en/solutions,en,strong,100,UAV inspection solutions,7,true,true,true,true,true,1224,14,1.144,1,11,,UAV Inspection Solutions & Emergency Response Drone | N-TET,"N-TET UAV inspection solutions for power line inspection, pipeline inspection drones, search and rescue drone work, firefighting drone support, and tethered lighting UAV operations.",UAV inspection solutions | search and rescue drone | firefighting drone | drone power line inspection | pipeline inspection drones | water conservancy monitoring UAV | tethered lighting UAV,UAV Inspection Solutions,UAV Inspection Solutions Workflow | UAV Inspection & Patrol | UAV Emergency Response | Critical Infrastructure Protection | Key Area Security | Get Solution & Quotation | UAV Inspection & Patrol | UAV Emergency Response | Critical Infrastructure Protection | Key Area Security | Get Solution & Quotation,.next/server/app/en/solutions.html
/en/solutions/airport-low-altitude-monitoring,en,strong,85,Airport Airspace Monitoring Application,2,true,false,true,true,true,1643,13,0.791,1,10,description 未命中关键词,Airport Airspace Monitoring Application | N-TET,"Providing 24/7 protection for sensitive clearance areas such as airport surroundings and approach routes, blocking 'black-flight' UAVs from interfering with normal takeoff and landing. Linkage of wireless detection, response support, and na",Airport Airspace Monitoring Application | N-TET,Airport Airspace Monitoring Application,Airport Airspace Monitoring Application Workflow | Technical Specifications | Related Equipment | FAQ and Project Planning | Get Solution & Quotation | Overview | Technical Specifications | Related Equipment | FAQ and Project Planning | Get Solution & Quotation,.next/server/app/en/solutions/airport-low-altitude-monitoring.html
/en/solutions/airport-security-protection,en,strong,85,Airport Security Protection,2,true,false,true,true,true,2083,14,0.672,1,13,description 未命中关键词,Airport Security Protection | N-TET,"An integrated airport security solution for terminal entrances, baggage checkpoints, cargo and logistics zones, perimeter roads, apron-adjacent areas, and public traffic hubs. It combines low-altitude awareness with passenger, baggage, carg",Airport Security Protection | N-TET,Airport Security Protection,Airport Security Protection Workflow | How Integrated Monitoring and Screening Support Airport Security | Solution Modules | Related Equipment | FAQ and Project Planning | Get Solution & Quotation | Overview | Industry Pain Points | How Integrated Monitoring and Screening Support Airport Security | Solution Modules | Related Equipment | FAQ and Project Planning | Get Solution & Quotation,.next/server/app/en/solutions/airport-security-protection.html
/en/solutions/category/01_BorderPatrol,en,strong,100,border patrol UAV,4,true,true,true,true,true,1834,13,0.709,1,9,,Border Patrol UAV Solutions | N-TET,"border patrol UAV is the primary search theme for this page, with related coverage for maritime patrol UAV, coastal monitoring drone, land based maritime surveillance.",border patrol UAV | maritime patrol UAV | coastal monitoring drone | land based maritime surveillance,Border Patrol UAV Solutions,Border Patrol UAV and Coastal Monitoring | UAV Inspection Solutions | Recommended Products | FAQ and Project Planning | Get Solution & Quotation | Industry Needs | UAV Inspection Solutions | Recommended Products | Get Solution & Quotation,.next/server/app/en/solutions/category/01_BorderPatrol.html
/en/solutions/category/02_InfrastructureProtection,en,strong,100,industrial facility inspection UAV,5,true,true,true,true,true,1909,14,0.733,1,9,,Industrial Facility Inspection UAV Solutions | N-TET,"industrial facility inspection UAV is the primary search theme for this page, with related coverage for oil and gas drone inspection, pipeline inspection drones, chemical plant monitoring.",industrial facility inspection UAV | oil and gas drone inspection | pipeline inspection drones | chemical plant monitoring | water conservancy monitoring UAV,Industrial Facility Inspection UAV Solutions,Industrial Facility Inspection UAV Scenarios | UAV Inspection Solutions | Recommended Products | FAQ and Project Planning | Get Solution & Quotation | Industry Needs | UAV Inspection Solutions | Recommended Products | Get Solution & Quotation,.next/server/app/en/solutions/category/02_InfrastructureProtection.html
/en/solutions/category/03_KeyAreaSecurity,en,strong,100,airport airspace monitoring,5,true,true,true,true,true,1802,22,1.221,1,9,,Airport Airspace Monitoring and Key Area Security Solutions | N-TET,"airport airspace monitoring is the primary search theme for this page, with related coverage for event security monitoring, key area security, smart security screening.",airport airspace monitoring | event security monitoring | key area security | smart security screening | low altitude monitoring equipment,Airport Airspace Monitoring and Key Area Security Solutions,Airport Airspace Monitoring Scenarios | UAV Inspection Solutions | Recommended Products | FAQ and Project Planning | Get Solution & Quotation | Industry Needs | UAV Inspection Solutions | Recommended Products | Get Solution & Quotation,.next/server/app/en/solutions/category/03_KeyAreaSecurity.html
/en/solutions/category/04_EmergencyRescue,en,strong,100,search and rescue drone,5,true,true,true,true,true,1884,23,1.221,1,9,,Search and Rescue Drone & Emergency UAV Solutions | N-TET,"This emergency solutions category covers search and rescue drone operations, firefighting drone support, emergency communication UAV deployment, and drone lighting workflows for field response teams.",search and rescue drone | firefighting drone | emergency communication UAV | drone lighting | emergency response drone,Search and Rescue Drone & Emergency UAV Solutions,Search and Rescue Drone Emergency Workflows | UAV Inspection Solutions | Recommended Products | FAQ and Project Planning | Get Solution & Quotation | Industry Needs | UAV Inspection Solutions | Recommended Products | Get Solution & Quotation,.next/server/app/en/solutions/category/04_EmergencyRescue.html
/en/solutions/chemical-plant-protection,en,strong,100,pipeline inspection drones,4,true,true,true,true,true,2250,21,0.933,1,13,,Pipeline Inspection Drones for Chemical Plant Monitoring | N-TET,"This page covers pipeline inspection drones, chemical plant monitoring, UAV pipeline inspection, and oil and gas drone inspection workflows for petrochemical facilities.",pipeline inspection drones | chemical plant monitoring | UAV pipeline inspection | oil and gas drone inspection,Pipeline Inspection Drones for Chemical Plant Monitoring,Pipeline Inspection Drones and Plant Monitoring | A Neutral Low-Altitude Risk Process for Chemical Sites | Solution Modules | Related Equipment | FAQ and Project Planning | Get Solution & Quotation | Overview | Industry Pain Points | A Neutral Low-Altitude Risk Process for Chemical Sites | Solution Modules | Related Equipment | FAQ and Project Planning | Get Solution & Quotation,.next/server/app/en/solutions/chemical-plant-protection.html
/en/solutions/disaster-site-search-rescue-reconnaissance-uav-solution,en,strong,100,search and rescue drone,4,true,true,true,true,true,2063,19,0.921,1,15,,Search and Rescue Drone Solution | N-TET,"This search and rescue drone solution supports disaster-site reconnaissance, thermal drones for search and rescue, search and rescue UAV coordination, and drone rescue visibility for emergency teams.",search and rescue drone | thermal drones for search and rescue | search and rescue UAV | drone rescue,Search and Rescue Drone Solution,Search and Rescue Drone Workflow | How UAVs Upgrade Emergency Reconnaissance | Solution Modules | Related Equipment | Related Cases | FAQ and Project Planning | Get Solution & Quotation | Overview | Industry Pain Points | How UAVs Upgrade Emergency Reconnaissance | Solution Modules | Related Equipment | Related Cases | FAQ and Project Planning | Get Solution & Quotation,.next/server/app/en/solutions/disaster-site-search-rescue-reconnaissance-uav-solution.html
/en/solutions/emergency-communication-uav,en,strong,100,Emergency Communication UAV,2,true,true,true,true,true,1667,16,0.960,1,10,,Emergency Communication UAV | N-TET,The emergency communication UAV is equipped with an integrated high-altitude base station and relies on satellite relay links for long-distance data return. It can quickly rebuild 4G/5G public network coverage in disaster-damaged areas. The,Emergency Communication UAV | N-TET,Emergency Communication UAV,Emergency Communication UAV Workflow | Technical Specifications | Related Equipment | FAQ and Project Planning | Get Solution & Quotation | Overview | Technical Specifications | Related Equipment | FAQ and Project Planning | Get Solution & Quotation,.next/server/app/en/solutions/emergency-communication-uav.html
/en/solutions/emergency-communication-uav-solution,en,partial,70,Emergency Communication UAV Solution,2,true,false,true,false,true,1587,12,0.756,1,13,description 未命中关键词; H2 未命中关键词,Emergency Communication UAV Solution | N-TET,"An aerial communication solution for post-disaster network outage, remote no-signal areas, and temporary communication support, restoring public coverage or building a rescue private network quickly.",Emergency Communication UAV Solution | N-TET,Emergency Communication UAV Solution,Related Equipment | FAQ and Project Planning | Get Solution & Quotation | Overview | Industry Pain Points | UAV-Enabled Upgrade | Solution | Related Equipment | Related Cases | Technical Specifications | Related Equipment | FAQ and Project Planning | Get Solution & Quotation,.next/server/app/en/solutions/emergency-communication-uav-solution.html
/en/solutions/emergency-lighting-uav,en,strong,85,Emergency Lighting UAV,2,true,false,true,true,true,1613,13,0.806,1,10,description 未命中关键词,Emergency Lighting UAV | N-TET,"Equipped with high-power high-brightness LED lighting modules, it is easy to deploy and can achieve large-scale, multi-angle continuous light supplementation at high altitudes without blind spots. It adopts a tethered continuous power suppl",Emergency Lighting UAV | N-TET,Emergency Lighting UAV,Emergency Lighting UAV Workflow | Technical Specifications | Related Equipment | FAQ and Project Planning | Get Solution & Quotation | Overview | Technical Specifications | Related Equipment | FAQ and Project Planning | Get Solution & Quotation,.next/server/app/en/solutions/emergency-lighting-uav.html
/en/solutions/emergency-reconnaissance-uav,en,strong,85,Emergency Reconnaissance UAV,2,true,false,true,true,true,1641,13,0.792,1,10,description 未命中关键词,Emergency Reconnaissance UAV | N-TET,"Flexible and rapid in deployment, this UAV can break through limitations of road blockages, mountainous forests, and other complex terrains. The fuselage integrates high-definition optoelectronic cameras, infrared search and rescue, and oth",Emergency Reconnaissance UAV | N-TET,Emergency Reconnaissance UAV,Emergency Reconnaissance UAV Workflow | Technical Specifications | Related Equipment | FAQ and Project Planning | Get Solution & Quotation | Overview | Technical Specifications | Related Equipment | FAQ and Project Planning | Get Solution & Quotation,.next/server/app/en/solutions/emergency-reconnaissance-uav.html
/en/solutions/emergency-search-rescue-uav-solution,en,partial,70,Emergency Search & Rescue UAV Solution,2,true,false,true,false,true,1614,12,0.743,1,15,description 未命中关键词; H2 未命中关键词,Emergency Search & Rescue UAV Solution | N-TET,"A rapid-response UAV solution for disaster reconnaissance, missing-person search, target positioning, supply delivery, and command collaboration across floods, earthquakes, forests, waters, and remote areas.",Emergency Search & Rescue UAV Solution | N-TET,Emergency Search & Rescue UAV Solution,Related Equipment | Related Cases | FAQ and Project Planning | Get Solution & Quotation | Overview | Industry Pain Points | UAV-Enabled Upgrade | Solution | Related Equipment | Related Cases | Technical Specifications | Related Equipment | Related Cases | FAQ and Project Planning | Get Solution & Quotation,.next/server/app/en/solutions/emergency-search-rescue-uav-solution.html
/en/solutions/high-rise-firefighting-uav-solution,en,partial,70,High-Rise Firefighting UAV Solution,2,true,false,true,false,true,1630,12,0.736,1,13,description 未命中关键词; H2 未命中关键词,High-Rise Firefighting UAV Solution | N-TET,"A tethered UAV firefighting solution for high-rise buildings, dense urban blocks, and industrial parks, combining elevated water/agent delivery, window breaking, smoke exhaust, thermal reconnaissance, and command linkage.",High-Rise Firefighting UAV Solution | N-TET,High-Rise Firefighting UAV Solution,Related Equipment | FAQ and Project Planning | Get Solution & Quotation | Overview | Industry Pain Points | UAV-Enabled Upgrade | Solution | Related Equipment | Related Cases | Technical Specifications | Related Equipment | FAQ and Project Planning | Get Solution & Quotation,.next/server/app/en/solutions/high-rise-firefighting-uav-solution.html
/en/solutions/hydroelectric-dam-protection,en,strong,85,Hydroelectric Dam Protection,2,true,false,true,true,true,2180,14,0.642,1,13,description 未命中关键词,Hydroelectric Dam Protection | N-TET,"A low-altitude security workflow for hydroelectric dams, reservoirs, powerhouses, spillways, and inspection routes. Based on critical infrastructure protection requirements, it focuses on low-altitude awareness, target confirmation, track f",Hydroelectric Dam Protection | N-TET,Hydroelectric Dam Protection,Hydroelectric Dam Protection Workflow | Low-Altitude Security Workflow for Dam Operations | Solution Modules | Related Equipment | FAQ and Project Planning | Get Solution & Quotation | Overview | Industry Pain Points | Low-Altitude Security Workflow for Dam Operations | Solution Modules | Related Equipment | FAQ and Project Planning | Get Solution & Quotation,.next/server/app/en/solutions/hydroelectric-dam-protection.html
/en/solutions/judicial-sector-security,en,strong,85,Judicial Sector Security Protection,2,true,false,true,true,true,2215,13,0.587,1,13,description 未命中关键词,Judicial Sector Security Protection | N-TET,"An integrated judicial security solution for courthouse entrances, detention and correctional access points, visitor lobbies, evidence and logistics channels, perimeter roads, and restricted administrative areas. It follows the same integra",Judicial Sector Security Protection | N-TET,Judicial Sector Security Protection,Judicial Sector Security Protection Workflow | How Integrated Monitoring and Screening Support Judicial Security | Solution Modules | Related Equipment | FAQ and Project Planning | Get Solution & Quotation | Overview | Industry Pain Points | How Integrated Monitoring and Screening Support Judicial Security | Solution Modules | Related Equipment | FAQ and Project Planning | Get Solution & Quotation,.next/server/app/en/solutions/judicial-sector-security.html
/en/solutions/land-based-maritime-surveillance,en,strong,85,Land-based Maritime Surveillance & Early Warning,2,true,false,true,true,true,1627,13,0.799,1,10,description 未命中关键词,Land-based Maritime Surveillance & Early Warning | N-TET,"Integrating multi-source information such as radar and optoelectronics, and utilizing intelligent analysis and linkage tracking technology, a digital and intelligent maritime Security control system has been established. It overcomes tradit",Land-based Maritime Surveillance & Early Warning | N-TET,Land-based Maritime Surveillance & Early Warning,Land-based Maritime Surveillance & Early Warning Workflow | Technical Specifications | Related Equipment | FAQ and Project Planning | Get Solution & Quotation | Overview | Technical Specifications | Related Equipment | FAQ and Project Planning | Get Solution & Quotation,.next/server/app/en/solutions/land-based-maritime-surveillance.html
/en/solutions/night-emergency-lighting-support-uav-solution,en,strong,100,tethered lighting UAV,4,true,true,true,true,true,2049,24,1.171,1,15,,Tethered Lighting UAV Solution | N-TET,"tethered lighting UAV is the primary search theme for this page, with related coverage for drone lighting, UAV lighting system, emergency lighting drone.",tethered lighting UAV | drone lighting | UAV lighting system | emergency lighting drone,Tethered Lighting UAV Solution,Tethered Lighting UAV Workflow | How UAVs Upgrade Operations | Solution Modules | Related Equipment | Related Cases | FAQ and Project Planning | Get Solution & Quotation | Overview | Industry Pain Points | How UAVs Upgrade Operations | Solution Modules | Related Equipment | Related Cases | FAQ and Project Planning | Get Solution & Quotation,.next/server/app/en/solutions/night-emergency-lighting-support-uav-solution.html
/en/solutions/oil-production-base-protection,en,strong,100,oil and gas drone inspection,4,true,true,true,true,true,2225,18,0.809,1,13,,Oil and Gas Drone Inspection Solution | N-TET,"This oil and gas drone inspection solution supports oil production sites, pipeline corridor inspection, industrial facility inspection UAV workflows, and low-altitude monitoring around field assets.",oil and gas drone inspection | industrial facility inspection UAV | pipeline corridor inspection | oil production site monitoring,Oil and Gas Drone Inspection Solution,Oil and Gas Drone Inspection Workflow | Layered Low-Altitude Protection for Oil Production Sites | Solution Modules | Related Equipment | FAQ and Project Planning | Get Solution & Quotation | Overview | Industry Pain Points | Layered Low-Altitude Protection for Oil Production Sites | Solution Modules | Related Equipment | FAQ and Project Planning | Get Solution & Quotation,.next/server/app/en/solutions/oil-production-base-protection.html
/en/solutions/post-disaster-emergency-communication-support-uav-solution,en,strong,100,emergency communication UAV,4,true,true,true,true,true,2075,23,1.108,1,15,,Emergency Communication UAV Solution | N-TET,"emergency communication UAV is the primary search theme for this page, with related coverage for disaster response communication drone, tethered communication UAV, public safety UAV communications.",emergency communication UAV | disaster response communication drone | tethered communication UAV | public safety UAV communications,Emergency Communication UAV Solution,Emergency Communication UAV Workflow | How UAVs Upgrade Operations | Solution Modules | Related Equipment | Related Cases | FAQ and Project Planning | Get Solution & Quotation | Overview | Industry Pain Points | How UAVs Upgrade Operations | Solution Modules | Related Equipment | Related Cases | FAQ and Project Planning | Get Solution & Quotation,.next/server/app/en/solutions/post-disaster-emergency-communication-support-uav-solution.html
/en/solutions/power-generation-facility-low-altitude-monitoring,en,strong,85,Power Generation Facility Airspace Monitoring,2,true,false,true,true,true,1722,13,0.755,1,10,description 未命中关键词,Power Generation Facility Airspace Monitoring | N-TET,"Customized for high-voltage thermal power plants, nuclear power plants, and core substation hubs. It automatically detects unauthorized mapping and reconnaissance flights, preventing foreign objects from falling and causing short circuits o",Power Generation Facility Airspace Monitoring | N-TET,Power Generation Facility Airspace Monitoring,Power Generation Facility Airspace Monitoring Workflow | Technical Specifications | Related Equipment | FAQ and Project Planning | Get Solution & Quotation | Overview | Technical Specifications | Related Equipment | FAQ and Project Planning | Get Solution & Quotation,.next/server/app/en/solutions/power-generation-facility-low-altitude-monitoring.html
/en/solutions/power-line-uav-intelligent-inspection-solution,en,strong,100,drone power line inspection,5,true,true,true,true,true,2139,16,0.748,1,11,,Drone Power Line Inspection Solution | N-TET,"This drone power line inspection solution supports transmission corridor patrol, tower inspection, utility inspection drone workflows, and cell tower inspection scenarios for maintenance teams.",drone power line inspection | power line inspection drone | UAV power line inspection | drones for utility inspection | drone cell tower inspection,Drone Power Line Inspection Solution,Drone Power Line Inspection Workflow | How UAVs Upgrade Operations | Solution Modules | FAQ and Project Planning | Get Solution & Quotation | Overview | Industry Pain Points | How UAVs Upgrade Operations | Solution Modules | FAQ and Project Planning | Get Solution & Quotation,.next/server/app/en/solutions/power-line-uav-intelligent-inspection-solution.html
/en/solutions/power-tower-inspection-uav-solution,en,partial,70,Power Tower Inspection UAV Solution,2,true,false,true,false,true,1631,12,0.736,1,15,description 未命中关键词; H2 未命中关键词,Power Tower Inspection UAV Solution | N-TET,"A UAV-based inspection solution for transmission-line operations, covering routine patrols, fault positioning, disaster response, tree-obstruction checks, and standardized reporting.",Power Tower Inspection UAV Solution | N-TET,Power Tower Inspection UAV Solution,Related Equipment | Related Cases | FAQ and Project Planning | Get Solution & Quotation | Overview | Industry Pain Points | UAV-Enabled Upgrade | Solution | Related Equipment | Related Cases | Technical Specifications | Related Equipment | Related Cases | FAQ and Project Planning | Get Solution & Quotation,.next/server/app/en/solutions/power-tower-inspection-uav-solution.html
/en/solutions/smart-substation-autonomous-inspection-solution,en,partial,70,Smart Substation Autonomous UAV Inspection Solution,2,true,false,true,false,true,1654,12,0.726,1,15,description 未命中关键词; H2 未命中关键词,Smart Substation Autonomous UAV Inspection Solution | N-TET,"An autonomous substation inspection solution combining a UAV dock, industrial UAV platform, multi-source payloads, AI analytics, and a management platform for unattended patrol, thermal measurement, defect recognition, and work-order closur",Smart Substation Autonomous UAV Inspection Solution | N-TET,Smart Substation Autonomous UAV Inspection Solution,Related Equipment | Related Cases | FAQ and Project Planning | Get Solution & Quotation | Overview | Industry Pain Points | UAV-Enabled Upgrade | Solution | Related Equipment | Related Cases | Technical Specifications | Related Equipment | Related Cases | FAQ and Project Planning | Get Solution & Quotation,.next/server/app/en/solutions/smart-substation-autonomous-inspection-solution.html
/en/solutions/smart-substation-unattended-uav-inspection-solution,en,strong,100,smart substation autonomous inspection,4,true,true,true,true,true,2172,22,1.013,1,15,,Smart Substation Autonomous Inspection Solution | N-TET,"smart substation autonomous inspection is the primary search theme for this page, with related coverage for substation inspection drone, power utility UAV inspection, autonomous UAV inspection.",smart substation autonomous inspection | substation inspection drone | power utility UAV inspection | autonomous UAV inspection,Smart Substation Autonomous Inspection Solution,Smart Substation Autonomous Inspection Workflow | How UAVs Upgrade Substation Inspection | Solution Modules | Related Equipment | Related Cases | FAQ and Project Planning | Get Solution & Quotation | Overview | Industry Pain Points | How UAVs Upgrade Substation Inspection | Solution Modules | Related Equipment | Related Cases | FAQ and Project Planning | Get Solution & Quotation,.next/server/app/en/solutions/smart-substation-unattended-uav-inspection-solution.html
/en/solutions/sports-event-security,en,strong,85,Large Sports Event Security Protection,2,true,false,true,true,true,2193,13,0.593,1,13,description 未命中关键词,Large Sports Event Security Protection | N-TET,"An integrated large-event security solution for stadium entrances, arenas, exhibition centers, fan zones, media areas, logistics gates, VIP routes, and surrounding public spaces. It references the same security workflow used for airport-sty",Large Sports Event Security Protection | N-TET,Large Sports Event Security Protection,Large Sports Event Security Protection Workflow | How Integrated Monitoring and Screening Support Large Events | Solution Modules | Related Equipment | FAQ and Project Planning | Get Solution & Quotation | Overview | Industry Pain Points | How Integrated Monitoring and Screening Support Large Events | Solution Modules | Related Equipment | FAQ and Project Planning | Get Solution & Quotation,.next/server/app/en/solutions/sports-event-security.html
/en/solutions/tethered-lighting-uav-solution,en,partial,70,Tethered Lighting UAV Solution,2,true,false,true,false,true,1598,12,0.751,1,15,description 未命中关键词; H2 未命中关键词,Tethered Lighting UAV Solution | N-TET,"A persistent aerial lighting solution that improves night rescue, emergency repair, evacuation, and temporary-site operations with high-altitude continuous illumination.",Tethered Lighting UAV Solution | N-TET,Tethered Lighting UAV Solution,Related Equipment | Related Cases | FAQ and Project Planning | Get Solution & Quotation | Overview | Industry Pain Points | UAV-Enabled Upgrade | Solution | Related Equipment | Related Cases | Technical Specifications | Related Equipment | Related Cases | FAQ and Project Planning | Get Solution & Quotation,.next/server/app/en/solutions/tethered-lighting-uav-solution.html
/en/solutions/uav-maritime-emergency-rescue,en,strong,85,UAV Maritime Emergency Rescue,2,true,false,true,true,true,1640,13,0.793,1,10,description 未命中关键词,UAV Maritime Emergency Rescue | N-TET,"In case of maritime emergencies, accidents, and various incidents, UAVs can respond quickly and fly to the scene immediately, providing real-time panoramic views and situational information for efficient auxiliary decision-making and remote",UAV Maritime Emergency Rescue | N-TET,UAV Maritime Emergency Rescue,UAV Maritime Emergency Rescue Workflow | Technical Specifications | Related Equipment | FAQ and Project Planning | Get Solution & Quotation | Overview | Technical Specifications | Related Equipment | FAQ and Project Planning | Get Solution & Quotation,.next/server/app/en/solutions/uav-maritime-emergency-rescue.html
/en/solutions/uav-maritime-patrol,en,strong,100,maritime patrol UAV,4,true,true,true,true,true,2139,18,0.842,1,15,,Maritime Patrol UAV Solution | N-TET,"This maritime patrol UAV solution supports coastal monitoring drone routes, port-area observation, border patrol UAV tasks, and wide-area maritime visibility for field teams.",maritime patrol UAV | coastal monitoring drone | border patrol UAV | UAV border patrol,Maritime Patrol UAV Solution,Maritime Patrol UAV Workflow | How UAVs Upgrade Operations | Solution Modules | Related Equipment | Related Cases | FAQ and Project Planning | Get Solution & Quotation | Overview | Industry Pain Points | How UAVs Upgrade Operations | Solution Modules | Related Equipment | Related Cases | FAQ and Project Planning | Get Solution & Quotation,.next/server/app/en/solutions/uav-maritime-patrol.html
/en/solutions/urban-high-rise-firefighting-emergency-uav-solution,en,strong,100,firefighting drone,4,true,true,true,true,true,2132,20,0.938,1,15,,Firefighting Drone Solution | N-TET,"firefighting drone is the primary search theme for this page, with related coverage for high-rise firefighting UAV, drone fire fighting, drone for fire fighting.",firefighting drone | high-rise firefighting UAV | drone fire fighting | drone for fire fighting,Firefighting Drone Solution,Firefighting Drone Workflow | How UAVs Upgrade Operations | Solution Modules | Related Equipment | Related Cases | FAQ and Project Planning | Get Solution & Quotation | Overview | Industry Pain Points | How UAVs Upgrade Operations | Solution Modules | Related Equipment | Related Cases | FAQ and Project Planning | Get Solution & Quotation,.next/server/app/en/solutions/urban-high-rise-firefighting-emergency-uav-solution.html
/en/solutions/water-conservancy-monitoring-uav-solution,en,partial,70,Water Conservancy Monitoring UAV Solution,2,true,false,true,false,true,1620,12,0.741,1,15,description 未命中关键词; H2 未命中关键词,Water Conservancy Monitoring UAV Solution | N-TET,"A UAV monitoring solution for rivers, lakes, reservoirs, flood-control tasks, water-facility inspection, water-quality sampling, pollution tracing, and evidence collection.",Water Conservancy Monitoring UAV Solution | N-TET,Water Conservancy Monitoring UAV Solution,Related Equipment | Related Cases | FAQ and Project Planning | Get Solution & Quotation | Overview | Industry Pain Points | UAV-Enabled Upgrade | Solution | Related Equipment | Related Cases | Technical Specifications | Related Equipment | Related Cases | FAQ and Project Planning | Get Solution & Quotation,.next/server/app/en/solutions/water-conservancy-monitoring-uav-solution.html
/en/solutions/water-conservancy-river-lake-uav-monitoring-solution,en,strong,100,water conservancy monitoring UAV,4,true,true,true,true,true,2271,22,0.969,1,15,,Water Conservancy Monitoring UAV Solution | N-TET,"This water conservancy monitoring UAV solution supports dam inspection UAV tasks, river lake UAV monitoring, flood monitoring drone patrols, and infrastructure observation for water-resource teams.",water conservancy monitoring UAV | dam inspection UAV | river lake UAV monitoring | flood monitoring drone,Water Conservancy Monitoring UAV Solution,Water Conservancy Monitoring UAV Workflow | How UAVs Upgrade Operations | Solution Modules | Related Equipment | Related Cases | FAQ and Project Planning | Get Solution & Quotation | Overview | Industry Pain Points | How UAVs Upgrade Operations | Solution Modules | Related Equipment | Related Cases | FAQ and Project Planning | Get Solution & Quotation,.next/server/app/en/solutions/water-conservancy-river-lake-uav-monitoring-solution.html
/es,es,strong,85,sistemas UAV industriales,4,true,true,true,false,true,1457,9,0.618,1,11,H2 未命中关键词,Sistemas UAV industriales para operaciones de baja altitud | N-TET,"sistemas UAV industriales es el tema principal de esta página, con cobertura relacionada para monitoreo de baja altitud, dron de inspección UAV, UAV de emergencia.",sistemas UAV industriales | monitoreo de baja altitud | dron de inspección UAV | UAV de emergencia,Sistemas UAV industriales para operaciones de baja altitud,Nuestras soluciones | Centro de productos | UAV para monitoreo hídrico | Centro de casos | Acerca de nosotros | Últimas noticias | Nuestras soluciones | Centro de productos | Centro de casos | Acerca de nosotros | Últimas noticias,.next/server/app/es.html
/es/about,es,strong,85,integrador de sistemas UAV industriales,4,true,true,true,false,true,1719,4,0.233,1,5,H2 未命中关键词,Perfil de integrador de sistemas UAV industriales | N-TET,"N-TET es un integrador de sistemas UAV industriales y proveedor de soluciones para monitoreo de baja altitud, inspección inteligente y tecnologías de seguridad para operadores de infraestructura.",integrador de sistemas UAV industriales | proveedor de sistemas UAV | proveedor de soluciones de monitoreo de baja altitud | integrador de tecnologías de seguridad,Perfil de integrador de sistemas UAV industriales,Capacidades de integración de sistemas UAV industriales | Equipo de I+D | Perfil de la empresa | Equipo de I+D | Solicitar solución y cotización,.next/server/app/es/about.html
/es/accessories,es,strong,95,accesorios para drones,5,true,true,true,true,true,1638,62,3.785,1,11,关键词密度偏高，需要检查堆砌风险,Accesorios para drones y componentes UAV | N-TET,"accesorios para drones es el tema principal de esta página, con cobertura relacionada para componentes UAV, gimbal UAV, motor UAV.",accesorios para drones | componentes UAV | gimbal UAV | motor UAV | enlace de datos UAV,Accesorios para drones y componentes UAV,Accesorios para drones y componentes UAV para plataformas industriales | FAQ de accesorios para drones | Controladores de vuelo | Motores UAV | Hélices UAV | Baterías UAV | Gimbals electro-ópticos | Motores UAV | Enlaces de datos UAV | Controles remotos UAV | Solicitar solución y cotización,.next/server/app/es/accessories.html
/es/accessories/fc-bt1,es,strong,85,Batería de estado sólido para UAV FC-BT1,4,true,false,true,true,true,4423,8,0.181,1,5,description 未命中关键词,Batería de estado sólido para UAV FC-BT1 | N-TET Drone Accessories,"FC-BT1 es una serie de baterías de litio de estado sólido de 280Wh/kg, 4.2V 10C y capacidades de 16Ah-30Ah para UAV industriales de inspección, mapeo, VTOL y multirrotor, robots y embarcaciones no tripuladas.",Batería de estado sólido para UAV FC-BT1 | drone accessories | UAV components | industrial UAV parts,Batería de estado sólido para UAV FC-BT1,Batería de estado sólido para UAV FC-BT1 Technical Specifications | Solicitar solución y cotización | Resumen | Especificaciones técnicas | Solicitar solución y cotización,.next/server/app/es/accessories/fc-bt1.html
/es/accessories/fc-bt2,es,strong,85,Batería de estado sólido para UAV FC-BT2,4,true,false,true,true,true,3869,8,0.207,1,5,description 未命中关键词,Batería de estado sólido para UAV FC-BT2 | N-TET Drone Accessories,"FC-BT2 es una serie mejorada basada en FC-BT1, con densidad energética de 310Wh/kg, mayor resistencia al viento y seguridad de aterrizaje para UAV industriales de inspección, mapeo, VTOL y multirrotor.",Batería de estado sólido para UAV FC-BT2 | drone accessories | UAV components | industrial UAV parts,Batería de estado sólido para UAV FC-BT2,Batería de estado sólido para UAV FC-BT2 Technical Specifications | Solicitar solución y cotización | Resumen | Especificaciones técnicas | Solicitar solución y cotización,.next/server/app/es/accessories/fc-bt2.html
/es/accessories/fc-bt3,es,strong,85,Batería de estado sólido de alto voltaje para UAV FC-BT3,4,true,false,true,true,true,4012,8,0.199,1,5,description 未命中关键词,Batería de estado sólido de alto voltaje para UAV FC-BT3 | N-TET Drone Accessories,"FC-BT3 es una serie de baterías de estado sólido de alto voltaje 4.35V, con mayor tasa de descarga y menor caída de tensión para VTOL de gran carga y aeronaves con alta diferencia de demanda entre despegue vertical y crucero.",Batería de estado sólido de alto voltaje para UAV FC-BT3 | drone accessories | UAV components | industrial UAV parts,Batería de estado sólido de alto voltaje para UAV FC-BT3,Batería de estado sólido de alto voltaje para UAV FC-BT3 Technical Specifications | Solicitar solución y cotización | Resumen | Especificaciones técnicas | Solicitar solución y cotización,.next/server/app/es/accessories/fc-bt3.html
/es/accessories/fc-bt4,es,strong,85,Batería de estado sólido de alta energía para UAV FC-BT4,4,true,false,true,true,true,5988,8,0.134,1,5,description 未命中关键词,Batería de estado sólido de alta energía para UAV FC-BT4 | N-TET Drone Accessories,"FC-BT4 es una serie de baterías de estado sólido de 340Wh/kg que combina baja caída de tensión, alta seguridad, larga vida útil y buena relación costo-rendimiento para UAV de reconocimiento, solar, mapeo, seguridad y larga autonomía.",Batería de estado sólido de alta energía para UAV FC-BT4 | drone accessories | UAV components | industrial UAV parts,Batería de estado sólido de alta energía para UAV FC-BT4,Batería de estado sólido de alta energía para UAV FC-BT4 Technical Specifications | Solicitar solución y cotización | Resumen | Especificaciones técnicas | Solicitar solución y cotización,.next/server/app/es/accessories/fc-bt4.html
/es/accessories/fc-btg,es,strong,85,Batería de estado sólido para formación UAV FC-BTG,4,true,false,true,true,true,3062,8,0.261,1,5,description 未命中关键词,Batería de estado sólido para formación UAV FC-BTG | N-TET Drone Accessories,"FC-BTG es una serie rentable de baterías de estado sólido para formación, logística y operaciones eléctricas, con configuraciones FC-BTG-TG1 y FC-BTG-TG3, salida estable, larga autonomía y adaptación a prácticas de enseñanza.",Batería de estado sólido para formación UAV FC-BTG | drone accessories | UAV components | industrial UAV parts,Batería de estado sólido para formación UAV FC-BTG,Batería de estado sólido para formación UAV FC-BTG Technical Specifications | Solicitar solución y cotización | Resumen | Especificaciones técnicas | Solicitar solución y cotización,.next/server/app/es/accessories/fc-btg.html
/es/accessories/fc-c2d-propeller,es,strong,85,Hélice UAV FC-C2D,4,true,false,true,true,true,1821,6,0.329,1,5,description 未命中关键词,Hélice UAV FC-C2D | N-TET Drone Accessories,Rango de dimensiones: 11~42 pulgadas; empuje máximo: 12.42kgf (7000RPM); eficiencia máxima de hélice: 11.08gf/W (2821RPM).,Hélice UAV FC-C2D | drone accessories | UAV components | industrial UAV parts,Hélice UAV FC-C2D,Hélice UAV FC-C2D Technical Specifications | Solicitar solución y cotización | Resumen | Especificaciones técnicas | Solicitar solución y cotización,.next/server/app/es/accessories/fc-c2d-propeller.html
/es/accessories/fc-c2e-propeller,es,strong,85,Hélice UAV FC-C2E,4,true,false,true,true,true,1775,6,0.338,1,5,description 未命中关键词,Hélice UAV FC-C2E | N-TET Drone Accessories,Rango de dimensiones: 8~32 pulgadas; empuje máximo: 10.84kgf (6261RPM); eficiencia máxima de hélice: 10.83gf/W (3442RPM).,Hélice UAV FC-C2E | drone accessories | UAV components | industrial UAV parts,Hélice UAV FC-C2E,Hélice UAV FC-C2E Technical Specifications | Solicitar solución y cotización | Resumen | Especificaciones técnicas | Solicitar solución y cotización,.next/server/app/es/accessories/fc-c2e-propeller.html
/es/accessories/fc-c2t-propeller,es,strong,85,Hélice UAV FC-C2T,4,true,false,true,true,true,1805,6,0.332,1,5,description 未命中关键词,Hélice UAV FC-C2T | N-TET Drone Accessories,Rango de dimensiones: 14~46 pulgadas; empuje máximo: 24.99kgf (7850RPM); eficiencia máxima de hélice: 8.49gf/W (3036RPM).,Hélice UAV FC-C2T | drone accessories | UAV components | industrial UAV parts,Hélice UAV FC-C2T,Hélice UAV FC-C2T Technical Specifications | Solicitar solución y cotización | Resumen | Especificaciones técnicas | Solicitar solución y cotización,.next/server/app/es/accessories/fc-c2t-propeller.html
/es/accessories/fc-c2u-propeller,es,strong,85,Hélice UAV FC-C2U,4,true,false,true,true,true,1785,6,0.336,1,5,description 未命中关键词,Hélice UAV FC-C2U | N-TET Drone Accessories,Rango de dimensiones: 16~47 pulgadas; empuje máximo: 38.70kgf (7279RPM); eficiencia máxima de hélice: 12.63gf/W (2309RPM).,Hélice UAV FC-C2U | drone accessories | UAV components | industrial UAV parts,Hélice UAV FC-C2U,Hélice UAV FC-C2U Technical Specifications | Solicitar solución y cotización | Resumen | Especificaciones técnicas | Solicitar solución y cotización,.next/server/app/es/accessories/fc-c2u-propeller.html
/es/accessories/fc-c2ud-propeller,es,strong,85,Hélice UAV FC-C2UD,4,true,false,true,true,true,1859,6,0.323,1,5,description 未命中关键词,Hélice UAV FC-C2UD | N-TET Drone Accessories,Rango de dimensiones: 18~40 pulgadas; empuje máximo: 37.65kgf (7838RPM); eficiencia máxima de hélice: 6.64gf/W (3720RPM).,Hélice UAV FC-C2UD | drone accessories | UAV components | industrial UAV parts,Hélice UAV FC-C2UD,Hélice UAV FC-C2UD Technical Specifications | Solicitar solución y cotización | Resumen | Especificaciones técnicas | Solicitar solución y cotización,.next/server/app/es/accessories/fc-c2ud-propeller.html
/es/accessories/fc-fdj-111,es,strong,100,Motor UAV FC-FDJ-111,4,true,true,true,true,true,1567,8,0.511,1,5,,Motor UAV FC-FDJ-111 | N-TET Drone Accessories,"Motor UAV FC-FDJ-111 con cilindrada 111.2cm3, potencia/rendimiento 11.2HP/7500rpm, empuje estático 25.5kg/altitud 100m.",Motor UAV FC-FDJ-111 | drone accessories | UAV components | industrial UAV parts,Motor UAV FC-FDJ-111,Motor UAV FC-FDJ-111 Technical Specifications | Solicitar solución y cotización | Resumen | Especificaciones técnicas | Solicitar solución y cotización,.next/server/app/es/accessories/fc-fdj-111.html
/es/accessories/fc-fdj-120,es,strong,100,Motor UAV FC-FDJ-120,4,true,true,true,true,true,1547,8,0.517,1,5,,Motor UAV FC-FDJ-120 | N-TET Drone Accessories,"Motor UAV FC-FDJ-120 con cilindrada 120cm3, potencia/rendimiento 12HP/7500rpm, empuje estático 26.5kg/altitud 100m.",Motor UAV FC-FDJ-120 | drone accessories | UAV components | industrial UAV parts,Motor UAV FC-FDJ-120,Motor UAV FC-FDJ-120 Technical Specifications | Solicitar solución y cotización | Resumen | Especificaciones técnicas | Solicitar solución y cotización,.next/server/app/es/accessories/fc-fdj-120.html
/es/accessories/fc-fdj-120hd,es,strong,100,Motor UAV FC-FDJ-120HD,4,true,true,true,true,true,1541,8,0.519,1,5,,Motor UAV FC-FDJ-120HD | N-TET Drone Accessories,"Motor UAV FC-FDJ-120HD con cilindrada 120cm3, potencia/rendimiento 7.35KW(0altitud)/8000rpm.",Motor UAV FC-FDJ-120HD | drone accessories | UAV components | industrial UAV parts,Motor UAV FC-FDJ-120HD,Motor UAV FC-FDJ-120HD Technical Specifications | Solicitar solución y cotización | Resumen | Especificaciones técnicas | Solicitar solución y cotización,.next/server/app/es/accessories/fc-fdj-120hd.html
/es/accessories/fc-fdj-170,es,strong,100,Motor UAV FC-FDJ-170,4,true,true,true,true,true,1537,8,0.520,1,5,,Motor UAV FC-FDJ-170 | N-TET Drone Accessories,"Motor UAV FC-FDJ-170 con cilindrada 170cm3, potencia/rendimiento 17.5HP/7500rpm, empuje estático 35kg/altitud 100m.",Motor UAV FC-FDJ-170 | drone accessories | UAV components | industrial UAV parts,Motor UAV FC-FDJ-170,Motor UAV FC-FDJ-170 Technical Specifications | Solicitar solución y cotización | Resumen | Especificaciones técnicas | Solicitar solución y cotización,.next/server/app/es/accessories/fc-fdj-170.html
/es/accessories/fc-fdj-200,es,strong,100,Motor UAV FC-FDJ-200,4,true,true,true,true,true,1545,8,0.518,1,5,,Motor UAV FC-FDJ-200 | N-TET Drone Accessories,"Motor UAV FC-FDJ-200 con cilindrada 200CC, potencia/rendimiento 20HP/7500rpm.",Motor UAV FC-FDJ-200 | drone accessories | UAV components | industrial UAV parts,Motor UAV FC-FDJ-200,Motor UAV FC-FDJ-200 Technical Specifications | Solicitar solución y cotización | Resumen | Especificaciones técnicas | Solicitar solución y cotización,.next/server/app/es/accessories/fc-fdj-200.html
/es/accessories/fc-fdj-222,es,strong,100,Motor UAV FC-FDJ-222,4,true,true,true,true,true,1551,8,0.516,1,5,,Motor UAV FC-FDJ-222 | N-TET Drone Accessories,"Motor UAV FC-FDJ-222 con cilindrada 222.5cm3, potencia/rendimiento 21.5HP/7500rpm, empuje estático 51kg/altitud 100m.",Motor UAV FC-FDJ-222 | drone accessories | UAV components | industrial UAV parts,Motor UAV FC-FDJ-222,Motor UAV FC-FDJ-222 Technical Specifications | Solicitar solución y cotización | Resumen | Especificaciones técnicas | Solicitar solución y cotización,.next/server/app/es/accessories/fc-fdj-222.html
/es/accessories/fc-fdj-430,es,strong,100,Motor UAV FC-FDJ-430,4,true,true,true,true,true,1717,8,0.466,1,5,,Motor UAV FC-FDJ-430 | N-TET Drone Accessories,"Motor UAV FC-FDJ-430 con cilindrada 430.8cc, potencia/rendimiento 42HP at 6800 RPM, empuje estático 110kg.",Motor UAV FC-FDJ-430 | drone accessories | UAV components | industrial UAV parts,Motor UAV FC-FDJ-430,Motor UAV FC-FDJ-430 Technical Specifications | Solicitar solución y cotización | Resumen | Especificaciones técnicas | Solicitar solución y cotización,.next/server/app/es/accessories/fc-fdj-430.html
/es/accessories/fc-fdj-55,es,strong,100,Motor UAV FC-FDJ-55,4,true,true,true,true,true,1571,8,0.509,1,5,,Motor UAV FC-FDJ-55 | N-TET Drone Accessories,"Motor UAV FC-FDJ-55 con cilindrada 55.6cm3, potencia/rendimiento 5.5HP/8500rpm, empuje estático 14.5kg/altitud 100m.",Motor UAV FC-FDJ-55 | drone accessories | UAV components | industrial UAV parts,Motor UAV FC-FDJ-55,Motor UAV FC-FDJ-55 Technical Specifications | Solicitar solución y cotización | Resumen | Especificaciones técnicas | Solicitar solución y cotización,.next/server/app/es/accessories/fc-fdj-55.html
/es/accessories/fc-fdj-60,es,strong,100,Motor UAV FC-FDJ-60,4,true,true,true,true,true,1547,8,0.517,1,5,,Motor UAV FC-FDJ-60 | N-TET Drone Accessories,"Motor UAV FC-FDJ-60 con cilindrada 61cm3, potencia/rendimiento 7HP/8500rpm, empuje estático 15.2kg/altitud 100m.",Motor UAV FC-FDJ-60 | drone accessories | UAV components | industrial UAV parts,Motor UAV FC-FDJ-60,Motor UAV FC-FDJ-60 Technical Specifications | Solicitar solución y cotización | Resumen | Especificaciones técnicas | Solicitar solución y cotización,.next/server/app/es/accessories/fc-fdj-60.html
/es/accessories/fc-fdj-61,es,strong,100,Motor UAV FC-FDJ-61,4,true,true,true,true,true,1545,8,0.518,1,5,,Motor UAV FC-FDJ-61 | N-TET Drone Accessories,"Motor UAV FC-FDJ-61 con cilindrada 60cm3, potencia/rendimiento 6HP/7500rpm, empuje estático 15kg/altitud 100m.",Motor UAV FC-FDJ-61 | drone accessories | UAV components | industrial UAV parts,Motor UAV FC-FDJ-61,Motor UAV FC-FDJ-61 Technical Specifications | Solicitar solución y cotización | Resumen | Especificaciones técnicas | Solicitar solución y cotización,.next/server/app/es/accessories/fc-fdj-61.html
/es/accessories/fc-fdj-70hd,es,strong,100,Motor UAV FC-FDJ-70HD,4,true,true,true,true,true,1543,8,0.518,1,5,,Motor UAV FC-FDJ-70HD | N-TET Drone Accessories,"Motor UAV FC-FDJ-70HD con cilindrada 70cm3, potencia/rendimiento 4.2KW(0altitud)/8300rpm.",Motor UAV FC-FDJ-70HD | drone accessories | UAV components | industrial UAV parts,Motor UAV FC-FDJ-70HD,Motor UAV FC-FDJ-70HD Technical Specifications | Solicitar solución y cotización | Resumen | Especificaciones técnicas | Solicitar solución y cotización,.next/server/app/es/accessories/fc-fdj-70hd.html
/es/accessories/fc-fdj-85,es,strong,100,Motor UAV FC-FDJ-85,4,true,true,true,true,true,1545,8,0.518,1,5,,Motor UAV FC-FDJ-85 | N-TET Drone Accessories,"Motor UAV FC-FDJ-85 con cilindrada 85cm3, potencia/rendimiento 8.5HP/9000rpm, empuje estático 21kg/altitud 100m.",Motor UAV FC-FDJ-85 | drone accessories | UAV components | industrial UAV parts,Motor UAV FC-FDJ-85,Motor UAV FC-FDJ-85 Technical Specifications | Solicitar solución y cotización | Resumen | Especificaciones técnicas | Solicitar solución y cotización,.next/server/app/es/accessories/fc-fdj-85.html
/es/accessories/fc-l10tr-three-light-gimbal,es,strong,100,FC-L10TR gimbal electro-optico,4,true,true,true,true,true,2175,7,0.322,1,5,,FC-L10TR gimbal electro-optico | N-TET Drone Accessories,"FC-L10TR gimbal electro-optico: zoom optico continuo 10x + imagen termica + telemetria laser de 905nm; telemetria laser de 5m-1500m, peso <=800g.",FC-L10TR gimbal electro-optico | drone accessories | UAV components | industrial UAV parts,FC-L10TR gimbal electro-optico,FC-L10TR gimbal electro-optico Technical Specifications | Solicitar solución y cotización | Resumen | Especificaciones técnicas | Solicitar solución y cotización,.next/server/app/es/accessories/fc-l10tr-three-light-gimbal.html
/es/accessories/fc-l40-smart-optical-pod,es,strong,100,FC-L40 gimbal electro-optico,4,true,true,true,true,true,1963,7,0.357,1,5,,FC-L40 gimbal electro-optico | N-TET Drone Accessories,"FC-L40 gimbal electro-optico: zoom optico de luz visible 40x; peso <=1kg, dimensiones <=Phi115mm x 175mm.",FC-L40 gimbal electro-optico | drone accessories | UAV components | industrial UAV parts,FC-L40 gimbal electro-optico,FC-L40 gimbal electro-optico Technical Specifications | Solicitar solución y cotización | Resumen | Especificaciones técnicas | Solicitar solución y cotización,.next/server/app/es/accessories/fc-l40-smart-optical-pod.html
/es/accessories/fc-l40t-dual-light-gimbal,es,strong,100,FC-L40T gimbal electro-optico,4,true,true,true,true,true,2103,7,0.333,1,5,,FC-L40T gimbal electro-optico | N-TET Drone Accessories,"FC-L40T gimbal electro-optico: luz visible 1920x1080, rango de zoom 40x de 4.25-170mm; imagen termica 640x512, peso <=1.1kg.",FC-L40T gimbal electro-optico | drone accessories | UAV components | industrial UAV parts,FC-L40T gimbal electro-optico,FC-L40T gimbal electro-optico Technical Specifications | Solicitar solución y cotización | Resumen | Especificaciones técnicas | Solicitar solución y cotización,.next/server/app/es/accessories/fc-l40t-dual-light-gimbal.html
/es/accessories/fc-l40tr-smart-optical-pod,es,strong,100,FC-L40TR gimbal electro-optico,4,true,true,true,true,true,2169,7,0.323,1,5,,FC-L40TR gimbal electro-optico | N-TET Drone Accessories,"FC-L40TR gimbal electro-optico: luz visible 40x + imagen termica 640x512 + telemetria laser de 1535nm; telemetria laser de 20m-3000m, peso <=1.3kg.",FC-L40TR gimbal electro-optico | drone accessories | UAV components | industrial UAV parts,FC-L40TR gimbal electro-optico,FC-L40TR gimbal electro-optico Technical Specifications | Solicitar solución y cotización | Resumen | Especificaciones técnicas | Solicitar solución y cotización,.next/server/app/es/accessories/fc-l40tr-smart-optical-pod.html
/es/accessories/fc-l50-smart-optical-pod,es,strong,100,FC-L50 gimbal electro-optico,4,true,true,true,true,true,1991,7,0.352,1,5,,FC-L50 gimbal electro-optico | N-TET Drone Accessories,"FC-L50 gimbal electro-optico: modulo infrarrojo no refrigerado de 1280 x 1024; distancia focal termica de 50mm, peso <=1.5kg.",FC-L50 gimbal electro-optico | drone accessories | UAV components | industrial UAV parts,FC-L50 gimbal electro-optico,FC-L50 gimbal electro-optico Technical Specifications | Solicitar solución y cotización | Resumen | Especificaciones técnicas | Solicitar solución y cotización,.next/server/app/es/accessories/fc-l50-smart-optical-pod.html
/es/accessories/fc-ln100-dual-light-gimbal,es,strong,100,FC-LN100 gimbal electro-optico,4,true,true,true,true,true,2087,7,0.335,1,5,,FC-LN100 gimbal electro-optico | N-TET Drone Accessories,"FC-LN100 gimbal electro-optico: luz visible 4K de foco fijo + imagen termica 640x512; peso <=260g, consumo medio 10w.",FC-LN100 gimbal electro-optico | drone accessories | UAV components | industrial UAV parts,FC-LN100 gimbal electro-optico,FC-LN100 gimbal electro-optico Technical Specifications | Solicitar solución y cotización | Resumen | Especificaciones técnicas | Solicitar solución y cotización,.next/server/app/es/accessories/fc-ln100-dual-light-gimbal.html
/es/accessories/fc-ln95-dual-light-gimbal,es,strong,100,FC-LN95 gimbal electro-optico,4,true,true,true,true,true,2207,7,0.317,1,5,,FC-LN95 gimbal electro-optico | N-TET Drone Accessories,"FC-LN95 gimbal electro-optico: camaras duales de luz visible de foco fijo, resolucion 3840x2160; peso <=260g, dimensiones <=Phi64mm x 90mm.",FC-LN95 gimbal electro-optico | drone accessories | UAV components | industrial UAV parts,FC-LN95 gimbal electro-optico,FC-LN95 gimbal electro-optico Technical Specifications | Solicitar solución y cotización | Resumen | Especificaciones técnicas | Solicitar solución y cotización,.next/server/app/es/accessories/fc-ln95-dual-light-gimbal.html
/es/accessories/fc-max-5330,es,strong,100,Motor UAV FC-MAX 5330,4,true,true,true,true,true,5108,8,0.157,1,5,,Motor UAV FC-MAX 5330 | N-TET Drone Accessories,Motor UAV FC-MAX 5330 parámetros clave: Empuje máximo: 11 kg / 11.5 kg; Tensión nominal de trabajo: 12S; Valor KV: 220 KV / 260 KV.,Motor UAV FC-MAX 5330 | drone accessories | UAV components | industrial UAV parts,Motor UAV FC-MAX 5330,Motor UAV FC-MAX 5330 Technical Specifications | Solicitar solución y cotización | Resumen | Especificaciones técnicas | Solicitar solución y cotización,.next/server/app/es/accessories/fc-max-5330.html
/es/accessories/fc-mesh-100,es,strong,85,FC-Mesh-100 enlace de datos UAV,4,true,false,true,true,true,2097,6,0.286,1,5,description 未命中关键词,FC-Mesh-100 enlace de datos UAV | N-TET Drone Accessories,"FC-Mesh-100 es una radio aérea de red autoorganizada para comunicación UAV multinodo, retransmisión y coordinación aire-tierra.",FC-Mesh-100 enlace de datos UAV | drone accessories | UAV components | industrial UAV parts,FC-Mesh-100 enlace de datos UAV,FC-Mesh-100 enlace de datos UAV Technical Specifications | Solicitar solución y cotización | Resumen | Especificaciones técnicas | Solicitar solución y cotización,.next/server/app/es/accessories/fc-mesh-100.html
/es/accessories/fc-mini-l10tr-smart-optical-pod,es,strong,100,FC-MiniL10TR gimbal electro-optico,4,true,true,true,true,true,2143,7,0.327,1,5,,FC-MiniL10TR gimbal electro-optico | N-TET Drone Accessories,"FC-MiniL10TR gimbal electro-optico: luz visible de 48MP con zoom hibrido 10x + infrarrojo + telemetria laser; peso <=400g, dimensiones <=95mm x 97mm x 147mm.",FC-MiniL10TR gimbal electro-optico | drone accessories | UAV components | industrial UAV parts,FC-MiniL10TR gimbal electro-optico,FC-MiniL10TR gimbal electro-optico Technical Specifications | Solicitar solución y cotización | Resumen | Especificaciones técnicas | Solicitar solución y cotización,.next/server/app/es/accessories/fc-mini-l10tr-smart-optical-pod.html
/es/accessories/fc-pab-propeller,es,strong,85,Hélice UAV FC-PAB,4,true,false,true,true,true,1819,6,0.330,1,5,description 未命中关键词,Hélice UAV FC-PAB | N-TET Drone Accessories,Rango de dimensiones: 15.2~36.2 pulgadas; empuje máximo: 26.41kgf (4817RPM); eficiencia máxima de hélice: 17.52gf/W (1476RPM).,Hélice UAV FC-PAB | drone accessories | UAV components | industrial UAV parts,Hélice UAV FC-PAB,Hélice UAV FC-PAB Technical Specifications | Solicitar solución y cotización | Resumen | Especificaciones técnicas | Solicitar solución y cotización,.next/server/app/es/accessories/fc-pab-propeller.html
/es/accessories/fc-pad-propeller,es,strong,85,Hélice UAV FC-PAD,4,true,false,true,true,true,1807,6,0.332,1,5,description 未命中关键词,Hélice UAV FC-PAD | N-TET Drone Accessories,Rango de dimensiones: 18.3~46.3 pulgadas; empuje máximo: 25.10kgf (4663RPM); eficiencia máxima de hélice: 13.99gf/W (1825RPM).,Hélice UAV FC-PAD | drone accessories | UAV components | industrial UAV parts,Hélice UAV FC-PAD,Hélice UAV FC-PAD Technical Specifications | Solicitar solución y cotización | Resumen | Especificaciones técnicas | Solicitar solución y cotización,.next/server/app/es/accessories/fc-pad-propeller.html
/es/accessories/fc-pae-propeller,es,strong,85,Hélice UAV FC-PAE,4,true,false,true,true,true,1801,6,0.333,1,5,description 未命中关键词,Hélice UAV FC-PAE | N-TET Drone Accessories,Rango de dimensiones: 18.3~32.3 pulgadas; empuje máximo: 6.42kgf (6520RPM); eficiencia máxima de hélice: 20.14gf/W (1820RPM).,Hélice UAV FC-PAE | drone accessories | UAV components | industrial UAV parts,Hélice UAV FC-PAE,Hélice UAV FC-PAE Technical Specifications | Solicitar solución y cotización | Resumen | Especificaciones técnicas | Solicitar solución y cotización,.next/server/app/es/accessories/fc-pae-propeller.html
/es/accessories/fc-pbf-propeller,es,strong,85,Hélice UAV FC-PBF,4,true,false,true,true,true,1745,6,0.344,1,5,description 未命中关键词,Hélice UAV FC-PBF | N-TET Drone Accessories,Rango de dimensiones: 16.1~48.1 pulgadas; empuje máximo: 43.52kgf (3373RPM); eficiencia máxima de hélice: 13.97gf/W (1385RPM).,Hélice UAV FC-PBF | drone accessories | UAV components | industrial UAV parts,Hélice UAV FC-PBF,Hélice UAV FC-PBF Technical Specifications | Solicitar solución y cotización | Resumen | Especificaciones técnicas | Solicitar solución y cotización,.next/server/app/es/accessories/fc-pbf-propeller.html
/es/accessories/fc-rm10x,es,strong,100,Motor UAV FC-RM10X,4,true,true,true,true,true,2357,8,0.339,1,5,,Motor UAV FC-RM10X | N-TET Drone Accessories,Motor UAV FC-RM10X parámetros clave: Empuje máximo: 12081g/eje @48Vnivel del mar; Peso de despegue recomendado: 4500-6000g/eje @48Vnivel del mar.,Motor UAV FC-RM10X | drone accessories | UAV components | industrial UAV parts,Motor UAV FC-RM10X,Motor UAV FC-RM10X Technical Specifications | Solicitar solución y cotización | Resumen | Especificaciones técnicas | Solicitar solución y cotización,.next/server/app/es/accessories/fc-rm10x.html
/es/accessories/fc-rm30,es,strong,100,Motor UAV FC-RM30,4,true,true,true,true,true,5807,8,0.138,1,5,,Motor UAV FC-RM30 | N-TET Drone Accessories,Motor UAV FC-RM30 parámetros clave: Empuje máximo: 74.7 kg / 69.6 kg; Tensión nominal de trabajo: 96S / 24S; Valor KV: 10 KV / 43 KV.,Motor UAV FC-RM30 | drone accessories | UAV components | industrial UAV parts,Motor UAV FC-RM30,Motor UAV FC-RM30 Technical Specifications | Solicitar solución y cotización | Resumen | Especificaciones técnicas | Solicitar solución y cotización,.next/server/app/es/accessories/fc-rm30.html
/es/accessories/fc-sjl-100,es,strong,85,FC-SJL-100 enlace de datos UAV,4,true,false,true,true,true,1967,6,0.305,1,5,description 未命中关键词,FC-SJL-100 enlace de datos UAV | N-TET Drone Accessories,FC-SJL-100 ofrece transmisión aire-tierra de video y datos a 100 km+ con interfaz J30J para UAV y plataformas robóticas.,FC-SJL-100 enlace de datos UAV | drone accessories | UAV components | industrial UAV parts,FC-SJL-100 enlace de datos UAV,FC-SJL-100 enlace de datos UAV Technical Specifications | Solicitar solución y cotización | Resumen | Especificaciones técnicas | Solicitar solución y cotización,.next/server/app/es/accessories/fc-sjl-100.html
/es/accessories/fc-sjl-200,es,strong,85,FC-SJL-200 enlace de datos UAV,4,true,false,true,true,true,1977,6,0.303,1,5,description 未命中关键词,FC-SJL-200 enlace de datos UAV | N-TET Drone Accessories,"FC-SJL-200 es una radio UAV de video y datos de alcance ultralargo, compatible con transmisión a 200 km+ para video, telemetría y control.",FC-SJL-200 enlace de datos UAV | drone accessories | UAV components | industrial UAV parts,FC-SJL-200 enlace de datos UAV,FC-SJL-200 enlace de datos UAV Technical Specifications | Solicitar solución y cotización | Resumen | Especificaciones técnicas | Solicitar solución y cotización,.next/server/app/es/accessories/fc-sjl-200.html
/es/accessories/fc-sjl-30,es,strong,85,FC-SJL-30 enlace de datos UAV,4,true,false,true,true,true,2041,6,0.294,1,5,description 未命中关键词,FC-SJL-30 enlace de datos UAV | N-TET Drone Accessories,"FC-SJL-30 es una radio compacta de video y datos para UAV, diseñada para enlaces aire-tierra de video HD, audio, telemetría y control a 30 km+.",FC-SJL-30 enlace de datos UAV | drone accessories | UAV components | industrial UAV parts,FC-SJL-30 enlace de datos UAV,FC-SJL-30 enlace de datos UAV Technical Specifications | Solicitar solución y cotización | Resumen | Especificaciones técnicas | Solicitar solución y cotización,.next/server/app/es/accessories/fc-sjl-30.html
/es/accessories/fc-sjl-380,es,strong,85,FC-SJL-380 enlace de datos UAV,4,true,false,true,true,true,1975,6,0.304,1,5,description 未命中关键词,FC-SJL-380 enlace de datos UAV | N-TET Drone Accessories,FC-SJL-380 admite transmisión UAV de video y datos a 380 km+ para redes distribuidas y enlaces de control aire-tierra.,FC-SJL-380 enlace de datos UAV | drone accessories | UAV components | industrial UAV parts,FC-SJL-380 enlace de datos UAV,FC-SJL-380 enlace de datos UAV Technical Specifications | Solicitar solución y cotización | Resumen | Especificaciones técnicas | Solicitar solución y cotización,.next/server/app/es/accessories/fc-sjl-380.html
/es/accessories/fc-sjl-50,es,strong,85,FC-SJL-50 enlace de datos UAV,4,true,false,true,true,true,2009,6,0.299,1,5,description 未命中关键词,FC-SJL-50 enlace de datos UAV | N-TET Drone Accessories,"FC-SJL-50 es una radio ligera de video y datos para UAV, orientada a enlaces de video HD, telemetría y control a 50 km+.",FC-SJL-50 enlace de datos UAV | drone accessories | UAV components | industrial UAV parts,FC-SJL-50 enlace de datos UAV,FC-SJL-50 enlace de datos UAV Technical Specifications | Solicitar solución y cotización | Resumen | Especificaciones técnicas | Solicitar solución y cotización,.next/server/app/es/accessories/fc-sjl-50.html
/es/accessories/fc-u10-pro,es,strong,85,Controlador de vuelo FC-U10-PRO,4,true,false,true,true,true,1630,6,0.368,1,5,description 未命中关键词,Controlador de vuelo FC-U10-PRO | N-TET Drone Accessories,"El FC-U10-PRO integra RTK de alta precisión, admite alimentación de 16V-120V, plataformas de hasta 16 rotores y respaldo UPS para UAV de gran carga.",Controlador de vuelo FC-U10-PRO | drone accessories | UAV components | industrial UAV parts,Controlador de vuelo FC-U10-PRO,Controlador de vuelo FC-U10-PRO Technical Specifications | Solicitar solución y cotización | Resumen | Especificaciones técnicas | Solicitar solución y cotización,.next/server/app/es/accessories/fc-u10-pro.html
/es/accessories/fc-u110,es,strong,100,Motor UAV FC-U110,4,true,true,true,true,true,5511,8,0.145,1,5,,Motor UAV FC-U110 | N-TET Drone Accessories,Motor UAV FC-U110 parámetros clave: Empuje máximo: 45.5 kg; Tensión nominal de trabajo: 12-14S; Valor KV: 140 KV.,Motor UAV FC-U110 | drone accessories | UAV components | industrial UAV parts,Motor UAV FC-U110,Motor UAV FC-U110 Technical Specifications | Solicitar solución y cotización | Resumen | Especificaciones técnicas | Solicitar solución y cotización,.next/server/app/es/accessories/fc-u110.html
/es/accessories/fc-u12,es,strong,85,Controlador de vuelo FC-U12,4,true,false,true,true,true,1586,6,0.378,1,5,description 未命中关键词,Controlador de vuelo FC-U12 | N-TET Drone Accessories,El FC-U12 es un controlador de vuelo compacto y fácil de usar para plataformas UAV pequeñas y medianas con diseño ajustado y canales externos ampliables.,Controlador de vuelo FC-U12 | drone accessories | UAV components | industrial UAV parts,Controlador de vuelo FC-U12,Controlador de vuelo FC-U12 Technical Specifications | Solicitar solución y cotización | Resumen | Especificaciones técnicas | Solicitar solución y cotización,.next/server/app/es/accessories/fc-u12.html
/es/accessories/fc-u8013,es,strong,100,Motor UAV FC-U8013,4,true,true,true,true,true,2050,8,0.390,1,5,,Motor UAV FC-U8013 | N-TET Drone Accessories,Motor UAV FC-U8013 parámetros clave: Empuje máximo: 14.5 kg / 15 kg / 16.3 kg; Tensión nominal de trabajo: 12S; Valor KV: 135KV / 150KV / 170KV.,Motor UAV FC-U8013 | drone accessories | UAV components | industrial UAV parts,Motor UAV FC-U8013,Motor UAV FC-U8013 Technical Specifications | Solicitar solución y cotización | Resumen | Especificaciones técnicas | Solicitar solución y cotización,.next/server/app/es/accessories/fc-u8013.html
/es/accessories/fc-u9-ag,es,strong,85,Controlador de vuelo agrícola FC-U9-AG,4,true,false,true,true,true,1687,6,0.356,1,5,description 未命中关键词,Controlador de vuelo agrícola FC-U9-AG | N-TET Drone Accessories,"El FC-U9-AG es un sistema profesional de control de vuelo para UAV agrícolas, adecuado para fumigación, esparcido, limpieza y transporte, con interfaces completas y operación sencilla mediante app.",Controlador de vuelo agrícola FC-U9-AG | drone accessories | UAV components | industrial UAV parts,Controlador de vuelo agrícola FC-U9-AG,Controlador de vuelo agrícola FC-U9-AG Technical Specifications | Solicitar solución y cotización | Resumen | Especificaciones técnicas | Solicitar solución y cotización,.next/server/app/es/accessories/fc-u9-ag.html
/es/accessories/fc-w2u-propeller,es,strong,85,Hélice UAV FC-W2U,4,true,false,true,true,true,1677,6,0.358,1,5,description 未命中关键词,Hélice UAV FC-W2U | N-TET Drone Accessories,Rango de dimensiones: 24~40 pulgadas; empuje máximo: 68.92kgf (5353RPM); eficiencia máxima de hélice: 7.11gf/W (2354RPM).,Hélice UAV FC-W2U | drone accessories | UAV components | industrial UAV parts,Hélice UAV FC-W2U,Hélice UAV FC-W2U Technical Specifications | Solicitar solución y cotización | Resumen | Especificaciones técnicas | Solicitar solución y cotización,.next/server/app/es/accessories/fc-w2u-propeller.html
/es/accessories/fc-x8030,es,strong,100,Motor UAV FC-X8030,4,true,true,true,true,true,4653,8,0.172,1,5,,Motor UAV FC-X8030 | N-TET Drone Accessories,Motor UAV FC-X8030 parámetros clave: Empuje máximo: 22.7 kg / 21.5 kg; Tensión nominal de trabajo: 12S; Valor KV: 160 KV / 190 KV.,Motor UAV FC-X8030 | drone accessories | UAV components | industrial UAV parts,Motor UAV FC-X8030,Motor UAV FC-X8030 Technical Specifications | Solicitar solución y cotización | Resumen | Especificaciones técnicas | Solicitar solución y cotización,.next/server/app/es/accessories/fc-x8030.html
/es/accessories/fc-xh14,es,strong,100,Motor UAV FC-XH14,4,true,true,true,true,true,2753,8,0.291,1,5,,Motor UAV FC-XH14 | N-TET Drone Accessories,Motor UAV FC-XH14 parámetros clave: Empuje máximo: 110 kg/eje（92V/108，nivel del mar）; Batería recomendada: 24-28S （Lipo）.,Motor UAV FC-XH14 | drone accessories | UAV components | industrial UAV parts,Motor UAV FC-XH14,Motor UAV FC-XH14 Technical Specifications | Solicitar solución y cotización | Resumen | Especificaciones técnicas | Solicitar solución y cotización,.next/server/app/es/accessories/fc-xh14.html
/es/accessories/fc-yk15-remote-controller,es,strong,85,Control remoto para UAV FC-YK15,4,true,false,true,true,true,1905,6,0.315,1,5,description 未命中关键词,Control remoto para UAV FC-YK15 | N-TET Drone Accessories,"El FC-YK15 es una estación terrestre portátil compacta con transmisión HD de baja latencia tres en uno, integración Android y doble enlace de vídeo 1080P para UAV, vehículos no tripulados, embarcaciones no tripuladas y plataformas robóticas",Control remoto para UAV FC-YK15 | drone accessories | UAV components | industrial UAV parts,Control remoto para UAV FC-YK15,Control remoto para UAV FC-YK15 Technical Specifications | Solicitar solución y cotización | Resumen | Especificaciones técnicas | Solicitar solución y cotización,.next/server/app/es/accessories/fc-yk15-remote-controller.html
/es/accessories/fc-yk24-remote-controller,es,strong,85,Control remoto para UAV FC-YK24,4,true,false,true,true,true,2163,6,0.277,1,5,description 未命中关键词,Control remoto para UAV FC-YK24 | N-TET Drone Accessories,"El FC-YK24 es un control remoto de aeromodelismo de 16 canales con control estable BVR de 15 km, enlace inalámbrico, configuración inalámbrica del receptor, actualización OTA, control de múltiples equipos, retransmisión de control y modo en",Control remoto para UAV FC-YK24 | drone accessories | UAV components | industrial UAV parts,Control remoto para UAV FC-YK24,Control remoto para UAV FC-YK24 Technical Specifications | Solicitar solución y cotización | Resumen | Especificaciones técnicas | Solicitar solución y cotización,.next/server/app/es/accessories/fc-yk24-remote-controller.html
/es/accessories/fc-yk32-remote-controller,es,strong,85,Control remoto para UAV FC-YK32,4,true,false,true,true,true,1917,6,0.313,1,5,description 未命中关键词,Control remoto para UAV FC-YK32 | N-TET Drone Accessories,"El FC-YK32 es una estación terrestre portátil industrial que integra control remoto, transmisión de datos y transmisión inalámbrica HD, con alcance de enlace de 15KM, control doble, retransmisión y visualización de telemetría OSD.",Control remoto para UAV FC-YK32 | drone accessories | UAV components | industrial UAV parts,Control remoto para UAV FC-YK32,Control remoto para UAV FC-YK32 Technical Specifications | Solicitar solución y cotización | Resumen | Especificaciones técnicas | Solicitar solución y cotización,.next/server/app/es/accessories/fc-yk32-remote-controller.html
/es/accessories/fc-ykrc7-remote-controller,es,strong,85,Control remoto para UAV FC-YKRC7,4,true,false,true,true,true,2403,6,0.250,1,5,description 未命中关键词,Control remoto para UAV FC-YKRC7 | N-TET Drone Accessories,"El FC-YKRC7 es una estación terrestre portátil de alto rendimiento con transmisión de vídeo de 40KM, enlace dual inteligente 2.4G/5G y pantalla HD de 7 pulgadas de alto brillo para control de equipos móviles industriales.",Control remoto para UAV FC-YKRC7 | drone accessories | UAV components | industrial UAV parts,Control remoto para UAV FC-YKRC7,Control remoto para UAV FC-YKRC7 Technical Specifications | Solicitar solución y cotización | Resumen | Especificaciones técnicas | Solicitar solución y cotización,.next/server/app/es/accessories/fc-ykrc7-remote-controller.html
/es/cases,es,strong,100,casos UAV,4,true,true,true,true,true,1444,9,0.623,1,3,,Casos UAV de inspección y monitoreo | N-TET,"casos UAV es el tema principal de esta página, con cobertura relacionada para patrullaje UAV, monitoreo de baja altitud, inspección UAV.",casos UAV | patrullaje UAV | monitoreo de baja altitud | inspección UAV,Casos UAV de inspección y monitoreo,Casos UAV por región y escenario | Solicitar solución y cotización | Solicitar solución y cotización,.next/server/app/es/cases.html
/es/cases/anhui-flood-season-uav-patrol,es,strong,100,Anhui Flood-Season emergencia UAV patrullaje,2,true,true,true,true,true,1352,11,0.814,1,6,,Anhui Flood-Season emergencia UAV patrullaje | N-TET,"Anhui Flood-Season emergencia UAV patrullaje de N-TET para inspección, respuesta de emergencia, patrullaje, con integración práctica, registros operativos y soporte de despliegue para equipos técnicos.",Anhui Flood-Season emergencia UAV patrullaje | N-TET,Anhui Flood-Season emergencia UAV patrullaje,Anhui Flood-Season emergencia UAV patrullaje Project Overview | Equipos relacionados | Solicitar solución y cotización | Resumen | Equipos relacionados | Solicitar solución y cotización,.next/server/app/es/cases/anhui-flood-season-uav-patrol.html
/es/cases/brazil-refinery-low-altitude-monitoring,es,strong,100,Espacio aéreo monitoreo Case of a Refinery in Brazil,2,true,true,true,true,true,1400,11,0.786,1,6,,Espacio aéreo monitoreo Case of a Refinery in Brazil | N-TET,"Espacio aéreo monitoreo Case of a Refinery in Brazil de N-TET para monitoreo, respuesta de emergencia, seguridad de sitio, con integración práctica, registros operativos y soporte de despliegue para equipos técnicos.",Espacio aéreo monitoreo Case of a Refinery in Brazil | N-TET,Espacio aéreo monitoreo Case of a Refinery in Brazil,Espacio aéreo monitoreo Case of a Refinery in Brazil Project Overview | Equipos relacionados | Solicitar solución y cotización | Resumen | Equipos relacionados | Solicitar solución y cotización,.next/server/app/es/cases/brazil-refinery-low-altitude-monitoring.html
/es/cases/ice-snow-emergency-uav-inspection,es,strong,100,Ice and Snow Disaster emergencia UAV inspección,2,true,true,true,true,true,1368,11,0.804,1,6,,Ice and Snow Disaster emergencia UAV inspección | N-TET,"Ice and Snow Disaster emergencia UAV inspección de N-TET para inspección, respuesta de emergencia, operaciones UAV, con integración práctica, registros operativos y soporte de despliegue para equipos técnicos.",Ice and Snow Disaster emergencia UAV inspección | N-TET,Ice and Snow Disaster emergencia UAV inspección,Ice and Snow Disaster emergencia UAV inspección Project Overview | Equipos relacionados | Solicitar solución y cotización | Resumen | Equipos relacionados | Solicitar solución y cotización,.next/server/app/es/cases/ice-snow-emergency-uav-inspection.html
/es/cases/lidar-tree-obstruction-uav-inspection,es,strong,100,LiDAR Tree-Obstruction UAV inspección,2,true,true,true,true,true,1341,11,0.820,1,6,,LiDAR Tree-Obstruction UAV inspección | N-TET,"LiDAR Tree-Obstruction UAV inspección de N-TET para inspección, operaciones UAV, con integración práctica, registros operativos y soporte de despliegue para equipos técnicos.",LiDAR Tree-Obstruction UAV inspección | N-TET,LiDAR Tree-Obstruction UAV inspección,LiDAR Tree-Obstruction UAV inspección Project Overview | Equipos relacionados | Solicitar solución y cotización | Resumen | Equipos relacionados | Solicitar solución y cotización,.next/server/app/es/cases/lidar-tree-obstruction-uav-inspection.html
/es/cases/nigeria-factory-low-altitude-monitoring,es,strong,100,Espacio aéreo monitoreo Case of a Group Factory in Nigeria,2,true,true,true,true,true,1405,11,0.783,1,6,,Espacio aéreo monitoreo Case of a Group Factory in Nigeria | N-TET,"Espacio aéreo monitoreo Case of a Group Factory in Nigeria de N-TET para monitoreo, seguridad de sitio, operaciones UAV, con integración práctica, registros operativos y soporte de despliegue para equipos técnicos.",Espacio aéreo monitoreo Case of a Group Factory in Nigeria | N-TET,Espacio aéreo monitoreo Case of a Group Factory in Nigeria,Espacio aéreo monitoreo Case of a Group Factory in Nigeria Project Overview | Equipos relacionados | Solicitar solución y cotización | Resumen | Equipos relacionados | Solicitar solución y cotización,.next/server/app/es/cases/nigeria-factory-low-altitude-monitoring.html
/es/cases/pakistan-power-plant-low-altitude-monitoring,es,strong,100,Espacio aéreo monitoreo Case of a eléctrica Plant in Pakistan,2,true,true,true,true,true,1407,11,0.782,1,6,,Espacio aéreo monitoreo Case of a eléctrica Plant in Pakistan | N-TET,"Espacio aéreo monitoreo Case of a eléctrica Plant in Pakistan de N-TET para monitoreo, seguridad de sitio, operaciones UAV, con integración práctica, registros operativos y soporte de despliegue para equipos técnicos.",Espacio aéreo monitoreo Case of a eléctrica Plant in Pakistan | N-TET,Espacio aéreo monitoreo Case of a eléctrica Plant in Pakistan,Espacio aéreo monitoreo Case of a eléctrica Plant in Pakistan Project Overview | Equipos relacionados | Solicitar solución y cotización | Resumen | Equipos relacionados | Solicitar solución y cotización,.next/server/app/es/cases/pakistan-power-plant-low-altitude-monitoring.html
/es/cases/southern-grid-wildfire-uav-inspection,es,strong,100,Southern red eléctrica Wildfire Prevention UAV inspección,2,true,true,true,true,true,1366,11,0.805,1,6,,Southern red eléctrica Wildfire Prevention UAV inspección | N-TET,"Southern red eléctrica Wildfire Prevention UAV inspección de N-TET para inspección, operaciones UAV, infraestructura eléctrica, con integración práctica, registros operativos y soporte de despliegue para equipos técnicos.",Southern red eléctrica Wildfire Prevention UAV inspección | N-TET,Southern red eléctrica Wildfire Prevention UAV inspección,Southern red eléctrica Wildfire Prevention UAV inspección Project Overview | Equipos relacionados | Solicitar solución y cotización | Resumen | Equipos relacionados | Solicitar solución y cotización,.next/server/app/es/cases/southern-grid-wildfire-uav-inspection.html
/es/cases/wildfire-emergency-transmission-line-uav-patrol,es,strong,100,Wildfire emergencia Transmission-línea UAV patrullaje,2,true,true,true,true,true,1352,11,0.814,1,6,,Wildfire emergencia Transmission-línea UAV patrullaje | N-TET,"Wildfire emergencia Transmission-línea UAV patrullaje de N-TET para inspección, respuesta de emergencia, patrullaje, con integración práctica, registros operativos y soporte de despliegue para equipos técnicos.",Wildfire emergencia Transmission-línea UAV patrullaje | N-TET,Wildfire emergencia Transmission-línea UAV patrullaje,Wildfire emergencia Transmission-línea UAV patrullaje Project Overview | Equipos relacionados | Solicitar solución y cotización | Resumen | Equipos relacionados | Solicitar solución y cotización,.next/server/app/es/cases/wildfire-emergency-transmission-line-uav-patrol.html
/es/cases/zhaoqing-long-distance-power-line-uav-inspection,es,strong,100,Zhaoqing Long-Distance eléctrica-línea UAV inspección,2,true,true,true,true,true,1352,11,0.814,1,6,,Zhaoqing Long-Distance eléctrica-línea UAV inspección | N-TET,"Zhaoqing Long-Distance eléctrica-línea UAV inspección de N-TET para inspección, operaciones UAV, infraestructura eléctrica, con integración práctica, registros operativos y soporte de despliegue para equipos técnicos.",Zhaoqing Long-Distance eléctrica-línea UAV inspección | N-TET,Zhaoqing Long-Distance eléctrica-línea UAV inspección,Zhaoqing Long-Distance eléctrica-línea UAV inspección Project Overview | Equipos relacionados | Solicitar solución y cotización | Resumen | Equipos relacionados | Solicitar solución y cotización,.next/server/app/es/cases/zhaoqing-long-distance-power-line-uav-inspection.html
/es/contact,es,strong,100,cotización UAV industrial,4,true,true,true,true,true,1358,6,0.442,1,3,,Cotización UAV industrial | N-TET,"Use esta página para solicitar una cotización UAV industrial, comparar opciones de proveedor UAV y planificar una solución de inspección con drones o monitoreo de baja altitud.",cotización UAV industrial | proveedor UAV | solución de inspección con drones | monitoreo de baja altitud,Cotización UAV industrial,Cotización UAV industrial y consulta de proyecto | Solicitar solución y cotización | Solicitar solución y cotización,.next/server/app/es/contact.html
/es/media,es,strong,100,noticias UAV industriales,4,true,true,true,true,true,1430,11,0.769,1,4,,Noticias UAV industriales | N-TET,"noticias UAV industriales es el tema principal de esta página, con cobertura relacionada para economía de baja altitud, UAV cautivo, monitoreo de infraestructura.",noticias UAV industriales | economía de baja altitud | UAV cautivo | monitoreo de infraestructura,Noticias UAV industriales,Noticias UAV industriales y economía de baja altitud | Último | Solicitar solución y cotización | Solicitar solución y cotización,.next/server/app/es/media.html
/es/media/border-surveillance-uav-network-2026,es,strong,85,UAV and EO/IR Networks Improve remoto patrullaje Visibility,2,true,true,true,false,true,1554,14,0.901,1,4,H2 未命中关键词,UAV and EO/IR Networks Improve remoto patrullaje Visibility | N-TET,"UAV and EO/IR Networks Improve remoto patrullaje Visibility analiza tendencias y prácticas para operaciones UAV industriales, monitoreo de baja altitud e infraestructura. Contexto operativo El enfoque de N-TET prioriza despliegues verificab",UAV and EO/IR Networks Improve remoto patrullaje Visibility | N-TET,UAV and EO/IR Networks Improve remoto patrullaje Visibility,Revision editorial y senales de proyecto | Solicitar solución y cotización | Revision editorial y senales de proyecto | Solicitar solución y cotización,.next/server/app/es/media/border-surveillance-uav-network-2026.html
/es/media/industrial-uav-redundancy-2026,es,strong,85,Dual-Redundant vuelo Control: How industrial UAV Achieve Mission-Grade Reliability,2,true,true,true,false,true,1554,14,0.901,1,4,H2 未命中关键词,Dual-Redundant vuelo Control: How industrial UAV Achieve Mission-Grade Reliability | N-TET,"Dual-Redundant vuelo Control: How industrial UAV Achieve Mission-Grade Reliability analiza tendencias y prácticas para operaciones UAV industriales, monitoreo de baja altitud e infraestructura. Contexto operativo El enfoque de N-TET prioriz",Dual-Redundant vuelo Control: How industrial UAV Achieve Mission-Grade Reliability | N-TET,Dual-Redundant vuelo Control: How industrial UAV Achieve Mission-Grade Reliability,Revision editorial y senales de proyecto | Solicitar solución y cotización | Revision editorial y senales de proyecto | Solicitar solución y cotización,.next/server/app/es/media/industrial-uav-redundancy-2026.html
/es/media/low-altitude-economy-2026-outlook,es,strong,85,China's baja altitud Economy: 2026 Outlook on a Two-Trillion-RMB Trajectory,2,true,true,true,false,true,1562,14,0.896,1,4,H2 未命中关键词,China's baja altitud Economy: 2026 Outlook on a Two-Trillion-RMB Trajectory | N-TET,"China's baja altitud Economy: 2026 Outlook on a Two-Trillion-RMB Trajectory analiza tendencias y prácticas para operaciones UAV industriales, monitoreo de baja altitud e infraestructura. Contexto operativo El enfoque de N-TET prioriza despl",China's baja altitud Economy: 2026 Outlook on a Two-Trillion-RMB Trajectory | N-TET,China's baja altitud Economy: 2026 Outlook on a Two-Trillion-RMB Trajectory,Revision editorial y senales de proyecto | Solicitar solución y cotización | Revision editorial y senales de proyecto | Solicitar solución y cotización,.next/server/app/es/media/low-altitude-economy-2026-outlook.html
/es/media/tethered-uav-persistent-surveillance-2026,es,strong,85,Cautivo UAV: Continuous Aerial monitoreo for Events and remoto Sites,2,true,true,true,false,true,1562,14,0.896,1,4,H2 未命中关键词,Cautivo UAV: Continuous Aerial monitoreo for Events and remoto Sites | N-TET,"Cautivo UAV: Continuous Aerial monitoreo for Events and remoto Sites analiza tendencias y prácticas para operaciones UAV industriales, monitoreo de baja altitud e infraestructura. Contexto operativo El enfoque de N-TET prioriza despliegues",Cautivo UAV: Continuous Aerial monitoreo for Events and remoto Sites | N-TET,Cautivo UAV: Continuous Aerial monitoreo for Events and remoto Sites,Revision editorial y senales de proyecto | Solicitar solución y cotización | Revision editorial y senales de proyecto | Solicitar solución y cotización,.next/server/app/es/media/tethered-uav-persistent-surveillance-2026.html
/es/products,es,strong,100,sistemas UAV industriales,4,true,true,true,true,true,1614,6,0.372,1,4,,Sistemas UAV industriales y equipos de monitoreo | N-TET,"sistemas UAV industriales es el tema principal de esta página, con cobertura relacionada para dron de inspección UAV, UAV de emergencia, equipos de monitoreo de baja altitud.",sistemas UAV industriales | dron de inspección UAV | UAV de emergencia | equipos de monitoreo de baja altitud,Sistemas UAV industriales y equipos de monitoreo,"Sistemas UAV industriales, equipos de monitoreo y ajuste al proyecto | Preguntas frecuentes de selección de productos | Sistemas UAV y drones | Solicitar solución y cotización",.next/server/app/es/products.html
/es/products/bailey-bridge,es,strong,100,Bailey Steel Bridge Overview,5,true,true,true,true,true,1608,28,1.741,1,5,,Bailey Steel Bridge Overview | N-TET,"N-TET Bailey Steel Bridge Overview for industrial operators, combining Bailey Steel Bridge Overview, engineering materials, Bailey steel bridge workflows with field-ready deployment and support.",Bailey Steel Bridge Overview | engineering materials | Bailey steel bridge | infrastructure support equipment | N-TET,Bailey Steel Bridge Overview,Bailey Steel Bridge Overview Technical Specifications | Solicitar solución y cotización | Resumen | Especificaciones técnicas | Solicitar solución y cotización,.next/server/app/es/products/bailey-bridge.html
/es/products/composite-electro-optical-tracking-system,es,strong,100,Electro-Optical EO seguimiento sistema,5,true,true,true,true,true,1676,9,0.537,1,5,,Electro-Optical (EO) seguimiento sistema | N-TET,"N-TET Electro-Optical (EO) seguimiento sistema for industrial operators, combining Electro-Optical EO seguimiento sistema, low altitude monitoring equipment, drone detection equipment workflows with field-ready deployment and support.",Electro-Optical EO seguimiento sistema | low altitude monitoring equipment | drone detection equipment | airspace monitoring system | N-TET,Electro-Optical EO seguimiento sistema,Electro-Optical EO seguimiento sistema Technical Specifications | Solicitar solución y cotización | Resumen | Especificaciones técnicas | Solicitar solución y cotización,.next/server/app/es/products/composite-electro-optical-tracking-system.html
/es/products/containerized-medical-rescue-system,es,strong,100,Containerized Medical rescate sistema,5,true,true,true,true,true,1598,17,1.064,1,5,,Containerized Medical rescate sistema | N-TET,"N-TET Containerized Medical rescate sistema for industrial operators, combining Containerized Medical rescate sistema, field hospital system, containerized medical rescue system workflows with field-ready deployment and support.",Containerized Medical rescate sistema | field hospital system | containerized medical rescue system | emergency medical shelter | N-TET,Containerized Medical rescate sistema,Containerized Medical rescate sistema Technical Specifications | Solicitar solución y cotización | Resumen | Especificaciones técnicas | Solicitar solución y cotización,.next/server/app/es/products/containerized-medical-rescue-system.html
/es/products/emergency-search-rescue-drone,es,strong,100,thermal drones for search and rescue,8,true,true,true,true,true,1622,11,0.678,1,5,,Emergencia búsqueda & rescate dron | N-TET,"N-TET Emergencia búsqueda & rescate dron for industrial operators, combining thermal drones for search and rescue, search and rescue drone, search and rescue UAV workflows with field-ready deployment and support.",thermal drones for search and rescue | search and rescue drone | search and rescue UAV | drone rescue | Emergencia búsqueda & rescate dron | industrial UAV systems | UAV inspection drone | emergency response UAV,Emergencia búsqueda & rescate dron,Emergencia búsqueda & rescate dron Technical Specifications | Solicitar solución y cotización | Resumen | Especificaciones técnicas | Solicitar solución y cotización,.next/server/app/es/products/emergency-search-rescue-drone.html
/es/products/fbg-g15-fc06-explosion-containment-vessel,es,strong,100,Explosion Containment Vessel FBG-G1.5-FC06,5,true,true,true,true,true,1627,17,1.045,1,5,,Explosion Containment Vessel FBG-G1.5-FC06 | N-TET,"N-TET Explosion Containment Vessel FBG-G1.5-FC06 for industrial operators, combining Explosion Containment Vessel FBG-G1.5-FC06, security screening equipment, X-ray baggage scanner workflows with field-ready deployment and support.",Explosion Containment Vessel FBG-G1.5-FC06 | security screening equipment | X-ray baggage scanner | walk-through metal detector | N-TET,Explosion Containment Vessel FBG-G1.5-FC06,Explosion Containment Vessel FBG-G1.5-FC06 Technical Specifications | Solicitar solución y cotización | Resumen | Especificaciones técnicas | Solicitar solución y cotización,.next/server/app/es/products/fbg-g15-fc06-explosion-containment-vessel.html
/es/products/fbt-fc09-explosion-protection-blanket,es,strong,100,Explosion Protection Blanket FBT-FC09,5,true,true,true,true,true,1626,17,1.046,1,5,,Explosion Protection Blanket FBT-FC09 | N-TET,"N-TET Explosion Protection Blanket FBT-FC09 for industrial operators, combining Explosion Protection Blanket FBT-FC09, security screening equipment, X-ray baggage scanner workflows with field-ready deployment and support.",Explosion Protection Blanket FBT-FC09 | security screening equipment | X-ray baggage scanner | walk-through metal detector | N-TET,Explosion Protection Blanket FBT-FC09,Explosion Protection Blanket FBT-FC09 Technical Specifications | Solicitar solución y cotización | Resumen | Especificaciones técnicas | Solicitar solución y cotización,.next/server/app/es/products/fbt-fc09-explosion-protection-blanket.html
/es/products/fc-3000-ferromagnetic-detection-column,es,strong,100,Intelligent Ferromagnetic detección sistema FC-3000,5,true,true,true,true,true,1759,17,0.966,1,5,,Intelligent Ferromagnetic detección sistema FC-3000 | N-TET,"N-TET Intelligent Ferromagnetic detección sistema FC-3000 for industrial operators, combining Intelligent Ferromagnetic detección sistema FC-3000, security screening equipment, X-ray baggage scanner workflows with field-ready deployment and",Intelligent Ferromagnetic detección sistema FC-3000 | security screening equipment | X-ray baggage scanner | walk-through metal detector | N-TET,Intelligent Ferromagnetic detección sistema FC-3000,Intelligent Ferromagnetic detección sistema FC-3000 Technical Specifications | Solicitar solución y cotización | Resumen | Especificaciones técnicas | Solicitar solución y cotización,.next/server/app/es/products/fc-3000-ferromagnetic-detection-column.html
/es/products/fc-c-deluxe-walk-through-metal-detector,es,strong,100,Walk-Through Metal Detector FC-C Deluxe,5,true,true,true,true,true,1709,20,1.170,1,5,,Walk-Through Metal Detector FC-C (Deluxe) | N-TET,"N-TET Walk-Through Metal Detector FC-C (Deluxe) for industrial operators, combining Walk-Through Metal Detector FC-C Deluxe, security screening equipment, X-ray baggage scanner workflows with field-ready deployment and support.",Walk-Through Metal Detector FC-C Deluxe | security screening equipment | X-ray baggage scanner | walk-through metal detector | N-TET,Walk-Through Metal Detector FC-C Deluxe,Walk-Through Metal Detector FC-C Deluxe Technical Specifications | Solicitar solución y cotización | Resumen | Especificaciones técnicas | Solicitar solución y cotización,.next/server/app/es/products/fc-c-deluxe-walk-through-metal-detector.html
/es/products/fc-c-lcd-walk-through-metal-detector,es,strong,100,Walk-Through Metal Detector FC-C LCD,6,true,true,true,true,true,1726,31,1.796,1,5,,"Walk-Through Metal Detector FC-C (LCD, 12-Zone) | N-TET","N-TET Walk-Through Metal Detector FC-C (LCD, 12-Zone) for industrial operators, combining Walk-Through Metal Detector FC-C LCD, 12-Zone, security screening equipment, X-ray baggage scanner workflows with field-ready deployment and support.",Walk-Through Metal Detector FC-C LCD | 12-Zone | security screening equipment | X-ray baggage scanner | walk-through metal detector | N-TET,"Walk-Through Metal Detector FC-C LCD, 12-Zone","Walk-Through Metal Detector FC-C LCD, 12-Zone Technical Specifications | Solicitar solución y cotización | Resumen | Especificaciones técnicas | Solicitar solución y cotización",.next/server/app/es/products/fc-c-lcd-walk-through-metal-detector.html
/es/products/fc-dlxj-01-power-grid-inspection-drone,es,strong,100,drone power line inspection,8,true,true,true,true,true,1643,11,0.670,1,5,,Eléctrica red eléctrica inspección dron | N-TET,"N-TET Eléctrica red eléctrica inspección dron for industrial operators, combining drone power line inspection, power line inspection drone, UAV power line inspection workflows with field-ready deployment and support.",drone power line inspection | power line inspection drone | UAV power line inspection | utility inspection drone | Eléctrica red eléctrica inspección dron | industrial UAV systems | UAV inspection drone | emergency response UAV,Eléctrica red eléctrica inspección dron,Eléctrica red eléctrica inspección dron Technical Specifications | Solicitar solución y cotización | Resumen | Especificaciones técnicas | Solicitar solución y cotización,.next/server/app/es/products/fc-dlxj-01-power-grid-inspection-drone.html
/es/products/fc-dma-long-range-optical-turntable,es,strong,100,FC-DMA Multi-Spectral EO/IR PTZ Turret,5,true,true,true,true,true,2396,17,0.710,1,5,,FC-DMA Multi-Spectral EO/IR PTZ Turret | N-TET,"N-TET FC-DMA Multi-Spectral EO/IR PTZ Turret for industrial operators, combining FC-DMA Multi-Spectral EO/IR PTZ Turret, perimeter intelligence, electro optical surveillance workflows with field-ready deployment and support.",FC-DMA Multi-Spectral EO/IR PTZ Turret | perimeter intelligence | electro optical surveillance | radar vision fusion system | N-TET,FC-DMA Multi-Spectral EO/IR PTZ Turret,FC-DMA Multi-Spectral EO/IR PTZ Turret Technical Specifications | Solicitar solución y cotización | Resumen | Especificaciones técnicas | Solicitar solución y cotización,.next/server/app/es/products/fc-dma-long-range-optical-turntable.html
/es/products/fc-dms10-smart-electronic-sentinel,es,strong,100,FC-DMS10 Series Smart Electronic Sentinel,5,true,true,true,true,true,1993,17,0.853,1,5,,FC-DMS10 Series Smart Electronic Sentinel | N-TET,"N-TET FC-DMS10 Series Smart Electronic Sentinel for industrial operators, combining FC-DMS10 Series Smart Electronic Sentinel, perimeter intelligence, electro optical surveillance workflows with field-ready deployment and support.",FC-DMS10 Series Smart Electronic Sentinel | perimeter intelligence | electro optical surveillance | radar vision fusion system | N-TET,FC-DMS10 Series Smart Electronic Sentinel,FC-DMS10 Series Smart Electronic Sentinel Technical Specifications | Solicitar solución y cotización | Resumen | Especificaciones técnicas | Solicitar solución y cotización,.next/server/app/es/products/fc-dms10-smart-electronic-sentinel.html
/es/products/fc-dtvc-dual-band-thermal-ptz,es,strong,100,FC-DTVC Series Dual-Band Thermal High-Speed Dome,5,true,true,true,true,true,2174,17,0.782,1,5,,FC-DTVC Series Dual-Band Thermal High-Speed Dome | N-TET,"N-TET FC-DTVC Series Dual-Band Thermal High-Speed Dome for industrial operators, combining FC-DTVC Series Dual-Band Thermal High-Speed Dome, perimeter intelligence, electro optical surveillance workflows with field-ready deployment and supp",FC-DTVC Series Dual-Band Thermal High-Speed Dome | perimeter intelligence | electro optical surveillance | radar vision fusion system | N-TET,FC-DTVC Series Dual-Band Thermal High-Speed Dome,FC-DTVC Series Dual-Band Thermal High-Speed Dome Technical Specifications | Solicitar solución y cotización | Resumen | Especificaciones técnicas | Solicitar solución y cotización,.next/server/app/es/products/fc-dtvc-dual-band-thermal-ptz.html
/es/products/fc-h-smart-phone-detection-gate,es,strong,100,Smart Phone detección Gate FC-H,5,true,true,true,true,true,2013,17,0.845,1,5,,Smart Phone detección Gate FC-H | N-TET,"N-TET Smart Phone detección Gate FC-H for industrial operators, combining Smart Phone detección Gate FC-H, security screening equipment, X-ray baggage scanner workflows with field-ready deployment and support.",Smart Phone detección Gate FC-H | security screening equipment | X-ray baggage scanner | walk-through metal detector | N-TET,Smart Phone detección Gate FC-H,Smart Phone detección Gate FC-H Technical Specifications | Solicitar solución y cotización | Resumen | Especificaciones técnicas | Solicitar solución y cotización,.next/server/app/es/products/fc-h-smart-phone-detection-gate.html
/es/products/fc-h-smart-phone-detection-gate-29in,es,strong,100,Smart Phone detección Gate FC-H 29-inch Display,5,true,true,true,true,true,1781,9,0.505,1,5,,Smart Phone detección Gate FC-H (29-inch Display) | N-TET,"N-TET Smart Phone detección Gate FC-H (29-inch Display) for industrial operators, combining Smart Phone detección Gate FC-H 29-inch Display, security screening equipment, X-ray baggage scanner workflows with field-ready deployment and suppo",Smart Phone detección Gate FC-H 29-inch Display | security screening equipment | X-ray baggage scanner | walk-through metal detector | N-TET,Smart Phone detección Gate FC-H 29-inch Display,Smart Phone detección Gate FC-H 29-inch Display Technical Specifications | Solicitar solución y cotización | Resumen | Especificaciones técnicas | Solicitar solución y cotización,.next/server/app/es/products/fc-h-smart-phone-detection-gate-29in.html
/es/products/fc-pd500-personal-radiation-dose-alarm,es,strong,100,FC-PD500 X-γ Personal Radiation Dose Alarm,5,true,true,true,true,true,1810,17,0.939,1,5,,FC-PD500 X-γ Personal Radiation Dose Alarm | N-TET,"N-TET FC-PD500 X-γ Personal Radiation Dose Alarm for industrial operators, combining FC-PD500 X-γ Personal Radiation Dose Alarm, security screening equipment, X-ray baggage scanner workflows with field-ready deployment and support.",FC-PD500 X-γ Personal Radiation Dose Alarm | security screening equipment | X-ray baggage scanner | walk-through metal detector | N-TET,FC-PD500 X-γ Personal Radiation Dose Alarm,FC-PD500 X-γ Personal Radiation Dose Alarm Technical Specifications | Solicitar solución y cotización | Resumen | Especificaciones técnicas | Solicitar solución y cotización,.next/server/app/es/products/fc-pd500-personal-radiation-dose-alarm.html
/es/products/fc-rc-series-hd-laser-camera,es,strong,100,FC-RC Series HD Long-Range Laser Camera,5,true,true,true,true,true,2140,17,0.794,1,5,,FC-RC Series HD Long-Range Laser Camera | N-TET,"N-TET FC-RC Series HD Long-Range Laser Camera for industrial operators, combining FC-RC Series HD Long-Range Laser Camera, perimeter intelligence, electro optical surveillance workflows with field-ready deployment and support.",FC-RC Series HD Long-Range Laser Camera | perimeter intelligence | electro optical surveillance | radar vision fusion system | N-TET,FC-RC Series HD Long-Range Laser Camera,FC-RC Series HD Long-Range Laser Camera Technical Specifications | Solicitar solución y cotización | Resumen | Especificaciones técnicas | Solicitar solución y cotización,.next/server/app/es/products/fc-rc-series-hd-laser-camera.html
/es/products/fc-rds500-4r-radar-vision-sentinel,es,strong,100,FC-RDS500-4R Radar-Vision Fusion sistema,5,true,true,true,true,true,2176,17,0.781,1,5,,FC-RDS500-4R Radar-Vision Fusion sistema | N-TET,"N-TET FC-RDS500-4R Radar-Vision Fusion sistema for industrial operators, combining FC-RDS500-4R Radar-Vision Fusion sistema, perimeter intelligence, electro optical surveillance workflows with field-ready deployment and support.",FC-RDS500-4R Radar-Vision Fusion sistema | perimeter intelligence | electro optical surveillance | radar vision fusion system | N-TET,FC-RDS500-4R Radar-Vision Fusion sistema,FC-RDS500-4R Radar-Vision Fusion sistema Technical Specifications | Solicitar solución y cotización | Resumen | Especificaciones técnicas | Solicitar solución y cotización,.next/server/app/es/products/fc-rds500-4r-radar-vision-sentinel.html
/es/products/fc-sljc-01-water-conservancy-monitoring-drone,es,strong,100,water conservancy monitoring UAV,8,true,true,true,true,true,1618,11,0.680,1,5,,Gestión hídrica monitoreo UAV | N-TET,"N-TET Gestión hídrica monitoreo UAV for industrial operators, combining water conservancy monitoring UAV, dam inspection UAV, river lake UAV monitoring workflows with field-ready deployment and support.",water conservancy monitoring UAV | dam inspection UAV | river lake UAV monitoring | flood monitoring drone | Gestión hídrica monitoreo UAV | industrial UAV systems | UAV inspection drone | emergency response UAV,Gestión hídrica monitoreo UAV,Gestión hídrica monitoreo UAV Technical Specifications | Solicitar solución y cotización | Resumen | Especificaciones técnicas | Solicitar solución y cotización,.next/server/app/es/products/fc-sljc-01-water-conservancy-monitoring-drone.html
/es/products/fc-smart-swing-turnstile,es,strong,100,Deluxe Smart Swing Turnstile,5,true,true,true,true,true,1698,17,1.001,1,5,,Deluxe Smart Swing Turnstile | N-TET,"N-TET Deluxe Smart Swing Turnstile for industrial operators, combining Deluxe Smart Swing Turnstile, security screening equipment, X-ray baggage scanner workflows with field-ready deployment and support.",Deluxe Smart Swing Turnstile | security screening equipment | X-ray baggage scanner | walk-through metal detector | N-TET,Deluxe Smart Swing Turnstile,Deluxe Smart Swing Turnstile Technical Specifications | Solicitar solución y cotización | Resumen | Especificaciones técnicas | Solicitar solución y cotización,.next/server/app/es/products/fc-smart-swing-turnstile.html
/es/products/fc-ttvc-intelligent-multi-band-camera,es,strong,100,FC-TTVC Series Intelligent Multi-Band Camera,5,true,true,true,true,true,2075,19,0.916,1,5,,FC-TTVC Series Intelligent Multi-Band Camera | N-TET,"N-TET FC-TTVC Series Intelligent Multi-Band Camera for industrial operators, combining FC-TTVC Series Intelligent Multi-Band Camera, perimeter intelligence, electro optical surveillance workflows with field-ready deployment and support.",FC-TTVC Series Intelligent Multi-Band Camera | perimeter intelligence | electro optical surveillance | radar vision fusion system | N-TET,FC-TTVC Series Intelligent Multi-Band Camera,FC-TTVC Series Intelligent Multi-Band Camera Technical Specifications | Solicitar solución y cotización | Resumen | Especificaciones técnicas | Solicitar solución y cotización,.next/server/app/es/products/fc-ttvc-intelligent-multi-band-camera.html
/es/products/fc-yjtx-01-emergency-communication-drone,es,strong,100,emergency communication UAV,8,true,true,true,true,true,1642,11,0.670,1,5,,Emergencia comunicación cautivo UAV | N-TET,"N-TET Emergencia comunicación cautivo UAV for industrial operators, combining emergency communication UAV, disaster response communication drone, tethered communication UAV workflows with field-ready deployment and support.",emergency communication UAV | disaster response communication drone | tethered communication UAV | public safety UAV communications | Emergencia comunicación cautivo UAV | industrial UAV systems | UAV inspection drone | emergency response UAV,Emergencia comunicación cautivo UAV,Emergencia comunicación cautivo UAV Technical Specifications | Solicitar solución y cotización | Resumen | Especificaciones técnicas | Solicitar solución y cotización,.next/server/app/es/products/fc-yjtx-01-emergency-communication-drone.html
/es/products/fc-yjxf-01-aerial-firefighting-drone,es,strong,100,firefighting drone,8,true,true,true,true,true,1634,11,0.673,1,5,,High-Rise apoyo contra incendios cautivo UAV | N-TET,"N-TET High-Rise apoyo contra incendios cautivo UAV for industrial operators, combining firefighting drone, drone fire fighting, drone for fire fighting workflows with field-ready deployment and support.",firefighting drone | drone fire fighting | drone for fire fighting | high-rise firefighting UAV | High-Rise apoyo contra incendios cautivo UAV | industrial UAV systems | UAV inspection drone | emergency response UAV,High-Rise apoyo contra incendios cautivo UAV,High-Rise apoyo contra incendios cautivo UAV Technical Specifications | Solicitar solución y cotización | Resumen | Especificaciones técnicas | Solicitar solución y cotización,.next/server/app/es/products/fc-yjxf-01-aerial-firefighting-drone.html
/es/products/fc-yjzc-01-emergency-reconnaissance-drone,es,strong,100,search and rescue drone,8,true,true,true,true,true,1621,11,0.679,1,5,,Emergencia Response dron | N-TET,"N-TET Emergencia Response dron for industrial operators, combining search and rescue drone, drone rescue, emergency reconnaissance drone workflows with field-ready deployment and support.",search and rescue drone | drone rescue | emergency reconnaissance drone | disaster response UAV | Emergencia Response dron | industrial UAV systems | UAV inspection drone | emergency response UAV,Emergencia Response dron,Emergencia Response dron Technical Specifications | Solicitar solución y cotización | Resumen | Especificaciones técnicas | Solicitar solución y cotización,.next/server/app/es/products/fc-yjzc-01-emergency-reconnaissance-drone.html
/es/products/fc-yjzm-01-emergency-lighting-drone,es,strong,100,drone lighting,8,true,true,true,true,true,1613,11,0.682,1,5,,Cautivo iluminación UAV | N-TET,"N-TET Cautivo iluminación UAV for industrial operators, combining drone lighting, UAV lighting, tethered lighting UAV workflows with field-ready deployment and support.",drone lighting | UAV lighting | tethered lighting UAV | emergency lighting drone | Cautivo iluminación UAV | industrial UAV systems | UAV inspection drone | emergency response UAV,Cautivo iluminación UAV,Cautivo iluminación UAV Technical Specifications | Solicitar solución y cotización | Resumen | Especificaciones técnicas | Solicitar solución y cotización,.next/server/app/es/products/fc-yjzm-01-emergency-lighting-drone.html
/es/products/fc-yqxj-01-utility-inspection-drone,es,strong,100,pipeline inspection drones,8,true,true,true,true,true,1643,11,0.670,1,5,,Oil & Gas Pipeline inspección dron | N-TET,"N-TET Oil & Gas Pipeline inspección dron for industrial operators, combining pipeline inspection drones, UAV pipeline inspection, oil and gas drone inspection workflows with field-ready deployment and support.",pipeline inspection drones | UAV pipeline inspection | oil and gas drone inspection | drone pipeline inspection | Oil & Gas Pipeline inspección dron | industrial UAV systems | UAV inspection drone | emergency response UAV,Oil & Gas Pipeline inspección dron,Oil & Gas Pipeline inspección dron Technical Specifications | Solicitar solución y cotización | Resumen | Especificaciones técnicas | Solicitar solución y cotización,.next/server/app/es/products/fc-yqxj-01-utility-inspection-drone.html
/es/products/fc1500-handheld-liquid-detector,es,strong,100,Handheld Liquid Detector FC1500,5,true,true,true,true,true,1634,17,1.040,1,5,,Handheld Liquid Detector FC1500 | N-TET,"N-TET Handheld Liquid Detector FC1500 for industrial operators, combining Handheld Liquid Detector FC1500, security screening equipment, X-ray baggage scanner workflows with field-ready deployment and support.",Handheld Liquid Detector FC1500 | security screening equipment | X-ray baggage scanner | walk-through metal detector | N-TET,Handheld Liquid Detector FC1500,Handheld Liquid Detector FC1500 Technical Specifications | Solicitar solución y cotización | Resumen | Especificaciones técnicas | Solicitar solución y cotización,.next/server/app/es/products/fc1500-handheld-liquid-detector.html
/es/products/fc1500b-desktop-liquid-security-inspector,es,strong,100,Desktop Liquid seguridad Inspector FC1500B,5,true,true,true,true,true,1683,17,1.010,1,5,,Desktop Liquid seguridad Inspector FC1500B | N-TET,"N-TET Desktop Liquid seguridad Inspector FC1500B for industrial operators, combining Desktop Liquid seguridad Inspector FC1500B, security screening equipment, X-ray baggage scanner workflows with field-ready deployment and support.",Desktop Liquid seguridad Inspector FC1500B | security screening equipment | X-ray baggage scanner | walk-through metal detector | N-TET,Desktop Liquid seguridad Inspector FC1500B,Desktop Liquid seguridad Inspector FC1500B Technical Specifications | Solicitar solución y cotización | Resumen | Especificaciones técnicas | Solicitar solución y cotización,.next/server/app/es/products/fc1500b-desktop-liquid-security-inspector.html
/es/products/fc1800b-portable-explosives-and-narcotics-detector,es,strong,100,Portable Explosives & Narcotics Detector FC1800B,5,true,true,true,true,true,1641,17,1.036,1,5,,Portable Explosives & Narcotics Detector FC1800B | N-TET,"N-TET Portable Explosives & Narcotics Detector FC1800B for industrial operators, combining Portable Explosives & Narcotics Detector FC1800B, security screening equipment, X-ray baggage scanner workflows with field-ready deployment and suppo",Portable Explosives & Narcotics Detector FC1800B | security screening equipment | X-ray baggage scanner | walk-through metal detector | N-TET,Portable Explosives & Narcotics Detector FC1800B,Portable Explosives & Narcotics Detector FC1800B Technical Specifications | Solicitar solución y cotización | Resumen | Especificaciones técnicas | Solicitar solución y cotización,.next/server/app/es/products/fc1800b-portable-explosives-and-narcotics-detector.html
/es/products/fc1800t-desktop-explosives-narcotics-detector,es,strong,100,Desktop Explosives & Narcotics Detector FC1800T,5,true,true,true,true,true,1669,17,1.019,1,5,,Desktop Explosives & Narcotics Detector FC1800T | N-TET,"N-TET Desktop Explosives & Narcotics Detector FC1800T for industrial operators, combining Desktop Explosives & Narcotics Detector FC1800T, security screening equipment, X-ray baggage scanner workflows with field-ready deployment and support",Desktop Explosives & Narcotics Detector FC1800T | security screening equipment | X-ray baggage scanner | walk-through metal detector | N-TET,Desktop Explosives & Narcotics Detector FC1800T,Desktop Explosives & Narcotics Detector FC1800T Technical Specifications | Solicitar solución y cotización | Resumen | Especificaciones técnicas | Solicitar solución y cotización,.next/server/app/es/products/fc1800t-desktop-explosives-narcotics-detector.html
/es/products/fc2088-handheld-metal-detector,es,strong,100,Handheld Metal Detector FC2088,5,true,true,true,true,true,1628,17,1.044,1,5,,Handheld Metal Detector FC2088 | N-TET,"N-TET Handheld Metal Detector FC2088 for industrial operators, combining Handheld Metal Detector FC2088, security screening equipment, X-ray baggage scanner workflows with field-ready deployment and support.",Handheld Metal Detector FC2088 | security screening equipment | X-ray baggage scanner | walk-through metal detector | N-TET,Handheld Metal Detector FC2088,Handheld Metal Detector FC2088 Technical Specifications | Solicitar solución y cotización | Resumen | Especificaciones técnicas | Solicitar solución y cotización,.next/server/app/es/products/fc2088-handheld-metal-detector.html
/es/products/fc4028-neutron-ambient-dose-rate-meter,es,strong,100,FC4028 Neutron Ambient Dose Equivalent Rate Meter,5,true,true,true,true,true,2107,9,0.427,1,5,,FC4028 Neutron Ambient Dose Equivalent (Rate) Meter | N-TET,"N-TET FC4028 Neutron Ambient Dose Equivalent (Rate) Meter for industrial operators, combining FC4028 Neutron Ambient Dose Equivalent Rate Meter, security screening equipment, X-ray baggage scanner workflows with field-ready deployment and s",FC4028 Neutron Ambient Dose Equivalent Rate Meter | security screening equipment | X-ray baggage scanner | walk-through metal detector | N-TET,FC4028 Neutron Ambient Dose Equivalent Rate Meter,FC4028 Neutron Ambient Dose Equivalent Rate Meter Technical Specifications | Solicitar solución y cotización | Resumen | Especificaciones técnicas | Solicitar solución y cotización,.next/server/app/es/products/fc4028-neutron-ambient-dose-rate-meter.html
/es/products/fc5030-compact-x-ray-baggage-scanner,es,strong,100,X-Ray Baggage Scanner FC5030,5,true,true,true,true,true,1664,28,1.683,1,5,,X-Ray Baggage Scanner FC5030 | N-TET,"N-TET X-Ray Baggage Scanner FC5030 for industrial operators, combining X-Ray Baggage Scanner FC5030, security screening equipment, X-ray baggage scanner workflows with field-ready deployment and support.",X-Ray Baggage Scanner FC5030 | security screening equipment | X-ray baggage scanner | walk-through metal detector | N-TET,X-Ray Baggage Scanner FC5030,X-Ray Baggage Scanner FC5030 Technical Specifications | Solicitar solución y cotización | Resumen | Especificaciones técnicas | Solicitar solución y cotización,.next/server/app/es/products/fc5030-compact-x-ray-baggage-scanner.html
/es/products/fc6550-standard-x-ray-baggage-scanner,es,strong,100,X-Ray Baggage Scanner FC6550,5,true,true,true,true,true,1688,28,1.659,1,5,,X-Ray Baggage Scanner FC6550 | N-TET,"N-TET X-Ray Baggage Scanner FC6550 for industrial operators, combining X-Ray Baggage Scanner FC6550, security screening equipment, X-ray baggage scanner workflows with field-ready deployment and support.",X-Ray Baggage Scanner FC6550 | security screening equipment | X-ray baggage scanner | walk-through metal detector | N-TET,X-Ray Baggage Scanner FC6550,X-Ray Baggage Scanner FC6550 Technical Specifications | Solicitar solución y cotización | Resumen | Especificaciones técnicas | Solicitar solución y cotización,.next/server/app/es/products/fc6550-standard-x-ray-baggage-scanner.html
/es/products/fc6550d-dual-view-baggage-scanner,es,strong,100,Dual-View X-Ray Baggage Scanner FC6550D,5,true,true,true,true,true,1675,28,1.672,1,5,,Dual-View X-Ray Baggage Scanner FC6550D | N-TET,"N-TET Dual-View X-Ray Baggage Scanner FC6550D for industrial operators, combining Dual-View X-Ray Baggage Scanner FC6550D, security screening equipment, X-ray baggage scanner workflows with field-ready deployment and support.",Dual-View X-Ray Baggage Scanner FC6550D | security screening equipment | X-ray baggage scanner | walk-through metal detector | N-TET,Dual-View X-Ray Baggage Scanner FC6550D,Dual-View X-Ray Baggage Scanner FC6550D Technical Specifications | Solicitar solución y cotización | Resumen | Especificaciones técnicas | Solicitar solución y cotización,.next/server/app/es/products/fc6550d-dual-view-baggage-scanner.html
/es/products/fc902-personal-radiation-dose-alarm,es,strong,100,X-γ Radiation Dose Alarm FC902,5,true,true,true,true,true,1823,17,0.933,1,5,,X-γ Radiation Dose Alarm FC902 | N-TET,"N-TET X-γ Radiation Dose Alarm FC902 for industrial operators, combining X-γ Radiation Dose Alarm FC902, security screening equipment, X-ray baggage scanner workflows with field-ready deployment and support.",X-γ Radiation Dose Alarm FC902 | security screening equipment | X-ray baggage scanner | walk-through metal detector | N-TET,X-γ Radiation Dose Alarm FC902,X-γ Radiation Dose Alarm FC902 Technical Specifications | Solicitar solución y cotización | Resumen | Especificaciones técnicas | Solicitar solución y cotización,.next/server/app/es/products/fc902-personal-radiation-dose-alarm.html
/es/products/handheld-rf-detection-system-mini,es,strong,100,Handheld RF detección sistema,5,true,true,true,true,true,1674,17,1.016,1,5,,Handheld RF detección sistema | N-TET,"N-TET Handheld RF detección sistema for industrial operators, combining Handheld RF detección sistema, low altitude monitoring equipment, drone detection equipment workflows with field-ready deployment and support.",Handheld RF detección sistema | low altitude monitoring equipment | drone detection equipment | airspace monitoring system | N-TET,Handheld RF detección sistema,Handheld RF detección sistema Technical Specifications | Solicitar solución y cotización | Resumen | Especificaciones técnicas | Solicitar solución y cotización,.next/server/app/es/products/handheld-rf-detection-system-mini.html
/es/products/intelligent-mobile-cabin-hospital,es,strong,100,Intelligent Mobile Cabin Hospital,5,true,true,true,true,true,1576,17,1.079,1,5,,Intelligent Mobile Cabin Hospital | N-TET,"N-TET Intelligent Mobile Cabin Hospital for industrial operators, combining Intelligent Mobile Cabin Hospital, field hospital system, containerized medical rescue system workflows with field-ready deployment and support.",Intelligent Mobile Cabin Hospital | field hospital system | containerized medical rescue system | emergency medical shelter | N-TET,Intelligent Mobile Cabin Hospital,Intelligent Mobile Cabin Hospital Technical Specifications | Solicitar solución y cotización | Resumen | Especificaciones técnicas | Solicitar solución y cotización,.next/server/app/es/products/intelligent-mobile-cabin-hospital.html
/es/products/low-altitude-3d-pulse-doppler-radar,es,strong,100,Baja altitud detección Radar X-Band,5,true,true,true,true,true,1665,9,0.541,1,5,,Baja altitud detección Radar (X-Band) | N-TET,"N-TET Baja altitud detección Radar (X-Band) for industrial operators, combining Baja altitud detección Radar X-Band, low altitude monitoring equipment, drone detection equipment workflows with field-ready deployment and support.",Baja altitud detección Radar X-Band | low altitude monitoring equipment | drone detection equipment | airspace monitoring system | N-TET,Baja altitud detección Radar X-Band,Baja altitud detección Radar X-Band Technical Specifications | Solicitar solución y cotización | Resumen | Especificaciones técnicas | Solicitar solución y cotización,.next/server/app/es/products/low-altitude-3d-pulse-doppler-radar.html
/es/products/low-altitude-detection-radar-ku-band,es,strong,100,Baja altitud detección Radar Ku-Band,5,true,true,true,true,true,1643,9,0.548,1,5,,Baja altitud detección Radar (Ku-Band) | N-TET,"N-TET Baja altitud detección Radar (Ku-Band) for industrial operators, combining Baja altitud detección Radar Ku-Band, low altitude monitoring equipment, drone detection equipment workflows with field-ready deployment and support.",Baja altitud detección Radar Ku-Band | low altitude monitoring equipment | drone detection equipment | airspace monitoring system | N-TET,Baja altitud detección Radar Ku-Band,Baja altitud detección Radar Ku-Band Technical Specifications | Solicitar solución y cotización | Resumen | Especificaciones técnicas | Solicitar solución y cotización,.next/server/app/es/products/low-altitude-detection-radar-ku-band.html
/es/products/multi-rotor-20kg-payload-uav,es,strong,100,20kg carga útil multirrotor UAV,5,true,true,true,true,true,1649,17,1.031,1,5,,20kg carga útil multirrotor UAV | N-TET,"N-TET 20kg carga útil multirrotor UAV for industrial operators, combining 20kg carga útil multirrotor UAV, industrial UAV systems, UAV inspection drone workflows with field-ready deployment and support.",20kg carga útil multirrotor UAV | industrial UAV systems | UAV inspection drone | emergency response UAV | N-TET,20kg carga útil multirrotor UAV,20kg carga útil multirrotor UAV Technical Specifications | Solicitar solución y cotización | Resumen | Especificaciones técnicas | Solicitar solución y cotización,.next/server/app/es/products/multi-rotor-20kg-payload-uav.html
/es/products/multi-rotor-3kg-payload-uav,es,strong,100,3kg carga útil multirrotor UAV,5,true,true,true,true,true,1643,17,1.035,1,5,,3kg carga útil multirrotor UAV | N-TET,"N-TET 3kg carga útil multirrotor UAV for industrial operators, combining 3kg carga útil multirrotor UAV, industrial UAV systems, UAV inspection drone workflows with field-ready deployment and support.",3kg carga útil multirrotor UAV | industrial UAV systems | UAV inspection drone | emergency response UAV | N-TET,3kg carga útil multirrotor UAV,3kg carga útil multirrotor UAV Technical Specifications | Solicitar solución y cotización | Resumen | Especificaciones técnicas | Solicitar solución y cotización,.next/server/app/es/products/multi-rotor-3kg-payload-uav.html
/es/products/multi-rotor-50kg-payload-uav,es,strong,100,50kg carga útil multirrotor UAV,5,true,true,true,true,true,1651,17,1.030,1,5,,50kg carga útil multirrotor UAV | N-TET,"N-TET 50kg carga útil multirrotor UAV for industrial operators, combining 50kg carga útil multirrotor UAV, industrial UAV systems, UAV inspection drone workflows with field-ready deployment and support.",50kg carga útil multirrotor UAV | industrial UAV systems | UAV inspection drone | emergency response UAV | N-TET,50kg carga útil multirrotor UAV,50kg carga útil multirrotor UAV Technical Specifications | Solicitar solución y cotización | Resumen | Especificaciones técnicas | Solicitar solución y cotización,.next/server/app/es/products/multi-rotor-50kg-payload-uav.html
/es/products/multi-rotor-8kg-payload-uav,es,strong,100,8kg carga útil multirrotor UAV,5,true,true,true,true,true,1637,17,1.038,1,5,,8kg carga útil multirrotor UAV | N-TET,"N-TET 8kg carga útil multirrotor UAV for industrial operators, combining 8kg carga útil multirrotor UAV, industrial UAV systems, UAV inspection drone workflows with field-ready deployment and support.",8kg carga útil multirrotor UAV | industrial UAV systems | UAV inspection drone | emergency response UAV | N-TET,8kg carga útil multirrotor UAV,8kg carga útil multirrotor UAV Technical Specifications | Solicitar solución y cotización | Resumen | Especificaciones técnicas | Solicitar solución y cotización,.next/server/app/es/products/multi-rotor-8kg-payload-uav.html
/es/products/portable-rf-detection-case,es,strong,100,Hand-carried RF detección sistema,5,true,true,true,true,true,1586,17,1.072,1,5,,Hand-carried RF detección sistema | N-TET,"N-TET Hand-carried RF detección sistema for industrial operators, combining Hand-carried RF detección sistema, low altitude monitoring equipment, drone detection equipment workflows with field-ready deployment and support.",Hand-carried RF detección sistema | low altitude monitoring equipment | drone detection equipment | airspace monitoring system | N-TET,Hand-carried RF detección sistema,Hand-carried RF detección sistema Technical Specifications | Solicitar solución y cotización | Resumen | Especificaciones técnicas | Solicitar solución y cotización,.next/server/app/es/products/portable-rf-detection-case.html
/es/products/power-tower-inspection-drone,es,strong,100,drone power line inspection,8,true,true,true,true,true,1702,11,0.646,1,5,,Eléctrica Tower inspección UAV | N-TET,"N-TET Eléctrica Tower inspección UAV for industrial operators, combining drone power line inspection, power line inspection drone, drones for utility inspection workflows with field-ready deployment and support.",drone power line inspection | power line inspection drone | drones for utility inspection | transmission tower inspection UAV | Eléctrica Tower inspección UAV | industrial UAV systems | UAV inspection drone | emergency response UAV,Eléctrica Tower inspección UAV,Eléctrica Tower inspección UAV Technical Specifications | Solicitar solución y cotización | Resumen | Especificaciones técnicas | Solicitar solución y cotización,.next/server/app/es/products/power-tower-inspection-drone.html
/es/products/smart-substation-autonomous-inspection-system,es,strong,100,smart substation autonomous inspection,8,true,true,true,true,true,1662,11,0.662,1,5,,Smart subestación Autonomous UAV inspección sistema | N-TET,"N-TET Smart subestación Autonomous UAV inspección sistema for industrial operators, combining smart substation autonomous inspection, substation inspection drone, power utility UAV inspection workflows with field-ready deployment and suppor",smart substation autonomous inspection | substation inspection drone | power utility UAV inspection | autonomous UAV inspection | Smart subestación Autonomous UAV inspección sistema | industrial UAV systems | UAV inspection drone | emergency response UAV,Smart subestación Autonomous UAV inspección sistema,Smart subestación Autonomous UAV inspección sistema Technical Specifications | Solicitar solución y cotización | Resumen | Especificaciones técnicas | Solicitar solución y cotización,.next/server/app/es/products/smart-substation-autonomous-inspection-system.html
/es/products/stationary-rf-detection-system,es,strong,100,Stationary RF detección sistema,5,true,true,true,true,true,1624,17,1.047,1,5,,Stationary RF detección sistema | N-TET,"N-TET Stationary RF detección sistema for industrial operators, combining Stationary RF detección sistema, low altitude monitoring equipment, drone detection equipment workflows with field-ready deployment and support.",Stationary RF detección sistema | low altitude monitoring equipment | drone detection equipment | airspace monitoring system | N-TET,Stationary RF detección sistema,Stationary RF detección sistema Technical Specifications | Solicitar solución y cotización | Resumen | Especificaciones técnicas | Solicitar solución y cotización,.next/server/app/es/products/stationary-rf-detection-system.html
/es/products/uav-remote-id-monitoring-system,es,strong,100,UAV remoto ID monitoreo sistema,5,true,true,true,true,true,1617,17,1.051,1,5,,UAV remoto ID monitoreo sistema | N-TET,"N-TET UAV remoto ID monitoreo sistema for industrial operators, combining UAV remoto ID monitoreo sistema, low altitude monitoring equipment, drone detection equipment workflows with field-ready deployment and support.",UAV remoto ID monitoreo sistema | low altitude monitoring equipment | drone detection equipment | airspace monitoring system | N-TET,UAV remoto ID monitoreo sistema,UAV remoto ID monitoreo sistema Technical Specifications | Solicitar solución y cotización | Resumen | Especificaciones técnicas | Solicitar solución y cotización,.next/server/app/es/products/uav-remote-id-monitoring-system.html
/es/products/vtol-135kg-mtow-uav,es,strong,100,135kg MTOW VTOL ala fija UAV,5,true,true,true,true,true,1624,17,1.047,1,5,,135kg MTOW VTOL ala fija UAV | N-TET,"N-TET 135kg MTOW VTOL ala fija UAV for industrial operators, combining 135kg MTOW VTOL ala fija UAV, industrial UAV systems, UAV inspection drone workflows with field-ready deployment and support.",135kg MTOW VTOL ala fija UAV | industrial UAV systems | UAV inspection drone | emergency response UAV | N-TET,135kg MTOW VTOL ala fija UAV,135kg MTOW VTOL ala fija UAV Technical Specifications | Solicitar solución y cotización | Resumen | Especificaciones técnicas | Solicitar solución y cotización,.next/server/app/es/products/vtol-135kg-mtow-uav.html
/es/products/vtol-14kg-mtow-uav,es,strong,100,14kg MTOW VTOL ala fija UAV,5,true,true,true,true,true,1616,17,1.052,1,5,,14kg MTOW VTOL ala fija UAV | N-TET,"N-TET 14kg MTOW VTOL ala fija UAV for industrial operators, combining 14kg MTOW VTOL ala fija UAV, industrial UAV systems, UAV inspection drone workflows with field-ready deployment and support.",14kg MTOW VTOL ala fija UAV | industrial UAV systems | UAV inspection drone | emergency response UAV | N-TET,14kg MTOW VTOL ala fija UAV,14kg MTOW VTOL ala fija UAV Technical Specifications | Solicitar solución y cotización | Resumen | Especificaciones técnicas | Solicitar solución y cotización,.next/server/app/es/products/vtol-14kg-mtow-uav.html
/es/products/vtol-26kg-mtow-uav,es,strong,100,26kg MTOW VTOL ala fija UAV,5,true,true,true,true,true,1618,17,1.051,1,5,,26kg MTOW VTOL ala fija UAV | N-TET,"N-TET 26kg MTOW VTOL ala fija UAV for industrial operators, combining 26kg MTOW VTOL ala fija UAV, industrial UAV systems, UAV inspection drone workflows with field-ready deployment and support.",26kg MTOW VTOL ala fija UAV | industrial UAV systems | UAV inspection drone | emergency response UAV | N-TET,26kg MTOW VTOL ala fija UAV,26kg MTOW VTOL ala fija UAV Technical Specifications | Solicitar solución y cotización | Resumen | Especificaciones técnicas | Solicitar solución y cotización,.next/server/app/es/products/vtol-26kg-mtow-uav.html
/es/products/vtol-40kg-mtow-uav,es,strong,100,40kg MTOW VTOL ala fija UAV,5,true,true,true,true,true,1622,17,1.048,1,5,,40kg MTOW VTOL ala fija UAV | N-TET,"N-TET 40kg MTOW VTOL ala fija UAV for industrial operators, combining 40kg MTOW VTOL ala fija UAV, industrial UAV systems, UAV inspection drone workflows with field-ready deployment and support.",40kg MTOW VTOL ala fija UAV | industrial UAV systems | UAV inspection drone | emergency response UAV | N-TET,40kg MTOW VTOL ala fija UAV,40kg MTOW VTOL ala fija UAV Technical Specifications | Solicitar solución y cotización | Resumen | Especificaciones técnicas | Solicitar solución y cotización,.next/server/app/es/products/vtol-40kg-mtow-uav.html
/es/products/vtol-64kg-mtow-uav,es,strong,100,64kg MTOW VTOL ala fija UAV,5,true,true,true,true,true,1608,17,1.057,1,5,,64kg MTOW VTOL ala fija UAV | N-TET,"N-TET 64kg MTOW VTOL ala fija UAV for industrial operators, combining 64kg MTOW VTOL ala fija UAV, industrial UAV systems, UAV inspection drone workflows with field-ready deployment and support.",64kg MTOW VTOL ala fija UAV | industrial UAV systems | UAV inspection drone | emergency response UAV | N-TET,64kg MTOW VTOL ala fija UAV,64kg MTOW VTOL ala fija UAV Technical Specifications | Solicitar solución y cotización | Resumen | Especificaciones técnicas | Solicitar solución y cotización,.next/server/app/es/products/vtol-64kg-mtow-uav.html
/es/solutions,es,strong,100,soluciones de inspección UAV,4,true,true,true,true,true,1478,6,0.406,1,11,,Soluciones de inspección UAV | N-TET,"soluciones de inspección UAV es el tema principal de esta página, con cobertura relacionada para dron de búsqueda y rescate, dron contra incendios, inspección de líneas eléctricas con UAV.",soluciones de inspección UAV | dron de búsqueda y rescate | dron contra incendios | inspección de líneas eléctricas con UAV,Soluciones de inspección UAV,Soluciones de inspección UAV para equipos industriales | Inspección y patrullaje UAV | Respuesta de emergencia UAV | Protección de infraestructura crítica | Seguridad de áreas clave | Solicitar solución y cotización | Inspección y patrullaje UAV | Respuesta de emergencia UAV | Protección de infraestructura crítica | Seguridad de áreas clave | Solicitar solución y cotización,.next/server/app/es/solutions.html
/es/solutions/airport-low-altitude-monitoring,es,strong,100,Aeropuerto espacio aéreo monitoreo Application,2,true,true,true,true,true,1962,29,1.478,1,10,,Aeropuerto espacio aéreo monitoreo Application | N-TET,"Aeropuerto espacio aéreo monitoreo Application de N-TET para operaciones UAV, con integración práctica, registros operativos y soporte de despliegue para equipos técnicos.",Aeropuerto espacio aéreo monitoreo Application | N-TET,Aeropuerto espacio aéreo monitoreo Application,Aeropuerto espacio aéreo monitoreo Application Workflow | Especificaciones técnicas | Equipos relacionados | FAQ y planificacion del proyecto | Solicitar solución y cotización | Resumen | Especificaciones técnicas | Equipos relacionados | FAQ y planificacion del proyecto | Solicitar solución y cotización,.next/server/app/es/solutions/airport-low-altitude-monitoring.html
/es/solutions/airport-security-protection,es,strong,100,Aeropuerto seguridad Protection,2,true,true,true,true,true,2485,27,1.087,1,10,,Aeropuerto seguridad Protection | N-TET,"Aeropuerto seguridad Protection de N-TET para seguridad de sitio, con integración práctica, registros operativos y soporte de despliegue para equipos técnicos.",Aeropuerto seguridad Protection | N-TET,Aeropuerto seguridad Protection,Aeropuerto seguridad Protection Workflow | Especificaciones técnicas | Equipos relacionados | FAQ y planificacion del proyecto | Solicitar solución y cotización | Resumen | Especificaciones técnicas | Equipos relacionados | FAQ y planificacion del proyecto | Solicitar solución y cotización,.next/server/app/es/solutions/airport-security-protection.html
/es/solutions/category/01_BorderPatrol,es,strong,100,UAV de patrullaje fronterizo,4,true,true,true,true,true,1801,13,0.722,1,9,,Soluciones UAV de patrullaje fronterizo | N-TET,"UAV de patrullaje fronterizo es el tema principal de esta página, con cobertura relacionada para UAV de patrullaje marítimo, dron de monitoreo costero, vigilancia marítima terrestre.",UAV de patrullaje fronterizo | UAV de patrullaje marítimo | dron de monitoreo costero | vigilancia marítima terrestre,Soluciones UAV de patrullaje fronterizo,UAV de patrullaje fronterizo y monitoreo costero | Soluciones UAV industriales | Productos recomendados | FAQ y planificacion del proyecto | Solicitar solución y cotización | Necesidades de la industria | Soluciones UAV industriales | Productos recomendados | Solicitar solución y cotización,.next/server/app/es/solutions/category/01_BorderPatrol.html
/es/solutions/category/02_InfrastructureProtection,es,strong,85,UAV de inspección de instalaciones industriales,4,true,true,true,false,true,1927,12,0.623,1,9,H2 未命中关键词,Soluciones UAV de inspección de instalaciones industriales | N-TET,"UAV de inspección de instalaciones industriales es el tema principal de esta página, con cobertura relacionada para inspección con drones para petróleo y gas, drones de inspección de tuberías, monitoreo de plantas químicas.",UAV de inspección de instalaciones industriales | inspección con drones para petróleo y gas | drones de inspección de tuberías | monitoreo de plantas químicas,Soluciones UAV de inspección de instalaciones industriales,Escenarios de inspección UAV de instalaciones industriales | Soluciones UAV industriales | Productos recomendados | FAQ y planificacion del proyecto | Solicitar solución y cotización | Necesidades de la industria | Soluciones UAV industriales | Productos recomendados | Solicitar solución y cotización,.next/server/app/es/solutions/category/02_InfrastructureProtection.html
/es/solutions/category/03_KeyAreaSecurity,es,strong,100,monitoreo aéreo aeroportuario,4,true,true,true,true,true,1825,18,0.986,1,9,,Monitoreo aéreo aeroportuario y seguridad de áreas clave | N-TET,"monitoreo aéreo aeroportuario es el tema principal de esta página, con cobertura relacionada para monitoreo de seguridad para eventos, seguridad de áreas clave, equipos de monitoreo de baja altitud.",monitoreo aéreo aeroportuario | monitoreo de seguridad para eventos | seguridad de áreas clave | equipos de monitoreo de baja altitud,Monitoreo aéreo aeroportuario y seguridad de áreas clave,Escenarios de monitoreo aéreo aeroportuario | Soluciones UAV industriales | Productos recomendados | FAQ y planificacion del proyecto | Solicitar solución y cotización | Necesidades de la industria | Soluciones UAV industriales | Productos recomendados | Solicitar solución y cotización,.next/server/app/es/solutions/category/03_KeyAreaSecurity.html
/es/solutions/category/04_EmergencyRescue,es,strong,100,dron de búsqueda y rescate,4,true,true,true,true,true,1769,14,0.791,1,9,,Soluciones de dron de búsqueda y rescate | N-TET,"dron de búsqueda y rescate es el tema principal de esta página, con cobertura relacionada para dron contra incendios, UAV de comunicación de emergencia, dron de iluminación.",dron de búsqueda y rescate | dron contra incendios | UAV de comunicación de emergencia | dron de iluminación,Soluciones de dron de búsqueda y rescate,Flujos de trabajo con dron de búsqueda y rescate | Soluciones UAV industriales | Productos recomendados | FAQ y planificacion del proyecto | Solicitar solución y cotización | Necesidades de la industria | Soluciones UAV industriales | Productos recomendados | Solicitar solución y cotización,.next/server/app/es/solutions/category/04_EmergencyRescue.html
/es/solutions/chemical-plant-protection,es,strong,100,drones de inspección de tuberías,4,true,true,true,true,true,2486,21,0.845,1,13,,Drones de inspección de tuberías para monitoreo de plantas químicas | N-TET,"drones de inspección de tuberías es el tema principal de esta página, con cobertura relacionada para monitoreo de plantas químicas, inspección de tuberías con UAV, inspección con drones para petróleo y gas.",drones de inspección de tuberías | monitoreo de plantas químicas | inspección de tuberías con UAV | inspección con drones para petróleo y gas,Drones de inspección de tuberías para monitoreo de plantas químicas,Drones de inspección de tuberías y monitoreo de plantas | A Neutral Low-Altitude Risk Process for Chemical Sites | Módulos de la solución | Equipos relacionados | FAQ y planificacion del proyecto | Solicitar solución y cotización | Resumen | Necesidades de la industria | A Neutral Low-Altitude Risk Process for Chemical Sites | Módulos de la solución | Equipos relacionados | FAQ y planificacion del proyecto | Solicitar solución y cotización,.next/server/app/es/solutions/chemical-plant-protection.html
/es/solutions/disaster-site-search-rescue-reconnaissance-uav-solution,es,strong,100,dron de búsqueda y rescate,4,true,true,true,true,true,2469,20,0.810,1,15,,Solución de dron de búsqueda y rescate | N-TET,"dron de búsqueda y rescate es el tema principal de esta página, con cobertura relacionada para drones térmicos para búsqueda y rescate, UAV de búsqueda y rescate, dron de rescate.",dron de búsqueda y rescate | drones térmicos para búsqueda y rescate | UAV de búsqueda y rescate | dron de rescate,Solución de dron de búsqueda y rescate,Flujo de trabajo de dron de búsqueda y rescate | How UAVs Upgrade Emergency Reconnaissance | Módulos de la solución | Equipos relacionados | Casos relacionados | FAQ y planificacion del proyecto | Solicitar solución y cotización | Resumen | Necesidades de la industria | How UAVs Upgrade Emergency Reconnaissance | Módulos de la solución | Equipos relacionados | Casos relacionados | FAQ y planificacion del proyecto | Solicitar solución y cotización,.next/server/app/es/solutions/disaster-site-search-rescue-reconnaissance-uav-solution.html
/es/solutions/emergency-communication-uav,es,strong,100,Emergencia comunicación UAV,2,true,true,true,true,true,1877,25,1.332,1,10,,Emergencia comunicación UAV | N-TET,"Emergencia comunicación UAV de N-TET para respuesta de emergencia, comunicación temporal, operaciones UAV, con integración práctica, registros operativos y soporte de despliegue para equipos técnicos.",Emergencia comunicación UAV | N-TET,Emergencia comunicación UAV,Emergencia comunicación UAV Workflow | Especificaciones técnicas | Equipos relacionados | FAQ y planificacion del proyecto | Solicitar solución y cotización | Resumen | Especificaciones técnicas | Equipos relacionados | FAQ y planificacion del proyecto | Solicitar solución y cotización,.next/server/app/es/solutions/emergency-communication-uav.html
/es/solutions/emergency-communication-uav-solution,es,strong,85,Emergencia comunicación UAV solución,2,true,true,true,false,true,1858,21,1.130,1,8,H2 未命中关键词,Emergencia comunicación UAV solución | N-TET,"Emergencia comunicación UAV solución de N-TET para comunicación temporal, con integración práctica, registros operativos y soporte de despliegue para equipos técnicos.",Emergencia comunicación UAV solución | N-TET,Emergencia comunicación UAV solución,Equipos relacionados | FAQ y planificacion del proyecto | Solicitar solución y cotización | Resumen | Especificaciones técnicas | Equipos relacionados | FAQ y planificacion del proyecto | Solicitar solución y cotización,.next/server/app/es/solutions/emergency-communication-uav-solution.html
/es/solutions/emergency-lighting-uav,es,strong,100,Emergencia iluminación UAV,2,true,true,true,true,true,1865,25,1.340,1,10,,Emergencia iluminación UAV | N-TET,"Emergencia iluminación UAV de N-TET para iluminación operativa, infraestructura eléctrica, con integración práctica, registros operativos y soporte de despliegue para equipos técnicos.",Emergencia iluminación UAV | N-TET,Emergencia iluminación UAV,Emergencia iluminación UAV Workflow | Especificaciones técnicas | Equipos relacionados | FAQ y planificacion del proyecto | Solicitar solución y cotización | Resumen | Especificaciones técnicas | Equipos relacionados | FAQ y planificacion del proyecto | Solicitar solución y cotización,.next/server/app/es/solutions/emergency-lighting-uav.html
/es/solutions/emergency-reconnaissance-uav,es,strong,100,Emergencia reconocimiento UAV,2,true,true,true,true,true,1869,25,1.338,1,10,,Emergencia reconocimiento UAV | N-TET,"Emergencia reconocimiento UAV de N-TET para operaciones UAV, con integración práctica, registros operativos y soporte de despliegue para equipos técnicos.",Emergencia reconocimiento UAV | N-TET,Emergencia reconocimiento UAV,Emergencia reconocimiento UAV Workflow | Especificaciones técnicas | Equipos relacionados | FAQ y planificacion del proyecto | Solicitar solución y cotización | Resumen | Especificaciones técnicas | Equipos relacionados | FAQ y planificacion del proyecto | Solicitar solución y cotización,.next/server/app/es/solutions/emergency-reconnaissance-uav.html
/es/solutions/emergency-search-rescue-uav-solution,es,strong,85,Emergencia búsqueda & rescate UAV solución,2,true,true,true,false,true,1902,21,1.104,1,10,H2 未命中关键词,Emergencia búsqueda & rescate UAV solución | N-TET,"Emergencia búsqueda & rescate UAV solución de N-TET para operaciones UAV, gestión hídrica, con integración práctica, registros operativos y soporte de despliegue para equipos técnicos.",Emergencia búsqueda & rescate UAV solución | N-TET,Emergencia búsqueda & rescate UAV solución,Equipos relacionados | Casos relacionados | FAQ y planificacion del proyecto | Solicitar solución y cotización | Resumen | Especificaciones técnicas | Equipos relacionados | Casos relacionados | FAQ y planificacion del proyecto | Solicitar solución y cotización,.next/server/app/es/solutions/emergency-search-rescue-uav-solution.html
/es/solutions/high-rise-firefighting-uav-solution,es,strong,85,High-Rise apoyo contra incendios UAV solución,2,true,true,true,false,true,1928,21,1.089,1,8,H2 未命中关键词,High-Rise apoyo contra incendios UAV solución | N-TET,"High-Rise apoyo contra incendios UAV solución de N-TET para operaciones UAV, gestión hídrica, con integración práctica, registros operativos y soporte de despliegue para equipos técnicos.",High-Rise apoyo contra incendios UAV solución | N-TET,High-Rise apoyo contra incendios UAV solución,Equipos relacionados | FAQ y planificacion del proyecto | Solicitar solución y cotización | Resumen | Especificaciones técnicas | Equipos relacionados | FAQ y planificacion del proyecto | Solicitar solución y cotización,.next/server/app/es/solutions/high-rise-firefighting-uav-solution.html
/es/solutions/hydroelectric-dam-protection,es,strong,100,Presa hidroeléctrica Protection,2,true,true,true,true,true,2403,21,0.874,1,13,,Presa hidroeléctrica Protection | N-TET,"Presa hidroeléctrica Protection de N-TET para inspección, seguridad de sitio, infraestructura eléctrica, con integración práctica, registros operativos y soporte de despliegue para equipos técnicos.",Presa hidroeléctrica Protection | N-TET,Presa hidroeléctrica Protection,Presa hidroeléctrica Protection Workflow | Low-Altitude Security Workflow for Dam Operations | Módulos de la solución | Equipos relacionados | FAQ y planificacion del proyecto | Solicitar solución y cotización | Resumen | Necesidades de la industria | Low-Altitude Security Workflow for Dam Operations | Módulos de la solución | Equipos relacionados | FAQ y planificacion del proyecto | Solicitar solución y cotización,.next/server/app/es/solutions/hydroelectric-dam-protection.html
/es/solutions/judicial-sector-security,es,strong,100,Sector judicial seguridad Protection,2,true,true,true,true,true,2562,25,0.976,1,10,,Sector judicial seguridad Protection | N-TET,"Sector judicial seguridad Protection de N-TET para inspección, monitoreo, seguridad de sitio, con integración práctica, registros operativos y soporte de despliegue para equipos técnicos.",Sector judicial seguridad Protection | N-TET,Sector judicial seguridad Protection,Sector judicial seguridad Protection Workflow | Especificaciones técnicas | Equipos relacionados | FAQ y planificacion del proyecto | Solicitar solución y cotización | Resumen | Especificaciones técnicas | Equipos relacionados | FAQ y planificacion del proyecto | Solicitar solución y cotización,.next/server/app/es/solutions/judicial-sector-security.html
/es/solutions/land-based-maritime-surveillance,es,strong,100,Land-based marítimo vigilancia & Early Warning,2,true,true,true,true,true,1881,25,1.329,1,10,,Land-based marítimo vigilancia & Early Warning | N-TET,"Land-based marítimo vigilancia & Early Warning de N-TET para monitoreo, seguridad de sitio, con integración práctica, registros operativos y soporte de despliegue para equipos técnicos.",Land-based marítimo vigilancia & Early Warning | N-TET,Land-based marítimo vigilancia & Early Warning,Land-based marítimo vigilancia & Early Warning Workflow | Especificaciones técnicas | Equipos relacionados | FAQ y planificacion del proyecto | Solicitar solución y cotización | Resumen | Especificaciones técnicas | Equipos relacionados | FAQ y planificacion del proyecto | Solicitar solución y cotización,.next/server/app/es/solutions/land-based-maritime-surveillance.html
/es/solutions/night-emergency-lighting-support-uav-solution,es,strong,85,UAV de iluminación cautivo,4,true,true,true,false,true,2460,21,0.854,1,15,H2 未命中关键词,Solución UAV de iluminación cautivo | N-TET,"UAV de iluminación cautivo es el tema principal de esta página, con cobertura relacionada para dron de iluminación, sistema de iluminación UAV, dron de iluminación de emergencia.",UAV de iluminación cautivo | dron de iluminación | sistema de iluminación UAV | dron de iluminación de emergencia,Solución UAV de iluminación cautivo,Flujo de iluminación UAV cautivo | Cómo los UAV mejoran la eficiencia operativa | Módulos de la solución | Equipos relacionados | Casos relacionados | FAQ y planificacion del proyecto | Solicitar solución y cotización | Resumen | Necesidades de la industria | Cómo los UAV mejoran la operación | Módulos de la solución | Equipos relacionados | Casos relacionados | FAQ y planificacion del proyecto | Solicitar solución y cotización,.next/server/app/es/solutions/night-emergency-lighting-support-uav-solution.html
/es/solutions/oil-production-base-protection,es,strong,100,oil and gas drone inspection,4,true,true,true,true,true,2469,18,0.729,1,13,,Oil and Gas Drone Inspection Solution | N-TET,"This oil and gas drone inspection solution supports oil production sites, pipeline corridor inspection, industrial facility inspection UAV workflows, and low-altitude monitoring around field assets.",oil and gas drone inspection | industrial facility inspection UAV | pipeline corridor inspection | oil production site monitoring,Oil and Gas Drone Inspection Solution,Oil and Gas Drone Inspection Workflow | Layered Low-Altitude Protection for Oil Production Sites | Módulos de la solución | Equipos relacionados | FAQ y planificacion del proyecto | Solicitar solución y cotización | Resumen | Necesidades de la industria | Layered Low-Altitude Protection for Oil Production Sites | Módulos de la solución | Equipos relacionados | FAQ y planificacion del proyecto | Solicitar solución y cotización,.next/server/app/es/solutions/oil-production-base-protection.html
/es/solutions/post-disaster-emergency-communication-support-uav-solution,es,strong,100,UAV de comunicación de emergencia,4,true,true,true,true,true,2470,20,0.810,1,15,,Solución UAV de comunicación de emergencia | N-TET,"UAV de comunicación de emergencia es el tema principal de esta página, con cobertura relacionada para dron de comunicación para respuesta a desastres, UAV de comunicación cautivo, comunicaciones UAV de seguridad pública.",UAV de comunicación de emergencia | dron de comunicación para respuesta a desastres | UAV de comunicación cautivo | comunicaciones UAV de seguridad pública,Solución UAV de comunicación de emergencia,Flujo UAV de comunicación de emergencia | Cómo los UAV mejoran la eficiencia operativa | Módulos de la solución | Equipos relacionados | Casos relacionados | FAQ y planificacion del proyecto | Solicitar solución y cotización | Resumen | Necesidades de la industria | Cómo los UAV mejoran la operación | Módulos de la solución | Equipos relacionados | Casos relacionados | FAQ y planificacion del proyecto | Solicitar solución y cotización,.next/server/app/es/solutions/post-disaster-emergency-communication-support-uav-solution.html
/es/solutions/power-generation-facility-low-altitude-monitoring,es,strong,100,Eléctrica Generation Facility espacio aéreo monitoreo,2,true,true,true,true,true,1981,29,1.464,1,10,,Eléctrica Generation Facility espacio aéreo monitoreo | N-TET,"Eléctrica Generation Facility espacio aéreo monitoreo de N-TET para infraestructura eléctrica, con integración práctica, registros operativos y soporte de despliegue para equipos técnicos.",Eléctrica Generation Facility espacio aéreo monitoreo | N-TET,Eléctrica Generation Facility espacio aéreo monitoreo,Eléctrica Generation Facility espacio aéreo monitoreo Workflow | Especificaciones técnicas | Equipos relacionados | FAQ y planificacion del proyecto | Solicitar solución y cotización | Resumen | Especificaciones técnicas | Equipos relacionados | FAQ y planificacion del proyecto | Solicitar solución y cotización,.next/server/app/es/solutions/power-generation-facility-low-altitude-monitoring.html
/es/solutions/power-line-uav-intelligent-inspection-solution,es,strong,85,dron para inspección de líneas eléctricas,4,true,true,true,false,true,2562,18,0.703,1,11,H2 未命中关键词,Solución de dron para inspección de líneas eléctricas | N-TET,"dron para inspección de líneas eléctricas es el tema principal de esta página, con cobertura relacionada para inspección de líneas eléctricas con UAV, dron de inspección de torres, dron de inspección de servicios públicos.",dron para inspección de líneas eléctricas | inspección de líneas eléctricas con UAV | dron de inspección de torres | dron de inspección de servicios públicos,Solución de dron para inspección de líneas eléctricas,Flujo de inspección de líneas eléctricas con dron | Cómo los UAV mejoran la eficiencia operativa | Módulos de la solución | FAQ y planificacion del proyecto | Solicitar solución y cotización | Resumen | Necesidades de la industria | Cómo los UAV mejoran la operación | Módulos de la solución | FAQ y planificacion del proyecto | Solicitar solución y cotización,.next/server/app/es/solutions/power-line-uav-intelligent-inspection-solution.html
/es/solutions/power-tower-inspection-uav-solution,es,strong,85,Eléctrica Tower inspección UAV solución,2,true,true,true,false,true,1906,21,1.102,1,10,H2 未命中关键词,Eléctrica Tower inspección UAV solución | N-TET,"Eléctrica Tower inspección UAV solución de N-TET para inspección, patrullaje, operaciones UAV, con integración práctica, registros operativos y soporte de despliegue para equipos técnicos.",Eléctrica Tower inspección UAV solución | N-TET,Eléctrica Tower inspección UAV solución,Equipos relacionados | Casos relacionados | FAQ y planificacion del proyecto | Solicitar solución y cotización | Resumen | Especificaciones técnicas | Equipos relacionados | Casos relacionados | FAQ y planificacion del proyecto | Solicitar solución y cotización,.next/server/app/es/solutions/power-tower-inspection-uav-solution.html
/es/solutions/smart-substation-autonomous-inspection-solution,es,strong,85,Smart subestación Autonomous UAV inspección solución,2,true,true,true,false,true,1952,21,1.076,1,10,H2 未命中关键词,Smart subestación Autonomous UAV inspección solución | N-TET,"Smart subestación Autonomous UAV inspección solución de N-TET para inspección, patrullaje, operaciones UAV, con integración práctica, registros operativos y soporte de despliegue para equipos técnicos.",Smart subestación Autonomous UAV inspección solución | N-TET,Smart subestación Autonomous UAV inspección solución,Equipos relacionados | Casos relacionados | FAQ y planificacion del proyecto | Solicitar solución y cotización | Resumen | Especificaciones técnicas | Equipos relacionados | Casos relacionados | FAQ y planificacion del proyecto | Solicitar solución y cotización,.next/server/app/es/solutions/smart-substation-autonomous-inspection-solution.html
/es/solutions/smart-substation-unattended-uav-inspection-solution,es,strong,100,inspección autónoma de subestaciones inteligentes,4,true,true,true,true,true,2494,22,0.882,1,15,,Solución de inspección autónoma de subestaciones inteligentes | N-TET,"inspección autónoma de subestaciones inteligentes es el tema principal de esta página, con cobertura relacionada para dron de inspección de subestaciones, inspección UAV de servicios eléctricos, inspección autónoma UAV.",inspección autónoma de subestaciones inteligentes | dron de inspección de subestaciones | inspección UAV de servicios eléctricos | inspección autónoma UAV,Solución de inspección autónoma de subestaciones inteligentes,Flujo de inspección autónoma de subestaciones inteligentes | How UAVs Upgrade Substation Inspection | Módulos de la solución | Equipos relacionados | Casos relacionados | FAQ y planificacion del proyecto | Solicitar solución y cotización | Resumen | Necesidades de la industria | How UAVs Upgrade Substation Inspection | Módulos de la solución | Equipos relacionados | Casos relacionados | FAQ y planificacion del proyecto | Solicitar solución y cotización,.next/server/app/es/solutions/smart-substation-unattended-uav-inspection-solution.html
/es/solutions/sports-event-security,es,strong,100,Large evento deportivo seguridad Protection,2,true,true,true,true,true,2380,21,0.882,1,13,,Large evento deportivo seguridad Protection | N-TET,"Large evento deportivo seguridad Protection de N-TET para inspección, seguridad de sitio, con integración práctica, registros operativos y soporte de despliegue para equipos técnicos.",Large evento deportivo seguridad Protection | N-TET,Large evento deportivo seguridad Protection,Large evento deportivo seguridad Protection Workflow | How Integrated Monitoring and Screening Support Large Events | Módulos de la solución | Equipos relacionados | FAQ y planificacion del proyecto | Solicitar solución y cotización | Resumen | Necesidades de la industria | How Integrated Monitoring and Screening Support Large Events | Módulos de la solución | Equipos relacionados | FAQ y planificacion del proyecto | Solicitar solución y cotización,.next/server/app/es/solutions/sports-event-security.html
/es/solutions/tethered-lighting-uav-solution,es,strong,85,Cautivo iluminación UAV solución,2,true,true,true,false,true,1900,21,1.105,1,10,H2 未命中关键词,Cautivo iluminación UAV solución | N-TET,"Cautivo iluminación UAV solución de N-TET para respuesta de emergencia, iluminación operativa, con integración práctica, registros operativos y soporte de despliegue para equipos técnicos.",Cautivo iluminación UAV solución | N-TET,Cautivo iluminación UAV solución,Equipos relacionados | Casos relacionados | FAQ y planificacion del proyecto | Solicitar solución y cotización | Resumen | Especificaciones técnicas | Equipos relacionados | Casos relacionados | FAQ y planificacion del proyecto | Solicitar solución y cotización,.next/server/app/es/solutions/tethered-lighting-uav-solution.html
/es/solutions/uav-maritime-emergency-rescue,es,strong,100,UAV marítimo emergencia rescate,2,true,true,true,true,true,1890,25,1.323,1,10,,UAV marítimo emergencia rescate | N-TET,"UAV marítimo emergencia rescate de N-TET para respuesta de emergencia, operaciones UAV, con integración práctica, registros operativos y soporte de despliegue para equipos técnicos.",UAV marítimo emergencia rescate | N-TET,UAV marítimo emergencia rescate,UAV marítimo emergencia rescate Workflow | Especificaciones técnicas | Equipos relacionados | FAQ y planificacion del proyecto | Solicitar solución y cotización | Resumen | Especificaciones técnicas | Equipos relacionados | FAQ y planificacion del proyecto | Solicitar solución y cotización,.next/server/app/es/solutions/uav-maritime-emergency-rescue.html
/es/solutions/uav-maritime-patrol,es,strong,100,UAV de patrullaje marítimo,4,true,true,true,true,true,2350,19,0.809,1,15,,Solución UAV de patrullaje marítimo | N-TET,"UAV de patrullaje marítimo es el tema principal de esta página, con cobertura relacionada para dron de monitoreo costero, UAV de patrullaje fronterizo, UAV para patrullaje fronterizo.",UAV de patrullaje marítimo | dron de monitoreo costero | UAV de patrullaje fronterizo | UAV para patrullaje fronterizo,Solución UAV de patrullaje marítimo,Flujo UAV de patrullaje marítimo | Cómo los UAV mejoran la eficiencia operativa | Módulos de la solución | Equipos relacionados | Casos relacionados | FAQ y planificacion del proyecto | Solicitar solución y cotización | Resumen | Necesidades de la industria | Cómo los UAV mejoran la operación | Módulos de la solución | Equipos relacionados | Casos relacionados | FAQ y planificacion del proyecto | Solicitar solución y cotización,.next/server/app/es/solutions/uav-maritime-patrol.html
/es/solutions/urban-high-rise-firefighting-emergency-uav-solution,es,strong,100,dron contra incendios,4,true,true,true,true,true,2535,19,0.750,1,15,,Solución de dron contra incendios | N-TET,"dron contra incendios es el tema principal de esta página, con cobertura relacionada para UAV contra incendios en edificios altos, dron para combatir incendios, drones contra incendios.",dron contra incendios | UAV contra incendios en edificios altos | dron para combatir incendios | drones contra incendios,Solución de dron contra incendios,Flujo de trabajo con dron contra incendios | Cómo los UAV mejoran la eficiencia operativa | Módulos de la solución | Equipos relacionados | Casos relacionados | FAQ y planificacion del proyecto | Solicitar solución y cotización | Resumen | Necesidades de la industria | Cómo los UAV mejoran la operación | Módulos de la solución | Equipos relacionados | Casos relacionados | FAQ y planificacion del proyecto | Solicitar solución y cotización,.next/server/app/es/solutions/urban-high-rise-firefighting-emergency-uav-solution.html
/es/solutions/water-conservancy-monitoring-uav-solution,es,strong,85,Gestión hídrica monitoreo UAV solución,2,true,true,true,false,true,1903,21,1.104,1,10,H2 未命中关键词,Gestión hídrica monitoreo UAV solución | N-TET,"Gestión hídrica monitoreo UAV solución de N-TET para inspección, monitoreo, operaciones UAV, con integración práctica, registros operativos y soporte de despliegue para equipos técnicos.",Gestión hídrica monitoreo UAV solución | N-TET,Gestión hídrica monitoreo UAV solución,Equipos relacionados | Casos relacionados | FAQ y planificacion del proyecto | Solicitar solución y cotización | Resumen | Especificaciones técnicas | Equipos relacionados | Casos relacionados | FAQ y planificacion del proyecto | Solicitar solución y cotización,.next/server/app/es/solutions/water-conservancy-monitoring-uav-solution.html
/es/solutions/water-conservancy-river-lake-uav-monitoring-solution,es,strong,85,UAV de monitoreo de recursos hídricos,4,true,true,true,false,true,2691,18,0.669,1,15,H2 未命中关键词,Solución UAV de monitoreo de recursos hídricos | N-TET,"UAV de monitoreo de recursos hídricos es el tema principal de esta página, con cobertura relacionada para UAV de inspección de presas, monitoreo UAV de ríos y lagos, dron de monitoreo de inundaciones.",UAV de monitoreo de recursos hídricos | UAV de inspección de presas | monitoreo UAV de ríos y lagos | dron de monitoreo de inundaciones,Solución UAV de monitoreo de recursos hídricos,Flujo de monitoreo UAV de recursos hídricos | Cómo los UAV mejoran la eficiencia operativa | Módulos de la solución | Equipos relacionados | Casos relacionados | FAQ y planificacion del proyecto | Solicitar solución y cotización | Resumen | Necesidades de la industria | Cómo los UAV mejoran la operación | Módulos de la solución | Equipos relacionados | Casos relacionados | FAQ y planificacion del proyecto | Solicitar solución y cotización,.next/server/app/es/solutions/water-conservancy-river-lake-uav-monitoring-solution.html
/ru,ru,strong,85,промышленные БПЛА,4,true,true,true,false,true,1132,6,0.530,1,11,H2 未命中关键词,Промышленные БПЛА для низковысотных операций | N-TET,"промышленные БПЛА является основной темой этой страницы; также раскрываются связанные задачи: мониторинг низкой высоты, инспекционный БПЛА, аварийный БПЛА.",промышленные БПЛА | мониторинг низкой высоты | инспекционный БПЛА | аварийный БПЛА,Промышленные БПЛА для низковысотных операций,Решения | Продукты | Дрон для мониторинга водных ресурсов | Кейсы | О компании | Новости | Решения | Продукты | Кейсы | О компании | Новости,.next/server/app/ru.html
/ru/about,ru,strong,85,интегратор промышленных систем БПЛА,4,true,true,true,false,true,1123,5,0.445,1,5,H2 未命中关键词,N-TET: интегратор промышленных систем БПЛА,"N-TET - интегратор промышленных систем БПЛА и поставщик решений для мониторинга низкой высоты, инспекционных процессов и технологий безопасности.",интегратор промышленных систем БПЛА | поставщик систем БПЛА | поставщик решений для мониторинга низкой высоты | интегратор технологий безопасности,N-TET: интегратор промышленных систем БПЛА,Возможности интеграции промышленных систем БПЛА | Команда R&D | Профиль компании | Команда R&D | Запросить решение и КП,.next/server/app/ru/about.html
/ru/accessories,ru,strong,95,аксессуары для БПЛА,5,true,true,true,true,true,1322,55,4.160,1,11,关键词密度偏高，需要检查堆砌风险,Аксессуары и компоненты БПЛА | N-TET,"аксессуары для БПЛА является основной темой этой страницы; также раскрываются связанные задачи: компоненты БПЛА, подвес БПЛА, двигатель БПЛА.",аксессуары для БПЛА | компоненты БПЛА | подвес БПЛА | двигатель БПЛА | канал передачи данных БПЛА,Аксессуары и компоненты БПЛА,Аксессуары для дронов и компоненты БПЛА для промышленных платформ | FAQ по аксессуарам для дронов | Полетные контроллеры | Электродвигатели БПЛА | Пропеллеры БПЛА | Аккумуляторы БПЛА | Электрооптические подвесы | Двигатели БПЛА | Каналы передачи данных БПЛА | Пульты управления БПЛА | Запросить решение и КП,.next/server/app/ru/accessories.html
/ru/accessories/fc-bt1,ru,strong,85,Твердотельная батарея для БПЛА FC-BT1,4,true,false,true,true,true,3932,8,0.203,1,5,description 未命中关键词,Твердотельная батарея для БПЛА FC-BT1 | N-TET Drone Accessories,"FC-BT1 — серия твердотельных литий-ионных батарей 280Wh/kg, 4.2V 10C с емкостью 16Ah-30Ah для инспекционных, картографических, VTOL и мультикоптерных промышленных БПЛА, роботов и безэкипажных судов.",Твердотельная батарея для БПЛА FC-BT1 | drone accessories | UAV components | industrial UAV parts,Твердотельная батарея для БПЛА FC-BT1,Твердотельная батарея для БПЛА FC-BT1 Technical Specifications | Запросить решение и КП | Обзор | Технические характеристики | Запросить решение и КП,.next/server/app/ru/accessories/fc-bt1.html
/ru/accessories/fc-bt2,ru,strong,85,Твердотельная батарея для БПЛА FC-BT2,4,true,false,true,true,true,3426,8,0.234,1,5,description 未命中关键词,Твердотельная батарея для БПЛА FC-BT2 | N-TET Drone Accessories,"FC-BT2 — обновленная серия на базе FC-BT1 с удельной энергией 310Wh/kg, улучшенной устойчивостью к ветру и безопасностью посадки для инспекционных, картографических, VTOL и мультикоптерных промышленных БПЛА.",Твердотельная батарея для БПЛА FC-BT2 | drone accessories | UAV components | industrial UAV parts,Твердотельная батарея для БПЛА FC-BT2,Твердотельная батарея для БПЛА FC-BT2 Technical Specifications | Запросить решение и КП | Обзор | Технические характеристики | Запросить решение и КП,.next/server/app/ru/accessories/fc-bt2.html
/ru/accessories/fc-bt3,ru,strong,85,Высоковольтная твердотельная батарея для БПЛА FC-BT3,4,true,false,true,true,true,3539,8,0.226,1,5,description 未命中关键词,Высоковольтная твердотельная батарея для БПЛА FC-BT3 | N-TET Drone Accessories,FC-BT3 — высоковольтная твердотельная серия 4.35V с более высоким разрядным током и меньшей просадкой напряжения для тяжелых VTOL-платформ и аппаратов с разной нагрузкой в вертикальном взлете и горизонтальном полете.,Высоковольтная твердотельная батарея для БПЛА FC-BT3 | drone accessories | UAV components | industrial UAV parts,Высоковольтная твердотельная батарея для БПЛА FC-BT3,Высоковольтная твердотельная батарея для БПЛА FC-BT3 Technical Specifications | Запросить решение и КП | Обзор | Технические характеристики | Запросить решение и КП,.next/server/app/ru/accessories/fc-bt3.html
/ru/accessories/fc-bt4,ru,strong,85,Высокоэнергетическая твердотельная батарея для БПЛА FC-BT4,4,true,false,true,true,true,5407,8,0.148,1,5,description 未命中关键词,Высокоэнергетическая твердотельная батарея для БПЛА FC-BT4 | N-TET Drone Accessories,"FC-BT4 — твердотельная серия с удельной энергией 340Wh/kg, сочетающая низкую просадку напряжения, безопасность, длительный срок службы и экономичность для разведывательных, солнечных, картографических, охранных и дальнолетных БПЛА.",Высокоэнергетическая твердотельная батарея для БПЛА FC-BT4 | drone accessories | UAV components | industrial UAV parts,Высокоэнергетическая твердотельная батарея для БПЛА FC-BT4,Высокоэнергетическая твердотельная батарея для БПЛА FC-BT4 Technical Specifications | Запросить решение и КП | Обзор | Технические характеристики | Запросить решение и КП,.next/server/app/ru/accessories/fc-bt4.html
/ru/accessories/fc-btg,ru,strong,85,Учебная твердотельная батарея для БПЛА FC-BTG,4,true,false,true,true,true,2667,8,0.300,1,5,description 未命中关键词,Учебная твердотельная батарея для БПЛА FC-BTG | N-TET Drone Accessories,"FC-BTG — экономичная серия твердотельных батарей для обучения, логистики и энергетических работ, включающая конфигурации FC-BTG-TG1 и FC-BTG-TG3 со стабильной отдачей, длительным полетом и адаптацией к учебной практике.",Учебная твердотельная батарея для БПЛА FC-BTG | drone accessories | UAV components | industrial UAV parts,Учебная твердотельная батарея для БПЛА FC-BTG,Учебная твердотельная батарея для БПЛА FC-BTG Technical Specifications | Запросить решение и КП | Обзор | Технические характеристики | Запросить решение и КП,.next/server/app/ru/accessories/fc-btg.html
/ru/accessories/fc-c2d-propeller,ru,strong,85,Пропеллер БПЛА FC-C2D,4,true,false,true,true,true,1514,6,0.396,1,5,description 未命中关键词,Пропеллер БПЛА FC-C2D | N-TET Drone Accessories,Диапазон размеров: 11~42 дюймов; максимальная тяга: 12.42kgf (7000RPM); пиковая эффективность винта: 11.08gf/W (2821RPM).,Пропеллер БПЛА FC-C2D | drone accessories | UAV components | industrial UAV parts,Пропеллер БПЛА FC-C2D,Пропеллер БПЛА FC-C2D Technical Specifications | Запросить решение и КП | Обзор | Технические характеристики | Запросить решение и КП,.next/server/app/ru/accessories/fc-c2d-propeller.html
/ru/accessories/fc-c2e-propeller,ru,strong,85,Пропеллер БПЛА FC-C2E,4,true,false,true,true,true,1452,6,0.413,1,5,description 未命中关键词,Пропеллер БПЛА FC-C2E | N-TET Drone Accessories,Диапазон размеров: 8~32 дюймов; максимальная тяга: 10.84kgf (6261RPM); пиковая эффективность винта: 10.83gf/W (3442RPM).,Пропеллер БПЛА FC-C2E | drone accessories | UAV components | industrial UAV parts,Пропеллер БПЛА FC-C2E,Пропеллер БПЛА FC-C2E Technical Specifications | Запросить решение и КП | Обзор | Технические характеристики | Запросить решение и КП,.next/server/app/ru/accessories/fc-c2e-propeller.html
/ru/accessories/fc-c2t-propeller,ru,strong,85,Пропеллер БПЛА FC-C2T,4,true,false,true,true,true,1500,6,0.400,1,5,description 未命中关键词,Пропеллер БПЛА FC-C2T | N-TET Drone Accessories,Диапазон размеров: 14~46 дюймов; максимальная тяга: 24.99kgf (7850RPM); пиковая эффективность винта: 8.49gf/W (3036RPM).,Пропеллер БПЛА FC-C2T | drone accessories | UAV components | industrial UAV parts,Пропеллер БПЛА FC-C2T,Пропеллер БПЛА FC-C2T Technical Specifications | Запросить решение и КП | Обзор | Технические характеристики | Запросить решение и КП,.next/server/app/ru/accessories/fc-c2t-propeller.html
/ru/accessories/fc-c2u-propeller,ru,strong,85,Пропеллер БПЛА FC-C2U,4,true,false,true,true,true,1490,6,0.403,1,5,description 未命中关键词,Пропеллер БПЛА FC-C2U | N-TET Drone Accessories,Диапазон размеров: 16~47 дюймов; максимальная тяга: 38.70kgf (7279RPM); пиковая эффективность винта: 12.63gf/W (2309RPM).,Пропеллер БПЛА FC-C2U | drone accessories | UAV components | industrial UAV parts,Пропеллер БПЛА FC-C2U,Пропеллер БПЛА FC-C2U Technical Specifications | Запросить решение и КП | Обзор | Технические характеристики | Запросить решение и КП,.next/server/app/ru/accessories/fc-c2u-propeller.html
/ru/accessories/fc-c2ud-propeller,ru,strong,85,Пропеллер БПЛА FC-C2UD,4,true,false,true,true,true,1542,6,0.389,1,5,description 未命中关键词,Пропеллер БПЛА FC-C2UD | N-TET Drone Accessories,Диапазон размеров: 18~40 дюймов; максимальная тяга: 37.65kgf (7838RPM); пиковая эффективность винта: 6.64gf/W (3720RPM).,Пропеллер БПЛА FC-C2UD | drone accessories | UAV components | industrial UAV parts,Пропеллер БПЛА FC-C2UD,Пропеллер БПЛА FC-C2UD Technical Specifications | Запросить решение и КП | Обзор | Технические характеристики | Запросить решение и КП,.next/server/app/ru/accessories/fc-c2ud-propeller.html
/ru/accessories/fc-fdj-111,ru,strong,100,Двигатель БПЛА FC-FDJ-111,4,true,true,true,true,true,1288,8,0.621,1,5,,Двигатель БПЛА FC-FDJ-111 | N-TET Drone Accessories,"Двигатель БПЛА FC-FDJ-111: рабочий объем 111.2cm3, мощность/характеристика 11.2HP/7500rpm, статическая тяга 25.5kg/высота 100м.",Двигатель БПЛА FC-FDJ-111 | drone accessories | UAV components | industrial UAV parts,Двигатель БПЛА FC-FDJ-111,Двигатель БПЛА FC-FDJ-111 Technical Specifications | Запросить решение и КП | Обзор | Технические характеристики | Запросить решение и КП,.next/server/app/ru/accessories/fc-fdj-111.html
/ru/accessories/fc-fdj-120,ru,strong,100,Двигатель БПЛА FC-FDJ-120,4,true,true,true,true,true,1268,8,0.631,1,5,,Двигатель БПЛА FC-FDJ-120 | N-TET Drone Accessories,"Двигатель БПЛА FC-FDJ-120: рабочий объем 120cm3, мощность/характеристика 12HP/7500rpm, статическая тяга 26.5kg/высота 100м.",Двигатель БПЛА FC-FDJ-120 | drone accessories | UAV components | industrial UAV parts,Двигатель БПЛА FC-FDJ-120,Двигатель БПЛА FC-FDJ-120 Technical Specifications | Запросить решение и КП | Обзор | Технические характеристики | Запросить решение и КП,.next/server/app/ru/accessories/fc-fdj-120.html
/ru/accessories/fc-fdj-120hd,ru,strong,100,Двигатель БПЛА FC-FDJ-120HD,4,true,true,true,true,true,1232,8,0.649,1,5,,Двигатель БПЛА FC-FDJ-120HD | N-TET Drone Accessories,"Двигатель БПЛА FC-FDJ-120HD: рабочий объем 120cm3, мощность/характеристика 7.35KW(0высота)/8000rpm.",Двигатель БПЛА FC-FDJ-120HD | drone accessories | UAV components | industrial UAV parts,Двигатель БПЛА FC-FDJ-120HD,Двигатель БПЛА FC-FDJ-120HD Technical Specifications | Запросить решение и КП | Обзор | Технические характеристики | Запросить решение и КП,.next/server/app/ru/accessories/fc-fdj-120hd.html
/ru/accessories/fc-fdj-170,ru,strong,100,Двигатель БПЛА FC-FDJ-170,4,true,true,true,true,true,1258,8,0.636,1,5,,Двигатель БПЛА FC-FDJ-170 | N-TET Drone Accessories,"Двигатель БПЛА FC-FDJ-170: рабочий объем 170cm3, мощность/характеристика 17.5HP/7500rpm, статическая тяга 35kg/высота 100м.",Двигатель БПЛА FC-FDJ-170 | drone accessories | UAV components | industrial UAV parts,Двигатель БПЛА FC-FDJ-170,Двигатель БПЛА FC-FDJ-170 Technical Specifications | Запросить решение и КП | Обзор | Технические характеристики | Запросить решение и КП,.next/server/app/ru/accessories/fc-fdj-170.html
/ru/accessories/fc-fdj-200,ru,strong,100,Двигатель БПЛА FC-FDJ-200,4,true,true,true,true,true,1244,8,0.643,1,5,,Двигатель БПЛА FC-FDJ-200 | N-TET Drone Accessories,"Двигатель БПЛА FC-FDJ-200: рабочий объем 200CC, мощность/характеристика 20HP/7500rpm.",Двигатель БПЛА FC-FDJ-200 | drone accessories | UAV components | industrial UAV parts,Двигатель БПЛА FC-FDJ-200,Двигатель БПЛА FC-FDJ-200 Technical Specifications | Запросить решение и КП | Обзор | Технические характеристики | Запросить решение и КП,.next/server/app/ru/accessories/fc-fdj-200.html
/ru/accessories/fc-fdj-222,ru,strong,100,Двигатель БПЛА FC-FDJ-222,4,true,true,true,true,true,1268,8,0.631,1,5,,Двигатель БПЛА FC-FDJ-222 | N-TET Drone Accessories,"Двигатель БПЛА FC-FDJ-222: рабочий объем 222.5cm3, мощность/характеристика 21.5HP/7500rpm, статическая тяга 51kg/высота 100м.",Двигатель БПЛА FC-FDJ-222 | drone accessories | UAV components | industrial UAV parts,Двигатель БПЛА FC-FDJ-222,Двигатель БПЛА FC-FDJ-222 Technical Specifications | Запросить решение и КП | Обзор | Технические характеристики | Запросить решение и КП,.next/server/app/ru/accessories/fc-fdj-222.html
/ru/accessories/fc-fdj-430,ru,strong,100,Двигатель БПЛА FC-FDJ-430,4,true,true,true,true,true,1420,8,0.563,1,5,,Двигатель БПЛА FC-FDJ-430 | N-TET Drone Accessories,"Двигатель БПЛА FC-FDJ-430: рабочий объем 430.8cc, мощность/характеристика 42HP at 6800 RPM, статическая тяга 110kg.",Двигатель БПЛА FC-FDJ-430 | drone accessories | UAV components | industrial UAV parts,Двигатель БПЛА FC-FDJ-430,Двигатель БПЛА FC-FDJ-430 Technical Specifications | Запросить решение и КП | Обзор | Технические характеристики | Запросить решение и КП,.next/server/app/ru/accessories/fc-fdj-430.html
/ru/accessories/fc-fdj-55,ru,strong,100,Двигатель БПЛА FC-FDJ-55,4,true,true,true,true,true,1292,8,0.619,1,5,,Двигатель БПЛА FC-FDJ-55 | N-TET Drone Accessories,"Двигатель БПЛА FC-FDJ-55: рабочий объем 55.6cm3, мощность/характеристика 5.5HP/8500rpm, статическая тяга 14.5kg/высота 100м.",Двигатель БПЛА FC-FDJ-55 | drone accessories | UAV components | industrial UAV parts,Двигатель БПЛА FC-FDJ-55,Двигатель БПЛА FC-FDJ-55 Technical Specifications | Запросить решение и КП | Обзор | Технические характеристики | Запросить решение и КП,.next/server/app/ru/accessories/fc-fdj-55.html
/ru/accessories/fc-fdj-60,ru,strong,100,Двигатель БПЛА FC-FDJ-60,4,true,true,true,true,true,1268,8,0.631,1,5,,Двигатель БПЛА FC-FDJ-60 | N-TET Drone Accessories,"Двигатель БПЛА FC-FDJ-60: рабочий объем 61cm3, мощность/характеристика 7HP/8500rpm, статическая тяга 15.2kg/высота 100м.",Двигатель БПЛА FC-FDJ-60 | drone accessories | UAV components | industrial UAV parts,Двигатель БПЛА FC-FDJ-60,Двигатель БПЛА FC-FDJ-60 Technical Specifications | Запросить решение и КП | Обзор | Технические характеристики | Запросить решение и КП,.next/server/app/ru/accessories/fc-fdj-60.html
/ru/accessories/fc-fdj-61,ru,strong,100,Двигатель БПЛА FC-FDJ-61,4,true,true,true,true,true,1266,8,0.632,1,5,,Двигатель БПЛА FC-FDJ-61 | N-TET Drone Accessories,"Двигатель БПЛА FC-FDJ-61: рабочий объем 60cm3, мощность/характеристика 6HP/7500rpm, статическая тяга 15kg/высота 100м.",Двигатель БПЛА FC-FDJ-61 | drone accessories | UAV components | industrial UAV parts,Двигатель БПЛА FC-FDJ-61,Двигатель БПЛА FC-FDJ-61 Technical Specifications | Запросить решение и КП | Обзор | Технические характеристики | Запросить решение и КП,.next/server/app/ru/accessories/fc-fdj-61.html
/ru/accessories/fc-fdj-70hd,ru,strong,100,Двигатель БПЛА FC-FDJ-70HD,4,true,true,true,true,true,1234,8,0.648,1,5,,Двигатель БПЛА FC-FDJ-70HD | N-TET Drone Accessories,"Двигатель БПЛА FC-FDJ-70HD: рабочий объем 70cm3, мощность/характеристика 4.2KW(0высота)/8300rpm.",Двигатель БПЛА FC-FDJ-70HD | drone accessories | UAV components | industrial UAV parts,Двигатель БПЛА FC-FDJ-70HD,Двигатель БПЛА FC-FDJ-70HD Technical Specifications | Запросить решение и КП | Обзор | Технические характеристики | Запросить решение и КП,.next/server/app/ru/accessories/fc-fdj-70hd.html
/ru/accessories/fc-fdj-85,ru,strong,100,Двигатель БПЛА FC-FDJ-85,4,true,true,true,true,true,1266,8,0.632,1,5,,Двигатель БПЛА FC-FDJ-85 | N-TET Drone Accessories,"Двигатель БПЛА FC-FDJ-85: рабочий объем 85cm3, мощность/характеристика 8.5HP/9000rpm, статическая тяга 21kg/высота 100м.",Двигатель БПЛА FC-FDJ-85 | drone accessories | UAV components | industrial UAV parts,Двигатель БПЛА FC-FDJ-85,Двигатель БПЛА FC-FDJ-85 Technical Specifications | Запросить решение и КП | Обзор | Технические характеристики | Запросить решение и КП,.next/server/app/ru/accessories/fc-fdj-85.html
/ru/accessories/fc-l10tr-three-light-gimbal,ru,strong,100,FC-L10TR электрооптический подвес,4,true,true,true,true,true,1754,8,0.456,1,5,,FC-L10TR электрооптический подвес | N-TET Drone Accessories,"FC-L10TR электрооптический подвес: 10x непрерывный оптический зум + тепловизор + лазерный дальномер 905nm; лазерное измерение 5m-1500m, вес <=800g.",FC-L10TR электрооптический подвес | drone accessories | UAV components | industrial UAV parts,FC-L10TR электрооптический подвес,FC-L10TR электрооптический подвес Technical Specifications | Запросить решение и КП | Обзор | Технические характеристики | Запросить решение и КП,.next/server/app/ru/accessories/fc-l10tr-three-light-gimbal.html
/ru/accessories/fc-l40-smart-optical-pod,ru,strong,100,FC-L40 электрооптический подвес,4,true,true,true,true,true,1606,8,0.498,1,5,,FC-L40 электрооптический подвес | N-TET Drone Accessories,"FC-L40 электрооптический подвес: 40x оптический зум в видимом свете; вес <=1kg, габариты <=Phi115mm x 175mm.",FC-L40 электрооптический подвес | drone accessories | UAV components | industrial UAV parts,FC-L40 электрооптический подвес,FC-L40 электрооптический подвес Technical Specifications | Запросить решение и КП | Обзор | Технические характеристики | Запросить решение и КП,.next/server/app/ru/accessories/fc-l40-smart-optical-pod.html
/ru/accessories/fc-l40t-dual-light-gimbal,ru,strong,100,FC-L40T электрооптический подвес,4,true,true,true,true,true,1700,8,0.471,1,5,,FC-L40T электрооптический подвес | N-TET Drone Accessories,"FC-L40T электрооптический подвес: видимый свет 1920x1080, диапазон зума 40x 4.25-170mm; тепловизор 640x512, вес <=1.1kg.",FC-L40T электрооптический подвес | drone accessories | UAV components | industrial UAV parts,FC-L40T электрооптический подвес,FC-L40T электрооптический подвес Technical Specifications | Запросить решение и КП | Обзор | Технические характеристики | Запросить решение и КП,.next/server/app/ru/accessories/fc-l40t-dual-light-gimbal.html
/ru/accessories/fc-l40tr-smart-optical-pod,ru,strong,100,FC-L40TR электрооптический подвес,4,true,true,true,true,true,1742,8,0.459,1,5,,FC-L40TR электрооптический подвес | N-TET Drone Accessories,"FC-L40TR электрооптический подвес: 40x видимый свет + тепловизор 640x512 + лазерный дальномер 1535nm; лазерное измерение 20m-3000m, вес <=1.3kg.",FC-L40TR электрооптический подвес | drone accessories | UAV components | industrial UAV parts,FC-L40TR электрооптический подвес,FC-L40TR электрооптический подвес Technical Specifications | Запросить решение и КП | Обзор | Технические характеристики | Запросить решение и КП,.next/server/app/ru/accessories/fc-l40tr-smart-optical-pod.html
/ru/accessories/fc-l50-smart-optical-pod,ru,strong,100,FC-L50 электрооптический подвес,4,true,true,true,true,true,1594,8,0.502,1,5,,FC-L50 электрооптический подвес | N-TET Drone Accessories,"FC-L50 электрооптический подвес: неохлаждаемый ИК-модуль 1280 x 1024; тепловизионное фокусное расстояние 50mm, вес <=1.5kg.",FC-L50 электрооптический подвес | drone accessories | UAV components | industrial UAV parts,FC-L50 электрооптический подвес,FC-L50 электрооптический подвес Technical Specifications | Запросить решение и КП | Обзор | Технические характеристики | Запросить решение и КП,.next/server/app/ru/accessories/fc-l50-smart-optical-pod.html
/ru/accessories/fc-ln100-dual-light-gimbal,ru,strong,100,FC-LN100 электрооптический подвес,4,true,true,true,true,true,1692,8,0.473,1,5,,FC-LN100 электрооптический подвес | N-TET Drone Accessories,"FC-LN100 электрооптический подвес: 4K видимый свет с фиксированным фокусом + тепловизор 640x512; вес <=260g, среднее энергопотребление 10w.",FC-LN100 электрооптический подвес | drone accessories | UAV components | industrial UAV parts,FC-LN100 электрооптический подвес,FC-LN100 электрооптический подвес Technical Specifications | Запросить решение и КП | Обзор | Технические характеристики | Запросить решение и КП,.next/server/app/ru/accessories/fc-ln100-dual-light-gimbal.html
/ru/accessories/fc-ln95-dual-light-gimbal,ru,strong,100,FC-LN95 электрооптический подвес,4,true,true,true,true,true,1768,8,0.452,1,5,,FC-LN95 электрооптический подвес | N-TET Drone Accessories,"FC-LN95 электрооптический подвес: две камеры видимого света с фиксированным фокусом, разрешение 3840x2160; вес <=260g, габариты <=Phi64mm x 90mm.",FC-LN95 электрооптический подвес | drone accessories | UAV components | industrial UAV parts,FC-LN95 электрооптический подвес,FC-LN95 электрооптический подвес Technical Specifications | Запросить решение и КП | Обзор | Технические характеристики | Запросить решение и КП,.next/server/app/ru/accessories/fc-ln95-dual-light-gimbal.html
/ru/accessories/fc-max-5330,ru,strong,100,Двигатель БПЛА FC-MAX 5330,4,true,true,true,true,true,4681,8,0.171,1,5,,Двигатель БПЛА FC-MAX 5330 | N-TET Drone Accessories,Двигатель БПЛА FC-MAX 5330 ключевые параметры: Макс. тяга: 11 kg / 11.5 kg; Номинальное рабочее напряжение: 12S; Значение KV: 220 KV / 260 KV.,Двигатель БПЛА FC-MAX 5330 | drone accessories | UAV components | industrial UAV parts,Двигатель БПЛА FC-MAX 5330,Двигатель БПЛА FC-MAX 5330 Technical Specifications | Запросить решение и КП | Обзор | Технические характеристики | Запросить решение и КП,.next/server/app/ru/accessories/fc-max-5330.html
/ru/accessories/fc-mesh-100,ru,strong,85,FC-Mesh-100 канал передачи данных БПЛА,4,true,false,true,true,true,1674,6,0.358,1,5,description 未命中关键词,FC-Mesh-100 канал передачи данных БПЛА | N-TET Drone Accessories,"FC-Mesh-100 — бортовая самоорганизующаяся радиостанция для многоточечной связи БПЛА, ретрансляции и координации воздух-земля.",FC-Mesh-100 канал передачи данных БПЛА | drone accessories | UAV components | industrial UAV parts,FC-Mesh-100 канал передачи данных БПЛА,FC-Mesh-100 канал передачи данных БПЛА Technical Specifications | Запросить решение и КП | Обзор | Технические характеристики | Запросить решение и КП,.next/server/app/ru/accessories/fc-mesh-100.html
/ru/accessories/fc-mini-l10tr-smart-optical-pod,ru,strong,100,FC-MiniL10TR электрооптический подвес,4,true,true,true,true,true,1766,8,0.453,1,5,,FC-MiniL10TR электрооптический подвес | N-TET Drone Accessories,"FC-MiniL10TR электрооптический подвес: 48MP видимый свет с 10x гибридным зумом + ИК + лазерный дальномер; вес <=400g, габариты <=95mm x 97mm x 147mm.",FC-MiniL10TR электрооптический подвес | drone accessories | UAV components | industrial UAV parts,FC-MiniL10TR электрооптический подвес,FC-MiniL10TR электрооптический подвес Technical Specifications | Запросить решение и КП | Обзор | Технические характеристики | Запросить решение и КП,.next/server/app/ru/accessories/fc-mini-l10tr-smart-optical-pod.html
/ru/accessories/fc-pab-propeller,ru,strong,85,Пропеллер БПЛА FC-PAB,4,true,false,true,true,true,1508,6,0.398,1,5,description 未命中关键词,Пропеллер БПЛА FC-PAB | N-TET Drone Accessories,Диапазон размеров: 15.2~36.2 дюймов; максимальная тяга: 26.41kgf (4817RPM); пиковая эффективность винта: 17.52gf/W (1476RPM).,Пропеллер БПЛА FC-PAB | drone accessories | UAV components | industrial UAV parts,Пропеллер БПЛА FC-PAB,Пропеллер БПЛА FC-PAB Technical Specifications | Запросить решение и КП | Обзор | Технические характеристики | Запросить решение и КП,.next/server/app/ru/accessories/fc-pab-propeller.html
/ru/accessories/fc-pad-propeller,ru,strong,85,Пропеллер БПЛА FC-PAD,4,true,false,true,true,true,1504,6,0.399,1,5,description 未命中关键词,Пропеллер БПЛА FC-PAD | N-TET Drone Accessories,Диапазон размеров: 18.3~46.3 дюймов; максимальная тяга: 25.10kgf (4663RPM); пиковая эффективность винта: 13.99gf/W (1825RPM).,Пропеллер БПЛА FC-PAD | drone accessories | UAV components | industrial UAV parts,Пропеллер БПЛА FC-PAD,Пропеллер БПЛА FC-PAD Technical Specifications | Запросить решение и КП | Обзор | Технические характеристики | Запросить решение и КП,.next/server/app/ru/accessories/fc-pad-propeller.html
/ru/accessories/fc-pae-propeller,ru,strong,85,Пропеллер БПЛА FC-PAE,4,true,false,true,true,true,1506,6,0.398,1,5,description 未命中关键词,Пропеллер БПЛА FC-PAE | N-TET Drone Accessories,Диапазон размеров: 18.3~32.3 дюймов; максимальная тяга: 6.42kgf (6520RPM); пиковая эффективность винта: 20.14gf/W (1820RPM).,Пропеллер БПЛА FC-PAE | drone accessories | UAV components | industrial UAV parts,Пропеллер БПЛА FC-PAE,Пропеллер БПЛА FC-PAE Technical Specifications | Запросить решение и КП | Обзор | Технические характеристики | Запросить решение и КП,.next/server/app/ru/accessories/fc-pae-propeller.html
/ru/accessories/fc-pbf-propeller,ru,strong,85,Пропеллер БПЛА FC-PBF,4,true,false,true,true,true,1448,6,0.414,1,5,description 未命中关键词,Пропеллер БПЛА FC-PBF | N-TET Drone Accessories,Диапазон размеров: 16.1~48.1 дюймов; максимальная тяга: 43.52kgf (3373RPM); пиковая эффективность винта: 13.97gf/W (1385RPM).,Пропеллер БПЛА FC-PBF | drone accessories | UAV components | industrial UAV parts,Пропеллер БПЛА FC-PBF,Пропеллер БПЛА FC-PBF Technical Specifications | Запросить решение и КП | Обзор | Технические характеристики | Запросить решение и КП,.next/server/app/ru/accessories/fc-pbf-propeller.html
/ru/accessories/fc-rm10x,ru,strong,100,Двигатель БПЛА FC-RM10X,4,true,true,true,true,true,2014,8,0.397,1,5,,Двигатель БПЛА FC-RM10X | N-TET Drone Accessories,Двигатель БПЛА FC-RM10X ключевые параметры: Макс. тяга: 12081g/ось @48Vуровень моря; Рекомендуемая взлетная масса: 4500-6000g/ось @48Vуровень моря.,Двигатель БПЛА FC-RM10X | drone accessories | UAV components | industrial UAV parts,Двигатель БПЛА FC-RM10X,Двигатель БПЛА FC-RM10X Technical Specifications | Запросить решение и КП | Обзор | Технические характеристики | Запросить решение и КП,.next/server/app/ru/accessories/fc-rm10x.html
/ru/accessories/fc-rm30,ru,strong,100,Двигатель БПЛА FC-RM30,4,true,true,true,true,true,5376,8,0.149,1,5,,Двигатель БПЛА FC-RM30 | N-TET Drone Accessories,Двигатель БПЛА FC-RM30 ключевые параметры: Макс. тяга: 74.7 kg / 69.6 kg; Номинальное рабочее напряжение: 96S / 24S; Значение KV: 10 KV / 43 KV.,Двигатель БПЛА FC-RM30 | drone accessories | UAV components | industrial UAV parts,Двигатель БПЛА FC-RM30,Двигатель БПЛА FC-RM30 Technical Specifications | Запросить решение и КП | Обзор | Технические характеристики | Запросить решение и КП,.next/server/app/ru/accessories/fc-rm30.html
/ru/accessories/fc-sjl-100,ru,strong,85,FC-SJL-100 канал передачи данных БПЛА,4,true,false,true,true,true,1548,6,0.388,1,5,description 未命中关键词,FC-SJL-100 канал передачи данных БПЛА | N-TET Drone Accessories,FC-SJL-100 обеспечивает передачу видео и данных воздух-земля на 100 км+ с интерфейсной компоновкой J30J для БПЛА и роботизированных платформ.,FC-SJL-100 канал передачи данных БПЛА | drone accessories | UAV components | industrial UAV parts,FC-SJL-100 канал передачи данных БПЛА,FC-SJL-100 канал передачи данных БПЛА Technical Specifications | Запросить решение и КП | Обзор | Технические характеристики | Запросить решение и КП,.next/server/app/ru/accessories/fc-sjl-100.html
/ru/accessories/fc-sjl-200,ru,strong,85,FC-SJL-200 канал передачи данных БПЛА,4,true,false,true,true,true,1552,6,0.387,1,5,description 未命中关键词,FC-SJL-200 канал передачи данных БПЛА | N-TET Drone Accessories,"FC-SJL-200 — радиостанция сверхдальней передачи видео и данных БПЛА с дальностью 200 км+ для интегрированных каналов видео, телеметрии и управления.",FC-SJL-200 канал передачи данных БПЛА | drone accessories | UAV components | industrial UAV parts,FC-SJL-200 канал передачи данных БПЛА,FC-SJL-200 канал передачи данных БПЛА Technical Specifications | Запросить решение и КП | Обзор | Технические характеристики | Запросить решение и КП,.next/server/app/ru/accessories/fc-sjl-200.html
/ru/accessories/fc-sjl-30,ru,strong,85,FC-SJL-30 канал передачи данных БПЛА,4,true,false,true,true,true,1594,6,0.376,1,5,description 未命中关键词,FC-SJL-30 канал передачи данных БПЛА | N-TET Drone Accessories,"FC-SJL-30 — компактная радиостанция передачи видео и данных БПЛА для воздушно-наземных каналов HD-видео, аудио, телеметрии и управления на дальности 30 км+.",FC-SJL-30 канал передачи данных БПЛА | drone accessories | UAV components | industrial UAV parts,FC-SJL-30 канал передачи данных БПЛА,FC-SJL-30 канал передачи данных БПЛА Technical Specifications | Запросить решение и КП | Обзор | Технические характеристики | Запросить решение и КП,.next/server/app/ru/accessories/fc-sjl-30.html
/ru/accessories/fc-sjl-380,ru,strong,85,FC-SJL-380 канал передачи данных БПЛА,4,true,false,true,true,true,1558,6,0.385,1,5,description 未命中关键词,FC-SJL-380 канал передачи данных БПЛА | N-TET Drone Accessories,FC-SJL-380 поддерживает сверхдальнюю передачу видео и данных БПЛА на 380 км+ для распределенных сетей и каналов управления воздух-земля.,FC-SJL-380 канал передачи данных БПЛА | drone accessories | UAV components | industrial UAV parts,FC-SJL-380 канал передачи данных БПЛА,FC-SJL-380 канал передачи данных БПЛА Technical Specifications | Запросить решение и КП | Обзор | Технические характеристики | Запросить решение и КП,.next/server/app/ru/accessories/fc-sjl-380.html
/ru/accessories/fc-sjl-50,ru,strong,85,FC-SJL-50 канал передачи данных БПЛА,4,true,false,true,true,true,1586,6,0.378,1,5,description 未命中关键词,FC-SJL-50 канал передачи данных БПЛА | N-TET Drone Accessories,"FC-SJL-50 — легкая радиостанция передачи видео и данных БПЛА для HD-видео, телеметрии и управления на дальности 50 км+.",FC-SJL-50 канал передачи данных БПЛА | drone accessories | UAV components | industrial UAV parts,FC-SJL-50 канал передачи данных БПЛА,FC-SJL-50 канал передачи данных БПЛА Technical Specifications | Запросить решение и КП | Обзор | Технические характеристики | Запросить решение и КП,.next/server/app/ru/accessories/fc-sjl-50.html
/ru/accessories/fc-u10-pro,ru,strong,85,Полетный контроллер FC-U10-PRO,4,true,false,true,true,true,1300,6,0.462,1,5,description 未命中关键词,Полетный контроллер FC-U10-PRO | N-TET Drone Accessories,"FC-U10-PRO оснащен высокоточным модулем RTK, поддерживает питание 16V-120V, платформы до 16 роторов и резервное питание UPS для тяжелых БПЛА.",Полетный контроллер FC-U10-PRO | drone accessories | UAV components | industrial UAV parts,Полетный контроллер FC-U10-PRO,Полетный контроллер FC-U10-PRO Technical Specifications | Запросить решение и КП | Обзор | Технические характеристики | Запросить решение и КП,.next/server/app/ru/accessories/fc-u10-pro.html
/ru/accessories/fc-u110,ru,strong,100,Двигатель БПЛА FC-U110,4,true,true,true,true,true,5100,8,0.157,1,5,,Двигатель БПЛА FC-U110 | N-TET Drone Accessories,Двигатель БПЛА FC-U110 ключевые параметры: Макс. тяга: 45.5 kg; Номинальное рабочее напряжение: 12-14S; Значение KV: 140 KV.,Двигатель БПЛА FC-U110 | drone accessories | UAV components | industrial UAV parts,Двигатель БПЛА FC-U110,Двигатель БПЛА FC-U110 Technical Specifications | Запросить решение и КП | Обзор | Технические характеристики | Запросить решение и КП,.next/server/app/ru/accessories/fc-u110.html
/ru/accessories/fc-u12,ru,strong,85,Полетный контроллер FC-U12,4,true,false,true,true,true,1296,6,0.463,1,5,description 未命中关键词,Полетный контроллер FC-U12 | N-TET Drone Accessories,FC-U12 — компактный и простой в использовании полетный контроллер для малых и средних БПЛА с плотной компоновкой и расширяемыми каналами управления внешними устройствами.,Полетный контроллер FC-U12 | drone accessories | UAV components | industrial UAV parts,Полетный контроллер FC-U12,Полетный контроллер FC-U12 Technical Specifications | Запросить решение и КП | Обзор | Технические характеристики | Запросить решение и КП,.next/server/app/ru/accessories/fc-u12.html
/ru/accessories/fc-u8013,ru,strong,100,Двигатель БПЛА FC-U8013,4,true,true,true,true,true,1700,8,0.471,1,5,,Двигатель БПЛА FC-U8013 | N-TET Drone Accessories,Двигатель БПЛА FC-U8013 ключевые параметры: Макс. тяга: 14.5 kg / 15 kg / 16.3 kg; Номинальное рабочее напряжение: 12S; Значение KV: 135KV / 150KV / 170KV.,Двигатель БПЛА FC-U8013 | drone accessories | UAV components | industrial UAV parts,Двигатель БПЛА FC-U8013,Двигатель БПЛА FC-U8013 Technical Specifications | Запросить решение и КП | Обзор | Технические характеристики | Запросить решение и КП,.next/server/app/ru/accessories/fc-u8013.html
/ru/accessories/fc-u9-ag,ru,strong,85,Аграрный полетный контроллер FC-U9-AG,4,true,false,true,true,true,1363,6,0.440,1,5,description 未命中关键词,Аграрный полетный контроллер FC-U9-AG | N-TET Drone Accessories,"FC-U9-AG — профессиональная система управления полетом аграрных БПЛА для опрыскивания, разбрасывания, очистки и транспортировки грузов, с богатыми интерфейсами и простым управлением через приложение.",Аграрный полетный контроллер FC-U9-AG | drone accessories | UAV components | industrial UAV parts,Аграрный полетный контроллер FC-U9-AG,Аграрный полетный контроллер FC-U9-AG Technical Specifications | Запросить решение и КП | Обзор | Технические характеристики | Запросить решение и КП,.next/server/app/ru/accessories/fc-u9-ag.html
/ru/accessories/fc-w2u-propeller,ru,strong,85,Пропеллер БПЛА FC-W2U,4,true,false,true,true,true,1388,6,0.432,1,5,description 未命中关键词,Пропеллер БПЛА FC-W2U | N-TET Drone Accessories,Диапазон размеров: 24~40 дюймов; максимальная тяга: 68.92kgf (5353RPM); пиковая эффективность винта: 7.11gf/W (2354RPM).,Пропеллер БПЛА FC-W2U | drone accessories | UAV components | industrial UAV parts,Пропеллер БПЛА FC-W2U,Пропеллер БПЛА FC-W2U Technical Specifications | Запросить решение и КП | Обзор | Технические характеристики | Запросить решение и КП,.next/server/app/ru/accessories/fc-w2u-propeller.html
/ru/accessories/fc-x8030,ru,strong,100,Двигатель БПЛА FC-X8030,4,true,true,true,true,true,4264,8,0.188,1,5,,Двигатель БПЛА FC-X8030 | N-TET Drone Accessories,Двигатель БПЛА FC-X8030 ключевые параметры: Макс. тяга: 22.7 kg / 21.5 kg; Номинальное рабочее напряжение: 12S; Значение KV: 160 KV / 190 KV.,Двигатель БПЛА FC-X8030 | drone accessories | UAV components | industrial UAV parts,Двигатель БПЛА FC-X8030,Двигатель БПЛА FC-X8030 Technical Specifications | Запросить решение и КП | Обзор | Технические характеристики | Запросить решение и КП,.next/server/app/ru/accessories/fc-x8030.html
/ru/accessories/fc-xh14,ru,strong,100,Двигатель БПЛА FC-XH14,4,true,true,true,true,true,2412,8,0.332,1,5,,Двигатель БПЛА FC-XH14 | N-TET Drone Accessories,Двигатель БПЛА FC-XH14 ключевые параметры: Макс. тяга: 110 kg/ось（92V/108，уровень моря）; Рекомендуемая батарея: 24-28S （Lipo）.,Двигатель БПЛА FC-XH14 | drone accessories | UAV components | industrial UAV parts,Двигатель БПЛА FC-XH14,Двигатель БПЛА FC-XH14 Technical Specifications | Запросить решение и КП | Обзор | Технические характеристики | Запросить решение и КП,.next/server/app/ru/accessories/fc-xh14.html
/ru/accessories/fc-yk15-remote-controller,ru,strong,85,Пульт управления БПЛА FC-YK15,4,true,false,true,true,true,1539,6,0.390,1,5,description 未命中关键词,Пульт управления БПЛА FC-YK15 | N-TET Drone Accessories,"FC-YK15 - компактная ручная наземная станция с малой задержкой, трехкомпонентной HD-видеопередачей, интеграцией Android и двумя каналами 1080P для БПЛА, беспилотных машин, безэкипажных катеров и робототехнических платформ.",Пульт управления БПЛА FC-YK15 | drone accessories | UAV components | industrial UAV parts,Пульт управления БПЛА FC-YK15,Пульт управления БПЛА FC-YK15 Technical Specifications | Запросить решение и КП | Обзор | Технические характеристики | Запросить решение и КП,.next/server/app/ru/accessories/fc-yk15-remote-controller.html
/ru/accessories/fc-yk24-remote-controller,ru,strong,85,Пульт управления БПЛА FC-YK24,4,true,false,true,true,true,1729,6,0.347,1,5,description 未命中关键词,Пульт управления БПЛА FC-YK24 | N-TET Drone Accessories,"FC-YK24 - 16-канальный пульт для авиационных моделей с устойчивым управлением на 15 km за пределами прямой видимости, беспроводным сопряжением, настройкой приемника, OTA-обновлением, управлением несколькими аппаратами, ретрансляцией и беспр",Пульт управления БПЛА FC-YK24 | drone accessories | UAV components | industrial UAV parts,Пульт управления БПЛА FC-YK24,Пульт управления БПЛА FC-YK24 Technical Specifications | Запросить решение и КП | Обзор | Технические характеристики | Запросить решение и КП,.next/server/app/ru/accessories/fc-yk24-remote-controller.html
/ru/accessories/fc-yk32-remote-controller,ru,strong,85,Пульт управления БПЛА FC-YK32,4,true,false,true,true,true,1539,6,0.390,1,5,description 未命中关键词,Пульт управления БПЛА FC-YK32 | N-TET Drone Accessories,"FC-YK32 - промышленная ручная наземная станция, объединяющая дистанционное управление, передачу данных и беспроводную HD-видеопередачу, с дальностью до 15KM, двойным управлением, ретрансляцией и отображением телеметрии OSD.",Пульт управления БПЛА FC-YK32 | drone accessories | UAV components | industrial UAV parts,Пульт управления БПЛА FC-YK32,Пульт управления БПЛА FC-YK32 Technical Specifications | Запросить решение и КП | Обзор | Технические характеристики | Запросить решение и КП,.next/server/app/ru/accessories/fc-yk32-remote-controller.html
/ru/accessories/fc-ykrc7-remote-controller,ru,strong,85,Пульт управления БПЛА FC-YKRC7,4,true,false,true,true,true,1965,6,0.305,1,5,description 未命中关键词,Пульт управления БПЛА FC-YKRC7 | N-TET Drone Accessories,"FC-YKRC7 - высокопроизводительная ручная наземная станция с видеопередачей до 40KM, интеллектуальной двухдиапазонной связью 2.4G/5G и 7-дюймовым HD-экраном высокой яркости для управления промышленными мобильными платформами.",Пульт управления БПЛА FC-YKRC7 | drone accessories | UAV components | industrial UAV parts,Пульт управления БПЛА FC-YKRC7,Пульт управления БПЛА FC-YKRC7 Technical Specifications | Запросить решение и КП | Обзор | Технические характеристики | Запросить решение и КП,.next/server/app/ru/accessories/fc-ykrc7-remote-controller.html
/ru/cases,ru,strong,100,кейсы БПЛА,4,true,true,true,true,true,1162,9,0.775,1,3,,Кейсы БПЛА для инспекции и мониторинга | N-TET,"кейсы БПЛА является основной темой этой страницы; также раскрываются связанные задачи: патрулирование БПЛА, мониторинг низкой высоты, инспекция БПЛА.",кейсы БПЛА | патрулирование БПЛА | мониторинг низкой высоты | инспекция БПЛА,Кейсы БПЛА для инспекции и мониторинга,Кейсы БПЛА по регионам и сценариям | Запросить решение и КП | Запросить решение и КП,.next/server/app/ru/cases.html
/ru/cases/anhui-flood-season-uav-patrol,ru,strong,100,Аварийный паводковый патруль БПЛА в Аньхое,2,true,true,true,true,true,1223,7,0.572,1,6,,Аварийный паводковый патруль БПЛА в Аньхое | N-TET,Аварийный паводковый патруль БПЛА в Аньхое Для обеспечения безопасности линий электропередачи в летний паводковый сезон State Grid применил наши VTOL БПЛА самолетного типа для специального аварийного патрулирования плотного энергетического,Аварийный паводковый патруль БПЛА в Аньхое | N-TET,Аварийный паводковый патруль БПЛА в Аньхое,Аварийный паводковый патруль БПЛА в Аньхое Project Overview | Связанное оборудование | Запросить решение и КП | Обзор | Связанное оборудование | Запросить решение и КП,.next/server/app/ru/cases/anhui-flood-season-uav-patrol.html
/ru/cases/brazil-refinery-low-altitude-monitoring,ru,strong,85,Проект защиты нефтеперерабатывающего завода в Бразилии от БПЛА,2,true,false,true,true,true,1237,5,0.404,1,6,description 未命中关键词,Проект защиты нефтеперерабатывающего завода в Бразилии от БПЛА | N-TET,2025 Кейс защиты НПЗ в Бразилии Используемое оборудование: Стационарная система спектрального обнаружения Стационарная система согласованного реагирования Платформа управления Описание проекта: В 2025 году была успешно поставлена интегриров,Проект защиты нефтеперерабатывающего завода в Бразилии от БПЛА | N-TET,Проект защиты нефтеперерабатывающего завода в Бразилии от БПЛА,Проект защиты нефтеперерабатывающего завода в Бразилии от БПЛА Project Overview | Связанное оборудование | Запросить решение и КП | Обзор | Связанное оборудование | Запросить решение и КП,.next/server/app/ru/cases/brazil-refinery-low-altitude-monitoring.html
/ru/cases/ice-snow-emergency-uav-inspection,ru,strong,100,Аварийная инспекция БПЛА при снеголедовых бедствиях,2,true,true,true,true,true,1329,7,0.527,1,6,,Аварийная инспекция БПЛА при снеголедовых бедствиях | N-TET,"Аварийная инспекция БПЛА при снеголедовых бедствиях В условиях сильного холода -15 C State Grid использовал наши VTOL БПЛА с LiDAR для инспекции 400 км коридоров ЛЭП 500 кВ, включая линию Яньпин и линии Пинцзи I и II. Работы велись с пяти п",Аварийная инспекция БПЛА при снеголедовых бедствиях | N-TET,Аварийная инспекция БПЛА при снеголедовых бедствиях,Аварийная инспекция БПЛА при снеголедовых бедствиях Project Overview | Связанное оборудование | Запросить решение и КП | Обзор | Связанное оборудование | Запросить решение и КП,.next/server/app/ru/cases/ice-snow-emergency-uav-inspection.html
/ru/cases/lidar-tree-obstruction-uav-inspection,ru,strong,100,Инспекция древесных помех с LiDAR-БПЛА,2,true,true,true,true,true,1216,7,0.576,1,6,,Инспекция древесных помех с LiDAR-БПЛА | N-TET,Инспекция древесных помех с LiDAR-БПЛА Зимой 2024 года одна из компаний Southern Grid использовала VTOL БПЛА с интегрированной системой LiDAR для воздушного сканирования в рамках специальной проверки рисков древесных помех. Миссия получила,Инспекция древесных помех с LiDAR-БПЛА | N-TET,Инспекция древесных помех с LiDAR-БПЛА,Инспекция древесных помех с LiDAR-БПЛА Project Overview | Связанное оборудование | Запросить решение и КП | Обзор | Связанное оборудование | Запросить решение и КП,.next/server/app/ru/cases/lidar-tree-obstruction-uav-inspection.html
/ru/cases/nigeria-factory-low-altitude-monitoring,ru,strong,85,Защита промышленного комплекса в Нигерии от БПЛА,2,true,false,true,true,true,1216,5,0.411,1,6,description 未命中关键词,Защита промышленного комплекса в Нигерии от БПЛА | N-TET,2025 Кейс защиты промышленной группы в Нигерии Используемое оборудование: Системы обнаружения спектра Модули проверки данных воздушной обстановки Командная платформа Описание проекта: В 2025 году была развернута индивидуальная система управ,Защита промышленного комплекса в Нигерии от БПЛА | N-TET,Защита промышленного комплекса в Нигерии от БПЛА,Защита промышленного комплекса в Нигерии от БПЛА Project Overview | Связанное оборудование | Запросить решение и КП | Обзор | Связанное оборудование | Запросить решение и КП,.next/server/app/ru/cases/nigeria-factory-low-altitude-monitoring.html
/ru/cases/pakistan-power-plant-low-altitude-monitoring,ru,strong,85,Проект защиты электростанции в Пакистане от БПЛА,2,true,false,true,true,true,1248,5,0.401,1,6,description 未命中关键词,Проект защиты электростанции в Пакистане от БПЛА | N-TET,2024 Кейс защиты электростанции в Пакистане Используемое оборудование: Стационарная система радиочастотного обнаружения Система проверки данных воздушной обстановки Программное обеспечение платформы управления Описание проекта: В 2024 году,Проект защиты электростанции в Пакистане от БПЛА | N-TET,Проект защиты электростанции в Пакистане от БПЛА,Проект защиты электростанции в Пакистане от БПЛА Project Overview | Связанное оборудование | Запросить решение и КП | Обзор | Связанное оборудование | Запросить решение и КП,.next/server/app/ru/cases/pakistan-power-plant-low-altitude-monitoring.html
/ru/cases/southern-grid-wildfire-uav-inspection,ru,strong,100,Пожарно-профилактическая инспекция Southern Grid с БПЛА,2,true,true,true,true,true,1277,7,0.548,1,6,,Пожарно-профилактическая инспекция Southern Grid с БПЛА | N-TET,Пожарно-профилактическая инспекция Southern Grid с БПЛА В весенний период высокого риска лесных пожаров такие угрозы могут серьезно повлиять на устойчивую работу электросетей и нормальное электроснабжение. Для усиления безопасности коридоро,Пожарно-профилактическая инспекция Southern Grid с БПЛА | N-TET,Пожарно-профилактическая инспекция Southern Grid с БПЛА,Пожарно-профилактическая инспекция Southern Grid с БПЛА Project Overview | Связанное оборудование | Запросить решение и КП | Обзор | Связанное оборудование | Запросить решение и КП,.next/server/app/ru/cases/southern-grid-wildfire-uav-inspection.html
/ru/cases/wildfire-emergency-transmission-line-uav-patrol,ru,strong,100,Аварийный пожарный патруль ЛЭП с БПЛА,2,true,true,true,true,true,1333,7,0.525,1,6,,Аварийный пожарный патруль ЛЭП с БПЛА | N-TET,"Аварийный пожарный патруль ЛЭП с БПЛА В 2025 году наша энергетическая команда VTOL БПЛА успешно выполнила инспекционную задачу State Grid по коридорам ЛЭП в 13 регионах, включая Хунань, Шаньдун, Шаньси, Хэбэй и Аньхой. Команда проводила еже",Аварийный пожарный патруль ЛЭП с БПЛА | N-TET,Аварийный пожарный патруль ЛЭП с БПЛА,Аварийный пожарный патруль ЛЭП с БПЛА Project Overview | Связанное оборудование | Запросить решение и КП | Обзор | Связанное оборудование | Запросить решение и КП,.next/server/app/ru/cases/wildfire-emergency-transmission-line-uav-patrol.html
/ru/cases/zhaoqing-long-distance-power-line-uav-inspection,ru,strong,100,Дальняя инспекция ЛЭП с БПЛА в Чжаоцине,2,true,true,true,true,true,1318,7,0.531,1,6,,Дальняя инспекция ЛЭП с БПЛА в Чжаоцине | N-TET,"Дальняя инспекция ЛЭП с БПЛА в Чжаоцине Во время инспекции линии 110 кВ в Чжаоцине наше решение показало высокую эффективность и удобство применения. Линия имеет общую длину 37,9 км, среднюю высоту опор 35 м, 112 опор и максимальный перепад",Дальняя инспекция ЛЭП с БПЛА в Чжаоцине | N-TET,Дальняя инспекция ЛЭП с БПЛА в Чжаоцине,Дальняя инспекция ЛЭП с БПЛА в Чжаоцине Project Overview | Связанное оборудование | Запросить решение и КП | Обзор | Связанное оборудование | Запросить решение и КП,.next/server/app/ru/cases/zhaoqing-long-distance-power-line-uav-inspection.html
/ru/contact,ru,strong,100,запрос цены на промышленный БПЛА,4,true,true,true,true,true,1083,4,0.369,1,3,,Запрос цены на промышленный БПЛА | N-TET,"Используйте эту страницу, чтобы запросить цену на промышленный БПЛА, обсудить поставщика БПЛА, решение для инспекции дронами или оборудование мониторинга низкой высоты.",запрос цены на промышленный БПЛА | поставщик БПЛА | решение для инспекции дронами | оборудование мониторинга низкой высоты,Запрос цены на промышленный БПЛА,Запрос цены на промышленный БПЛА и консультация | Запросить решение и КП | Запросить решение и КП,.next/server/app/ru/contact.html
/ru/media,ru,strong,100,новости промышленных БПЛА,4,true,true,true,true,true,1157,10,0.864,1,4,,Новости промышленных БПЛА | N-TET,"новости промышленных БПЛА является основной темой этой страницы; также раскрываются связанные задачи: низковысотная экономика, привязной БПЛА, мониторинг инфраструктуры.",новости промышленных БПЛА | низковысотная экономика | привязной БПЛА | мониторинг инфраструктуры,Новости промышленных БПЛА,Новости промышленных БПЛА и низковысотной экономики | Последнее | Запросить решение и КП | Запросить решение и КП,.next/server/app/ru/media.html
/ru/media/border-surveillance-uav-network-2026,ru,partial,70,Сети БПЛА и EO/IR улучшают обзорность удаленного патрулирования,2,true,false,true,false,true,1252,8,0.639,1,4,description 未命中关键词; H2 未命中关键词,Сети БПЛА и EO/IR улучшают обзорность удаленного патрулирования | N-TET,"UAV and EO/IR networks help remote patrol teams reduce visibility gaps with clearer imagery, better routing, and faster situational updates. Operational value Programs work suitable when sensor feeds, data retention rules, weather planning,",Сети БПЛА и EO/IR улучшают обзорность удаленного патрулирования | N-TET,Сети БПЛА и EO/IR улучшают обзорность удаленного патрулирования,Редакционная проверка и проектные сигналы | Запросить решение и КП | Редакционная проверка и проектные сигналы | Запросить решение и КП,.next/server/app/ru/media/border-surveillance-uav-network-2026.html
/ru/media/industrial-uav-redundancy-2026,ru,partial,70,Двойное резервирование управления полетом: как промышленные БПЛА достигают надежности миссионного уровня,2,true,false,true,false,true,1294,8,0.618,1,4,description 未命中关键词; H2 未命中关键词,Двойное резервирование управления полетом: как промышленные БПЛА достигают надежности миссионного уровня | N-TET,Промышленные беспилотники стали стандартом для инспекции электросетей и мониторинга трубопроводов. В таких задачах надежность становится критическим фактором. Архитектуры с двойным резервированием управления полетом теперь являются базовым,Двойное резервирование управления полетом: как промышленные БПЛА достигают надежности миссионного уровня | N-TET,Двойное резервирование управления полетом: как промышленные БПЛА достигают надежности миссионного уровня,Редакционная проверка и проектные сигналы | Запросить решение и КП | Редакционная проверка и проектные сигналы | Запросить решение и КП,.next/server/app/ru/media/industrial-uav-redundancy-2026.html
/ru/media/low-altitude-economy-2026-outlook,ru,partial,70,Экономика малых высот Китая: прогноз на 2026 год с оборотом в 2 трлн юаней,2,true,false,true,false,true,1298,8,0.616,1,4,description 未命中关键词; H2 未命中关键词,Экономика малых высот Китая: прогноз на 2026 год с оборотом в 2 трлн юаней | N-TET,"Экономика малых высот охватывает логистику, аэрофотосъемку и экстренные службы на высотах до 1000 метров. В Китае этот сектор стал стратегическим направлением, с прогнозируемым объемом в 2 триллиона юаней к 2030 году. Факторы роста Развитие",Экономика малых высот Китая: прогноз на 2026 год с оборотом в 2 трлн юаней | N-TET,Экономика малых высот Китая: прогноз на 2026 год с оборотом в 2 трлн юаней,Редакционная проверка и проектные сигналы | Запросить решение и КП | Редакционная проверка и проектные сигналы | Запросить решение и КП,.next/server/app/ru/media/low-altitude-economy-2026-outlook.html
/ru/media/tethered-uav-persistent-surveillance-2026,ru,partial,70,Привязные БПЛА: непрерывное воздушное наблюдение для мероприятий и удаленных объектов,2,true,false,true,false,true,1300,8,0.615,1,4,description 未命中关键词; H2 未命中关键词,Привязные БПЛА: непрерывное воздушное наблюдение для мероприятий и удаленных объектов | N-TET,"Tethered UAVs provide continuous aerial monitoring by receiving power and sending data through a ground cable. This makes them suitable for large events, utility work zones, and emergency command posts that need stable visibility for many h",Привязные БПЛА: непрерывное воздушное наблюдение для мероприятий и удаленных объектов | N-TET,Привязные БПЛА: непрерывное воздушное наблюдение для мероприятий и удаленных объектов,Редакционная проверка и проектные сигналы | Запросить решение и КП | Редакционная проверка и проектные сигналы | Запросить решение и КП,.next/server/app/ru/media/tethered-uav-persistent-surveillance-2026.html
/ru/products,ru,strong,100,промышленные БПЛА,4,true,true,true,true,true,1285,9,0.700,1,4,,Промышленные БПЛА и оборудование мониторинга | N-TET,"промышленные БПЛА является основной темой этой страницы; также раскрываются связанные задачи: инспекционный БПЛА, аварийный БПЛА, оборудование мониторинга низкой высоты.",промышленные БПЛА | инспекционный БПЛА | аварийный БПЛА | оборудование мониторинга низкой высоты,Промышленные БПЛА и оборудование мониторинга,"промышленные БПЛА, оборудование мониторинга и соответствие проекту | FAQ по выбору продуктов | БПЛА и беспилотные системы | Запросить решение и КП",.next/server/app/ru/products.html
/ru/products/bailey-bridge,ru,strong,100,Стальной модульный мост Бейли,5,true,true,true,true,true,1449,5,0.345,1,5,,Стальной модульный мост Бейли | N-TET,"N-TET Стальной модульный мост Бейли for industrial operators, combining Стальной модульный мост Бейли, engineering materials, Bailey steel bridge workflows with field-ready deployment and support.",Стальной модульный мост Бейли | engineering materials | Bailey steel bridge | infrastructure support equipment | N-TET,Стальной модульный мост Бейли,Стальной модульный мост Бейли Technical Specifications | Запросить решение и КП | Обзор | Технические характеристики | Запросить решение и КП,.next/server/app/ru/products/bailey-bridge.html
/ru/products/composite-electro-optical-tracking-system,ru,strong,100,Оптико-электронная система обнаружения и слежения ОЭС,5,true,true,true,true,true,1577,3,0.190,1,5,,Оптико-электронная система обнаружения и слежения (ОЭС) | N-TET,"N-TET Оптико-электронная система обнаружения и слежения (ОЭС) for industrial operators, combining Оптико-электронная система обнаружения и слежения ОЭС, low altitude monitoring equipment, drone detection equipment workflows with field-ready",Оптико-электронная система обнаружения и слежения ОЭС | low altitude monitoring equipment | drone detection equipment | airspace monitoring system | N-TET,Оптико-электронная система обнаружения и слежения ОЭС,Оптико-электронная система обнаружения и слежения ОЭС Technical Specifications | Запросить решение и КП | Обзор | Технические характеристики | Запросить решение и КП,.next/server/app/ru/products/composite-electro-optical-tracking-system.html
/ru/products/containerized-medical-rescue-system,ru,strong,100,Контейнерная система медицинской помощи,5,true,true,true,true,true,1379,5,0.363,1,5,,Контейнерная система медицинской помощи | N-TET,"N-TET Контейнерная система медицинской помощи for industrial operators, combining Контейнерная система медицинской помощи, field hospital system, containerized medical rescue system workflows with field-ready deployment and support.",Контейнерная система медицинской помощи | field hospital system | containerized medical rescue system | emergency medical shelter | N-TET,Контейнерная система медицинской помощи,Контейнерная система медицинской помощи Technical Specifications | Запросить решение и КП | Обзор | Технические характеристики | Запросить решение и КП,.next/server/app/ru/products/containerized-medical-rescue-system.html
/ru/products/emergency-search-rescue-drone,ru,strong,100,thermal drones for search and rescue,8,true,true,true,true,true,1747,13,0.744,1,5,,БПЛА для аварийного поиска и спасения | N-TET,"N-TET БПЛА для аварийного поиска и спасения for industrial operators, combining thermal drones for search and rescue, search and rescue drone, search and rescue UAV workflows with field-ready deployment and support.",thermal drones for search and rescue | search and rescue drone | search and rescue UAV | drone rescue | БПЛА для аварийного поиска и спасения | industrial UAV systems | UAV inspection drone | emergency response UAV,БПЛА для аварийного поиска и спасения,БПЛА для аварийного поиска и спасения Technical Specifications | Запросить решение и КП | Обзор | Технические характеристики | Запросить решение и КП,.next/server/app/ru/products/emergency-search-rescue-drone.html
/ru/products/fbg-g15-fc06-explosion-containment-vessel,ru,strong,100,Взрывозащитный контейнер FBG-G1.5-FC06,5,true,true,true,true,true,1507,5,0.332,1,5,,Взрывозащитный контейнер FBG-G1.5-FC06 | N-TET,"N-TET Взрывозащитный контейнер FBG-G1.5-FC06 for industrial operators, combining Взрывозащитный контейнер FBG-G1.5-FC06, security screening equipment, X-ray baggage scanner workflows with field-ready deployment and support.",Взрывозащитный контейнер FBG-G1.5-FC06 | security screening equipment | X-ray baggage scanner | walk-through metal detector | N-TET,Взрывозащитный контейнер FBG-G1.5-FC06,Взрывозащитный контейнер FBG-G1.5-FC06 Technical Specifications | Запросить решение и КП | Обзор | Технические характеристики | Запросить решение и КП,.next/server/app/ru/products/fbg-g15-fc06-explosion-containment-vessel.html
/ru/products/fbt-fc09-explosion-protection-blanket,ru,strong,100,Взрывозащитное одеяло FBT-FC09,5,true,true,true,true,true,1458,5,0.343,1,5,,Взрывозащитное одеяло FBT-FC09 | N-TET,"N-TET Взрывозащитное одеяло FBT-FC09 for industrial operators, combining Взрывозащитное одеяло FBT-FC09, security screening equipment, X-ray baggage scanner workflows with field-ready deployment and support.",Взрывозащитное одеяло FBT-FC09 | security screening equipment | X-ray baggage scanner | walk-through metal detector | N-TET,Взрывозащитное одеяло FBT-FC09,Взрывозащитное одеяло FBT-FC09 Technical Specifications | Запросить решение и КП | Обзор | Технические характеристики | Запросить решение и КП,.next/server/app/ru/products/fbt-fc09-explosion-protection-blanket.html
/ru/products/fc-3000-ferromagnetic-detection-column,ru,strong,100,Интеллектуальная система ферромагнитного детектирования FC-3000,5,true,true,true,true,true,1474,5,0.339,1,5,,Интеллектуальная система ферромагнитного детектирования FC-3000 | N-TET,"N-TET Интеллектуальная система ферромагнитного детектирования FC-3000 for industrial operators, combining Интеллектуальная система ферромагнитного детектирования FC-3000, security screening equipment, X-ray baggage scanner workflows with fi",Интеллектуальная система ферромагнитного детектирования FC-3000 | security screening equipment | X-ray baggage scanner | walk-through metal detector | N-TET,Интеллектуальная система ферромагнитного детектирования FC-3000,Интеллектуальная система ферромагнитного детектирования FC-3000 Technical Specifications | Запросить решение и КП | Обзор | Технические характеристики | Запросить решение и КП,.next/server/app/ru/products/fc-3000-ferromagnetic-detection-column.html
/ru/products/fc-c-deluxe-walk-through-metal-detector,ru,strong,100,Арочный металлодетектор FC-C Делюкс,5,true,true,true,true,true,1531,3,0.196,1,5,,Арочный металлодетектор FC-C (Делюкс) | N-TET,"N-TET Арочный металлодетектор FC-C (Делюкс) for industrial operators, combining Арочный металлодетектор FC-C Делюкс, security screening equipment, X-ray baggage scanner workflows with field-ready deployment and support.",Арочный металлодетектор FC-C Делюкс | security screening equipment | X-ray baggage scanner | walk-through metal detector | N-TET,Арочный металлодетектор FC-C Делюкс,Арочный металлодетектор FC-C Делюкс Technical Specifications | Запросить решение и КП | Обзор | Технические характеристики | Запросить решение и КП,.next/server/app/ru/products/fc-c-deluxe-walk-through-metal-detector.html
/ru/products/fc-c-lcd-walk-through-metal-detector,ru,strong,100,Арочный металлодетектор FC-C ЖК-экран,6,true,true,true,true,true,1535,8,0.521,1,5,,"Арочный металлодетектор FC-C (ЖК-экран, 12 зон) | N-TET","N-TET Арочный металлодетектор FC-C (ЖК-экран, 12 зон) for industrial operators, combining Арочный металлодетектор FC-C ЖК-экран, 12 зон, security screening equipment, X-ray baggage scanner workflows with field-ready deployment and support.",Арочный металлодетектор FC-C ЖК-экран | 12 зон | security screening equipment | X-ray baggage scanner | walk-through metal detector | N-TET,"Арочный металлодетектор FC-C ЖК-экран, 12 зон","Арочный металлодетектор FC-C ЖК-экран, 12 зон Technical Specifications | Запросить решение и КП | Обзор | Технические характеристики | Запросить решение и КП",.next/server/app/ru/products/fc-c-lcd-walk-through-metal-detector.html
/ru/products/fc-dlxj-01-power-grid-inspection-drone,ru,strong,85,drone power line inspection,8,false,true,true,true,true,1421,3,0.211,1,5,title 未命中关键词,БПЛА для инспекции электросетей FC-DLXJ-01 (VTOL) | N-TET,"N-TET БПЛА для инспекции электросетей FC-DLXJ-01 (VTOL) for industrial operators, combining drone power line inspection, power line inspection drone, UAV power line inspection workflows with field-ready deployment and support.",drone power line inspection | power line inspection drone | UAV power line inspection | utility inspection drone | БПЛА для инспекции электросетей FC-DLXJ-01 VTOL | industrial UAV systems | UAV inspection drone | emergency response UAV,БПЛА для инспекции электросетей FC-DLXJ-01 VTOL,БПЛА для инспекции электросетей FC-DLXJ-01 VTOL Technical Specifications | Запросить решение и КП | Обзор | Технические характеристики | Запросить решение и КП,.next/server/app/ru/products/fc-dlxj-01-power-grid-inspection-drone.html
/ru/products/fc-dma-long-range-optical-turntable,ru,strong,100,Мультиспектральная оптико-электронная поворотная платформа FC-DMA,5,true,true,true,true,true,2202,5,0.227,1,5,,Мультиспектральная оптико-электронная поворотная платформа FC-DMA | N-TET,"N-TET Мультиспектральная оптико-электронная поворотная платформа FC-DMA for industrial operators, combining Мультиспектральная оптико-электронная поворотная платформа FC-DMA, perimeter intelligence, electro optical surveillance workflows wi",Мультиспектральная оптико-электронная поворотная платформа FC-DMA | perimeter intelligence | electro optical surveillance | radar vision fusion system | N-TET,Мультиспектральная оптико-электронная поворотная платформа FC-DMA,Мультиспектральная оптико-электронная поворотная платформа FC-DMA Technical Specifications | Запросить решение и КП | Обзор | Технические характеристики | Запросить решение и КП,.next/server/app/ru/products/fc-dma-long-range-optical-turntable.html
/ru/products/fc-dms10-smart-electronic-sentinel,ru,strong,100,Интеллектуальный электронный часовой серии FC-DMS10,5,true,true,true,true,true,1758,7,0.398,1,5,,Интеллектуальный электронный часовой серии FC-DMS10 | N-TET,"N-TET Интеллектуальный электронный часовой серии FC-DMS10 for industrial operators, combining Интеллектуальный электронный часовой серии FC-DMS10, perimeter intelligence, electro optical surveillance workflows with field-ready deployment an",Интеллектуальный электронный часовой серии FC-DMS10 | perimeter intelligence | electro optical surveillance | radar vision fusion system | N-TET,Интеллектуальный электронный часовой серии FC-DMS10,Интеллектуальный электронный часовой серии FC-DMS10 Technical Specifications | Запросить решение и КП | Обзор | Технические характеристики | Запросить решение и КП,.next/server/app/ru/products/fc-dms10-smart-electronic-sentinel.html
/ru/products/fc-dtvc-dual-band-thermal-ptz,ru,strong,100,Двухспектральная тепловизионная скоростная купольная камера FC-DTVC,5,true,true,true,true,true,1941,5,0.258,1,5,,Двухспектральная тепловизионная скоростная купольная камера FC-DTVC | N-TET,"N-TET Двухспектральная тепловизионная скоростная купольная камера FC-DTVC for industrial operators, combining Двухспектральная тепловизионная скоростная купольная камера FC-DTVC, perimeter intelligence, electro optical surveillance workflow",Двухспектральная тепловизионная скоростная купольная камера FC-DTVC | perimeter intelligence | electro optical surveillance | radar vision fusion system | N-TET,Двухспектральная тепловизионная скоростная купольная камера FC-DTVC,Двухспектральная тепловизионная скоростная купольная камера FC-DTVC Technical Specifications | Запросить решение и КП | Обзор | Технические характеристики | Запросить решение и КП,.next/server/app/ru/products/fc-dtvc-dual-band-thermal-ptz.html
/ru/products/fc-h-smart-phone-detection-gate,ru,strong,100,Интеллектуальная рамка обнаружения смартфонов FC-H,5,true,true,true,true,true,2050,7,0.341,1,5,,Интеллектуальная рамка обнаружения смартфонов FC-H | N-TET,"N-TET Интеллектуальная рамка обнаружения смартфонов FC-H for industrial operators, combining Интеллектуальная рамка обнаружения смартфонов FC-H, security screening equipment, X-ray baggage scanner workflows with field-ready deployment and s",Интеллектуальная рамка обнаружения смартфонов FC-H | security screening equipment | X-ray baggage scanner | walk-through metal detector | N-TET,Интеллектуальная рамка обнаружения смартфонов FC-H,Интеллектуальная рамка обнаружения смартфонов FC-H Technical Specifications | Запросить решение и КП | Обзор | Технические характеристики | Запросить решение и КП,.next/server/app/ru/products/fc-h-smart-phone-detection-gate.html
/ru/products/fc-h-smart-phone-detection-gate-29in,ru,strong,100,Интеллектуальная рамка для обнаружения мобильных телефонов FC-H 29 дюймов,5,true,true,true,true,true,1566,3,0.192,1,5,,Интеллектуальная рамка для обнаружения мобильных телефонов FC-H (29 дюймов) | N-TET,"N-TET Интеллектуальная рамка для обнаружения мобильных телефонов FC-H (29 дюймов) for industrial operators, combining Интеллектуальная рамка для обнаружения мобильных телефонов FC-H 29 дюймов, security screening equipment, X-ray baggage sca",Интеллектуальная рамка для обнаружения мобильных телефонов FC-H 29 дюймов | security screening equipment | X-ray baggage scanner | walk-through metal detector | N-TET,Интеллектуальная рамка для обнаружения мобильных телефонов FC-H 29 дюймов,Интеллектуальная рамка для обнаружения мобильных телефонов FC-H 29 дюймов Technical Specifications | Запросить решение и КП | Обзор | Технические характеристики | Запросить решение и КП,.next/server/app/ru/products/fc-h-smart-phone-detection-gate-29in.html
/ru/products/fc-pd500-personal-radiation-dose-alarm,ru,strong,100,Индивидуальный сигнализатор дозы X-γ излучения FC-PD500,5,true,true,true,true,true,1627,5,0.307,1,5,,Индивидуальный сигнализатор дозы X-γ излучения FC-PD500 | N-TET,"N-TET Индивидуальный сигнализатор дозы X-γ излучения FC-PD500 for industrial operators, combining Индивидуальный сигнализатор дозы X-γ излучения FC-PD500, security screening equipment, X-ray baggage scanner workflows with field-ready deploy",Индивидуальный сигнализатор дозы X-γ излучения FC-PD500 | security screening equipment | X-ray baggage scanner | walk-through metal detector | N-TET,Индивидуальный сигнализатор дозы X-γ излучения FC-PD500,Индивидуальный сигнализатор дозы X-γ излучения FC-PD500 Technical Specifications | Запросить решение и КП | Обзор | Технические характеристики | Запросить решение и КП,.next/server/app/ru/products/fc-pd500-personal-radiation-dose-alarm.html
/ru/products/fc-rc-series-hd-laser-camera,ru,strong,100,Лазерная HD-камера дальнего действия серии FC-RC,5,true,true,true,true,true,1947,5,0.257,1,5,,Лазерная HD-камера дальнего действия серии FC-RC | N-TET,"N-TET Лазерная HD-камера дальнего действия серии FC-RC for industrial operators, combining Лазерная HD-камера дальнего действия серии FC-RC, perimeter intelligence, electro optical surveillance workflows with field-ready deployment and supp",Лазерная HD-камера дальнего действия серии FC-RC | perimeter intelligence | electro optical surveillance | radar vision fusion system | N-TET,Лазерная HD-камера дальнего действия серии FC-RC,Лазерная HD-камера дальнего действия серии FC-RC Technical Specifications | Запросить решение и КП | Обзор | Технические характеристики | Запросить решение и КП,.next/server/app/ru/products/fc-rc-series-hd-laser-camera.html
/ru/products/fc-rds500-4r-radar-vision-sentinel,ru,strong,100,Интеллектуальная система Radar-Vision Fusion FC-RDS500-4R,5,true,true,true,true,true,2010,5,0.249,1,5,,Интеллектуальная система Radar-Vision Fusion FC-RDS500-4R | N-TET,"N-TET Интеллектуальная система Radar-Vision Fusion FC-RDS500-4R for industrial operators, combining Интеллектуальная система Radar-Vision Fusion FC-RDS500-4R, perimeter intelligence, electro optical surveillance workflows with field-ready d",Интеллектуальная система Radar-Vision Fusion FC-RDS500-4R | perimeter intelligence | electro optical surveillance | radar vision fusion system | N-TET,Интеллектуальная система Radar-Vision Fusion FC-RDS500-4R,Интеллектуальная система Radar-Vision Fusion FC-RDS500-4R Technical Specifications | Запросить решение и КП | Обзор | Технические характеристики | Запросить решение и КП,.next/server/app/ru/products/fc-rds500-4r-radar-vision-sentinel.html
/ru/products/fc-sljc-01-water-conservancy-monitoring-drone,ru,strong,100,water conservancy monitoring UAV,8,true,true,true,true,true,1794,11,0.613,1,5,,БПЛА для мониторинга водного хозяйства | N-TET,"N-TET БПЛА для мониторинга водного хозяйства for industrial operators, combining water conservancy monitoring UAV, dam inspection UAV, river lake UAV monitoring workflows with field-ready deployment and support.",water conservancy monitoring UAV | dam inspection UAV | river lake UAV monitoring | flood monitoring drone | БПЛА для мониторинга водного хозяйства | industrial UAV systems | UAV inspection drone | emergency response UAV,БПЛА для мониторинга водного хозяйства,БПЛА для мониторинга водного хозяйства Technical Specifications | Запросить решение и КП | Обзор | Технические характеристики | Запросить решение и КП,.next/server/app/ru/products/fc-sljc-01-water-conservancy-monitoring-drone.html
/ru/products/fc-smart-swing-turnstile,ru,strong,100,Интеллектуальный турникет-калитку класса люкс,5,true,true,true,true,true,1581,5,0.316,1,5,,Интеллектуальный турникет-калитку класса люкс | N-TET,"N-TET Интеллектуальный турникет-калитку класса люкс for industrial operators, combining Интеллектуальный турникет-калитку класса люкс, security screening equipment, X-ray baggage scanner workflows with field-ready deployment and support.",Интеллектуальный турникет-калитку класса люкс | security screening equipment | X-ray baggage scanner | walk-through metal detector | N-TET,Интеллектуальный турникет-калитку класса люкс,Интеллектуальный турникет-калитку класса люкс Technical Specifications | Запросить решение и КП | Обзор | Технические характеристики | Запросить решение и КП,.next/server/app/ru/products/fc-smart-swing-turnstile.html
/ru/products/fc-ttvc-intelligent-multi-band-camera,ru,strong,100,Интеллектуальная мультиспектральная камера серии FC-TTVC,5,true,true,true,true,true,1868,5,0.268,1,5,,Интеллектуальная мультиспектральная камера серии FC-TTVC | N-TET,"N-TET Интеллектуальная мультиспектральная камера серии FC-TTVC for industrial operators, combining Интеллектуальная мультиспектральная камера серии FC-TTVC, perimeter intelligence, electro optical surveillance workflows with field-ready dep",Интеллектуальная мультиспектральная камера серии FC-TTVC | perimeter intelligence | electro optical surveillance | radar vision fusion system | N-TET,Интеллектуальная мультиспектральная камера серии FC-TTVC,Интеллектуальная мультиспектральная камера серии FC-TTVC Technical Specifications | Запросить решение и КП | Обзор | Технические характеристики | Запросить решение и КП,.next/server/app/ru/products/fc-ttvc-intelligent-multi-band-camera.html
/ru/products/fc-yjtx-01-emergency-communication-drone,ru,strong,100,emergency communication UAV,8,true,true,true,true,true,2840,6,0.211,1,5,,Привязной БПЛА для аварийной связи | N-TET,"N-TET Привязной БПЛА для аварийной связи for industrial operators, combining emergency communication UAV, disaster response communication drone, tethered communication UAV workflows with field-ready deployment and support.",emergency communication UAV | disaster response communication drone | tethered communication UAV | public safety UAV communications | Привязной БПЛА для аварийной связи | industrial UAV systems | UAV inspection drone | emergency response UAV,Привязной БПЛА для аварийной связи,Привязной БПЛА для аварийной связи Technical Specifications | Запросить решение и КП | Обзор | Технические характеристики | Запросить решение и КП,.next/server/app/ru/products/fc-yjtx-01-emergency-communication-drone.html
/ru/products/fc-yjxf-01-aerial-firefighting-drone,ru,strong,100,firefighting drone,8,true,true,true,true,true,2901,5,0.172,1,5,,Привязной БПЛА для тушения высотных пожаров | N-TET,"N-TET Привязной БПЛА для тушения высотных пожаров for industrial operators, combining firefighting drone, drone fire fighting, drone for fire fighting workflows with field-ready deployment and support.",firefighting drone | drone fire fighting | drone for fire fighting | high-rise firefighting UAV | Привязной БПЛА для тушения высотных пожаров | industrial UAV systems | UAV inspection drone | emergency response UAV,Привязной БПЛА для тушения высотных пожаров,Привязной БПЛА для тушения высотных пожаров Technical Specifications | Запросить решение и КП | Обзор | Технические характеристики | Запросить решение и КП,.next/server/app/ru/products/fc-yjxf-01-aerial-firefighting-drone.html
/ru/products/fc-yjzc-01-emergency-reconnaissance-drone,ru,strong,100,search and rescue drone,8,true,true,true,true,true,1432,5,0.349,1,5,,БПЛА для экстренного реагирования и разведки FC-YJZC-01 | N-TET,"N-TET БПЛА для экстренного реагирования и разведки FC-YJZC-01 for industrial operators, combining search and rescue drone, drone rescue, emergency reconnaissance drone workflows with field-ready deployment and support.",search and rescue drone | drone rescue | emergency reconnaissance drone | disaster response UAV | БПЛА для экстренного реагирования и разведки FC-YJZC-01 | industrial UAV systems | UAV inspection drone | emergency response UAV,БПЛА для экстренного реагирования и разведки FC-YJZC-01,БПЛА для экстренного реагирования и разведки FC-YJZC-01 Technical Specifications | Запросить решение и КП | Обзор | Технические характеристики | Запросить решение и КП,.next/server/app/ru/products/fc-yjzc-01-emergency-reconnaissance-drone.html
/ru/products/fc-yjzm-01-emergency-lighting-drone,ru,strong,100,drone lighting,8,true,true,true,true,true,2473,5,0.202,1,5,,Привязной БПЛА для освещения | N-TET,"N-TET Привязной БПЛА для освещения for industrial operators, combining drone lighting, UAV lighting, tethered lighting UAV workflows with field-ready deployment and support.",drone lighting | UAV lighting | tethered lighting UAV | emergency lighting drone | Привязной БПЛА для освещения | industrial UAV systems | UAV inspection drone | emergency response UAV,Привязной БПЛА для освещения,Привязной БПЛА для освещения Technical Specifications | Запросить решение и КП | Обзор | Технические характеристики | Запросить решение и КП,.next/server/app/ru/products/fc-yjzm-01-emergency-lighting-drone.html
/ru/products/fc-yqxj-01-utility-inspection-drone,ru,strong,85,pipeline inspection drones,8,false,true,true,true,true,1433,3,0.209,1,5,title 未命中关键词,БПЛА для инспекции нефтегазопроводов FC-YQXJ-01 (VTOL) | N-TET,"N-TET БПЛА для инспекции нефтегазопроводов FC-YQXJ-01 (VTOL) for industrial operators, combining pipeline inspection drones, UAV pipeline inspection, oil and gas drone inspection workflows with field-ready deployment and support.",pipeline inspection drones | UAV pipeline inspection | oil and gas drone inspection | drone pipeline inspection | БПЛА для инспекции нефтегазопроводов FC-YQXJ-01 VTOL | industrial UAV systems | UAV inspection drone | emergency response UAV,БПЛА для инспекции нефтегазопроводов FC-YQXJ-01 VTOL,БПЛА для инспекции нефтегазопроводов FC-YQXJ-01 VTOL Technical Specifications | Запросить решение и КП | Обзор | Технические характеристики | Запросить решение и КП,.next/server/app/ru/products/fc-yqxj-01-utility-inspection-drone.html
/ru/products/fc1500-handheld-liquid-detector,ru,strong,100,Портативный детектор опасных жидкостей FC1500,5,true,true,true,true,true,1506,5,0.332,1,5,,Портативный детектор опасных жидкостей FC1500 | N-TET,"N-TET Портативный детектор опасных жидкостей FC1500 for industrial operators, combining Портативный детектор опасных жидкостей FC1500, security screening equipment, X-ray baggage scanner workflows with field-ready deployment and support.",Портативный детектор опасных жидкостей FC1500 | security screening equipment | X-ray baggage scanner | walk-through metal detector | N-TET,Портативный детектор опасных жидкостей FC1500,Портативный детектор опасных жидкостей FC1500 Technical Specifications | Запросить решение и КП | Обзор | Технические характеристики | Запросить решение и КП,.next/server/app/ru/products/fc1500-handheld-liquid-detector.html
/ru/products/fc1500b-desktop-liquid-security-inspector,ru,strong,100,Настольный детектор опасных жидкостей FC1500B,5,true,true,true,true,true,1520,5,0.329,1,5,,Настольный детектор опасных жидкостей FC1500B | N-TET,"N-TET Настольный детектор опасных жидкостей FC1500B for industrial operators, combining Настольный детектор опасных жидкостей FC1500B, security screening equipment, X-ray baggage scanner workflows with field-ready deployment and support.",Настольный детектор опасных жидкостей FC1500B | security screening equipment | X-ray baggage scanner | walk-through metal detector | N-TET,Настольный детектор опасных жидкостей FC1500B,Настольный детектор опасных жидкостей FC1500B Technical Specifications | Запросить решение и КП | Обзор | Технические характеристики | Запросить решение и КП,.next/server/app/ru/products/fc1500b-desktop-liquid-security-inspector.html
/ru/products/fc1800b-portable-explosives-and-narcotics-detector,ru,strong,100,Портативный детектор следов взрывчатых веществ и наркотиков FC1800B,5,true,true,true,true,true,1483,5,0.337,1,5,,Портативный детектор следов взрывчатых веществ и наркотиков FC1800B | N-TET,"N-TET Портативный детектор следов взрывчатых веществ и наркотиков FC1800B for industrial operators, combining Портативный детектор следов взрывчатых веществ и наркотиков FC1800B, security screening equipment, X-ray baggage scanner workflows",Портативный детектор следов взрывчатых веществ и наркотиков FC1800B | security screening equipment | X-ray baggage scanner | walk-through metal detector | N-TET,Портативный детектор следов взрывчатых веществ и наркотиков FC1800B,Портативный детектор следов взрывчатых веществ и наркотиков FC1800B Technical Specifications | Запросить решение и КП | Обзор | Технические характеристики | Запросить решение и КП,.next/server/app/ru/products/fc1800b-portable-explosives-and-narcotics-detector.html
/ru/products/fc1800t-desktop-explosives-narcotics-detector,ru,strong,100,Настольный детектор следов взрывчатых веществ и наркотиков FC1800T,5,true,true,true,true,true,1493,5,0.335,1,5,,Настольный детектор следов взрывчатых веществ и наркотиков FC1800T | N-TET,"N-TET Настольный детектор следов взрывчатых веществ и наркотиков FC1800T for industrial operators, combining Настольный детектор следов взрывчатых веществ и наркотиков FC1800T, security screening equipment, X-ray baggage scanner workflows w",Настольный детектор следов взрывчатых веществ и наркотиков FC1800T | security screening equipment | X-ray baggage scanner | walk-through metal detector | N-TET,Настольный детектор следов взрывчатых веществ и наркотиков FC1800T,Настольный детектор следов взрывчатых веществ и наркотиков FC1800T Technical Specifications | Запросить решение и КП | Обзор | Технические характеристики | Запросить решение и КП,.next/server/app/ru/products/fc1800t-desktop-explosives-narcotics-detector.html
/ru/products/fc2088-handheld-metal-detector,ru,strong,100,Ручной металлодетектор FC2088,5,true,true,true,true,true,1442,5,0.347,1,5,,Ручной металлодетектор FC2088 | N-TET,"N-TET Ручной металлодетектор FC2088 for industrial operators, combining Ручной металлодетектор FC2088, security screening equipment, X-ray baggage scanner workflows with field-ready deployment and support.",Ручной металлодетектор FC2088 | security screening equipment | X-ray baggage scanner | walk-through metal detector | N-TET,Ручной металлодетектор FC2088,Ручной металлодетектор FC2088 Technical Specifications | Запросить решение и КП | Обзор | Технические характеристики | Запросить решение и КП,.next/server/app/ru/products/fc2088-handheld-metal-detector.html
/ru/products/fc4028-neutron-ambient-dose-rate-meter,ru,strong,100,Измеритель мощности амбиентного эквивалента дозы нейтронного излучения FC4028,5,true,true,true,true,true,1975,5,0.253,1,5,,Измеритель мощности амбиентного эквивалента дозы нейтронного излучения FC4028 | N-TET,"N-TET Измеритель мощности амбиентного эквивалента дозы нейтронного излучения FC4028 for industrial operators, combining Измеритель мощности амбиентного эквивалента дозы нейтронного излучения FC4028, security screening equipment, X-ray bagga",Измеритель мощности амбиентного эквивалента дозы нейтронного излучения FC4028 | security screening equipment | X-ray baggage scanner | walk-through metal detector | N-TET,Измеритель мощности амбиентного эквивалента дозы нейтронного излучения FC4028,Измеритель мощности амбиентного эквивалента дозы нейтронного излучения FC4028 Technical Specifications | Запросить решение и КП | Обзор | Технические характеристики | Запросить решение и КП,.next/server/app/ru/products/fc4028-neutron-ambient-dose-rate-meter.html
/ru/products/fc5030-compact-x-ray-baggage-scanner,ru,strong,100,Малогабаритный рентгенотелевизионный интроскоп FC5030,5,true,true,true,true,true,1537,5,0.325,1,5,,Малогабаритный рентгенотелевизионный интроскоп FC5030 | N-TET,"N-TET Малогабаритный рентгенотелевизионный интроскоп FC5030 for industrial operators, combining Малогабаритный рентгенотелевизионный интроскоп FC5030, security screening equipment, X-ray baggage scanner workflows with field-ready deployment",Малогабаритный рентгенотелевизионный интроскоп FC5030 | security screening equipment | X-ray baggage scanner | walk-through metal detector | N-TET,Малогабаритный рентгенотелевизионный интроскоп FC5030,Малогабаритный рентгенотелевизионный интроскоп FC5030 Technical Specifications | Запросить решение и КП | Обзор | Технические характеристики | Запросить решение и КП,.next/server/app/ru/products/fc5030-compact-x-ray-baggage-scanner.html
/ru/products/fc6550-standard-x-ray-baggage-scanner,ru,strong,100,Рентгенотелевизионная установка FC6550 Стандартная,5,true,true,true,true,true,1441,3,0.208,1,5,,Рентгенотелевизионная установка FC6550 (Стандартная) | N-TET,"N-TET Рентгенотелевизионная установка FC6550 (Стандартная) for industrial operators, combining Рентгенотелевизионная установка FC6550 Стандартная, security screening equipment, X-ray baggage scanner workflows with field-ready deployment and",Рентгенотелевизионная установка FC6550 Стандартная | security screening equipment | X-ray baggage scanner | walk-through metal detector | N-TET,Рентгенотелевизионная установка FC6550 Стандартная,Рентгенотелевизионная установка FC6550 Стандартная Technical Specifications | Запросить решение и КП | Обзор | Технические характеристики | Запросить решение и КП,.next/server/app/ru/products/fc6550-standard-x-ray-baggage-scanner.html
/ru/products/fc6550d-dual-view-baggage-scanner,ru,strong,100,Двухпроекционный рентгеновский интроскоп FC6550D,5,true,true,true,true,true,1561,5,0.320,1,5,,Двухпроекционный рентгеновский интроскоп FC6550D | N-TET,"N-TET Двухпроекционный рентгеновский интроскоп FC6550D for industrial operators, combining Двухпроекционный рентгеновский интроскоп FC6550D, security screening equipment, X-ray baggage scanner workflows with field-ready deployment and suppo",Двухпроекционный рентгеновский интроскоп FC6550D | security screening equipment | X-ray baggage scanner | walk-through metal detector | N-TET,Двухпроекционный рентгеновский интроскоп FC6550D,Двухпроекционный рентгеновский интроскоп FC6550D Technical Specifications | Запросить решение и КП | Обзор | Технические характеристики | Запросить решение и КП,.next/server/app/ru/products/fc6550d-dual-view-baggage-scanner.html
/ru/products/fc902-personal-radiation-dose-alarm,ru,strong,100,Индивидуальный сигнализатор дозы рентгеновского и гамма-излучения FC902,5,true,true,true,true,true,1632,5,0.306,1,5,,Индивидуальный сигнализатор дозы рентгеновского и гамма-излучения FC902 | N-TET,"N-TET Индивидуальный сигнализатор дозы рентгеновского и гамма-излучения FC902 for industrial operators, combining Индивидуальный сигнализатор дозы рентгеновского и гамма-излучения FC902, security screening equipment, X-ray baggage scanner w",Индивидуальный сигнализатор дозы рентгеновского и гамма-излучения FC902 | security screening equipment | X-ray baggage scanner | walk-through metal detector | N-TET,Индивидуальный сигнализатор дозы рентгеновского и гамма-излучения FC902,Индивидуальный сигнализатор дозы рентгеновского и гамма-излучения FC902 Technical Specifications | Запросить решение и КП | Обзор | Технические характеристики | Запросить решение и КП,.next/server/app/ru/products/fc902-personal-radiation-dose-alarm.html
/ru/products/handheld-rf-detection-system-mini,ru,strong,100,Малогабаритный переносной радиочастотный обнаружитель БПЛА,5,true,true,true,true,true,1510,5,0.331,1,5,,Малогабаритный переносной радиочастотный обнаружитель БПЛА | N-TET,"N-TET Малогабаритный переносной радиочастотный обнаружитель БПЛА for industrial operators, combining Малогабаритный переносной радиочастотный обнаружитель БПЛА, low altitude monitoring equipment, drone detection equipment workflows with fie",Малогабаритный переносной радиочастотный обнаружитель БПЛА | low altitude monitoring equipment | drone detection equipment | airspace monitoring system | N-TET,Малогабаритный переносной радиочастотный обнаружитель БПЛА,Малогабаритный переносной радиочастотный обнаружитель БПЛА Technical Specifications | Запросить решение и КП | Обзор | Технические характеристики | Запросить решение и КП,.next/server/app/ru/products/handheld-rf-detection-system-mini.html
/ru/products/intelligent-mobile-cabin-hospital,ru,strong,100,Интеллектуальный мобильный многофункциональный госпиталь,5,true,true,true,true,true,1319,5,0.379,1,5,,Интеллектуальный мобильный многофункциональный госпиталь | N-TET,"N-TET Интеллектуальный мобильный многофункциональный госпиталь for industrial operators, combining Интеллектуальный мобильный многофункциональный госпиталь, field hospital system, containerized medical rescue system workflows with field-rea",Интеллектуальный мобильный многофункциональный госпиталь | field hospital system | containerized medical rescue system | emergency medical shelter | N-TET,Интеллектуальный мобильный многофункциональный госпиталь,Интеллектуальный мобильный многофункциональный госпиталь Technical Specifications | Запросить решение и КП | Обзор | Технические характеристики | Запросить решение и КП,.next/server/app/ru/products/intelligent-mobile-cabin-hospital.html
/ru/products/low-altitude-3d-pulse-doppler-radar,ru,strong,100,Радар обнаружения маловысотных целей X-диапазон,5,true,true,true,true,true,1506,3,0.199,1,5,,Радар обнаружения маловысотных целей (X-диапазон) | N-TET,"N-TET Радар обнаружения маловысотных целей (X-диапазон) for industrial operators, combining Радар обнаружения маловысотных целей X-диапазон, low altitude monitoring equipment, drone detection equipment workflows with field-ready deployment",Радар обнаружения маловысотных целей X-диапазон | low altitude monitoring equipment | drone detection equipment | airspace monitoring system | N-TET,Радар обнаружения маловысотных целей X-диапазон,Радар обнаружения маловысотных целей X-диапазон Technical Specifications | Запросить решение и КП | Обзор | Технические характеристики | Запросить решение и КП,.next/server/app/ru/products/low-altitude-3d-pulse-doppler-radar.html
/ru/products/low-altitude-detection-radar-ku-band,ru,strong,100,РЛС обнаружения маловысотных целей Ku-диапазон,5,true,true,true,true,true,1492,3,0.201,1,5,,РЛС обнаружения маловысотных целей (Ku-диапазон) | N-TET,"N-TET РЛС обнаружения маловысотных целей (Ku-диапазон) for industrial operators, combining РЛС обнаружения маловысотных целей Ku-диапазон, low altitude monitoring equipment, drone detection equipment workflows with field-ready deployment an",РЛС обнаружения маловысотных целей Ku-диапазон | low altitude monitoring equipment | drone detection equipment | airspace monitoring system | N-TET,РЛС обнаружения маловысотных целей Ku-диапазон,РЛС обнаружения маловысотных целей Ku-диапазон Technical Specifications | Запросить решение и КП | Обзор | Технические характеристики | Запросить решение и КП,.next/server/app/ru/products/low-altitude-detection-radar-ku-band.html
/ru/products/multi-rotor-20kg-payload-uav,ru,strong,100,Мультироторный БПЛА с нагрузкой 20 kg,5,true,true,true,true,true,1299,5,0.385,1,5,,Мультироторный БПЛА с нагрузкой 20 kg | N-TET,"N-TET Мультироторный БПЛА с нагрузкой 20 kg for industrial operators, combining Мультироторный БПЛА с нагрузкой 20 kg, industrial UAV systems, UAV inspection drone workflows with field-ready deployment and support.",Мультироторный БПЛА с нагрузкой 20 kg | industrial UAV systems | UAV inspection drone | emergency response UAV | N-TET,Мультироторный БПЛА с нагрузкой 20 kg,Мультироторный БПЛА с нагрузкой 20 kg Technical Specifications | Запросить решение и КП | Обзор | Технические характеристики | Запросить решение и КП,.next/server/app/ru/products/multi-rotor-20kg-payload-uav.html
/ru/products/multi-rotor-3kg-payload-uav,ru,strong,100,Мультироторный БПЛА с нагрузкой 3 kg,5,true,true,true,true,true,1511,5,0.331,1,5,,Мультироторный БПЛА с нагрузкой 3 kg | N-TET,"N-TET Мультироторный БПЛА с нагрузкой 3 kg for industrial operators, combining Мультироторный БПЛА с нагрузкой 3 kg, industrial UAV systems, UAV inspection drone workflows with field-ready deployment and support.",Мультироторный БПЛА с нагрузкой 3 kg | industrial UAV systems | UAV inspection drone | emergency response UAV | N-TET,Мультироторный БПЛА с нагрузкой 3 kg,Мультироторный БПЛА с нагрузкой 3 kg Technical Specifications | Запросить решение и КП | Обзор | Технические характеристики | Запросить решение и КП,.next/server/app/ru/products/multi-rotor-3kg-payload-uav.html
/ru/products/multi-rotor-50kg-payload-uav,ru,strong,100,Мультироторный БПЛА с нагрузкой 50 kg,5,true,true,true,true,true,1381,5,0.362,1,5,,Мультироторный БПЛА с нагрузкой 50 kg | N-TET,"N-TET Мультироторный БПЛА с нагрузкой 50 kg for industrial operators, combining Мультироторный БПЛА с нагрузкой 50 kg, industrial UAV systems, UAV inspection drone workflows with field-ready deployment and support.",Мультироторный БПЛА с нагрузкой 50 kg | industrial UAV systems | UAV inspection drone | emergency response UAV | N-TET,Мультироторный БПЛА с нагрузкой 50 kg,Мультироторный БПЛА с нагрузкой 50 kg Technical Specifications | Запросить решение и КП | Обзор | Технические характеристики | Запросить решение и КП,.next/server/app/ru/products/multi-rotor-50kg-payload-uav.html
/ru/products/multi-rotor-8kg-payload-uav,ru,strong,100,Мультироторный БПЛА с нагрузкой 8 kg,5,true,true,true,true,true,1287,5,0.389,1,5,,Мультироторный БПЛА с нагрузкой 8 kg | N-TET,"N-TET Мультироторный БПЛА с нагрузкой 8 kg for industrial operators, combining Мультироторный БПЛА с нагрузкой 8 kg, industrial UAV systems, UAV inspection drone workflows with field-ready deployment and support.",Мультироторный БПЛА с нагрузкой 8 kg | industrial UAV systems | UAV inspection drone | emergency response UAV | N-TET,Мультироторный БПЛА с нагрузкой 8 kg,Мультироторный БПЛА с нагрузкой 8 kg Technical Specifications | Запросить решение и КП | Обзор | Технические характеристики | Запросить решение и КП,.next/server/app/ru/products/multi-rotor-8kg-payload-uav.html
/ru/products/portable-rf-detection-case,ru,strong,100,Переносная кейс система радиочастотного обнаружения БПЛА,5,true,true,true,true,true,1463,3,0.205,1,5,,Переносная (кейс) система радиочастотного обнаружения БПЛА | N-TET,"N-TET Переносная (кейс) система радиочастотного обнаружения БПЛА for industrial operators, combining Переносная кейс система радиочастотного обнаружения БПЛА, low altitude monitoring equipment, drone detection equipment workflows with field",Переносная кейс система радиочастотного обнаружения БПЛА | low altitude monitoring equipment | drone detection equipment | airspace monitoring system | N-TET,Переносная кейс система радиочастотного обнаружения БПЛА,Переносная кейс система радиочастотного обнаружения БПЛА Technical Specifications | Запросить решение и КП | Обзор | Технические характеристики | Запросить решение и КП,.next/server/app/ru/products/portable-rf-detection-case.html
/ru/products/power-tower-inspection-drone,ru,strong,100,drone power line inspection,8,true,true,true,true,true,1922,11,0.572,1,5,,БПЛА для инспекции опор ЛЭП | N-TET,"N-TET БПЛА для инспекции опор ЛЭП for industrial operators, combining drone power line inspection, power line inspection drone, drones for utility inspection workflows with field-ready deployment and support.",drone power line inspection | power line inspection drone | drones for utility inspection | transmission tower inspection UAV | БПЛА для инспекции опор ЛЭП | industrial UAV systems | UAV inspection drone | emergency response UAV,БПЛА для инспекции опор ЛЭП,БПЛА для инспекции опор ЛЭП Technical Specifications | Запросить решение и КП | Обзор | Технические характеристики | Запросить решение и КП,.next/server/app/ru/products/power-tower-inspection-drone.html
/ru/products/smart-substation-autonomous-inspection-system,ru,strong,100,smart substation autonomous inspection,8,true,true,true,true,true,1990,9,0.452,1,5,,Автономная система инспекции умной подстанции с БПЛА | N-TET,"N-TET Автономная система инспекции умной подстанции с БПЛА for industrial operators, combining smart substation autonomous inspection, substation inspection drone, power utility UAV inspection workflows with field-ready deployment and suppo",smart substation autonomous inspection | substation inspection drone | power utility UAV inspection | autonomous UAV inspection | Автономная система инспекции умной подстанции с БПЛА | industrial UAV systems | UAV inspection drone | emergency response UAV,Автономная система инспекции умной подстанции с БПЛА,Автономная система инспекции умной подстанции с БПЛА Technical Specifications | Запросить решение и КП | Обзор | Технические характеристики | Запросить решение и КП,.next/server/app/ru/products/smart-substation-autonomous-inspection-system.html
/ru/products/stationary-rf-detection-system,ru,strong,100,Стационарная система радиочастотного обнаружения БПЛА,5,true,true,true,true,true,1518,5,0.329,1,5,,Стационарная система радиочастотного обнаружения БПЛА | N-TET,"N-TET Стационарная система радиочастотного обнаружения БПЛА for industrial operators, combining Стационарная система радиочастотного обнаружения БПЛА, low altitude monitoring equipment, drone detection equipment workflows with field-ready d",Стационарная система радиочастотного обнаружения БПЛА | low altitude monitoring equipment | drone detection equipment | airspace monitoring system | N-TET,Стационарная система радиочастотного обнаружения БПЛА,Стационарная система радиочастотного обнаружения БПЛА Technical Specifications | Запросить решение и КП | Обзор | Технические характеристики | Запросить решение и КП,.next/server/app/ru/products/stationary-rf-detection-system.html
/ru/products/uav-remote-id-monitoring-system,ru,strong,100,Система мониторинга удаленной идентификации БПЛА Remote ID,5,true,true,true,true,true,1466,3,0.205,1,5,,Система мониторинга удаленной идентификации БПЛА (Remote ID) | N-TET,"N-TET Система мониторинга удаленной идентификации БПЛА (Remote ID) for industrial operators, combining Система мониторинга удаленной идентификации БПЛА Remote ID, low altitude monitoring equipment, drone detection equipment workflows with f",Система мониторинга удаленной идентификации БПЛА Remote ID | low altitude monitoring equipment | drone detection equipment | airspace monitoring system | N-TET,Система мониторинга удаленной идентификации БПЛА Remote ID,Система мониторинга удаленной идентификации БПЛА Remote ID Technical Specifications | Запросить решение и КП | Обзор | Технические характеристики | Запросить решение и КП,.next/server/app/ru/products/uav-remote-id-monitoring-system.html
/ru/products/vtol-135kg-mtow-uav,ru,strong,100,VTOL БПЛА с максимальной взлетной массой 135 kg,5,true,true,true,true,true,1269,5,0.394,1,5,,VTOL БПЛА с максимальной взлетной массой 135 kg | N-TET,"N-TET VTOL БПЛА с максимальной взлетной массой 135 kg for industrial operators, combining VTOL БПЛА с максимальной взлетной массой 135 kg, industrial UAV systems, UAV inspection drone workflows with field-ready deployment and support.",VTOL БПЛА с максимальной взлетной массой 135 kg | industrial UAV systems | UAV inspection drone | emergency response UAV | N-TET,VTOL БПЛА с максимальной взлетной массой 135 kg,VTOL БПЛА с максимальной взлетной массой 135 kg Technical Specifications | Запросить решение и КП | Обзор | Технические характеристики | Запросить решение и КП,.next/server/app/ru/products/vtol-135kg-mtow-uav.html
/ru/products/vtol-14kg-mtow-uav,ru,strong,100,VTOL БПЛА с максимальной взлетной массой 14 kg,5,true,true,true,true,true,1267,5,0.395,1,5,,VTOL БПЛА с максимальной взлетной массой 14 kg | N-TET,"N-TET VTOL БПЛА с максимальной взлетной массой 14 kg for industrial operators, combining VTOL БПЛА с максимальной взлетной массой 14 kg, industrial UAV systems, UAV inspection drone workflows with field-ready deployment and support.",VTOL БПЛА с максимальной взлетной массой 14 kg | industrial UAV systems | UAV inspection drone | emergency response UAV | N-TET,VTOL БПЛА с максимальной взлетной массой 14 kg,VTOL БПЛА с максимальной взлетной массой 14 kg Technical Specifications | Запросить решение и КП | Обзор | Технические характеристики | Запросить решение и КП,.next/server/app/ru/products/vtol-14kg-mtow-uav.html
/ru/products/vtol-26kg-mtow-uav,ru,strong,100,VTOL БПЛА с максимальной взлетной массой 26 kg,5,true,true,true,true,true,1265,5,0.395,1,5,,VTOL БПЛА с максимальной взлетной массой 26 kg | N-TET,"N-TET VTOL БПЛА с максимальной взлетной массой 26 kg for industrial operators, combining VTOL БПЛА с максимальной взлетной массой 26 kg, industrial UAV systems, UAV inspection drone workflows with field-ready deployment and support.",VTOL БПЛА с максимальной взлетной массой 26 kg | industrial UAV systems | UAV inspection drone | emergency response UAV | N-TET,VTOL БПЛА с максимальной взлетной массой 26 kg,VTOL БПЛА с максимальной взлетной массой 26 kg Technical Specifications | Запросить решение и КП | Обзор | Технические характеристики | Запросить решение и КП,.next/server/app/ru/products/vtol-26kg-mtow-uav.html
/ru/products/vtol-40kg-mtow-uav,ru,strong,100,VTOL БПЛА с максимальной взлетной массой 40 kg,5,true,true,true,true,true,1269,5,0.394,1,5,,VTOL БПЛА с максимальной взлетной массой 40 kg | N-TET,"N-TET VTOL БПЛА с максимальной взлетной массой 40 kg for industrial operators, combining VTOL БПЛА с максимальной взлетной массой 40 kg, industrial UAV systems, UAV inspection drone workflows with field-ready deployment and support.",VTOL БПЛА с максимальной взлетной массой 40 kg | industrial UAV systems | UAV inspection drone | emergency response UAV | N-TET,VTOL БПЛА с максимальной взлетной массой 40 kg,VTOL БПЛА с максимальной взлетной массой 40 kg Technical Specifications | Запросить решение и КП | Обзор | Технические характеристики | Запросить решение и КП,.next/server/app/ru/products/vtol-40kg-mtow-uav.html
/ru/products/vtol-64kg-mtow-uav,ru,strong,100,VTOL БПЛА с максимальной взлетной массой 64 kg,5,true,true,true,true,true,1255,5,0.398,1,5,,VTOL БПЛА с максимальной взлетной массой 64 kg | N-TET,"N-TET VTOL БПЛА с максимальной взлетной массой 64 kg for industrial operators, combining VTOL БПЛА с максимальной взлетной массой 64 kg, industrial UAV systems, UAV inspection drone workflows with field-ready deployment and support.",VTOL БПЛА с максимальной взлетной массой 64 kg | industrial UAV systems | UAV inspection drone | emergency response UAV | N-TET,VTOL БПЛА с максимальной взлетной массой 64 kg,VTOL БПЛА с максимальной взлетной массой 64 kg Technical Specifications | Запросить решение и КП | Обзор | Технические характеристики | Запросить решение и КП,.next/server/app/ru/products/vtol-64kg-mtow-uav.html
/ru/solutions,ru,strong,100,решения для инспекции БПЛА,4,true,true,true,true,true,1225,6,0.490,1,11,,Решения для инспекции БПЛА | N-TET,"решения для инспекции БПЛА является основной темой этой страницы; также раскрываются связанные задачи: БПЛА для поиска и спасения, пожарный БПЛА, инспекция линий электропередачи БПЛА.",решения для инспекции БПЛА | БПЛА для поиска и спасения | пожарный БПЛА | инспекция линий электропередачи БПЛА,Решения для инспекции БПЛА,Решения для инспекции БПЛА для промышленных команд | Инспекция и патрулирование БПЛА | Аварийное применение БПЛА | Защита инфраструктуры | Безопасность важных объектов | Запросить решение и КП | Инспекция и патрулирование БПЛА | Аварийное применение БПЛА | Защита инфраструктуры | Безопасность важных объектов | Запросить решение и КП,.next/server/app/ru/solutions.html
/ru/solutions/airport-low-altitude-monitoring,ru,strong,85,Защита аэропортов от БПЛА,2,true,false,true,true,true,1621,13,0.802,1,10,description 未命中关键词,Защита аэропортов от БПЛА | N-TET,"Круглосуточная охрана чувствительных зон аэропорта и глиссад посадки для предотвращения вмешательства несанкционированных БПЛА в процессы взлета и посадки. Система объединяет радиочастотное обнаружение, согласованное реагирование и навигаци",Защита аэропортов от БПЛА | N-TET,Защита аэропортов от БПЛА,Защита аэропортов от БПЛА Workflow | Технические характеристики | Связанное оборудование | FAQ по решению и подготовке проекта | Запросить решение и КП | Обзор | Технические характеристики | Связанное оборудование | FAQ по решению и подготовке проекта | Запросить решение и КП,.next/server/app/ru/solutions/airport-low-altitude-monitoring.html
/ru/solutions/airport-security-protection,ru,strong,85,Безопасность аэропортов,2,true,false,true,true,true,1619,14,0.865,1,10,description 未命中关键词,Безопасность аэропортов | N-TET,"Аэропорты как транспортные узлы требуют высочайшей эффективности досмотра при огромном пассажиропотоке. Данное решение использует оптико-электронный мониторинг, обнаружение БПЛА и системы скоростного сканирования (двухпроекционные) для повы",Безопасность аэропортов | N-TET,Безопасность аэропортов,Безопасность аэропортов Workflow | Технические характеристики | Связанное оборудование | FAQ по решению и подготовке проекта | Запросить решение и КП | Обзор | Технические характеристики | Связанное оборудование | FAQ по решению и подготовке проекта | Запросить решение и КП,.next/server/app/ru/solutions/airport-security-protection.html
/ru/solutions/category/01_BorderPatrol,ru,strong,100,БПЛА для пограничного патрулирования,4,true,true,true,true,true,1527,15,0.982,1,9,,Решения БПЛА для пограничного патрулирования | N-TET,"БПЛА для пограничного патрулирования является основной темой этой страницы; также раскрываются связанные задачи: БПЛА для морского патрулирования, дрон для прибрежного мониторинга, наземное морское наблюдение.",БПЛА для пограничного патрулирования | БПЛА для морского патрулирования | дрон для прибрежного мониторинга | наземное морское наблюдение,Решения БПЛА для пограничного патрулирования,БПЛА для пограничного патрулирования и прибрежного мониторинга | Промышленные решения на базе БПЛА | Рекомендуемые продукты | FAQ по решению и подготовке проекта | Запросить решение и КП | Потребности отрасли | Промышленные решения на базе БПЛА | Рекомендуемые продукты | Запросить решение и КП,.next/server/app/ru/solutions/category/01_BorderPatrol.html
/ru/solutions/category/02_InfrastructureProtection,ru,strong,85,БПЛА для инспекции промышленных объектов,4,true,true,true,false,true,1729,12,0.694,1,9,H2 未命中关键词,Решения БПЛА для инспекции промышленных объектов | N-TET,"БПЛА для инспекции промышленных объектов является основной темой этой страницы; также раскрываются связанные задачи: инспекция нефти и газа дронами, БПЛА для инспекции трубопроводов, мониторинг химических заводов.",БПЛА для инспекции промышленных объектов | инспекция нефти и газа дронами | БПЛА для инспекции трубопроводов | мониторинг химических заводов,Решения БПЛА для инспекции промышленных объектов,Сценарии инспекции промышленных объектов БПЛА | Промышленные решения на базе БПЛА | Рекомендуемые продукты | FAQ по решению и подготовке проекта | Запросить решение и КП | Потребности отрасли | Промышленные решения на базе БПЛА | Рекомендуемые продукты | Запросить решение и КП,.next/server/app/ru/solutions/category/02_InfrastructureProtection.html
/ru/solutions/category/03_KeyAreaSecurity,ru,strong,85,мониторинг воздушного пространства аэропорта,4,true,true,true,false,true,1587,14,0.882,1,9,H2 未命中关键词,Мониторинг воздушного пространства аэропорта и безопасность ключевых зон | N-TET,"мониторинг воздушного пространства аэропорта является основной темой этой страницы; также раскрываются связанные задачи: мониторинг безопасности мероприятий, безопасность ключевых зон, оборудование мониторинга низкой высоты.",мониторинг воздушного пространства аэропорта | мониторинг безопасности мероприятий | безопасность ключевых зон | оборудование мониторинга низкой высоты,Мониторинг воздушного пространства аэропорта и безопасность ключевых зон,Сценарии мониторинга воздушного пространства аэропорта | Промышленные решения на базе БПЛА | Рекомендуемые продукты | FAQ по решению и подготовке проекта | Запросить решение и КП | Потребности отрасли | Промышленные решения на базе БПЛА | Рекомендуемые продукты | Запросить решение и КП,.next/server/app/ru/solutions/category/03_KeyAreaSecurity.html
/ru/solutions/category/04_EmergencyRescue,ru,strong,100,БПЛА для поиска и спасения,4,true,true,true,true,true,1555,16,1.029,1,9,,Решения БПЛА для поиска и спасения | N-TET,"БПЛА для поиска и спасения является основной темой этой страницы; также раскрываются связанные задачи: пожарный БПЛА, БПЛА аварийной связи, БПЛА для освещения.",БПЛА для поиска и спасения | пожарный БПЛА | БПЛА аварийной связи | БПЛА для освещения,Решения БПЛА для поиска и спасения,Рабочие процессы БПЛА для поиска и спасения | Промышленные решения на базе БПЛА | Рекомендуемые продукты | FAQ по решению и подготовке проекта | Запросить решение и КП | Потребности отрасли | Промышленные решения на базе БПЛА | Рекомендуемые продукты | Запросить решение и КП,.next/server/app/ru/solutions/category/04_EmergencyRescue.html
/ru/solutions/chemical-plant-protection,ru,strong,100,БПЛА для инспекции трубопроводов,4,true,true,true,true,true,2132,19,0.891,1,13,,БПЛА для инспекции трубопроводов и мониторинга химических заводов | N-TET,"БПЛА для инспекции трубопроводов является основной темой этой страницы; также раскрываются связанные задачи: мониторинг химических заводов, инспекция трубопроводов БПЛА, инспекция нефти и газа дронами.",БПЛА для инспекции трубопроводов | мониторинг химических заводов | инспекция трубопроводов БПЛА | инспекция нефти и газа дронами,БПЛА для инспекции трубопроводов и мониторинга химических заводов,БПЛА для инспекции трубопроводов и мониторинга объекта | A Neutral Low-Altitude Risk Process for Chemical Sites | Модули решения | Связанное оборудование | FAQ по решению и подготовке проекта | Запросить решение и КП | Обзор | Отраслевые проблемы | A Neutral Low-Altitude Risk Process for Chemical Sites | Модули решения | Связанное оборудование | FAQ по решению и подготовке проекта | Запросить решение и КП,.next/server/app/ru/solutions/chemical-plant-protection.html
/ru/solutions/disaster-site-search-rescue-reconnaissance-uav-solution,ru,strong,100,БПЛА для поиска и спасения,4,true,true,true,true,true,1869,19,1.017,1,15,,Решение БПЛА для поиска и спасения | N-TET,"БПЛА для поиска и спасения является основной темой этой страницы; также раскрываются связанные задачи: тепловизионные дроны для поиска и спасения, поисково-спасательный БПЛА, спасательный дрон.",БПЛА для поиска и спасения | тепловизионные дроны для поиска и спасения | поисково-спасательный БПЛА | спасательный дрон,Решение БПЛА для поиска и спасения,Рабочий процесс БПЛА для поиска и спасения | How UAVs Upgrade Emergency Reconnaissance | Модули решения | Связанное оборудование | Связанные кейсы | FAQ по решению и подготовке проекта | Запросить решение и КП | Обзор | Отраслевые проблемы | How UAVs Upgrade Emergency Reconnaissance | Модули решения | Связанное оборудование | Связанные кейсы | FAQ по решению и подготовке проекта | Запросить решение и КП,.next/server/app/ru/solutions/disaster-site-search-rescue-reconnaissance-uav-solution.html
/ru/solutions/emergency-communication-uav,ru,strong,100,БПЛА экстренной связи,2,true,true,true,true,true,1578,15,0.951,1,10,,БПЛА экстренной связи | N-TET,"БПЛА экстренной связи оснащен интегрированной высотной базовой станцией и использует спутниковые каналы для передачи данных на большие расстояния. Позволяет быстро восстановить покрытие 4G/5G в зонах бедствий, создавая эксклюзивную частную",БПЛА экстренной связи | N-TET,БПЛА экстренной связи,БПЛА экстренной связи Workflow | Технические характеристики | Связанное оборудование | FAQ по решению и подготовке проекта | Запросить решение и КП | Обзор | Технические характеристики | Связанное оборудование | FAQ по решению и подготовке проекта | Запросить решение и КП,.next/server/app/ru/solutions/emergency-communication-uav.html
/ru/solutions/emergency-communication-uav-solution,ru,partial,70,Решение БПЛА для аварийной связи,2,true,false,true,false,true,1545,12,0.777,1,13,description 未命中关键词; H2 未命中关键词,Решение БПЛА для аварийной связи | N-TET,"Воздушное коммуникационное решение для отключения сети после ЧС, удаленных зон без сигнала и временного обеспечения связи, позволяющее быстро восстановить публичное покрытие или развернуть спасательную частную сеть.",Решение БПЛА для аварийной связи | N-TET,Решение БПЛА для аварийной связи,Связанное оборудование | FAQ по решению и подготовке проекта | Запросить решение и КП | Обзор | Отраслевые задачи | Как БПЛА повышают эффективность | Решение | Связанное оборудование | Связанные проекты | Технические характеристики | Связанное оборудование | FAQ по решению и подготовке проекта | Запросить решение и КП,.next/server/app/ru/solutions/emergency-communication-uav-solution.html
/ru/solutions/emergency-lighting-uav,ru,strong,85,БПЛА аварийного освещения,2,true,false,true,true,true,1534,13,0.847,1,10,description 未命中关键词,БПЛА аварийного освещения | N-TET,"Оснащен мощными светодиодными модулями высокой яркости, легко развертывается и обеспечивает непрерывное освещение больших площадей под любым углом без слепых зон. Работает в привязном режиме с постоянным питанием, что позволяет длительное в",БПЛА аварийного освещения | N-TET,БПЛА аварийного освещения,БПЛА аварийного освещения Workflow | Технические характеристики | Связанное оборудование | FAQ по решению и подготовке проекта | Запросить решение и КП | Обзор | Технические характеристики | Связанное оборудование | FAQ по решению и подготовке проекта | Запросить решение и КП,.next/server/app/ru/solutions/emergency-lighting-uav.html
/ru/solutions/emergency-reconnaissance-uav,ru,strong,85,БПЛА экстренной разведки,2,true,false,true,true,true,1556,13,0.835,1,10,description 未命中关键词,БПЛА экстренной разведки | N-TET,"Гибкий и быстрый в развертывании дрон, способный преодолевать препятствия в виде завалов дорог и горно-лесистой местности. Оснащен HD-камерами и тепловизорами для широкомасштабного патрулирования и передачи видео в реальном времени для поис",БПЛА экстренной разведки | N-TET,БПЛА экстренной разведки,БПЛА экстренной разведки Workflow | Технические характеристики | Связанное оборудование | FAQ по решению и подготовке проекта | Запросить решение и КП | Обзор | Технические характеристики | Связанное оборудование | FAQ по решению и подготовке проекта | Запросить решение и КП,.next/server/app/ru/solutions/emergency-reconnaissance-uav.html
/ru/solutions/emergency-search-rescue-uav-solution,ru,partial,70,Решение поисково-спасательного БПЛА,2,true,false,true,false,true,1539,12,0.780,1,15,description 未命中关键词; H2 未命中关键词,Решение поисково-спасательного БПЛА | N-TET,"Быстро развертываемое решение БПЛА для разведки ЧС, поиска людей, определения целей, доставки грузов и координации командования при паводках, землетрясениях, в лесах, на воде и в удаленных районах.",Решение поисково-спасательного БПЛА | N-TET,Решение поисково-спасательного БПЛА,Связанное оборудование | Связанные кейсы | FAQ по решению и подготовке проекта | Запросить решение и КП | Обзор | Отраслевые задачи | Как БПЛА повышают эффективность | Решение | Связанное оборудование | Связанные проекты | Технические характеристики | Связанное оборудование | Связанные кейсы | FAQ по решению и подготовке проекта | Запросить решение и КП,.next/server/app/ru/solutions/emergency-search-rescue-uav-solution.html
/ru/solutions/high-rise-firefighting-uav-solution,ru,partial,70,Решение БПЛА для тушения высотных пожаров,2,true,false,true,false,true,1598,12,0.751,1,13,description 未命中关键词; H2 未命中关键词,Решение БПЛА для тушения высотных пожаров | N-TET,"Решение с привязным БПЛА для высотных зданий, плотной городской застройки и промышленных парков: подача воды или состава с высоты, вскрытие окон, дымоудаление, тепловизионная разведка и связь с командным пунктом.",Решение БПЛА для тушения высотных пожаров | N-TET,Решение БПЛА для тушения высотных пожаров,Связанное оборудование | FAQ по решению и подготовке проекта | Запросить решение и КП | Обзор | Отраслевые задачи | Как БПЛА повышают эффективность | Решение | Связанное оборудование | Связанные проекты | Технические характеристики | Связанное оборудование | FAQ по решению и подготовке проекта | Запросить решение и КП,.next/server/app/ru/solutions/high-rise-firefighting-uav-solution.html
/ru/solutions/hydroelectric-dam-protection,ru,strong,85,Защита гидроэлектрических плотин,2,true,false,true,true,true,1747,13,0.744,1,13,description 未命中关键词,Защита гидроэлектрических плотин | N-TET,"Процесс низковысотной безопасности для гидроэлектрических плотин, водохранилищ, машинных залов, водосбросов и инспекционных маршрутов. Он основан на логике защиты критической инфраструктуры и охватывает наблюдение, подтверждение цели, сопро",Защита гидроэлектрических плотин | N-TET,Защита гидроэлектрических плотин,Защита гидроэлектрических плотин Workflow | ??????? ????????????? ???????????? ??? ??????? | Модули решения | Связанное оборудование | FAQ по решению и подготовке проекта | Запросить решение и КП | Обзор | Отраслевые проблемы | ??????? ????????????? ???????????? ??? ??????? | Модули решения | Связанное оборудование | FAQ по решению и подготовке проекта | Запросить решение и КП,.next/server/app/ru/solutions/hydroelectric-dam-protection.html
/ru/solutions/judicial-sector-security,ru,strong,85,Безопасность судебного сектора,2,true,false,true,true,true,1608,13,0.808,1,10,description 未命中关键词,Безопасность судебного сектора | N-TET,"Судебный сектор связан с управлением секретной информацией и лицами высокого риска. Наше решение строит комплексную систему защиты, объединяя оптико-электронный мониторинг, мониторинг низковысотной активности и интеллектуальные терминалы до",Безопасность судебного сектора | N-TET,Безопасность судебного сектора,Безопасность судебного сектора Workflow | Технические характеристики | Связанное оборудование | FAQ по решению и подготовке проекта | Запросить решение и КП | Обзор | Технические характеристики | Связанное оборудование | FAQ по решению и подготовке проекта | Запросить решение и КП,.next/server/app/ru/solutions/judicial-sector-security.html
/ru/solutions/land-based-maritime-surveillance,ru,strong,85,Береговое наблюдение и раннее предупреждение,2,true,false,true,true,true,1494,13,0.870,1,10,description 未命中关键词,Береговое наблюдение и раннее предупреждение | N-TET,"Интегрированная система морской обороны, объединяющая радарные и оптико-электронные данные для круглосуточного контроля акватории и предотвращения незаконной деятельности. Преодолевает ограничения традиционных методов наблюдения, обеспечива",Береговое наблюдение и раннее предупреждение | N-TET,Береговое наблюдение и раннее предупреждение,Береговое наблюдение и раннее предупреждение Workflow | Технические характеристики | Связанное оборудование | FAQ по решению и подготовке проекта | Запросить решение и КП | Обзор | Технические характеристики | Связанное оборудование | FAQ по решению и подготовке проекта | Запросить решение и КП,.next/server/app/ru/solutions/land-based-maritime-surveillance.html
/ru/solutions/night-emergency-lighting-support-uav-solution,ru,strong,100,привязной БПЛА для освещения,4,true,true,true,true,true,1976,21,1.063,1,15,,привязной БПЛА для освещения: решение | N-TET,"привязной БПЛА для освещения является основной темой этой страницы; также раскрываются связанные задачи: дрон для освещения, система освещения БПЛА, дрон аварийного освещения.",привязной БПЛА для освещения | дрон для освещения | система освещения БПЛА | дрон аварийного освещения,привязной БПЛА для освещения: решение,привязной БПЛА для освещения: рабочий процесс | Как БПЛА повышают эффективность работ | Модули решения | Связанное оборудование | Связанные кейсы | FAQ по решению и подготовке проекта | Запросить решение и КП | Обзор | Отраслевые проблемы | Как БПЛА повышают эффективность работ | Модули решения | Связанное оборудование | Связанные кейсы | FAQ по решению и подготовке проекта | Запросить решение и КП,.next/server/app/ru/solutions/night-emergency-lighting-support-uav-solution.html
/ru/solutions/oil-production-base-protection,ru,strong,100,oil and gas drone inspection,4,true,true,true,true,true,2169,18,0.830,1,13,,Oil and Gas Drone Inspection Solution | N-TET,"This oil and gas drone inspection solution supports oil production sites, pipeline corridor inspection, industrial facility inspection UAV workflows, and low-altitude monitoring around field assets.",oil and gas drone inspection | industrial facility inspection UAV | pipeline corridor inspection | oil production site monitoring,Oil and Gas Drone Inspection Solution,Oil and Gas Drone Inspection Workflow | Layered Low-Altitude Protection for Oil Production Sites | Модули решения | Связанное оборудование | FAQ по решению и подготовке проекта | Запросить решение и КП | Обзор | Отраслевые проблемы | Layered Low-Altitude Protection for Oil Production Sites | Модули решения | Связанное оборудование | FAQ по решению и подготовке проекта | Запросить решение и КП,.next/server/app/ru/solutions/oil-production-base-protection.html
/ru/solutions/post-disaster-emergency-communication-support-uav-solution,ru,strong,100,БПЛА аварийной связи,4,true,true,true,true,true,1827,20,1.095,1,15,,Решение БПЛА аварийной связи | N-TET,"БПЛА аварийной связи является основной темой этой страницы; также раскрываются связанные задачи: дрон связи для ликвидации последствий, привязной БПЛА связи, связь общественной безопасности БПЛА.",БПЛА аварийной связи | дрон связи для ликвидации последствий | привязной БПЛА связи | связь общественной безопасности БПЛА,Решение БПЛА аварийной связи,Рабочий процесс БПЛА аварийной связи | Как БПЛА повышают эффективность работ | Модули решения | Связанное оборудование | Связанные кейсы | FAQ по решению и подготовке проекта | Запросить решение и КП | Обзор | Отраслевые проблемы | Как БПЛА повышают эффективность работ | Модули решения | Связанное оборудование | Связанные кейсы | FAQ по решению и подготовке проекта | Запросить решение и КП,.next/server/app/ru/solutions/post-disaster-emergency-communication-support-uav-solution.html
/ru/solutions/power-generation-facility-low-altitude-monitoring,ru,strong,85,Защита энергетических объектов от БПЛА,2,true,false,true,true,true,1596,13,0.815,1,10,description 未命中关键词,Защита энергетических объектов от БПЛА | N-TET,"Специализированное решение для тепловых и атомных электростанций, а также ключевых подстанций. Автоматически обнаруживает несанкционированную съемку и разведку, предотвращая повреждение линий электропередач. Система включает стационарные и",Защита энергетических объектов от БПЛА | N-TET,Защита энергетических объектов от БПЛА,Защита энергетических объектов от БПЛА Workflow | Технические характеристики | Связанное оборудование | FAQ по решению и подготовке проекта | Запросить решение и КП | Обзор | Технические характеристики | Связанное оборудование | FAQ по решению и подготовке проекта | Запросить решение и КП,.next/server/app/ru/solutions/power-generation-facility-low-altitude-monitoring.html
/ru/solutions/power-line-uav-intelligent-inspection-solution,ru,strong,85,БПЛА для инспекции линий электропередачи,4,true,true,true,false,true,2091,18,0.861,1,11,H2 未命中关键词,Решение БПЛА для инспекции линий электропередачи | N-TET,"БПЛА для инспекции линий электропередачи является основной темой этой страницы; также раскрываются связанные задачи: инспекция линий электропередачи БПЛА, дрон для инспекции опор, БПЛА для инспекции коммунальных объектов.",БПЛА для инспекции линий электропередачи | инспекция линий электропередачи БПЛА | дрон для инспекции опор | БПЛА для инспекции коммунальных объектов,Решение БПЛА для инспекции линий электропередачи,Рабочий процесс инспекции линий электропередачи БПЛА | Как БПЛА повышают эффективность работ | Модули решения | FAQ по решению и подготовке проекта | Запросить решение и КП | Обзор | Отраслевые проблемы | Как БПЛА повышают эффективность работ | Модули решения | FAQ по решению и подготовке проекта | Запросить решение и КП,.next/server/app/ru/solutions/power-line-uav-intelligent-inspection-solution.html
/ru/solutions/power-tower-inspection-uav-solution,ru,partial,70,Решение БПЛА для инспекции опор ЛЭП,2,true,false,true,false,true,1602,12,0.749,1,15,description 未命中关键词; H2 未命中关键词,Решение БПЛА для инспекции опор ЛЭП | N-TET,"Решение на базе БПЛА для эксплуатации линий электропередачи: плановые обходы, локализация неисправностей, аварийные осмотры, контроль древесных помех и выпуск отчетов.",Решение БПЛА для инспекции опор ЛЭП | N-TET,Решение БПЛА для инспекции опор ЛЭП,Связанное оборудование | Связанные кейсы | FAQ по решению и подготовке проекта | Запросить решение и КП | Обзор | Отраслевые задачи | Как БПЛА повышают эффективность | Решение | Связанное оборудование | Связанные проекты | Технические характеристики | Связанное оборудование | Связанные кейсы | FAQ по решению и подготовке проекта | Запросить решение и КП,.next/server/app/ru/solutions/power-tower-inspection-uav-solution.html
/ru/solutions/smart-substation-autonomous-inspection-solution,ru,partial,70,Решение автономной инспекции подстанций с БПЛА,2,true,false,true,false,true,1600,12,0.750,1,15,description 未命中关键词; H2 未命中关键词,Решение автономной инспекции подстанций с БПЛА | N-TET,"Решение автономной инспекции подстанций, объединяющее док-станцию БПЛА, промышленную платформу, мультисенсорные нагрузки, аналитику ИИ и систему управления для автономных обходов, теплового контроля, распознавания дефектов и закрытия заявок",Решение автономной инспекции подстанций с БПЛА | N-TET,Решение автономной инспекции подстанций с БПЛА,Связанное оборудование | Связанные кейсы | FAQ по решению и подготовке проекта | Запросить решение и КП | Обзор | Отраслевые задачи | Как БПЛА повышают эффективность | Решение | Связанное оборудование | Связанные проекты | Технические характеристики | Связанное оборудование | Связанные кейсы | FAQ по решению и подготовке проекта | Запросить решение и КП,.next/server/app/ru/solutions/smart-substation-autonomous-inspection-solution.html
/ru/solutions/smart-substation-unattended-uav-inspection-solution,ru,strong,100,автономная инспекция умных подстанций,4,true,true,true,true,true,1906,19,0.997,1,15,,автономная инспекция умных подстанций: решение | N-TET,"автономная инспекция умных подстанций является основной темой этой страницы; также раскрываются связанные задачи: дрон для инспекции подстанций, инспекция энергетических объектов БПЛА, автономная инспекция БПЛА.",автономная инспекция умных подстанций | дрон для инспекции подстанций | инспекция энергетических объектов БПЛА | автономная инспекция БПЛА,автономная инспекция умных подстанций: решение,автономная инспекция умных подстанций: рабочий процесс | How UAVs Upgrade Substation Inspection | Модули решения | Связанное оборудование | Связанные кейсы | FAQ по решению и подготовке проекта | Запросить решение и КП | Обзор | Отраслевые проблемы | How UAVs Upgrade Substation Inspection | Модули решения | Связанное оборудование | Связанные кейсы | FAQ по решению и подготовке проекта | Запросить решение и КП,.next/server/app/ru/solutions/smart-substation-unattended-uav-inspection-solution.html
/ru/solutions/sports-event-security,ru,strong,85,Безопасность крупных спортивных мероприятий,2,true,false,true,true,true,2054,13,0.633,1,13,description 未命中关键词,Безопасность крупных спортивных мероприятий | N-TET,"Защита мероприятий и выставок с числом участников более 10 000 человек. Решение проблем высокой плотности людей, управления потоками и слепых зон в безопасности. Объединяет предупреждение о БПЛА с интеллектуальными терминалами досмотра для",Безопасность крупных спортивных мероприятий | N-TET,Безопасность крупных спортивных мероприятий,Безопасность крупных спортивных мероприятий Workflow | How Integrated Monitoring and Screening Support Large Events | Модули решения | Связанное оборудование | FAQ по решению и подготовке проекта | Запросить решение и КП | Обзор | Отраслевые проблемы | How Integrated Monitoring and Screening Support Large Events | Модули решения | Связанное оборудование | FAQ по решению и подготовке проекта | Запросить решение и КП,.next/server/app/ru/solutions/sports-event-security.html
/ru/solutions/tethered-lighting-uav-solution,ru,partial,70,Решение привязного осветительного БПЛА,2,true,false,true,false,true,1536,12,0.781,1,15,description 未命中关键词; H2 未命中关键词,Решение привязного осветительного БПЛА | N-TET,"Решение длительного воздушного освещения для ночных спасательных работ, аварийного ремонта, эвакуации и временных площадок за счет непрерывной подсветки с высоты.",Решение привязного осветительного БПЛА | N-TET,Решение привязного осветительного БПЛА,Связанное оборудование | Связанные кейсы | FAQ по решению и подготовке проекта | Запросить решение и КП | Обзор | Отраслевые задачи | Как БПЛА повышают эффективность | Решение | Связанное оборудование | Связанные проекты | Технические характеристики | Связанное оборудование | Связанные кейсы | FAQ по решению и подготовке проекта | Запросить решение и КП,.next/server/app/ru/solutions/tethered-lighting-uav-solution.html
/ru/solutions/uav-maritime-emergency-rescue,ru,strong,85,Аварийно-спасательные операции БПЛА на море,2,true,false,true,true,true,1546,13,0.841,1,10,description 未命中关键词,Аварийно-спасательные операции БПЛА на море | N-TET,"Быстрое реагирование на чрезвычайные ситуации в море: разведка, передача панорамного изображения в реальном времени, поиск пострадавших с помощью ИК-датчиков и точная доставка спасательных средств (жилетов, аптечек) в кратчайшие сроки.",Аварийно-спасательные операции БПЛА на море | N-TET,Аварийно-спасательные операции БПЛА на море,Аварийно-спасательные операции БПЛА на море Workflow | Технические характеристики | Связанное оборудование | FAQ по решению и подготовке проекта | Запросить решение и КП | Обзор | Технические характеристики | Связанное оборудование | FAQ по решению и подготовке проекта | Запросить решение и КП,.next/server/app/ru/solutions/uav-maritime-emergency-rescue.html
/ru/solutions/uav-maritime-patrol,ru,strong,85,БПЛА для морского патрулирования,4,true,true,true,false,true,1924,21,1.091,1,15,H2 未命中关键词,Решение БПЛА для морского патрулирования | N-TET,"БПЛА для морского патрулирования является основной темой этой страницы; также раскрываются связанные задачи: дрон для прибрежного мониторинга, БПЛА для пограничного патрулирования, БПЛА для охраны границ.",БПЛА для морского патрулирования | дрон для прибрежного мониторинга | БПЛА для пограничного патрулирования | БПЛА для охраны границ,Решение БПЛА для морского патрулирования,Рабочий процесс морского патрулирования БПЛА | Как БПЛА повышают эффективность работ | Модули решения | Связанное оборудование | Связанные кейсы | FAQ по решению и подготовке проекта | Запросить решение и КП | Обзор | Отраслевые проблемы | Как БПЛА повышают эффективность работ | Модули решения | Связанное оборудование | Связанные кейсы | FAQ по решению и подготовке проекта | Запросить решение и КП,.next/server/app/ru/solutions/uav-maritime-patrol.html
/ru/solutions/urban-high-rise-firefighting-emergency-uav-solution,ru,strong,100,пожарный БПЛА,4,true,true,true,true,true,1829,19,1.039,1,15,,пожарный БПЛА: решение | N-TET,"пожарный БПЛА является основной темой этой страницы; также раскрываются связанные задачи: БПЛА для тушения высотных зданий, дрон для пожаротушения, пожарные дроны.",пожарный БПЛА | БПЛА для тушения высотных зданий | дрон для пожаротушения | пожарные дроны,пожарный БПЛА: решение,пожарный БПЛА: рабочий процесс | Как БПЛА повышают эффективность работ | Модули решения | Связанное оборудование | Связанные кейсы | FAQ по решению и подготовке проекта | Запросить решение и КП | Обзор | Отраслевые проблемы | Как БПЛА повышают эффективность работ | Модули решения | Связанное оборудование | Связанные кейсы | FAQ по решению и подготовке проекта | Запросить решение и КП,.next/server/app/ru/solutions/urban-high-rise-firefighting-emergency-uav-solution.html
/ru/solutions/water-conservancy-monitoring-uav-solution,ru,partial,70,Решение БПЛА для мониторинга водного хозяйства,2,true,false,true,false,true,1585,12,0.757,1,15,description 未命中关键词; H2 未命中关键词,Решение БПЛА для мониторинга водного хозяйства | N-TET,"Решение БПЛА для мониторинга рек, озер, водохранилищ, паводковых задач, инспекции гидротехнических объектов, отбора проб воды, поиска источников загрязнения и фиксации доказательств.",Решение БПЛА для мониторинга водного хозяйства | N-TET,Решение БПЛА для мониторинга водного хозяйства,Связанное оборудование | Связанные кейсы | FAQ по решению и подготовке проекта | Запросить решение и КП | Обзор | Отраслевые задачи | Как БПЛА повышают эффективность | Решение | Связанное оборудование | Связанные проекты | Технические характеристики | Связанное оборудование | Связанные кейсы | FAQ по решению и подготовке проекта | Запросить решение и КП,.next/server/app/ru/solutions/water-conservancy-monitoring-uav-solution.html
/ru/solutions/water-conservancy-river-lake-uav-monitoring-solution,ru,strong,85,БПЛА для мониторинга водного хозяйства,4,true,true,true,false,true,1951,20,1.025,1,15,H2 未命中关键词,Решение БПЛА для мониторинга водного хозяйства | N-TET,"БПЛА для мониторинга водного хозяйства является основной темой этой страницы; также раскрываются связанные задачи: БПЛА для инспекции дамб, мониторинг рек и озер БПЛА, дрон для мониторинга паводков.",БПЛА для мониторинга водного хозяйства | БПЛА для инспекции дамб | мониторинг рек и озер БПЛА | дрон для мониторинга паводков,Решение БПЛА для мониторинга водного хозяйства,Рабочий процесс мониторинга водного хозяйства БПЛА | Как БПЛА повышают эффективность работ | Модули решения | Связанное оборудование | Связанные кейсы | FAQ по решению и подготовке проекта | Запросить решение и КП | Обзор | Отраслевые проблемы | Как БПЛА повышают эффективность работ | Модули решения | Связанное оборудование | Связанные кейсы | FAQ по решению и подготовке проекта | Запросить решение и КП,.next/server/app/ru/solutions/water-conservancy-river-lake-uav-monitoring-solution.html
