route,keyword_locale,status,score,primary_keyword,keyword_count,title_hit,description_hit,h1_hit,h2_hit,body_hit,body_words,body_keyword_occurrences,keyword_density_pct,h1_count,h2_count,issues,title,description,keywords,h1,h2,file
/ar/accessories/fc-bt1,ar,strong,100,بطارية UAV صلبة FC-BT1,4,true,true,true,true,true,1488,11,0.739,1,5,,بطارية UAV صلبة FC-BT1 | N-TET Drone Accessories,يُستخدم بطارية UAV صلبة FC-BT1 في التفتيش الميداني والصيانة، مع دعم تكامل مكونات UAV ودعم المنصات وتنسيق فرق التشغيل حسب متطلبات الموقع. يساعد الحل على جمع المعلومات، وتوثيق الأحداث، وتحويل بيانات المراقبة إلى إجراءات قابلة للمراجعة دون كشف,بطارية UAV صلبة FC-BT1 | drone accessories | UAV components | industrial UAV parts,بطارية UAV صلبة FC-BT1,بطارية UAV صلبة FC-BT1 Technical Specifications | احصل على دفاع خبير بالطائرات بدون طيار! | نظرة عامة | المواصفات الفنية | احصل على دفاع خبير بالطائرات بدون طيار!,.next/server/app/ar/accessories/fc-bt1.html
/ar/accessories/fc-bt2,ar,strong,100,بطارية UAV صلبة FC-BT2,4,true,true,true,true,true,1346,11,0.817,1,5,,بطارية UAV صلبة FC-BT2 | N-TET Drone Accessories,يُستخدم بطارية UAV صلبة FC-BT2 في التفتيش الميداني والصيانة، مع دعم مراقبة المجال الجوي وتوثيق الأحداث وتنسيق فرق التشغيل حسب متطلبات الموقع. يساعد الحل على جمع المعلومات، وتوثيق الأحداث، وتحويل بيانات المراقبة إلى إجراءات قابلة للمراجعة دو,بطارية UAV صلبة FC-BT2 | drone accessories | UAV components | industrial UAV parts,بطارية UAV صلبة FC-BT2,بطارية UAV صلبة FC-BT2 Technical Specifications | احصل على دفاع خبير بالطائرات بدون طيار! | نظرة عامة | المواصفات الفنية | احصل على دفاع خبير بالطائرات بدون طيار!,.next/server/app/ar/accessories/fc-bt2.html
/ar/accessories/fc-bt3,ar,strong,100,بطارية UAV صلبة عالية الجهد FC-BT3,4,true,true,true,true,true,1118,11,0.984,1,5,,بطارية UAV صلبة عالية الجهد FC-BT3 | N-TET Drone Accessories,يُستخدم بطارية UAV صلبة عالية الجهد FC-BT3 في تشغيل مرافق الطاقة والبنية التحتية، مع دعم تكامل مكونات UAV ودعم المنصات وتنسيق فرق التشغيل حسب متطلبات الموقع. يساعد الحل على جمع المعلومات، وتوثيق الأحداث، وتحويل بيانات المراقبة إلى إجراءات ق,بطارية UAV صلبة عالية الجهد FC-BT3 | drone accessories | UAV components | industrial UAV parts,بطارية UAV صلبة عالية الجهد FC-BT3,بطارية UAV صلبة عالية الجهد FC-BT3 Technical Specifications | احصل على دفاع خبير بالطائرات بدون طيار! | نظرة عامة | المواصفات الفنية | احصل على دفاع خبير بالطائرات بدون طيار!,.next/server/app/ar/accessories/fc-bt3.html
/ar/accessories/fc-bt4,ar,strong,100,بطارية UAV صلبة عالية الطاقة FC-BT4,4,true,true,true,true,true,1976,11,0.557,1,5,,بطارية UAV صلبة عالية الطاقة FC-BT4 | N-TET Drone Accessories,يُستخدم بطارية UAV صلبة عالية الطاقة FC-BT4 في مراقبة المجال الجوي وتوثيق الأحداث، مع دعم الفحص الأمني وإدارة المواقع الحيوية وتنسيق فرق التشغيل حسب متطلبات الموقع. يساعد الحل على جمع المعلومات، وتوثيق الأحداث، وتحويل بيانات المراقبة إلى إج,بطارية UAV صلبة عالية الطاقة FC-BT4 | drone accessories | UAV components | industrial UAV parts,بطارية UAV صلبة عالية الطاقة FC-BT4,بطارية UAV صلبة عالية الطاقة FC-BT4 Technical Specifications | احصل على دفاع خبير بالطائرات بدون طيار! | نظرة عامة | المواصفات الفنية | احصل على دفاع خبير بالطائرات بدون طيار!,.next/server/app/ar/accessories/fc-bt4.html
/ar/accessories/fc-btg,ar,strong,100,بطارية UAV تدريبية صلبة FC-BTG,4,true,true,true,true,true,1203,11,0.914,1,5,,بطارية UAV تدريبية صلبة FC-BTG | N-TET Drone Accessories,يُستخدم بطارية UAV تدريبية صلبة FC-BTG في تشغيل مرافق الطاقة والبنية التحتية، مع دعم تكامل مكونات UAV ودعم المنصات وتنسيق فرق التشغيل حسب متطلبات الموقع. يساعد الحل على جمع المعلومات، وتوثيق الأحداث، وتحويل بيانات المراقبة إلى إجراءات قابلة,بطارية UAV تدريبية صلبة FC-BTG | drone accessories | UAV components | industrial UAV parts,بطارية UAV تدريبية صلبة FC-BTG,بطارية UAV تدريبية صلبة FC-BTG Technical Specifications | احصل على دفاع خبير بالطائرات بدون طيار! | نظرة عامة | المواصفات الفنية | احصل على دفاع خبير بالطائرات بدون طيار!,.next/server/app/ar/accessories/fc-btg.html
/ar/accessories/fc-c2d-propeller,ar,strong,100,مروحة UAV FC-C2D,4,true,true,true,true,true,1197,11,0.919,1,5,,مروحة UAV FC-C2D | N-TET Drone Accessories,يُستخدم مروحة UAV FC-C2D في تكامل مكونات UAV ودعم المنصات، مع دعم التحقق الميداني وتنسيق فرق التشغيل حسب متطلبات الموقع. يساعد الحل على جمع المعلومات، وتوثيق الأحداث، وتحويل بيانات المراقبة إلى إجراءات قابلة للمراجعة دون كشف تفاصيل تشغيلية,مروحة UAV FC-C2D | drone accessories | UAV components | industrial UAV parts,مروحة UAV FC-C2D,مروحة UAV FC-C2D Technical Specifications | احصل على دفاع خبير بالطائرات بدون طيار! | نظرة عامة | المواصفات الفنية | احصل على دفاع خبير بالطائرات بدون طيار!,.next/server/app/ar/accessories/fc-c2d-propeller.html
/ar/accessories/fc-c2e-propeller,ar,strong,100,مروحة UAV FC-C2E,4,true,true,true,true,true,1087,11,1.012,1,5,,مروحة UAV FC-C2E | N-TET Drone Accessories,يُستخدم مروحة UAV FC-C2E في تكامل مكونات UAV ودعم المنصات، مع دعم التحقق الميداني وتنسيق فرق التشغيل حسب متطلبات الموقع. يساعد الحل على جمع المعلومات، وتوثيق الأحداث، وتحويل بيانات المراقبة إلى إجراءات قابلة للمراجعة دون كشف تفاصيل تشغيلية,مروحة UAV FC-C2E | drone accessories | UAV components | industrial UAV parts,مروحة UAV FC-C2E,مروحة UAV FC-C2E Technical Specifications | احصل على دفاع خبير بالطائرات بدون طيار! | نظرة عامة | المواصفات الفنية | احصل على دفاع خبير بالطائرات بدون طيار!,.next/server/app/ar/accessories/fc-c2e-propeller.html
/ar/accessories/fc-c2t-propeller,ar,strong,100,مروحة UAV FC-C2T,4,true,true,true,true,true,1187,11,0.927,1,5,,مروحة UAV FC-C2T | N-TET Drone Accessories,يُستخدم مروحة UAV FC-C2T في تكامل مكونات UAV ودعم المنصات، مع دعم التحقق الميداني وتنسيق فرق التشغيل حسب متطلبات الموقع. يساعد الحل على جمع المعلومات، وتوثيق الأحداث، وتحويل بيانات المراقبة إلى إجراءات قابلة للمراجعة دون كشف تفاصيل تشغيلية,مروحة UAV FC-C2T | drone accessories | UAV components | industrial UAV parts,مروحة UAV FC-C2T,مروحة UAV FC-C2T Technical Specifications | احصل على دفاع خبير بالطائرات بدون طيار! | نظرة عامة | المواصفات الفنية | احصل على دفاع خبير بالطائرات بدون طيار!,.next/server/app/ar/accessories/fc-c2t-propeller.html
/ar/accessories/fc-c2u-propeller,ar,strong,100,مروحة UAV FC-C2U,4,true,true,true,true,true,1187,11,0.927,1,5,,مروحة UAV FC-C2U | N-TET Drone Accessories,يُستخدم مروحة UAV FC-C2U في تكامل مكونات UAV ودعم المنصات، مع دعم التحقق الميداني وتنسيق فرق التشغيل حسب متطلبات الموقع. يساعد الحل على جمع المعلومات، وتوثيق الأحداث، وتحويل بيانات المراقبة إلى إجراءات قابلة للمراجعة دون كشف تفاصيل تشغيلية,مروحة UAV FC-C2U | drone accessories | UAV components | industrial UAV parts,مروحة UAV FC-C2U,مروحة UAV FC-C2U Technical Specifications | احصل على دفاع خبير بالطائرات بدون طيار! | نظرة عامة | المواصفات الفنية | احصل على دفاع خبير بالطائرات بدون طيار!,.next/server/app/ar/accessories/fc-c2u-propeller.html
/ar/accessories/fc-c2ud-propeller,ar,strong,100,مروحة UAV FC-C2UD,4,true,true,true,true,true,1197,11,0.919,1,5,,مروحة UAV FC-C2UD | N-TET Drone Accessories,يُستخدم مروحة UAV FC-C2UD في تكامل مكونات UAV ودعم المنصات، مع دعم التحقق الميداني وتنسيق فرق التشغيل حسب متطلبات الموقع. يساعد الحل على جمع المعلومات، وتوثيق الأحداث، وتحويل بيانات المراقبة إلى إجراءات قابلة للمراجعة دون كشف تفاصيل تشغيلية,مروحة UAV FC-C2UD | drone accessories | UAV components | industrial UAV parts,مروحة UAV FC-C2UD,مروحة UAV FC-C2UD Technical Specifications | احصل على دفاع خبير بالطائرات بدون طيار! | نظرة عامة | المواصفات الفنية | احصل على دفاع خبير بالطائرات بدون طيار!,.next/server/app/ar/accessories/fc-c2ud-propeller.html
/ar/accessories/fc-fdj-111,ar,strong,100,محرك UAV FC-FDJ-111,4,true,true,true,true,true,883,11,1.246,1,5,,محرك UAV FC-FDJ-111 | N-TET Drone Accessories,يُستخدم محرك UAV FC-FDJ-111 في مراقبة المجال الجوي وتوثيق الأحداث، مع دعم تشغيل مرافق الطاقة والبنية التحتية وتنسيق فرق التشغيل حسب متطلبات الموقع. يساعد الحل على جمع المعلومات، وتوثيق الأحداث، وتحويل بيانات المراقبة إلى إجراءات قابلة للمرا,محرك UAV FC-FDJ-111 | drone accessories | UAV components | industrial UAV parts,محرك UAV FC-FDJ-111,محرك UAV FC-FDJ-111 Technical Specifications | احصل على دفاع خبير بالطائرات بدون طيار! | نظرة عامة | المواصفات الفنية | احصل على دفاع خبير بالطائرات بدون طيار!,.next/server/app/ar/accessories/fc-fdj-111.html
/ar/accessories/fc-fdj-120,ar,strong,100,محرك UAV FC-FDJ-120,4,true,true,true,true,true,881,11,1.249,1,5,,محرك UAV FC-FDJ-120 | N-TET Drone Accessories,يُستخدم محرك UAV FC-FDJ-120 في مراقبة المجال الجوي وتوثيق الأحداث، مع دعم تشغيل مرافق الطاقة والبنية التحتية وتنسيق فرق التشغيل حسب متطلبات الموقع. يساعد الحل على جمع المعلومات، وتوثيق الأحداث، وتحويل بيانات المراقبة إلى إجراءات قابلة للمرا,محرك UAV FC-FDJ-120 | drone accessories | UAV components | industrial UAV parts,محرك UAV FC-FDJ-120,محرك UAV FC-FDJ-120 Technical Specifications | احصل على دفاع خبير بالطائرات بدون طيار! | نظرة عامة | المواصفات الفنية | احصل على دفاع خبير بالطائرات بدون طيار!,.next/server/app/ar/accessories/fc-fdj-120.html
/ar/accessories/fc-fdj-120hd,ar,strong,100,محرك UAV FC-FDJ-120HD,4,true,true,true,true,true,853,11,1.290,1,5,,محرك UAV FC-FDJ-120HD | N-TET Drone Accessories,يُستخدم محرك UAV FC-FDJ-120HD في مراقبة المجال الجوي وتوثيق الأحداث، مع دعم تشغيل مرافق الطاقة والبنية التحتية وتنسيق فرق التشغيل حسب متطلبات الموقع. يساعد الحل على جمع المعلومات، وتوثيق الأحداث، وتحويل بيانات المراقبة إلى إجراءات قابلة للم,محرك UAV FC-FDJ-120HD | drone accessories | UAV components | industrial UAV parts,محرك UAV FC-FDJ-120HD,محرك UAV FC-FDJ-120HD Technical Specifications | احصل على دفاع خبير بالطائرات بدون طيار! | نظرة عامة | المواصفات الفنية | احصل على دفاع خبير بالطائرات بدون طيار!,.next/server/app/ar/accessories/fc-fdj-120hd.html
/ar/accessories/fc-fdj-170,ar,strong,100,محرك UAV FC-FDJ-170,4,true,true,true,true,true,871,11,1.263,1,5,,محرك UAV FC-FDJ-170 | N-TET Drone Accessories,يُستخدم محرك UAV FC-FDJ-170 في مراقبة المجال الجوي وتوثيق الأحداث، مع دعم تشغيل مرافق الطاقة والبنية التحتية وتنسيق فرق التشغيل حسب متطلبات الموقع. يساعد الحل على جمع المعلومات، وتوثيق الأحداث، وتحويل بيانات المراقبة إلى إجراءات قابلة للمرا,محرك UAV FC-FDJ-170 | drone accessories | UAV components | industrial UAV parts,محرك UAV FC-FDJ-170,محرك UAV FC-FDJ-170 Technical Specifications | احصل على دفاع خبير بالطائرات بدون طيار! | نظرة عامة | المواصفات الفنية | احصل على دفاع خبير بالطائرات بدون طيار!,.next/server/app/ar/accessories/fc-fdj-170.html
/ar/accessories/fc-fdj-200,ar,strong,100,محرك UAV FC-FDJ-200,4,true,true,true,true,true,841,11,1.308,1,5,,محرك UAV FC-FDJ-200 | N-TET Drone Accessories,يُستخدم محرك UAV FC-FDJ-200 في مراقبة المجال الجوي وتوثيق الأحداث، مع دعم تشغيل مرافق الطاقة والبنية التحتية وتنسيق فرق التشغيل حسب متطلبات الموقع. يساعد الحل على جمع المعلومات، وتوثيق الأحداث، وتحويل بيانات المراقبة إلى إجراءات قابلة للمرا,محرك UAV FC-FDJ-200 | drone accessories | UAV components | industrial UAV parts,محرك UAV FC-FDJ-200,محرك UAV FC-FDJ-200 Technical Specifications | احصل على دفاع خبير بالطائرات بدون طيار! | نظرة عامة | المواصفات الفنية | احصل على دفاع خبير بالطائرات بدون طيار!,.next/server/app/ar/accessories/fc-fdj-200.html
/ar/accessories/fc-fdj-222,ar,strong,100,محرك UAV FC-FDJ-222,4,true,true,true,true,true,877,11,1.254,1,5,,محرك UAV FC-FDJ-222 | N-TET Drone Accessories,يُستخدم محرك UAV FC-FDJ-222 في مراقبة المجال الجوي وتوثيق الأحداث، مع دعم تشغيل مرافق الطاقة والبنية التحتية وتنسيق فرق التشغيل حسب متطلبات الموقع. يساعد الحل على جمع المعلومات، وتوثيق الأحداث، وتحويل بيانات المراقبة إلى إجراءات قابلة للمرا,محرك UAV FC-FDJ-222 | drone accessories | UAV components | industrial UAV parts,محرك UAV FC-FDJ-222,محرك UAV FC-FDJ-222 Technical Specifications | احصل على دفاع خبير بالطائرات بدون طيار! | نظرة عامة | المواصفات الفنية | احصل على دفاع خبير بالطائرات بدون طيار!,.next/server/app/ar/accessories/fc-fdj-222.html
/ar/accessories/fc-fdj-430,ar,strong,100,محرك UAV FC-FDJ-430,4,true,true,true,true,true,891,11,1.235,1,5,,محرك UAV FC-FDJ-430 | N-TET Drone Accessories,يُستخدم محرك UAV FC-FDJ-430 في مراقبة المجال الجوي وتوثيق الأحداث، مع دعم تشغيل مرافق الطاقة والبنية التحتية وتنسيق فرق التشغيل حسب متطلبات الموقع. يساعد الحل على جمع المعلومات، وتوثيق الأحداث، وتحويل بيانات المراقبة إلى إجراءات قابلة للمرا,محرك UAV FC-FDJ-430 | drone accessories | UAV components | industrial UAV parts,محرك UAV FC-FDJ-430,محرك UAV FC-FDJ-430 Technical Specifications | احصل على دفاع خبير بالطائرات بدون طيار! | نظرة عامة | المواصفات الفنية | احصل على دفاع خبير بالطائرات بدون طيار!,.next/server/app/ar/accessories/fc-fdj-430.html
/ar/accessories/fc-fdj-55,ar,strong,100,محرك UAV FC-FDJ-55,4,true,true,true,true,true,883,11,1.246,1,5,,محرك UAV FC-FDJ-55 | N-TET Drone Accessories,يُستخدم محرك UAV FC-FDJ-55 في مراقبة المجال الجوي وتوثيق الأحداث، مع دعم تشغيل مرافق الطاقة والبنية التحتية وتنسيق فرق التشغيل حسب متطلبات الموقع. يساعد الحل على جمع المعلومات، وتوثيق الأحداث، وتحويل بيانات المراقبة إلى إجراءات قابلة للمراج,محرك UAV FC-FDJ-55 | drone accessories | UAV components | industrial UAV parts,محرك UAV FC-FDJ-55,محرك UAV FC-FDJ-55 Technical Specifications | احصل على دفاع خبير بالطائرات بدون طيار! | نظرة عامة | المواصفات الفنية | احصل على دفاع خبير بالطائرات بدون طيار!,.next/server/app/ar/accessories/fc-fdj-55.html
/ar/accessories/fc-fdj-60,ar,strong,100,محرك UAV FC-FDJ-60,4,true,true,true,true,true,881,11,1.249,1,5,,محرك UAV FC-FDJ-60 | N-TET Drone Accessories,يُستخدم محرك UAV FC-FDJ-60 في مراقبة المجال الجوي وتوثيق الأحداث، مع دعم تشغيل مرافق الطاقة والبنية التحتية وتنسيق فرق التشغيل حسب متطلبات الموقع. يساعد الحل على جمع المعلومات، وتوثيق الأحداث، وتحويل بيانات المراقبة إلى إجراءات قابلة للمراج,محرك UAV FC-FDJ-60 | drone accessories | UAV components | industrial UAV parts,محرك UAV FC-FDJ-60,محرك UAV FC-FDJ-60 Technical Specifications | احصل على دفاع خبير بالطائرات بدون طيار! | نظرة عامة | المواصفات الفنية | احصل على دفاع خبير بالطائرات بدون طيار!,.next/server/app/ar/accessories/fc-fdj-60.html
/ar/accessories/fc-fdj-61,ar,strong,100,محرك UAV FC-FDJ-61,4,true,true,true,true,true,877,11,1.254,1,5,,محرك UAV FC-FDJ-61 | N-TET Drone Accessories,يُستخدم محرك UAV FC-FDJ-61 في مراقبة المجال الجوي وتوثيق الأحداث، مع دعم تشغيل مرافق الطاقة والبنية التحتية وتنسيق فرق التشغيل حسب متطلبات الموقع. يساعد الحل على جمع المعلومات، وتوثيق الأحداث، وتحويل بيانات المراقبة إلى إجراءات قابلة للمراج,محرك UAV FC-FDJ-61 | drone accessories | UAV components | industrial UAV parts,محرك UAV FC-FDJ-61,محرك UAV FC-FDJ-61 Technical Specifications | احصل على دفاع خبير بالطائرات بدون طيار! | نظرة عامة | المواصفات الفنية | احصل على دفاع خبير بالطائرات بدون طيار!,.next/server/app/ar/accessories/fc-fdj-61.html
/ar/accessories/fc-fdj-70hd,ar,strong,100,محرك UAV FC-FDJ-70HD,4,true,true,true,true,true,853,11,1.290,1,5,,محرك UAV FC-FDJ-70HD | N-TET Drone Accessories,يُستخدم محرك UAV FC-FDJ-70HD في مراقبة المجال الجوي وتوثيق الأحداث، مع دعم تشغيل مرافق الطاقة والبنية التحتية وتنسيق فرق التشغيل حسب متطلبات الموقع. يساعد الحل على جمع المعلومات، وتوثيق الأحداث، وتحويل بيانات المراقبة إلى إجراءات قابلة للمر,محرك UAV FC-FDJ-70HD | drone accessories | UAV components | industrial UAV parts,محرك UAV FC-FDJ-70HD,محرك UAV FC-FDJ-70HD Technical Specifications | احصل على دفاع خبير بالطائرات بدون طيار! | نظرة عامة | المواصفات الفنية | احصل على دفاع خبير بالطائرات بدون طيار!,.next/server/app/ar/accessories/fc-fdj-70hd.html
/ar/accessories/fc-fdj-85,ar,strong,100,محرك UAV FC-FDJ-85,4,true,true,true,true,true,873,11,1.260,1,5,,محرك UAV FC-FDJ-85 | N-TET Drone Accessories,يُستخدم محرك UAV FC-FDJ-85 في مراقبة المجال الجوي وتوثيق الأحداث، مع دعم تشغيل مرافق الطاقة والبنية التحتية وتنسيق فرق التشغيل حسب متطلبات الموقع. يساعد الحل على جمع المعلومات، وتوثيق الأحداث، وتحويل بيانات المراقبة إلى إجراءات قابلة للمراج,محرك UAV FC-FDJ-85 | drone accessories | UAV components | industrial UAV parts,محرك UAV FC-FDJ-85,محرك UAV FC-FDJ-85 Technical Specifications | احصل على دفاع خبير بالطائرات بدون طيار! | نظرة عامة | المواصفات الفنية | احصل على دفاع خبير بالطائرات بدون طيار!,.next/server/app/ar/accessories/fc-fdj-85.html
/ar/accessories/fc-l10tr-three-light-gimbal,ar,strong,100,حامل كهروبصري FC-L10TR,4,true,true,true,true,true,951,11,1.157,1,5,,حامل كهروبصري FC-L10TR | N-TET Drone Accessories,يُستخدم حامل كهروبصري FC-L10TR في تكامل مكونات UAV ودعم المنصات، مع دعم التحقق الميداني وتنسيق فرق التشغيل حسب متطلبات الموقع. يساعد الحل على جمع المعلومات، وتوثيق الأحداث، وتحويل بيانات المراقبة إلى إجراءات قابلة للمراجعة دون كشف تفاصيل تش,حامل كهروبصري FC-L10TR | drone accessories | UAV components | industrial UAV parts,حامل كهروبصري FC-L10TR,حامل كهروبصري FC-L10TR Technical Specifications | احصل على دفاع خبير بالطائرات بدون طيار! | نظرة عامة | المواصفات الفنية | احصل على دفاع خبير بالطائرات بدون طيار!,.next/server/app/ar/accessories/fc-l10tr-three-light-gimbal.html
/ar/accessories/fc-l40-smart-optical-pod,ar,strong,100,حامل كهروبصري FC-L40,4,true,true,true,true,true,911,11,1.207,1,5,,حامل كهروبصري FC-L40 | N-TET Drone Accessories,يُستخدم حامل كهروبصري FC-L40 في تكامل مكونات UAV ودعم المنصات، مع دعم التحقق الميداني وتنسيق فرق التشغيل حسب متطلبات الموقع. يساعد الحل على جمع المعلومات، وتوثيق الأحداث، وتحويل بيانات المراقبة إلى إجراءات قابلة للمراجعة دون كشف تفاصيل تشغي,حامل كهروبصري FC-L40 | drone accessories | UAV components | industrial UAV parts,حامل كهروبصري FC-L40,حامل كهروبصري FC-L40 Technical Specifications | احصل على دفاع خبير بالطائرات بدون طيار! | نظرة عامة | المواصفات الفنية | احصل على دفاع خبير بالطائرات بدون طيار!,.next/server/app/ar/accessories/fc-l40-smart-optical-pod.html
/ar/accessories/fc-l40t-dual-light-gimbal,ar,strong,100,حامل كهروبصري FC-L40T,4,true,true,true,true,true,935,11,1.176,1,5,,حامل كهروبصري FC-L40T | N-TET Drone Accessories,يُستخدم حامل كهروبصري FC-L40T في تكامل مكونات UAV ودعم المنصات، مع دعم التحقق الميداني وتنسيق فرق التشغيل حسب متطلبات الموقع. يساعد الحل على جمع المعلومات، وتوثيق الأحداث، وتحويل بيانات المراقبة إلى إجراءات قابلة للمراجعة دون كشف تفاصيل تشغ,حامل كهروبصري FC-L40T | drone accessories | UAV components | industrial UAV parts,حامل كهروبصري FC-L40T,حامل كهروبصري FC-L40T Technical Specifications | احصل على دفاع خبير بالطائرات بدون طيار! | نظرة عامة | المواصفات الفنية | احصل على دفاع خبير بالطائرات بدون طيار!,.next/server/app/ar/accessories/fc-l40t-dual-light-gimbal.html
/ar/accessories/fc-l40tr-smart-optical-pod,ar,strong,100,حامل كهروبصري FC-L40TR,4,true,true,true,true,true,949,11,1.159,1,5,,حامل كهروبصري FC-L40TR | N-TET Drone Accessories,يُستخدم حامل كهروبصري FC-L40TR في تكامل مكونات UAV ودعم المنصات، مع دعم التحقق الميداني وتنسيق فرق التشغيل حسب متطلبات الموقع. يساعد الحل على جمع المعلومات، وتوثيق الأحداث، وتحويل بيانات المراقبة إلى إجراءات قابلة للمراجعة دون كشف تفاصيل تش,حامل كهروبصري FC-L40TR | drone accessories | UAV components | industrial UAV parts,حامل كهروبصري FC-L40TR,حامل كهروبصري FC-L40TR Technical Specifications | احصل على دفاع خبير بالطائرات بدون طيار! | نظرة عامة | المواصفات الفنية | احصل على دفاع خبير بالطائرات بدون طيار!,.next/server/app/ar/accessories/fc-l40tr-smart-optical-pod.html
/ar/accessories/fc-l50-smart-optical-pod,ar,strong,100,حامل كهروبصري FC-L50,4,true,true,true,true,true,923,11,1.192,1,5,,حامل كهروبصري FC-L50 | N-TET Drone Accessories,يُستخدم حامل كهروبصري FC-L50 في تكامل مكونات UAV ودعم المنصات، مع دعم التحقق الميداني وتنسيق فرق التشغيل حسب متطلبات الموقع. يساعد الحل على جمع المعلومات، وتوثيق الأحداث، وتحويل بيانات المراقبة إلى إجراءات قابلة للمراجعة دون كشف تفاصيل تشغي,حامل كهروبصري FC-L50 | drone accessories | UAV components | industrial UAV parts,حامل كهروبصري FC-L50,حامل كهروبصري FC-L50 Technical Specifications | احصل على دفاع خبير بالطائرات بدون طيار! | نظرة عامة | المواصفات الفنية | احصل على دفاع خبير بالطائرات بدون طيار!,.next/server/app/ar/accessories/fc-l50-smart-optical-pod.html
/ar/accessories/fc-ln100-dual-light-gimbal,ar,strong,100,حامل كهروبصري FC-LN100,4,true,true,true,true,true,951,11,1.157,1,5,,حامل كهروبصري FC-LN100 | N-TET Drone Accessories,يُستخدم حامل كهروبصري FC-LN100 في تشغيل مرافق الطاقة والبنية التحتية، مع دعم تكامل مكونات UAV ودعم المنصات وتنسيق فرق التشغيل حسب متطلبات الموقع. يساعد الحل على جمع المعلومات، وتوثيق الأحداث، وتحويل بيانات المراقبة إلى إجراءات قابلة للمراجع,حامل كهروبصري FC-LN100 | drone accessories | UAV components | industrial UAV parts,حامل كهروبصري FC-LN100,حامل كهروبصري FC-LN100 Technical Specifications | احصل على دفاع خبير بالطائرات بدون طيار! | نظرة عامة | المواصفات الفنية | احصل على دفاع خبير بالطائرات بدون طيار!,.next/server/app/ar/accessories/fc-ln100-dual-light-gimbal.html
/ar/accessories/fc-ln95-dual-light-gimbal,ar,strong,100,حامل كهروبصري FC-LN95,4,true,true,true,true,true,907,11,1.213,1,5,,حامل كهروبصري FC-LN95 | N-TET Drone Accessories,يُستخدم حامل كهروبصري FC-LN95 في تكامل مكونات UAV ودعم المنصات، مع دعم التحقق الميداني وتنسيق فرق التشغيل حسب متطلبات الموقع. يساعد الحل على جمع المعلومات، وتوثيق الأحداث، وتحويل بيانات المراقبة إلى إجراءات قابلة للمراجعة دون كشف تفاصيل تشغ,حامل كهروبصري FC-LN95 | drone accessories | UAV components | industrial UAV parts,حامل كهروبصري FC-LN95,حامل كهروبصري FC-LN95 Technical Specifications | احصل على دفاع خبير بالطائرات بدون طيار! | نظرة عامة | المواصفات الفنية | احصل على دفاع خبير بالطائرات بدون طيار!,.next/server/app/ar/accessories/fc-ln95-dual-light-gimbal.html
/ar/accessories/fc-max-5330,ar,strong,100,محرك UAV FC-MAX 5330,4,true,true,true,true,true,6954,11,0.158,1,5,,محرك UAV FC-MAX 5330 | N-TET Drone Accessories,يُستخدم محرك UAV FC-MAX 5330 في تكامل مكونات UAV ودعم المنصات، مع دعم التحقق الميداني وتنسيق فرق التشغيل حسب متطلبات الموقع. يساعد الحل على جمع المعلومات، وتوثيق الأحداث، وتحويل بيانات المراقبة إلى إجراءات قابلة للمراجعة دون كشف تفاصيل تشغي,محرك UAV FC-MAX 5330 | drone accessories | UAV components | industrial UAV parts,محرك UAV FC-MAX 5330,محرك UAV FC-MAX 5330 Technical Specifications | احصل على دفاع خبير بالطائرات بدون طيار! | نظرة عامة | المواصفات الفنية | احصل على دفاع خبير بالطائرات بدون طيار!,.next/server/app/ar/accessories/fc-max-5330.html
/ar/accessories/fc-mesh-100,ar,strong,100,رابط بيانات UAV FC-Mesh-100,4,true,true,true,true,true,874,11,1.259,1,5,,رابط بيانات UAV FC-Mesh-100 | N-TET Drone Accessories,يُستخدم رابط بيانات UAV FC-Mesh-100 في الدعم الطارئ واستمرارية العمليات، مع دعم تكامل مكونات UAV ودعم المنصات وتنسيق فرق التشغيل حسب متطلبات الموقع. يساعد الحل على جمع المعلومات، وتوثيق الأحداث، وتحويل بيانات المراقبة إلى إجراءات قابلة للمر,رابط بيانات UAV FC-Mesh-100 | drone accessories | UAV components | industrial UAV parts,رابط بيانات UAV FC-Mesh-100,رابط بيانات UAV FC-Mesh-100 Technical Specifications | احصل على دفاع خبير بالطائرات بدون طيار! | نظرة عامة | المواصفات الفنية | احصل على دفاع خبير بالطائرات بدون طيار!,.next/server/app/ar/accessories/fc-mesh-100.html
/ar/accessories/fc-mini-l10tr-smart-optical-pod,ar,strong,100,حامل كهروبصري FC-MiniL10TR,4,true,true,true,true,true,915,11,1.202,1,5,,حامل كهروبصري FC-MiniL10TR | N-TET Drone Accessories,يُستخدم حامل كهروبصري FC-MiniL10TR في تكامل مكونات UAV ودعم المنصات، مع دعم التحقق الميداني وتنسيق فرق التشغيل حسب متطلبات الموقع. يساعد الحل على جمع المعلومات، وتوثيق الأحداث، وتحويل بيانات المراقبة إلى إجراءات قابلة للمراجعة دون كشف تفاصي,حامل كهروبصري FC-MiniL10TR | drone accessories | UAV components | industrial UAV parts,حامل كهروبصري FC-MiniL10TR,حامل كهروبصري FC-MiniL10TR Technical Specifications | احصل على دفاع خبير بالطائرات بدون طيار! | نظرة عامة | المواصفات الفنية | احصل على دفاع خبير بالطائرات بدون طيار!,.next/server/app/ar/accessories/fc-mini-l10tr-smart-optical-pod.html
/ar/accessories/fc-pab-propeller,ar,strong,100,مروحة UAV FC-PAB,4,true,true,true,true,true,1191,11,0.924,1,5,,مروحة UAV FC-PAB | N-TET Drone Accessories,يُستخدم مروحة UAV FC-PAB في تكامل مكونات UAV ودعم المنصات، مع دعم التحقق الميداني وتنسيق فرق التشغيل حسب متطلبات الموقع. يساعد الحل على جمع المعلومات، وتوثيق الأحداث، وتحويل بيانات المراقبة إلى إجراءات قابلة للمراجعة دون كشف تفاصيل تشغيلية,مروحة UAV FC-PAB | drone accessories | UAV components | industrial UAV parts,مروحة UAV FC-PAB,مروحة UAV FC-PAB Technical Specifications | احصل على دفاع خبير بالطائرات بدون طيار! | نظرة عامة | المواصفات الفنية | احصل على دفاع خبير بالطائرات بدون طيار!,.next/server/app/ar/accessories/fc-pab-propeller.html
/ar/accessories/fc-pad-propeller,ar,strong,100,مروحة UAV FC-PAD,4,true,true,true,true,true,1191,11,0.924,1,5,,مروحة UAV FC-PAD | N-TET Drone Accessories,يُستخدم مروحة UAV FC-PAD في تكامل مكونات UAV ودعم المنصات، مع دعم التحقق الميداني وتنسيق فرق التشغيل حسب متطلبات الموقع. يساعد الحل على جمع المعلومات، وتوثيق الأحداث، وتحويل بيانات المراقبة إلى إجراءات قابلة للمراجعة دون كشف تفاصيل تشغيلية,مروحة UAV FC-PAD | drone accessories | UAV components | industrial UAV parts,مروحة UAV FC-PAD,مروحة UAV FC-PAD Technical Specifications | احصل على دفاع خبير بالطائرات بدون طيار! | نظرة عامة | المواصفات الفنية | احصل على دفاع خبير بالطائرات بدون طيار!,.next/server/app/ar/accessories/fc-pad-propeller.html
/ar/accessories/fc-pae-propeller,ar,strong,100,مروحة UAV FC-PAE,4,true,true,true,true,true,1201,11,0.916,1,5,,مروحة UAV FC-PAE | N-TET Drone Accessories,يُستخدم مروحة UAV FC-PAE في تكامل مكونات UAV ودعم المنصات، مع دعم التحقق الميداني وتنسيق فرق التشغيل حسب متطلبات الموقع. يساعد الحل على جمع المعلومات، وتوثيق الأحداث، وتحويل بيانات المراقبة إلى إجراءات قابلة للمراجعة دون كشف تفاصيل تشغيلية,مروحة UAV FC-PAE | drone accessories | UAV components | industrial UAV parts,مروحة UAV FC-PAE,مروحة UAV FC-PAE Technical Specifications | احصل على دفاع خبير بالطائرات بدون طيار! | نظرة عامة | المواصفات الفنية | احصل على دفاع خبير بالطائرات بدون طيار!,.next/server/app/ar/accessories/fc-pae-propeller.html
/ar/accessories/fc-pbf-propeller,ar,strong,100,مروحة UAV FC-PBF,4,true,true,true,true,true,1091,11,1.008,1,5,,مروحة UAV FC-PBF | N-TET Drone Accessories,يُستخدم مروحة UAV FC-PBF في تكامل مكونات UAV ودعم المنصات، مع دعم التحقق الميداني وتنسيق فرق التشغيل حسب متطلبات الموقع. يساعد الحل على جمع المعلومات، وتوثيق الأحداث، وتحويل بيانات المراقبة إلى إجراءات قابلة للمراجعة دون كشف تفاصيل تشغيلية,مروحة UAV FC-PBF | drone accessories | UAV components | industrial UAV parts,مروحة UAV FC-PBF,مروحة UAV FC-PBF Technical Specifications | احصل على دفاع خبير بالطائرات بدون طيار! | نظرة عامة | المواصفات الفنية | احصل على دفاع خبير بالطائرات بدون طيار!,.next/server/app/ar/accessories/fc-pbf-propeller.html
/ar/accessories/fc-rm10x,ar,strong,100,محرك UAV FC-RM10X,4,true,true,true,true,true,2015,11,0.546,1,5,,محرك UAV FC-RM10X | N-TET Drone Accessories,يُستخدم محرك UAV FC-RM10X في تكامل مكونات UAV ودعم المنصات، مع دعم التحقق الميداني وتنسيق فرق التشغيل حسب متطلبات الموقع. يساعد الحل على جمع المعلومات، وتوثيق الأحداث، وتحويل بيانات المراقبة إلى إجراءات قابلة للمراجعة دون كشف تفاصيل تشغيلية,محرك UAV FC-RM10X | drone accessories | UAV components | industrial UAV parts,محرك UAV FC-RM10X,محرك UAV FC-RM10X Technical Specifications | احصل على دفاع خبير بالطائرات بدون طيار! | نظرة عامة | المواصفات الفنية | احصل على دفاع خبير بالطائرات بدون طيار!,.next/server/app/ar/accessories/fc-rm10x.html
/ar/accessories/fc-rm30,ar,strong,100,محرك UAV FC-RM30,4,true,true,true,true,true,8285,11,0.133,1,5,,محرك UAV FC-RM30 | N-TET Drone Accessories,يُستخدم محرك UAV FC-RM30 في تكامل مكونات UAV ودعم المنصات، مع دعم التحقق الميداني وتنسيق فرق التشغيل حسب متطلبات الموقع. يساعد الحل على جمع المعلومات، وتوثيق الأحداث، وتحويل بيانات المراقبة إلى إجراءات قابلة للمراجعة دون كشف تفاصيل تشغيلية,محرك UAV FC-RM30 | drone accessories | UAV components | industrial UAV parts,محرك UAV FC-RM30,محرك UAV FC-RM30 Technical Specifications | احصل على دفاع خبير بالطائرات بدون طيار! | نظرة عامة | المواصفات الفنية | احصل على دفاع خبير بالطائرات بدون طيار!,.next/server/app/ar/accessories/fc-rm30.html
/ar/accessories/fc-sjl-100,ar,strong,100,رابط بيانات UAV FC-SJL-100,4,true,true,true,true,true,868,11,1.267,1,5,,رابط بيانات UAV FC-SJL-100 | N-TET Drone Accessories,يُستخدم رابط بيانات UAV FC-SJL-100 في مراقبة المجال الجوي وتوثيق الأحداث، مع دعم تشغيل مرافق الطاقة والبنية التحتية وتنسيق فرق التشغيل حسب متطلبات الموقع. يساعد الحل على جمع المعلومات، وتوثيق الأحداث، وتحويل بيانات المراقبة إلى إجراءات قابل,رابط بيانات UAV FC-SJL-100 | drone accessories | UAV components | industrial UAV parts,رابط بيانات UAV FC-SJL-100,رابط بيانات UAV FC-SJL-100 Technical Specifications | احصل على دفاع خبير بالطائرات بدون طيار! | نظرة عامة | المواصفات الفنية | احصل على دفاع خبير بالطائرات بدون طيار!,.next/server/app/ar/accessories/fc-sjl-100.html
/ar/accessories/fc-sjl-200,ar,strong,100,رابط بيانات UAV FC-SJL-200,4,true,true,true,true,true,884,11,1.244,1,5,,رابط بيانات UAV FC-SJL-200 | N-TET Drone Accessories,يُستخدم رابط بيانات UAV FC-SJL-200 في تشغيل مرافق الطاقة والبنية التحتية، مع دعم تكامل مكونات UAV ودعم المنصات وتنسيق فرق التشغيل حسب متطلبات الموقع. يساعد الحل على جمع المعلومات، وتوثيق الأحداث، وتحويل بيانات المراقبة إلى إجراءات قابلة للم,رابط بيانات UAV FC-SJL-200 | drone accessories | UAV components | industrial UAV parts,رابط بيانات UAV FC-SJL-200,رابط بيانات UAV FC-SJL-200 Technical Specifications | احصل على دفاع خبير بالطائرات بدون طيار! | نظرة عامة | المواصفات الفنية | احصل على دفاع خبير بالطائرات بدون طيار!,.next/server/app/ar/accessories/fc-sjl-200.html
/ar/accessories/fc-sjl-30,ar,strong,100,رابط بيانات UAV FC-SJL-30,4,true,true,true,true,true,868,11,1.267,1,5,,رابط بيانات UAV FC-SJL-30 | N-TET Drone Accessories,يُستخدم رابط بيانات UAV FC-SJL-30 في تكامل مكونات UAV ودعم المنصات، مع دعم التحقق الميداني وتنسيق فرق التشغيل حسب متطلبات الموقع. يساعد الحل على جمع المعلومات، وتوثيق الأحداث، وتحويل بيانات المراقبة إلى إجراءات قابلة للمراجعة دون كشف تفاصيل,رابط بيانات UAV FC-SJL-30 | drone accessories | UAV components | industrial UAV parts,رابط بيانات UAV FC-SJL-30,رابط بيانات UAV FC-SJL-30 Technical Specifications | احصل على دفاع خبير بالطائرات بدون طيار! | نظرة عامة | المواصفات الفنية | احصل على دفاع خبير بالطائرات بدون طيار!,.next/server/app/ar/accessories/fc-sjl-30.html
/ar/accessories/fc-sjl-380,ar,strong,100,رابط بيانات UAV FC-SJL-380,4,true,true,true,true,true,876,11,1.256,1,5,,رابط بيانات UAV FC-SJL-380 | N-TET Drone Accessories,يُستخدم رابط بيانات UAV FC-SJL-380 في تشغيل مرافق الطاقة والبنية التحتية، مع دعم تكامل مكونات UAV ودعم المنصات وتنسيق فرق التشغيل حسب متطلبات الموقع. يساعد الحل على جمع المعلومات، وتوثيق الأحداث، وتحويل بيانات المراقبة إلى إجراءات قابلة للم,رابط بيانات UAV FC-SJL-380 | drone accessories | UAV components | industrial UAV parts,رابط بيانات UAV FC-SJL-380,رابط بيانات UAV FC-SJL-380 Technical Specifications | احصل على دفاع خبير بالطائرات بدون طيار! | نظرة عامة | المواصفات الفنية | احصل على دفاع خبير بالطائرات بدون طيار!,.next/server/app/ar/accessories/fc-sjl-380.html
/ar/accessories/fc-sjl-50,ar,strong,100,رابط بيانات UAV FC-SJL-50,4,true,true,true,true,true,874,11,1.259,1,5,,رابط بيانات UAV FC-SJL-50 | N-TET Drone Accessories,يُستخدم رابط بيانات UAV FC-SJL-50 في تكامل مكونات UAV ودعم المنصات، مع دعم التحقق الميداني وتنسيق فرق التشغيل حسب متطلبات الموقع. يساعد الحل على جمع المعلومات، وتوثيق الأحداث، وتحويل بيانات المراقبة إلى إجراءات قابلة للمراجعة دون كشف تفاصيل,رابط بيانات UAV FC-SJL-50 | drone accessories | UAV components | industrial UAV parts,رابط بيانات UAV FC-SJL-50,رابط بيانات UAV FC-SJL-50 Technical Specifications | احصل على دفاع خبير بالطائرات بدون طيار! | نظرة عامة | المواصفات الفنية | احصل على دفاع خبير بالطائرات بدون طيار!,.next/server/app/ar/accessories/fc-sjl-50.html
/ar/accessories/fc-u10-pro,ar,strong,100,وحدة تحكم بالطيران FC-U10-PRO,4,true,true,true,true,true,852,11,1.291,1,5,,وحدة تحكم بالطيران FC-U10-PRO | N-TET Drone Accessories,يُستخدم وحدة تحكم بالطيران FC-U10-PRO في تشغيل مرافق الطاقة والبنية التحتية، مع دعم تكامل مكونات UAV ودعم المنصات وتنسيق فرق التشغيل حسب متطلبات الموقع. يساعد الحل على جمع المعلومات، وتوثيق الأحداث، وتحويل بيانات المراقبة إلى إجراءات قابلة,وحدة تحكم بالطيران FC-U10-PRO | drone accessories | UAV components | industrial UAV parts,وحدة تحكم بالطيران FC-U10-PRO,وحدة تحكم بالطيران FC-U10-PRO Technical Specifications | احصل على دفاع خبير بالطائرات بدون طيار! | نظرة عامة | المواصفات الفنية | احصل على دفاع خبير بالطائرات بدون طيار!,.next/server/app/ar/accessories/fc-u10-pro.html
/ar/accessories/fc-u110,ar,strong,100,محرك UAV FC-U110,4,true,true,true,true,true,7825,11,0.141,1,5,,محرك UAV FC-U110 | N-TET Drone Accessories,يُستخدم محرك UAV FC-U110 في تكامل مكونات UAV ودعم المنصات، مع دعم التحقق الميداني وتنسيق فرق التشغيل حسب متطلبات الموقع. يساعد الحل على جمع المعلومات، وتوثيق الأحداث، وتحويل بيانات المراقبة إلى إجراءات قابلة للمراجعة دون كشف تفاصيل تشغيلية,محرك UAV FC-U110 | drone accessories | UAV components | industrial UAV parts,محرك UAV FC-U110,محرك UAV FC-U110 Technical Specifications | احصل على دفاع خبير بالطائرات بدون طيار! | نظرة عامة | المواصفات الفنية | احصل على دفاع خبير بالطائرات بدون طيار!,.next/server/app/ar/accessories/fc-u110.html
/ar/accessories/fc-u12,ar,strong,100,وحدة تحكم بالطيران FC-U12,4,true,true,true,true,true,846,11,1.300,1,5,,وحدة تحكم بالطيران FC-U12 | N-TET Drone Accessories,يُستخدم وحدة تحكم بالطيران FC-U12 في تكامل مكونات UAV ودعم المنصات، مع دعم التحقق الميداني وتنسيق فرق التشغيل حسب متطلبات الموقع. يساعد الحل على جمع المعلومات، وتوثيق الأحداث، وتحويل بيانات المراقبة إلى إجراءات قابلة للمراجعة دون كشف تفاصيل,وحدة تحكم بالطيران FC-U12 | drone accessories | UAV components | industrial UAV parts,وحدة تحكم بالطيران FC-U12,وحدة تحكم بالطيران FC-U12 Technical Specifications | احصل على دفاع خبير بالطائرات بدون طيار! | نظرة عامة | المواصفات الفنية | احصل على دفاع خبير بالطائرات بدون طيار!,.next/server/app/ar/accessories/fc-u12.html
/ar/accessories/fc-u8013,ar,strong,100,محرك UAV FC-U8013,4,true,true,true,true,true,996,11,1.104,1,5,,محرك UAV FC-U8013 | N-TET Drone Accessories,يُستخدم محرك UAV FC-U8013 في تكامل مكونات UAV ودعم المنصات، مع دعم التحقق الميداني وتنسيق فرق التشغيل حسب متطلبات الموقع. يساعد الحل على جمع المعلومات، وتوثيق الأحداث، وتحويل بيانات المراقبة إلى إجراءات قابلة للمراجعة دون كشف تفاصيل تشغيلية,محرك UAV FC-U8013 | drone accessories | UAV components | industrial UAV parts,محرك UAV FC-U8013,محرك UAV FC-U8013 Technical Specifications | احصل على دفاع خبير بالطائرات بدون طيار! | نظرة عامة | المواصفات الفنية | احصل على دفاع خبير بالطائرات بدون طيار!,.next/server/app/ar/accessories/fc-u8013.html
/ar/accessories/fc-u9-ag,ar,strong,100,وحدة تحكم بالطيران الزراعي FC-U9-AG,4,true,true,true,true,true,879,11,1.251,1,5,,وحدة تحكم بالطيران الزراعي FC-U9-AG | N-TET Drone Accessories,يُستخدم وحدة تحكم بالطيران الزراعي FC-U9-AG في مراقبة المجال الجوي وتوثيق الأحداث، مع دعم تكامل مكونات UAV ودعم المنصات وتنسيق فرق التشغيل حسب متطلبات الموقع. يساعد الحل على جمع المعلومات، وتوثيق الأحداث، وتحويل بيانات المراقبة إلى إجراءات,وحدة تحكم بالطيران الزراعي FC-U9-AG | drone accessories | UAV components | industrial UAV parts,وحدة تحكم بالطيران الزراعي FC-U9-AG,وحدة تحكم بالطيران الزراعي FC-U9-AG Technical Specifications | احصل على دفاع خبير بالطائرات بدون طيار! | نظرة عامة | المواصفات الفنية | احصل على دفاع خبير بالطائرات بدون طيار!,.next/server/app/ar/accessories/fc-u9-ag.html
/ar/accessories/fc-w2u-propeller,ar,strong,100,مروحة UAV FC-W2U,4,true,true,true,true,true,1087,11,1.012,1,5,,مروحة UAV FC-W2U | N-TET Drone Accessories,يُستخدم مروحة UAV FC-W2U في تكامل مكونات UAV ودعم المنصات، مع دعم التحقق الميداني وتنسيق فرق التشغيل حسب متطلبات الموقع. يساعد الحل على جمع المعلومات، وتوثيق الأحداث، وتحويل بيانات المراقبة إلى إجراءات قابلة للمراجعة دون كشف تفاصيل تشغيلية,مروحة UAV FC-W2U | drone accessories | UAV components | industrial UAV parts,مروحة UAV FC-W2U,مروحة UAV FC-W2U Technical Specifications | احصل على دفاع خبير بالطائرات بدون طيار! | نظرة عامة | المواصفات الفنية | احصل على دفاع خبير بالطائرات بدون طيار!,.next/server/app/ar/accessories/fc-w2u-propeller.html
/ar/accessories/fc-x8030,ar,strong,100,محرك UAV FC-X8030,4,true,true,true,true,true,6259,11,0.176,1,5,,محرك UAV FC-X8030 | N-TET Drone Accessories,يُستخدم محرك UAV FC-X8030 في تكامل مكونات UAV ودعم المنصات، مع دعم التحقق الميداني وتنسيق فرق التشغيل حسب متطلبات الموقع. يساعد الحل على جمع المعلومات، وتوثيق الأحداث، وتحويل بيانات المراقبة إلى إجراءات قابلة للمراجعة دون كشف تفاصيل تشغيلية,محرك UAV FC-X8030 | drone accessories | UAV components | industrial UAV parts,محرك UAV FC-X8030,محرك UAV FC-X8030 Technical Specifications | احصل على دفاع خبير بالطائرات بدون طيار! | نظرة عامة | المواصفات الفنية | احصل على دفاع خبير بالطائرات بدون طيار!,.next/server/app/ar/accessories/fc-x8030.html
/ar/accessories/fc-xh14,ar,strong,100,محرك UAV FC-XH14,4,true,true,true,true,true,2995,11,0.367,1,5,,محرك UAV FC-XH14 | N-TET Drone Accessories,يُستخدم محرك UAV FC-XH14 في تكامل مكونات UAV ودعم المنصات، مع دعم التحقق الميداني وتنسيق فرق التشغيل حسب متطلبات الموقع. يساعد الحل على جمع المعلومات، وتوثيق الأحداث، وتحويل بيانات المراقبة إلى إجراءات قابلة للمراجعة دون كشف تفاصيل تشغيلية,محرك UAV FC-XH14 | drone accessories | UAV components | industrial UAV parts,محرك UAV FC-XH14,محرك UAV FC-XH14 Technical Specifications | احصل على دفاع خبير بالطائرات بدون طيار! | نظرة عامة | المواصفات الفنية | احصل على دفاع خبير بالطائرات بدون طيار!,.next/server/app/ar/accessories/fc-xh14.html
/ar/accessories/fc-yk15-remote-controller,ar,strong,100,وحدة تحكم عن بُعد UAV FC-YK15,4,true,true,true,true,true,903,11,1.218,1,5,,وحدة تحكم عن بُعد UAV FC-YK15 | N-TET Drone Accessories,يُستخدم وحدة تحكم عن بُعد UAV FC-YK15 في تشغيل مرافق الطاقة والبنية التحتية، مع دعم تكامل مكونات UAV ودعم المنصات وتنسيق فرق التشغيل حسب متطلبات الموقع. يساعد الحل على جمع المعلومات، وتوثيق الأحداث، وتحويل بيانات المراقبة إلى إجراءات قابلة,وحدة تحكم عن بُعد UAV FC-YK15 | drone accessories | UAV components | industrial UAV parts,وحدة تحكم عن بُعد UAV FC-YK15,وحدة تحكم عن بُعد UAV FC-YK15 Technical Specifications | احصل على دفاع خبير بالطائرات بدون طيار! | نظرة عامة | المواصفات الفنية | احصل على دفاع خبير بالطائرات بدون طيار!,.next/server/app/ar/accessories/fc-yk15-remote-controller.html
/ar/accessories/fc-yk24-remote-controller,ar,strong,100,وحدة تحكم عن بُعد UAV FC-YK24,4,true,true,true,true,true,913,11,1.205,1,5,,وحدة تحكم عن بُعد UAV FC-YK24 | N-TET Drone Accessories,يُستخدم وحدة تحكم عن بُعد UAV FC-YK24 في تكامل مكونات UAV ودعم المنصات، مع دعم التحقق الميداني وتنسيق فرق التشغيل حسب متطلبات الموقع. يساعد الحل على جمع المعلومات، وتوثيق الأحداث، وتحويل بيانات المراقبة إلى إجراءات قابلة للمراجعة دون كشف تف,وحدة تحكم عن بُعد UAV FC-YK24 | drone accessories | UAV components | industrial UAV parts,وحدة تحكم عن بُعد UAV FC-YK24,وحدة تحكم عن بُعد UAV FC-YK24 Technical Specifications | احصل على دفاع خبير بالطائرات بدون طيار! | نظرة عامة | المواصفات الفنية | احصل على دفاع خبير بالطائرات بدون طيار!,.next/server/app/ar/accessories/fc-yk24-remote-controller.html
/ar/accessories/fc-yk32-remote-controller,ar,strong,100,وحدة تحكم عن بُعد UAV FC-YK32,4,true,true,true,true,true,911,11,1.207,1,5,,وحدة تحكم عن بُعد UAV FC-YK32 | N-TET Drone Accessories,يُستخدم وحدة تحكم عن بُعد UAV FC-YK32 في تشغيل مرافق الطاقة والبنية التحتية، مع دعم تكامل مكونات UAV ودعم المنصات وتنسيق فرق التشغيل حسب متطلبات الموقع. يساعد الحل على جمع المعلومات، وتوثيق الأحداث، وتحويل بيانات المراقبة إلى إجراءات قابلة,وحدة تحكم عن بُعد UAV FC-YK32 | drone accessories | UAV components | industrial UAV parts,وحدة تحكم عن بُعد UAV FC-YK32,وحدة تحكم عن بُعد UAV FC-YK32 Technical Specifications | احصل على دفاع خبير بالطائرات بدون طيار! | نظرة عامة | المواصفات الفنية | احصل على دفاع خبير بالطائرات بدون طيار!,.next/server/app/ar/accessories/fc-yk32-remote-controller.html
/ar/accessories/fc-ykrc7-remote-controller,ar,strong,100,وحدة تحكم عن بُعد UAV FC-YKRC7,4,true,true,true,true,true,917,11,1.200,1,5,,وحدة تحكم عن بُعد UAV FC-YKRC7 | N-TET Drone Accessories,يُستخدم وحدة تحكم عن بُعد UAV FC-YKRC7 في مراقبة المجال الجوي وتوثيق الأحداث، مع دعم تشغيل مرافق الطاقة والبنية التحتية وتنسيق فرق التشغيل حسب متطلبات الموقع. يساعد الحل على جمع المعلومات، وتوثيق الأحداث، وتحويل بيانات المراقبة إلى إجراءات,وحدة تحكم عن بُعد UAV FC-YKRC7 | drone accessories | UAV components | industrial UAV parts,وحدة تحكم عن بُعد UAV FC-YKRC7,وحدة تحكم عن بُعد UAV FC-YKRC7 Technical Specifications | احصل على دفاع خبير بالطائرات بدون طيار! | نظرة عامة | المواصفات الفنية | احصل على دفاع خبير بالطائرات بدون طيار!,.next/server/app/ar/accessories/fc-ykrc7-remote-controller.html
/ar/products/low-altitude-airspace-monitoring,ar,weak,0,,0,false,false,false,false,false,0,0,0.000,0,0,缺少 meta keywords; 缺少 H1; 缺少 H2,أنظمة UAV صناعية لعمليات المجال منخفض الارتفاع | N-TET,من منصات UAV الصناعية إلى مراقبة المجال منخفض الارتفاع، تساعد N-TET فرق البنية التحتية والمواقع العامة على التفتيش والتحقق وتوثيق العمليات الميدانية.,,,,.next/server/app/ar/products/low-altitude-airspace-monitoring.html
/en/accessories/fc-bt1,en,strong,85,FC-BT1 UAV Solid-State Battery,4,true,false,true,true,true,3353,9,0.268,1,5,description 未命中关键词,FC-BT1 UAV Solid-State Battery | N-TET Drone Accessories,"FC-BT1 is a 280Wh/kg, 4.2V 10C solid-state lithium-ion battery series covering 16Ah-30Ah capacities for inspection, mapping, VTOL, multi-rotor industrial UAVs, robots, and unmanned vessels.",FC-BT1 UAV Solid-State Battery | drone accessories | UAV components | industrial UAV parts,FC-BT1 UAV Solid-State Battery,FC-BT1 UAV Solid-State Battery Technical Specifications | Get Expert Drone Defense! | Overview | Technical Specifications | Get Expert Drone Defense!,.next/server/app/en/accessories/fc-bt1.html
/en/accessories/fc-bt2,en,strong,85,FC-BT2 UAV Solid-State Battery,4,true,false,true,true,true,2845,9,0.316,1,5,description 未命中关键词,FC-BT2 UAV Solid-State Battery | N-TET Drone Accessories,"FC-BT2 is an upgraded FC-BT1 series with 310Wh/kg energy density, improved wind resistance and landing safety, and stable performance for inspection, mapping, VTOL, and multi-rotor industrial UAVs.",FC-BT2 UAV Solid-State Battery | drone accessories | UAV components | industrial UAV parts,FC-BT2 UAV Solid-State Battery,FC-BT2 UAV Solid-State Battery Technical Specifications | Get Expert Drone Defense! | Overview | Technical Specifications | Get Expert Drone Defense!,.next/server/app/en/accessories/fc-bt2.html
/en/accessories/fc-bt3,en,strong,85,FC-BT3 High-Voltage UAV Solid-State Battery,4,true,false,true,true,true,2964,9,0.304,1,5,description 未命中关键词,FC-BT3 High-Voltage UAV Solid-State Battery | N-TET Drone Accessories,FC-BT3 is a 4.35V high-voltage solid-state battery series with higher discharge rate and lower voltage sag for heavy-lift VTOL and aircraft with large differences between vertical-lift and cruise power demand.,FC-BT3 High-Voltage UAV Solid-State Battery | drone accessories | UAV components | industrial UAV parts,FC-BT3 High-Voltage UAV Solid-State Battery,FC-BT3 High-Voltage UAV Solid-State Battery Technical Specifications | Get Expert Drone Defense! | Overview | Technical Specifications | Get Expert Drone Defense!,.next/server/app/en/accessories/fc-bt3.html
/en/accessories/fc-bt4,en,strong,85,FC-BT4 High-Energy UAV Solid-State Battery,4,true,false,true,true,true,4834,9,0.186,1,5,description 未命中关键词,FC-BT4 High-Energy UAV Solid-State Battery | N-TET Drone Accessories,"FC-BT4 is a 340Wh/kg high-energy-density solid-state battery series balancing low voltage sag, high safety, long service life, and cost performance for reconnaissance, solar, mapping, security, and long-endurance UAVs.",FC-BT4 High-Energy UAV Solid-State Battery | drone accessories | UAV components | industrial UAV parts,FC-BT4 High-Energy UAV Solid-State Battery,FC-BT4 High-Energy UAV Solid-State Battery Technical Specifications | Get Expert Drone Defense! | Overview | Technical Specifications | Get Expert Drone Defense!,.next/server/app/en/accessories/fc-bt4.html
/en/accessories/fc-btg,en,strong,85,FC-BTG Training UAV Solid-State Battery,4,true,false,true,true,true,2124,9,0.424,1,5,description 未命中关键词,FC-BTG Training UAV Solid-State Battery | N-TET Drone Accessories,"FC-BTG is a cost-effective solid-state battery series for training, logistics, and power-operation scenarios, covering FC-BTG-TG1 and FC-BTG-TG3 configurations with stable output, long endurance, and training-friendly adaptation.",FC-BTG Training UAV Solid-State Battery | drone accessories | UAV components | industrial UAV parts,FC-BTG Training UAV Solid-State Battery,FC-BTG Training UAV Solid-State Battery Technical Specifications | Get Expert Drone Defense! | Overview | Technical Specifications | Get Expert Drone Defense!,.next/server/app/en/accessories/fc-btg.html
/en/accessories/fc-c2d-propeller,en,strong,85,FC-C2D UAV Propeller,4,true,false,true,true,true,916,7,0.764,1,5,description 未命中关键词,FC-C2D UAV Propeller | N-TET Drone Accessories,Dimension range: 11~42 in; maximum thrust: 12.42kgf (7000RPM); peak propeller efficiency: 11.08gf/W (2821RPM).,FC-C2D UAV Propeller | drone accessories | UAV components | industrial UAV parts,FC-C2D UAV Propeller,FC-C2D UAV Propeller Technical Specifications | Get Expert Drone Defense! | Overview | Technical Specifications | Get Expert Drone Defense!,.next/server/app/en/accessories/fc-c2d-propeller.html
/en/accessories/fc-c2e-propeller,en,strong,85,FC-C2E UAV Propeller,4,true,false,true,true,true,864,7,0.810,1,5,description 未命中关键词,FC-C2E UAV Propeller | N-TET Drone Accessories,Dimension range: 8~32 in; maximum thrust: 10.84kgf (6261RPM); peak propeller efficiency: 10.83gf/W (3442RPM).,FC-C2E UAV Propeller | drone accessories | UAV components | industrial UAV parts,FC-C2E UAV Propeller,FC-C2E UAV Propeller Technical Specifications | Get Expert Drone Defense! | Overview | Technical Specifications | Get Expert Drone Defense!,.next/server/app/en/accessories/fc-c2e-propeller.html
/en/accessories/fc-c2t-propeller,en,strong,85,FC-C2T UAV Propeller,4,true,false,true,true,true,892,7,0.785,1,5,description 未命中关键词,FC-C2T UAV Propeller | N-TET Drone Accessories,Dimension range: 14~46 in; maximum thrust: 24.99kgf (7850RPM); peak propeller efficiency: 8.49gf/W (3036RPM).,FC-C2T UAV Propeller | drone accessories | UAV components | industrial UAV parts,FC-C2T UAV Propeller,FC-C2T UAV Propeller Technical Specifications | Get Expert Drone Defense! | Overview | Technical Specifications | Get Expert Drone Defense!,.next/server/app/en/accessories/fc-c2t-propeller.html
/en/accessories/fc-c2u-propeller,en,strong,85,FC-C2U UAV Propeller,4,true,false,true,true,true,884,7,0.792,1,5,description 未命中关键词,FC-C2U UAV Propeller | N-TET Drone Accessories,Dimension range: 16~47 in; maximum thrust: 38.70kgf (7279RPM); peak propeller efficiency: 12.63gf/W (2309RPM).,FC-C2U UAV Propeller | drone accessories | UAV components | industrial UAV parts,FC-C2U UAV Propeller,FC-C2U UAV Propeller Technical Specifications | Get Expert Drone Defense! | Overview | Technical Specifications | Get Expert Drone Defense!,.next/server/app/en/accessories/fc-c2u-propeller.html
/en/accessories/fc-c2ud-propeller,en,strong,85,FC-C2UD UAV Propeller,4,true,false,true,true,true,934,7,0.749,1,5,description 未命中关键词,FC-C2UD UAV Propeller | N-TET Drone Accessories,Dimension range: 18~40 in; maximum thrust: 37.65kgf (7838RPM); peak propeller efficiency: 6.64gf/W (3720RPM).,FC-C2UD UAV Propeller | drone accessories | UAV components | industrial UAV parts,FC-C2UD UAV Propeller,FC-C2UD UAV Propeller Technical Specifications | Get Expert Drone Defense! | Overview | Technical Specifications | Get Expert Drone Defense!,.next/server/app/en/accessories/fc-c2ud-propeller.html
/en/accessories/fc-fdj-111,en,strong,100,FC-FDJ-111 UAV Engine,4,true,true,true,true,true,696,9,1.293,1,5,,FC-FDJ-111 UAV Engine | N-TET Drone Accessories,"FC-FDJ-111 UAV engine with displacement 111.2cm3, power/performance 11.2HP/7500rpm, static thrust 25.5kg/altitude 100m.",FC-FDJ-111 UAV Engine | drone accessories | UAV components | industrial UAV parts,FC-FDJ-111 UAV Engine,FC-FDJ-111 UAV Engine Technical Specifications | Get Expert Drone Defense! | Overview | Technical Specifications | Get Expert Drone Defense!,.next/server/app/en/accessories/fc-fdj-111.html
/en/accessories/fc-fdj-120,en,strong,100,FC-FDJ-120 UAV Engine,4,true,true,true,true,true,674,9,1.335,1,5,,FC-FDJ-120 UAV Engine | N-TET Drone Accessories,"FC-FDJ-120 UAV engine with displacement 120cm3, power/performance 12HP/7500rpm, static thrust 26.5kg/altitude 100m.",FC-FDJ-120 UAV Engine | drone accessories | UAV components | industrial UAV parts,FC-FDJ-120 UAV Engine,FC-FDJ-120 UAV Engine Technical Specifications | Get Expert Drone Defense! | Overview | Technical Specifications | Get Expert Drone Defense!,.next/server/app/en/accessories/fc-fdj-120.html
/en/accessories/fc-fdj-120hd,en,strong,100,FC-FDJ-120HD UAV Engine,4,true,true,true,true,true,640,9,1.406,1,5,,FC-FDJ-120HD UAV Engine | N-TET Drone Accessories,"FC-FDJ-120HD UAV engine with displacement 120cm3, power/performance 7.35KW(0altitude)/8000rpm.",FC-FDJ-120HD UAV Engine | drone accessories | UAV components | industrial UAV parts,FC-FDJ-120HD UAV Engine,FC-FDJ-120HD UAV Engine Technical Specifications | Get Expert Drone Defense! | Overview | Technical Specifications | Get Expert Drone Defense!,.next/server/app/en/accessories/fc-fdj-120hd.html
/en/accessories/fc-fdj-170,en,strong,100,FC-FDJ-170 UAV Engine,4,true,true,true,true,true,664,9,1.355,1,5,,FC-FDJ-170 UAV Engine | N-TET Drone Accessories,"FC-FDJ-170 UAV engine with displacement 170cm3, power/performance 17.5HP/7500rpm, static thrust 35kg/altitude 100m.",FC-FDJ-170 UAV Engine | drone accessories | UAV components | industrial UAV parts,FC-FDJ-170 UAV Engine,FC-FDJ-170 UAV Engine Technical Specifications | Get Expert Drone Defense! | Overview | Technical Specifications | Get Expert Drone Defense!,.next/server/app/en/accessories/fc-fdj-170.html
/en/accessories/fc-fdj-200,en,strong,100,FC-FDJ-200 UAV Engine,4,true,true,true,true,true,652,9,1.380,1,5,,FC-FDJ-200 UAV Engine | N-TET Drone Accessories,"FC-FDJ-200 UAV engine with displacement 200CC, power/performance 20HP/7500rpm.",FC-FDJ-200 UAV Engine | drone accessories | UAV components | industrial UAV parts,FC-FDJ-200 UAV Engine,FC-FDJ-200 UAV Engine Technical Specifications | Get Expert Drone Defense! | Overview | Technical Specifications | Get Expert Drone Defense!,.next/server/app/en/accessories/fc-fdj-200.html
/en/accessories/fc-fdj-222,en,strong,100,FC-FDJ-222 UAV Engine,4,true,true,true,true,true,674,9,1.335,1,5,,FC-FDJ-222 UAV Engine | N-TET Drone Accessories,"FC-FDJ-222 UAV engine with displacement 222.5cm3, power/performance 21.5HP/7500rpm, static thrust 51kg/altitude 100m.",FC-FDJ-222 UAV Engine | drone accessories | UAV components | industrial UAV parts,FC-FDJ-222 UAV Engine,FC-FDJ-222 UAV Engine Technical Specifications | Get Expert Drone Defense! | Overview | Technical Specifications | Get Expert Drone Defense!,.next/server/app/en/accessories/fc-fdj-222.html
/en/accessories/fc-fdj-430,en,strong,100,FC-FDJ-430 UAV Engine,4,true,true,true,true,true,814,9,1.106,1,5,,FC-FDJ-430 UAV Engine | N-TET Drone Accessories,"FC-FDJ-430 UAV engine with displacement 430.8cc, power/performance 42HP at 6800 RPM, static thrust 110kg.",FC-FDJ-430 UAV Engine | drone accessories | UAV components | industrial UAV parts,FC-FDJ-430 UAV Engine,FC-FDJ-430 UAV Engine Technical Specifications | Get Expert Drone Defense! | Overview | Technical Specifications | Get Expert Drone Defense!,.next/server/app/en/accessories/fc-fdj-430.html
/en/accessories/fc-fdj-55,en,strong,100,FC-FDJ-55 UAV Engine,4,true,true,true,true,true,702,9,1.282,1,5,,FC-FDJ-55 UAV Engine | N-TET Drone Accessories,"FC-FDJ-55 UAV engine with displacement 55.6cm3, power/performance 5.5HP/8500rpm, static thrust 14.5kg/altitude 100m.",FC-FDJ-55 UAV Engine | drone accessories | UAV components | industrial UAV parts,FC-FDJ-55 UAV Engine,FC-FDJ-55 UAV Engine Technical Specifications | Get Expert Drone Defense! | Overview | Technical Specifications | Get Expert Drone Defense!,.next/server/app/en/accessories/fc-fdj-55.html
/en/accessories/fc-fdj-60,en,strong,100,FC-FDJ-60 UAV Engine,4,true,true,true,true,true,674,9,1.335,1,5,,FC-FDJ-60 UAV Engine | N-TET Drone Accessories,"FC-FDJ-60 UAV engine with displacement 61cm3, power/performance 7HP/8500rpm, static thrust 15.2kg/altitude 100m.",FC-FDJ-60 UAV Engine | drone accessories | UAV components | industrial UAV parts,FC-FDJ-60 UAV Engine,FC-FDJ-60 UAV Engine Technical Specifications | Get Expert Drone Defense! | Overview | Technical Specifications | Get Expert Drone Defense!,.next/server/app/en/accessories/fc-fdj-60.html
/en/accessories/fc-fdj-61,en,strong,100,FC-FDJ-61 UAV Engine,4,true,true,true,true,true,674,9,1.335,1,5,,FC-FDJ-61 UAV Engine | N-TET Drone Accessories,"FC-FDJ-61 UAV engine with displacement 60cm3, power/performance 6HP/7500rpm, static thrust 15kg/altitude 100m.",FC-FDJ-61 UAV Engine | drone accessories | UAV components | industrial UAV parts,FC-FDJ-61 UAV Engine,FC-FDJ-61 UAV Engine Technical Specifications | Get Expert Drone Defense! | Overview | Technical Specifications | Get Expert Drone Defense!,.next/server/app/en/accessories/fc-fdj-61.html
/en/accessories/fc-fdj-70hd,en,strong,100,FC-FDJ-70HD UAV Engine,4,true,true,true,true,true,642,9,1.402,1,5,,FC-FDJ-70HD UAV Engine | N-TET Drone Accessories,"FC-FDJ-70HD UAV engine with displacement 70cm3, power/performance 4.2KW(0altitude)/8300rpm.",FC-FDJ-70HD UAV Engine | drone accessories | UAV components | industrial UAV parts,FC-FDJ-70HD UAV Engine,FC-FDJ-70HD UAV Engine Technical Specifications | Get Expert Drone Defense! | Overview | Technical Specifications | Get Expert Drone Defense!,.next/server/app/en/accessories/fc-fdj-70hd.html
/en/accessories/fc-fdj-85,en,strong,100,FC-FDJ-85 UAV Engine,4,true,true,true,true,true,674,9,1.335,1,5,,FC-FDJ-85 UAV Engine | N-TET Drone Accessories,"FC-FDJ-85 UAV engine with displacement 85cm3, power/performance 8.5HP/9000rpm, static thrust 21kg/altitude 100m.",FC-FDJ-85 UAV Engine | drone accessories | UAV components | industrial UAV parts,FC-FDJ-85 UAV Engine,FC-FDJ-85 UAV Engine Technical Specifications | Get Expert Drone Defense! | Overview | Technical Specifications | Get Expert Drone Defense!,.next/server/app/en/accessories/fc-fdj-85.html
/en/accessories/fc-l10tr-three-light-gimbal,en,strong,100,FC-L10TR Electro-Optical Gimbal,4,true,true,true,true,true,1212,9,0.743,1,5,,FC-L10TR Electro-Optical Gimbal | N-TET Drone Accessories,"FC-L10TR electro-optical gimbal: 10x continuous optical zoom + thermal imaging + 905nm laser ranging; 5m-1500m laser ranging, weight <=800g.",FC-L10TR Electro-Optical Gimbal | drone accessories | UAV components | industrial UAV parts,FC-L10TR Electro-Optical Gimbal,FC-L10TR Electro-Optical Gimbal Technical Specifications | Get Expert Drone Defense! | Overview | Technical Specifications | Get Expert Drone Defense!,.next/server/app/en/accessories/fc-l10tr-three-light-gimbal.html
/en/accessories/fc-l40-smart-optical-pod,en,strong,100,FC-L40 Electro-Optical Gimbal,4,true,true,true,true,true,1032,9,0.872,1,5,,FC-L40 Electro-Optical Gimbal | N-TET Drone Accessories,"FC-L40 electro-optical gimbal: 40x visible-light optical zoom; Weight <=1kg, dimensions <=Phi115mm x 175mm.",FC-L40 Electro-Optical Gimbal | drone accessories | UAV components | industrial UAV parts,FC-L40 Electro-Optical Gimbal,FC-L40 Electro-Optical Gimbal Technical Specifications | Get Expert Drone Defense! | Overview | Technical Specifications | Get Expert Drone Defense!,.next/server/app/en/accessories/fc-l40-smart-optical-pod.html
/en/accessories/fc-l40t-dual-light-gimbal,en,strong,100,FC-L40T Electro-Optical Gimbal,4,true,true,true,true,true,1148,9,0.784,1,5,,FC-L40T Electro-Optical Gimbal | N-TET Drone Accessories,"FC-L40T electro-optical gimbal: Visible light 1920x1080, 40x zoom range 4.25-170mm; 640x512 thermal imaging, weight <=1.1kg.",FC-L40T Electro-Optical Gimbal | drone accessories | UAV components | industrial UAV parts,FC-L40T Electro-Optical Gimbal,FC-L40T Electro-Optical Gimbal Technical Specifications | Get Expert Drone Defense! | Overview | Technical Specifications | Get Expert Drone Defense!,.next/server/app/en/accessories/fc-l40t-dual-light-gimbal.html
/en/accessories/fc-l40tr-smart-optical-pod,en,strong,100,FC-L40TR Electro-Optical Gimbal,4,true,true,true,true,true,1196,9,0.753,1,5,,FC-L40TR Electro-Optical Gimbal | N-TET Drone Accessories,"FC-L40TR electro-optical gimbal: 40x visible light + 640x512 thermal imaging + 1535nm laser ranging; 20m-3000m laser ranging, weight <=1.3kg.",FC-L40TR Electro-Optical Gimbal | drone accessories | UAV components | industrial UAV parts,FC-L40TR Electro-Optical Gimbal,FC-L40TR Electro-Optical Gimbal Technical Specifications | Get Expert Drone Defense! | Overview | Technical Specifications | Get Expert Drone Defense!,.next/server/app/en/accessories/fc-l40tr-smart-optical-pod.html
/en/accessories/fc-l50-smart-optical-pod,en,strong,100,FC-L50 Electro-Optical Gimbal,4,true,true,true,true,true,1056,9,0.852,1,5,,FC-L50 Electro-Optical Gimbal | N-TET Drone Accessories,"FC-L50 electro-optical gimbal: 1280 x 1024 uncooled infrared imaging module; 50mm thermal focal length, weight <=1.5kg.",FC-L50 Electro-Optical Gimbal | drone accessories | UAV components | industrial UAV parts,FC-L50 Electro-Optical Gimbal,FC-L50 Electro-Optical Gimbal Technical Specifications | Get Expert Drone Defense! | Overview | Technical Specifications | Get Expert Drone Defense!,.next/server/app/en/accessories/fc-l50-smart-optical-pod.html
/en/accessories/fc-ln100-dual-light-gimbal,en,strong,100,FC-LN100 Electro-Optical Gimbal,4,true,true,true,true,true,1136,9,0.792,1,5,,FC-LN100 Electro-Optical Gimbal | N-TET Drone Accessories,"FC-LN100 electro-optical gimbal: 4K fixed-focus visible light + 640x512 thermal imaging; Weight <=260g, average power 10w.",FC-LN100 Electro-Optical Gimbal | drone accessories | UAV components | industrial UAV parts,FC-LN100 Electro-Optical Gimbal,FC-LN100 Electro-Optical Gimbal Technical Specifications | Get Expert Drone Defense! | Overview | Technical Specifications | Get Expert Drone Defense!,.next/server/app/en/accessories/fc-ln100-dual-light-gimbal.html
/en/accessories/fc-ln95-dual-light-gimbal,en,strong,100,FC-LN95 Electro-Optical Gimbal,4,true,true,true,true,true,1190,9,0.756,1,5,,FC-LN95 Electro-Optical Gimbal | N-TET Drone Accessories,"FC-LN95 electro-optical gimbal: Fixed-focus dual visible-light cameras, 3840x2160 resolution; Weight <=260g, dimensions <=Phi64mm x 90mm.",FC-LN95 Electro-Optical Gimbal | drone accessories | UAV components | industrial UAV parts,FC-LN95 Electro-Optical Gimbal,FC-LN95 Electro-Optical Gimbal Technical Specifications | Get Expert Drone Defense! | Overview | Technical Specifications | Get Expert Drone Defense!,.next/server/app/en/accessories/fc-ln95-dual-light-gimbal.html
/en/accessories/fc-max-5330,en,strong,100,FC-MAX 5330 UAV Motor,4,true,true,true,true,true,4073,9,0.221,1,5,,FC-MAX 5330 UAV Motor | N-TET Drone Accessories,FC-MAX 5330 UAV Motor core parameters: Max Thrust: 11 kg / 11.5 kg; Rated Operating Voltage: 12S; KV Value: 220 KV / 260 KV.,FC-MAX 5330 UAV Motor | drone accessories | UAV components | industrial UAV parts,FC-MAX 5330 UAV Motor,FC-MAX 5330 UAV Motor Technical Specifications | Get Expert Drone Defense! | Overview | Technical Specifications | Get Expert Drone Defense!,.next/server/app/en/accessories/fc-max-5330.html
/en/accessories/fc-mesh-100,en,strong,85,FC-Mesh-100 UAV Data Link,4,true,false,true,true,true,1131,7,0.619,1,5,description 未命中关键词,FC-Mesh-100 UAV Data Link | N-TET Drone Accessories,"FC-Mesh-100 is an airborne self-forming network radio for multi-node UAV communication, relay networking, and air-ground coordination.",FC-Mesh-100 UAV Data Link | drone accessories | UAV components | industrial UAV parts,FC-Mesh-100 UAV Data Link,FC-Mesh-100 UAV Data Link Technical Specifications | Get Expert Drone Defense! | Overview | Technical Specifications | Get Expert Drone Defense!,.next/server/app/en/accessories/fc-mesh-100.html
/en/accessories/fc-mini-l10tr-smart-optical-pod,en,strong,100,FC-MiniL10TR Electro-Optical Gimbal,4,true,true,true,true,true,1160,9,0.776,1,5,,FC-MiniL10TR Electro-Optical Gimbal | N-TET Drone Accessories,"FC-MiniL10TR electro-optical gimbal: 48MP 10x hybrid zoom visible light + infrared + laser ranging; Weight <=400g, dimensions <=95mm x 97mm x 147mm.",FC-MiniL10TR Electro-Optical Gimbal | drone accessories | UAV components | industrial UAV parts,FC-MiniL10TR Electro-Optical Gimbal,FC-MiniL10TR Electro-Optical Gimbal Technical Specifications | Get Expert Drone Defense! | Overview | Technical Specifications | Get Expert Drone Defense!,.next/server/app/en/accessories/fc-mini-l10tr-smart-optical-pod.html
/en/accessories/fc-pab-propeller,en,strong,85,FC-PAB UAV Propeller,4,true,false,true,true,true,904,7,0.774,1,5,description 未命中关键词,FC-PAB UAV Propeller | N-TET Drone Accessories,Dimension range: 15.2~36.2 in; maximum thrust: 26.41kgf (4817RPM); peak propeller efficiency: 17.52gf/W (1476RPM).,FC-PAB UAV Propeller | drone accessories | UAV components | industrial UAV parts,FC-PAB UAV Propeller,FC-PAB UAV Propeller Technical Specifications | Get Expert Drone Defense! | Overview | Technical Specifications | Get Expert Drone Defense!,.next/server/app/en/accessories/fc-pab-propeller.html
/en/accessories/fc-pad-propeller,en,strong,85,FC-PAD UAV Propeller,4,true,false,true,true,true,904,7,0.774,1,5,description 未命中关键词,FC-PAD UAV Propeller | N-TET Drone Accessories,Dimension range: 18.3~46.3 in; maximum thrust: 25.10kgf (4663RPM); peak propeller efficiency: 13.99gf/W (1825RPM).,FC-PAD UAV Propeller | drone accessories | UAV components | industrial UAV parts,FC-PAD UAV Propeller,FC-PAD UAV Propeller Technical Specifications | Get Expert Drone Defense! | Overview | Technical Specifications | Get Expert Drone Defense!,.next/server/app/en/accessories/fc-pad-propeller.html
/en/accessories/fc-pae-propeller,en,strong,85,FC-PAE UAV Propeller,4,true,false,true,true,true,910,7,0.769,1,5,description 未命中关键词,FC-PAE UAV Propeller | N-TET Drone Accessories,Dimension range: 18.3~32.3 in; maximum thrust: 6.42kgf (6520RPM); peak propeller efficiency: 20.14gf/W (1820RPM).,FC-PAE UAV Propeller | drone accessories | UAV components | industrial UAV parts,FC-PAE UAV Propeller,FC-PAE UAV Propeller Technical Specifications | Get Expert Drone Defense! | Overview | Technical Specifications | Get Expert Drone Defense!,.next/server/app/en/accessories/fc-pae-propeller.html
/en/accessories/fc-pbf-propeller,en,strong,85,FC-PBF UAV Propeller,4,true,false,true,true,true,850,7,0.824,1,5,description 未命中关键词,FC-PBF UAV Propeller | N-TET Drone Accessories,Dimension range: 16.1~48.1 in; maximum thrust: 43.52kgf (3373RPM); peak propeller efficiency: 13.97gf/W (1385RPM).,FC-PBF UAV Propeller | drone accessories | UAV components | industrial UAV parts,FC-PBF UAV Propeller,FC-PBF UAV Propeller Technical Specifications | Get Expert Drone Defense! | Overview | Technical Specifications | Get Expert Drone Defense!,.next/server/app/en/accessories/fc-pbf-propeller.html
/en/accessories/fc-rm10x,en,strong,100,FC-RM10X UAV Motor,4,true,true,true,true,true,1444,9,0.623,1,5,,FC-RM10X UAV Motor | N-TET Drone Accessories,FC-RM10X UAV Motor core parameters: Max Thrust: 12081g/axis @48Vsea level; Recommended Takeoff Weight: 4500-6000g/axis @48Vsea level.,FC-RM10X UAV Motor | drone accessories | UAV components | industrial UAV parts,FC-RM10X UAV Motor,FC-RM10X UAV Motor Technical Specifications | Get Expert Drone Defense! | Overview | Technical Specifications | Get Expert Drone Defense!,.next/server/app/en/accessories/fc-rm10x.html
/en/accessories/fc-rm30,en,strong,100,FC-RM30 UAV Motor,4,true,true,true,true,true,4794,9,0.188,1,5,,FC-RM30 UAV Motor | N-TET Drone Accessories,FC-RM30 UAV Motor core parameters: Max Thrust: 74.7 kg / 69.6 kg; Rated Operating Voltage: 96S / 24S; KV Value: 10 KV / 43 KV.,FC-RM30 UAV Motor | drone accessories | UAV components | industrial UAV parts,FC-RM30 UAV Motor,FC-RM30 UAV Motor Technical Specifications | Get Expert Drone Defense! | Overview | Technical Specifications | Get Expert Drone Defense!,.next/server/app/en/accessories/fc-rm30.html
/en/accessories/fc-sjl-100,en,strong,85,FC-SJL-100 UAV Data Link,4,true,false,true,true,true,983,7,0.712,1,5,description 未命中关键词,FC-SJL-100 UAV Data Link | N-TET Drone Accessories,FC-SJL-100 provides 100km+ air-to-ground video-and-data transmission with a rugged J30J interface layout for UAV and robotic platforms.,FC-SJL-100 UAV Data Link | drone accessories | UAV components | industrial UAV parts,FC-SJL-100 UAV Data Link,FC-SJL-100 UAV Data Link Technical Specifications | Get Expert Drone Defense! | Overview | Technical Specifications | Get Expert Drone Defense!,.next/server/app/en/accessories/fc-sjl-100.html
/en/accessories/fc-sjl-200,en,strong,85,FC-SJL-200 UAV Data Link,4,true,false,true,true,true,987,7,0.709,1,5,description 未命中关键词,FC-SJL-200 UAV Data Link | N-TET Drone Accessories,"FC-SJL-200 is an ultra-long-range UAV video-and-data radio supporting 200km+ transmission for integrated video, telemetry, and control links.",FC-SJL-200 UAV Data Link | drone accessories | UAV components | industrial UAV parts,FC-SJL-200 UAV Data Link,FC-SJL-200 UAV Data Link Technical Specifications | Get Expert Drone Defense! | Overview | Technical Specifications | Get Expert Drone Defense!,.next/server/app/en/accessories/fc-sjl-200.html
/en/accessories/fc-sjl-30,en,strong,85,FC-SJL-30 UAV Data Link,4,true,false,true,true,true,1011,7,0.692,1,5,description 未命中关键词,FC-SJL-30 UAV Data Link | N-TET Drone Accessories,"FC-SJL-30 is a compact UAV video-and-data radio for 30km+ air-to-ground HD video, audio, telemetry, and remote-control data links.",FC-SJL-30 UAV Data Link | drone accessories | UAV components | industrial UAV parts,FC-SJL-30 UAV Data Link,FC-SJL-30 UAV Data Link Technical Specifications | Get Expert Drone Defense! | Overview | Technical Specifications | Get Expert Drone Defense!,.next/server/app/en/accessories/fc-sjl-30.html
/en/accessories/fc-sjl-380,en,strong,85,FC-SJL-380 UAV Data Link,4,true,false,true,true,true,989,7,0.708,1,5,description 未命中关键词,FC-SJL-380 UAV Data Link | N-TET Drone Accessories,FC-SJL-380 supports 380km+ ultra-long-range UAV video-and-data transmission for distributed networking and air-to-ground control links.,FC-SJL-380 UAV Data Link | drone accessories | UAV components | industrial UAV parts,FC-SJL-380 UAV Data Link,FC-SJL-380 UAV Data Link Technical Specifications | Get Expert Drone Defense! | Overview | Technical Specifications | Get Expert Drone Defense!,.next/server/app/en/accessories/fc-sjl-380.html
/en/accessories/fc-sjl-50,en,strong,85,FC-SJL-50 UAV Data Link,4,true,false,true,true,true,1009,7,0.694,1,5,description 未命中关键词,FC-SJL-50 UAV Data Link | N-TET Drone Accessories,"FC-SJL-50 is a lightweight UAV video-and-data radio for 50km+ HD video, telemetry, and remote-control data links.",FC-SJL-50 UAV Data Link | drone accessories | UAV components | industrial UAV parts,FC-SJL-50 UAV Data Link,FC-SJL-50 UAV Data Link Technical Specifications | Get Expert Drone Defense! | Overview | Technical Specifications | Get Expert Drone Defense!,.next/server/app/en/accessories/fc-sjl-50.html
/en/accessories/fc-u10-pro,en,strong,85,FC-U10-PRO Flight Controller,4,true,false,true,true,true,734,7,0.954,1,5,description 未命中关键词,FC-U10-PRO Flight Controller | N-TET Drone Accessories,"The FC-U10-PRO integrates high-precision RTK, supports 16V-120V power input, up to 16-rotor UAV platforms, and UPS backup for heavy-lift flight-control applications.",FC-U10-PRO Flight Controller | drone accessories | UAV components | industrial UAV parts,FC-U10-PRO Flight Controller,FC-U10-PRO Flight Controller Technical Specifications | Get Expert Drone Defense! | Overview | Technical Specifications | Get Expert Drone Defense!,.next/server/app/en/accessories/fc-u10-pro.html
/en/accessories/fc-u110,en,strong,100,FC-U110 UAV Motor,4,true,true,true,true,true,4516,9,0.199,1,5,,FC-U110 UAV Motor | N-TET Drone Accessories,FC-U110 UAV Motor core parameters: Max Thrust: 45.5 kg; Rated Operating Voltage: 12-14S; KV Value: 140 KV.,FC-U110 UAV Motor | drone accessories | UAV components | industrial UAV parts,FC-U110 UAV Motor,FC-U110 UAV Motor Technical Specifications | Get Expert Drone Defense! | Overview | Technical Specifications | Get Expert Drone Defense!,.next/server/app/en/accessories/fc-u110.html
/en/accessories/fc-u12,en,strong,85,FC-U12 Flight Controller,4,true,false,true,true,true,718,7,0.975,1,5,description 未命中关键词,FC-U12 Flight Controller | N-TET Drone Accessories,"The FC-U12 is a compact and easy-to-use flight controller for small and mid-size tightly integrated UAV platforms, with expandable external control channels.",FC-U12 Flight Controller | drone accessories | UAV components | industrial UAV parts,FC-U12 Flight Controller,FC-U12 Flight Controller Technical Specifications | Get Expert Drone Defense! | Overview | Technical Specifications | Get Expert Drone Defense!,.next/server/app/en/accessories/fc-u12.html
/en/accessories/fc-u8013,en,strong,100,FC-U8013 UAV Motor,4,true,true,true,true,true,1112,9,0.809,1,5,,FC-U8013 UAV Motor | N-TET Drone Accessories,FC-U8013 UAV Motor core parameters: Max Thrust: 14.5 kg / 15 kg / 16.3 kg; Rated Operating Voltage: 12S; KV Value: 135KV / 150KV / 170KV.,FC-U8013 UAV Motor | drone accessories | UAV components | industrial UAV parts,FC-U8013 UAV Motor,FC-U8013 UAV Motor Technical Specifications | Get Expert Drone Defense! | Overview | Technical Specifications | Get Expert Drone Defense!,.next/server/app/en/accessories/fc-u8013.html
/en/accessories/fc-u9-ag,en,strong,85,FC-U9-AG Agricultural Flight Controller,4,true,false,true,true,true,769,7,0.910,1,5,description 未命中关键词,FC-U9-AG Agricultural Flight Controller | N-TET Drone Accessories,"The FC-U9-AG is a professional agricultural UAV flight-control system for spraying, spreading, cleaning, and lifting operations, with rich interfaces and simple app operation.",FC-U9-AG Agricultural Flight Controller | drone accessories | UAV components | industrial UAV parts,FC-U9-AG Agricultural Flight Controller,FC-U9-AG Agricultural Flight Controller Technical Specifications | Get Expert Drone Defense! | Overview | Technical Specifications | Get Expert Drone Defense!,.next/server/app/en/accessories/fc-u9-ag.html
/en/accessories/fc-w2u-propeller,en,strong,85,FC-W2U UAV Propeller,4,true,false,true,true,true,792,7,0.884,1,5,description 未命中关键词,FC-W2U UAV Propeller | N-TET Drone Accessories,Dimension range: 24~40 in; maximum thrust: 68.92kgf (5353RPM); peak propeller efficiency: 7.11gf/W (2354RPM).,FC-W2U UAV Propeller | drone accessories | UAV components | industrial UAV parts,FC-W2U UAV Propeller,FC-W2U UAV Propeller Technical Specifications | Get Expert Drone Defense! | Overview | Technical Specifications | Get Expert Drone Defense!,.next/server/app/en/accessories/fc-w2u-propeller.html
/en/accessories/fc-x8030,en,strong,100,FC-X8030 UAV Motor,4,true,true,true,true,true,3666,9,0.245,1,5,,FC-X8030 UAV Motor | N-TET Drone Accessories,FC-X8030 UAV Motor core parameters: Max Thrust: 22.7 kg / 21.5 kg; Rated Operating Voltage: 12S; KV Value: 160 KV / 190 KV.,FC-X8030 UAV Motor | drone accessories | UAV components | industrial UAV parts,FC-X8030 UAV Motor,FC-X8030 UAV Motor Technical Specifications | Get Expert Drone Defense! | Overview | Technical Specifications | Get Expert Drone Defense!,.next/server/app/en/accessories/fc-x8030.html
/en/accessories/fc-xh14,en,strong,100,FC-XH14 UAV Motor,4,true,true,true,true,true,1832,9,0.491,1,5,,FC-XH14 UAV Motor | N-TET Drone Accessories,FC-XH14 UAV Motor core parameters: Max Thrust: 110 kg/axis（92V/108，sea level）; Recommended Battery: 24-28S （Lipo）.,FC-XH14 UAV Motor | drone accessories | UAV components | industrial UAV parts,FC-XH14 UAV Motor,FC-XH14 UAV Motor Technical Specifications | Get Expert Drone Defense! | Overview | Technical Specifications | Get Expert Drone Defense!,.next/server/app/en/accessories/fc-xh14.html
/en/accessories/fc-yk15-remote-controller,en,strong,100,FC-YK15 UAV Remote Controller,4,true,true,true,true,true,977,9,0.921,1,5,,FC-YK15 UAV Remote Controller | N-TET Drone Accessories,"The FC-YK15 UAV Remote Controller is a compact handheld ground station with low-latency three-in-one HD video transmission, Android integration, and dual 1080P video links for UAVs, unmanned vehicles, unmanned boats, and robotic platforms.",FC-YK15 UAV Remote Controller | drone accessories | UAV components | industrial UAV parts,FC-YK15 UAV Remote Controller,FC-YK15 UAV Remote Controller Technical Specifications | Get Expert Drone Defense! | Overview | Technical Specifications | Get Expert Drone Defense!,.next/server/app/en/accessories/fc-yk15-remote-controller.html
/en/accessories/fc-yk24-remote-controller,en,strong,85,FC-YK24 UAV Remote Controller,4,true,false,true,true,true,1151,7,0.608,1,5,description 未命中关键词,FC-YK24 UAV Remote Controller | N-TET Drone Accessories,"The FC-YK24 is a 16-channel model-aircraft remote controller with 15km beyond-visual-range stable control, wireless binding, wireless receiver configuration, OTA wireless upgrade, multi-aircraft control, relay control, and wireless trainer",FC-YK24 UAV Remote Controller | drone accessories | UAV components | industrial UAV parts,FC-YK24 UAV Remote Controller,FC-YK24 UAV Remote Controller Technical Specifications | Get Expert Drone Defense! | Overview | Technical Specifications | Get Expert Drone Defense!,.next/server/app/en/accessories/fc-yk24-remote-controller.html
/en/accessories/fc-yk32-remote-controller,en,strong,85,FC-YK32 UAV Remote Controller,4,true,false,true,true,true,1005,7,0.697,1,5,description 未命中关键词,FC-YK32 UAV Remote Controller | N-TET Drone Accessories,"The FC-YK32 is an industrial handheld ground station combining remote control, data transmission, and wireless HD video transmission, with 15KM video/data link range, dual-operator control, relay control, and OSD telemetry display.",FC-YK32 UAV Remote Controller | drone accessories | UAV components | industrial UAV parts,FC-YK32 UAV Remote Controller,FC-YK32 UAV Remote Controller Technical Specifications | Get Expert Drone Defense! | Overview | Technical Specifications | Get Expert Drone Defense!,.next/server/app/en/accessories/fc-yk32-remote-controller.html
/en/accessories/fc-ykrc7-remote-controller,en,strong,85,FC-YKRC7 UAV Remote Controller,4,true,false,true,true,true,1423,7,0.492,1,5,description 未命中关键词,FC-YKRC7 UAV Remote Controller | N-TET Drone Accessories,"The FC-YKRC7 is a high-performance handheld ground station with 40KM long-range video transmission, 2.4G/5G intelligent dual-band links, and a 7-inch high-brightness HD display for diversified industrial mobile-equipment control.",FC-YKRC7 UAV Remote Controller | drone accessories | UAV components | industrial UAV parts,FC-YKRC7 UAV Remote Controller,FC-YKRC7 UAV Remote Controller Technical Specifications | Get Expert Drone Defense! | Overview | Technical Specifications | Get Expert Drone Defense!,.next/server/app/en/accessories/fc-ykrc7-remote-controller.html
/en/products/low-altitude-airspace-monitoring,en,weak,0,,0,false,false,false,false,false,0,0,0.000,0,0,缺少 meta keywords; 缺少 H1; 缺少 H2,Industrial UAV & C-UAS Systems | N-TET,"N-TET builds two core system lines: industrial UAV platforms for inspection and emergency missions, and C-UAS systems for early warning, identification, positioning, tracking, alert linkage, and site response protocols at airports, energy facilities, and public sites.",,,,.next/server/app/en/products/low-altitude-airspace-monitoring.html
/es/accessories/fc-bt1,es,strong,85,Batería de estado sólido para UAV FC-BT1,4,true,false,true,true,true,3635,7,0.193,1,5,description 未命中关键词,Batería de estado sólido para UAV FC-BT1 | N-TET Drone Accessories,"FC-BT1 es una serie de baterías de litio de estado sólido de 280Wh/kg, 4.2V 10C y capacidades de 16Ah-30Ah para UAV industriales de inspección, mapeo, VTOL y multirrotor, robots y embarcaciones no tripuladas.",Batería de estado sólido para UAV FC-BT1 | drone accessories | UAV components | industrial UAV parts,Batería de estado sólido para UAV FC-BT1,Batería de estado sólido para UAV FC-BT1 Technical Specifications | ¡Consigue una defensa experta con drones! | Resumen | Especificaciones técnicas | ¡Consigue una defensa experta con drones!,.next/server/app/es/accessories/fc-bt1.html
/es/accessories/fc-bt2,es,strong,85,Batería de estado sólido para UAV FC-BT2,4,true,false,true,true,true,3081,7,0.227,1,5,description 未命中关键词,Batería de estado sólido para UAV FC-BT2 | N-TET Drone Accessories,"FC-BT2 es una serie mejorada basada en FC-BT1, con densidad energética de 310Wh/kg, mayor resistencia al viento y seguridad de aterrizaje para UAV industriales de inspección, mapeo, VTOL y multirrotor.",Batería de estado sólido para UAV FC-BT2 | drone accessories | UAV components | industrial UAV parts,Batería de estado sólido para UAV FC-BT2,Batería de estado sólido para UAV FC-BT2 Technical Specifications | ¡Consigue una defensa experta con drones! | Resumen | Especificaciones técnicas | ¡Consigue una defensa experta con drones!,.next/server/app/es/accessories/fc-bt2.html
/es/accessories/fc-bt3,es,strong,85,Batería de estado sólido de alto voltaje para UAV FC-BT3,4,true,false,true,true,true,3224,7,0.217,1,5,description 未命中关键词,Batería de estado sólido de alto voltaje para UAV FC-BT3 | N-TET Drone Accessories,"FC-BT3 es una serie de baterías de estado sólido de alto voltaje 4.35V, con mayor tasa de descarga y menor caída de tensión para VTOL de gran carga y aeronaves con alta diferencia de demanda entre despegue vertical y crucero.",Batería de estado sólido de alto voltaje para UAV FC-BT3 | drone accessories | UAV components | industrial UAV parts,Batería de estado sólido de alto voltaje para UAV FC-BT3,Batería de estado sólido de alto voltaje para UAV FC-BT3 Technical Specifications | ¡Consigue una defensa experta con drones! | Resumen | Especificaciones técnicas | ¡Consigue una defensa experta con drones!,.next/server/app/es/accessories/fc-bt3.html
/es/accessories/fc-bt4,es,strong,85,Batería de estado sólido de alta energía para UAV FC-BT4,4,true,false,true,true,true,5200,7,0.135,1,5,description 未命中关键词,Batería de estado sólido de alta energía para UAV FC-BT4 | N-TET Drone Accessories,"FC-BT4 es una serie de baterías de estado sólido de 340Wh/kg que combina baja caída de tensión, alta seguridad, larga vida útil y buena relación costo-rendimiento para UAV de reconocimiento, solar, mapeo, seguridad y larga autonomía.",Batería de estado sólido de alta energía para UAV FC-BT4 | drone accessories | UAV components | industrial UAV parts,Batería de estado sólido de alta energía para UAV FC-BT4,Batería de estado sólido de alta energía para UAV FC-BT4 Technical Specifications | ¡Consigue una defensa experta con drones! | Resumen | Especificaciones técnicas | ¡Consigue una defensa experta con drones!,.next/server/app/es/accessories/fc-bt4.html
/es/accessories/fc-btg,es,strong,85,Batería de estado sólido para formación UAV FC-BTG,4,true,false,true,true,true,2274,7,0.308,1,5,description 未命中关键词,Batería de estado sólido para formación UAV FC-BTG | N-TET Drone Accessories,"FC-BTG es una serie rentable de baterías de estado sólido para formación, logística y operaciones eléctricas, con configuraciones FC-BTG-TG1 y FC-BTG-TG3, salida estable, larga autonomía y adaptación a prácticas de enseñanza.",Batería de estado sólido para formación UAV FC-BTG | drone accessories | UAV components | industrial UAV parts,Batería de estado sólido para formación UAV FC-BTG,Batería de estado sólido para formación UAV FC-BTG Technical Specifications | ¡Consigue una defensa experta con drones! | Resumen | Especificaciones técnicas | ¡Consigue una defensa experta con drones!,.next/server/app/es/accessories/fc-btg.html
/es/accessories/fc-c2d-propeller,es,strong,85,Hélice UAV FC-C2D,4,true,false,true,true,true,1033,5,0.484,1,5,description 未命中关键词,Hélice UAV FC-C2D | N-TET Drone Accessories,Rango de dimensiones: 11~42 pulgadas; empuje máximo: 12.42kgf (7000RPM); eficiencia máxima de hélice: 11.08gf/W (2821RPM).,Hélice UAV FC-C2D | drone accessories | UAV components | industrial UAV parts,Hélice UAV FC-C2D,Hélice UAV FC-C2D Technical Specifications | ¡Consigue una defensa experta con drones! | Resumen | Especificaciones técnicas | ¡Consigue una defensa experta con drones!,.next/server/app/es/accessories/fc-c2d-propeller.html
/es/accessories/fc-c2e-propeller,es,strong,85,Hélice UAV FC-C2E,4,true,false,true,true,true,987,5,0.507,1,5,description 未命中关键词,Hélice UAV FC-C2E | N-TET Drone Accessories,Rango de dimensiones: 8~32 pulgadas; empuje máximo: 10.84kgf (6261RPM); eficiencia máxima de hélice: 10.83gf/W (3442RPM).,Hélice UAV FC-C2E | drone accessories | UAV components | industrial UAV parts,Hélice UAV FC-C2E,Hélice UAV FC-C2E Technical Specifications | ¡Consigue una defensa experta con drones! | Resumen | Especificaciones técnicas | ¡Consigue una defensa experta con drones!,.next/server/app/es/accessories/fc-c2e-propeller.html
/es/accessories/fc-c2t-propeller,es,strong,85,Hélice UAV FC-C2T,4,true,false,true,true,true,1017,5,0.492,1,5,description 未命中关键词,Hélice UAV FC-C2T | N-TET Drone Accessories,Rango de dimensiones: 14~46 pulgadas; empuje máximo: 24.99kgf (7850RPM); eficiencia máxima de hélice: 8.49gf/W (3036RPM).,Hélice UAV FC-C2T | drone accessories | UAV components | industrial UAV parts,Hélice UAV FC-C2T,Hélice UAV FC-C2T Technical Specifications | ¡Consigue una defensa experta con drones! | Resumen | Especificaciones técnicas | ¡Consigue una defensa experta con drones!,.next/server/app/es/accessories/fc-c2t-propeller.html
/es/accessories/fc-c2u-propeller,es,strong,85,Hélice UAV FC-C2U,4,true,false,true,true,true,997,5,0.502,1,5,description 未命中关键词,Hélice UAV FC-C2U | N-TET Drone Accessories,Rango de dimensiones: 16~47 pulgadas; empuje máximo: 38.70kgf (7279RPM); eficiencia máxima de hélice: 12.63gf/W (2309RPM).,Hélice UAV FC-C2U | drone accessories | UAV components | industrial UAV parts,Hélice UAV FC-C2U,Hélice UAV FC-C2U Technical Specifications | ¡Consigue una defensa experta con drones! | Resumen | Especificaciones técnicas | ¡Consigue una defensa experta con drones!,.next/server/app/es/accessories/fc-c2u-propeller.html
/es/accessories/fc-c2ud-propeller,es,strong,85,Hélice UAV FC-C2UD,4,true,false,true,true,true,1071,5,0.467,1,5,description 未命中关键词,Hélice UAV FC-C2UD | N-TET Drone Accessories,Rango de dimensiones: 18~40 pulgadas; empuje máximo: 37.65kgf (7838RPM); eficiencia máxima de hélice: 6.64gf/W (3720RPM).,Hélice UAV FC-C2UD | drone accessories | UAV components | industrial UAV parts,Hélice UAV FC-C2UD,Hélice UAV FC-C2UD Technical Specifications | ¡Consigue una defensa experta con drones! | Resumen | Especificaciones técnicas | ¡Consigue una defensa experta con drones!,.next/server/app/es/accessories/fc-c2ud-propeller.html
/es/accessories/fc-fdj-111,es,strong,100,Motor UAV FC-FDJ-111,4,true,true,true,true,true,779,7,0.899,1,5,,Motor UAV FC-FDJ-111 | N-TET Drone Accessories,"Motor UAV FC-FDJ-111 con cilindrada 111.2cm3, potencia/rendimiento 11.2HP/7500rpm, empuje estático 25.5kg/altitud 100m.",Motor UAV FC-FDJ-111 | drone accessories | UAV components | industrial UAV parts,Motor UAV FC-FDJ-111,Motor UAV FC-FDJ-111 Technical Specifications | ¡Consigue una defensa experta con drones! | Resumen | Especificaciones técnicas | ¡Consigue una defensa experta con drones!,.next/server/app/es/accessories/fc-fdj-111.html
/es/accessories/fc-fdj-120,es,strong,100,Motor UAV FC-FDJ-120,4,true,true,true,true,true,759,7,0.922,1,5,,Motor UAV FC-FDJ-120 | N-TET Drone Accessories,"Motor UAV FC-FDJ-120 con cilindrada 120cm3, potencia/rendimiento 12HP/7500rpm, empuje estático 26.5kg/altitud 100m.",Motor UAV FC-FDJ-120 | drone accessories | UAV components | industrial UAV parts,Motor UAV FC-FDJ-120,Motor UAV FC-FDJ-120 Technical Specifications | ¡Consigue una defensa experta con drones! | Resumen | Especificaciones técnicas | ¡Consigue una defensa experta con drones!,.next/server/app/es/accessories/fc-fdj-120.html
/es/accessories/fc-fdj-120hd,es,strong,100,Motor UAV FC-FDJ-120HD,4,true,true,true,true,true,753,7,0.930,1,5,,Motor UAV FC-FDJ-120HD | N-TET Drone Accessories,"Motor UAV FC-FDJ-120HD con cilindrada 120cm3, potencia/rendimiento 7.35KW(0altitud)/8000rpm.",Motor UAV FC-FDJ-120HD | drone accessories | UAV components | industrial UAV parts,Motor UAV FC-FDJ-120HD,Motor UAV FC-FDJ-120HD Technical Specifications | ¡Consigue una defensa experta con drones! | Resumen | Especificaciones técnicas | ¡Consigue una defensa experta con drones!,.next/server/app/es/accessories/fc-fdj-120hd.html
/es/accessories/fc-fdj-170,es,strong,100,Motor UAV FC-FDJ-170,4,true,true,true,true,true,749,7,0.935,1,5,,Motor UAV FC-FDJ-170 | N-TET Drone Accessories,"Motor UAV FC-FDJ-170 con cilindrada 170cm3, potencia/rendimiento 17.5HP/7500rpm, empuje estático 35kg/altitud 100m.",Motor UAV FC-FDJ-170 | drone accessories | UAV components | industrial UAV parts,Motor UAV FC-FDJ-170,Motor UAV FC-FDJ-170 Technical Specifications | ¡Consigue una defensa experta con drones! | Resumen | Especificaciones técnicas | ¡Consigue una defensa experta con drones!,.next/server/app/es/accessories/fc-fdj-170.html
/es/accessories/fc-fdj-200,es,strong,100,Motor UAV FC-FDJ-200,4,true,true,true,true,true,757,7,0.925,1,5,,Motor UAV FC-FDJ-200 | N-TET Drone Accessories,"Motor UAV FC-FDJ-200 con cilindrada 200CC, potencia/rendimiento 20HP/7500rpm.",Motor UAV FC-FDJ-200 | drone accessories | UAV components | industrial UAV parts,Motor UAV FC-FDJ-200,Motor UAV FC-FDJ-200 Technical Specifications | ¡Consigue una defensa experta con drones! | Resumen | Especificaciones técnicas | ¡Consigue una defensa experta con drones!,.next/server/app/es/accessories/fc-fdj-200.html
/es/accessories/fc-fdj-222,es,strong,100,Motor UAV FC-FDJ-222,4,true,true,true,true,true,763,7,0.917,1,5,,Motor UAV FC-FDJ-222 | N-TET Drone Accessories,"Motor UAV FC-FDJ-222 con cilindrada 222.5cm3, potencia/rendimiento 21.5HP/7500rpm, empuje estático 51kg/altitud 100m.",Motor UAV FC-FDJ-222 | drone accessories | UAV components | industrial UAV parts,Motor UAV FC-FDJ-222,Motor UAV FC-FDJ-222 Technical Specifications | ¡Consigue una defensa experta con drones! | Resumen | Especificaciones técnicas | ¡Consigue una defensa experta con drones!,.next/server/app/es/accessories/fc-fdj-222.html
/es/accessories/fc-fdj-430,es,strong,100,Motor UAV FC-FDJ-430,4,true,true,true,true,true,929,7,0.753,1,5,,Motor UAV FC-FDJ-430 | N-TET Drone Accessories,"Motor UAV FC-FDJ-430 con cilindrada 430.8cc, potencia/rendimiento 42HP at 6800 RPM, empuje estático 110kg.",Motor UAV FC-FDJ-430 | drone accessories | UAV components | industrial UAV parts,Motor UAV FC-FDJ-430,Motor UAV FC-FDJ-430 Technical Specifications | ¡Consigue una defensa experta con drones! | Resumen | Especificaciones técnicas | ¡Consigue una defensa experta con drones!,.next/server/app/es/accessories/fc-fdj-430.html
/es/accessories/fc-fdj-55,es,strong,100,Motor UAV FC-FDJ-55,4,true,true,true,true,true,783,7,0.894,1,5,,Motor UAV FC-FDJ-55 | N-TET Drone Accessories,"Motor UAV FC-FDJ-55 con cilindrada 55.6cm3, potencia/rendimiento 5.5HP/8500rpm, empuje estático 14.5kg/altitud 100m.",Motor UAV FC-FDJ-55 | drone accessories | UAV components | industrial UAV parts,Motor UAV FC-FDJ-55,Motor UAV FC-FDJ-55 Technical Specifications | ¡Consigue una defensa experta con drones! | Resumen | Especificaciones técnicas | ¡Consigue una defensa experta con drones!,.next/server/app/es/accessories/fc-fdj-55.html
/es/accessories/fc-fdj-60,es,strong,100,Motor UAV FC-FDJ-60,4,true,true,true,true,true,759,7,0.922,1,5,,Motor UAV FC-FDJ-60 | N-TET Drone Accessories,"Motor UAV FC-FDJ-60 con cilindrada 61cm3, potencia/rendimiento 7HP/8500rpm, empuje estático 15.2kg/altitud 100m.",Motor UAV FC-FDJ-60 | drone accessories | UAV components | industrial UAV parts,Motor UAV FC-FDJ-60,Motor UAV FC-FDJ-60 Technical Specifications | ¡Consigue una defensa experta con drones! | Resumen | Especificaciones técnicas | ¡Consigue una defensa experta con drones!,.next/server/app/es/accessories/fc-fdj-60.html
/es/accessories/fc-fdj-61,es,strong,100,Motor UAV FC-FDJ-61,4,true,true,true,true,true,757,7,0.925,1,5,,Motor UAV FC-FDJ-61 | N-TET Drone Accessories,"Motor UAV FC-FDJ-61 con cilindrada 60cm3, potencia/rendimiento 6HP/7500rpm, empuje estático 15kg/altitud 100m.",Motor UAV FC-FDJ-61 | drone accessories | UAV components | industrial UAV parts,Motor UAV FC-FDJ-61,Motor UAV FC-FDJ-61 Technical Specifications | ¡Consigue una defensa experta con drones! | Resumen | Especificaciones técnicas | ¡Consigue una defensa experta con drones!,.next/server/app/es/accessories/fc-fdj-61.html
/es/accessories/fc-fdj-70hd,es,strong,100,Motor UAV FC-FDJ-70HD,4,true,true,true,true,true,755,7,0.927,1,5,,Motor UAV FC-FDJ-70HD | N-TET Drone Accessories,"Motor UAV FC-FDJ-70HD con cilindrada 70cm3, potencia/rendimiento 4.2KW(0altitud)/8300rpm.",Motor UAV FC-FDJ-70HD | drone accessories | UAV components | industrial UAV parts,Motor UAV FC-FDJ-70HD,Motor UAV FC-FDJ-70HD Technical Specifications | ¡Consigue una defensa experta con drones! | Resumen | Especificaciones técnicas | ¡Consigue una defensa experta con drones!,.next/server/app/es/accessories/fc-fdj-70hd.html
/es/accessories/fc-fdj-85,es,strong,100,Motor UAV FC-FDJ-85,4,true,true,true,true,true,757,7,0.925,1,5,,Motor UAV FC-FDJ-85 | N-TET Drone Accessories,"Motor UAV FC-FDJ-85 con cilindrada 85cm3, potencia/rendimiento 8.5HP/9000rpm, empuje estático 21kg/altitud 100m.",Motor UAV FC-FDJ-85 | drone accessories | UAV components | industrial UAV parts,Motor UAV FC-FDJ-85,Motor UAV FC-FDJ-85 Technical Specifications | ¡Consigue una defensa experta con drones! | Resumen | Especificaciones técnicas | ¡Consigue una defensa experta con drones!,.next/server/app/es/accessories/fc-fdj-85.html
/es/accessories/fc-l10tr-three-light-gimbal,es,strong,100,FC-L10TR gimbal electro-optico,4,true,true,true,true,true,1387,7,0.505,1,5,,FC-L10TR gimbal electro-optico | N-TET Drone Accessories,"FC-L10TR gimbal electro-optico: zoom optico continuo 10x + imagen termica + telemetria laser de 905nm; telemetria laser de 5m-1500m, peso <=800g.",FC-L10TR gimbal electro-optico | drone accessories | UAV components | industrial UAV parts,FC-L10TR gimbal electro-optico,FC-L10TR gimbal electro-optico Technical Specifications | ¡Consigue una defensa experta con drones! | Resumen | Especificaciones técnicas | ¡Consigue una defensa experta con drones!,.next/server/app/es/accessories/fc-l10tr-three-light-gimbal.html
/es/accessories/fc-l40-smart-optical-pod,es,strong,100,FC-L40 gimbal electro-optico,4,true,true,true,true,true,1175,7,0.596,1,5,,FC-L40 gimbal electro-optico | N-TET Drone Accessories,"FC-L40 gimbal electro-optico: zoom optico de luz visible 40x; peso <=1kg, dimensiones <=Phi115mm x 175mm.",FC-L40 gimbal electro-optico | drone accessories | UAV components | industrial UAV parts,FC-L40 gimbal electro-optico,FC-L40 gimbal electro-optico Technical Specifications | ¡Consigue una defensa experta con drones! | Resumen | Especificaciones técnicas | ¡Consigue una defensa experta con drones!,.next/server/app/es/accessories/fc-l40-smart-optical-pod.html
/es/accessories/fc-l40t-dual-light-gimbal,es,strong,100,FC-L40T gimbal electro-optico,4,true,true,true,true,true,1315,7,0.532,1,5,,FC-L40T gimbal electro-optico | N-TET Drone Accessories,"FC-L40T gimbal electro-optico: luz visible 1920x1080, rango de zoom 40x de 4.25-170mm; imagen termica 640x512, peso <=1.1kg.",FC-L40T gimbal electro-optico | drone accessories | UAV components | industrial UAV parts,FC-L40T gimbal electro-optico,FC-L40T gimbal electro-optico Technical Specifications | ¡Consigue una defensa experta con drones! | Resumen | Especificaciones técnicas | ¡Consigue una defensa experta con drones!,.next/server/app/es/accessories/fc-l40t-dual-light-gimbal.html
/es/accessories/fc-l40tr-smart-optical-pod,es,strong,100,FC-L40TR gimbal electro-optico,4,true,true,true,true,true,1381,7,0.507,1,5,,FC-L40TR gimbal electro-optico | N-TET Drone Accessories,"FC-L40TR gimbal electro-optico: luz visible 40x + imagen termica 640x512 + telemetria laser de 1535nm; telemetria laser de 20m-3000m, peso <=1.3kg.",FC-L40TR gimbal electro-optico | drone accessories | UAV components | industrial UAV parts,FC-L40TR gimbal electro-optico,FC-L40TR gimbal electro-optico Technical Specifications | ¡Consigue una defensa experta con drones! | Resumen | Especificaciones técnicas | ¡Consigue una defensa experta con drones!,.next/server/app/es/accessories/fc-l40tr-smart-optical-pod.html
/es/accessories/fc-l50-smart-optical-pod,es,strong,100,FC-L50 gimbal electro-optico,4,true,true,true,true,true,1203,7,0.582,1,5,,FC-L50 gimbal electro-optico | N-TET Drone Accessories,"FC-L50 gimbal electro-optico: modulo infrarrojo no refrigerado de 1280 x 1024; distancia focal termica de 50mm, peso <=1.5kg.",FC-L50 gimbal electro-optico | drone accessories | UAV components | industrial UAV parts,FC-L50 gimbal electro-optico,FC-L50 gimbal electro-optico Technical Specifications | ¡Consigue una defensa experta con drones! | Resumen | Especificaciones técnicas | ¡Consigue una defensa experta con drones!,.next/server/app/es/accessories/fc-l50-smart-optical-pod.html
/es/accessories/fc-ln100-dual-light-gimbal,es,strong,100,FC-LN100 gimbal electro-optico,4,true,true,true,true,true,1299,7,0.539,1,5,,FC-LN100 gimbal electro-optico | N-TET Drone Accessories,"FC-LN100 gimbal electro-optico: luz visible 4K de foco fijo + imagen termica 640x512; peso <=260g, consumo medio 10w.",FC-LN100 gimbal electro-optico | drone accessories | UAV components | industrial UAV parts,FC-LN100 gimbal electro-optico,FC-LN100 gimbal electro-optico Technical Specifications | ¡Consigue una defensa experta con drones! | Resumen | Especificaciones técnicas | ¡Consigue una defensa experta con drones!,.next/server/app/es/accessories/fc-ln100-dual-light-gimbal.html
/es/accessories/fc-ln95-dual-light-gimbal,es,strong,100,FC-LN95 gimbal electro-optico,4,true,true,true,true,true,1419,7,0.493,1,5,,FC-LN95 gimbal electro-optico | N-TET Drone Accessories,"FC-LN95 gimbal electro-optico: camaras duales de luz visible de foco fijo, resolucion 3840x2160; peso <=260g, dimensiones <=Phi64mm x 90mm.",FC-LN95 gimbal electro-optico | drone accessories | UAV components | industrial UAV parts,FC-LN95 gimbal electro-optico,FC-LN95 gimbal electro-optico Technical Specifications | ¡Consigue una defensa experta con drones! | Resumen | Especificaciones técnicas | ¡Consigue una defensa experta con drones!,.next/server/app/es/accessories/fc-ln95-dual-light-gimbal.html
/es/accessories/fc-max-5330,es,strong,100,Motor UAV FC-MAX 5330,4,true,true,true,true,true,4320,7,0.162,1,5,,Motor UAV FC-MAX 5330 | N-TET Drone Accessories,Motor UAV FC-MAX 5330 parámetros clave: Empuje máximo: 11 kg / 11.5 kg; Tensión nominal de trabajo: 12S; Valor KV: 220 KV / 260 KV.,Motor UAV FC-MAX 5330 | drone accessories | UAV components | industrial UAV parts,Motor UAV FC-MAX 5330,Motor UAV FC-MAX 5330 Technical Specifications | ¡Consigue una defensa experta con drones! | Resumen | Especificaciones técnicas | ¡Consigue una defensa experta con drones!,.next/server/app/es/accessories/fc-max-5330.html
/es/accessories/fc-mesh-100,es,strong,85,FC-Mesh-100 enlace de datos UAV,4,true,false,true,true,true,1309,5,0.382,1,5,description 未命中关键词,FC-Mesh-100 enlace de datos UAV | N-TET Drone Accessories,"FC-Mesh-100 es una radio aérea de red autoorganizada para comunicación UAV multinodo, retransmisión y coordinación aire-tierra.",FC-Mesh-100 enlace de datos UAV | drone accessories | UAV components | industrial UAV parts,FC-Mesh-100 enlace de datos UAV,FC-Mesh-100 enlace de datos UAV Technical Specifications | ¡Consigue una defensa experta con drones! | Resumen | Especificaciones técnicas | ¡Consigue una defensa experta con drones!,.next/server/app/es/accessories/fc-mesh-100.html
/es/accessories/fc-mini-l10tr-smart-optical-pod,es,strong,100,FC-MiniL10TR gimbal electro-optico,4,true,true,true,true,true,1355,7,0.517,1,5,,FC-MiniL10TR gimbal electro-optico | N-TET Drone Accessories,"FC-MiniL10TR gimbal electro-optico: luz visible de 48MP con zoom hibrido 10x + infrarrojo + telemetria laser; peso <=400g, dimensiones <=95mm x 97mm x 147mm.",FC-MiniL10TR gimbal electro-optico | drone accessories | UAV components | industrial UAV parts,FC-MiniL10TR gimbal electro-optico,FC-MiniL10TR gimbal electro-optico Technical Specifications | ¡Consigue una defensa experta con drones! | Resumen | Especificaciones técnicas | ¡Consigue una defensa experta con drones!,.next/server/app/es/accessories/fc-mini-l10tr-smart-optical-pod.html
/es/accessories/fc-pab-propeller,es,strong,85,Hélice UAV FC-PAB,4,true,false,true,true,true,1031,5,0.485,1,5,description 未命中关键词,Hélice UAV FC-PAB | N-TET Drone Accessories,Rango de dimensiones: 15.2~36.2 pulgadas; empuje máximo: 26.41kgf (4817RPM); eficiencia máxima de hélice: 17.52gf/W (1476RPM).,Hélice UAV FC-PAB | drone accessories | UAV components | industrial UAV parts,Hélice UAV FC-PAB,Hélice UAV FC-PAB Technical Specifications | ¡Consigue una defensa experta con drones! | Resumen | Especificaciones técnicas | ¡Consigue una defensa experta con drones!,.next/server/app/es/accessories/fc-pab-propeller.html
/es/accessories/fc-pad-propeller,es,strong,85,Hélice UAV FC-PAD,4,true,false,true,true,true,1019,5,0.491,1,5,description 未命中关键词,Hélice UAV FC-PAD | N-TET Drone Accessories,Rango de dimensiones: 18.3~46.3 pulgadas; empuje máximo: 25.10kgf (4663RPM); eficiencia máxima de hélice: 13.99gf/W (1825RPM).,Hélice UAV FC-PAD | drone accessories | UAV components | industrial UAV parts,Hélice UAV FC-PAD,Hélice UAV FC-PAD Technical Specifications | ¡Consigue una defensa experta con drones! | Resumen | Especificaciones técnicas | ¡Consigue una defensa experta con drones!,.next/server/app/es/accessories/fc-pad-propeller.html
/es/accessories/fc-pae-propeller,es,strong,85,Hélice UAV FC-PAE,4,true,false,true,true,true,1013,5,0.494,1,5,description 未命中关键词,Hélice UAV FC-PAE | N-TET Drone Accessories,Rango de dimensiones: 18.3~32.3 pulgadas; empuje máximo: 6.42kgf (6520RPM); eficiencia máxima de hélice: 20.14gf/W (1820RPM).,Hélice UAV FC-PAE | drone accessories | UAV components | industrial UAV parts,Hélice UAV FC-PAE,Hélice UAV FC-PAE Technical Specifications | ¡Consigue una defensa experta con drones! | Resumen | Especificaciones técnicas | ¡Consigue una defensa experta con drones!,.next/server/app/es/accessories/fc-pae-propeller.html
/es/accessories/fc-pbf-propeller,es,strong,85,Hélice UAV FC-PBF,4,true,false,true,true,true,957,5,0.522,1,5,description 未命中关键词,Hélice UAV FC-PBF | N-TET Drone Accessories,Rango de dimensiones: 16.1~48.1 pulgadas; empuje máximo: 43.52kgf (3373RPM); eficiencia máxima de hélice: 13.97gf/W (1385RPM).,Hélice UAV FC-PBF | drone accessories | UAV components | industrial UAV parts,Hélice UAV FC-PBF,Hélice UAV FC-PBF Technical Specifications | ¡Consigue una defensa experta con drones! | Resumen | Especificaciones técnicas | ¡Consigue una defensa experta con drones!,.next/server/app/es/accessories/fc-pbf-propeller.html
/es/accessories/fc-rm10x,es,strong,100,Motor UAV FC-RM10X,4,true,true,true,true,true,1569,7,0.446,1,5,,Motor UAV FC-RM10X | N-TET Drone Accessories,Motor UAV FC-RM10X parámetros clave: Empuje máximo: 12081g/eje @48Vnivel del mar; Peso de despegue recomendado: 4500-6000g/eje @48Vnivel del mar.,Motor UAV FC-RM10X | drone accessories | UAV components | industrial UAV parts,Motor UAV FC-RM10X,Motor UAV FC-RM10X Technical Specifications | ¡Consigue una defensa experta con drones! | Resumen | Especificaciones técnicas | ¡Consigue una defensa experta con drones!,.next/server/app/es/accessories/fc-rm10x.html
/es/accessories/fc-rm30,es,strong,100,Motor UAV FC-RM30,4,true,true,true,true,true,5019,7,0.139,1,5,,Motor UAV FC-RM30 | N-TET Drone Accessories,Motor UAV FC-RM30 parámetros clave: Empuje máximo: 74.7 kg / 69.6 kg; Tensión nominal de trabajo: 96S / 24S; Valor KV: 10 KV / 43 KV.,Motor UAV FC-RM30 | drone accessories | UAV components | industrial UAV parts,Motor UAV FC-RM30,Motor UAV FC-RM30 Technical Specifications | ¡Consigue una defensa experta con drones! | Resumen | Especificaciones técnicas | ¡Consigue una defensa experta con drones!,.next/server/app/es/accessories/fc-rm30.html
/es/accessories/fc-sjl-100,es,strong,85,FC-SJL-100 enlace de datos UAV,4,true,false,true,true,true,1179,5,0.424,1,5,description 未命中关键词,FC-SJL-100 enlace de datos UAV | N-TET Drone Accessories,FC-SJL-100 ofrece transmisión aire-tierra de video y datos a 100 km+ con interfaz J30J para UAV y plataformas robóticas.,FC-SJL-100 enlace de datos UAV | drone accessories | UAV components | industrial UAV parts,FC-SJL-100 enlace de datos UAV,FC-SJL-100 enlace de datos UAV Technical Specifications | ¡Consigue una defensa experta con drones! | Resumen | Especificaciones técnicas | ¡Consigue una defensa experta con drones!,.next/server/app/es/accessories/fc-sjl-100.html
/es/accessories/fc-sjl-200,es,strong,85,FC-SJL-200 enlace de datos UAV,4,true,false,true,true,true,1189,5,0.421,1,5,description 未命中关键词,FC-SJL-200 enlace de datos UAV | N-TET Drone Accessories,"FC-SJL-200 es una radio UAV de video y datos de alcance ultralargo, compatible con transmisión a 200 km+ para video, telemetría y control.",FC-SJL-200 enlace de datos UAV | drone accessories | UAV components | industrial UAV parts,FC-SJL-200 enlace de datos UAV,FC-SJL-200 enlace de datos UAV Technical Specifications | ¡Consigue una defensa experta con drones! | Resumen | Especificaciones técnicas | ¡Consigue una defensa experta con drones!,.next/server/app/es/accessories/fc-sjl-200.html
/es/accessories/fc-sjl-30,es,strong,85,FC-SJL-30 enlace de datos UAV,4,true,false,true,true,true,1253,5,0.399,1,5,description 未命中关键词,FC-SJL-30 enlace de datos UAV | N-TET Drone Accessories,"FC-SJL-30 es una radio compacta de video y datos para UAV, diseñada para enlaces aire-tierra de video HD, audio, telemetría y control a 30 km+.",FC-SJL-30 enlace de datos UAV | drone accessories | UAV components | industrial UAV parts,FC-SJL-30 enlace de datos UAV,FC-SJL-30 enlace de datos UAV Technical Specifications | ¡Consigue una defensa experta con drones! | Resumen | Especificaciones técnicas | ¡Consigue una defensa experta con drones!,.next/server/app/es/accessories/fc-sjl-30.html
/es/accessories/fc-sjl-380,es,strong,85,FC-SJL-380 enlace de datos UAV,4,true,false,true,true,true,1187,5,0.421,1,5,description 未命中关键词,FC-SJL-380 enlace de datos UAV | N-TET Drone Accessories,FC-SJL-380 admite transmisión UAV de video y datos a 380 km+ para redes distribuidas y enlaces de control aire-tierra.,FC-SJL-380 enlace de datos UAV | drone accessories | UAV components | industrial UAV parts,FC-SJL-380 enlace de datos UAV,FC-SJL-380 enlace de datos UAV Technical Specifications | ¡Consigue una defensa experta con drones! | Resumen | Especificaciones técnicas | ¡Consigue una defensa experta con drones!,.next/server/app/es/accessories/fc-sjl-380.html
/es/accessories/fc-sjl-50,es,strong,85,FC-SJL-50 enlace de datos UAV,4,true,false,true,true,true,1221,5,0.410,1,5,description 未命中关键词,FC-SJL-50 enlace de datos UAV | N-TET Drone Accessories,"FC-SJL-50 es una radio ligera de video y datos para UAV, orientada a enlaces de video HD, telemetría y control a 50 km+.",FC-SJL-50 enlace de datos UAV | drone accessories | UAV components | industrial UAV parts,FC-SJL-50 enlace de datos UAV,FC-SJL-50 enlace de datos UAV Technical Specifications | ¡Consigue una defensa experta con drones! | Resumen | Especificaciones técnicas | ¡Consigue una defensa experta con drones!,.next/server/app/es/accessories/fc-sjl-50.html
/es/accessories/fc-u10-pro,es,strong,85,Controlador de vuelo FC-U10-PRO,4,true,false,true,true,true,842,5,0.594,1,5,description 未命中关键词,Controlador de vuelo FC-U10-PRO | N-TET Drone Accessories,"El FC-U10-PRO integra RTK de alta precisión, admite alimentación de 16V-120V, plataformas de hasta 16 rotores y respaldo UPS para UAV de gran carga.",Controlador de vuelo FC-U10-PRO | drone accessories | UAV components | industrial UAV parts,Controlador de vuelo FC-U10-PRO,Controlador de vuelo FC-U10-PRO Technical Specifications | ¡Consigue una defensa experta con drones! | Resumen | Especificaciones técnicas | ¡Consigue una defensa experta con drones!,.next/server/app/es/accessories/fc-u10-pro.html
/es/accessories/fc-u110,es,strong,100,Motor UAV FC-U110,4,true,true,true,true,true,4723,7,0.148,1,5,,Motor UAV FC-U110 | N-TET Drone Accessories,Motor UAV FC-U110 parámetros clave: Empuje máximo: 45.5 kg; Tensión nominal de trabajo: 12-14S; Valor KV: 140 KV.,Motor UAV FC-U110 | drone accessories | UAV components | industrial UAV parts,Motor UAV FC-U110,Motor UAV FC-U110 Technical Specifications | ¡Consigue una defensa experta con drones! | Resumen | Especificaciones técnicas | ¡Consigue una defensa experta con drones!,.next/server/app/es/accessories/fc-u110.html
/es/accessories/fc-u12,es,strong,85,Controlador de vuelo FC-U12,4,true,false,true,true,true,798,5,0.627,1,5,description 未命中关键词,Controlador de vuelo FC-U12 | N-TET Drone Accessories,El FC-U12 es un controlador de vuelo compacto y fácil de usar para plataformas UAV pequeñas y medianas con diseño ajustado y canales externos ampliables.,Controlador de vuelo FC-U12 | drone accessories | UAV components | industrial UAV parts,Controlador de vuelo FC-U12,Controlador de vuelo FC-U12 Technical Specifications | ¡Consigue una defensa experta con drones! | Resumen | Especificaciones técnicas | ¡Consigue una defensa experta con drones!,.next/server/app/es/accessories/fc-u12.html
/es/accessories/fc-u8013,es,strong,100,Motor UAV FC-U8013,4,true,true,true,true,true,1262,7,0.555,1,5,,Motor UAV FC-U8013 | N-TET Drone Accessories,Motor UAV FC-U8013 parámetros clave: Empuje máximo: 14.5 kg / 15 kg / 16.3 kg; Tensión nominal de trabajo: 12S; Valor KV: 135KV / 150KV / 170KV.,Motor UAV FC-U8013 | drone accessories | UAV components | industrial UAV parts,Motor UAV FC-U8013,Motor UAV FC-U8013 Technical Specifications | ¡Consigue una defensa experta con drones! | Resumen | Especificaciones técnicas | ¡Consigue una defensa experta con drones!,.next/server/app/es/accessories/fc-u8013.html
/es/accessories/fc-u9-ag,es,strong,85,Controlador de vuelo agrícola FC-U9-AG,4,true,false,true,true,true,899,5,0.556,1,5,description 未命中关键词,Controlador de vuelo agrícola FC-U9-AG | N-TET Drone Accessories,"El FC-U9-AG es un sistema profesional de control de vuelo para UAV agrícolas, adecuado para fumigación, esparcido, limpieza y transporte, con interfaces completas y operación sencilla mediante app.",Controlador de vuelo agrícola FC-U9-AG | drone accessories | UAV components | industrial UAV parts,Controlador de vuelo agrícola FC-U9-AG,Controlador de vuelo agrícola FC-U9-AG Technical Specifications | ¡Consigue una defensa experta con drones! | Resumen | Especificaciones técnicas | ¡Consigue una defensa experta con drones!,.next/server/app/es/accessories/fc-u9-ag.html
/es/accessories/fc-w2u-propeller,es,strong,85,Hélice UAV FC-W2U,4,true,false,true,true,true,889,5,0.562,1,5,description 未命中关键词,Hélice UAV FC-W2U | N-TET Drone Accessories,Rango de dimensiones: 24~40 pulgadas; empuje máximo: 68.92kgf (5353RPM); eficiencia máxima de hélice: 7.11gf/W (2354RPM).,Hélice UAV FC-W2U | drone accessories | UAV components | industrial UAV parts,Hélice UAV FC-W2U,Hélice UAV FC-W2U Technical Specifications | ¡Consigue una defensa experta con drones! | Resumen | Especificaciones técnicas | ¡Consigue una defensa experta con drones!,.next/server/app/es/accessories/fc-w2u-propeller.html
/es/accessories/fc-x8030,es,strong,100,Motor UAV FC-X8030,4,true,true,true,true,true,3865,7,0.181,1,5,,Motor UAV FC-X8030 | N-TET Drone Accessories,Motor UAV FC-X8030 parámetros clave: Empuje máximo: 22.7 kg / 21.5 kg; Tensión nominal de trabajo: 12S; Valor KV: 160 KV / 190 KV.,Motor UAV FC-X8030 | drone accessories | UAV components | industrial UAV parts,Motor UAV FC-X8030,Motor UAV FC-X8030 Technical Specifications | ¡Consigue una defensa experta con drones! | Resumen | Especificaciones técnicas | ¡Consigue una defensa experta con drones!,.next/server/app/es/accessories/fc-x8030.html
/es/accessories/fc-xh14,es,strong,100,Motor UAV FC-XH14,4,true,true,true,true,true,1965,7,0.356,1,5,,Motor UAV FC-XH14 | N-TET Drone Accessories,Motor UAV FC-XH14 parámetros clave: Empuje máximo: 110 kg/eje（92V/108，nivel del mar）; Batería recomendada: 24-28S （Lipo）.,Motor UAV FC-XH14 | drone accessories | UAV components | industrial UAV parts,Motor UAV FC-XH14,Motor UAV FC-XH14 Technical Specifications | ¡Consigue una defensa experta con drones! | Resumen | Especificaciones técnicas | ¡Consigue una defensa experta con drones!,.next/server/app/es/accessories/fc-xh14.html
/es/accessories/fc-yk15-remote-controller,es,strong,85,Control remoto para UAV FC-YK15,4,true,false,true,true,true,1117,5,0.448,1,5,description 未命中关键词,Control remoto para UAV FC-YK15 | N-TET Drone Accessories,"El FC-YK15 es una estación terrestre portátil compacta con transmisión HD de baja latencia tres en uno, integración Android y doble enlace de vídeo 1080P para UAV, vehículos no tripulados, embarcaciones no tripuladas y plataformas robóticas",Control remoto para UAV FC-YK15 | drone accessories | UAV components | industrial UAV parts,Control remoto para UAV FC-YK15,Control remoto para UAV FC-YK15 Technical Specifications | ¡Consigue una defensa experta con drones! | Resumen | Especificaciones técnicas | ¡Consigue una defensa experta con drones!,.next/server/app/es/accessories/fc-yk15-remote-controller.html
/es/accessories/fc-yk24-remote-controller,es,strong,85,Control remoto para UAV FC-YK24,4,true,false,true,true,true,1375,5,0.364,1,5,description 未命中关键词,Control remoto para UAV FC-YK24 | N-TET Drone Accessories,"El FC-YK24 es un control remoto de aeromodelismo de 16 canales con control estable BVR de 15 km, enlace inalámbrico, configuración inalámbrica del receptor, actualización OTA, control de múltiples equipos, retransmisión de control y modo en",Control remoto para UAV FC-YK24 | drone accessories | UAV components | industrial UAV parts,Control remoto para UAV FC-YK24,Control remoto para UAV FC-YK24 Technical Specifications | ¡Consigue una defensa experta con drones! | Resumen | Especificaciones técnicas | ¡Consigue una defensa experta con drones!,.next/server/app/es/accessories/fc-yk24-remote-controller.html
/es/accessories/fc-yk32-remote-controller,es,strong,85,Control remoto para UAV FC-YK32,4,true,false,true,true,true,1129,5,0.443,1,5,description 未命中关键词,Control remoto para UAV FC-YK32 | N-TET Drone Accessories,"El FC-YK32 es una estación terrestre portátil industrial que integra control remoto, transmisión de datos y transmisión inalámbrica HD, con alcance de enlace de 15KM, control doble, retransmisión y visualización de telemetría OSD.",Control remoto para UAV FC-YK32 | drone accessories | UAV components | industrial UAV parts,Control remoto para UAV FC-YK32,Control remoto para UAV FC-YK32 Technical Specifications | ¡Consigue una defensa experta con drones! | Resumen | Especificaciones técnicas | ¡Consigue una defensa experta con drones!,.next/server/app/es/accessories/fc-yk32-remote-controller.html
/es/accessories/fc-ykrc7-remote-controller,es,strong,85,Control remoto para UAV FC-YKRC7,4,true,false,true,true,true,1615,5,0.310,1,5,description 未命中关键词,Control remoto para UAV FC-YKRC7 | N-TET Drone Accessories,"El FC-YKRC7 es una estación terrestre portátil de alto rendimiento con transmisión de vídeo de 40KM, enlace dual inteligente 2.4G/5G y pantalla HD de 7 pulgadas de alto brillo para control de equipos móviles industriales.",Control remoto para UAV FC-YKRC7 | drone accessories | UAV components | industrial UAV parts,Control remoto para UAV FC-YKRC7,Control remoto para UAV FC-YKRC7 Technical Specifications | ¡Consigue una defensa experta con drones! | Resumen | Especificaciones técnicas | ¡Consigue una defensa experta con drones!,.next/server/app/es/accessories/fc-ykrc7-remote-controller.html
/es/products/low-altitude-airspace-monitoring,es,weak,0,,0,false,false,false,false,false,0,0,0.000,0,0,缺少 meta keywords; 缺少 H1; 缺少 H2,Sistemas UAV industriales para operaciones de baja altitud | N-TET,"Desde plataformas UAV industriales hasta monitoreo aéreo de baja altitud, N-TET ayuda a equipos de infraestructura y sitios públicos a inspeccionar, verificar y documentar operaciones de campo.",,,,.next/server/app/es/products/low-altitude-airspace-monitoring.html
/ru/accessories/fc-bt1,ru,strong,85,Твердотельная батарея для БПЛА FC-BT1,4,true,false,true,true,true,3358,7,0.208,1,5,description 未命中关键词,Твердотельная батарея для БПЛА FC-BT1 | N-TET Drone Accessories,"FC-BT1 — серия твердотельных литий-ионных батарей 280Wh/kg, 4.2V 10C с емкостью 16Ah-30Ah для инспекционных, картографических, VTOL и мультикоптерных промышленных БПЛА, роботов и безэкипажных судов.",Твердотельная батарея для БПЛА FC-BT1 | drone accessories | UAV components | industrial UAV parts,Твердотельная батарея для БПЛА FC-BT1,Твердотельная батарея для БПЛА FC-BT1 Technical Specifications | Получите экспертную защиту от дронов! | Обзор | Технические характеристики | Получите экспертную защиту от дронов!,.next/server/app/ru/accessories/fc-bt1.html
/ru/accessories/fc-bt2,ru,strong,85,Твердотельная батарея для БПЛА FC-BT2,4,true,false,true,true,true,2852,7,0.245,1,5,description 未命中关键词,Твердотельная батарея для БПЛА FC-BT2 | N-TET Drone Accessories,"FC-BT2 — обновленная серия на базе FC-BT1 с удельной энергией 310Wh/kg, улучшенной устойчивостью к ветру и безопасностью посадки для инспекционных, картографических, VTOL и мультикоптерных промышленных БПЛА.",Твердотельная батарея для БПЛА FC-BT2 | drone accessories | UAV components | industrial UAV parts,Твердотельная батарея для БПЛА FC-BT2,Твердотельная батарея для БПЛА FC-BT2 Technical Specifications | Получите экспертную защиту от дронов! | Обзор | Технические характеристики | Получите экспертную защиту от дронов!,.next/server/app/ru/accessories/fc-bt2.html
/ru/accessories/fc-bt3,ru,strong,85,Высоковольтная твердотельная батарея для БПЛА FC-BT3,4,true,false,true,true,true,2965,7,0.236,1,5,description 未命中关键词,Высоковольтная твердотельная батарея для БПЛА FC-BT3 | N-TET Drone Accessories,FC-BT3 — высоковольтная твердотельная серия 4.35V с более высоким разрядным током и меньшей просадкой напряжения для тяжелых VTOL-платформ и аппаратов с разной нагрузкой в вертикальном взлете и горизонтальном полете.,Высоковольтная твердотельная батарея для БПЛА FC-BT3 | drone accessories | UAV components | industrial UAV parts,Высоковольтная твердотельная батарея для БПЛА FC-BT3,Высоковольтная твердотельная батарея для БПЛА FC-BT3 Technical Specifications | Получите экспертную защиту от дронов! | Обзор | Технические характеристики | Получите экспертную защиту от дронов!,.next/server/app/ru/accessories/fc-bt3.html
/ru/accessories/fc-bt4,ru,strong,85,Высокоэнергетическая твердотельная батарея для БПЛА FC-BT4,4,true,false,true,true,true,4833,7,0.145,1,5,description 未命中关键词,Высокоэнергетическая твердотельная батарея для БПЛА FC-BT4 | N-TET Drone Accessories,"FC-BT4 — твердотельная серия с удельной энергией 340Wh/kg, сочетающая низкую просадку напряжения, безопасность, длительный срок службы и экономичность для разведывательных, солнечных, картографических, охранных и дальнолетных БПЛА.",Высокоэнергетическая твердотельная батарея для БПЛА FC-BT4 | drone accessories | UAV components | industrial UAV parts,Высокоэнергетическая твердотельная батарея для БПЛА FC-BT4,Высокоэнергетическая твердотельная батарея для БПЛА FC-BT4 Technical Specifications | Получите экспертную защиту от дронов! | Обзор | Технические характеристики | Получите экспертную защиту от дронов!,.next/server/app/ru/accessories/fc-bt4.html
/ru/accessories/fc-btg,ru,strong,85,Учебная твердотельная батарея для БПЛА FC-BTG,4,true,false,true,true,true,2093,7,0.334,1,5,description 未命中关键词,Учебная твердотельная батарея для БПЛА FC-BTG | N-TET Drone Accessories,"FC-BTG — экономичная серия твердотельных батарей для обучения, логистики и энергетических работ, включающая конфигурации FC-BTG-TG1 и FC-BTG-TG3 со стабильной отдачей, длительным полетом и адаптацией к учебной практике.",Учебная твердотельная батарея для БПЛА FC-BTG | drone accessories | UAV components | industrial UAV parts,Учебная твердотельная батарея для БПЛА FC-BTG,Учебная твердотельная батарея для БПЛА FC-BTG Technical Specifications | Получите экспертную защиту от дронов! | Обзор | Технические характеристики | Получите экспертную защиту от дронов!,.next/server/app/ru/accessories/fc-btg.html
/ru/accessories/fc-c2d-propeller,ru,strong,85,Пропеллер БПЛА FC-C2D,4,true,false,true,true,true,940,5,0.532,1,5,description 未命中关键词,Пропеллер БПЛА FC-C2D | N-TET Drone Accessories,Диапазон размеров: 11~42 дюймов; максимальная тяга: 12.42kgf (7000RPM); пиковая эффективность винта: 11.08gf/W (2821RPM).,Пропеллер БПЛА FC-C2D | drone accessories | UAV components | industrial UAV parts,Пропеллер БПЛА FC-C2D,Пропеллер БПЛА FC-C2D Technical Specifications | Получите экспертную защиту от дронов! | Обзор | Технические характеристики | Получите экспертную защиту от дронов!,.next/server/app/ru/accessories/fc-c2d-propeller.html
/ru/accessories/fc-c2e-propeller,ru,strong,85,Пропеллер БПЛА FC-C2E,4,true,false,true,true,true,878,5,0.569,1,5,description 未命中关键词,Пропеллер БПЛА FC-C2E | N-TET Drone Accessories,Диапазон размеров: 8~32 дюймов; максимальная тяга: 10.84kgf (6261RPM); пиковая эффективность винта: 10.83gf/W (3442RPM).,Пропеллер БПЛА FC-C2E | drone accessories | UAV components | industrial UAV parts,Пропеллер БПЛА FC-C2E,Пропеллер БПЛА FC-C2E Technical Specifications | Получите экспертную защиту от дронов! | Обзор | Технические характеристики | Получите экспертную защиту от дронов!,.next/server/app/ru/accessories/fc-c2e-propeller.html
/ru/accessories/fc-c2t-propeller,ru,strong,85,Пропеллер БПЛА FC-C2T,4,true,false,true,true,true,926,5,0.540,1,5,description 未命中关键词,Пропеллер БПЛА FC-C2T | N-TET Drone Accessories,Диапазон размеров: 14~46 дюймов; максимальная тяга: 24.99kgf (7850RPM); пиковая эффективность винта: 8.49gf/W (3036RPM).,Пропеллер БПЛА FC-C2T | drone accessories | UAV components | industrial UAV parts,Пропеллер БПЛА FC-C2T,Пропеллер БПЛА FC-C2T Technical Specifications | Получите экспертную защиту от дронов! | Обзор | Технические характеристики | Получите экспертную защиту от дронов!,.next/server/app/ru/accessories/fc-c2t-propeller.html
/ru/accessories/fc-c2u-propeller,ru,strong,85,Пропеллер БПЛА FC-C2U,4,true,false,true,true,true,916,5,0.546,1,5,description 未命中关键词,Пропеллер БПЛА FC-C2U | N-TET Drone Accessories,Диапазон размеров: 16~47 дюймов; максимальная тяга: 38.70kgf (7279RPM); пиковая эффективность винта: 12.63gf/W (2309RPM).,Пропеллер БПЛА FC-C2U | drone accessories | UAV components | industrial UAV parts,Пропеллер БПЛА FC-C2U,Пропеллер БПЛА FC-C2U Technical Specifications | Получите экспертную защиту от дронов! | Обзор | Технические характеристики | Получите экспертную защиту от дронов!,.next/server/app/ru/accessories/fc-c2u-propeller.html
/ru/accessories/fc-c2ud-propeller,ru,strong,85,Пропеллер БПЛА FC-C2UD,4,true,false,true,true,true,968,5,0.517,1,5,description 未命中关键词,Пропеллер БПЛА FC-C2UD | N-TET Drone Accessories,Диапазон размеров: 18~40 дюймов; максимальная тяга: 37.65kgf (7838RPM); пиковая эффективность винта: 6.64gf/W (3720RPM).,Пропеллер БПЛА FC-C2UD | drone accessories | UAV components | industrial UAV parts,Пропеллер БПЛА FC-C2UD,Пропеллер БПЛА FC-C2UD Technical Specifications | Получите экспертную защиту от дронов! | Обзор | Технические характеристики | Получите экспертную защиту от дронов!,.next/server/app/ru/accessories/fc-c2ud-propeller.html
/ru/accessories/fc-fdj-111,ru,strong,100,Двигатель БПЛА FC-FDJ-111,4,true,true,true,true,true,714,7,0.980,1,5,,Двигатель БПЛА FC-FDJ-111 | N-TET Drone Accessories,"Двигатель БПЛА FC-FDJ-111: рабочий объем 111.2cm3, мощность/характеристика 11.2HP/7500rpm, статическая тяга 25.5kg/высота 100м.",Двигатель БПЛА FC-FDJ-111 | drone accessories | UAV components | industrial UAV parts,Двигатель БПЛА FC-FDJ-111,Двигатель БПЛА FC-FDJ-111 Technical Specifications | Получите экспертную защиту от дронов! | Обзор | Технические характеристики | Получите экспертную защиту от дронов!,.next/server/app/ru/accessories/fc-fdj-111.html
/ru/accessories/fc-fdj-120,ru,strong,100,Двигатель БПЛА FC-FDJ-120,4,true,true,true,true,true,694,7,1.009,1,5,,Двигатель БПЛА FC-FDJ-120 | N-TET Drone Accessories,"Двигатель БПЛА FC-FDJ-120: рабочий объем 120cm3, мощность/характеристика 12HP/7500rpm, статическая тяга 26.5kg/высота 100м.",Двигатель БПЛА FC-FDJ-120 | drone accessories | UAV components | industrial UAV parts,Двигатель БПЛА FC-FDJ-120,Двигатель БПЛА FC-FDJ-120 Technical Specifications | Получите экспертную защиту от дронов! | Обзор | Технические характеристики | Получите экспертную защиту от дронов!,.next/server/app/ru/accessories/fc-fdj-120.html
/ru/accessories/fc-fdj-120hd,ru,strong,100,Двигатель БПЛА FC-FDJ-120HD,4,true,true,true,true,true,658,7,1.064,1,5,,Двигатель БПЛА FC-FDJ-120HD | N-TET Drone Accessories,"Двигатель БПЛА FC-FDJ-120HD: рабочий объем 120cm3, мощность/характеристика 7.35KW(0высота)/8000rpm.",Двигатель БПЛА FC-FDJ-120HD | drone accessories | UAV components | industrial UAV parts,Двигатель БПЛА FC-FDJ-120HD,Двигатель БПЛА FC-FDJ-120HD Technical Specifications | Получите экспертную защиту от дронов! | Обзор | Технические характеристики | Получите экспертную защиту от дронов!,.next/server/app/ru/accessories/fc-fdj-120hd.html
/ru/accessories/fc-fdj-170,ru,strong,100,Двигатель БПЛА FC-FDJ-170,4,true,true,true,true,true,684,7,1.023,1,5,,Двигатель БПЛА FC-FDJ-170 | N-TET Drone Accessories,"Двигатель БПЛА FC-FDJ-170: рабочий объем 170cm3, мощность/характеристика 17.5HP/7500rpm, статическая тяга 35kg/высота 100м.",Двигатель БПЛА FC-FDJ-170 | drone accessories | UAV components | industrial UAV parts,Двигатель БПЛА FC-FDJ-170,Двигатель БПЛА FC-FDJ-170 Technical Specifications | Получите экспертную защиту от дронов! | Обзор | Технические характеристики | Получите экспертную защиту от дронов!,.next/server/app/ru/accessories/fc-fdj-170.html
/ru/accessories/fc-fdj-200,ru,strong,100,Двигатель БПЛА FC-FDJ-200,4,true,true,true,true,true,670,7,1.045,1,5,,Двигатель БПЛА FC-FDJ-200 | N-TET Drone Accessories,"Двигатель БПЛА FC-FDJ-200: рабочий объем 200CC, мощность/характеристика 20HP/7500rpm.",Двигатель БПЛА FC-FDJ-200 | drone accessories | UAV components | industrial UAV parts,Двигатель БПЛА FC-FDJ-200,Двигатель БПЛА FC-FDJ-200 Technical Specifications | Получите экспертную защиту от дронов! | Обзор | Технические характеристики | Получите экспертную защиту от дронов!,.next/server/app/ru/accessories/fc-fdj-200.html
/ru/accessories/fc-fdj-222,ru,strong,100,Двигатель БПЛА FC-FDJ-222,4,true,true,true,true,true,694,7,1.009,1,5,,Двигатель БПЛА FC-FDJ-222 | N-TET Drone Accessories,"Двигатель БПЛА FC-FDJ-222: рабочий объем 222.5cm3, мощность/характеристика 21.5HP/7500rpm, статическая тяга 51kg/высота 100м.",Двигатель БПЛА FC-FDJ-222 | drone accessories | UAV components | industrial UAV parts,Двигатель БПЛА FC-FDJ-222,Двигатель БПЛА FC-FDJ-222 Technical Specifications | Получите экспертную защиту от дронов! | Обзор | Технические характеристики | Получите экспертную защиту от дронов!,.next/server/app/ru/accessories/fc-fdj-222.html
/ru/accessories/fc-fdj-430,ru,strong,100,Двигатель БПЛА FC-FDJ-430,4,true,true,true,true,true,846,7,0.827,1,5,,Двигатель БПЛА FC-FDJ-430 | N-TET Drone Accessories,"Двигатель БПЛА FC-FDJ-430: рабочий объем 430.8cc, мощность/характеристика 42HP at 6800 RPM, статическая тяга 110kg.",Двигатель БПЛА FC-FDJ-430 | drone accessories | UAV components | industrial UAV parts,Двигатель БПЛА FC-FDJ-430,Двигатель БПЛА FC-FDJ-430 Technical Specifications | Получите экспертную защиту от дронов! | Обзор | Технические характеристики | Получите экспертную защиту от дронов!,.next/server/app/ru/accessories/fc-fdj-430.html
/ru/accessories/fc-fdj-55,ru,strong,100,Двигатель БПЛА FC-FDJ-55,4,true,true,true,true,true,718,7,0.975,1,5,,Двигатель БПЛА FC-FDJ-55 | N-TET Drone Accessories,"Двигатель БПЛА FC-FDJ-55: рабочий объем 55.6cm3, мощность/характеристика 5.5HP/8500rpm, статическая тяга 14.5kg/высота 100м.",Двигатель БПЛА FC-FDJ-55 | drone accessories | UAV components | industrial UAV parts,Двигатель БПЛА FC-FDJ-55,Двигатель БПЛА FC-FDJ-55 Technical Specifications | Получите экспертную защиту от дронов! | Обзор | Технические характеристики | Получите экспертную защиту от дронов!,.next/server/app/ru/accessories/fc-fdj-55.html
/ru/accessories/fc-fdj-60,ru,strong,100,Двигатель БПЛА FC-FDJ-60,4,true,true,true,true,true,694,7,1.009,1,5,,Двигатель БПЛА FC-FDJ-60 | N-TET Drone Accessories,"Двигатель БПЛА FC-FDJ-60: рабочий объем 61cm3, мощность/характеристика 7HP/8500rpm, статическая тяга 15.2kg/высота 100м.",Двигатель БПЛА FC-FDJ-60 | drone accessories | UAV components | industrial UAV parts,Двигатель БПЛА FC-FDJ-60,Двигатель БПЛА FC-FDJ-60 Technical Specifications | Получите экспертную защиту от дронов! | Обзор | Технические характеристики | Получите экспертную защиту от дронов!,.next/server/app/ru/accessories/fc-fdj-60.html
/ru/accessories/fc-fdj-61,ru,strong,100,Двигатель БПЛА FC-FDJ-61,4,true,true,true,true,true,692,7,1.012,1,5,,Двигатель БПЛА FC-FDJ-61 | N-TET Drone Accessories,"Двигатель БПЛА FC-FDJ-61: рабочий объем 60cm3, мощность/характеристика 6HP/7500rpm, статическая тяга 15kg/высота 100м.",Двигатель БПЛА FC-FDJ-61 | drone accessories | UAV components | industrial UAV parts,Двигатель БПЛА FC-FDJ-61,Двигатель БПЛА FC-FDJ-61 Technical Specifications | Получите экспертную защиту от дронов! | Обзор | Технические характеристики | Получите экспертную защиту от дронов!,.next/server/app/ru/accessories/fc-fdj-61.html
/ru/accessories/fc-fdj-70hd,ru,strong,100,Двигатель БПЛА FC-FDJ-70HD,4,true,true,true,true,true,660,7,1.061,1,5,,Двигатель БПЛА FC-FDJ-70HD | N-TET Drone Accessories,"Двигатель БПЛА FC-FDJ-70HD: рабочий объем 70cm3, мощность/характеристика 4.2KW(0высота)/8300rpm.",Двигатель БПЛА FC-FDJ-70HD | drone accessories | UAV components | industrial UAV parts,Двигатель БПЛА FC-FDJ-70HD,Двигатель БПЛА FC-FDJ-70HD Technical Specifications | Получите экспертную защиту от дронов! | Обзор | Технические характеристики | Получите экспертную защиту от дронов!,.next/server/app/ru/accessories/fc-fdj-70hd.html
/ru/accessories/fc-fdj-85,ru,strong,100,Двигатель БПЛА FC-FDJ-85,4,true,true,true,true,true,692,7,1.012,1,5,,Двигатель БПЛА FC-FDJ-85 | N-TET Drone Accessories,"Двигатель БПЛА FC-FDJ-85: рабочий объем 85cm3, мощность/характеристика 8.5HP/9000rpm, статическая тяга 21kg/высота 100м.",Двигатель БПЛА FC-FDJ-85 | drone accessories | UAV components | industrial UAV parts,Двигатель БПЛА FC-FDJ-85,Двигатель БПЛА FC-FDJ-85 Technical Specifications | Получите экспертную защиту от дронов! | Обзор | Технические характеристики | Получите экспертную защиту от дронов!,.next/server/app/ru/accessories/fc-fdj-85.html
/ru/accessories/fc-l10tr-three-light-gimbal,ru,strong,100,FC-L10TR электрооптический подвес,4,true,true,true,true,true,1180,7,0.593,1,5,,FC-L10TR электрооптический подвес | N-TET Drone Accessories,"FC-L10TR электрооптический подвес: 10x непрерывный оптический зум + тепловизор + лазерный дальномер 905nm; лазерное измерение 5m-1500m, вес <=800g.",FC-L10TR электрооптический подвес | drone accessories | UAV components | industrial UAV parts,FC-L10TR электрооптический подвес,FC-L10TR электрооптический подвес Technical Specifications | Получите экспертную защиту от дронов! | Обзор | Технические характеристики | Получите экспертную защиту от дронов!,.next/server/app/ru/accessories/fc-l10tr-three-light-gimbal.html
/ru/accessories/fc-l40-smart-optical-pod,ru,strong,100,FC-L40 электрооптический подвес,4,true,true,true,true,true,1032,7,0.678,1,5,,FC-L40 электрооптический подвес | N-TET Drone Accessories,"FC-L40 электрооптический подвес: 40x оптический зум в видимом свете; вес <=1kg, габариты <=Phi115mm x 175mm.",FC-L40 электрооптический подвес | drone accessories | UAV components | industrial UAV parts,FC-L40 электрооптический подвес,FC-L40 электрооптический подвес Technical Specifications | Получите экспертную защиту от дронов! | Обзор | Технические характеристики | Получите экспертную защиту от дронов!,.next/server/app/ru/accessories/fc-l40-smart-optical-pod.html
/ru/accessories/fc-l40t-dual-light-gimbal,ru,strong,100,FC-L40T электрооптический подвес,4,true,true,true,true,true,1126,7,0.622,1,5,,FC-L40T электрооптический подвес | N-TET Drone Accessories,"FC-L40T электрооптический подвес: видимый свет 1920x1080, диапазон зума 40x 4.25-170mm; тепловизор 640x512, вес <=1.1kg.",FC-L40T электрооптический подвес | drone accessories | UAV components | industrial UAV parts,FC-L40T электрооптический подвес,FC-L40T электрооптический подвес Technical Specifications | Получите экспертную защиту от дронов! | Обзор | Технические характеристики | Получите экспертную защиту от дронов!,.next/server/app/ru/accessories/fc-l40t-dual-light-gimbal.html
/ru/accessories/fc-l40tr-smart-optical-pod,ru,strong,100,FC-L40TR электрооптический подвес,4,true,true,true,true,true,1168,7,0.599,1,5,,FC-L40TR электрооптический подвес | N-TET Drone Accessories,"FC-L40TR электрооптический подвес: 40x видимый свет + тепловизор 640x512 + лазерный дальномер 1535nm; лазерное измерение 20m-3000m, вес <=1.3kg.",FC-L40TR электрооптический подвес | drone accessories | UAV components | industrial UAV parts,FC-L40TR электрооптический подвес,FC-L40TR электрооптический подвес Technical Specifications | Получите экспертную защиту от дронов! | Обзор | Технические характеристики | Получите экспертную защиту от дронов!,.next/server/app/ru/accessories/fc-l40tr-smart-optical-pod.html
/ru/accessories/fc-l50-smart-optical-pod,ru,strong,100,FC-L50 электрооптический подвес,4,true,true,true,true,true,1020,7,0.686,1,5,,FC-L50 электрооптический подвес | N-TET Drone Accessories,"FC-L50 электрооптический подвес: неохлаждаемый ИК-модуль 1280 x 1024; тепловизионное фокусное расстояние 50mm, вес <=1.5kg.",FC-L50 электрооптический подвес | drone accessories | UAV components | industrial UAV parts,FC-L50 электрооптический подвес,FC-L50 электрооптический подвес Technical Specifications | Получите экспертную защиту от дронов! | Обзор | Технические характеристики | Получите экспертную защиту от дронов!,.next/server/app/ru/accessories/fc-l50-smart-optical-pod.html
/ru/accessories/fc-ln100-dual-light-gimbal,ru,strong,100,FC-LN100 электрооптический подвес,4,true,true,true,true,true,1118,7,0.626,1,5,,FC-LN100 электрооптический подвес | N-TET Drone Accessories,"FC-LN100 электрооптический подвес: 4K видимый свет с фиксированным фокусом + тепловизор 640x512; вес <=260g, среднее энергопотребление 10w.",FC-LN100 электрооптический подвес | drone accessories | UAV components | industrial UAV parts,FC-LN100 электрооптический подвес,FC-LN100 электрооптический подвес Technical Specifications | Получите экспертную защиту от дронов! | Обзор | Технические характеристики | Получите экспертную защиту от дронов!,.next/server/app/ru/accessories/fc-ln100-dual-light-gimbal.html
/ru/accessories/fc-ln95-dual-light-gimbal,ru,strong,100,FC-LN95 электрооптический подвес,4,true,true,true,true,true,1194,7,0.586,1,5,,FC-LN95 электрооптический подвес | N-TET Drone Accessories,"FC-LN95 электрооптический подвес: две камеры видимого света с фиксированным фокусом, разрешение 3840x2160; вес <=260g, габариты <=Phi64mm x 90mm.",FC-LN95 электрооптический подвес | drone accessories | UAV components | industrial UAV parts,FC-LN95 электрооптический подвес,FC-LN95 электрооптический подвес Technical Specifications | Получите экспертную защиту от дронов! | Обзор | Технические характеристики | Получите экспертную защиту от дронов!,.next/server/app/ru/accessories/fc-ln95-dual-light-gimbal.html
/ru/accessories/fc-max-5330,ru,strong,100,Двигатель БПЛА FC-MAX 5330,4,true,true,true,true,true,4107,7,0.170,1,5,,Двигатель БПЛА FC-MAX 5330 | N-TET Drone Accessories,Двигатель БПЛА FC-MAX 5330 ключевые параметры: Макс. тяга: 11 kg / 11.5 kg; Номинальное рабочее напряжение: 12S; Значение KV: 220 KV / 260 KV.,Двигатель БПЛА FC-MAX 5330 | drone accessories | UAV components | industrial UAV parts,Двигатель БПЛА FC-MAX 5330,Двигатель БПЛА FC-MAX 5330 Technical Specifications | Получите экспертную защиту от дронов! | Обзор | Технические характеристики | Получите экспертную защиту от дронов!,.next/server/app/ru/accessories/fc-max-5330.html
/ru/accessories/fc-mesh-100,ru,strong,85,FC-Mesh-100 канал передачи данных БПЛА,4,true,false,true,true,true,1100,5,0.455,1,5,description 未命中关键词,FC-Mesh-100 канал передачи данных БПЛА | N-TET Drone Accessories,"FC-Mesh-100 — бортовая самоорганизующаяся радиостанция для многоточечной связи БПЛА, ретрансляции и координации воздух-земля.",FC-Mesh-100 канал передачи данных БПЛА | drone accessories | UAV components | industrial UAV parts,FC-Mesh-100 канал передачи данных БПЛА,FC-Mesh-100 канал передачи данных БПЛА Technical Specifications | Получите экспертную защиту от дронов! | Обзор | Технические характеристики | Получите экспертную защиту от дронов!,.next/server/app/ru/accessories/fc-mesh-100.html
/ru/accessories/fc-mini-l10tr-smart-optical-pod,ru,strong,100,FC-MiniL10TR электрооптический подвес,4,true,true,true,true,true,1192,7,0.587,1,5,,FC-MiniL10TR электрооптический подвес | N-TET Drone Accessories,"FC-MiniL10TR электрооптический подвес: 48MP видимый свет с 10x гибридным зумом + ИК + лазерный дальномер; вес <=400g, габариты <=95mm x 97mm x 147mm.",FC-MiniL10TR электрооптический подвес | drone accessories | UAV components | industrial UAV parts,FC-MiniL10TR электрооптический подвес,FC-MiniL10TR электрооптический подвес Technical Specifications | Получите экспертную защиту от дронов! | Обзор | Технические характеристики | Получите экспертную защиту от дронов!,.next/server/app/ru/accessories/fc-mini-l10tr-smart-optical-pod.html
/ru/accessories/fc-pab-propeller,ru,strong,85,Пропеллер БПЛА FC-PAB,4,true,false,true,true,true,934,5,0.535,1,5,description 未命中关键词,Пропеллер БПЛА FC-PAB | N-TET Drone Accessories,Диапазон размеров: 15.2~36.2 дюймов; максимальная тяга: 26.41kgf (4817RPM); пиковая эффективность винта: 17.52gf/W (1476RPM).,Пропеллер БПЛА FC-PAB | drone accessories | UAV components | industrial UAV parts,Пропеллер БПЛА FC-PAB,Пропеллер БПЛА FC-PAB Technical Specifications | Получите экспертную защиту от дронов! | Обзор | Технические характеристики | Получите экспертную защиту от дронов!,.next/server/app/ru/accessories/fc-pab-propeller.html
/ru/accessories/fc-pad-propeller,ru,strong,85,Пропеллер БПЛА FC-PAD,4,true,false,true,true,true,930,5,0.538,1,5,description 未命中关键词,Пропеллер БПЛА FC-PAD | N-TET Drone Accessories,Диапазон размеров: 18.3~46.3 дюймов; максимальная тяга: 25.10kgf (4663RPM); пиковая эффективность винта: 13.99gf/W (1825RPM).,Пропеллер БПЛА FC-PAD | drone accessories | UAV components | industrial UAV parts,Пропеллер БПЛА FC-PAD,Пропеллер БПЛА FC-PAD Technical Specifications | Получите экспертную защиту от дронов! | Обзор | Технические характеристики | Получите экспертную защиту от дронов!,.next/server/app/ru/accessories/fc-pad-propeller.html
/ru/accessories/fc-pae-propeller,ru,strong,85,Пропеллер БПЛА FC-PAE,4,true,false,true,true,true,932,5,0.536,1,5,description 未命中关键词,Пропеллер БПЛА FC-PAE | N-TET Drone Accessories,Диапазон размеров: 18.3~32.3 дюймов; максимальная тяга: 6.42kgf (6520RPM); пиковая эффективность винта: 20.14gf/W (1820RPM).,Пропеллер БПЛА FC-PAE | drone accessories | UAV components | industrial UAV parts,Пропеллер БПЛА FC-PAE,Пропеллер БПЛА FC-PAE Technical Specifications | Получите экспертную защиту от дронов! | Обзор | Технические характеристики | Получите экспертную защиту от дронов!,.next/server/app/ru/accessories/fc-pae-propeller.html
/ru/accessories/fc-pbf-propeller,ru,strong,85,Пропеллер БПЛА FC-PBF,4,true,false,true,true,true,874,5,0.572,1,5,description 未命中关键词,Пропеллер БПЛА FC-PBF | N-TET Drone Accessories,Диапазон размеров: 16.1~48.1 дюймов; максимальная тяга: 43.52kgf (3373RPM); пиковая эффективность винта: 13.97gf/W (1385RPM).,Пропеллер БПЛА FC-PBF | drone accessories | UAV components | industrial UAV parts,Пропеллер БПЛА FC-PBF,Пропеллер БПЛА FC-PBF Technical Specifications | Получите экспертную защиту от дронов! | Обзор | Технические характеристики | Получите экспертную защиту от дронов!,.next/server/app/ru/accessories/fc-pbf-propeller.html
/ru/accessories/fc-rm10x,ru,strong,100,Двигатель БПЛА FC-RM10X,4,true,true,true,true,true,1440,7,0.486,1,5,,Двигатель БПЛА FC-RM10X | N-TET Drone Accessories,Двигатель БПЛА FC-RM10X ключевые параметры: Макс. тяга: 12081g/ось @48Vуровень моря; Рекомендуемая взлетная масса: 4500-6000g/ось @48Vуровень моря.,Двигатель БПЛА FC-RM10X | drone accessories | UAV components | industrial UAV parts,Двигатель БПЛА FC-RM10X,Двигатель БПЛА FC-RM10X Technical Specifications | Получите экспертную защиту от дронов! | Обзор | Технические характеристики | Получите экспертную защиту от дронов!,.next/server/app/ru/accessories/fc-rm10x.html
/ru/accessories/fc-rm30,ru,strong,100,Двигатель БПЛА FC-RM30,4,true,true,true,true,true,4802,7,0.146,1,5,,Двигатель БПЛА FC-RM30 | N-TET Drone Accessories,Двигатель БПЛА FC-RM30 ключевые параметры: Макс. тяга: 74.7 kg / 69.6 kg; Номинальное рабочее напряжение: 96S / 24S; Значение KV: 10 KV / 43 KV.,Двигатель БПЛА FC-RM30 | drone accessories | UAV components | industrial UAV parts,Двигатель БПЛА FC-RM30,Двигатель БПЛА FC-RM30 Technical Specifications | Получите экспертную защиту от дронов! | Обзор | Технические характеристики | Получите экспертную защиту от дронов!,.next/server/app/ru/accessories/fc-rm30.html
/ru/accessories/fc-sjl-100,ru,strong,85,FC-SJL-100 канал передачи данных БПЛА,4,true,false,true,true,true,974,5,0.513,1,5,description 未命中关键词,FC-SJL-100 канал передачи данных БПЛА | N-TET Drone Accessories,FC-SJL-100 обеспечивает передачу видео и данных воздух-земля на 100 км+ с интерфейсной компоновкой J30J для БПЛА и роботизированных платформ.,FC-SJL-100 канал передачи данных БПЛА | drone accessories | UAV components | industrial UAV parts,FC-SJL-100 канал передачи данных БПЛА,FC-SJL-100 канал передачи данных БПЛА Technical Specifications | Получите экспертную защиту от дронов! | Обзор | Технические характеристики | Получите экспертную защиту от дронов!,.next/server/app/ru/accessories/fc-sjl-100.html
/ru/accessories/fc-sjl-200,ru,strong,85,FC-SJL-200 канал передачи данных БПЛА,4,true,false,true,true,true,978,5,0.511,1,5,description 未命中关键词,FC-SJL-200 канал передачи данных БПЛА | N-TET Drone Accessories,"FC-SJL-200 — радиостанция сверхдальней передачи видео и данных БПЛА с дальностью 200 км+ для интегрированных каналов видео, телеметрии и управления.",FC-SJL-200 канал передачи данных БПЛА | drone accessories | UAV components | industrial UAV parts,FC-SJL-200 канал передачи данных БПЛА,FC-SJL-200 канал передачи данных БПЛА Technical Specifications | Получите экспертную защиту от дронов! | Обзор | Технические характеристики | Получите экспертную защиту от дронов!,.next/server/app/ru/accessories/fc-sjl-200.html
/ru/accessories/fc-sjl-30,ru,strong,85,FC-SJL-30 канал передачи данных БПЛА,4,true,false,true,true,true,1020,5,0.490,1,5,description 未命中关键词,FC-SJL-30 канал передачи данных БПЛА | N-TET Drone Accessories,"FC-SJL-30 — компактная радиостанция передачи видео и данных БПЛА для воздушно-наземных каналов HD-видео, аудио, телеметрии и управления на дальности 30 км+.",FC-SJL-30 канал передачи данных БПЛА | drone accessories | UAV components | industrial UAV parts,FC-SJL-30 канал передачи данных БПЛА,FC-SJL-30 канал передачи данных БПЛА Technical Specifications | Получите экспертную защиту от дронов! | Обзор | Технические характеристики | Получите экспертную защиту от дронов!,.next/server/app/ru/accessories/fc-sjl-30.html
/ru/accessories/fc-sjl-380,ru,strong,85,FC-SJL-380 канал передачи данных БПЛА,4,true,false,true,true,true,984,5,0.508,1,5,description 未命中关键词,FC-SJL-380 канал передачи данных БПЛА | N-TET Drone Accessories,FC-SJL-380 поддерживает сверхдальнюю передачу видео и данных БПЛА на 380 км+ для распределенных сетей и каналов управления воздух-земля.,FC-SJL-380 канал передачи данных БПЛА | drone accessories | UAV components | industrial UAV parts,FC-SJL-380 канал передачи данных БПЛА,FC-SJL-380 канал передачи данных БПЛА Technical Specifications | Получите экспертную защиту от дронов! | Обзор | Технические характеристики | Получите экспертную защиту от дронов!,.next/server/app/ru/accessories/fc-sjl-380.html
/ru/accessories/fc-sjl-50,ru,strong,85,FC-SJL-50 канал передачи данных БПЛА,4,true,false,true,true,true,1012,5,0.494,1,5,description 未命中关键词,FC-SJL-50 канал передачи данных БПЛА | N-TET Drone Accessories,"FC-SJL-50 — легкая радиостанция передачи видео и данных БПЛА для HD-видео, телеметрии и управления на дальности 50 км+.",FC-SJL-50 канал передачи данных БПЛА | drone accessories | UAV components | industrial UAV parts,FC-SJL-50 канал передачи данных БПЛА,FC-SJL-50 канал передачи данных БПЛА Technical Specifications | Получите экспертную защиту от дронов! | Обзор | Технические характеристики | Получите экспертную защиту от дронов!,.next/server/app/ru/accessories/fc-sjl-50.html
/ru/accessories/fc-u10-pro,ru,strong,85,Полетный контроллер FC-U10-PRO,4,true,false,true,true,true,726,5,0.689,1,5,description 未命中关键词,Полетный контроллер FC-U10-PRO | N-TET Drone Accessories,"FC-U10-PRO оснащен высокоточным модулем RTK, поддерживает питание 16V-120V, платформы до 16 роторов и резервное питание UPS для тяжелых БПЛА.",Полетный контроллер FC-U10-PRO | drone accessories | UAV components | industrial UAV parts,Полетный контроллер FC-U10-PRO,Полетный контроллер FC-U10-PRO Technical Specifications | Получите экспертную защиту от дронов! | Обзор | Технические характеристики | Получите экспертную защиту от дронов!,.next/server/app/ru/accessories/fc-u10-pro.html
/ru/accessories/fc-u110,ru,strong,100,Двигатель БПЛА FC-U110,4,true,true,true,true,true,4526,7,0.155,1,5,,Двигатель БПЛА FC-U110 | N-TET Drone Accessories,Двигатель БПЛА FC-U110 ключевые параметры: Макс. тяга: 45.5 kg; Номинальное рабочее напряжение: 12-14S; Значение KV: 140 KV.,Двигатель БПЛА FC-U110 | drone accessories | UAV components | industrial UAV parts,Двигатель БПЛА FC-U110,Двигатель БПЛА FC-U110 Technical Specifications | Получите экспертную защиту от дронов! | Обзор | Технические характеристики | Получите экспертную защиту от дронов!,.next/server/app/ru/accessories/fc-u110.html
/ru/accessories/fc-u12,ru,strong,85,Полетный контроллер FC-U12,4,true,false,true,true,true,722,5,0.693,1,5,description 未命中关键词,Полетный контроллер FC-U12 | N-TET Drone Accessories,FC-U12 — компактный и простой в использовании полетный контроллер для малых и средних БПЛА с плотной компоновкой и расширяемыми каналами управления внешними устройствами.,Полетный контроллер FC-U12 | drone accessories | UAV components | industrial UAV parts,Полетный контроллер FC-U12,Полетный контроллер FC-U12 Technical Specifications | Получите экспертную защиту от дронов! | Обзор | Технические характеристики | Получите экспертную защиту от дронов!,.next/server/app/ru/accessories/fc-u12.html
/ru/accessories/fc-u8013,ru,strong,100,Двигатель БПЛА FC-U8013,4,true,true,true,true,true,1126,7,0.622,1,5,,Двигатель БПЛА FC-U8013 | N-TET Drone Accessories,Двигатель БПЛА FC-U8013 ключевые параметры: Макс. тяга: 14.5 kg / 15 kg / 16.3 kg; Номинальное рабочее напряжение: 12S; Значение KV: 135KV / 150KV / 170KV.,Двигатель БПЛА FC-U8013 | drone accessories | UAV components | industrial UAV parts,Двигатель БПЛА FC-U8013,Двигатель БПЛА FC-U8013 Technical Specifications | Получите экспертную защиту от дронов! | Обзор | Технические характеристики | Получите экспертную защиту от дронов!,.next/server/app/ru/accessories/fc-u8013.html
/ru/accessories/fc-u9-ag,ru,strong,85,Аграрный полетный контроллер FC-U9-AG,4,true,false,true,true,true,789,5,0.634,1,5,description 未命中关键词,Аграрный полетный контроллер FC-U9-AG | N-TET Drone Accessories,"FC-U9-AG — профессиональная система управления полетом аграрных БПЛА для опрыскивания, разбрасывания, очистки и транспортировки грузов, с богатыми интерфейсами и простым управлением через приложение.",Аграрный полетный контроллер FC-U9-AG | drone accessories | UAV components | industrial UAV parts,Аграрный полетный контроллер FC-U9-AG,Аграрный полетный контроллер FC-U9-AG Technical Specifications | Получите экспертную защиту от дронов! | Обзор | Технические характеристики | Получите экспертную защиту от дронов!,.next/server/app/ru/accessories/fc-u9-ag.html
/ru/accessories/fc-w2u-propeller,ru,strong,85,Пропеллер БПЛА FC-W2U,4,true,false,true,true,true,814,5,0.614,1,5,description 未命中关键词,Пропеллер БПЛА FC-W2U | N-TET Drone Accessories,Диапазон размеров: 24~40 дюймов; максимальная тяга: 68.92kgf (5353RPM); пиковая эффективность винта: 7.11gf/W (2354RPM).,Пропеллер БПЛА FC-W2U | drone accessories | UAV components | industrial UAV parts,Пропеллер БПЛА FC-W2U,Пропеллер БПЛА FC-W2U Technical Specifications | Получите экспертную защиту от дронов! | Обзор | Технические характеристики | Получите экспертную защиту от дронов!,.next/server/app/ru/accessories/fc-w2u-propeller.html
/ru/accessories/fc-x8030,ru,strong,100,Двигатель БПЛА FC-X8030,4,true,true,true,true,true,3690,7,0.190,1,5,,Двигатель БПЛА FC-X8030 | N-TET Drone Accessories,Двигатель БПЛА FC-X8030 ключевые параметры: Макс. тяга: 22.7 kg / 21.5 kg; Номинальное рабочее напряжение: 12S; Значение KV: 160 KV / 190 KV.,Двигатель БПЛА FC-X8030 | drone accessories | UAV components | industrial UAV parts,Двигатель БПЛА FC-X8030,Двигатель БПЛА FC-X8030 Technical Specifications | Получите экспертную защиту от дронов! | Обзор | Технические характеристики | Получите экспертную защиту от дронов!,.next/server/app/ru/accessories/fc-x8030.html
/ru/accessories/fc-xh14,ru,strong,100,Двигатель БПЛА FC-XH14,4,true,true,true,true,true,1838,7,0.381,1,5,,Двигатель БПЛА FC-XH14 | N-TET Drone Accessories,Двигатель БПЛА FC-XH14 ключевые параметры: Макс. тяга: 110 kg/ось（92V/108，уровень моря）; Рекомендуемая батарея: 24-28S （Lipo）.,Двигатель БПЛА FC-XH14 | drone accessories | UAV components | industrial UAV parts,Двигатель БПЛА FC-XH14,Двигатель БПЛА FC-XH14 Technical Specifications | Получите экспертную защиту от дронов! | Обзор | Технические характеристики | Получите экспертную защиту от дронов!,.next/server/app/ru/accessories/fc-xh14.html
/ru/accessories/fc-yk15-remote-controller,ru,strong,85,Пульт управления БПЛА FC-YK15,4,true,false,true,true,true,965,5,0.518,1,5,description 未命中关键词,Пульт управления БПЛА FC-YK15 | N-TET Drone Accessories,"FC-YK15 - компактная ручная наземная станция с малой задержкой, трехкомпонентной HD-видеопередачей, интеграцией Android и двумя каналами 1080P для БПЛА, беспилотных машин, безэкипажных катеров и робототехнических платформ.",Пульт управления БПЛА FC-YK15 | drone accessories | UAV components | industrial UAV parts,Пульт управления БПЛА FC-YK15,Пульт управления БПЛА FC-YK15 Technical Specifications | Получите экспертную защиту от дронов! | Обзор | Технические характеристики | Получите экспертную защиту от дронов!,.next/server/app/ru/accessories/fc-yk15-remote-controller.html
/ru/accessories/fc-yk24-remote-controller,ru,strong,85,Пульт управления БПЛА FC-YK24,4,true,false,true,true,true,1155,5,0.433,1,5,description 未命中关键词,Пульт управления БПЛА FC-YK24 | N-TET Drone Accessories,"FC-YK24 - 16-канальный пульт для авиационных моделей с устойчивым управлением на 15 km за пределами прямой видимости, беспроводным сопряжением, настройкой приемника, OTA-обновлением, управлением несколькими аппаратами, ретрансляцией и беспр",Пульт управления БПЛА FC-YK24 | drone accessories | UAV components | industrial UAV parts,Пульт управления БПЛА FC-YK24,Пульт управления БПЛА FC-YK24 Technical Specifications | Получите экспертную защиту от дронов! | Обзор | Технические характеристики | Получите экспертную защиту от дронов!,.next/server/app/ru/accessories/fc-yk24-remote-controller.html
/ru/accessories/fc-yk32-remote-controller,ru,strong,85,Пульт управления БПЛА FC-YK32,4,true,false,true,true,true,965,5,0.518,1,5,description 未命中关键词,Пульт управления БПЛА FC-YK32 | N-TET Drone Accessories,"FC-YK32 - промышленная ручная наземная станция, объединяющая дистанционное управление, передачу данных и беспроводную HD-видеопередачу, с дальностью до 15KM, двойным управлением, ретрансляцией и отображением телеметрии OSD.",Пульт управления БПЛА FC-YK32 | drone accessories | UAV components | industrial UAV parts,Пульт управления БПЛА FC-YK32,Пульт управления БПЛА FC-YK32 Technical Specifications | Получите экспертную защиту от дронов! | Обзор | Технические характеристики | Получите экспертную защиту от дронов!,.next/server/app/ru/accessories/fc-yk32-remote-controller.html
/ru/accessories/fc-ykrc7-remote-controller,ru,strong,85,Пульт управления БПЛА FC-YKRC7,4,true,false,true,true,true,1391,5,0.359,1,5,description 未命中关键词,Пульт управления БПЛА FC-YKRC7 | N-TET Drone Accessories,"FC-YKRC7 - высокопроизводительная ручная наземная станция с видеопередачей до 40KM, интеллектуальной двухдиапазонной связью 2.4G/5G и 7-дюймовым HD-экраном высокой яркости для управления промышленными мобильными платформами.",Пульт управления БПЛА FC-YKRC7 | drone accessories | UAV components | industrial UAV parts,Пульт управления БПЛА FC-YKRC7,Пульт управления БПЛА FC-YKRC7 Technical Specifications | Получите экспертную защиту от дронов! | Обзор | Технические характеристики | Получите экспертную защиту от дронов!,.next/server/app/ru/accessories/fc-ykrc7-remote-controller.html
/ru/products/low-altitude-airspace-monitoring,ru,weak,0,,0,false,false,false,false,false,0,0,0.000,0,0,缺少 meta keywords; 缺少 H1; 缺少 H2,Промышленные БПЛА для низковысотных операций | N-TET,"От промышленных платформ БПЛА до мониторинга низковысотного воздушного пространства: N-TET помогает инфраструктурным и общественным объектам инспектировать, подтверждать и документировать полевые операции.",,,,.next/server/app/ru/products/low-altitude-airspace-monitoring.html
