route,keyword_locale,status,score,primary_keyword,keyword_count,title_hit,description_hit,h1_hit,h2_hit,body_hit,body_words,body_keyword_occurrences,keyword_density_pct,h1_count,h2_count,issues,title,description,keywords,h1,h2,file
/ar,ar,weak,30,أنظمة UAV صناعية,5,true,false,false,false,false,1086,0,0.000,1,6,description 未命中关键词; H1 未命中关键词; H2 未命中关键词; 正文未命中精确关键词短语,أنظمة UAV صناعية ومراقبة الارتفاع المنخفض | N-TET,تربط N-TET منصات UAV الصناعية ومراقبة المجال منخفض الارتفاع وسير عمل التفتيش وأنظمة الفحص الأمني لمشغلي البنية التحتية والمواقع العامة.,أنظمة UAV صناعية | مراقبة الارتفاع المنخفض | طائرة UAV للتفتيش | طائرة UAV للطوارئ | معدات مراقبة المجال الجوي,الشركة المصنعة لمعدات C-UAS الاحترافية ومورد النظام,حلول مكافحة الطائرات بدون طيار | حدد معدات مكافحة الطائرات بدون طيار الخاصة بك | يرى. تعريف. يتحكم. | من نحن | مشاريع مكافحة الطائرات بدون طيار | أخبرنا بالموقع ونوع الجهاز,.next-five-pages-v2/server/app/ar.html
/ar/about,ar,partial,65,مصنع UAV صناعي,4,true,true,false,false,true,1705,10,0.587,1,18,H1 未命中关键词; H2 未命中关键词,عن N-TET | تكامل UAV صناعي ومراقبة,تعرف كيف تربط N-TET منصات UAV ومراقبة المجال الجوي والفحص الأمني وتسليم المشروعات لمشغلي البنية التحتية والمواقع العامة.,مصنع UAV صناعي | مورد أنظمة UAV | مراقبة المجال المنخفض | N-TET,معدات وحلول أنظمة C-UAS,خبرة في المعدات تمتد حتى التسليم. | معدات C-UAS مصممة وفق ظروف النشر الفعلية. | استشعار RF ومعالجة الإشارات ودمج البيانات. | حيث يلتقي تطوير RF بالاختبار القابل للتكرار. | تحضير المعدات واختبارها | مسار واضح من المتطلبات إلى التسليم. | الأسئلة التي يطرحها المشترون عادة أولاً. | حدد الموقع وشكل النشر والمعدات المطلوبة. | احصل على دفاع خبير بالطائرات بدون طيار! | خبرة في المعدات تمتد حتى التسليم. | المعدات والتكوين والتسليم. | استشعار RF ومعالجة الإشارات ودمج البيانات. | حيث يلتقي تطوير RF بالاختبار القابل للتكرار. | تحضير المعدات واختبارها | أربع مراحل واضحة للمشروع. | أسئلة المشترين الأولى. | حدد الموقع وشكل النشر. | احصل على دفاع خبير بالطائرات بدون طيار!,.next-five-pages-v2/server/app/ar/about.html
/ar/accessories,ar,partial,75,ملحقات ومكونات UAV,6,true,true,false,true,true,880,29,3.295,1,11,H1 未命中关键词; 关键词密度偏高，需要检查堆砌风险,ملحقات ومكونات UAV | N-TET,تصفح مكونات UAV من N-TET للتحكم بالطيران والدفع وروابط البيانات والطاقة والحمولات الكهروبصرية في المشروعات الصناعية.,ملحقات ومكونات UAV | ملحقات الطائرات بدون طيار | مكونات UAV | حامل كهروبصري UAV | محرك UAV | رابط بيانات UAV,مكونات الطائرات بدون طيار لتكامل النظام,ملحقات الطائرات بدون طيار ومكونات UAV للمنصات الصناعية | وحدات التحكم بالطيران | محركات UAV | مراوح UAV | بطاريات UAV | حوامل كهروبصرية | محركات UAV | روابط بيانات UAV | وحدات تحكم UAV عن بُعد | الأسئلة الشائعة لمنتجات الملحقات | احصل على دفاع خبير بالطائرات بدون طيار!,.next-five-pages-v2/server/app/ar/accessories.html
/ar/accessories/fc-bt1,ar,strong,100,بطارية UAV صلبة FC-BT1,4,true,true,true,true,true,1551,11,0.709,1,5,,بطارية UAV صلبة FC-BT1 | N-TET Drone Accessories,يُستخدم بطارية UAV صلبة FC-BT1 في التفتيش الميداني والصيانة، مع دعم تكامل مكونات UAV ودعم المنصات وتنسيق فرق التشغيل حسب متطلبات الموقع. يساعد الحل على جمع المعلومات، وتوثيق الأحداث، وتحويل بيانات المراقبة إلى إجراءات قابلة للمراجعة دون كشف,بطارية UAV صلبة FC-BT1 | drone accessories | UAV components | industrial UAV parts,بطارية UAV صلبة FC-BT1,بطارية UAV صلبة FC-BT1 Technical Specifications | احصل على دفاع خبير بالطائرات بدون طيار! | نظرة عامة | المواصفات الفنية | احصل على دفاع خبير بالطائرات بدون طيار!,.next-five-pages-v2/server/app/ar/accessories/fc-bt1.html
/ar/accessories/fc-bt2,ar,strong,100,بطارية UAV صلبة FC-BT2,4,true,true,true,true,true,1409,11,0.781,1,5,,بطارية UAV صلبة FC-BT2 | N-TET Drone Accessories,يُستخدم بطارية UAV صلبة FC-BT2 في التفتيش الميداني والصيانة، مع دعم مراقبة المجال الجوي وتوثيق الأحداث وتنسيق فرق التشغيل حسب متطلبات الموقع. يساعد الحل على جمع المعلومات، وتوثيق الأحداث، وتحويل بيانات المراقبة إلى إجراءات قابلة للمراجعة دو,بطارية UAV صلبة FC-BT2 | drone accessories | UAV components | industrial UAV parts,بطارية UAV صلبة FC-BT2,بطارية UAV صلبة FC-BT2 Technical Specifications | احصل على دفاع خبير بالطائرات بدون طيار! | نظرة عامة | المواصفات الفنية | احصل على دفاع خبير بالطائرات بدون طيار!,.next-five-pages-v2/server/app/ar/accessories/fc-bt2.html
/ar/accessories/fc-bt3,ar,strong,100,بطارية UAV صلبة عالية الجهد FC-BT3,4,true,true,true,true,true,1181,11,0.931,1,5,,بطارية UAV صلبة عالية الجهد FC-BT3 | N-TET Drone Accessories,يُستخدم بطارية UAV صلبة عالية الجهد FC-BT3 في تشغيل مرافق الطاقة والبنية التحتية، مع دعم تكامل مكونات UAV ودعم المنصات وتنسيق فرق التشغيل حسب متطلبات الموقع. يساعد الحل على جمع المعلومات، وتوثيق الأحداث، وتحويل بيانات المراقبة إلى إجراءات ق,بطارية UAV صلبة عالية الجهد FC-BT3 | drone accessories | UAV components | industrial UAV parts,بطارية UAV صلبة عالية الجهد FC-BT3,بطارية UAV صلبة عالية الجهد FC-BT3 Technical Specifications | احصل على دفاع خبير بالطائرات بدون طيار! | نظرة عامة | المواصفات الفنية | احصل على دفاع خبير بالطائرات بدون طيار!,.next-five-pages-v2/server/app/ar/accessories/fc-bt3.html
/ar/accessories/fc-bt4,ar,strong,100,بطارية UAV صلبة عالية الطاقة FC-BT4,4,true,true,true,true,true,2039,11,0.539,1,5,,بطارية UAV صلبة عالية الطاقة FC-BT4 | N-TET Drone Accessories,يُستخدم بطارية UAV صلبة عالية الطاقة FC-BT4 في مراقبة المجال الجوي وتوثيق الأحداث، مع دعم الفحص الأمني وإدارة المواقع الحيوية وتنسيق فرق التشغيل حسب متطلبات الموقع. يساعد الحل على جمع المعلومات، وتوثيق الأحداث، وتحويل بيانات المراقبة إلى إج,بطارية UAV صلبة عالية الطاقة FC-BT4 | drone accessories | UAV components | industrial UAV parts,بطارية UAV صلبة عالية الطاقة FC-BT4,بطارية UAV صلبة عالية الطاقة FC-BT4 Technical Specifications | احصل على دفاع خبير بالطائرات بدون طيار! | نظرة عامة | المواصفات الفنية | احصل على دفاع خبير بالطائرات بدون طيار!,.next-five-pages-v2/server/app/ar/accessories/fc-bt4.html
/ar/accessories/fc-btg,ar,strong,100,بطارية UAV تدريبية صلبة FC-BTG,4,true,true,true,true,true,1266,11,0.869,1,5,,بطارية UAV تدريبية صلبة FC-BTG | N-TET Drone Accessories,يُستخدم بطارية UAV تدريبية صلبة FC-BTG في تشغيل مرافق الطاقة والبنية التحتية، مع دعم تكامل مكونات UAV ودعم المنصات وتنسيق فرق التشغيل حسب متطلبات الموقع. يساعد الحل على جمع المعلومات، وتوثيق الأحداث، وتحويل بيانات المراقبة إلى إجراءات قابلة,بطارية UAV تدريبية صلبة FC-BTG | drone accessories | UAV components | industrial UAV parts,بطارية UAV تدريبية صلبة FC-BTG,بطارية UAV تدريبية صلبة FC-BTG Technical Specifications | احصل على دفاع خبير بالطائرات بدون طيار! | نظرة عامة | المواصفات الفنية | احصل على دفاع خبير بالطائرات بدون طيار!,.next-five-pages-v2/server/app/ar/accessories/fc-btg.html
/ar/accessories/fc-c2d-propeller,ar,strong,100,مروحة UAV FC-C2D,4,true,true,true,true,true,1260,11,0.873,1,5,,مروحة UAV FC-C2D | N-TET Drone Accessories,يُستخدم مروحة UAV FC-C2D في تكامل مكونات UAV ودعم المنصات، مع دعم التحقق الميداني وتنسيق فرق التشغيل حسب متطلبات الموقع. يساعد الحل على جمع المعلومات، وتوثيق الأحداث، وتحويل بيانات المراقبة إلى إجراءات قابلة للمراجعة دون كشف تفاصيل تشغيلية,مروحة UAV FC-C2D | drone accessories | UAV components | industrial UAV parts,مروحة UAV FC-C2D,مروحة UAV FC-C2D Technical Specifications | احصل على دفاع خبير بالطائرات بدون طيار! | نظرة عامة | المواصفات الفنية | احصل على دفاع خبير بالطائرات بدون طيار!,.next-five-pages-v2/server/app/ar/accessories/fc-c2d-propeller.html
/ar/accessories/fc-c2e-propeller,ar,strong,100,مروحة UAV FC-C2E,4,true,true,true,true,true,1150,11,0.957,1,5,,مروحة UAV FC-C2E | N-TET Drone Accessories,يُستخدم مروحة UAV FC-C2E في تكامل مكونات UAV ودعم المنصات، مع دعم التحقق الميداني وتنسيق فرق التشغيل حسب متطلبات الموقع. يساعد الحل على جمع المعلومات، وتوثيق الأحداث، وتحويل بيانات المراقبة إلى إجراءات قابلة للمراجعة دون كشف تفاصيل تشغيلية,مروحة UAV FC-C2E | drone accessories | UAV components | industrial UAV parts,مروحة UAV FC-C2E,مروحة UAV FC-C2E Technical Specifications | احصل على دفاع خبير بالطائرات بدون طيار! | نظرة عامة | المواصفات الفنية | احصل على دفاع خبير بالطائرات بدون طيار!,.next-five-pages-v2/server/app/ar/accessories/fc-c2e-propeller.html
/ar/accessories/fc-c2t-propeller,ar,strong,100,مروحة UAV FC-C2T,4,true,true,true,true,true,1250,11,0.880,1,5,,مروحة UAV FC-C2T | N-TET Drone Accessories,يُستخدم مروحة UAV FC-C2T في تكامل مكونات UAV ودعم المنصات، مع دعم التحقق الميداني وتنسيق فرق التشغيل حسب متطلبات الموقع. يساعد الحل على جمع المعلومات، وتوثيق الأحداث، وتحويل بيانات المراقبة إلى إجراءات قابلة للمراجعة دون كشف تفاصيل تشغيلية,مروحة UAV FC-C2T | drone accessories | UAV components | industrial UAV parts,مروحة UAV FC-C2T,مروحة UAV FC-C2T Technical Specifications | احصل على دفاع خبير بالطائرات بدون طيار! | نظرة عامة | المواصفات الفنية | احصل على دفاع خبير بالطائرات بدون طيار!,.next-five-pages-v2/server/app/ar/accessories/fc-c2t-propeller.html
/ar/accessories/fc-c2u-propeller,ar,strong,100,مروحة UAV FC-C2U,4,true,true,true,true,true,1250,11,0.880,1,5,,مروحة UAV FC-C2U | N-TET Drone Accessories,يُستخدم مروحة UAV FC-C2U في تكامل مكونات UAV ودعم المنصات، مع دعم التحقق الميداني وتنسيق فرق التشغيل حسب متطلبات الموقع. يساعد الحل على جمع المعلومات، وتوثيق الأحداث، وتحويل بيانات المراقبة إلى إجراءات قابلة للمراجعة دون كشف تفاصيل تشغيلية,مروحة UAV FC-C2U | drone accessories | UAV components | industrial UAV parts,مروحة UAV FC-C2U,مروحة UAV FC-C2U Technical Specifications | احصل على دفاع خبير بالطائرات بدون طيار! | نظرة عامة | المواصفات الفنية | احصل على دفاع خبير بالطائرات بدون طيار!,.next-five-pages-v2/server/app/ar/accessories/fc-c2u-propeller.html
/ar/accessories/fc-c2ud-propeller,ar,strong,100,مروحة UAV FC-C2UD,4,true,true,true,true,true,1260,11,0.873,1,5,,مروحة UAV FC-C2UD | N-TET Drone Accessories,يُستخدم مروحة UAV FC-C2UD في تكامل مكونات UAV ودعم المنصات، مع دعم التحقق الميداني وتنسيق فرق التشغيل حسب متطلبات الموقع. يساعد الحل على جمع المعلومات، وتوثيق الأحداث، وتحويل بيانات المراقبة إلى إجراءات قابلة للمراجعة دون كشف تفاصيل تشغيلية,مروحة UAV FC-C2UD | drone accessories | UAV components | industrial UAV parts,مروحة UAV FC-C2UD,مروحة UAV FC-C2UD Technical Specifications | احصل على دفاع خبير بالطائرات بدون طيار! | نظرة عامة | المواصفات الفنية | احصل على دفاع خبير بالطائرات بدون طيار!,.next-five-pages-v2/server/app/ar/accessories/fc-c2ud-propeller.html
/ar/accessories/fc-fdj-111,ar,strong,100,محرك UAV FC-FDJ-111,4,true,true,true,true,true,946,11,1.163,1,5,,محرك UAV FC-FDJ-111 | N-TET Drone Accessories,يُستخدم محرك UAV FC-FDJ-111 في مراقبة المجال الجوي وتوثيق الأحداث، مع دعم تشغيل مرافق الطاقة والبنية التحتية وتنسيق فرق التشغيل حسب متطلبات الموقع. يساعد الحل على جمع المعلومات، وتوثيق الأحداث، وتحويل بيانات المراقبة إلى إجراءات قابلة للمرا,محرك UAV FC-FDJ-111 | drone accessories | UAV components | industrial UAV parts,محرك UAV FC-FDJ-111,محرك UAV FC-FDJ-111 Technical Specifications | احصل على دفاع خبير بالطائرات بدون طيار! | نظرة عامة | المواصفات الفنية | احصل على دفاع خبير بالطائرات بدون طيار!,.next-five-pages-v2/server/app/ar/accessories/fc-fdj-111.html
/ar/accessories/fc-fdj-120,ar,strong,100,محرك UAV FC-FDJ-120,4,true,true,true,true,true,944,11,1.165,1,5,,محرك UAV FC-FDJ-120 | N-TET Drone Accessories,يُستخدم محرك UAV FC-FDJ-120 في مراقبة المجال الجوي وتوثيق الأحداث، مع دعم تشغيل مرافق الطاقة والبنية التحتية وتنسيق فرق التشغيل حسب متطلبات الموقع. يساعد الحل على جمع المعلومات، وتوثيق الأحداث، وتحويل بيانات المراقبة إلى إجراءات قابلة للمرا,محرك UAV FC-FDJ-120 | drone accessories | UAV components | industrial UAV parts,محرك UAV FC-FDJ-120,محرك UAV FC-FDJ-120 Technical Specifications | احصل على دفاع خبير بالطائرات بدون طيار! | نظرة عامة | المواصفات الفنية | احصل على دفاع خبير بالطائرات بدون طيار!,.next-five-pages-v2/server/app/ar/accessories/fc-fdj-120.html
/ar/accessories/fc-fdj-120hd,ar,strong,100,محرك UAV FC-FDJ-120HD,4,true,true,true,true,true,916,11,1.201,1,5,,محرك UAV FC-FDJ-120HD | N-TET Drone Accessories,يُستخدم محرك UAV FC-FDJ-120HD في مراقبة المجال الجوي وتوثيق الأحداث، مع دعم تشغيل مرافق الطاقة والبنية التحتية وتنسيق فرق التشغيل حسب متطلبات الموقع. يساعد الحل على جمع المعلومات، وتوثيق الأحداث، وتحويل بيانات المراقبة إلى إجراءات قابلة للم,محرك UAV FC-FDJ-120HD | drone accessories | UAV components | industrial UAV parts,محرك UAV FC-FDJ-120HD,محرك UAV FC-FDJ-120HD Technical Specifications | احصل على دفاع خبير بالطائرات بدون طيار! | نظرة عامة | المواصفات الفنية | احصل على دفاع خبير بالطائرات بدون طيار!,.next-five-pages-v2/server/app/ar/accessories/fc-fdj-120hd.html
/ar/accessories/fc-fdj-170,ar,strong,100,محرك UAV FC-FDJ-170,4,true,true,true,true,true,934,11,1.178,1,5,,محرك UAV FC-FDJ-170 | N-TET Drone Accessories,يُستخدم محرك UAV FC-FDJ-170 في مراقبة المجال الجوي وتوثيق الأحداث، مع دعم تشغيل مرافق الطاقة والبنية التحتية وتنسيق فرق التشغيل حسب متطلبات الموقع. يساعد الحل على جمع المعلومات، وتوثيق الأحداث، وتحويل بيانات المراقبة إلى إجراءات قابلة للمرا,محرك UAV FC-FDJ-170 | drone accessories | UAV components | industrial UAV parts,محرك UAV FC-FDJ-170,محرك UAV FC-FDJ-170 Technical Specifications | احصل على دفاع خبير بالطائرات بدون طيار! | نظرة عامة | المواصفات الفنية | احصل على دفاع خبير بالطائرات بدون طيار!,.next-five-pages-v2/server/app/ar/accessories/fc-fdj-170.html
/ar/accessories/fc-fdj-200,ar,strong,100,محرك UAV FC-FDJ-200,4,true,true,true,true,true,904,11,1.217,1,5,,محرك UAV FC-FDJ-200 | N-TET Drone Accessories,يُستخدم محرك UAV FC-FDJ-200 في مراقبة المجال الجوي وتوثيق الأحداث، مع دعم تشغيل مرافق الطاقة والبنية التحتية وتنسيق فرق التشغيل حسب متطلبات الموقع. يساعد الحل على جمع المعلومات، وتوثيق الأحداث، وتحويل بيانات المراقبة إلى إجراءات قابلة للمرا,محرك UAV FC-FDJ-200 | drone accessories | UAV components | industrial UAV parts,محرك UAV FC-FDJ-200,محرك UAV FC-FDJ-200 Technical Specifications | احصل على دفاع خبير بالطائرات بدون طيار! | نظرة عامة | المواصفات الفنية | احصل على دفاع خبير بالطائرات بدون طيار!,.next-five-pages-v2/server/app/ar/accessories/fc-fdj-200.html
/ar/accessories/fc-fdj-222,ar,strong,100,محرك UAV FC-FDJ-222,4,true,true,true,true,true,940,11,1.170,1,5,,محرك UAV FC-FDJ-222 | N-TET Drone Accessories,يُستخدم محرك UAV FC-FDJ-222 في مراقبة المجال الجوي وتوثيق الأحداث، مع دعم تشغيل مرافق الطاقة والبنية التحتية وتنسيق فرق التشغيل حسب متطلبات الموقع. يساعد الحل على جمع المعلومات، وتوثيق الأحداث، وتحويل بيانات المراقبة إلى إجراءات قابلة للمرا,محرك UAV FC-FDJ-222 | drone accessories | UAV components | industrial UAV parts,محرك UAV FC-FDJ-222,محرك UAV FC-FDJ-222 Technical Specifications | احصل على دفاع خبير بالطائرات بدون طيار! | نظرة عامة | المواصفات الفنية | احصل على دفاع خبير بالطائرات بدون طيار!,.next-five-pages-v2/server/app/ar/accessories/fc-fdj-222.html
/ar/accessories/fc-fdj-430,ar,strong,100,محرك UAV FC-FDJ-430,4,true,true,true,true,true,954,11,1.153,1,5,,محرك UAV FC-FDJ-430 | N-TET Drone Accessories,يُستخدم محرك UAV FC-FDJ-430 في مراقبة المجال الجوي وتوثيق الأحداث، مع دعم تشغيل مرافق الطاقة والبنية التحتية وتنسيق فرق التشغيل حسب متطلبات الموقع. يساعد الحل على جمع المعلومات، وتوثيق الأحداث، وتحويل بيانات المراقبة إلى إجراءات قابلة للمرا,محرك UAV FC-FDJ-430 | drone accessories | UAV components | industrial UAV parts,محرك UAV FC-FDJ-430,محرك UAV FC-FDJ-430 Technical Specifications | احصل على دفاع خبير بالطائرات بدون طيار! | نظرة عامة | المواصفات الفنية | احصل على دفاع خبير بالطائرات بدون طيار!,.next-five-pages-v2/server/app/ar/accessories/fc-fdj-430.html
/ar/accessories/fc-fdj-55,ar,strong,100,محرك UAV FC-FDJ-55,4,true,true,true,true,true,946,11,1.163,1,5,,محرك UAV FC-FDJ-55 | N-TET Drone Accessories,يُستخدم محرك UAV FC-FDJ-55 في مراقبة المجال الجوي وتوثيق الأحداث، مع دعم تشغيل مرافق الطاقة والبنية التحتية وتنسيق فرق التشغيل حسب متطلبات الموقع. يساعد الحل على جمع المعلومات، وتوثيق الأحداث، وتحويل بيانات المراقبة إلى إجراءات قابلة للمراج,محرك UAV FC-FDJ-55 | drone accessories | UAV components | industrial UAV parts,محرك UAV FC-FDJ-55,محرك UAV FC-FDJ-55 Technical Specifications | احصل على دفاع خبير بالطائرات بدون طيار! | نظرة عامة | المواصفات الفنية | احصل على دفاع خبير بالطائرات بدون طيار!,.next-five-pages-v2/server/app/ar/accessories/fc-fdj-55.html
/ar/accessories/fc-fdj-60,ar,strong,100,محرك UAV FC-FDJ-60,4,true,true,true,true,true,944,11,1.165,1,5,,محرك UAV FC-FDJ-60 | N-TET Drone Accessories,يُستخدم محرك UAV FC-FDJ-60 في مراقبة المجال الجوي وتوثيق الأحداث، مع دعم تشغيل مرافق الطاقة والبنية التحتية وتنسيق فرق التشغيل حسب متطلبات الموقع. يساعد الحل على جمع المعلومات، وتوثيق الأحداث، وتحويل بيانات المراقبة إلى إجراءات قابلة للمراج,محرك UAV FC-FDJ-60 | drone accessories | UAV components | industrial UAV parts,محرك UAV FC-FDJ-60,محرك UAV FC-FDJ-60 Technical Specifications | احصل على دفاع خبير بالطائرات بدون طيار! | نظرة عامة | المواصفات الفنية | احصل على دفاع خبير بالطائرات بدون طيار!,.next-five-pages-v2/server/app/ar/accessories/fc-fdj-60.html
/ar/accessories/fc-fdj-61,ar,strong,100,محرك UAV FC-FDJ-61,4,true,true,true,true,true,940,11,1.170,1,5,,محرك UAV FC-FDJ-61 | N-TET Drone Accessories,يُستخدم محرك UAV FC-FDJ-61 في مراقبة المجال الجوي وتوثيق الأحداث، مع دعم تشغيل مرافق الطاقة والبنية التحتية وتنسيق فرق التشغيل حسب متطلبات الموقع. يساعد الحل على جمع المعلومات، وتوثيق الأحداث، وتحويل بيانات المراقبة إلى إجراءات قابلة للمراج,محرك UAV FC-FDJ-61 | drone accessories | UAV components | industrial UAV parts,محرك UAV FC-FDJ-61,محرك UAV FC-FDJ-61 Technical Specifications | احصل على دفاع خبير بالطائرات بدون طيار! | نظرة عامة | المواصفات الفنية | احصل على دفاع خبير بالطائرات بدون طيار!,.next-five-pages-v2/server/app/ar/accessories/fc-fdj-61.html
/ar/accessories/fc-fdj-70hd,ar,strong,100,محرك UAV FC-FDJ-70HD,4,true,true,true,true,true,916,11,1.201,1,5,,محرك UAV FC-FDJ-70HD | N-TET Drone Accessories,يُستخدم محرك UAV FC-FDJ-70HD في مراقبة المجال الجوي وتوثيق الأحداث، مع دعم تشغيل مرافق الطاقة والبنية التحتية وتنسيق فرق التشغيل حسب متطلبات الموقع. يساعد الحل على جمع المعلومات، وتوثيق الأحداث، وتحويل بيانات المراقبة إلى إجراءات قابلة للمر,محرك UAV FC-FDJ-70HD | drone accessories | UAV components | industrial UAV parts,محرك UAV FC-FDJ-70HD,محرك UAV FC-FDJ-70HD Technical Specifications | احصل على دفاع خبير بالطائرات بدون طيار! | نظرة عامة | المواصفات الفنية | احصل على دفاع خبير بالطائرات بدون طيار!,.next-five-pages-v2/server/app/ar/accessories/fc-fdj-70hd.html
/ar/accessories/fc-fdj-85,ar,strong,100,محرك UAV FC-FDJ-85,4,true,true,true,true,true,936,11,1.175,1,5,,محرك UAV FC-FDJ-85 | N-TET Drone Accessories,يُستخدم محرك UAV FC-FDJ-85 في مراقبة المجال الجوي وتوثيق الأحداث، مع دعم تشغيل مرافق الطاقة والبنية التحتية وتنسيق فرق التشغيل حسب متطلبات الموقع. يساعد الحل على جمع المعلومات، وتوثيق الأحداث، وتحويل بيانات المراقبة إلى إجراءات قابلة للمراج,محرك UAV FC-FDJ-85 | drone accessories | UAV components | industrial UAV parts,محرك UAV FC-FDJ-85,محرك UAV FC-FDJ-85 Technical Specifications | احصل على دفاع خبير بالطائرات بدون طيار! | نظرة عامة | المواصفات الفنية | احصل على دفاع خبير بالطائرات بدون طيار!,.next-five-pages-v2/server/app/ar/accessories/fc-fdj-85.html
/ar/accessories/fc-l10tr-three-light-gimbal,ar,strong,100,حامل كهروبصري FC-L10TR,4,true,true,true,true,true,1014,11,1.085,1,5,,حامل كهروبصري FC-L10TR | N-TET Drone Accessories,يُستخدم حامل كهروبصري FC-L10TR في تكامل مكونات UAV ودعم المنصات، مع دعم التحقق الميداني وتنسيق فرق التشغيل حسب متطلبات الموقع. يساعد الحل على جمع المعلومات، وتوثيق الأحداث، وتحويل بيانات المراقبة إلى إجراءات قابلة للمراجعة دون كشف تفاصيل تش,حامل كهروبصري FC-L10TR | drone accessories | UAV components | industrial UAV parts,حامل كهروبصري FC-L10TR,حامل كهروبصري FC-L10TR Technical Specifications | احصل على دفاع خبير بالطائرات بدون طيار! | نظرة عامة | المواصفات الفنية | احصل على دفاع خبير بالطائرات بدون طيار!,.next-five-pages-v2/server/app/ar/accessories/fc-l10tr-three-light-gimbal.html
/ar/accessories/fc-l40-smart-optical-pod,ar,strong,100,حامل كهروبصري FC-L40,4,true,true,true,true,true,974,11,1.129,1,5,,حامل كهروبصري FC-L40 | N-TET Drone Accessories,يُستخدم حامل كهروبصري FC-L40 في تكامل مكونات UAV ودعم المنصات، مع دعم التحقق الميداني وتنسيق فرق التشغيل حسب متطلبات الموقع. يساعد الحل على جمع المعلومات، وتوثيق الأحداث، وتحويل بيانات المراقبة إلى إجراءات قابلة للمراجعة دون كشف تفاصيل تشغي,حامل كهروبصري FC-L40 | drone accessories | UAV components | industrial UAV parts,حامل كهروبصري FC-L40,حامل كهروبصري FC-L40 Technical Specifications | احصل على دفاع خبير بالطائرات بدون طيار! | نظرة عامة | المواصفات الفنية | احصل على دفاع خبير بالطائرات بدون طيار!,.next-five-pages-v2/server/app/ar/accessories/fc-l40-smart-optical-pod.html
/ar/accessories/fc-l40t-dual-light-gimbal,ar,strong,100,حامل كهروبصري FC-L40T,4,true,true,true,true,true,998,11,1.102,1,5,,حامل كهروبصري FC-L40T | N-TET Drone Accessories,يُستخدم حامل كهروبصري FC-L40T في تكامل مكونات UAV ودعم المنصات، مع دعم التحقق الميداني وتنسيق فرق التشغيل حسب متطلبات الموقع. يساعد الحل على جمع المعلومات، وتوثيق الأحداث، وتحويل بيانات المراقبة إلى إجراءات قابلة للمراجعة دون كشف تفاصيل تشغ,حامل كهروبصري FC-L40T | drone accessories | UAV components | industrial UAV parts,حامل كهروبصري FC-L40T,حامل كهروبصري FC-L40T Technical Specifications | احصل على دفاع خبير بالطائرات بدون طيار! | نظرة عامة | المواصفات الفنية | احصل على دفاع خبير بالطائرات بدون طيار!,.next-five-pages-v2/server/app/ar/accessories/fc-l40t-dual-light-gimbal.html
/ar/accessories/fc-l40tr-smart-optical-pod,ar,strong,100,حامل كهروبصري FC-L40TR,4,true,true,true,true,true,1012,11,1.087,1,5,,حامل كهروبصري FC-L40TR | N-TET Drone Accessories,يُستخدم حامل كهروبصري FC-L40TR في تكامل مكونات UAV ودعم المنصات، مع دعم التحقق الميداني وتنسيق فرق التشغيل حسب متطلبات الموقع. يساعد الحل على جمع المعلومات، وتوثيق الأحداث، وتحويل بيانات المراقبة إلى إجراءات قابلة للمراجعة دون كشف تفاصيل تش,حامل كهروبصري FC-L40TR | drone accessories | UAV components | industrial UAV parts,حامل كهروبصري FC-L40TR,حامل كهروبصري FC-L40TR Technical Specifications | احصل على دفاع خبير بالطائرات بدون طيار! | نظرة عامة | المواصفات الفنية | احصل على دفاع خبير بالطائرات بدون طيار!,.next-five-pages-v2/server/app/ar/accessories/fc-l40tr-smart-optical-pod.html
/ar/accessories/fc-l50-smart-optical-pod,ar,strong,100,حامل كهروبصري FC-L50,4,true,true,true,true,true,986,11,1.116,1,5,,حامل كهروبصري FC-L50 | N-TET Drone Accessories,يُستخدم حامل كهروبصري FC-L50 في تكامل مكونات UAV ودعم المنصات، مع دعم التحقق الميداني وتنسيق فرق التشغيل حسب متطلبات الموقع. يساعد الحل على جمع المعلومات، وتوثيق الأحداث، وتحويل بيانات المراقبة إلى إجراءات قابلة للمراجعة دون كشف تفاصيل تشغي,حامل كهروبصري FC-L50 | drone accessories | UAV components | industrial UAV parts,حامل كهروبصري FC-L50,حامل كهروبصري FC-L50 Technical Specifications | احصل على دفاع خبير بالطائرات بدون طيار! | نظرة عامة | المواصفات الفنية | احصل على دفاع خبير بالطائرات بدون طيار!,.next-five-pages-v2/server/app/ar/accessories/fc-l50-smart-optical-pod.html
/ar/accessories/fc-ln100-dual-light-gimbal,ar,strong,100,حامل كهروبصري FC-LN100,4,true,true,true,true,true,1014,11,1.085,1,5,,حامل كهروبصري FC-LN100 | N-TET Drone Accessories,يُستخدم حامل كهروبصري FC-LN100 في تشغيل مرافق الطاقة والبنية التحتية، مع دعم تكامل مكونات UAV ودعم المنصات وتنسيق فرق التشغيل حسب متطلبات الموقع. يساعد الحل على جمع المعلومات، وتوثيق الأحداث، وتحويل بيانات المراقبة إلى إجراءات قابلة للمراجع,حامل كهروبصري FC-LN100 | drone accessories | UAV components | industrial UAV parts,حامل كهروبصري FC-LN100,حامل كهروبصري FC-LN100 Technical Specifications | احصل على دفاع خبير بالطائرات بدون طيار! | نظرة عامة | المواصفات الفنية | احصل على دفاع خبير بالطائرات بدون طيار!,.next-five-pages-v2/server/app/ar/accessories/fc-ln100-dual-light-gimbal.html
/ar/accessories/fc-ln95-dual-light-gimbal,ar,strong,100,حامل كهروبصري FC-LN95,4,true,true,true,true,true,970,11,1.134,1,5,,حامل كهروبصري FC-LN95 | N-TET Drone Accessories,يُستخدم حامل كهروبصري FC-LN95 في تكامل مكونات UAV ودعم المنصات، مع دعم التحقق الميداني وتنسيق فرق التشغيل حسب متطلبات الموقع. يساعد الحل على جمع المعلومات، وتوثيق الأحداث، وتحويل بيانات المراقبة إلى إجراءات قابلة للمراجعة دون كشف تفاصيل تشغ,حامل كهروبصري FC-LN95 | drone accessories | UAV components | industrial UAV parts,حامل كهروبصري FC-LN95,حامل كهروبصري FC-LN95 Technical Specifications | احصل على دفاع خبير بالطائرات بدون طيار! | نظرة عامة | المواصفات الفنية | احصل على دفاع خبير بالطائرات بدون طيار!,.next-five-pages-v2/server/app/ar/accessories/fc-ln95-dual-light-gimbal.html
/ar/accessories/fc-max-5330,ar,strong,100,محرك UAV FC-MAX 5330,4,true,true,true,true,true,7017,11,0.157,1,5,,محرك UAV FC-MAX 5330 | N-TET Drone Accessories,يُستخدم محرك UAV FC-MAX 5330 في تكامل مكونات UAV ودعم المنصات، مع دعم التحقق الميداني وتنسيق فرق التشغيل حسب متطلبات الموقع. يساعد الحل على جمع المعلومات، وتوثيق الأحداث، وتحويل بيانات المراقبة إلى إجراءات قابلة للمراجعة دون كشف تفاصيل تشغي,محرك UAV FC-MAX 5330 | drone accessories | UAV components | industrial UAV parts,محرك UAV FC-MAX 5330,محرك UAV FC-MAX 5330 Technical Specifications | احصل على دفاع خبير بالطائرات بدون طيار! | نظرة عامة | المواصفات الفنية | احصل على دفاع خبير بالطائرات بدون طيار!,.next-five-pages-v2/server/app/ar/accessories/fc-max-5330.html
/ar/accessories/fc-mesh-100,ar,strong,100,رابط بيانات UAV FC-Mesh-100,4,true,true,true,true,true,937,11,1.174,1,5,,رابط بيانات UAV FC-Mesh-100 | N-TET Drone Accessories,يُستخدم رابط بيانات UAV FC-Mesh-100 في الدعم الطارئ واستمرارية العمليات، مع دعم تكامل مكونات UAV ودعم المنصات وتنسيق فرق التشغيل حسب متطلبات الموقع. يساعد الحل على جمع المعلومات، وتوثيق الأحداث، وتحويل بيانات المراقبة إلى إجراءات قابلة للمر,رابط بيانات UAV FC-Mesh-100 | drone accessories | UAV components | industrial UAV parts,رابط بيانات UAV FC-Mesh-100,رابط بيانات UAV FC-Mesh-100 Technical Specifications | احصل على دفاع خبير بالطائرات بدون طيار! | نظرة عامة | المواصفات الفنية | احصل على دفاع خبير بالطائرات بدون طيار!,.next-five-pages-v2/server/app/ar/accessories/fc-mesh-100.html
/ar/accessories/fc-mini-l10tr-smart-optical-pod,ar,strong,100,حامل كهروبصري FC-MiniL10TR,4,true,true,true,true,true,978,11,1.125,1,5,,حامل كهروبصري FC-MiniL10TR | N-TET Drone Accessories,يُستخدم حامل كهروبصري FC-MiniL10TR في تكامل مكونات UAV ودعم المنصات، مع دعم التحقق الميداني وتنسيق فرق التشغيل حسب متطلبات الموقع. يساعد الحل على جمع المعلومات، وتوثيق الأحداث، وتحويل بيانات المراقبة إلى إجراءات قابلة للمراجعة دون كشف تفاصي,حامل كهروبصري FC-MiniL10TR | drone accessories | UAV components | industrial UAV parts,حامل كهروبصري FC-MiniL10TR,حامل كهروبصري FC-MiniL10TR Technical Specifications | احصل على دفاع خبير بالطائرات بدون طيار! | نظرة عامة | المواصفات الفنية | احصل على دفاع خبير بالطائرات بدون طيار!,.next-five-pages-v2/server/app/ar/accessories/fc-mini-l10tr-smart-optical-pod.html
/ar/accessories/fc-pab-propeller,ar,strong,100,مروحة UAV FC-PAB,4,true,true,true,true,true,1254,11,0.877,1,5,,مروحة UAV FC-PAB | N-TET Drone Accessories,يُستخدم مروحة UAV FC-PAB في تكامل مكونات UAV ودعم المنصات، مع دعم التحقق الميداني وتنسيق فرق التشغيل حسب متطلبات الموقع. يساعد الحل على جمع المعلومات، وتوثيق الأحداث، وتحويل بيانات المراقبة إلى إجراءات قابلة للمراجعة دون كشف تفاصيل تشغيلية,مروحة UAV FC-PAB | drone accessories | UAV components | industrial UAV parts,مروحة UAV FC-PAB,مروحة UAV FC-PAB Technical Specifications | احصل على دفاع خبير بالطائرات بدون طيار! | نظرة عامة | المواصفات الفنية | احصل على دفاع خبير بالطائرات بدون طيار!,.next-five-pages-v2/server/app/ar/accessories/fc-pab-propeller.html
/ar/accessories/fc-pad-propeller,ar,strong,100,مروحة UAV FC-PAD,4,true,true,true,true,true,1254,11,0.877,1,5,,مروحة UAV FC-PAD | N-TET Drone Accessories,يُستخدم مروحة UAV FC-PAD في تكامل مكونات UAV ودعم المنصات، مع دعم التحقق الميداني وتنسيق فرق التشغيل حسب متطلبات الموقع. يساعد الحل على جمع المعلومات، وتوثيق الأحداث، وتحويل بيانات المراقبة إلى إجراءات قابلة للمراجعة دون كشف تفاصيل تشغيلية,مروحة UAV FC-PAD | drone accessories | UAV components | industrial UAV parts,مروحة UAV FC-PAD,مروحة UAV FC-PAD Technical Specifications | احصل على دفاع خبير بالطائرات بدون طيار! | نظرة عامة | المواصفات الفنية | احصل على دفاع خبير بالطائرات بدون طيار!,.next-five-pages-v2/server/app/ar/accessories/fc-pad-propeller.html
/ar/accessories/fc-pae-propeller,ar,strong,100,مروحة UAV FC-PAE,4,true,true,true,true,true,1264,11,0.870,1,5,,مروحة UAV FC-PAE | N-TET Drone Accessories,يُستخدم مروحة UAV FC-PAE في تكامل مكونات UAV ودعم المنصات، مع دعم التحقق الميداني وتنسيق فرق التشغيل حسب متطلبات الموقع. يساعد الحل على جمع المعلومات، وتوثيق الأحداث، وتحويل بيانات المراقبة إلى إجراءات قابلة للمراجعة دون كشف تفاصيل تشغيلية,مروحة UAV FC-PAE | drone accessories | UAV components | industrial UAV parts,مروحة UAV FC-PAE,مروحة UAV FC-PAE Technical Specifications | احصل على دفاع خبير بالطائرات بدون طيار! | نظرة عامة | المواصفات الفنية | احصل على دفاع خبير بالطائرات بدون طيار!,.next-five-pages-v2/server/app/ar/accessories/fc-pae-propeller.html
/ar/accessories/fc-pbf-propeller,ar,strong,100,مروحة UAV FC-PBF,4,true,true,true,true,true,1154,11,0.953,1,5,,مروحة UAV FC-PBF | N-TET Drone Accessories,يُستخدم مروحة UAV FC-PBF في تكامل مكونات UAV ودعم المنصات، مع دعم التحقق الميداني وتنسيق فرق التشغيل حسب متطلبات الموقع. يساعد الحل على جمع المعلومات، وتوثيق الأحداث، وتحويل بيانات المراقبة إلى إجراءات قابلة للمراجعة دون كشف تفاصيل تشغيلية,مروحة UAV FC-PBF | drone accessories | UAV components | industrial UAV parts,مروحة UAV FC-PBF,مروحة UAV FC-PBF Technical Specifications | احصل على دفاع خبير بالطائرات بدون طيار! | نظرة عامة | المواصفات الفنية | احصل على دفاع خبير بالطائرات بدون طيار!,.next-five-pages-v2/server/app/ar/accessories/fc-pbf-propeller.html
/ar/accessories/fc-rm10x,ar,strong,100,محرك UAV FC-RM10X,4,true,true,true,true,true,2078,11,0.529,1,5,,محرك UAV FC-RM10X | N-TET Drone Accessories,يُستخدم محرك UAV FC-RM10X في تكامل مكونات UAV ودعم المنصات، مع دعم التحقق الميداني وتنسيق فرق التشغيل حسب متطلبات الموقع. يساعد الحل على جمع المعلومات، وتوثيق الأحداث، وتحويل بيانات المراقبة إلى إجراءات قابلة للمراجعة دون كشف تفاصيل تشغيلية,محرك UAV FC-RM10X | drone accessories | UAV components | industrial UAV parts,محرك UAV FC-RM10X,محرك UAV FC-RM10X Technical Specifications | احصل على دفاع خبير بالطائرات بدون طيار! | نظرة عامة | المواصفات الفنية | احصل على دفاع خبير بالطائرات بدون طيار!,.next-five-pages-v2/server/app/ar/accessories/fc-rm10x.html
/ar/accessories/fc-rm30,ar,strong,100,محرك UAV FC-RM30,4,true,true,true,true,true,8348,11,0.132,1,5,,محرك UAV FC-RM30 | N-TET Drone Accessories,يُستخدم محرك UAV FC-RM30 في تكامل مكونات UAV ودعم المنصات، مع دعم التحقق الميداني وتنسيق فرق التشغيل حسب متطلبات الموقع. يساعد الحل على جمع المعلومات، وتوثيق الأحداث، وتحويل بيانات المراقبة إلى إجراءات قابلة للمراجعة دون كشف تفاصيل تشغيلية,محرك UAV FC-RM30 | drone accessories | UAV components | industrial UAV parts,محرك UAV FC-RM30,محرك UAV FC-RM30 Technical Specifications | احصل على دفاع خبير بالطائرات بدون طيار! | نظرة عامة | المواصفات الفنية | احصل على دفاع خبير بالطائرات بدون طيار!,.next-five-pages-v2/server/app/ar/accessories/fc-rm30.html
/ar/accessories/fc-sjl-100,ar,strong,100,رابط بيانات UAV FC-SJL-100,4,true,true,true,true,true,931,11,1.182,1,5,,رابط بيانات UAV FC-SJL-100 | N-TET Drone Accessories,يُستخدم رابط بيانات UAV FC-SJL-100 في مراقبة المجال الجوي وتوثيق الأحداث، مع دعم تشغيل مرافق الطاقة والبنية التحتية وتنسيق فرق التشغيل حسب متطلبات الموقع. يساعد الحل على جمع المعلومات، وتوثيق الأحداث، وتحويل بيانات المراقبة إلى إجراءات قابل,رابط بيانات UAV FC-SJL-100 | drone accessories | UAV components | industrial UAV parts,رابط بيانات UAV FC-SJL-100,رابط بيانات UAV FC-SJL-100 Technical Specifications | احصل على دفاع خبير بالطائرات بدون طيار! | نظرة عامة | المواصفات الفنية | احصل على دفاع خبير بالطائرات بدون طيار!,.next-five-pages-v2/server/app/ar/accessories/fc-sjl-100.html
/ar/accessories/fc-sjl-200,ar,strong,100,رابط بيانات UAV FC-SJL-200,4,true,true,true,true,true,947,11,1.162,1,5,,رابط بيانات UAV FC-SJL-200 | N-TET Drone Accessories,يُستخدم رابط بيانات UAV FC-SJL-200 في تشغيل مرافق الطاقة والبنية التحتية، مع دعم تكامل مكونات UAV ودعم المنصات وتنسيق فرق التشغيل حسب متطلبات الموقع. يساعد الحل على جمع المعلومات، وتوثيق الأحداث، وتحويل بيانات المراقبة إلى إجراءات قابلة للم,رابط بيانات UAV FC-SJL-200 | drone accessories | UAV components | industrial UAV parts,رابط بيانات UAV FC-SJL-200,رابط بيانات UAV FC-SJL-200 Technical Specifications | احصل على دفاع خبير بالطائرات بدون طيار! | نظرة عامة | المواصفات الفنية | احصل على دفاع خبير بالطائرات بدون طيار!,.next-five-pages-v2/server/app/ar/accessories/fc-sjl-200.html
/ar/accessories/fc-sjl-30,ar,strong,100,رابط بيانات UAV FC-SJL-30,4,true,true,true,true,true,931,11,1.182,1,5,,رابط بيانات UAV FC-SJL-30 | N-TET Drone Accessories,يُستخدم رابط بيانات UAV FC-SJL-30 في تكامل مكونات UAV ودعم المنصات، مع دعم التحقق الميداني وتنسيق فرق التشغيل حسب متطلبات الموقع. يساعد الحل على جمع المعلومات، وتوثيق الأحداث، وتحويل بيانات المراقبة إلى إجراءات قابلة للمراجعة دون كشف تفاصيل,رابط بيانات UAV FC-SJL-30 | drone accessories | UAV components | industrial UAV parts,رابط بيانات UAV FC-SJL-30,رابط بيانات UAV FC-SJL-30 Technical Specifications | احصل على دفاع خبير بالطائرات بدون طيار! | نظرة عامة | المواصفات الفنية | احصل على دفاع خبير بالطائرات بدون طيار!,.next-five-pages-v2/server/app/ar/accessories/fc-sjl-30.html
/ar/accessories/fc-sjl-380,ar,strong,100,رابط بيانات UAV FC-SJL-380,4,true,true,true,true,true,939,11,1.171,1,5,,رابط بيانات UAV FC-SJL-380 | N-TET Drone Accessories,يُستخدم رابط بيانات UAV FC-SJL-380 في تشغيل مرافق الطاقة والبنية التحتية، مع دعم تكامل مكونات UAV ودعم المنصات وتنسيق فرق التشغيل حسب متطلبات الموقع. يساعد الحل على جمع المعلومات، وتوثيق الأحداث، وتحويل بيانات المراقبة إلى إجراءات قابلة للم,رابط بيانات UAV FC-SJL-380 | drone accessories | UAV components | industrial UAV parts,رابط بيانات UAV FC-SJL-380,رابط بيانات UAV FC-SJL-380 Technical Specifications | احصل على دفاع خبير بالطائرات بدون طيار! | نظرة عامة | المواصفات الفنية | احصل على دفاع خبير بالطائرات بدون طيار!,.next-five-pages-v2/server/app/ar/accessories/fc-sjl-380.html
/ar/accessories/fc-sjl-50,ar,strong,100,رابط بيانات UAV FC-SJL-50,4,true,true,true,true,true,937,11,1.174,1,5,,رابط بيانات UAV FC-SJL-50 | N-TET Drone Accessories,يُستخدم رابط بيانات UAV FC-SJL-50 في تكامل مكونات UAV ودعم المنصات، مع دعم التحقق الميداني وتنسيق فرق التشغيل حسب متطلبات الموقع. يساعد الحل على جمع المعلومات، وتوثيق الأحداث، وتحويل بيانات المراقبة إلى إجراءات قابلة للمراجعة دون كشف تفاصيل,رابط بيانات UAV FC-SJL-50 | drone accessories | UAV components | industrial UAV parts,رابط بيانات UAV FC-SJL-50,رابط بيانات UAV FC-SJL-50 Technical Specifications | احصل على دفاع خبير بالطائرات بدون طيار! | نظرة عامة | المواصفات الفنية | احصل على دفاع خبير بالطائرات بدون طيار!,.next-five-pages-v2/server/app/ar/accessories/fc-sjl-50.html
/ar/accessories/fc-u10-pro,ar,strong,100,وحدة تحكم بالطيران FC-U10-PRO,4,true,true,true,true,true,915,11,1.202,1,5,,وحدة تحكم بالطيران FC-U10-PRO | N-TET Drone Accessories,يُستخدم وحدة تحكم بالطيران FC-U10-PRO في تشغيل مرافق الطاقة والبنية التحتية، مع دعم تكامل مكونات UAV ودعم المنصات وتنسيق فرق التشغيل حسب متطلبات الموقع. يساعد الحل على جمع المعلومات، وتوثيق الأحداث، وتحويل بيانات المراقبة إلى إجراءات قابلة,وحدة تحكم بالطيران FC-U10-PRO | drone accessories | UAV components | industrial UAV parts,وحدة تحكم بالطيران FC-U10-PRO,وحدة تحكم بالطيران FC-U10-PRO Technical Specifications | احصل على دفاع خبير بالطائرات بدون طيار! | نظرة عامة | المواصفات الفنية | احصل على دفاع خبير بالطائرات بدون طيار!,.next-five-pages-v2/server/app/ar/accessories/fc-u10-pro.html
/ar/accessories/fc-u110,ar,strong,100,محرك UAV FC-U110,4,true,true,true,true,true,7888,11,0.139,1,5,,محرك UAV FC-U110 | N-TET Drone Accessories,يُستخدم محرك UAV FC-U110 في تكامل مكونات UAV ودعم المنصات، مع دعم التحقق الميداني وتنسيق فرق التشغيل حسب متطلبات الموقع. يساعد الحل على جمع المعلومات، وتوثيق الأحداث، وتحويل بيانات المراقبة إلى إجراءات قابلة للمراجعة دون كشف تفاصيل تشغيلية,محرك UAV FC-U110 | drone accessories | UAV components | industrial UAV parts,محرك UAV FC-U110,محرك UAV FC-U110 Technical Specifications | احصل على دفاع خبير بالطائرات بدون طيار! | نظرة عامة | المواصفات الفنية | احصل على دفاع خبير بالطائرات بدون طيار!,.next-five-pages-v2/server/app/ar/accessories/fc-u110.html
/ar/accessories/fc-u12,ar,strong,100,وحدة تحكم بالطيران FC-U12,4,true,true,true,true,true,909,11,1.210,1,5,,وحدة تحكم بالطيران FC-U12 | N-TET Drone Accessories,يُستخدم وحدة تحكم بالطيران FC-U12 في تكامل مكونات UAV ودعم المنصات، مع دعم التحقق الميداني وتنسيق فرق التشغيل حسب متطلبات الموقع. يساعد الحل على جمع المعلومات، وتوثيق الأحداث، وتحويل بيانات المراقبة إلى إجراءات قابلة للمراجعة دون كشف تفاصيل,وحدة تحكم بالطيران FC-U12 | drone accessories | UAV components | industrial UAV parts,وحدة تحكم بالطيران FC-U12,وحدة تحكم بالطيران FC-U12 Technical Specifications | احصل على دفاع خبير بالطائرات بدون طيار! | نظرة عامة | المواصفات الفنية | احصل على دفاع خبير بالطائرات بدون طيار!,.next-five-pages-v2/server/app/ar/accessories/fc-u12.html
/ar/accessories/fc-u8013,ar,strong,100,محرك UAV FC-U8013,4,true,true,true,true,true,1059,11,1.039,1,5,,محرك UAV FC-U8013 | N-TET Drone Accessories,يُستخدم محرك UAV FC-U8013 في تكامل مكونات UAV ودعم المنصات، مع دعم التحقق الميداني وتنسيق فرق التشغيل حسب متطلبات الموقع. يساعد الحل على جمع المعلومات، وتوثيق الأحداث، وتحويل بيانات المراقبة إلى إجراءات قابلة للمراجعة دون كشف تفاصيل تشغيلية,محرك UAV FC-U8013 | drone accessories | UAV components | industrial UAV parts,محرك UAV FC-U8013,محرك UAV FC-U8013 Technical Specifications | احصل على دفاع خبير بالطائرات بدون طيار! | نظرة عامة | المواصفات الفنية | احصل على دفاع خبير بالطائرات بدون طيار!,.next-five-pages-v2/server/app/ar/accessories/fc-u8013.html
/ar/accessories/fc-u9-ag,ar,strong,100,وحدة تحكم بالطيران الزراعي FC-U9-AG,4,true,true,true,true,true,942,11,1.168,1,5,,وحدة تحكم بالطيران الزراعي FC-U9-AG | N-TET Drone Accessories,يُستخدم وحدة تحكم بالطيران الزراعي FC-U9-AG في مراقبة المجال الجوي وتوثيق الأحداث، مع دعم تكامل مكونات UAV ودعم المنصات وتنسيق فرق التشغيل حسب متطلبات الموقع. يساعد الحل على جمع المعلومات، وتوثيق الأحداث، وتحويل بيانات المراقبة إلى إجراءات,وحدة تحكم بالطيران الزراعي FC-U9-AG | drone accessories | UAV components | industrial UAV parts,وحدة تحكم بالطيران الزراعي FC-U9-AG,وحدة تحكم بالطيران الزراعي FC-U9-AG Technical Specifications | احصل على دفاع خبير بالطائرات بدون طيار! | نظرة عامة | المواصفات الفنية | احصل على دفاع خبير بالطائرات بدون طيار!,.next-five-pages-v2/server/app/ar/accessories/fc-u9-ag.html
/ar/accessories/fc-w2u-propeller,ar,strong,100,مروحة UAV FC-W2U,4,true,true,true,true,true,1150,11,0.957,1,5,,مروحة UAV FC-W2U | N-TET Drone Accessories,يُستخدم مروحة UAV FC-W2U في تكامل مكونات UAV ودعم المنصات، مع دعم التحقق الميداني وتنسيق فرق التشغيل حسب متطلبات الموقع. يساعد الحل على جمع المعلومات، وتوثيق الأحداث، وتحويل بيانات المراقبة إلى إجراءات قابلة للمراجعة دون كشف تفاصيل تشغيلية,مروحة UAV FC-W2U | drone accessories | UAV components | industrial UAV parts,مروحة UAV FC-W2U,مروحة UAV FC-W2U Technical Specifications | احصل على دفاع خبير بالطائرات بدون طيار! | نظرة عامة | المواصفات الفنية | احصل على دفاع خبير بالطائرات بدون طيار!,.next-five-pages-v2/server/app/ar/accessories/fc-w2u-propeller.html
/ar/accessories/fc-x8030,ar,strong,100,محرك UAV FC-X8030,4,true,true,true,true,true,6322,11,0.174,1,5,,محرك UAV FC-X8030 | N-TET Drone Accessories,يُستخدم محرك UAV FC-X8030 في تكامل مكونات UAV ودعم المنصات، مع دعم التحقق الميداني وتنسيق فرق التشغيل حسب متطلبات الموقع. يساعد الحل على جمع المعلومات، وتوثيق الأحداث، وتحويل بيانات المراقبة إلى إجراءات قابلة للمراجعة دون كشف تفاصيل تشغيلية,محرك UAV FC-X8030 | drone accessories | UAV components | industrial UAV parts,محرك UAV FC-X8030,محرك UAV FC-X8030 Technical Specifications | احصل على دفاع خبير بالطائرات بدون طيار! | نظرة عامة | المواصفات الفنية | احصل على دفاع خبير بالطائرات بدون طيار!,.next-five-pages-v2/server/app/ar/accessories/fc-x8030.html
/ar/accessories/fc-xh14,ar,strong,100,محرك UAV FC-XH14,4,true,true,true,true,true,3058,11,0.360,1,5,,محرك UAV FC-XH14 | N-TET Drone Accessories,يُستخدم محرك UAV FC-XH14 في تكامل مكونات UAV ودعم المنصات، مع دعم التحقق الميداني وتنسيق فرق التشغيل حسب متطلبات الموقع. يساعد الحل على جمع المعلومات، وتوثيق الأحداث، وتحويل بيانات المراقبة إلى إجراءات قابلة للمراجعة دون كشف تفاصيل تشغيلية,محرك UAV FC-XH14 | drone accessories | UAV components | industrial UAV parts,محرك UAV FC-XH14,محرك UAV FC-XH14 Technical Specifications | احصل على دفاع خبير بالطائرات بدون طيار! | نظرة عامة | المواصفات الفنية | احصل على دفاع خبير بالطائرات بدون طيار!,.next-five-pages-v2/server/app/ar/accessories/fc-xh14.html
/ar/accessories/fc-yk15-remote-controller,ar,strong,100,وحدة تحكم عن بُعد UAV FC-YK15,4,true,true,true,true,true,966,11,1.139,1,5,,وحدة تحكم عن بُعد UAV FC-YK15 | N-TET Drone Accessories,يُستخدم وحدة تحكم عن بُعد UAV FC-YK15 في تشغيل مرافق الطاقة والبنية التحتية، مع دعم تكامل مكونات UAV ودعم المنصات وتنسيق فرق التشغيل حسب متطلبات الموقع. يساعد الحل على جمع المعلومات، وتوثيق الأحداث، وتحويل بيانات المراقبة إلى إجراءات قابلة,وحدة تحكم عن بُعد UAV FC-YK15 | drone accessories | UAV components | industrial UAV parts,وحدة تحكم عن بُعد UAV FC-YK15,وحدة تحكم عن بُعد UAV FC-YK15 Technical Specifications | احصل على دفاع خبير بالطائرات بدون طيار! | نظرة عامة | المواصفات الفنية | احصل على دفاع خبير بالطائرات بدون طيار!,.next-five-pages-v2/server/app/ar/accessories/fc-yk15-remote-controller.html
/ar/accessories/fc-yk24-remote-controller,ar,strong,100,وحدة تحكم عن بُعد UAV FC-YK24,4,true,true,true,true,true,976,11,1.127,1,5,,وحدة تحكم عن بُعد UAV FC-YK24 | N-TET Drone Accessories,يُستخدم وحدة تحكم عن بُعد UAV FC-YK24 في تكامل مكونات UAV ودعم المنصات، مع دعم التحقق الميداني وتنسيق فرق التشغيل حسب متطلبات الموقع. يساعد الحل على جمع المعلومات، وتوثيق الأحداث، وتحويل بيانات المراقبة إلى إجراءات قابلة للمراجعة دون كشف تف,وحدة تحكم عن بُعد UAV FC-YK24 | drone accessories | UAV components | industrial UAV parts,وحدة تحكم عن بُعد UAV FC-YK24,وحدة تحكم عن بُعد UAV FC-YK24 Technical Specifications | احصل على دفاع خبير بالطائرات بدون طيار! | نظرة عامة | المواصفات الفنية | احصل على دفاع خبير بالطائرات بدون طيار!,.next-five-pages-v2/server/app/ar/accessories/fc-yk24-remote-controller.html
/ar/accessories/fc-yk32-remote-controller,ar,strong,100,وحدة تحكم عن بُعد UAV FC-YK32,4,true,true,true,true,true,974,11,1.129,1,5,,وحدة تحكم عن بُعد UAV FC-YK32 | N-TET Drone Accessories,يُستخدم وحدة تحكم عن بُعد UAV FC-YK32 في تشغيل مرافق الطاقة والبنية التحتية، مع دعم تكامل مكونات UAV ودعم المنصات وتنسيق فرق التشغيل حسب متطلبات الموقع. يساعد الحل على جمع المعلومات، وتوثيق الأحداث، وتحويل بيانات المراقبة إلى إجراءات قابلة,وحدة تحكم عن بُعد UAV FC-YK32 | drone accessories | UAV components | industrial UAV parts,وحدة تحكم عن بُعد UAV FC-YK32,وحدة تحكم عن بُعد UAV FC-YK32 Technical Specifications | احصل على دفاع خبير بالطائرات بدون طيار! | نظرة عامة | المواصفات الفنية | احصل على دفاع خبير بالطائرات بدون طيار!,.next-five-pages-v2/server/app/ar/accessories/fc-yk32-remote-controller.html
/ar/accessories/fc-ykrc7-remote-controller,ar,strong,100,وحدة تحكم عن بُعد UAV FC-YKRC7,4,true,true,true,true,true,980,11,1.122,1,5,,وحدة تحكم عن بُعد UAV FC-YKRC7 | N-TET Drone Accessories,يُستخدم وحدة تحكم عن بُعد UAV FC-YKRC7 في مراقبة المجال الجوي وتوثيق الأحداث، مع دعم تشغيل مرافق الطاقة والبنية التحتية وتنسيق فرق التشغيل حسب متطلبات الموقع. يساعد الحل على جمع المعلومات، وتوثيق الأحداث، وتحويل بيانات المراقبة إلى إجراءات,وحدة تحكم عن بُعد UAV FC-YKRC7 | drone accessories | UAV components | industrial UAV parts,وحدة تحكم عن بُعد UAV FC-YKRC7,وحدة تحكم عن بُعد UAV FC-YKRC7 Technical Specifications | احصل على دفاع خبير بالطائرات بدون طيار! | نظرة عامة | المواصفات الفنية | احصل على دفاع خبير بالطائرات بدون طيار!,.next-five-pages-v2/server/app/ar/accessories/fc-ykrc7-remote-controller.html
/ar/cases,ar,strong,85,حالات نشر UAV,7,true,false,true,true,true,736,5,0.679,1,3,description 未命中关键词,حالات نشر UAV ومراقبة الارتفاع المنخفض | N-TET,راجع مراجع N-TET الميدانية لمسارات تفتيش UAV والدعم الطارئ ومراقبة الارتفاع المنخفض وأمن مواقع البنية التحتية.,حالات نشر UAV | حالات تفتيش UAV | دوريات UAV لخطوط الكهرباء | حالات مراقبة الارتفاع المنخفض | حالات الدعم الطارئ | حماية البنية التحتية الحرجة | أمن المناطق الرئيسية,حالات نشر UAV ومراجع مراقبة الارتفاع المنخفض,حالات نشر UAV ومراقبة الارتفاع المنخفض | احصل على دفاع خبير بالطائرات بدون طيار! | احصل على دفاع خبير بالطائرات بدون طيار!,.next-five-pages-v2/server/app/ar/cases.html
/ar/cases/airport-security-application,ar,strong,100,تطبيق أمني منخفض الارتفاع في مطار,2,true,true,true,true,true,693,7,1.010,1,7,,تطبيق أمني منخفض الارتفاع في مطار | N-TET,يُستخدم تطبيق أمني منخفض الارتفاع في مطار في التفتيش الميداني والصيانة، مع دعم مراقبة المجال الجوي وتوثيق الأحداث وتنسيق فرق التشغيل حسب متطلبات الموقع. يساعد الحل على جمع المعلومات، وتوثيق الأحداث، وتحويل بيانات المراقبة إلى إجراءات قابلة,تطبيق أمني منخفض الارتفاع في مطار | N-TET,تطبيق أمني منخفض الارتفاع في مطار,تطبيق أمني منخفض الارتفاع في مطار Project Overview | معدات ذات صلة | احصل على دفاع خبير بالطائرات بدون طيار! | نظرة عامة | معدات ذات صلة | احصل على دفاع خبير بالطائرات بدون طيار! | صفحات ذات صلة,.next-five-pages-v2/server/app/ar/cases/airport-security-application.html
/ar/cases/anhui-flood-season-uav-patrol,ar,strong,100,دوريات UAV طارئة خلال موسم الفيضانات في آنهوي,2,true,true,true,true,true,767,7,0.913,1,7,,دوريات UAV طارئة خلال موسم الفيضانات في آنهوي | N-TET,يُستخدم دوريات UAV طارئة خلال موسم الفيضانات في آنهوي في التفتيش الميداني والصيانة، مع دعم الدعم الطارئ واستمرارية العمليات وتنسيق فرق التشغيل حسب متطلبات الموقع. يساعد الحل على جمع المعلومات، وتوثيق الأحداث، وتحويل بيانات المراقبة إلى إجرا,دوريات UAV طارئة خلال موسم الفيضانات في آنهوي | N-TET,دوريات UAV طارئة خلال موسم الفيضانات في آنهوي,دوريات UAV طارئة خلال موسم الفيضانات في آنهوي Project Overview | معدات ذات صلة | احصل على دفاع خبير بالطائرات بدون طيار! | نظرة عامة | معدات ذات صلة | احصل على دفاع خبير بالطائرات بدون طيار! | صفحات ذات صلة,.next-five-pages-v2/server/app/ar/cases/anhui-flood-season-uav-patrol.html
/ar/cases/asian-games-security,ar,strong,100,تطبيق أمني منخفض الارتفاع في دورة الألعاب الآسيوية,2,true,true,true,true,true,693,7,1.010,1,7,,تطبيق أمني منخفض الارتفاع في دورة الألعاب الآسيوية | N-TET,يُستخدم تطبيق أمني منخفض الارتفاع في دورة الألعاب الآسيوية في مراقبة المجال الجوي وتوثيق الأحداث، مع دعم الدعم الطارئ واستمرارية العمليات وتنسيق فرق التشغيل حسب متطلبات الموقع. يساعد الحل على جمع المعلومات، وتوثيق الأحداث، وتحويل بيانات الم,تطبيق أمني منخفض الارتفاع في دورة الألعاب الآسيوية | N-TET,تطبيق أمني منخفض الارتفاع في دورة الألعاب الآسيوية,تطبيق أمني منخفض الارتفاع في دورة الألعاب الآسيوية Project Overview | معدات ذات صلة | احصل على دفاع خبير بالطائرات بدون طيار! | نظرة عامة | معدات ذات صلة | احصل على دفاع خبير بالطائرات بدون طيار! | صفحات ذات صلة,.next-five-pages-v2/server/app/ar/cases/asian-games-security.html
/ar/cases/brazil-refinery-low-altitude-monitoring,ar,strong,100,حالة مراقبة المجال الجوي لمصفاة في البرازيل,2,true,true,true,true,true,700,7,1.000,1,7,,حالة مراقبة المجال الجوي لمصفاة في البرازيل | N-TET,يُستخدم حالة مراقبة المجال الجوي لمصفاة في البرازيل في التفتيش الميداني والصيانة، مع دعم مراقبة المجال الجوي وتوثيق الأحداث وتنسيق فرق التشغيل حسب متطلبات الموقع. يساعد الحل على جمع المعلومات، وتوثيق الأحداث، وتحويل بيانات المراقبة إلى إجرا,حالة مراقبة المجال الجوي لمصفاة في البرازيل | N-TET,حالة مراقبة المجال الجوي لمصفاة في البرازيل,حالة مراقبة المجال الجوي لمصفاة في البرازيل Project Overview | معدات ذات صلة | احصل على دفاع خبير بالطائرات بدون طيار! | نظرة عامة | معدات ذات صلة | احصل على دفاع خبير بالطائرات بدون طيار! | صفحات ذات صلة,.next-five-pages-v2/server/app/ar/cases/brazil-refinery-low-altitude-monitoring.html
/ar/cases/ice-snow-emergency-uav-inspection,ar,strong,100,تفتيش UAV طارئ أثناء كوارث الجليد والثلوج,2,true,true,true,true,true,802,7,0.873,1,7,,تفتيش UAV طارئ أثناء كوارث الجليد والثلوج | N-TET,يُستخدم تفتيش UAV طارئ أثناء كوارث الجليد والثلوج في التفتيش الميداني والصيانة، مع دعم الدعم الطارئ واستمرارية العمليات وتنسيق فرق التشغيل حسب متطلبات الموقع. يساعد الحل على جمع المعلومات، وتوثيق الأحداث، وتحويل بيانات المراقبة إلى إجراءات,تفتيش UAV طارئ أثناء كوارث الجليد والثلوج | N-TET,تفتيش UAV طارئ أثناء كوارث الجليد والثلوج,تفتيش UAV طارئ أثناء كوارث الجليد والثلوج Project Overview | معدات ذات صلة | احصل على دفاع خبير بالطائرات بدون طيار! | نظرة عامة | معدات ذات صلة | احصل على دفاع خبير بالطائرات بدون طيار! | صفحات ذات صلة,.next-five-pages-v2/server/app/ar/cases/ice-snow-emergency-uav-inspection.html
/ar/cases/lidar-tree-obstruction-uav-inspection,ar,strong,100,تفتيش UAV بتقنية لايدار لعوائق الأشجار,2,true,true,true,true,true,765,7,0.915,1,7,,تفتيش UAV بتقنية لايدار لعوائق الأشجار | N-TET,يُستخدم تفتيش UAV بتقنية لايدار لعوائق الأشجار في التفتيش الميداني والصيانة، مع دعم تشغيل مرافق الطاقة والبنية التحتية وتنسيق فرق التشغيل حسب متطلبات الموقع. يساعد الحل على جمع المعلومات، وتوثيق الأحداث، وتحويل بيانات المراقبة إلى إجراءات ق,تفتيش UAV بتقنية لايدار لعوائق الأشجار | N-TET,تفتيش UAV بتقنية لايدار لعوائق الأشجار,تفتيش UAV بتقنية لايدار لعوائق الأشجار Project Overview | معدات ذات صلة | احصل على دفاع خبير بالطائرات بدون طيار! | نظرة عامة | معدات ذات صلة | احصل على دفاع خبير بالطائرات بدون طيار! | صفحات ذات صلة,.next-five-pages-v2/server/app/ar/cases/lidar-tree-obstruction-uav-inspection.html
/ar/cases/nigeria-factory-low-altitude-monitoring,ar,strong,100,حالة مراقبة المجال الجوي لمصنع صناعي في نيجيريا,2,true,true,true,true,true,715,7,0.979,1,7,,حالة مراقبة المجال الجوي لمصنع صناعي في نيجيريا | N-TET,يُستخدم حالة مراقبة المجال الجوي لمصنع صناعي في نيجيريا في مراقبة المجال الجوي وتوثيق الأحداث، مع دعم الفحص الأمني وإدارة المواقع الحيوية وتنسيق فرق التشغيل حسب متطلبات الموقع. يساعد الحل على جمع المعلومات، وتوثيق الأحداث، وتحويل بيانات الم,حالة مراقبة المجال الجوي لمصنع صناعي في نيجيريا | N-TET,حالة مراقبة المجال الجوي لمصنع صناعي في نيجيريا,حالة مراقبة المجال الجوي لمصنع صناعي في نيجيريا Project Overview | معدات ذات صلة | احصل على دفاع خبير بالطائرات بدون طيار! | نظرة عامة | معدات ذات صلة | احصل على دفاع خبير بالطائرات بدون طيار! | صفحات ذات صلة,.next-five-pages-v2/server/app/ar/cases/nigeria-factory-low-altitude-monitoring.html
/ar/cases/pakistan-power-plant-low-altitude-monitoring,ar,strong,100,حالة مراقبة المجال الجوي لمحطة طاقة في باكستان,2,true,true,true,true,true,711,7,0.985,1,7,,حالة مراقبة المجال الجوي لمحطة طاقة في باكستان | N-TET,يُستخدم حالة مراقبة المجال الجوي لمحطة طاقة في باكستان في مراقبة المجال الجوي وتوثيق الأحداث، مع دعم الفحص الأمني وإدارة المواقع الحيوية وتنسيق فرق التشغيل حسب متطلبات الموقع. يساعد الحل على جمع المعلومات، وتوثيق الأحداث، وتحويل بيانات المر,حالة مراقبة المجال الجوي لمحطة طاقة في باكستان | N-TET,حالة مراقبة المجال الجوي لمحطة طاقة في باكستان,حالة مراقبة المجال الجوي لمحطة طاقة في باكستان Project Overview | معدات ذات صلة | احصل على دفاع خبير بالطائرات بدون طيار! | نظرة عامة | معدات ذات صلة | احصل على دفاع خبير بالطائرات بدون طيار! | صفحات ذات صلة,.next-five-pages-v2/server/app/ar/cases/pakistan-power-plant-low-altitude-monitoring.html
/ar/cases/southern-grid-wildfire-uav-inspection,ar,strong,100,تفتيش UAV للوقاية من حرائق الغابات في شبكة الكهرباء الجنوبية,2,true,true,true,true,true,801,7,0.874,1,7,,تفتيش UAV للوقاية من حرائق الغابات في شبكة الكهرباء الجنوبية | N-TET,يُستخدم تفتيش UAV للوقاية من حرائق الغابات في شبكة الكهرباء الجنوبية في التفتيش الميداني والصيانة، مع دعم الدعم الطارئ واستمرارية العمليات وتنسيق فرق التشغيل حسب متطلبات الموقع. يساعد الحل على جمع المعلومات، وتوثيق الأحداث، وتحويل بيانات ال,تفتيش UAV للوقاية من حرائق الغابات في شبكة الكهرباء الجنوبية | N-TET,تفتيش UAV للوقاية من حرائق الغابات في شبكة الكهرباء الجنوبية,تفتيش UAV للوقاية من حرائق الغابات في شبكة الكهرباء الجنوبية Project Overview | معدات ذات صلة | احصل على دفاع خبير بالطائرات بدون طيار! | نظرة عامة | معدات ذات صلة | احصل على دفاع خبير بالطائرات بدون طيار! | صفحات ذات صلة,.next-five-pages-v2/server/app/ar/cases/southern-grid-wildfire-uav-inspection.html
/ar/cases/water-conservancy-security,ar,strong,100,أمن منخفض الارتفاع لمنشأة مائية,2,true,true,true,true,true,672,7,1.042,1,7,,أمن منخفض الارتفاع لمنشأة مائية | N-TET,يُستخدم أمن منخفض الارتفاع لمنشأة مائية في مراقبة المجال الجوي وتوثيق الأحداث، مع دعم الفحص الأمني وإدارة المواقع الحيوية وتنسيق فرق التشغيل حسب متطلبات الموقع. يساعد الحل على جمع المعلومات، وتوثيق الأحداث، وتحويل بيانات المراقبة إلى إجراءا,أمن منخفض الارتفاع لمنشأة مائية | N-TET,أمن منخفض الارتفاع لمنشأة مائية,أمن منخفض الارتفاع لمنشأة مائية Project Overview | معدات ذات صلة | احصل على دفاع خبير بالطائرات بدون طيار! | نظرة عامة | معدات ذات صلة | احصل على دفاع خبير بالطائرات بدون طيار! | صفحات ذات صلة,.next-five-pages-v2/server/app/ar/cases/water-conservancy-security.html
/ar/cases/wildfire-emergency-transmission-line-uav-patrol,ar,strong,100,دوريات UAV طارئة لخطوط النقل أثناء حرائق الغابات,2,true,true,true,true,true,797,7,0.878,1,7,,دوريات UAV طارئة لخطوط النقل أثناء حرائق الغابات | N-TET,يُستخدم دوريات UAV طارئة لخطوط النقل أثناء حرائق الغابات في التفتيش الميداني والصيانة، مع دعم الدعم الطارئ واستمرارية العمليات وتنسيق فرق التشغيل حسب متطلبات الموقع. يساعد الحل على جمع المعلومات، وتوثيق الأحداث، وتحويل بيانات المراقبة إلى إ,دوريات UAV طارئة لخطوط النقل أثناء حرائق الغابات | N-TET,دوريات UAV طارئة لخطوط النقل أثناء حرائق الغابات,دوريات UAV طارئة لخطوط النقل أثناء حرائق الغابات Project Overview | معدات ذات صلة | احصل على دفاع خبير بالطائرات بدون طيار! | نظرة عامة | معدات ذات صلة | احصل على دفاع خبير بالطائرات بدون طيار! | صفحات ذات صلة,.next-five-pages-v2/server/app/ar/cases/wildfire-emergency-transmission-line-uav-patrol.html
/ar/cases/zhaoqing-long-distance-power-line-uav-inspection,ar,strong,100,تفتيش UAV بعيد المدى لخطوط الطاقة في تشاوتشينغ,2,true,true,true,true,true,785,7,0.892,1,7,,تفتيش UAV بعيد المدى لخطوط الطاقة في تشاوتشينغ | N-TET,يُستخدم تفتيش UAV بعيد المدى لخطوط الطاقة في تشاوتشينغ في التفتيش الميداني والصيانة، مع دعم مراقبة المجال الجوي وتوثيق الأحداث وتنسيق فرق التشغيل حسب متطلبات الموقع. يساعد الحل على جمع المعلومات، وتوثيق الأحداث، وتحويل بيانات المراقبة إلى إ,تفتيش UAV بعيد المدى لخطوط الطاقة في تشاوتشينغ | N-TET,تفتيش UAV بعيد المدى لخطوط الطاقة في تشاوتشينغ,تفتيش UAV بعيد المدى لخطوط الطاقة في تشاوتشينغ Project Overview | معدات ذات صلة | احصل على دفاع خبير بالطائرات بدون طيار! | نظرة عامة | معدات ذات صلة | احصل على دفاع خبير بالطائرات بدون طيار! | صفحات ذات صلة,.next-five-pages-v2/server/app/ar/cases/zhaoqing-long-distance-power-line-uav-inspection.html
/ar/contact,ar,partial,70,عرض سعر UAV صناعي,4,false,false,true,true,true,628,4,0.637,1,3,title 未命中关键词; description 未命中关键词,اتصل بـ N-TET | أنظمة UAV صناعية ومعدات مراقبة,تواصل مع N-TET لاختيار منصات UAV، وسير عمل التفتيش، ومشروعات UAV للطوارئ، ومعدات مراقبة الارتفاع المنخفض.,عرض سعر UAV صناعي | مورد UAV | حل تفتيش بالطائرات بدون طيار | معدات مراقبة المجال المنخفض,طلب عرض سعر UAV صناعي,عرض سعر UAV صناعي واستشارة مشروع | احصل على دفاع خبير بالطائرات بدون طيار! | احصل على دفاع خبير بالطائرات بدون طيار!,.next-five-pages-v2/server/app/ar/contact.html
/ar/media,ar,weak,15,ملاحظات هندسية C-UAS,5,false,false,false,false,false,997,0,0.000,1,3,title 未命中关键词; description 未命中关键词; H1 未命中关键词; H2 未命中关键词; 正文未命中精确关键词短语,ملاحظات هندسية وأدلة للمشترين حول C-UAS | N-TET,اقرأ أساليب N-TET الهندسية الموثقة وملاحظات المعدات وأدلة المشترين وتحليلات القطاع حول تخطيط أنظمة C-UAS وتكاملها واختبارها.,ملاحظات هندسية C-UAS | دليل مشتري C-UAS | تحليل قطاع C-UAS | كشف الطائرات بدون طيار | تكامل أنظمة C-UAS,داخل N-TET: ملاحظات هندسية وأدلة قطاع C-UAS,الأحدث | احصل على دفاع خبير بالطائرات بدون طيار! | احصل على دفاع خبير بالطائرات بدون طيار!,.next-five-pages-v2/server/app/ar/media.html
/ar/media/border-surveillance-uav-network-2026,ar,strong,85,شبكات UAV وEO/IR تعزز وضوح الدوريات عن بُعد,2,true,true,true,false,true,707,8,1.132,1,2,H2 未命中关键词,شبكات UAV وEO/IR تعزز وضوح الدوريات عن بُعد | N-TET,يتناول هذا المقال موضوع شبكات UAV وEO/IR تعزز وضوح الدوريات عن بُعد من زاوية تشغيلية مرتبطة بـ التفتيش الميداني والصيانة. تركز N-TET على تحويل بيانات UAV والمراقبة منخفضة الارتفاع إلى معلومات قابلة للمراجعة، مع دعم فرق البنية التحتية والأمن,شبكات UAV وEO/IR تعزز وضوح الدوريات عن بُعد | N-TET,شبكات UAV وEO/IR تعزز وضوح الدوريات عن بُعد,احصل على دفاع خبير بالطائرات بدون طيار! | احصل على دفاع خبير بالطائرات بدون طيار!,.next-five-pages-v2/server/app/ar/media/border-surveillance-uav-network-2026.html
/ar/media/critical-infrastructure-monitoring-record-chain-2026,ar,partial,70,مراقبة المجال الجوي للبنية الحيوية: سجلات الكشف والتأكيد والاستجابة,2,true,false,true,false,true,1081,6,0.555,1,8,description 未命中关键词; H2 未命中关键词,مراقبة المجال الجوي للبنية الحيوية: سجلات الكشف والتأكيد والاستجابة | N-TET,"Critical infrastructure airspace monitoring works best when the record chain is separated into three stages: detection, confirmation, and response. Confusing these stages can create noisy alerts, slow decisions, and reports that are hard to",مراقبة المجال الجوي للبنية الحيوية: سجلات الكشف والتأكيد والاستجابة | N-TET,مراقبة المجال الجوي للبنية الحيوية: سجلات الكشف والتأكيد والاستجابة,Detection is not the final answer | Response needs approval and traceability | A stronger audit trail | احصل على دفاع خبير بالطائرات بدون طيار! | Detection is not the final answer | Response needs approval and traceability | A stronger audit trail | احصل على دفاع خبير بالطائرات بدون طيار!,.next-five-pages-v2/server/app/ar/media/critical-infrastructure-monitoring-record-chain-2026.html
/ar/media/cuas-alert-quality-operator-context-2024,ar,partial,70,لماذا تعتمد جودة تنبيهات C-UAS على سياق المشغل,2,true,false,true,false,true,1273,6,0.471,1,12,description 未命中关键词; H2 未命中关键词,لماذا تعتمد جودة تنبيهات C-UAS على سياق المشغل | N-TET,"A C-UAS alert is useful only when an operator can understand what triggered it, what evidence supports it, what remains unknown, and what review is expected. Sensor sensitivity alone does not create alert quality. A normal site may include",لماذا تعتمد جودة تنبيهات C-UAS على سياق المشغل | N-TET,لماذا تعتمد جودة تنبيهات C-UAS على سياق المشغل,What creates nuisance alerts? | Which context should the platform show? | How should event labels be designed? | How does workload affect quality? | What improves alert quality over time? | احصل على دفاع خبير بالطائرات بدون طيار! | What creates nuisance alerts? | Which context should the platform show? | How should event labels be designed? | How does workload affect quality? | What improves alert quality over time? | احصل على دفاع خبير بالطائرات بدون طيار!,.next-five-pages-v2/server/app/ar/media/cuas-alert-quality-operator-context-2024.html
/ar/media/cuas-concept-of-operations-before-procurement-2024,ar,partial,70,ما الذي يجب أن يحدده مفهوم تشغيل C-UAS قبل الشراء,2,true,false,true,false,true,1039,6,0.577,1,12,description 未命中关键词; H2 未命中关键词,ما الذي يجب أن يحدده مفهوم تشغيل C-UAS قبل الشراء | N-TET,يشرح مفهوم تشغيل C-UAS كيف يتعاون الأشخاص والمستشعرات والبرمجيات والأنظمة القائمة والإجراءات المعتمدة أثناء المراقبة العادية ومراجعة التنبيهات. ويجب إعداده قبل صعوبة تغيير قرارات الشراء. لا يحتاج إلى توقع كل حدث، بل إلى تحديد المستخدمين ومع,ما الذي يجب أن يحدده مفهوم تشغيل C-UAS قبل الشراء | N-TET,ما الذي يجب أن يحدده مفهوم تشغيل C-UAS قبل الشراء,من هم المستخدمون؟ | ما الذي ينشئ التنبيه ويؤكده؟ | كيف يُدار النشاط المصرح؟ | ما السجلات والمراجعات المطلوبة؟ | كيف يُتحقق من المفهوم؟ | احصل على دفاع خبير بالطائرات بدون طيار! | من هم المستخدمون؟ | ما الذي ينشئ التنبيه ويؤكده؟ | كيف يُدار النشاط المصرح؟ | ما السجلات والمراجعات المطلوبة؟ | كيف يُتحقق من المفهوم؟ | احصل على دفاع خبير بالطائرات بدون طيار!,.next-five-pages-v2/server/app/ar/media/cuas-concept-of-operations-before-procurement-2024.html
/ar/media/cuas-detection-technology-comparison-2024,ar,partial,70,كيف تقارن تقنيات كشف C-UAS دون اختزالها في رقم مدى واحد,2,true,false,true,false,true,1291,6,0.465,1,10,description 未命中关键词; H2 未命中关键词,كيف تقارن تقنيات كشف C-UAS دون اختزالها في رقم مدى واحد | N-TET,"Comparing C-UAS detection technologies by a single range figure hides the questions that determine whether a monitoring system will be useful. Remote ID, RF sensing, radar, and EO/IR do not observe the same thing. Each source depends on dif",كيف تقارن تقنيات كشف C-UAS دون اختزالها في رقم مدى واحد | N-TET,كيف تقارن تقنيات كشف C-UAS دون اختزالها في رقم مدى واحد,What evidence does each technology provide? | Which assumptions belong beside a range figure? | How should buyers compare proposals? | What should a useful comparison deliver? | احصل على دفاع خبير بالطائرات بدون طيار! | What evidence does each technology provide? | Which assumptions belong beside a range figure? | How should buyers compare proposals? | What should a useful comparison deliver? | احصل على دفاع خبير بالطائرات بدون طيار!,.next-five-pages-v2/server/app/ar/media/cuas-detection-technology-comparison-2024.html
/ar/media/cuas-event-logging-data-retention-2026,ar,partial,70,تسجيل أحداث C-UAS والاحتفاظ بالبيانات: ما الذي يجب تحديده,2,true,false,true,false,true,1637,6,0.367,1,14,description 未命中关键词; H2 未命中关键词,تسجيل أحداث C-UAS والاحتفاظ بالبيانات: ما الذي يجب تحديده | N-TET,"C-UAS event logging should preserve enough context for an operator, supervisor, engineer, or authorized reviewer to understand what happened after the live alert has disappeared. The record should connect time, sensor source, track or ident",تسجيل أحداث C-UAS والاحتفاظ بالبيانات: ما الذي يجب تحديده | N-TET,تسجيل أحداث C-UAS والاحتفاظ بالبيانات: ما الذي يجب تحديده,What belongs in an event record? | Why preserve the original evidence? | How long should records be kept? | Who should have access? | Use records to improve the system | Retention-policy checklist | احصل على دفاع خبير بالطائرات بدون طيار! | What belongs in an event record? | Why preserve the original evidence? | How long should records be kept? | Who should have access? | Use records to improve the system | Retention-policy checklist | احصل على دفاع خبير بالطائرات بدون طيار!,.next-five-pages-v2/server/app/ar/media/cuas-event-logging-data-retention-2026.html
/ar/media/cuas-site-survey-critical-infrastructure-2025,ar,partial,70,قائمة مسح موقع C-UAS للبنية التحتية الحيوية,2,true,false,true,false,true,1599,6,0.375,1,12,description 未命中关键词; H2 未命中关键词,قائمة مسح موقع C-UAS للبنية التحتية الحيوية | N-TET,"A C-UAS site survey converts a general request for drone awareness into a set of testable design assumptions. For critical infrastructure, the survey should identify the assets that matter, the airspace and ground areas that can be observed",قائمة مسح موقع C-UAS للبنية التحتية الحيوية | N-TET,قائمة مسح موقع C-UAS للبنية التحتية الحيوية,1. Define the protected problem | 2. Record sensor horizons and blind zones | 3. Check installation and integration conditions | 4. Document the operating workflow | What should the survey deliver? | احصل على دفاع خبير بالطائرات بدون طيار! | 1. Define the protected problem | 2. Record sensor horizons and blind zones | 3. Check installation and integration conditions | 4. Document the operating workflow | What should the survey deliver? | احصل على دفاع خبير بالطائرات بدون طيار!,.next-five-pages-v2/server/app/ar/media/cuas-site-survey-critical-infrastructure-2025.html
/ar/media/dock-based-substation-uav-trial-checks-2026,ar,partial,70,Dock-Based Substation Patrol: What to Confirm Before an Autonomous UAV Trial,2,true,false,true,false,true,939,6,0.639,1,6,description 未命中关键词; H2 未命中关键词,Dock-Based Substation Patrol: What to Confirm Before an Autonomous UAV Trial | N-TET,"A dock-based UAV can make substation patrol more repeatable, but the first trial should be treated as an operating test rather than a product show. The goal is to prove that the aircraft, dock, payload, route, data link, and review process",Dock-Based Substation Patrol: What to Confirm Before an Autonomous UAV Trial | N-TET,Dock-Based Substation Patrol: What to Confirm Before an Autonomous UAV Trial,Dock location comes first | Trial records should be measurable | احصل على دفاع خبير بالطائرات بدون طيار! | Dock location comes first | Trial records should be measurable | احصل على دفاع خبير بالطائرات بدون طيار!,.next-five-pages-v2/server/app/ar/media/dock-based-substation-uav-trial-checks-2026.html
/ar/media/drone-detection-range-site-coverage-2025,ar,partial,70,مدى كشف الطائرة ليس تغطية الموقع: دليل للمشترين,2,true,false,true,false,true,1585,6,0.379,1,12,description 未命中关键词; H2 未命中关键词,مدى كشف الطائرة ليس تغطية الموقع: دليل للمشترين | N-TET,Drone detection range and site coverage are different measurements. A range figure usually describes a product test against a stated or implied target under particular conditions. Site coverage asks whether the complete operating area can b,مدى كشف الطائرة ليس تغطية الموقع: دليل للمشترين | N-TET,مدى كشف الطائرة ليس تغطية الموقع: دليل للمشترين,What is behind a published range? | Why does a coverage circle mislead? | Use three coverage layers | What should a buyer request? | What is a responsible coverage statement? | احصل على دفاع خبير بالطائرات بدون طيار! | What is behind a published range? | Why does a coverage circle mislead? | Use three coverage layers | What should a buyer request? | What is a responsible coverage statement? | احصل على دفاع خبير بالطائرات بدون طيار!,.next-five-pages-v2/server/app/ar/media/drone-detection-range-site-coverage-2025.html
/ar/media/eo-ir-payload-selection-field-note-2026,ar,partial,70,اختيار حمولة EO/IR للتأكيد المرئي في C-UAS,2,true,false,true,false,true,1161,6,0.517,1,8,description 未命中关键词; H2 未命中关键词,اختيار حمولة EO/IR للتأكيد المرئي في C-UAS | N-TET,"EO/IR payload selection is often reduced to camera resolution or zoom multiple. For C-UAS projects, that is too narrow. The payload must support visual confirmation: helping an operator decide whether an alert is a drone, a permitted flight",اختيار حمولة EO/IR للتأكيد المرئي في C-UAS | N-TET,اختيار حمولة EO/IR للتأكيد المرئي في C-UAS,Visible-light and thermal roles are different | Field conditions shape the payload choice | Procurement questions to ask | احصل على دفاع خبير بالطائرات بدون طيار! | Visible-light and thermal roles are different | Field conditions shape the payload choice | Procurement questions to ask | احصل على دفاع خبير بالطائرات بدون طيار!,.next-five-pages-v2/server/app/ar/media/eo-ir-payload-selection-field-note-2026.html
/ar/media/industrial-uav-redundancy-2026,ar,strong,85,التحكم المزدوج الاحتياطي في الطيران: كيف تحقق UAV الصناعية موثوقية تشغيلية عالية,2,true,true,true,false,true,719,8,1.113,1,2,H2 未命中关键词,التحكم المزدوج الاحتياطي في الطيران: كيف تحقق UAV الصناعية موثوقية تشغيلية عالية | N-TET,يتناول هذا المقال موضوع التحكم المزدوج الاحتياطي في الطيران: كيف تحقق UAV الصناعية موثوقية تشغيلية عالية من زاوية تشغيلية مرتبطة بـ التفتيش الميداني والصيانة. تركز N-TET على تحويل بيانات UAV والمراقبة منخفضة الارتفاع إلى معلومات قابلة للمرا,التحكم المزدوج الاحتياطي في الطيران: كيف تحقق UAV الصناعية موثوقية تشغيلية عالية | N-TET,التحكم المزدوج الاحتياطي في الطيران: كيف تحقق UAV الصناعية موثوقية تشغيلية عالية,احصل على دفاع خبير بالطائرات بدون طيار! | احصل على دفاع خبير بالطائرات بدون طيار!,.next-five-pages-v2/server/app/ar/media/industrial-uav-redundancy-2026.html
/ar/media/low-altitude-economy-2026-outlook,ar,strong,85,تحتاج مراقبة الارتفاعات المنخفضة إلى دورة تشغيل أمنية,2,true,true,true,false,true,701,6,0.856,1,2,H2 未命中关键词,تحتاج مراقبة الارتفاعات المنخفضة إلى دورة تشغيل أمنية | N-TET,يتناول هذا المقال موضوع اقتصاد المجال منخفض الارتفاع في الصين: توقعات 2026 لمسار نمو كبير من زاوية تشغيلية مرتبطة بـ التفتيش الميداني والصيانة. تركز N-TET على تحويل بيانات UAV والمراقبة منخفضة الارتفاع إلى معلومات قابلة للمراجعة، مع دعم فرق,تحتاج مراقبة الارتفاعات المنخفضة إلى دورة تشغيل أمنية | N-TET,تحتاج مراقبة الارتفاعات المنخفضة إلى دورة تشغيل أمنية,احصل على دفاع خبير بالطائرات بدون طيار! | احصل على دفاع خبير بالطائرات بدون طيار!,.next-five-pages-v2/server/app/ar/media/low-altitude-economy-2026-outlook.html
/ar/media/low-altitude-economy-operations-owner-2026,ar,partial,70,تخطيط مراقبة المجال الجوي: مسؤول التنبيهات والسجلات,2,true,false,true,false,true,1135,6,0.529,1,8,description 未命中关键词; H2 未命中关键词,تخطيط مراقبة المجال الجوي: مسؤول التنبيهات والسجلات | N-TET,"Low-altitude airspace projects are often described through sensors, platforms, maps, and policy language. For site operators, the decisive question is simpler: who owns the event after an alert is created? Without an operations owner, RF al",تخطيط مراقبة المجال الجوي: مسؤول التنبيهات والسجلات | N-TET,تخطيط مراقبة المجال الجوي: مسؤول التنبيهات والسجلات,Data needs a route to action | The owner does not need to be a single person | Planning questions | احصل على دفاع خبير بالطائرات بدون طيار! | Data needs a route to action | The owner does not need to be a single person | Planning questions | احصل على دفاع خبير بالطائرات بدون طيار!,.next-five-pages-v2/server/app/ar/media/low-altitude-economy-operations-owner-2026.html
/ar/media/ntet-cuas-assumptions-open-questions-2024,ar,strong,85,داخل N-TET: إبقاء الافتراضات والأسئلة المفتوحة واضحة,2,true,true,true,false,true,1295,14,1.081,1,12,H2 未命中关键词,داخل N-TET: إبقاء الافتراضات والأسئلة المفتوحة واضحة,"C-UAS reviews often begin before every site, interface, target, staffing, and data-policy question has an answer. N-TET keeps those gaps visible instead of turning them into implied facts. The review separates confirmed buyer requirements,",داخل N-TET: إبقاء الافتراضات والأسئلة المفتوحة واضحة | N-TET,داخل N-TET: إبقاء الافتراضات والأسئلة المفتوحة واضحة,Which information categories should stay separate? | What belongs in an open-question register? | How are revisions controlled? | Why does this help buyers? | What does this method not claim? | احصل على دفاع خبير بالطائرات بدون طيار! | Which information categories should stay separate? | What belongs in an open-question register? | How are revisions controlled? | Why does this help buyers? | What does this method not claim? | احصل على دفاع خبير بالطائرات بدون طيار!,.next-five-pages-v2/server/app/ar/media/ntet-cuas-assumptions-open-questions-2024.html
/ar/media/ntet-cuas-interface-review-2024,ar,strong,100,داخل N-TET: مراجعة الطاقة والشبكة وواجهات التركيب,2,true,true,true,true,true,1263,16,1.267,1,12,,داخل N-TET: مراجعة الطاقة والشبكة وواجهات التركيب,"Power, network, and mounting interfaces determine whether a C-UAS configuration can operate as described. N-TET reviews these interfaces alongside sensor roles because a technically suitable detector can still be difficult to install, maint",داخل N-TET: مراجعة الطاقة والشبكة وواجهات التركيب | N-TET,داخل N-TET: مراجعة الطاقة والشبكة وواجهات التركيب,What should the power review cover? | Which network details matter? | Why is mounting more than height? | How does N-TET keep interfaces reviewable? | What remains site-specific? | احصل على دفاع خبير بالطائرات بدون طيار! | What should the power review cover? | Which network details matter? | Why is mounting more than height? | How does N-TET keep interfaces reviewable? | What remains site-specific? | احصل على دفاع خبير بالطائرات بدون طيار!,.next-five-pages-v2/server/app/ar/media/ntet-cuas-interface-review-2024.html
/ar/media/ntet-cuas-technical-documentation-2025,ar,strong,100,داخل N-TET: وثائق فنية يمكن للمشتري مراجعتها فعلياً,2,true,true,true,true,true,1519,16,1.053,1,14,,داخل N-TET: وثائق فنية يمكن للمشتري مراجعتها فعلياً,"C-UAS technical documentation is useful when a buyer can trace each proposed item back to an operating requirement, an interface, and a stated assumption. A long brochure is not the same as a reviewable system document. N-TET organizes an e",داخل N-TET: وثائق فنية يمكن للمشتري مراجعتها فعلياً | N-TET,داخل N-TET: وثائق فنية يمكن للمشتري مراجعتها فعلياً,What belongs in the scope summary? | Separate product specifications from site assumptions | Show what each sensor contributes | Make interfaces reviewable | Include an open-question register | N-TET's document hierarchy | احصل على دفاع خبير بالطائرات بدون طيار! | What belongs in the scope summary? | Separate product specifications from site assumptions | Show what each sensor contributes | Make interfaces reviewable | Include an open-question register | N-TET's document hierarchy | احصل على دفاع خبير بالطائرات بدون طيار!,.next-five-pages-v2/server/app/ar/media/ntet-cuas-technical-documentation-2025.html
/ar/media/ntet-equipment-bench-checks-2025,ar,strong,85,داخل N-TET: ما الذي يجب أن تؤكده فحوص المعدات على المنضدة,2,true,false,true,true,true,1549,14,0.904,1,12,description 未命中关键词,داخل N-TET: ما الذي يجب أن تؤكده فحوص المعدات على المنضدة,"An equipment bench check should confirm that the actual unit, accessories, interfaces, software state, and documentation agree with the configuration under review. It is not a substitute for field commissioning and it does not prove site co",داخل N-TET: ما الذي يجب أن تؤكده فحوص المعدات على المنضدة | N-TET,داخل N-TET: ما الذي يجب أن تؤكده فحوص المعدات على المنضدة,Start with equipment identity | What should be checked before startup? | What should be observed after startup? | Keep site-dependent items separate | N-TET's minimum check record | احصل على دفاع خبير بالطائرات بدون طيار! | Start with equipment identity | What should be checked before startup? | What should be observed after startup? | Keep site-dependent items separate | N-TET's minimum check record | احصل على دفاع خبير بالطائرات بدون طيار!,.next-five-pages-v2/server/app/ar/media/ntet-equipment-bench-checks-2025.html
/ar/media/ntet-multi-sensor-configuration-method-2025,ar,strong,100,داخل N-TET: كيف نوزع الأدوار في تكوين C-UAS متعدد المستشعرات,2,true,true,true,true,true,1567,16,1.021,1,14,,داخل N-TET: كيف نوزع الأدوار في تكوين C-UAS متعدد المستشعرات,"A multi-sensor C-UAS configuration works when each sensor has a defined evidence role. Adding RF sensing, radar, Remote ID, and EO/IR to the same diagram does not guarantee that the operator receives one understandable event. N-TET begins b",داخل N-TET: كيف نوزع الأدوار في تكوين C-UAS متعدد المستشعرات | N-TET,داخل N-TET: كيف نوزع الأدوار في تكوين C-UAS متعدد المستشعرات,"Assign the first-alert role | Assign enrichment and confirmation roles | Define correlation before integration | Design for the operator, not the diagram | Plan commissioning and tuning | N-TET's configuration output | احصل على دفاع خبير بالطائرات بدون طيار! | Assign the first-alert role | Assign enrichment and confirmation roles | Define correlation before integration | Design for the operator, not the diagram | Plan commissioning and tuning | N-TET's configuration output | احصل على دفاع خبير بالطائرات بدون طيار!",.next-five-pages-v2/server/app/ar/media/ntet-multi-sensor-configuration-method-2025.html
/ar/media/ntet-portable-fixed-vehicle-cuas-review-2025,ar,strong,100,داخل N-TET: مقارنة C-UAS المحمول والثابت والمركب,2,true,true,true,true,true,1621,18,1.110,1,10,,داخل N-TET: مقارنة C-UAS المحمول والثابت والمركب,"Portable, fixed-site, and vehicle-mounted C-UAS configurations solve different operating problems. N-TET does not treat them as three sizes of the same system. A portable configuration is useful when equipment must be moved, stored, or brou",داخل N-TET: مقارنة C-UAS المحمول والثابت والمركب | N-TET,داخل N-TET: مقارنة C-UAS المحمول والثابت والمركب,When does a portable configuration make sense? | What changes in a fixed-site design? | What is different about a vehicle-mounted configuration? | N-TET's comparison checklist | احصل على دفاع خبير بالطائرات بدون طيار! | When does a portable configuration make sense? | What changes in a fixed-site design? | What is different about a vehicle-mounted configuration? | N-TET's comparison checklist | احصل على دفاع خبير بالطائرات بدون طيار!,.next-five-pages-v2/server/app/ar/media/ntet-portable-fixed-vehicle-cuas-review-2025.html
/ar/media/ntet-requirements-to-cuas-configuration-2024,ar,strong,100,داخل N-TET: تحويل متطلبات C-UAS إلى تكوين قابل للمراجعة,2,true,true,true,true,true,1073,16,1.491,1,10,,داخل N-TET: تحويل متطلبات C-UAS إلى تكوين قابل للمراجعة,يبدأ تكوين C-UAS القابل للمراجعة بالمتطلبات التشغيلية، لا بقائمة أجهزة. تفصل N-TET أولاً بين المنطقة المحمية والمنطقة التي يمكن مراقبتها واقعياً، ثم تسأل من سيستخدم النظام وما الأدلة المطلوبة وكيف ستُراجع التنبيهات وما أنظمة الطاقة والشبكة,داخل N-TET: تحويل متطلبات C-UAS إلى تكوين قابل للمراجعة | N-TET,داخل N-TET: تحويل متطلبات C-UAS إلى تكوين قابل للمراجعة,ما الذي تسأل عنه N-TET أولاً؟ | كيف تُوزع أدوار المستشعرات؟ | لماذا تُفصل الخيارات عن النطاق الأساسي؟ | ماذا يجب أن يتضمن الناتج؟ | احصل على دفاع خبير بالطائرات بدون طيار! | ما الذي تسأل عنه N-TET أولاً؟ | كيف تُوزع أدوار المستشعرات؟ | لماذا تُفصل الخيارات عن النطاق الأساسي؟ | ماذا يجب أن يتضمن الناتج؟ | احصل على دفاع خبير بالطائرات بدون طيار!,.next-five-pages-v2/server/app/ar/media/ntet-requirements-to-cuas-configuration-2024.html
/ar/media/ntet-uav-engineering-cuas-perspective-2026,ar,strong,85,داخل N-TET: كيف تدعم هندسة UAV مراجعات C-UAS,2,true,false,true,true,true,1601,14,0.874,1,12,description 未命中关键词,داخل N-TET: كيف تدعم هندسة UAV مراجعات C-UAS,"UAV engineering knowledge improves a C-UAS review because the monitored object is not an abstract dot. It is an aircraft with an airframe, propulsion system, power limit, payload, data link, navigation source, flight-control behavior, missi",داخل N-TET: كيف تدعم هندسة UAV مراجعات C-UAS | N-TET,داخل N-TET: كيف تدعم هندسة UAV مراجعات C-UAS,Airframes and mission profiles change the observation | Data links are not all the same | Navigation and identity need context | Payload and environment affect confirmation | What N-TET reviews | احصل على دفاع خبير بالطائرات بدون طيار! | Airframes and mission profiles change the observation | Data links are not all the same | Navigation and identity need context | Payload and environment affect confirmation | What N-TET reviews | احصل على دفاع خبير بالطائرات بدون طيار!,.next-five-pages-v2/server/app/ar/media/ntet-uav-engineering-cuas-perspective-2026.html
/ar/media/overseas-uav-project-handover-checklist-2026,ar,partial,70,تسليم مشروع UAV دولي: قائمة تحقق للمشتري لقطع الغيار والحمولات ووثائق التدريب,2,true,false,true,false,true,987,6,0.608,1,6,description 未命中关键词; H2 未命中关键词,تسليم مشروع UAV دولي: قائمة تحقق للمشتري لقطع الغيار والحمولات ووثائق التدريب | N-TET,"An overseas UAV handover should be planned before dispatch. The practical question is whether the operator will receive the aircraft, payloads, spares, records, and training documents needed to prepare an acceptance flight and maintain the",تسليم مشروع UAV دولي: قائمة تحقق للمشتري لقطع الغيار والحمولات ووثائق التدريب | N-TET,تسليم مشروع UAV دولي: قائمة تحقق للمشتري لقطع الغيار والحمولات ووثائق التدريب,What should be checked before dispatch? | How buyers can reduce delays | احصل على دفاع خبير بالطائرات بدون طيار! | What should be checked before dispatch? | How buyers can reduce delays | احصل على دفاع خبير بالطائرات بدون طيار!,.next-five-pages-v2/server/app/ar/media/overseas-uav-project-handover-checklist-2026.html
/ar/media/power-line-inspection-drone-guide-2026,ar,strong,85,Power Line Inspection Drone: UAV Operations for Utility Corridors and Transmission Towers,2,true,false,true,true,true,3599,16,0.445,1,20,description 未命中关键词,Power Line Inspection Drone: UAV Operations for Utility Corridors and Transmission Towers | N-TET,"Power line inspection drones are becoming practical tools for utilities that need repeatable evidence from long transmission corridors, towers, conductors, insulators, fittings, and substation equipment. A drone does not replace engineering",Power Line Inspection Drone: UAV Operations for Utility Corridors and Transmission Towers | N-TET,Power Line Inspection Drone: UAV Operations for Utility Corridors and Transmission Towers,"What is a power line inspection drone? | Why utilities use drones for power line inspection | Power line drone inspection process | Which UAV platform fits each inspection task? | Payload selection: visible-light, thermal infrared, and LiDAR | What should a utility inspection report include? | N-TET system fit: corridor, tower, and substation inspection | Deployment checklist before procurement | FAQ | احصل على دفاع خبير بالطائرات بدون طيار! | What is a power line inspection drone? | Why utilities use drones for power line inspection | Power line drone inspection process | Which UAV platform fits each inspection task? | Payload selection: visible-light, thermal infrared, and LiDAR | What should a utility inspection report include? | N-TET system fit: corridor, tower, and substation inspection | Deployment checklist before procurement | FAQ | احصل على دفاع خبير بالطائرات بدون طيار!",.next-five-pages-v2/server/app/ar/media/power-line-inspection-drone-guide-2026.html
/ar/media/project-inquiry-review-low-altitude-monitoring-2026,ar,strong,85,داخل N-TET: ما نراجعه قبل مقترح C-UAS للارتفاعات المنخفضة,2,true,false,true,true,true,1217,14,1.150,1,8,description 未命中关键词,داخل N-TET: ما نراجعه قبل مقترح C-UAS للارتفاعات المنخفضة,"A low-altitude C-UAS proposal should not start with a product list. It should start with the operating problem: what the site cannot see, what the team cannot identify quickly, and which handling steps must be reviewed, approved, and record",داخل N-TET: ما نراجعه قبل مقترح C-UAS للارتفاعات المنخفضة | N-TET,داخل N-TET: ما نراجعه قبل مقترح C-UAS للارتفاعات المنخفضة,"Site context comes before equipment selection | We separate detection, confirmation, and response | What N-TET asks for during early review | احصل على دفاع خبير بالطائرات بدون طيار! | Site context comes before equipment selection | We separate detection, confirmation, and response | What N-TET asks for during early review | احصل على دفاع خبير بالطائرات بدون طيار!",.next-five-pages-v2/server/app/ar/media/project-inquiry-review-low-altitude-monitoring-2026.html
/ar/media/radar-rf-optical-nuisance-alert-reduction-2026,ar,partial,70,الرادار وRF وEO/IR: ملاحظات عملية لتقليل الإنذارات الكاذبة,2,true,false,true,false,true,1223,6,0.491,1,8,description 未命中关键词; H2 未命中关键词,الرادار وRF وEO/IR: ملاحظات عملية لتقليل الإنذارات الكاذبة | N-TET,"False alerts are one of the fastest ways to weaken trust in a low-altitude monitoring system. Radar, RF sensing, EO/IR confirmation, and Remote ID review each add useful evidence, but none of them removes the need for site-specific tuning a",الرادار وRF وEO/IR: ملاحظات عملية لتقليل الإنذارات الكاذبة | N-TET,الرادار وRF وEO/IR: ملاحظات عملية لتقليل الإنذارات الكاذبة,One sensor rarely tells the full story | False-alert reduction is an operating discipline | Questions to ask during tuning | احصل على دفاع خبير بالطائرات بدون طيار! | One sensor rarely tells the full story | False-alert reduction is an operating discipline | Questions to ask during tuning | احصل على دفاع خبير بالطائرات بدون طيار!,.next-five-pages-v2/server/app/ar/media/radar-rf-optical-nuisance-alert-reduction-2026.html
/ar/media/remote-id-rf-detection-complementary-2025,ar,partial,70,Remote ID وكشف RF: لماذا تحتاج المراقبة إلى كليهما,2,true,false,true,false,true,1573,6,0.381,1,8,description 未命中关键词; H2 未命中关键词,Remote ID وكشف RF: لماذا تحتاج المراقبة إلى كليهما | N-TET,"Remote ID and RF detection are complementary monitoring layers, not interchangeable product labels. Remote ID can provide identity and flight information when a compatible aircraft is broadcasting it and the receiver is within usable range.",Remote ID وكشف RF: لماذا تحتاج المراقبة إلى كليهما | N-TET,Remote ID وكشف RF: لماذا تحتاج المراقبة إلى كليهما,What can Remote ID contribute? | What can RF detection contribute? | How should the two data sources work together? | احصل على دفاع خبير بالطائرات بدون طيار! | What can Remote ID contribute? | What can RF detection contribute? | How should the two data sources work together? | احصل على دفاع خبير بالطائرات بدون طيار!,.next-five-pages-v2/server/app/ar/media/remote-id-rf-detection-complementary-2025.html
/ar/media/site-photo-review-before-system-layout-2026,ar,partial,70,داخل N-TET: كيف نراجع صور الموقع قبل تصميم C-UAS,2,true,false,true,false,true,1213,12,0.989,1,8,description 未命中关键词; H2 未命中关键词,داخل N-TET: كيف نراجع صور الموقع قبل تصميم C-UAS,"For infrastructure, airport, energy, port, and public-event projects, the first useful engineering material is often not a specification sheet. It is a set of ordinary site photos: rooflines, entrances, fence sections, open areas, control r",داخل N-TET: كيف نراجع صور الموقع قبل تصميم C-UAS | N-TET,داخل N-TET: كيف نراجع صور الموقع قبل تصميم C-UAS,Photos reveal what maps can miss | How photos support C-UAS layout decisions | Useful photos to prepare | احصل على دفاع خبير بالطائرات بدون طيار! | Photos reveal what maps can miss | How photos support C-UAS layout decisions | Useful photos to prepare | احصل على دفاع خبير بالطائرات بدون طيار!,.next-five-pages-v2/server/app/ar/media/site-photo-review-before-system-layout-2026.html
/ar/media/tethered-uav-persistent-surveillance-2026,ar,strong,85,UAV المربوطة: مراقبة جوية مستمرة للفعاليات والمواقع البعيدة,2,true,true,true,false,true,695,8,1.151,1,2,H2 未命中关键词,UAV المربوطة: مراقبة جوية مستمرة للفعاليات والمواقع البعيدة | N-TET,يتناول هذا المقال موضوع UAV المربوطة: مراقبة جوية مستمرة للفعاليات والمواقع البعيدة من زاوية تشغيلية مرتبطة بـ التفتيش الميداني والصيانة. تركز N-TET على تحويل بيانات UAV والمراقبة منخفضة الارتفاع إلى معلومات قابلة للمراجعة، مع دعم فرق البني,UAV المربوطة: مراقبة جوية مستمرة للفعاليات والمواقع البعيدة | N-TET,UAV المربوطة: مراقبة جوية مستمرة للفعاليات والمواقع البعيدة,احصل على دفاع خبير بالطائرات بدون طيار! | احصل على دفاع خبير بالطائرات بدون طيار!,.next-five-pages-v2/server/app/ar/media/tethered-uav-persistent-surveillance-2026.html
/ar/media/weather-terrain-urban-clutter-drone-detection-2025,ar,partial,70,كيف يؤثر الطقس والتضاريس والازدحام الحضري في كشف الطائرات,2,true,false,true,false,true,1547,6,0.388,1,10,description 未命中关键词; H2 未命中关键词,كيف يؤثر الطقس والتضاريس والازدحام الحضري في كشف الطائرات | N-TET,"Weather, terrain, and urban clutter affect drone detection because every sensor depends on energy reaching the target or receiver through a real environment. RF sensing depends on available radio activity and local signal conditions. Radar",كيف يؤثر الطقس والتضاريس والازدحام الحضري في كشف الطائرات | N-TET,كيف يؤثر الطقس والتضاريس والازدحام الحضري في كشف الطائرات,How does weather change the picture? | What does terrain hide? | Why is an urban or industrial site difficult? | What should buyers ask for? | احصل على دفاع خبير بالطائرات بدون طيار! | How does weather change the picture? | What does terrain hide? | Why is an urban or industrial site difficult? | What should buyers ask for? | احصل على دفاع خبير بالطائرات بدون طيار!,.next-five-pages-v2/server/app/ar/media/weather-terrain-urban-clutter-drone-detection-2025.html
/ar/privacy-policy,ar,partial,65,سياسة الخصوصية | N-TET,2,true,true,false,false,true,1344,10,0.744,2,20,H1 未命中关键词; H2 未命中关键词,سياسة الخصوصية | N-TET,توضح هذه السياسة كيفية جمع N-TET للمعلومات الشخصية واستخدامها والاحتفاظ بها ومشاركتها عند زيارة n-tet.com أو التواصل مع فريقنا.,سياسة الخصوصية | N-TET | N-TET,سياسة الخصوصية | سياسة الخصوصية,1. نطاق السياسة والجهة المسؤولة | 2. المعلومات التي نجمعها | 3. كيفية استخدام المعلومات | 4. ملفات تعريف الارتباط والتحليلات وخدمات الأطراف الثالثة | 5. مشاركة المعلومات والنقل الدولي | 6. الاحتفاظ والأمان | 7. خياراتك وطلباتك | 8. الأطفال | 9. التغييرات على هذه السياسة | 10. اتصل بنا | 1. نطاق السياسة والجهة المسؤولة | 2. المعلومات التي نجمعها | 3. كيفية استخدام المعلومات | 4. ملفات تعريف الارتباط والتحليلات وخدمات الأطراف الثالثة | 5. مشاركة المعلومات والنقل الدولي | 6. الاحتفاظ والأمان | 7. خياراتك وطلباتك | 8. الأطفال | 9. التغييرات على هذه السياسة | 10. اتصل بنا,.next-five-pages-v2/server/app/ar/privacy-policy.html
/ar/products,ar,weak,30,أنظمة UAV الصناعية,9,true,false,false,false,false,700,0,0.000,1,6,description 未命中关键词; H1 未命中关键词; H2 未命中关键词; 正文未命中精确关键词短语,أنظمة UAV الصناعية والمعدات الميدانية | منتجات N-TET,استكشف منصات UAV وحمولات الاستشعار وأنظمة مراقبة الارتفاع المنخفض ومعدات الفحص الأمني ومكونات UAV مرتبة حسب المهمة.,أنظمة UAV الصناعية | طائرة UAV للتفتيش | طائرة UAV للطوارئ | معدات مراقبة الارتفاع المنخفض | أنظمة الفحص الأمني | مواد الهندسة | المعدات الطبية الميدانية | ملحقات الطائرات بدون طيار | مكونات UAV,معدات C-UAS الاحترافية,أجهزة C-UAS المحمولة | أنظمة الطائرات بدون طيار (C-UAS) للمواقع الثابتة | أنظمة C-UAS مُثبتة على المركبة | منصة التحكم C-UAS | تتبع EO/IR والتحقق منها | احصل على دفاع خبير بالطائرات بدون طيار!,.next-five-pages-v2/server/app/ar/products.html
/ar/products/composite-electro-optical-tracking-system,ar,strong,100,نظام تتبع كهروبصري EO,5,true,true,true,true,true,995,13,1.307,1,5,,نظام تتبع كهروبصري EO | N-TET,N-TET نظام تتبع كهروبصري EO: حل صناعي للفحص والمراقبة وعمليات الموقع مع دعم فني للمشروع.,نظام تتبع كهروبصري EO | C-UAS equipment | early warning equipment | target identification and tracking system | N-TET,نظام تتبع كهروبصري EO,نظام تتبع كهروبصري EO Technical Specifications | احصل على دفاع خبير بالطائرات بدون طيار! | نظرة عامة | المواصفات الفنية | احصل على دفاع خبير بالطائرات بدون طيار!,.next-five-pages-v2/server/app/ar/products/composite-electro-optical-tracking-system.html
/ar/products/directional-rf-event-logging,ar,strong,100,Directional RF C-UAS Site Unit,5,true,true,true,true,true,1004,5,0.498,1,5,,Directional RF C-UAS Site Unit | N-TET,N-TET Directional RF C-UAS Site Unit: حل صناعي للفحص والمراقبة وعمليات الموقع مع دعم فني للمشروع.,Directional RF C-UAS Site Unit | C-UAS equipment | early warning equipment | target identification and tracking system | N-TET,Directional RF C-UAS Site Unit,Directional RF C-UAS Site Unit Technical Specifications | احصل على دفاع خبير بالطائرات بدون طيار! | نظرة عامة | المواصفات الفنية | احصل على دفاع خبير بالطائرات بدون طيار!,.next-five-pages-v2/server/app/ar/products/directional-rf-event-logging.html
/ar/products/directional-rf-interference-device,ar,strong,100,Directional RF Jammer,5,true,true,true,true,true,1028,9,0.875,1,5,,Directional RF Jammer | N-TET,N-TET Directional RF Jammer: حل صناعي للفحص والمراقبة وعمليات الموقع مع دعم فني للمشروع.,Directional RF Jammer | C-UAS equipment | early warning equipment | target identification and tracking system | N-TET,Directional RF Jammer,Directional RF Jammer Technical Specifications | احصل على دفاع خبير بالطائرات بدون طيار! | نظرة عامة | المواصفات الفنية | احصل على دفاع خبير بالطائرات بدون طيار!,.next-five-pages-v2/server/app/ar/products/directional-rf-interference-device.html
/ar/products/emergency-search-rescue-drone,ar,strong,100,thermal drones for search and rescue,8,true,true,true,true,true,906,11,1.214,1,5,,منصة UAV صناعية | N-TET,N-TET منصة UAV صناعية: حل صناعي للفحص والمراقبة وعمليات الموقع مع دعم فني للمشروع.,thermal drones for search and rescue | search and rescue drone | search and rescue UAV | drone rescue | منصة UAV صناعية | industrial UAV systems | UAV inspection drone | emergency response UAV,منصة UAV صناعية,منصة UAV صناعية Technical Specifications | احصل على دفاع خبير بالطائرات بدون طيار! | نظرة عامة | المواصفات الفنية | احصل على دفاع خبير بالطائرات بدون طيار!,.next-five-pages-v2/server/app/ar/products/emergency-search-rescue-drone.html
/ar/products/fbg-g15-fc06-explosion-containment-vessel,ar,strong,100,وعاء احتواء الانفجار FBG-G1.5-FC06,5,true,true,true,true,true,886,17,1.919,1,5,,وعاء احتواء الانفجار FBG-G1.5-FC06 | N-TET,N-TET وعاء احتواء الانفجار FBG-G1.5-FC06: حل صناعي للفحص والمراقبة وعمليات الموقع مع دعم فني للمشروع.,وعاء احتواء الانفجار FBG-G1.5-FC06 | security screening equipment | X-ray baggage scanner | walk-through metal detector | N-TET,وعاء احتواء الانفجار FBG-G1.5-FC06,وعاء احتواء الانفجار FBG-G1.5-FC06 Technical Specifications | احصل على دفاع خبير بالطائرات بدون طيار! | نظرة عامة | المواصفات الفنية | احصل على دفاع خبير بالطائرات بدون طيار!,.next-five-pages-v2/server/app/ar/products/fbg-g15-fc06-explosion-containment-vessel.html
/ar/products/fbt-fc09-explosion-protection-blanket,ar,strong,100,غطاء حماية من الانفجار FBT-FC09,5,true,true,true,true,true,914,17,1.860,1,5,,غطاء حماية من الانفجار FBT-FC09 | N-TET,N-TET غطاء حماية من الانفجار FBT-FC09: حل صناعي للفحص والمراقبة وعمليات الموقع مع دعم فني للمشروع.,غطاء حماية من الانفجار FBT-FC09 | security screening equipment | X-ray baggage scanner | walk-through metal detector | N-TET,غطاء حماية من الانفجار FBT-FC09,غطاء حماية من الانفجار FBT-FC09 Technical Specifications | احصل على دفاع خبير بالطائرات بدون طيار! | نظرة عامة | المواصفات الفنية | احصل على دفاع خبير بالطائرات بدون طيار!,.next-five-pages-v2/server/app/ar/products/fbt-fc09-explosion-protection-blanket.html
/ar/products/fc-3000-ferromagnetic-detection-column,ar,strong,100,ذكي كشف نظام FC 3000,5,true,true,true,true,true,946,17,1.797,1,5,,ذكي كشف نظام FC 3000 | N-TET,N-TET ذكي كشف نظام FC 3000: حل صناعي للفحص والمراقبة وعمليات الموقع مع دعم فني للمشروع.,ذكي كشف نظام FC 3000 | security screening equipment | X-ray baggage scanner | walk-through metal detector | N-TET,ذكي كشف نظام FC 3000,ذكي كشف نظام FC 3000 Technical Specifications | احصل على دفاع خبير بالطائرات بدون طيار! | نظرة عامة | المواصفات الفنية | احصل على دفاع خبير بالطائرات بدون طيار!,.next-five-pages-v2/server/app/ar/products/fc-3000-ferromagnetic-detection-column.html
/ar/products/fc-c-deluxe-walk-through-metal-detector,ar,strong,100,كاشف معادن أمني,5,true,true,true,true,true,942,15,1.592,1,5,,كاشف معادن أمني | N-TET,N-TET كاشف معادن أمني: حل صناعي للفحص والمراقبة وعمليات الموقع مع دعم فني للمشروع.,كاشف معادن أمني | security screening equipment | X-ray baggage scanner | walk-through metal detector | N-TET,كاشف معادن أمني,كاشف معادن أمني Technical Specifications | احصل على دفاع خبير بالطائرات بدون طيار! | نظرة عامة | المواصفات الفنية | احصل على دفاع خبير بالطائرات بدون طيار!,.next-five-pages-v2/server/app/ar/products/fc-c-deluxe-walk-through-metal-detector.html
/ar/products/fc-c-lcd-walk-through-metal-detector,ar,strong,100,كاشف معادن أمني,5,true,true,true,true,true,922,13,1.410,1,5,,كاشف معادن أمني | N-TET,N-TET كاشف معادن أمني: حل صناعي للفحص والمراقبة وعمليات الموقع مع دعم فني للمشروع.,كاشف معادن أمني | security screening equipment | X-ray baggage scanner | walk-through metal detector | N-TET,كاشف معادن أمني,كاشف معادن أمني Technical Specifications | احصل على دفاع خبير بالطائرات بدون طيار! | نظرة عامة | المواصفات الفنية | احصل على دفاع خبير بالطائرات بدون طيار!,.next-five-pages-v2/server/app/ar/products/fc-c-lcd-walk-through-metal-detector.html
/ar/products/fc-dlxj-01-power-grid-inspection-drone,ar,strong,100,drone power line inspection,8,true,true,true,true,true,942,11,1.168,1,5,,طائرة UAV لتفتيش شبكة الكهرباء | N-TET,N-TET طائرة UAV لتفتيش شبكة الكهرباء: حل صناعي للفحص والمراقبة وعمليات الموقع مع دعم فني للمشروع.,drone power line inspection | power line inspection drone | UAV power line inspection | utility inspection drone | طائرة UAV لتفتيش شبكة الكهرباء | industrial UAV systems | UAV inspection drone | emergency response UAV,طائرة UAV لتفتيش شبكة الكهرباء,طائرة UAV لتفتيش شبكة الكهرباء Technical Specifications | احصل على دفاع خبير بالطائرات بدون طيار! | نظرة عامة | المواصفات الفنية | احصل على دفاع خبير بالطائرات بدون طيار!,.next-five-pages-v2/server/app/ar/products/fc-dlxj-01-power-grid-inspection-drone.html
/ar/products/fc-dma-long-range-optical-turntable,ar,strong,100,برج PTZ كهروبصري متعدد الأطياف FC-DMA EO/IR PTZ,5,true,true,true,true,true,1184,13,1.098,1,5,,برج PTZ كهروبصري متعدد الأطياف FC-DMA EO/IR PTZ | N-TET,N-TET برج PTZ كهروبصري متعدد الأطياف FC-DMA EO/IR PTZ: حل صناعي للفحص والمراقبة وعمليات الموقع مع دعم فني للمشروع.,برج PTZ كهروبصري متعدد الأطياف FC-DMA EO/IR PTZ | perimeter intelligence | electro optical surveillance | radar vision fusion system | N-TET,برج PTZ كهروبصري متعدد الأطياف FC-DMA EO/IR PTZ,برج PTZ كهروبصري متعدد الأطياف FC-DMA EO/IR PTZ Technical Specifications | احصل على دفاع خبير بالطائرات بدون طيار! | نظرة عامة | المواصفات الفنية | احصل على دفاع خبير بالطائرات بدون طيار!,.next-five-pages-v2/server/app/ar/products/fc-dma-long-range-optical-turntable.html
/ar/products/fc-dms10-smart-electronic-sentinel,ar,strong,100,FC DMS10 ذكي,5,true,true,true,true,true,974,13,1.335,1,5,,FC DMS10 ذكي | N-TET,N-TET FC DMS10 ذكي: حل صناعي للفحص والمراقبة وعمليات الموقع مع دعم فني للمشروع.,FC DMS10 ذكي | perimeter intelligence | electro optical surveillance | radar vision fusion system | N-TET,FC DMS10 ذكي,FC DMS10 ذكي Technical Specifications | احصل على دفاع خبير بالطائرات بدون طيار! | نظرة عامة | المواصفات الفنية | احصل على دفاع خبير بالطائرات بدون طيار!,.next-five-pages-v2/server/app/ar/products/fc-dms10-smart-electronic-sentinel.html
/ar/products/fc-dtvc-dual-band-thermal-ptz,ar,strong,100,FC DTVC حراري السرعة,5,true,true,true,true,true,1171,13,1.110,1,5,,FC DTVC حراري السرعة | N-TET,N-TET FC DTVC حراري السرعة: حل صناعي للفحص والمراقبة وعمليات الموقع مع دعم فني للمشروع.,FC DTVC حراري السرعة | perimeter intelligence | electro optical surveillance | radar vision fusion system | N-TET,FC DTVC حراري السرعة,FC DTVC حراري السرعة Technical Specifications | احصل على دفاع خبير بالطائرات بدون طيار! | نظرة عامة | المواصفات الفنية | احصل على دفاع خبير بالطائرات بدون طيار!,.next-five-pages-v2/server/app/ar/products/fc-dtvc-dual-band-thermal-ptz.html
/ar/products/fc-h-smart-phone-detection-gate,ar,strong,100,بوابة ذكية لكشف الهواتف,5,true,true,true,true,true,995,17,1.709,1,5,,بوابة ذكية لكشف الهواتف | N-TET,N-TET بوابة ذكية لكشف الهواتف: حل صناعي للفحص والمراقبة وعمليات الموقع مع دعم فني للمشروع.,بوابة ذكية لكشف الهواتف | security screening equipment | X-ray baggage scanner | walk-through metal detector | N-TET,بوابة ذكية لكشف الهواتف,بوابة ذكية لكشف الهواتف Technical Specifications | احصل على دفاع خبير بالطائرات بدون طيار! | نظرة عامة | المواصفات الفنية | احصل على دفاع خبير بالطائرات بدون طيار!,.next-five-pages-v2/server/app/ar/products/fc-h-smart-phone-detection-gate.html
/ar/products/fc-h-smart-phone-detection-gate-29in,ar,strong,100,بوابة ذكية لكشف الهواتف,5,true,true,true,true,true,961,15,1.561,1,5,,بوابة ذكية لكشف الهواتف | N-TET,N-TET بوابة ذكية لكشف الهواتف: حل صناعي للفحص والمراقبة وعمليات الموقع مع دعم فني للمشروع.,بوابة ذكية لكشف الهواتف | security screening equipment | X-ray baggage scanner | walk-through metal detector | N-TET,بوابة ذكية لكشف الهواتف,بوابة ذكية لكشف الهواتف Technical Specifications | احصل على دفاع خبير بالطائرات بدون طيار! | نظرة عامة | المواصفات الفنية | احصل على دفاع خبير بالطائرات بدون طيار!,.next-five-pages-v2/server/app/ar/products/fc-h-smart-phone-detection-gate-29in.html
/ar/products/fc-pd500-personal-radiation-dose-alarm,ar,strong,100,منبه جرعة إشعاع شخصية FC-PD500 X-,5,true,true,true,true,true,1031,13,1.261,1,5,,منبه جرعة إشعاع شخصية FC-PD500 X- | N-TET,N-TET منبه جرعة إشعاع شخصية FC-PD500 X-: حل صناعي للفحص والمراقبة وعمليات الموقع مع دعم فني للمشروع.,منبه جرعة إشعاع شخصية FC-PD500 X- | security screening equipment | X-ray baggage scanner | walk-through metal detector | N-TET,منبه جرعة إشعاع شخصية FC-PD500 X-,منبه جرعة إشعاع شخصية FC-PD500 X- Technical Specifications | احصل على دفاع خبير بالطائرات بدون طيار! | نظرة عامة | المواصفات الفنية | احصل على دفاع خبير بالطائرات بدون طيار!,.next-five-pages-v2/server/app/ar/products/fc-pd500-personal-radiation-dose-alarm.html
/ar/products/fc-rc-series-hd-laser-camera,ar,strong,100,FC RC HD مدى ليزر كاميرا,5,true,true,true,true,true,1073,15,1.398,1,5,,FC RC HD مدى ليزر كاميرا | N-TET,N-TET FC RC HD مدى ليزر كاميرا: حل صناعي للفحص والمراقبة وعمليات الموقع مع دعم فني للمشروع.,FC RC HD مدى ليزر كاميرا | perimeter intelligence | electro optical surveillance | radar vision fusion system | N-TET,FC RC HD مدى ليزر كاميرا,FC RC HD مدى ليزر كاميرا Technical Specifications | احصل على دفاع خبير بالطائرات بدون طيار! | نظرة عامة | المواصفات الفنية | احصل على دفاع خبير بالطائرات بدون طيار!,.next-five-pages-v2/server/app/ar/products/fc-rc-series-hd-laser-camera.html
/ar/products/fc-rds500-4r-radar-vision-sentinel,ar,strong,100,نظام دمج الرادار والرؤية,5,true,true,true,true,true,1137,15,1.319,1,5,,نظام دمج الرادار والرؤية | N-TET,N-TET نظام دمج الرادار والرؤية: حل صناعي للفحص والمراقبة وعمليات الموقع مع دعم فني للمشروع.,نظام دمج الرادار والرؤية | perimeter intelligence | electro optical surveillance | radar vision fusion system | N-TET,نظام دمج الرادار والرؤية,نظام دمج الرادار والرؤية Technical Specifications | احصل على دفاع خبير بالطائرات بدون طيار! | نظرة عامة | المواصفات الفنية | احصل على دفاع خبير بالطائرات بدون طيار!,.next-five-pages-v2/server/app/ar/products/fc-rds500-4r-radar-vision-sentinel.html
/ar/products/fc-sljc-01-water-conservancy-monitoring-drone,ar,strong,100,water conservancy monitoring UAV,8,true,true,true,true,true,946,11,1.163,1,5,,طائرة UAV لمراقبة المياه والأنهار | N-TET,N-TET طائرة UAV لمراقبة المياه والأنهار: حل صناعي للفحص والمراقبة وعمليات الموقع مع دعم فني للمشروع.,water conservancy monitoring UAV | dam inspection UAV | river lake UAV monitoring | flood monitoring drone | طائرة UAV لمراقبة المياه والأنهار | industrial UAV systems | UAV inspection drone | emergency response UAV,طائرة UAV لمراقبة المياه والأنهار,طائرة UAV لمراقبة المياه والأنهار Technical Specifications | احصل على دفاع خبير بالطائرات بدون طيار! | نظرة عامة | المواصفات الفنية | احصل على دفاع خبير بالطائرات بدون طيار!,.next-five-pages-v2/server/app/ar/products/fc-sljc-01-water-conservancy-monitoring-drone.html
/ar/products/fc-smart-swing-turnstile,ar,strong,100,ذكي,5,true,true,true,true,true,876,15,1.712,1,5,,ذكي | N-TET,N-TET ذكي: حل صناعي للفحص والمراقبة وعمليات الموقع مع دعم فني للمشروع.,ذكي | security screening equipment | X-ray baggage scanner | walk-through metal detector | N-TET,ذكي,ذكي Technical Specifications | احصل على دفاع خبير بالطائرات بدون طيار! | نظرة عامة | المواصفات الفنية | احصل على دفاع خبير بالطائرات بدون طيار!,.next-five-pages-v2/server/app/ar/products/fc-smart-swing-turnstile.html
/ar/products/fc-ttvc-intelligent-multi-band-camera,ar,strong,100,FC TTVC ذكي كاميرا,5,true,true,true,true,true,1229,25,2.034,1,5,,FC TTVC ذكي كاميرا | N-TET,N-TET FC TTVC ذكي كاميرا: حل صناعي للفحص والمراقبة وعمليات الموقع مع دعم فني للمشروع.,FC TTVC ذكي كاميرا | perimeter intelligence | electro optical surveillance | radar vision fusion system | N-TET,FC TTVC ذكي كاميرا,FC TTVC ذكي كاميرا Technical Specifications | احصل على دفاع خبير بالطائرات بدون طيار! | نظرة عامة | المواصفات الفنية | احصل على دفاع خبير بالطائرات بدون طيار!,.next-five-pages-v2/server/app/ar/products/fc-ttvc-intelligent-multi-band-camera.html
/ar/products/fc-yjtx-01-emergency-communication-drone,ar,strong,100,emergency communication UAV,8,true,true,true,true,true,916,11,1.201,1,5,,منصة UAV مربوطة للاتصالات الطارئة | N-TET,N-TET منصة UAV مربوطة للاتصالات الطارئة: حل صناعي للفحص والمراقبة وعمليات الموقع مع دعم فني للمشروع.,emergency communication UAV | disaster response communication drone | tethered communication UAV | public safety UAV communications | منصة UAV مربوطة للاتصالات الطارئة | industrial UAV systems | UAV inspection drone | emergency response UAV,منصة UAV مربوطة للاتصالات الطارئة,منصة UAV مربوطة للاتصالات الطارئة Technical Specifications | احصل على دفاع خبير بالطائرات بدون طيار! | نظرة عامة | المواصفات الفنية | احصل على دفاع خبير بالطائرات بدون طيار!,.next-five-pages-v2/server/app/ar/products/fc-yjtx-01-emergency-communication-drone.html
/ar/products/fc-yjxf-01-aerial-firefighting-drone,ar,strong,100,firefighting drone,8,true,true,true,true,true,976,11,1.127,1,5,,منصة UAV مربوطة لدعم إطفاء المباني العالية | N-TET,N-TET منصة UAV مربوطة لدعم إطفاء المباني العالية: حل صناعي للفحص والمراقبة وعمليات الموقع مع دعم فني للمشروع.,firefighting drone | drone fire fighting | drone for fire fighting | high-rise firefighting UAV | منصة UAV مربوطة لدعم إطفاء المباني العالية | industrial UAV systems | UAV inspection drone | emergency response UAV,منصة UAV مربوطة لدعم إطفاء المباني العالية,منصة UAV مربوطة لدعم إطفاء المباني العالية Technical Specifications | احصل على دفاع خبير بالطائرات بدون طيار! | نظرة عامة | المواصفات الفنية | احصل على دفاع خبير بالطائرات بدون طيار!,.next-five-pages-v2/server/app/ar/products/fc-yjxf-01-aerial-firefighting-drone.html
/ar/products/fc-yjzc-01-emergency-reconnaissance-drone,ar,strong,100,search and rescue drone,8,true,true,true,true,true,944,11,1.165,1,5,,طائرة بدون طيار للاستجابة الطارئة | N-TET,N-TET طائرة بدون طيار للاستجابة الطارئة: حل صناعي للفحص والمراقبة وعمليات الموقع مع دعم فني للمشروع.,search and rescue drone | drone rescue | emergency reconnaissance drone | disaster response UAV | طائرة بدون طيار للاستجابة الطارئة | industrial UAV systems | UAV inspection drone | emergency response UAV,طائرة بدون طيار للاستجابة الطارئة,طائرة بدون طيار للاستجابة الطارئة Technical Specifications | احصل على دفاع خبير بالطائرات بدون طيار! | نظرة عامة | المواصفات الفنية | احصل على دفاع خبير بالطائرات بدون طيار!,.next-five-pages-v2/server/app/ar/products/fc-yjzc-01-emergency-reconnaissance-drone.html
/ar/products/fc-yjzm-01-emergency-lighting-drone,ar,strong,100,drone lighting,8,true,true,true,true,true,944,11,1.165,1,5,,منصة UAV مربوطة للإضاءة الطارئة | N-TET,N-TET منصة UAV مربوطة للإضاءة الطارئة: حل صناعي للفحص والمراقبة وعمليات الموقع مع دعم فني للمشروع.,drone lighting | UAV lighting | tethered lighting UAV | emergency lighting drone | منصة UAV مربوطة للإضاءة الطارئة | industrial UAV systems | UAV inspection drone | emergency response UAV,منصة UAV مربوطة للإضاءة الطارئة,منصة UAV مربوطة للإضاءة الطارئة Technical Specifications | احصل على دفاع خبير بالطائرات بدون طيار! | نظرة عامة | المواصفات الفنية | احصل على دفاع خبير بالطائرات بدون طيار!,.next-five-pages-v2/server/app/ar/products/fc-yjzm-01-emergency-lighting-drone.html
/ar/products/fc-yqxj-01-utility-inspection-drone,ar,strong,100,pipeline inspection drones,8,true,true,true,true,true,961,11,1.145,1,5,,طائرة UAV لتفتيش خطوط النفط والغاز | N-TET,N-TET طائرة UAV لتفتيش خطوط النفط والغاز: حل صناعي للفحص والمراقبة وعمليات الموقع مع دعم فني للمشروع.,pipeline inspection drones | UAV pipeline inspection | oil and gas drone inspection | drone pipeline inspection | طائرة UAV لتفتيش خطوط النفط والغاز | industrial UAV systems | UAV inspection drone | emergency response UAV,طائرة UAV لتفتيش خطوط النفط والغاز,طائرة UAV لتفتيش خطوط النفط والغاز Technical Specifications | احصل على دفاع خبير بالطائرات بدون طيار! | نظرة عامة | المواصفات الفنية | احصل على دفاع خبير بالطائرات بدون طيار!,.next-five-pages-v2/server/app/ar/products/fc-yqxj-01-utility-inspection-drone.html
/ar/products/fc1500-handheld-liquid-detector,ar,strong,100,يدوي سوائل الكاشف FC1500,5,true,true,true,true,true,933,15,1.608,1,5,,يدوي سوائل الكاشف FC1500 | N-TET,N-TET يدوي سوائل الكاشف FC1500: حل صناعي للفحص والمراقبة وعمليات الموقع مع دعم فني للمشروع.,يدوي سوائل الكاشف FC1500 | security screening equipment | X-ray baggage scanner | walk-through metal detector | N-TET,يدوي سوائل الكاشف FC1500,يدوي سوائل الكاشف FC1500 Technical Specifications | احصل على دفاع خبير بالطائرات بدون طيار! | نظرة عامة | المواصفات الفنية | احصل على دفاع خبير بالطائرات بدون طيار!,.next-five-pages-v2/server/app/ar/products/fc1500-handheld-liquid-detector.html
/ar/products/fc1500b-desktop-liquid-security-inspector,ar,strong,100,سوائل أمن FC1500B,5,true,true,true,true,true,944,17,1.801,1,5,,سوائل أمن FC1500B | N-TET,N-TET سوائل أمن FC1500B: حل صناعي للفحص والمراقبة وعمليات الموقع مع دعم فني للمشروع.,سوائل أمن FC1500B | security screening equipment | X-ray baggage scanner | walk-through metal detector | N-TET,سوائل أمن FC1500B,سوائل أمن FC1500B Technical Specifications | احصل على دفاع خبير بالطائرات بدون طيار! | نظرة عامة | المواصفات الفنية | احصل على دفاع خبير بالطائرات بدون طيار!,.next-five-pages-v2/server/app/ar/products/fc1500b-desktop-liquid-security-inspector.html
/ar/products/fc1800b-portable-explosives-and-narcotics-detector,ar,strong,100,محمول متفجرات مواد مخدرة الكاشف FC1800B,5,true,true,true,true,true,927,13,1.402,1,5,,محمول متفجرات مواد مخدرة الكاشف FC1800B | N-TET,N-TET محمول متفجرات مواد مخدرة الكاشف FC1800B: حل صناعي للفحص والمراقبة وعمليات الموقع مع دعم فني للمشروع.,محمول متفجرات مواد مخدرة الكاشف FC1800B | security screening equipment | X-ray baggage scanner | walk-through metal detector | N-TET,محمول متفجرات مواد مخدرة الكاشف FC1800B,محمول متفجرات مواد مخدرة الكاشف FC1800B Technical Specifications | احصل على دفاع خبير بالطائرات بدون طيار! | نظرة عامة | المواصفات الفنية | احصل على دفاع خبير بالطائرات بدون طيار!,.next-five-pages-v2/server/app/ar/products/fc1800b-portable-explosives-and-narcotics-detector.html
/ar/products/fc1800t-desktop-explosives-narcotics-detector,ar,strong,100,متفجرات مواد مخدرة الكاشف FC1800T,5,true,true,true,true,true,962,19,1.975,1,5,,متفجرات مواد مخدرة الكاشف FC1800T | N-TET,N-TET متفجرات مواد مخدرة الكاشف FC1800T: حل صناعي للفحص والمراقبة وعمليات الموقع مع دعم فني للمشروع.,متفجرات مواد مخدرة الكاشف FC1800T | security screening equipment | X-ray baggage scanner | walk-through metal detector | N-TET,متفجرات مواد مخدرة الكاشف FC1800T,متفجرات مواد مخدرة الكاشف FC1800T Technical Specifications | احصل على دفاع خبير بالطائرات بدون طيار! | نظرة عامة | المواصفات الفنية | احصل على دفاع خبير بالطائرات بدون طيار!,.next-five-pages-v2/server/app/ar/products/fc1800t-desktop-explosives-narcotics-detector.html
/ar/products/fc2088-handheld-metal-detector,ar,strong,100,كاشف معادن أمني,5,true,true,true,true,true,928,19,2.047,1,5,,كاشف معادن أمني | N-TET,N-TET كاشف معادن أمني: حل صناعي للفحص والمراقبة وعمليات الموقع مع دعم فني للمشروع.,كاشف معادن أمني | security screening equipment | X-ray baggage scanner | walk-through metal detector | N-TET,كاشف معادن أمني,كاشف معادن أمني Technical Specifications | احصل على دفاع خبير بالطائرات بدون طيار! | نظرة عامة | المواصفات الفنية | احصل على دفاع خبير بالطائرات بدون طيار!,.next-five-pages-v2/server/app/ar/products/fc2088-handheld-metal-detector.html
/ar/products/fc4028-neutron-ambient-dose-rate-meter,ar,strong,100,FC4028 جرعة,5,true,true,true,true,true,1047,15,1.433,1,5,,FC4028 جرعة | N-TET,N-TET FC4028 جرعة: حل صناعي للفحص والمراقبة وعمليات الموقع مع دعم فني للمشروع.,FC4028 جرعة | security screening equipment | X-ray baggage scanner | walk-through metal detector | N-TET,FC4028 جرعة,FC4028 جرعة Technical Specifications | احصل على دفاع خبير بالطائرات بدون طيار! | نظرة عامة | المواصفات الفنية | احصل على دفاع خبير بالطائرات بدون طيار!,.next-five-pages-v2/server/app/ar/products/fc4028-neutron-ambient-dose-rate-meter.html
/ar/products/fc5030-compact-x-ray-baggage-scanner,ar,strong,100,ماسح أمني بالأشعة X للأمتعة والطرود,5,true,true,true,true,true,973,17,1.747,1,5,,ماسح أمني بالأشعة X للأمتعة والطرود | N-TET,N-TET ماسح أمني بالأشعة X للأمتعة والطرود: حل صناعي للفحص والمراقبة وعمليات الموقع مع دعم فني للمشروع.,ماسح أمني بالأشعة X للأمتعة والطرود | security screening equipment | X-ray baggage scanner | walk-through metal detector | N-TET,ماسح أمني بالأشعة X للأمتعة والطرود,ماسح أمني بالأشعة X للأمتعة والطرود Technical Specifications | احصل على دفاع خبير بالطائرات بدون طيار! | نظرة عامة | المواصفات الفنية | احصل على دفاع خبير بالطائرات بدون طيار!,.next-five-pages-v2/server/app/ar/products/fc5030-compact-x-ray-baggage-scanner.html
/ar/products/fc6550-standard-x-ray-baggage-scanner,ar,strong,100,ماسح أمني بالأشعة X للأمتعة والطرود,5,true,true,true,true,true,987,17,1.722,1,5,,ماسح أمني بالأشعة X للأمتعة والطرود | N-TET,N-TET ماسح أمني بالأشعة X للأمتعة والطرود: حل صناعي للفحص والمراقبة وعمليات الموقع مع دعم فني للمشروع.,ماسح أمني بالأشعة X للأمتعة والطرود | security screening equipment | X-ray baggage scanner | walk-through metal detector | N-TET,ماسح أمني بالأشعة X للأمتعة والطرود,ماسح أمني بالأشعة X للأمتعة والطرود Technical Specifications | احصل على دفاع خبير بالطائرات بدون طيار! | نظرة عامة | المواصفات الفنية | احصل على دفاع خبير بالطائرات بدون طيار!,.next-five-pages-v2/server/app/ar/products/fc6550-standard-x-ray-baggage-scanner.html
/ar/products/fc6550d-dual-view-baggage-scanner,ar,strong,100,ماسح أمني بالأشعة X للأمتعة والطرود,5,true,true,true,true,true,941,15,1.594,1,5,,ماسح أمني بالأشعة X للأمتعة والطرود | N-TET,N-TET ماسح أمني بالأشعة X للأمتعة والطرود: حل صناعي للفحص والمراقبة وعمليات الموقع مع دعم فني للمشروع.,ماسح أمني بالأشعة X للأمتعة والطرود | security screening equipment | X-ray baggage scanner | walk-through metal detector | N-TET,ماسح أمني بالأشعة X للأمتعة والطرود,ماسح أمني بالأشعة X للأمتعة والطرود Technical Specifications | احصل على دفاع خبير بالطائرات بدون طيار! | نظرة عامة | المواصفات الفنية | احصل على دفاع خبير بالطائرات بدون طيار!,.next-five-pages-v2/server/app/ar/products/fc6550d-dual-view-baggage-scanner.html
/ar/products/fc902-personal-radiation-dose-alarm,ar,strong,100,منبه جرعة إشعاع شخصية X- FC902,5,true,true,true,true,true,1053,15,1.425,1,5,,منبه جرعة إشعاع شخصية X- FC902 | N-TET,N-TET منبه جرعة إشعاع شخصية X- FC902: حل صناعي للفحص والمراقبة وعمليات الموقع مع دعم فني للمشروع.,منبه جرعة إشعاع شخصية X- FC902 | security screening equipment | X-ray baggage scanner | walk-through metal detector | N-TET,منبه جرعة إشعاع شخصية X- FC902,منبه جرعة إشعاع شخصية X- FC902 Technical Specifications | احصل على دفاع خبير بالطائرات بدون طيار! | نظرة عامة | المواصفات الفنية | احصل على دفاع خبير بالطائرات بدون طيار!,.next-five-pages-v2/server/app/ar/products/fc902-personal-radiation-dose-alarm.html
/ar/products/handheld-rf-detection-system-mini,ar,strong,100,نظام كشف RF محمول PL280H,5,true,true,true,true,true,1086,6,0.552,1,5,,نظام كشف RF محمول PL280H | N-TET,N-TET نظام كشف RF محمول PL280H: حل صناعي للفحص والمراقبة وعمليات الموقع مع دعم فني للمشروع.,نظام كشف RF محمول PL280H | C-UAS equipment | early warning equipment | target identification and tracking system | N-TET,نظام كشف RF محمول PL280H,نظام كشف RF محمول PL280H Technical Specifications | احصل على دفاع خبير بالطائرات بدون طيار! | نظرة عامة | المواصفات الفنية | احصل على دفاع خبير بالطائرات بدون طيار!,.next-five-pages-v2/server/app/ar/products/handheld-rf-detection-system-mini.html
/ar/products/low-altitude-3d-pulse-doppler-radar,ar,strong,100,منخفض الارتفاع كشف رادار X,5,true,true,true,true,true,976,15,1.537,1,5,,منخفض الارتفاع كشف رادار X | N-TET,N-TET منخفض الارتفاع كشف رادار X: حل صناعي للفحص والمراقبة وعمليات الموقع مع دعم فني للمشروع.,منخفض الارتفاع كشف رادار X | C-UAS equipment | early warning equipment | target identification and tracking system | N-TET,منخفض الارتفاع كشف رادار X,منخفض الارتفاع كشف رادار X Technical Specifications | احصل على دفاع خبير بالطائرات بدون طيار! | نظرة عامة | المواصفات الفنية | احصل على دفاع خبير بالطائرات بدون طيار!,.next-five-pages-v2/server/app/ar/products/low-altitude-3d-pulse-doppler-radar.html
/ar/products/low-altitude-airspace-monitoring,ar,weak,0,,0,false,false,false,false,false,0,0,0.000,0,0,缺少 meta keywords; 缺少 H1; 缺少 H2,أنظمة UAV صناعية لعمليات المجال منخفض الارتفاع | N-TET,من منصات UAV الصناعية إلى مراقبة المجال منخفض الارتفاع، تساعد N-TET فرق البنية التحتية والمواقع العامة على التفتيش والتحقق وتوثيق العمليات الميدانية.,,,,.next-five-pages-v2/server/app/ar/products/low-altitude-airspace-monitoring.html
/ar/products/low-altitude-detection-radar-ku-band,ar,strong,100,منخفض الارتفاع كشف رادار,5,true,true,true,true,true,947,17,1.795,1,5,,منخفض الارتفاع كشف رادار | N-TET,N-TET منخفض الارتفاع كشف رادار: حل صناعي للفحص والمراقبة وعمليات الموقع مع دعم فني للمشروع.,منخفض الارتفاع كشف رادار | C-UAS equipment | early warning equipment | target identification and tracking system | N-TET,منخفض الارتفاع كشف رادار,منخفض الارتفاع كشف رادار Technical Specifications | احصل على دفاع خبير بالطائرات بدون طيار! | نظرة عامة | المواصفات الفنية | احصل على دفاع خبير بالطائرات بدون طيار!,.next-five-pages-v2/server/app/ar/products/low-altitude-detection-radar-ku-band.html
/ar/products/multi-rotor-20kg-payload-uav,ar,strong,100,منصة UAV صناعية,5,true,true,true,true,true,936,15,1.603,1,5,,منصة UAV صناعية | N-TET,N-TET منصة UAV صناعية: حل صناعي للفحص والمراقبة وعمليات الموقع مع دعم فني للمشروع.,منصة UAV صناعية | industrial UAV systems | UAV inspection drone | emergency response UAV | N-TET,منصة UAV صناعية,منصة UAV صناعية Technical Specifications | احصل على دفاع خبير بالطائرات بدون طيار! | نظرة عامة | المواصفات الفنية | احصل على دفاع خبير بالطائرات بدون طيار!,.next-five-pages-v2/server/app/ar/products/multi-rotor-20kg-payload-uav.html
/ar/products/multi-rotor-3kg-payload-uav,ar,strong,100,منصة UAV صناعية,5,true,true,true,true,true,938,15,1.599,1,5,,منصة UAV صناعية | N-TET,N-TET منصة UAV صناعية: حل صناعي للفحص والمراقبة وعمليات الموقع مع دعم فني للمشروع.,منصة UAV صناعية | industrial UAV systems | UAV inspection drone | emergency response UAV | N-TET,منصة UAV صناعية,منصة UAV صناعية Technical Specifications | احصل على دفاع خبير بالطائرات بدون طيار! | نظرة عامة | المواصفات الفنية | احصل على دفاع خبير بالطائرات بدون طيار!,.next-five-pages-v2/server/app/ar/products/multi-rotor-3kg-payload-uav.html
/ar/products/multi-rotor-50kg-payload-uav,ar,strong,100,منصة UAV صناعية,5,true,true,true,true,true,922,15,1.627,1,5,,منصة UAV صناعية | N-TET,N-TET منصة UAV صناعية: حل صناعي للفحص والمراقبة وعمليات الموقع مع دعم فني للمشروع.,منصة UAV صناعية | industrial UAV systems | UAV inspection drone | emergency response UAV | N-TET,منصة UAV صناعية,منصة UAV صناعية Technical Specifications | احصل على دفاع خبير بالطائرات بدون طيار! | نظرة عامة | المواصفات الفنية | احصل على دفاع خبير بالطائرات بدون طيار!,.next-five-pages-v2/server/app/ar/products/multi-rotor-50kg-payload-uav.html
/ar/products/multi-rotor-8kg-payload-uav,ar,strong,100,منصة UAV صناعية,5,true,true,true,true,true,932,15,1.609,1,5,,منصة UAV صناعية | N-TET,N-TET منصة UAV صناعية: حل صناعي للفحص والمراقبة وعمليات الموقع مع دعم فني للمشروع.,منصة UAV صناعية | industrial UAV systems | UAV inspection drone | emergency response UAV | N-TET,منصة UAV صناعية,منصة UAV صناعية Technical Specifications | احصل على دفاع خبير بالطائرات بدون طيار! | نظرة عامة | المواصفات الفنية | احصل على دفاع خبير بالطائرات بدون طيار!,.next-five-pages-v2/server/app/ar/products/multi-rotor-8kg-payload-uav.html
/ar/products/omni-directional-rf-event-logging,ar,strong,100,Omni-directional RF C-UAS Site Unit,5,true,true,true,true,true,910,5,0.549,1,5,,Omni-directional RF C-UAS Site Unit | N-TET,N-TET Omni-directional RF C-UAS Site Unit: حل صناعي للفحص والمراقبة وعمليات الموقع مع دعم فني للمشروع.,Omni-directional RF C-UAS Site Unit | C-UAS equipment | early warning equipment | target identification and tracking system | N-TET,Omni-directional RF C-UAS Site Unit,Omni-directional RF C-UAS Site Unit Technical Specifications | احصل على دفاع خبير بالطائرات بدون طيار! | نظرة عامة | المواصفات الفنية | احصل على دفاع خبير بالطائرات بدون طيار!,.next-five-pages-v2/server/app/ar/products/omni-directional-rf-event-logging.html
/ar/products/omni-directional-rf-interference-device,ar,strong,100,Omni-directional RF Jammer,5,true,true,true,true,true,946,8,0.846,1,5,,Omni-directional RF Jammer | N-TET,N-TET Omni-directional RF Jammer: حل صناعي للفحص والمراقبة وعمليات الموقع مع دعم فني للمشروع.,Omni-directional RF Jammer | C-UAS equipment | early warning equipment | target identification and tracking system | N-TET,Omni-directional RF Jammer,Omni-directional RF Jammer Technical Specifications | احصل على دفاع خبير بالطائرات بدون طيار! | نظرة عامة | المواصفات الفنية | احصل على دفاع خبير بالطائرات بدون طيار!,.next-five-pages-v2/server/app/ar/products/omni-directional-rf-interference-device.html
/ar/products/portable-active-rf-defense-system,ar,strong,100,Portable C-UAS Field Unit,5,true,true,true,true,true,855,7,0.819,1,5,,Portable C-UAS Field Unit | N-TET,N-TET Portable C-UAS Field Unit: حل صناعي للفحص والمراقبة وعمليات الموقع مع دعم فني للمشروع.,Portable C-UAS Field Unit | C-UAS equipment | early warning equipment | target identification and tracking system | N-TET,Portable C-UAS Field Unit,Portable C-UAS Field Unit Technical Specifications | احصل على دفاع خبير بالطائرات بدون طيار! | نظرة عامة | المواصفات الفنية | احصل على دفاع خبير بالطائرات بدون طيار!,.next-five-pages-v2/server/app/ar/products/portable-active-rf-defense-system.html
/ar/products/portable-integrated-detection-event-logging-low-altitude-monitoring-basic,ar,strong,100,Integrated C-UAS Field Kit,5,true,true,true,true,true,1087,5,0.460,1,5,,Integrated C-UAS Field Kit | N-TET,N-TET Integrated C-UAS Field Kit: حل صناعي للفحص والمراقبة وعمليات الموقع مع دعم فني للمشروع.,Integrated C-UAS Field Kit | C-UAS equipment | early warning equipment | target identification and tracking system | N-TET,Integrated C-UAS Field Kit,Integrated C-UAS Field Kit Technical Specifications | احصل على دفاع خبير بالطائرات بدون طيار! | نظرة عامة | المواصفات الفنية | احصل على دفاع خبير بالطائرات بدون طيار!,.next-five-pages-v2/server/app/ar/products/portable-integrated-detection-event-logging-low-altitude-monitoring-basic.html
/ar/products/portable-integrated-detection-event-logging-pro-low-altitude-monitoring,ar,strong,100,Integrated C-UAS Field Kit Pro,5,true,true,true,true,true,1064,3,0.282,1,5,,Integrated C-UAS Field Kit (Pro) | N-TET,N-TET Integrated C-UAS Field Kit (Pro): حل صناعي للفحص والمراقبة وعمليات الموقع مع دعم فني للمشروع.,Integrated C-UAS Field Kit Pro | C-UAS equipment | early warning equipment | target identification and tracking system | N-TET,Integrated C-UAS Field Kit Pro,Integrated C-UAS Field Kit Pro Technical Specifications | احصل على دفاع خبير بالطائرات بدون طيار! | نظرة عامة | المواصفات الفنية | احصل على دفاع خبير بالطائرات بدون طيار!,.next-five-pages-v2/server/app/ar/products/portable-integrated-detection-event-logging-pro-low-altitude-monitoring.html
/ar/products/portable-low-altitude-monitoring-event-logging-shield,ar,strong,100,Portable C-UAS Field Shield,5,true,true,true,true,true,1021,5,0.490,1,5,,Portable C-UAS Field Shield | N-TET,N-TET Portable C-UAS Field Shield: حل صناعي للفحص والمراقبة وعمليات الموقع مع دعم فني للمشروع.,Portable C-UAS Field Shield | C-UAS equipment | early warning equipment | target identification and tracking system | N-TET,Portable C-UAS Field Shield,Portable C-UAS Field Shield Technical Specifications | احصل على دفاع خبير بالطائرات بدون طيار! | نظرة عامة | المواصفات الفنية | احصل على دفاع خبير بالطائرات بدون طيار!,.next-five-pages-v2/server/app/ar/products/portable-low-altitude-monitoring-event-logging-shield.html
/ar/products/portable-low-altitude-monitoring-event-logging-shield-pro,ar,strong,100,Portable C-UAS Field Shield Pro,5,true,true,true,true,true,1010,3,0.297,1,5,,Portable C-UAS Field Shield (Pro) | N-TET,N-TET Portable C-UAS Field Shield (Pro): حل صناعي للفحص والمراقبة وعمليات الموقع مع دعم فني للمشروع.,Portable C-UAS Field Shield Pro | C-UAS equipment | early warning equipment | target identification and tracking system | N-TET,Portable C-UAS Field Shield Pro,Portable C-UAS Field Shield Pro Technical Specifications | احصل على دفاع خبير بالطائرات بدون طيار! | نظرة عامة | المواصفات الفنية | احصل على دفاع خبير بالطائرات بدون طيار!,.next-five-pages-v2/server/app/ar/products/portable-low-altitude-monitoring-event-logging-shield-pro.html
/ar/products/portable-rf-detection-case,ar,strong,100,نظام محمول لكشف إشارات الترددات الراديوية RF,5,true,true,true,true,true,1024,3,0.293,1,5,,نظام محمول لكشف إشارات الترددات الراديوية (RF) | N-TET,N-TET نظام محمول لكشف إشارات الترددات الراديوية (RF): حل صناعي للفحص والمراقبة وعمليات الموقع مع دعم فني للمشروع.,نظام محمول لكشف إشارات الترددات الراديوية RF | C-UAS equipment | early warning equipment | target identification and tracking system | N-TET,نظام محمول لكشف إشارات الترددات الراديوية RF,نظام محمول لكشف إشارات الترددات الراديوية RF Technical Specifications | احصل على دفاع خبير بالطائرات بدون طيار! | نظرة عامة | المواصفات الفنية | احصل على دفاع خبير بالطائرات بدون طيار!,.next-five-pages-v2/server/app/ar/products/portable-rf-detection-case.html
/ar/products/power-tower-inspection-drone,ar,strong,100,drone power line inspection,8,true,true,true,true,true,956,11,1.151,1,5,,طائرة UAV لتفتيش أبراج الطاقة | N-TET,N-TET طائرة UAV لتفتيش أبراج الطاقة: حل صناعي للفحص والمراقبة وعمليات الموقع مع دعم فني للمشروع.,drone power line inspection | power line inspection drone | drones for utility inspection | transmission tower inspection UAV | طائرة UAV لتفتيش أبراج الطاقة | industrial UAV systems | UAV inspection drone | emergency response UAV,طائرة UAV لتفتيش أبراج الطاقة,طائرة UAV لتفتيش أبراج الطاقة Technical Specifications | احصل على دفاع خبير بالطائرات بدون طيار! | نظرة عامة | المواصفات الفنية | احصل على دفاع خبير بالطائرات بدون طيار!,.next-five-pages-v2/server/app/ar/products/power-tower-inspection-drone.html
/ar/products/smart-substation-autonomous-inspection-system,ar,strong,100,smart substation autonomous inspection,8,true,true,true,true,true,945,11,1.164,1,5,,طائرة UAV للتفتيش الميداني | N-TET,N-TET طائرة UAV للتفتيش الميداني: حل صناعي للفحص والمراقبة وعمليات الموقع مع دعم فني للمشروع.,smart substation autonomous inspection | substation inspection drone | power utility UAV inspection | autonomous UAV inspection | طائرة UAV للتفتيش الميداني | industrial UAV systems | UAV inspection drone | emergency response UAV,طائرة UAV للتفتيش الميداني,طائرة UAV للتفتيش الميداني Technical Specifications | احصل على دفاع خبير بالطائرات بدون طيار! | نظرة عامة | المواصفات الفنية | احصل على دفاع خبير بالطائرات بدون طيار!,.next-five-pages-v2/server/app/ar/products/smart-substation-autonomous-inspection-system.html
/ar/products/stationary-active-rf-defense-system,ar,strong,100,Fixed C-UAS Site Unit,5,true,true,true,true,true,873,5,0.573,1,5,,Fixed C-UAS Site Unit | N-TET,N-TET Fixed C-UAS Site Unit: حل صناعي للفحص والمراقبة وعمليات الموقع مع دعم فني للمشروع.,Fixed C-UAS Site Unit | C-UAS equipment | early warning equipment | target identification and tracking system | N-TET,Fixed C-UAS Site Unit,Fixed C-UAS Site Unit Technical Specifications | احصل على دفاع خبير بالطائرات بدون طيار! | نظرة عامة | المواصفات الفنية | احصل على دفاع خبير بالطائرات بدون طيار!,.next-five-pages-v2/server/app/ar/products/stationary-active-rf-defense-system.html
/ar/products/stationary-rf-detection-system,ar,strong,100,نظام ثابت لكشف ترددات RF,5,true,true,true,true,true,954,15,1.572,1,5,,نظام ثابت لكشف ترددات RF | N-TET,N-TET نظام ثابت لكشف ترددات RF: حل صناعي للفحص والمراقبة وعمليات الموقع مع دعم فني للمشروع.,نظام ثابت لكشف ترددات RF | C-UAS equipment | early warning equipment | target identification and tracking system | N-TET,نظام ثابت لكشف ترددات RF,نظام ثابت لكشف ترددات RF Technical Specifications | احصل على دفاع خبير بالطائرات بدون طيار! | نظرة عامة | المواصفات الفنية | احصل على دفاع خبير بالطائرات بدون طيار!,.next-five-pages-v2/server/app/ar/products/stationary-rf-detection-system.html
/ar/products/uav-navigation-airspace-data-verification-system,ar,strong,100,C-UAS Signal Verification System,5,true,true,true,true,true,935,5,0.535,1,5,,C-UAS Signal Verification System | N-TET,N-TET C-UAS Signal Verification System: حل صناعي للفحص والمراقبة وعمليات الموقع مع دعم فني للمشروع.,C-UAS Signal Verification System | C-UAS equipment | early warning equipment | target identification and tracking system | N-TET,C-UAS Signal Verification System,C-UAS Signal Verification System Technical Specifications | احصل على دفاع خبير بالطائرات بدون طيار! | نظرة عامة | المواصفات الفنية | احصل على دفاع خبير بالطائرات بدون طيار!,.next-five-pages-v2/server/app/ar/products/uav-navigation-airspace-data-verification-system.html
/ar/products/uav-remote-id-monitoring-system,ar,strong,100,نظام التعريف عن بُعد للطائرات بدون طيار,5,true,true,true,true,true,989,15,1.517,1,5,,نظام التعريف عن بُعد للطائرات بدون طيار | N-TET,N-TET نظام التعريف عن بُعد للطائرات بدون طيار: حل صناعي للفحص والمراقبة وعمليات الموقع مع دعم فني للمشروع.,نظام التعريف عن بُعد للطائرات بدون طيار | C-UAS equipment | early warning equipment | target identification and tracking system | N-TET,نظام التعريف عن بُعد للطائرات بدون طيار,نظام التعريف عن بُعد للطائرات بدون طيار Technical Specifications | احصل على دفاع خبير بالطائرات بدون طيار! | نظرة عامة | المواصفات الفنية | احصل على دفاع خبير بالطائرات بدون طيار!,.next-five-pages-v2/server/app/ar/products/uav-remote-id-monitoring-system.html
/ar/products/vtol-135kg-mtow-uav,ar,strong,100,منصة UAV صناعية,5,true,true,true,true,true,922,15,1.627,1,5,,منصة UAV صناعية | N-TET,N-TET منصة UAV صناعية: حل صناعي للفحص والمراقبة وعمليات الموقع مع دعم فني للمشروع.,منصة UAV صناعية | industrial UAV systems | UAV inspection drone | emergency response UAV | N-TET,منصة UAV صناعية,منصة UAV صناعية Technical Specifications | احصل على دفاع خبير بالطائرات بدون طيار! | نظرة عامة | المواصفات الفنية | احصل على دفاع خبير بالطائرات بدون طيار!,.next-five-pages-v2/server/app/ar/products/vtol-135kg-mtow-uav.html
/ar/products/vtol-14kg-mtow-uav,ar,strong,100,منصة UAV صناعية,5,true,true,true,true,true,904,15,1.659,1,5,,منصة UAV صناعية | N-TET,N-TET منصة UAV صناعية: حل صناعي للفحص والمراقبة وعمليات الموقع مع دعم فني للمشروع.,منصة UAV صناعية | industrial UAV systems | UAV inspection drone | emergency response UAV | N-TET,منصة UAV صناعية,منصة UAV صناعية Technical Specifications | احصل على دفاع خبير بالطائرات بدون طيار! | نظرة عامة | المواصفات الفنية | احصل على دفاع خبير بالطائرات بدون طيار!,.next-five-pages-v2/server/app/ar/products/vtol-14kg-mtow-uav.html
/ar/products/vtol-26kg-mtow-uav,ar,strong,100,منصة UAV صناعية,5,true,true,true,true,true,916,15,1.638,1,5,,منصة UAV صناعية | N-TET,N-TET منصة UAV صناعية: حل صناعي للفحص والمراقبة وعمليات الموقع مع دعم فني للمشروع.,منصة UAV صناعية | industrial UAV systems | UAV inspection drone | emergency response UAV | N-TET,منصة UAV صناعية,منصة UAV صناعية Technical Specifications | احصل على دفاع خبير بالطائرات بدون طيار! | نظرة عامة | المواصفات الفنية | احصل على دفاع خبير بالطائرات بدون طيار!,.next-five-pages-v2/server/app/ar/products/vtol-26kg-mtow-uav.html
/ar/products/vtol-40kg-mtow-uav,ar,strong,100,منصة UAV صناعية,5,true,true,true,true,true,918,15,1.634,1,5,,منصة UAV صناعية | N-TET,N-TET منصة UAV صناعية: حل صناعي للفحص والمراقبة وعمليات الموقع مع دعم فني للمشروع.,منصة UAV صناعية | industrial UAV systems | UAV inspection drone | emergency response UAV | N-TET,منصة UAV صناعية,منصة UAV صناعية Technical Specifications | احصل على دفاع خبير بالطائرات بدون طيار! | نظرة عامة | المواصفات الفنية | احصل على دفاع خبير بالطائرات بدون طيار!,.next-five-pages-v2/server/app/ar/products/vtol-40kg-mtow-uav.html
/ar/products/vtol-64kg-mtow-uav,ar,strong,100,منصة UAV صناعية,5,true,true,true,true,true,922,15,1.627,1,5,,منصة UAV صناعية | N-TET,N-TET منصة UAV صناعية: حل صناعي للفحص والمراقبة وعمليات الموقع مع دعم فني للمشروع.,منصة UAV صناعية | industrial UAV systems | UAV inspection drone | emergency response UAV | N-TET,منصة UAV صناعية,منصة UAV صناعية Technical Specifications | احصل على دفاع خبير بالطائرات بدون طيار! | نظرة عامة | المواصفات الفنية | احصل على دفاع خبير بالطائرات بدون طيار!,.next-five-pages-v2/server/app/ar/products/vtol-64kg-mtow-uav.html
/ar/solutions,ar,partial,70,حلول UAV الصناعية,6,true,false,true,false,true,647,1,0.155,1,2,description 未命中关键词; H2 未命中关键词,حلول UAV الصناعية ومراقبة الارتفاع المنخفض | N-TET,حلول N-TET تربط تفتيش UAV والاستجابة للطوارئ ومراقبة المجال منخفض الارتفاع وسير عمل أمن المواقع لمشغلي البنية التحتية.,حلول UAV الصناعية | حلول تفتيش UAV | طائرة استجابة للطوارئ | حماية البنية التحتية الحرجة | أمن المناطق الرئيسية | مراقبة الارتفاع المنخفض,حلول UAV الصناعية ومراقبة الارتفاع المنخفض,احصل على دفاع خبير بالطائرات بدون طيار! | احصل على دفاع خبير بالطائرات بدون طيار!,.next-five-pages-v2/server/app/ar/solutions.html
/ar/solutions/airport-low-altitude-monitoring,ar,strong,100,تطبيق مراقبة المجال الجوي للمطارات,2,true,true,true,true,true,1269,21,1.655,1,11,,تطبيق مراقبة المجال الجوي للمطارات | N-TET,يُستخدم تطبيق مراقبة المجال الجوي للمطارات في مراقبة المجال الجوي وتوثيق الأحداث، مع دعم الفحص الأمني وإدارة المواقع الحيوية وتنسيق فرق التشغيل حسب متطلبات الموقع. يساعد الحل على جمع المعلومات، وتوثيق الأحداث، وتحويل بيانات المراقبة إلى إجر,تطبيق مراقبة المجال الجوي للمطارات | N-TET,تطبيق مراقبة المجال الجوي للمطارات,تطبيق مراقبة المجال الجوي للمطارات Operations | المواصفات الفنية | معدات ذات صلة | الأسئلة الشائعة حول الحل | احصل على دفاع خبير بالطائرات بدون طيار! | نظرة عامة | المواصفات الفنية | معدات ذات صلة | الأسئلة الشائعة حول الحل | احصل على دفاع خبير بالطائرات بدون طيار! | صفحات ذات صلة,.next-five-pages-v2/server/app/ar/solutions/airport-low-altitude-monitoring.html
/ar/solutions/airport-security-protection,ar,partial,70,مراقبة الطائرات المسيّرة في المطارات,2,true,false,true,false,true,656,1,0.152,1,3,description 未命中关键词; H2 未命中关键词,مراقبة الطائرات المسيّرة في المطارات | N-TET,تمثل الطائرات المسيّرة غير المصرح بها خطراً على الطيران وقد تسبب اضطرابات وخسائر كبيرة. ويوضح حادث مطار بروكسل في 14 نوفمبر 2025، الذي أدى إلى توقفين تشغيليين وتحويل عشرات الرحلات، أهمية إعطاء أولوية لبنية C-UAS.,مراقبة الطائرات المسيّرة في المطارات | N-TET,مراقبة الطائرات المسيّرة في المطارات,النقاط الفنية الرئيسية للنشر | كيف ندير مخاطر الطائرات المسيّرة | استشر خبير C-UAS,.next-five-pages-v2/server/app/ar/solutions/airport-security-protection.html
/ar/solutions/border-airspace-monitoring,ar,partial,70,مراقبة الطائرات المسيّرة على الحدود,2,true,false,true,false,true,661,1,0.151,1,3,description 未命中关键词; H2 未命中关键词,مراقبة الطائرات المسيّرة على الحدود | N-TET,تمثل الحدود خطاً أول للأمن، لكن الحواجز المادية وحدها لا تغطي مخاطر الطائرات المسيّرة. فقد تُستخدم الرحلات غير المصرح بها للمراقبة أو الاستطلاع أو التهريب، مما يعرض المواقع والأفراد للخطر. ويوفر نظام C-UAS متعدد الطبقات رؤية أفضل للمجال الج,مراقبة الطائرات المسيّرة على الحدود | N-TET,مراقبة الطائرات المسيّرة على الحدود,النقاط الفنية الرئيسية للنشر | كيف ندير مخاطر الطائرات المسيّرة | استشر خبير C-UAS,.next-five-pages-v2/server/app/ar/solutions/border-airspace-monitoring.html
/ar/solutions/category/01_BorderPatrol,ar,strong,100,UAV لدوريات الحدود,4,true,true,true,true,true,1164,13,1.117,1,9,,حلول UAV لدوريات الحدود | N-TET,"UAV لدوريات الحدود هو موضوع البحث الرئيسي لهذه الصفحة، مع تغطية مرتبطة بـ UAV للدوريات البحرية, طائرة لمراقبة السواحل, مراقبة بحرية برية.",UAV لدوريات الحدود | UAV للدوريات البحرية | طائرة لمراقبة السواحل | مراقبة بحرية برية,حلول UAV لدوريات الحدود,UAV لدوريات الحدود ومراقبة السواحل | حلول أنظمة C-UAS المتكاملة | منتجات موصى بها | الأسئلة الشائعة حول الحل | احصل على دفاع خبير بالطائرات بدون طيار! | احتياجات القطاع | حلول أنظمة C-UAS المتكاملة | منتجات موصى بها | احصل على دفاع خبير بالطائرات بدون طيار!,.next-five-pages-v2/server/app/ar/solutions/category/01_BorderPatrol.html
/ar/solutions/category/02_InfrastructureProtection,ar,strong,85,UAV لتفتيش المنشآت الصناعية,4,true,true,true,false,true,1331,12,0.902,1,9,H2 未命中关键词,حلول UAV لتفتيش المنشآت الصناعية | N-TET,"UAV لتفتيش المنشآت الصناعية هو موضوع البحث الرئيسي لهذه الصفحة، مع تغطية مرتبطة بـ تفتيش النفط والغاز بالطائرات بدون طيار, طائرات تفتيش خطوط الأنابيب, مراقبة المصانع الكيميائية.",UAV لتفتيش المنشآت الصناعية | تفتيش النفط والغاز بالطائرات بدون طيار | طائرات تفتيش خطوط الأنابيب | مراقبة المصانع الكيميائية,حلول UAV لتفتيش المنشآت الصناعية,سيناريوهات تفتيش المنشآت الصناعية باستخدام UAV | حلول أنظمة C-UAS المتكاملة | منتجات موصى بها | الأسئلة الشائعة حول الحل | احصل على دفاع خبير بالطائرات بدون طيار! | احتياجات القطاع | حلول أنظمة C-UAS المتكاملة | منتجات موصى بها | احصل على دفاع خبير بالطائرات بدون طيار!,.next-five-pages-v2/server/app/ar/solutions/category/02_InfrastructureProtection.html
/ar/solutions/category/03_KeyAreaSecurity,ar,strong,100,مراقبة المجال الجوي للمطارات,4,true,true,true,true,true,1182,13,1.100,1,9,,مراقبة المجال الجوي للمطارات وأمن المناطق الرئيسية | N-TET,"مراقبة المجال الجوي للمطارات هو موضوع البحث الرئيسي لهذه الصفحة، مع تغطية مرتبطة بـ مراقبة أمن الفعاليات, أمن المناطق الرئيسية, معدات مراقبة الارتفاع المنخفض.",مراقبة المجال الجوي للمطارات | مراقبة أمن الفعاليات | أمن المناطق الرئيسية | معدات مراقبة الارتفاع المنخفض,مراقبة المجال الجوي للمطارات وأمن المناطق الرئيسية,سيناريوهات مراقبة المجال الجوي للمطارات | حلول أنظمة C-UAS المتكاملة | منتجات موصى بها | الأسئلة الشائعة حول الحل | احصل على دفاع خبير بالطائرات بدون طيار! | احتياجات القطاع | حلول أنظمة C-UAS المتكاملة | منتجات موصى بها | احصل على دفاع خبير بالطائرات بدون طيار!,.next-five-pages-v2/server/app/ar/solutions/category/03_KeyAreaSecurity.html
/ar/solutions/category/04_EmergencyRescue,ar,strong,85,طائرات البحث والإنقاذ والطوارئ,5,true,true,true,false,true,1147,12,1.046,1,9,H2 未命中关键词,حلول طائرات البحث والإنقاذ والطوارئ | N-TET,"طائرات البحث والإنقاذ والطوارئ هو موضوع البحث الرئيسي لهذه الصفحة، مع تغطية مرتبطة بـ طائرة بحث وإنقاذ, طائرة مكافحة حرائق, UAV للاتصالات الطارئة.",طائرات البحث والإنقاذ والطوارئ | طائرة بحث وإنقاذ | طائرة مكافحة حرائق | UAV للاتصالات الطارئة | طائرة إضاءة,حلول طائرات البحث والإنقاذ والطوارئ,سير عمل UAV للبحث والإنقاذ والطوارئ | حلول أنظمة C-UAS المتكاملة | منتجات موصى بها | الأسئلة الشائعة حول الحل | احصل على دفاع خبير بالطائرات بدون طيار! | احتياجات القطاع | حلول أنظمة C-UAS المتكاملة | منتجات موصى بها | احصل على دفاع خبير بالطائرات بدون طيار!,.next-five-pages-v2/server/app/ar/solutions/category/04_EmergencyRescue.html
/ar/solutions/chemical-plant-protection,ar,strong,100,طائرات تفتيش خطوط الأنابيب,4,true,true,true,true,true,1725,20,1.159,1,14,,طائرات تفتيش خطوط الأنابيب لمراقبة المصانع الكيميائية | N-TET,"طائرات تفتيش خطوط الأنابيب هو موضوع البحث الرئيسي لهذه الصفحة، مع تغطية مرتبطة بـ مراقبة المصانع الكيميائية, تفتيش خطوط الأنابيب باستخدام UAV, تفتيش النفط والغاز بالطائرات بدون طيار.",طائرات تفتيش خطوط الأنابيب | مراقبة المصانع الكيميائية | تفتيش خطوط الأنابيب باستخدام UAV | تفتيش النفط والغاز بالطائرات بدون طيار,طائرات تفتيش خطوط الأنابيب لمراقبة المصانع الكيميائية,طائرات تفتيش خطوط الأنابيب ومراقبة المنشآت | A Neutral Low-Altitude Risk Process for Chemical Sites | وحدات الحل | معدات ذات صلة | الأسئلة الشائعة حول الحل | احصل على دفاع خبير بالطائرات بدون طيار! | نظرة عامة | طائرات تفتيش خطوط الأنابيب ومراقبة المنشآت | A Neutral Low-Altitude Risk Process for Chemical Sites | 賵丨丿丕鬲 丕賱丨賱 | معدات ذات صلة | الأسئلة الشائعة حول الحل | احصل على دفاع خبير بالطائرات بدون طيار! | صفحات ذات صلة,.next-five-pages-v2/server/app/ar/solutions/chemical-plant-protection.html
/ar/solutions/correctional-facility-airspace-monitoring,ar,partial,70,مراقبة الطائرات المسيّرة للمنشآت الإصلاحية,2,true,false,true,false,true,634,1,0.158,1,3,description 未命中关键词; H2 未命中关键词,مراقبة الطائرات المسيّرة للمنشآت الإصلاحية | N-TET,تواجه المنشآت الإصلاحية مخاطر خاصة من الطائرات غير المصرح بها التي قد تنقل المخدرات أو الأسلحة أو الهواتف أو تُستخدم للمراقبة الخفية. وتوضح حوادث مثل اضطرابات سجن أوهايو بعد نقل مخدرات بطائرة مسيّرة أن الجدران وحدها لم تعد كافية.,مراقبة الطائرات المسيّرة للمنشآت الإصلاحية | N-TET,مراقبة الطائرات المسيّرة للمنشآت الإصلاحية,النقاط الفنية الرئيسية للنشر | كيف ندير مخاطر الطائرات المسيّرة | استشر خبير C-UAS,.next-five-pages-v2/server/app/ar/solutions/correctional-facility-airspace-monitoring.html
/ar/solutions/critical-infrastructure-airspace-monitoring,ar,partial,70,مراقبة الطائرات المسيّرة للبنية التحتية الحيوية,2,true,false,true,false,true,637,1,0.157,1,3,description 未命中关键词; H2 未命中关键词,مراقبة الطائرات المسيّرة للبنية التحتية الحيوية | N-TET,تُعد مراكز البيانات وأنظمة المياه وغيرها من البنى التحتية الحيوية أساسية للاقتصاد. ومن دون مراقبة مخصصة للطائرات المسيّرة قد تتعرض هذه الأصول للتجسس الصناعي والتخريب ومخاطر غير تقليدية تؤدي إلى توقفات تشغيلية وأضرار عامة.,مراقبة الطائرات المسيّرة للبنية التحتية الحيوية | N-TET,مراقبة الطائرات المسيّرة للبنية التحتية الحيوية,النقاط الفنية الرئيسية للنشر | كيف ندير مخاطر الطائرات المسيّرة | استشر خبير C-UAS,.next-five-pages-v2/server/app/ar/solutions/critical-infrastructure-airspace-monitoring.html
/ar/solutions/disaster-site-search-rescue-reconnaissance-uav-solution,ar,strong,100,طائرة البحث والإنقاذ,5,true,true,true,true,true,1658,20,1.206,1,16,,حل طائرة البحث والإنقاذ | N-TET,"طائرة البحث والإنقاذ هو موضوع البحث الرئيسي لهذه الصفحة، مع تغطية مرتبطة بـ طائرة بحث وإنقاذ, طائرات حرارية للبحث والإنقاذ, UAV للبحث والإنقاذ.",طائرة البحث والإنقاذ | طائرة بحث وإنقاذ | طائرات حرارية للبحث والإنقاذ | UAV للبحث والإنقاذ | طائرة إنقاذ,حل طائرة البحث والإنقاذ,سير عمل طائرة البحث والإنقاذ | How UAVs Upgrade Emergency Reconnaissance | وحدات الحل | معدات ذات صلة | حالات ذات صلة | الأسئلة الشائعة حول الحل | احصل على دفاع خبير بالطائرات بدون طيار! | نظرة عامة | سير عمل طائرة البحث والإنقاذ | How UAVs Upgrade Emergency Reconnaissance | 賵丨丿丕鬲 丕賱丨賱 | معدات ذات صلة | 丨丕賱丕鬲 匕丕鬲 氐賱丞 | الأسئلة الشائعة حول الحل | احصل على دفاع خبير بالطائرات بدون طيار! | صفحات ذات صلة,.next-five-pages-v2/server/app/ar/solutions/disaster-site-search-rescue-reconnaissance-uav-solution.html
/ar/solutions/drone-defender,ar,weak,0,,0,false,false,false,false,false,0,0,0.000,0,0,缺少 meta keywords; 缺少 H1; 缺少 H2,أنظمة UAV صناعية لعمليات المجال منخفض الارتفاع | N-TET,من منصات UAV الصناعية إلى مراقبة المجال منخفض الارتفاع، تساعد N-TET فرق البنية التحتية والمواقع العامة على التفتيش والتحقق وتوثيق العمليات الميدانية.,,,,.next-five-pages-v2/server/app/ar/solutions/drone-defender.html
/ar/solutions/drone-detector,ar,weak,0,,0,false,false,false,false,false,0,0,0.000,0,0,缺少 meta keywords; 缺少 H1; 缺少 H2,أنظمة UAV صناعية لعمليات المجال منخفض الارتفاع | N-TET,من منصات UAV الصناعية إلى مراقبة المجال منخفض الارتفاع، تساعد N-TET فرق البنية التحتية والمواقع العامة على التفتيش والتحقق وتوثيق العمليات الميدانية.,,,,.next-five-pages-v2/server/app/ar/solutions/drone-detector.html
/ar/solutions/drone-jammer,ar,weak,0,,0,false,false,false,false,false,0,0,0.000,0,0,缺少 meta keywords; 缺少 H1; 缺少 H2,أنظمة UAV صناعية لعمليات المجال منخفض الارتفاع | N-TET,من منصات UAV الصناعية إلى مراقبة المجال منخفض الارتفاع، تساعد N-TET فرق البنية التحتية والمواقع العامة على التفتيش والتحقق وتوثيق العمليات الميدانية.,,,,.next-five-pages-v2/server/app/ar/solutions/drone-jammer.html
/ar/solutions/drone-locator,ar,weak,0,,0,false,false,false,false,false,0,0,0.000,0,0,缺少 meta keywords; 缺少 H1; 缺少 H2,أنظمة UAV صناعية لعمليات المجال منخفض الارتفاع | N-TET,من منصات UAV الصناعية إلى مراقبة المجال منخفض الارتفاع، تساعد N-TET فرق البنية التحتية والمواقع العامة على التفتيش والتحقق وتوثيق العمليات الميدانية.,,,,.next-five-pages-v2/server/app/ar/solutions/drone-locator.html
/ar/solutions/drone-radar-detection,ar,weak,0,,0,false,false,false,false,false,0,0,0.000,0,0,缺少 meta keywords; 缺少 H1; 缺少 H2,أنظمة UAV صناعية لعمليات المجال منخفض الارتفاع | N-TET,من منصات UAV الصناعية إلى مراقبة المجال منخفض الارتفاع، تساعد N-TET فرق البنية التحتية والمواقع العامة على التفتيش والتحقق وتوثيق العمليات الميدانية.,,,,.next-five-pages-v2/server/app/ar/solutions/drone-radar-detection.html
/ar/solutions/drone-shield,ar,weak,0,,0,false,false,false,false,false,0,0,0.000,0,0,缺少 meta keywords; 缺少 H1; 缺少 H2,أنظمة UAV صناعية لعمليات المجال منخفض الارتفاع | N-TET,من منصات UAV الصناعية إلى مراقبة المجال منخفض الارتفاع، تساعد N-TET فرق البنية التحتية والمواقع العامة على التفتيش والتحقق وتوثيق العمليات الميدانية.,,,,.next-five-pages-v2/server/app/ar/solutions/drone-shield.html
/ar/solutions/emergency-communication-uav,ar,strong,100,طائرة UAV للاتصالات الطارئة,2,true,true,true,true,true,1162,21,1.807,1,11,,طائرة UAV للاتصالات الطارئة | N-TET,يُستخدم طائرة UAV للاتصالات الطارئة في التفتيش الميداني والصيانة، مع دعم الدعم الطارئ واستمرارية العمليات وتنسيق فرق التشغيل حسب متطلبات الموقع. يساعد الحل على جمع المعلومات، وتوثيق الأحداث، وتحويل بيانات المراقبة إلى إجراءات قابلة للمراجعة,طائرة UAV للاتصالات الطارئة | N-TET,طائرة UAV للاتصالات الطارئة,طائرة UAV للاتصالات الطارئة Operations | المواصفات الفنية | معدات ذات صلة | الأسئلة الشائعة حول الحل | احصل على دفاع خبير بالطائرات بدون طيار! | نظرة عامة | المواصفات الفنية | معدات ذات صلة | الأسئلة الشائعة حول الحل | احصل على دفاع خبير بالطائرات بدون طيار! | صفحات ذات صلة,.next-five-pages-v2/server/app/ar/solutions/emergency-communication-uav.html
/ar/solutions/emergency-communication-uav-solution,ar,strong,85,منصة UAV للاتصالات الطارئة,2,true,true,true,false,true,1073,17,1.584,1,9,H2 未命中关键词,منصة UAV للاتصالات الطارئة | N-TET,يُستخدم منصة UAV للاتصالات الطارئة في الدعم الطارئ واستمرارية العمليات، مع دعم التحقق الميداني وتنسيق فرق التشغيل حسب متطلبات الموقع. يساعد الحل على جمع المعلومات، وتوثيق الأحداث، وتحويل بيانات المراقبة إلى إجراءات قابلة للمراجعة دون كشف تف,منصة UAV للاتصالات الطارئة | N-TET,منصة UAV للاتصالات الطارئة,معدات ذات صلة | الأسئلة الشائعة حول الحل | احصل على دفاع خبير بالطائرات بدون طيار! | نظرة عامة | المواصفات الفنية | معدات ذات صلة | الأسئلة الشائعة حول الحل | احصل على دفاع خبير بالطائرات بدون طيار! | صفحات ذات صلة,.next-five-pages-v2/server/app/ar/solutions/emergency-communication-uav-solution.html
/ar/solutions/emergency-lighting-uav,ar,strong,100,طائرة UAV للإضاءة الطارئة,2,true,true,true,true,true,1176,21,1.786,1,11,,طائرة UAV للإضاءة الطارئة | N-TET,يُستخدم طائرة UAV للإضاءة الطارئة في الدعم الطارئ واستمرارية العمليات، مع دعم تشغيل مرافق الطاقة والبنية التحتية وتنسيق فرق التشغيل حسب متطلبات الموقع. يساعد الحل على جمع المعلومات، وتوثيق الأحداث، وتحويل بيانات المراقبة إلى إجراءات قابلة ل,طائرة UAV للإضاءة الطارئة | N-TET,طائرة UAV للإضاءة الطارئة,طائرة UAV للإضاءة الطارئة Operations | المواصفات الفنية | معدات ذات صلة | الأسئلة الشائعة حول الحل | احصل على دفاع خبير بالطائرات بدون طيار! | نظرة عامة | المواصفات الفنية | معدات ذات صلة | الأسئلة الشائعة حول الحل | احصل على دفاع خبير بالطائرات بدون طيار! | صفحات ذات صلة,.next-five-pages-v2/server/app/ar/solutions/emergency-lighting-uav.html
/ar/solutions/emergency-reconnaissance-uav,ar,strong,100,منصة UAV صناعية,2,true,true,true,true,true,1183,21,1.775,1,11,,منصة UAV صناعية | N-TET,يُستخدم منصة UAV صناعية في مراقبة المجال الجوي وتوثيق الأحداث، مع دعم الدعم الطارئ واستمرارية العمليات وتنسيق فرق التشغيل حسب متطلبات الموقع. يساعد الحل على جمع المعلومات، وتوثيق الأحداث، وتحويل بيانات المراقبة إلى إجراءات قابلة للمراجعة دو,منصة UAV صناعية | N-TET,منصة UAV صناعية,منصة UAV صناعية Operations | المواصفات الفنية | معدات ذات صلة | الأسئلة الشائعة حول الحل | احصل على دفاع خبير بالطائرات بدون طيار! | نظرة عامة | المواصفات الفنية | معدات ذات صلة | الأسئلة الشائعة حول الحل | احصل على دفاع خبير بالطائرات بدون طيار! | صفحات ذات صلة,.next-five-pages-v2/server/app/ar/solutions/emergency-reconnaissance-uav.html
/ar/solutions/emergency-search-rescue-uav-solution,ar,strong,85,منصة UAV صناعية,2,true,true,true,false,true,1095,19,1.735,1,11,H2 未命中关键词,منصة UAV صناعية | N-TET,يُستخدم منصة UAV صناعية في الدعم الطارئ واستمرارية العمليات، مع دعم مراقبة المياه والمنشآت المائية وتنسيق فرق التشغيل حسب متطلبات الموقع. يساعد الحل على جمع المعلومات، وتوثيق الأحداث، وتحويل بيانات المراقبة إلى إجراءات قابلة للمراجعة دون كش,منصة UAV صناعية | N-TET,منصة UAV صناعية,معدات ذات صلة | حالات ذات صلة | الأسئلة الشائعة حول الحل | احصل على دفاع خبير بالطائرات بدون طيار! | نظرة عامة | المواصفات الفنية | معدات ذات صلة | 丨丕賱丕鬲 匕丕鬲 氐賱丞 | الأسئلة الشائعة حول الحل | احصل على دفاع خبير بالطائرات بدون طيار! | صفحات ذات صلة,.next-five-pages-v2/server/app/ar/solutions/emergency-search-rescue-uav-solution.html
/ar/solutions/enterprise-airspace-monitoring,ar,partial,70,مراقبة الطائرات المسيّرة للمنشآت,2,true,false,true,false,true,620,1,0.161,1,3,description 未命中关键词; H2 未命中关键词,مراقبة الطائرات المسيّرة للمنشآت | N-TET,قد تُستخدم الطائرات المسيّرة الحديثة لجمع معلومات غير مصرح بها قرب مراكز البحث أو المكاتب، سواء بالتصوير الدقيق أو بمحاولة التقاط الإشارات اللاسلكية، مما يعرّض الأسرار التجارية والشبكات المؤسسية للخطر.,مراقبة الطائرات المسيّرة للمنشآت | N-TET,مراقبة الطائرات المسيّرة للمنشآت,النقاط الفنية الرئيسية للنشر | كيف ندير مخاطر الطائرات المسيّرة | استشر خبير C-UAS,.next-five-pages-v2/server/app/ar/solutions/enterprise-airspace-monitoring.html
/ar/solutions/high-rise-firefighting-uav-solution,ar,strong,85,منصة UAV لدعم الإطفاء والإنقاذ,2,true,true,true,false,true,1106,17,1.537,1,9,H2 未命中关键词,منصة UAV لدعم الإطفاء والإنقاذ | N-TET,يُستخدم منصة UAV لدعم الإطفاء والإنقاذ في الدعم الطارئ واستمرارية العمليات، مع دعم مراقبة المياه والمنشآت المائية وتنسيق فرق التشغيل حسب متطلبات الموقع. يساعد الحل على جمع المعلومات، وتوثيق الأحداث، وتحويل بيانات المراقبة إلى إجراءات قابلة,منصة UAV لدعم الإطفاء والإنقاذ | N-TET,منصة UAV لدعم الإطفاء والإنقاذ,معدات ذات صلة | الأسئلة الشائعة حول الحل | احصل على دفاع خبير بالطائرات بدون طيار! | نظرة عامة | المواصفات الفنية | معدات ذات صلة | الأسئلة الشائعة حول الحل | احصل على دفاع خبير بالطائرات بدون طيار! | صفحات ذات صلة,.next-five-pages-v2/server/app/ar/solutions/high-rise-firefighting-uav-solution.html
/ar/solutions/hydroelectric-dam-protection,ar,strong,100,حل مراقبة للسدود الكهرومائية,2,true,true,true,true,true,1649,17,1.031,1,14,,حل مراقبة للسدود الكهرومائية | N-TET,يُستخدم حل مراقبة للسدود الكهرومائية في التفتيش الميداني والصيانة، مع دعم الفحص الأمني وإدارة المواقع الحيوية وتنسيق فرق التشغيل حسب متطلبات الموقع. يساعد الحل على جمع المعلومات، وتوثيق الأحداث، وتحويل بيانات المراقبة إلى إجراءات قابلة للمر,حل مراقبة للسدود الكهرومائية | N-TET,حل مراقبة للسدود الكهرومائية,حل مراقبة للسدود الكهرومائية Operations | Low-Altitude Security Operations for Dam Operations | وحدات الحل | معدات ذات صلة | الأسئلة الشائعة حول الحل | احصل على دفاع خبير بالطائرات بدون طيار! | نظرة عامة | حل مراقبة للسدود الكهرومائية Operations | Low-Altitude Security Operations for Dam Operations | 賵丨丿丕鬲 丕賱丨賱 | معدات ذات صلة | الأسئلة الشائعة حول الحل | احصل على دفاع خبير بالطائرات بدون طيار! | صفحات ذات صلة,.next-five-pages-v2/server/app/ar/solutions/hydroelectric-dam-protection.html
/ar/solutions/judicial-sector-security,ar,strong,100,حل أمني للمنشآت القضائية,2,true,true,true,true,true,1354,29,2.142,1,11,,حل أمني للمنشآت القضائية | N-TET,يُستخدم حل أمني للمنشآت القضائية في التفتيش الميداني والصيانة، مع دعم مراقبة المجال الجوي وتوثيق الأحداث وتنسيق فرق التشغيل حسب متطلبات الموقع. يساعد الحل على جمع المعلومات، وتوثيق الأحداث، وتحويل بيانات المراقبة إلى إجراءات قابلة للمراجعة,حل أمني للمنشآت القضائية | N-TET,حل أمني للمنشآت القضائية,حل أمني للمنشآت القضائية Operations | المواصفات الفنية | معدات ذات صلة | الأسئلة الشائعة حول الحل | احصل على دفاع خبير بالطائرات بدون طيار! | نظرة عامة | المواصفات الفنية | معدات ذات صلة | الأسئلة الشائعة حول الحل | احصل على دفاع خبير بالطائرات بدون طيار! | صفحات ذات صلة,.next-five-pages-v2/server/app/ar/solutions/judicial-sector-security.html
/ar/solutions/land-based-maritime-surveillance,ar,strong,100,مراقبة بحرية أرضية وإنذار مبكر,2,true,true,true,true,true,1223,23,1.881,1,11,,مراقبة بحرية أرضية وإنذار مبكر | N-TET,يُستخدم مراقبة بحرية أرضية وإنذار مبكر في مراقبة المجال الجوي وتوثيق الأحداث، مع دعم الدوريات والمراقبة واسعة النطاق وتنسيق فرق التشغيل حسب متطلبات الموقع. يساعد الحل على جمع المعلومات، وتوثيق الأحداث، وتحويل بيانات المراقبة إلى إجراءات قاب,مراقبة بحرية أرضية وإنذار مبكر | N-TET,مراقبة بحرية أرضية وإنذار مبكر,مراقبة بحرية أرضية وإنذار مبكر Operations | المواصفات الفنية | معدات ذات صلة | الأسئلة الشائعة حول الحل | احصل على دفاع خبير بالطائرات بدون طيار! | نظرة عامة | المواصفات الفنية | معدات ذات صلة | الأسئلة الشائعة حول الحل | احصل على دفاع خبير بالطائرات بدون طيار! | صفحات ذات صلة,.next-five-pages-v2/server/app/ar/solutions/land-based-maritime-surveillance.html
/ar/solutions/low-altitude-airspace-monitoring,ar,weak,15,low-altitude airspace monitoring,5,false,false,false,false,false,1373,0,0.000,1,4,title 未命中关键词; description 未命中关键词; H1 未命中关键词; H2 未命中关键词; 正文未命中精确关键词短语,Low-Altitude Airspace Security & C-UAS | N-TET,"Plan a practical low-altitude monitoring workflow around site conditions, sensing coverage, identity and visual verification, command coordination, authorized response and event records.",low-altitude airspace monitoring | low altitude monitoring system | airspace monitoring solution | low altitude security | C-UAS site planning,المجال الجوي منخفض الارتفاع أمن المواقع الحرجة,"Cannot See, Cannot Identify, Cannot Control | See Clearly, Identify Clearly, Control Reliably | Equipment Is Organized Around the Operating Loop | سيناريوهات C-UAS حسب نوع الموقع",.next-five-pages-v2/server/app/ar/solutions/low-altitude-airspace-monitoring.html
/ar/solutions/mass-event-airspace-monitoring,ar,partial,70,مراقبة الطائرات المسيّرة للفعاليات الجماهيرية,2,true,false,true,false,true,644,1,0.155,1,3,description 未命中关键词; H2 未命中关键词,مراقبة الطائرات المسيّرة للفعاليات الجماهيرية | N-TET,أظهرت أولمبياد باريس 2024 مخاطر الطائرات غير المصرح بها بعد رصد تصوير سري للتدريبات. وقد تؤثر هذه الحوادث في السلامة والخصوصية ونزاهة الفعالية، وتسبب الذعر أو الإصابات أو التعطيل المتعمد في الأماكن المزدحمة.,مراقبة الطائرات المسيّرة للفعاليات الجماهيرية | N-TET,مراقبة الطائرات المسيّرة للفعاليات الجماهيرية,النقاط الفنية الرئيسية للنشر | كيف ندير مخاطر الطائرات المسيّرة | استشر خبير C-UAS,.next-five-pages-v2/server/app/ar/solutions/mass-event-airspace-monitoring.html
/ar/solutions/night-emergency-lighting-support-uav-solution,ar,strong,100,UAV مربوط للإضاءة,4,true,true,true,true,true,1644,23,1.399,1,16,,حل UAV مربوط للإضاءة | N-TET,"UAV مربوط للإضاءة هو موضوع البحث الرئيسي لهذه الصفحة، مع تغطية مرتبطة بـ طائرة إضاءة, نظام إضاءة UAV, طائرة إضاءة طارئة.",UAV مربوط للإضاءة | طائرة إضاءة | نظام إضاءة UAV | طائرة إضاءة طارئة,حل UAV مربوط للإضاءة,سير عمل UAV مربوط للإضاءة | كيف ترفع الطائرات بدون طيار كفاءة العمليات | وحدات الحل | معدات ذات صلة | حالات ذات صلة | الأسئلة الشائعة حول الحل | احصل على دفاع خبير بالطائرات بدون طيار! | نظرة عامة | سير عمل UAV مربوط للإضاءة | 賰賷賮 鬲乇賮毓 丕賱胤丕卅乇丕鬲 亘丿賵賳 胤賷丕乇 賰賮丕亍丞 丕賱毓賲賱賷丕鬲 | 賵丨丿丕鬲 丕賱丨賱 | معدات ذات صلة | 丨丕賱丕鬲 匕丕鬲 氐賱丞 | الأسئلة الشائعة حول الحل | احصل على دفاع خبير بالطائرات بدون طيار! | صفحات ذات صلة,.next-five-pages-v2/server/app/ar/solutions/night-emergency-lighting-support-uav-solution.html
/ar/solutions/oil-production-base-protection,ar,strong,100,oil production base C-UAS,5,true,true,true,true,true,1696,18,1.061,1,14,,Oil Production Base C-UAS Solution | N-TET,"This oil production base C-UAS solution supports low-altitude risk detection, target identification, location, tracking, graded warning, and coordinated site response around production units, tank farms, pipeline stations, and loading areas.",oil production base C-UAS | oil and gas C-UAS | low altitude warning | target identification | target tracking,Oil Production Base C-UAS Solution,Oil Production Base C-UAS Operations | Layered Low-Altitude Protection for Oil Production Sites | وحدات الحل | معدات ذات صلة | الأسئلة الشائعة حول الحل | احصل على دفاع خبير بالطائرات بدون طيار! | نظرة عامة | Oil Production Base C-UAS Operations | Layered Low-Altitude Protection for Oil Production Sites | 賵丨丿丕鬲 丕賱丨賱 | معدات ذات صلة | الأسئلة الشائعة حول الحل | احصل على دفاع خبير بالطائرات بدون طيار! | صفحات ذات صلة,.next-five-pages-v2/server/app/ar/solutions/oil-production-base-protection.html
/ar/solutions/port-airspace-monitoring,ar,partial,70,مراقبة الطائرات المسيّرة في الموانئ,2,true,false,true,false,true,647,2,0.309,1,3,description 未命中关键词; H2 未命中关键词,مراقبة الطائرات المسيّرة في الموانئ | N-TET,يعتمد الميناء على جداول زمنية دقيقة، ولذلك قد يؤدي أي دخول جوي غير مصرح به إلى سلسلة من التأخيرات وتعريض الرافعات ومحطات الوقود وأنظمة الخدمات اللوجستية للخطر. ويساعد النشر المبكر لأنظمة مراقبة الطائرات المسيّرة على الحد من الاضطرابات المحت,مراقبة الطائرات المسيّرة في الموانئ | N-TET,مراقبة الطائرات المسيّرة في الموانئ,النقاط الفنية الرئيسية للنشر | كيف ندير مخاطر الطائرات المسيّرة | استشر خبير C-UAS,.next-five-pages-v2/server/app/ar/solutions/port-airspace-monitoring.html
/ar/solutions/portable-drone-detection,ar,weak,0,,0,false,false,false,false,false,0,0,0.000,0,0,缺少 meta keywords; 缺少 H1; 缺少 H2,أنظمة UAV صناعية لعمليات المجال منخفض الارتفاع | N-TET,من منصات UAV الصناعية إلى مراقبة المجال منخفض الارتفاع، تساعد N-TET فرق البنية التحتية والمواقع العامة على التفتيش والتحقق وتوثيق العمليات الميدانية.,,,,.next-five-pages-v2/server/app/ar/solutions/portable-drone-detection.html
/ar/solutions/post-disaster-emergency-communication-support-uav-solution,ar,strong,100,UAV للاتصالات الطارئة,4,true,true,true,true,true,1629,20,1.228,1,16,,حل UAV للاتصالات الطارئة | N-TET,"UAV للاتصالات الطارئة هو موضوع البحث الرئيسي لهذه الصفحة، مع تغطية مرتبطة بـ طائرة اتصالات للاستجابة للكوارث, UAV مربوط للاتصالات, اتصالات UAV للسلامة العامة.",UAV للاتصالات الطارئة | طائرة اتصالات للاستجابة للكوارث | UAV مربوط للاتصالات | اتصالات UAV للسلامة العامة,حل UAV للاتصالات الطارئة,سير عمل UAV للاتصالات الطارئة | كيف ترفع الطائرات بدون طيار كفاءة العمليات | وحدات الحل | معدات ذات صلة | حالات ذات صلة | الأسئلة الشائعة حول الحل | احصل على دفاع خبير بالطائرات بدون طيار! | نظرة عامة | سير عمل UAV للاتصالات الطارئة | 賰賷賮 鬲乇賮毓 丕賱胤丕卅乇丕鬲 亘丿賵賳 胤賷丕乇 賰賮丕亍丞 丕賱毓賲賱賷丕鬲 | 賵丨丿丕鬲 丕賱丨賱 | معدات ذات صلة | 丨丕賱丕鬲 匕丕鬲 氐賱丞 | الأسئلة الشائعة حول الحل | احصل على دفاع خبير بالطائرات بدون طيار! | صفحات ذات صلة,.next-five-pages-v2/server/app/ar/solutions/post-disaster-emergency-communication-support-uav-solution.html
/ar/solutions/power-generation-facility-low-altitude-monitoring,ar,strong,100,مراقبة المجال الجوي لمنشآت توليد الطاقة,2,true,true,true,true,true,1266,23,1.817,1,11,,مراقبة المجال الجوي لمنشآت توليد الطاقة | N-TET,يُستخدم مراقبة المجال الجوي لمنشآت توليد الطاقة في التفتيش الميداني والصيانة، مع دعم مراقبة المجال الجوي وتوثيق الأحداث وتنسيق فرق التشغيل حسب متطلبات الموقع. يساعد الحل على جمع المعلومات، وتوثيق الأحداث، وتحويل بيانات المراقبة إلى إجراءات,مراقبة المجال الجوي لمنشآت توليد الطاقة | N-TET,مراقبة المجال الجوي لمنشآت توليد الطاقة,مراقبة المجال الجوي لمنشآت توليد الطاقة Operations | المواصفات الفنية | معدات ذات صلة | الأسئلة الشائعة حول الحل | احصل على دفاع خبير بالطائرات بدون طيار! | نظرة عامة | المواصفات الفنية | معدات ذات صلة | الأسئلة الشائعة حول الحل | احصل على دفاع خبير بالطائرات بدون طيار! | صفحات ذات صلة,.next-five-pages-v2/server/app/ar/solutions/power-generation-facility-low-altitude-monitoring.html
/ar/solutions/power-line-uav-intelligent-inspection-solution,ar,strong,100,تفتيش خطوط الكهرباء بالطائرات بدون طيار,4,true,true,true,true,true,1712,20,1.168,1,12,,حل تفتيش خطوط الكهرباء بالطائرات بدون طيار | N-TET,"تفتيش خطوط الكهرباء بالطائرات بدون طيار هو موضوع البحث الرئيسي لهذه الصفحة، مع تغطية مرتبطة بـ طائرة تفتيش خطوط الكهرباء, تفتيش خطوط الكهرباء باستخدام UAV, طائرات تفتيش المرافق.",تفتيش خطوط الكهرباء بالطائرات بدون طيار | طائرة تفتيش خطوط الكهرباء | تفتيش خطوط الكهرباء باستخدام UAV | طائرات تفتيش المرافق,حل تفتيش خطوط الكهرباء بالطائرات بدون طيار,سير عمل تفتيش خطوط الكهرباء باستخدام UAV | كيف ترفع الطائرات بدون طيار كفاءة العمليات | وحدات الحل | الأسئلة الشائعة حول الحل | احصل على دفاع خبير بالطائرات بدون طيار! | نظرة عامة | سير عمل تفتيش خطوط الكهرباء باستخدام UAV | 賰賷賮 鬲乇賮毓 丕賱胤丕卅乇丕鬲 亘丿賵賳 胤賷丕乇 賰賮丕亍丞 丕賱毓賲賱賷丕鬲 | 賵丨丿丕鬲 丕賱丨賱 | الأسئلة الشائعة حول الحل | احصل على دفاع خبير بالطائرات بدون طيار! | صفحات ذات صلة,.next-five-pages-v2/server/app/ar/solutions/power-line-uav-intelligent-inspection-solution.html
/ar/solutions/power-plant-airspace-monitoring,ar,partial,70,مراقبة الطائرات المسيّرة لمحطات الطاقة,2,true,false,true,false,true,654,1,0.153,1,3,description 未命中关键词; H2 未命中关键词,مراقبة الطائرات المسيّرة لمحطات الطاقة | N-TET,ينبغي أن تعطي C-UAS في المحطة النووية الأولوية للكشف المبكر عن مخاطر أنظمة التبريد والمناطق الحيوية. كما تقلل المراقبة الاستباقية التجسس الصناعي وتدعم استقرار شبكة الطاقة.,مراقبة الطائرات المسيّرة لمحطات الطاقة | N-TET,مراقبة الطائرات المسيّرة لمحطات الطاقة,النقاط الفنية الرئيسية للنشر | كيف ندير مخاطر الطائرات المسيّرة | استشر خبير C-UAS,.next-five-pages-v2/server/app/ar/solutions/power-plant-airspace-monitoring.html
/ar/solutions/power-tower-inspection-uav-solution,ar,strong,85,طائرة UAV للتفتيش الميداني,2,true,true,true,false,true,1134,19,1.675,1,11,H2 未命中关键词,طائرة UAV للتفتيش الميداني | N-TET,يُستخدم طائرة UAV للتفتيش الميداني في التفتيش الميداني والصيانة، مع دعم الدعم الطارئ واستمرارية العمليات وتنسيق فرق التشغيل حسب متطلبات الموقع. يساعد الحل على جمع المعلومات، وتوثيق الأحداث، وتحويل بيانات المراقبة إلى إجراءات قابلة للمراجعة,طائرة UAV للتفتيش الميداني | N-TET,طائرة UAV للتفتيش الميداني,معدات ذات صلة | حالات ذات صلة | الأسئلة الشائعة حول الحل | احصل على دفاع خبير بالطائرات بدون طيار! | نظرة عامة | المواصفات الفنية | معدات ذات صلة | 丨丕賱丕鬲 匕丕鬲 氐賱丞 | الأسئلة الشائعة حول الحل | احصل على دفاع خبير بالطائرات بدون طيار! | صفحات ذات صلة,.next-five-pages-v2/server/app/ar/solutions/power-tower-inspection-uav-solution.html
/ar/solutions/public-safety-airspace-monitoring,ar,partial,70,مراقبة الطائرات المسيّرة للسلامة العامة,2,true,false,true,false,true,613,1,0.163,1,3,description 未命中关键词; H2 未命中关键词,مراقبة الطائرات المسيّرة للسلامة العامة | N-TET,أصبحت الطائرات غير المصرح بها خطراً متزايداً على السلامة العامة، وقد تُستخدم لرسم خرائط غير قانوني أو مراقبة مواقع حساسة أو نقل حمولات خطرة. ويوفر الحل مراقبة آلية للمجال الحضري مع مراجعة المشغل.,مراقبة الطائرات المسيّرة للسلامة العامة | N-TET,مراقبة الطائرات المسيّرة للسلامة العامة,النقاط الفنية الرئيسية للنشر | كيف ندير مخاطر الطائرات المسيّرة | استشر خبير C-UAS,.next-five-pages-v2/server/app/ar/solutions/public-safety-airspace-monitoring.html
/ar/solutions/rf-interference-device,ar,weak,0,,0,false,false,false,false,false,0,0,0.000,0,0,缺少 meta keywords; 缺少 H1; 缺少 H2,أنظمة UAV صناعية لعمليات المجال منخفض الارتفاع | N-TET,من منصات UAV الصناعية إلى مراقبة المجال منخفض الارتفاع، تساعد N-TET فرق البنية التحتية والمواقع العامة على التفتيش والتحقق وتوثيق العمليات الميدانية.,,,,.next-five-pages-v2/server/app/ar/solutions/rf-interference-device.html
/ar/solutions/smart-substation-autonomous-inspection-solution,ar,strong,85,طائرة UAV للتفتيش الميداني,2,true,true,true,false,true,1120,19,1.696,1,11,H2 未命中关键词,طائرة UAV للتفتيش الميداني | N-TET,يُستخدم طائرة UAV للتفتيش الميداني في التفتيش الميداني والصيانة، مع دعم الدوريات والمراقبة واسعة النطاق وتنسيق فرق التشغيل حسب متطلبات الموقع. يساعد الحل على جمع المعلومات، وتوثيق الأحداث، وتحويل بيانات المراقبة إلى إجراءات قابلة للمراجعة د,طائرة UAV للتفتيش الميداني | N-TET,طائرة UAV للتفتيش الميداني,معدات ذات صلة | حالات ذات صلة | الأسئلة الشائعة حول الحل | احصل على دفاع خبير بالطائرات بدون طيار! | نظرة عامة | المواصفات الفنية | معدات ذات صلة | 丨丕賱丕鬲 匕丕鬲 氐賱丞 | الأسئلة الشائعة حول الحل | احصل على دفاع خبير بالطائرات بدون طيار! | صفحات ذات صلة,.next-five-pages-v2/server/app/ar/solutions/smart-substation-autonomous-inspection-solution.html
/ar/solutions/smart-substation-unattended-uav-inspection-solution,ar,strong,100,التفتيش الذاتي للمحطات الفرعية الذكية,5,true,true,true,true,true,1673,20,1.195,1,16,,حل التفتيش الذاتي للمحطات الفرعية الذكية | N-TET,"التفتيش الذاتي للمحطات الفرعية الذكية هو موضوع البحث الرئيسي لهذه الصفحة، مع تغطية مرتبطة بـ تفتيش ذاتي للمحطات الفرعية الذكية, طائرة تفتيش المحطات الفرعية, تفتيش مرافق الطاقة باستخدام UAV.",التفتيش الذاتي للمحطات الفرعية الذكية | تفتيش ذاتي للمحطات الفرعية الذكية | طائرة تفتيش المحطات الفرعية | تفتيش مرافق الطاقة باستخدام UAV | تفتيش UAV ذاتي,حل التفتيش الذاتي للمحطات الفرعية الذكية,سير عمل التفتيش الذاتي للمحطات الفرعية الذكية | How UAVs Upgrade Substation Inspection | وحدات الحل | معدات ذات صلة | حالات ذات صلة | الأسئلة الشائعة حول الحل | احصل على دفاع خبير بالطائرات بدون طيار! | نظرة عامة | سير عمل التفتيش الذاتي للمحطات الفرعية الذكية | How UAVs Upgrade Substation Inspection | 賵丨丿丕鬲 丕賱丨賱 | معدات ذات صلة | 丨丕賱丕鬲 匕丕鬲 氐賱丞 | الأسئلة الشائعة حول الحل | احصل على دفاع خبير بالطائرات بدون طيار! | صفحات ذات صلة,.next-five-pages-v2/server/app/ar/solutions/smart-substation-unattended-uav-inspection-solution.html
/ar/solutions/sports-event-security,ar,strong,100,حل أمني للفعاليات الرياضية الكبرى,2,true,true,true,true,true,1611,17,1.055,1,14,,حل أمني للفعاليات الرياضية الكبرى | N-TET,يُستخدم حل أمني للفعاليات الرياضية الكبرى في التفتيش الميداني والصيانة، مع دعم الفحص الأمني وإدارة المواقع الحيوية وتنسيق فرق التشغيل حسب متطلبات الموقع. يساعد الحل على جمع المعلومات، وتوثيق الأحداث، وتحويل بيانات المراقبة إلى إجراءات قابلة,حل أمني للفعاليات الرياضية الكبرى | N-TET,حل أمني للفعاليات الرياضية الكبرى,حل أمني للفعاليات الرياضية الكبرى Operations | How Integrated Monitoring and Screening Support Large Events | وحدات الحل | معدات ذات صلة | الأسئلة الشائعة حول الحل | احصل على دفاع خبير بالطائرات بدون طيار! | نظرة عامة | حل أمني للفعاليات الرياضية الكبرى Operations | How Integrated Monitoring and Screening Support Large Events | 賵丨丿丕鬲 丕賱丨賱 | معدات ذات صلة | الأسئلة الشائعة حول الحل | احصل على دفاع خبير بالطائرات بدون طيار! | صفحات ذات صلة,.next-five-pages-v2/server/app/ar/solutions/sports-event-security.html
/ar/solutions/tethered-lighting-uav-solution,ar,strong,85,منصة UAV للإضاءة الطارئة,2,true,true,true,false,true,1103,17,1.541,1,11,H2 未命中关键词,منصة UAV للإضاءة الطارئة | N-TET,يُستخدم منصة UAV للإضاءة الطارئة في الدعم الطارئ واستمرارية العمليات، مع دعم التحقق الميداني وتنسيق فرق التشغيل حسب متطلبات الموقع. يساعد الحل على جمع المعلومات، وتوثيق الأحداث، وتحويل بيانات المراقبة إلى إجراءات قابلة للمراجعة دون كشف تفاص,منصة UAV للإضاءة الطارئة | N-TET,منصة UAV للإضاءة الطارئة,معدات ذات صلة | حالات ذات صلة | الأسئلة الشائعة حول الحل | احصل على دفاع خبير بالطائرات بدون طيار! | نظرة عامة | المواصفات الفنية | معدات ذات صلة | 丨丕賱丕鬲 匕丕鬲 氐賱丞 | الأسئلة الشائعة حول الحل | احصل على دفاع خبير بالطائرات بدون طيار! | صفحات ذات صلة,.next-five-pages-v2/server/app/ar/solutions/tethered-lighting-uav-solution.html
/ar/solutions/uav-maritime-emergency-rescue,ar,strong,100,إنقاذ بحري طارئ باستخدام UAV,2,true,true,true,true,true,1213,21,1.731,1,11,,إنقاذ بحري طارئ باستخدام UAV | N-TET,يُستخدم إنقاذ بحري طارئ باستخدام UAV في الدعم الطارئ واستمرارية العمليات، مع دعم الدوريات والمراقبة واسعة النطاق وتنسيق فرق التشغيل حسب متطلبات الموقع. يساعد الحل على جمع المعلومات، وتوثيق الأحداث، وتحويل بيانات المراقبة إلى إجراءات قابلة ل,إنقاذ بحري طارئ باستخدام UAV | N-TET,إنقاذ بحري طارئ باستخدام UAV,إنقاذ بحري طارئ باستخدام UAV Operations | المواصفات الفنية | معدات ذات صلة | الأسئلة الشائعة حول الحل | احصل على دفاع خبير بالطائرات بدون طيار! | نظرة عامة | المواصفات الفنية | معدات ذات صلة | الأسئلة الشائعة حول الحل | احصل على دفاع خبير بالطائرات بدون طيار! | صفحات ذات صلة,.next-five-pages-v2/server/app/ar/solutions/uav-maritime-emergency-rescue.html
/ar/solutions/uav-maritime-patrol,ar,strong,100,UAV للدوريات البحرية,4,true,true,true,true,true,1600,20,1.250,1,16,,حل UAV للدوريات البحرية | N-TET,"UAV للدوريات البحرية هو موضوع البحث الرئيسي لهذه الصفحة، مع تغطية مرتبطة بـ طائرة لمراقبة السواحل, UAV لدوريات الحدود, UAV لمراقبة الحدود.",UAV للدوريات البحرية | طائرة لمراقبة السواحل | UAV لدوريات الحدود | UAV لمراقبة الحدود,حل UAV للدوريات البحرية,سير عمل UAV للدوريات البحرية | كيف ترفع الطائرات بدون طيار كفاءة العمليات | وحدات الحل | معدات ذات صلة | حالات ذات صلة | الأسئلة الشائعة حول الحل | احصل على دفاع خبير بالطائرات بدون طيار! | نظرة عامة | سير عمل UAV للدوريات البحرية | 賰賷賮 鬲乇賮毓 丕賱胤丕卅乇丕鬲 亘丿賵賳 胤賷丕乇 賰賮丕亍丞 丕賱毓賲賱賷丕鬲 | 賵丨丿丕鬲 丕賱丨賱 | معدات ذات صلة | 丨丕賱丕鬲 匕丕鬲 氐賱丞 | الأسئلة الشائعة حول الحل | احصل على دفاع خبير بالطائرات بدون طيار! | صفحات ذات صلة,.next-five-pages-v2/server/app/ar/solutions/uav-maritime-patrol.html
/ar/solutions/urban-high-rise-firefighting-emergency-uav-solution,ar,strong,100,طائرة مكافحة الحرائق,5,true,true,true,true,true,1689,20,1.184,1,16,,حل طائرة مكافحة الحرائق | N-TET,"طائرة مكافحة الحرائق هو موضوع البحث الرئيسي لهذه الصفحة، مع تغطية مرتبطة بـ طائرة مكافحة حرائق, UAV لمكافحة حرائق المباني العالية, طائرة لإطفاء الحرائق.",طائرة مكافحة الحرائق | طائرة مكافحة حرائق | UAV لمكافحة حرائق المباني العالية | طائرة لإطفاء الحرائق | طائرات مكافحة حرائق,حل طائرة مكافحة الحرائق,سير عمل طائرة مكافحة الحرائق | كيف ترفع الطائرات بدون طيار كفاءة العمليات | وحدات الحل | معدات ذات صلة | حالات ذات صلة | الأسئلة الشائعة حول الحل | احصل على دفاع خبير بالطائرات بدون طيار! | نظرة عامة | سير عمل طائرة مكافحة الحرائق | 賰賷賮 鬲乇賮毓 丕賱胤丕卅乇丕鬲 亘丿賵賳 胤賷丕乇 賰賮丕亍丞 丕賱毓賲賱賷丕鬲 | 賵丨丿丕鬲 丕賱丨賱 | معدات ذات صلة | 丨丕賱丕鬲 匕丕鬲 氐賱丞 | الأسئلة الشائعة حول الحل | احصل على دفاع خبير بالطائرات بدون طيار! | صفحات ذات صلة,.next-five-pages-v2/server/app/ar/solutions/urban-high-rise-firefighting-emergency-uav-solution.html
/ar/solutions/vip-private-property-airspace-monitoring,ar,partial,70,مراقبة الطائرات المسيّرة للشخصيات والممتلكات الخاصة,2,true,false,true,false,true,604,1,0.166,1,3,description 未命中关键词; H2 未命中关键词,مراقبة الطائرات المسيّرة للشخصيات والممتلكات الخاصة | N-TET,يساعد الحل فرق الأمن على حماية الخصوصية بزاوية 360 درجة. ويجمع الاستشعار الثابت غير اللافت مع الأجهزة المحمولة لتمديد الحماية إلى المجال الجوي وتقليل مخاطر التجسس والتصوير المتطفل والتخريب.,مراقبة الطائرات المسيّرة للشخصيات والممتلكات الخاصة | N-TET,مراقبة الطائرات المسيّرة للشخصيات والممتلكات الخاصة,النقاط الفنية الرئيسية للنشر | كيف ندير مخاطر الطائرات المسيّرة | استشر خبير C-UAS,.next-five-pages-v2/server/app/ar/solutions/vip-private-property-airspace-monitoring.html
/ar/solutions/water-conservancy-monitoring-uav-solution,ar,strong,85,طائرة UAV لمراقبة المياه,2,true,true,true,false,true,1128,19,1.684,1,11,H2 未命中关键词,طائرة UAV لمراقبة المياه | N-TET,يُستخدم طائرة UAV لمراقبة المياه في التفتيش الميداني والصيانة، مع دعم مراقبة المجال الجوي وتوثيق الأحداث وتنسيق فرق التشغيل حسب متطلبات الموقع. يساعد الحل على جمع المعلومات، وتوثيق الأحداث، وتحويل بيانات المراقبة إلى إجراءات قابلة للمراجعة,طائرة UAV لمراقبة المياه | N-TET,طائرة UAV لمراقبة المياه,معدات ذات صلة | حالات ذات صلة | الأسئلة الشائعة حول الحل | احصل على دفاع خبير بالطائرات بدون طيار! | نظرة عامة | المواصفات الفنية | معدات ذات صلة | 丨丕賱丕鬲 匕丕鬲 氐賱丞 | الأسئلة الشائعة حول الحل | احصل على دفاع خبير بالطائرات بدون طيار! | صفحات ذات صلة,.next-five-pages-v2/server/app/ar/solutions/water-conservancy-monitoring-uav-solution.html
/ar/solutions/water-conservancy-river-lake-uav-monitoring-solution,ar,strong,85,UAV لمراقبة الموارد المائية,4,true,true,true,false,true,1868,18,0.964,1,16,H2 未命中关键词,حل UAV لمراقبة الموارد المائية | N-TET,"UAV لمراقبة الموارد المائية هو موضوع البحث الرئيسي لهذه الصفحة، مع تغطية مرتبطة بـ UAV لتفتيش السدود, مراقبة الأنهار والبحيرات باستخدام UAV, طائرة مراقبة الفيضانات.",UAV لمراقبة الموارد المائية | UAV لتفتيش السدود | مراقبة الأنهار والبحيرات باستخدام UAV | طائرة مراقبة الفيضانات,حل UAV لمراقبة الموارد المائية,سير عمل مراقبة الموارد المائية باستخدام UAV | كيف ترفع الطائرات بدون طيار كفاءة العمليات | وحدات الحل | معدات ذات صلة | حالات ذات صلة | الأسئلة الشائعة حول الحل | احصل على دفاع خبير بالطائرات بدون طيار! | نظرة عامة | سير عمل مراقبة الموارد المائية باستخدام UAV | 賰賷賮 鬲乇賮毓 丕賱胤丕卅乇丕鬲 亘丿賵賳 胤賷丕乇 賰賮丕亍丞 丕賱毓賲賱賷丕鬲 | 賵丨丿丕鬲 丕賱丨賱 | معدات ذات صلة | 丨丕賱丕鬲 匕丕鬲 氐賱丞 | الأسئلة الشائعة حول الحل | احصل على دفاع خبير بالطائرات بدون طيار! | صفحات ذات صلة,.next-five-pages-v2/server/app/ar/solutions/water-conservancy-river-lake-uav-monitoring-solution.html
/en,en,strong,85,professional C-UAS equipment manufacturer,6,true,true,true,false,true,943,27,2.863,1,6,H2 未命中关键词,Professional C-UAS Equipment Manufacturer & System Supplier | N-TET,"N-TET supplies portable, fixed-site and vehicle-mounted C-UAS equipment, multi-sensor system configurations, command-platform integration, testing, documentation and coordinated international delivery.",professional C-UAS equipment manufacturer | C-UAS equipment | counter drone system supplier | portable C-UAS | fixed-site C-UAS | vehicle-mounted C-UAS,Professional C-UAS Equipment Manufacturer & System Supplier,Counter-Drone Solutions | Select Your Counter-Drone Equipment | See. Identify. Control. | About Us | Counter-Drone Projects | Tell Us the Site and Device Type,.next-five-pages-v2/server/app/en.html
/en/about,en,strong,100,C-UAS equipment manufacturer and system supplier,6,true,true,true,true,true,1851,13,0.702,1,18,,C-UAS Equipment Manufacturer & System Supplier | N-TET,"N-TET is a Beijing-based professional C-UAS equipment manufacturer and system supplier, providing portable, fixed-site and vehicle-mounted equipment, multi-sensor integration, command-platform configuration, testing, documentation and coordinated international delivery.",C-UAS equipment manufacturer and system supplier | C-UAS equipment | counter drone system supplier | low altitude monitoring equipment | C-UAS system integration | C-UAS project delivery,C-UAS Equipment & System Solutions,"Equipment expertise carried through to delivery. | C-UAS equipment shaped around real deployment conditions. | RF sensing, signal processing and data fusion. | Where RF development meets repeatable testing. | Equipment Preparation & Testing | A visible path from requirement to delivery. | Questions buyers usually ask first. | Tell us the site, deployment form and equipment you need. | Get Expert Drone Defense Advice | Equipment expertise carried through to delivery. | Equipment, configuration and delivery. | RF sensing, signal processing and data fusion. | Where RF development meets repeatable testing. | Equipment Preparation & Testing | Four visible project stages. | Questions buyers ask first. | Tell us the site and deployment form. | Get Expert Drone Defense Advice",.next-five-pages-v2/server/app/en/about.html
/en/accessories,en,strong,100,UAV components for system integration,6,true,true,true,true,true,839,17,2.026,1,11,,UAV Components for System Integration | N-TET,"UAV components for system integration is the primary search theme for this page, with related coverage for UAV components, EO payload, UAV data link.",UAV components for system integration | UAV components | EO payload | UAV data link | UAV propulsion | flight controller,UAV Components for System Integration,Drone Accessories and UAV Components for Industrial Platforms | Flight Controllers | UAV Motors | UAV Propellers | UAV Batteries | Electro-Optical Gimbals | UAV Engines | UAV Data Links | UAV Remote Controllers | Drone Accessories Product FAQ | Get Expert Drone Defense Advice,.next-five-pages-v2/server/app/en/accessories.html
/en/accessories/fc-bt1,en,strong,85,FC-BT1 UAV Solid-State Battery,4,true,false,true,true,true,3446,9,0.261,1,5,description 未命中关键词,FC-BT1 UAV Solid-State Battery | N-TET Drone Accessories,"FC-BT1 is a 280Wh/kg, 4.2V 10C solid-state lithium-ion battery series covering 16Ah-30Ah capacities for inspection, mapping, VTOL, multi-rotor industrial UAVs, robots, and unmanned vessels.",FC-BT1 UAV Solid-State Battery | drone accessories | UAV components | industrial UAV parts,FC-BT1 UAV Solid-State Battery,FC-BT1 UAV Solid-State Battery Technical Specifications | Get Expert Drone Defense Advice | Overview | Technical Specifications | Get Expert Drone Defense Advice,.next-five-pages-v2/server/app/en/accessories/fc-bt1.html
/en/accessories/fc-bt2,en,strong,85,FC-BT2 UAV Solid-State Battery,4,true,false,true,true,true,2938,9,0.306,1,5,description 未命中关键词,FC-BT2 UAV Solid-State Battery | N-TET Drone Accessories,"FC-BT2 is an upgraded FC-BT1 series with 310Wh/kg energy density, improved wind resistance and landing safety, and stable performance for inspection, mapping, VTOL, and multi-rotor industrial UAVs.",FC-BT2 UAV Solid-State Battery | drone accessories | UAV components | industrial UAV parts,FC-BT2 UAV Solid-State Battery,FC-BT2 UAV Solid-State Battery Technical Specifications | Get Expert Drone Defense Advice | Overview | Technical Specifications | Get Expert Drone Defense Advice,.next-five-pages-v2/server/app/en/accessories/fc-bt2.html
/en/accessories/fc-bt3,en,strong,85,FC-BT3 High-Voltage UAV Solid-State Battery,4,true,false,true,true,true,3057,9,0.294,1,5,description 未命中关键词,FC-BT3 High-Voltage UAV Solid-State Battery | N-TET Drone Accessories,FC-BT3 is a 4.35V high-voltage solid-state battery series with higher discharge rate and lower voltage sag for heavy-lift VTOL and aircraft with large differences between vertical-lift and cruise power demand.,FC-BT3 High-Voltage UAV Solid-State Battery | drone accessories | UAV components | industrial UAV parts,FC-BT3 High-Voltage UAV Solid-State Battery,FC-BT3 High-Voltage UAV Solid-State Battery Technical Specifications | Get Expert Drone Defense Advice | Overview | Technical Specifications | Get Expert Drone Defense Advice,.next-five-pages-v2/server/app/en/accessories/fc-bt3.html
/en/accessories/fc-bt4,en,strong,85,FC-BT4 High-Energy UAV Solid-State Battery,4,true,false,true,true,true,4927,9,0.183,1,5,description 未命中关键词,FC-BT4 High-Energy UAV Solid-State Battery | N-TET Drone Accessories,"FC-BT4 is a 340Wh/kg high-energy-density solid-state battery series balancing low voltage sag, high safety, long service life, and cost performance for reconnaissance, solar, mapping, security, and long-endurance UAVs.",FC-BT4 High-Energy UAV Solid-State Battery | drone accessories | UAV components | industrial UAV parts,FC-BT4 High-Energy UAV Solid-State Battery,FC-BT4 High-Energy UAV Solid-State Battery Technical Specifications | Get Expert Drone Defense Advice | Overview | Technical Specifications | Get Expert Drone Defense Advice,.next-five-pages-v2/server/app/en/accessories/fc-bt4.html
/en/accessories/fc-btg,en,strong,85,FC-BTG Training UAV Solid-State Battery,4,true,false,true,true,true,2217,9,0.406,1,5,description 未命中关键词,FC-BTG Training UAV Solid-State Battery | N-TET Drone Accessories,"FC-BTG is a cost-effective solid-state battery series for training, logistics, and power-operation scenarios, covering FC-BTG-TG1 and FC-BTG-TG3 configurations with stable output, long endurance, and training-friendly adaptation.",FC-BTG Training UAV Solid-State Battery | drone accessories | UAV components | industrial UAV parts,FC-BTG Training UAV Solid-State Battery,FC-BTG Training UAV Solid-State Battery Technical Specifications | Get Expert Drone Defense Advice | Overview | Technical Specifications | Get Expert Drone Defense Advice,.next-five-pages-v2/server/app/en/accessories/fc-btg.html
/en/accessories/fc-c2d-propeller,en,strong,85,FC-C2D UAV Propeller,4,true,false,true,true,true,1009,7,0.694,1,5,description 未命中关键词,FC-C2D UAV Propeller | N-TET Drone Accessories,Dimension range: 11~42 in; maximum thrust: 12.42kgf (7000RPM); peak propeller efficiency: 11.08gf/W (2821RPM).,FC-C2D UAV Propeller | drone accessories | UAV components | industrial UAV parts,FC-C2D UAV Propeller,FC-C2D UAV Propeller Technical Specifications | Get Expert Drone Defense Advice | Overview | Technical Specifications | Get Expert Drone Defense Advice,.next-five-pages-v2/server/app/en/accessories/fc-c2d-propeller.html
/en/accessories/fc-c2e-propeller,en,strong,85,FC-C2E UAV Propeller,4,true,false,true,true,true,957,7,0.731,1,5,description 未命中关键词,FC-C2E UAV Propeller | N-TET Drone Accessories,Dimension range: 8~32 in; maximum thrust: 10.84kgf (6261RPM); peak propeller efficiency: 10.83gf/W (3442RPM).,FC-C2E UAV Propeller | drone accessories | UAV components | industrial UAV parts,FC-C2E UAV Propeller,FC-C2E UAV Propeller Technical Specifications | Get Expert Drone Defense Advice | Overview | Technical Specifications | Get Expert Drone Defense Advice,.next-five-pages-v2/server/app/en/accessories/fc-c2e-propeller.html
/en/accessories/fc-c2t-propeller,en,strong,85,FC-C2T UAV Propeller,4,true,false,true,true,true,985,7,0.711,1,5,description 未命中关键词,FC-C2T UAV Propeller | N-TET Drone Accessories,Dimension range: 14~46 in; maximum thrust: 24.99kgf (7850RPM); peak propeller efficiency: 8.49gf/W (3036RPM).,FC-C2T UAV Propeller | drone accessories | UAV components | industrial UAV parts,FC-C2T UAV Propeller,FC-C2T UAV Propeller Technical Specifications | Get Expert Drone Defense Advice | Overview | Technical Specifications | Get Expert Drone Defense Advice,.next-five-pages-v2/server/app/en/accessories/fc-c2t-propeller.html
/en/accessories/fc-c2u-propeller,en,strong,85,FC-C2U UAV Propeller,4,true,false,true,true,true,977,7,0.716,1,5,description 未命中关键词,FC-C2U UAV Propeller | N-TET Drone Accessories,Dimension range: 16~47 in; maximum thrust: 38.70kgf (7279RPM); peak propeller efficiency: 12.63gf/W (2309RPM).,FC-C2U UAV Propeller | drone accessories | UAV components | industrial UAV parts,FC-C2U UAV Propeller,FC-C2U UAV Propeller Technical Specifications | Get Expert Drone Defense Advice | Overview | Technical Specifications | Get Expert Drone Defense Advice,.next-five-pages-v2/server/app/en/accessories/fc-c2u-propeller.html
/en/accessories/fc-c2ud-propeller,en,strong,85,FC-C2UD UAV Propeller,4,true,false,true,true,true,1027,7,0.682,1,5,description 未命中关键词,FC-C2UD UAV Propeller | N-TET Drone Accessories,Dimension range: 18~40 in; maximum thrust: 37.65kgf (7838RPM); peak propeller efficiency: 6.64gf/W (3720RPM).,FC-C2UD UAV Propeller | drone accessories | UAV components | industrial UAV parts,FC-C2UD UAV Propeller,FC-C2UD UAV Propeller Technical Specifications | Get Expert Drone Defense Advice | Overview | Technical Specifications | Get Expert Drone Defense Advice,.next-five-pages-v2/server/app/en/accessories/fc-c2ud-propeller.html
/en/accessories/fc-fdj-111,en,strong,100,FC-FDJ-111 UAV Engine,4,true,true,true,true,true,789,9,1.141,1,5,,FC-FDJ-111 UAV Engine | N-TET Drone Accessories,"FC-FDJ-111 UAV engine with displacement 111.2cm3, power/performance 11.2HP/7500rpm, static thrust 25.5kg/altitude 100m.",FC-FDJ-111 UAV Engine | drone accessories | UAV components | industrial UAV parts,FC-FDJ-111 UAV Engine,FC-FDJ-111 UAV Engine Technical Specifications | Get Expert Drone Defense Advice | Overview | Technical Specifications | Get Expert Drone Defense Advice,.next-five-pages-v2/server/app/en/accessories/fc-fdj-111.html
/en/accessories/fc-fdj-120,en,strong,100,FC-FDJ-120 UAV Engine,4,true,true,true,true,true,767,9,1.173,1,5,,FC-FDJ-120 UAV Engine | N-TET Drone Accessories,"FC-FDJ-120 UAV engine with displacement 120cm3, power/performance 12HP/7500rpm, static thrust 26.5kg/altitude 100m.",FC-FDJ-120 UAV Engine | drone accessories | UAV components | industrial UAV parts,FC-FDJ-120 UAV Engine,FC-FDJ-120 UAV Engine Technical Specifications | Get Expert Drone Defense Advice | Overview | Technical Specifications | Get Expert Drone Defense Advice,.next-five-pages-v2/server/app/en/accessories/fc-fdj-120.html
/en/accessories/fc-fdj-120hd,en,strong,100,FC-FDJ-120HD UAV Engine,4,true,true,true,true,true,733,9,1.228,1,5,,FC-FDJ-120HD UAV Engine | N-TET Drone Accessories,"FC-FDJ-120HD UAV engine with displacement 120cm3, power/performance 7.35KW(0altitude)/8000rpm.",FC-FDJ-120HD UAV Engine | drone accessories | UAV components | industrial UAV parts,FC-FDJ-120HD UAV Engine,FC-FDJ-120HD UAV Engine Technical Specifications | Get Expert Drone Defense Advice | Overview | Technical Specifications | Get Expert Drone Defense Advice,.next-five-pages-v2/server/app/en/accessories/fc-fdj-120hd.html
/en/accessories/fc-fdj-170,en,strong,100,FC-FDJ-170 UAV Engine,4,true,true,true,true,true,757,9,1.189,1,5,,FC-FDJ-170 UAV Engine | N-TET Drone Accessories,"FC-FDJ-170 UAV engine with displacement 170cm3, power/performance 17.5HP/7500rpm, static thrust 35kg/altitude 100m.",FC-FDJ-170 UAV Engine | drone accessories | UAV components | industrial UAV parts,FC-FDJ-170 UAV Engine,FC-FDJ-170 UAV Engine Technical Specifications | Get Expert Drone Defense Advice | Overview | Technical Specifications | Get Expert Drone Defense Advice,.next-five-pages-v2/server/app/en/accessories/fc-fdj-170.html
/en/accessories/fc-fdj-200,en,strong,100,FC-FDJ-200 UAV Engine,4,true,true,true,true,true,745,9,1.208,1,5,,FC-FDJ-200 UAV Engine | N-TET Drone Accessories,"FC-FDJ-200 UAV engine with displacement 200CC, power/performance 20HP/7500rpm.",FC-FDJ-200 UAV Engine | drone accessories | UAV components | industrial UAV parts,FC-FDJ-200 UAV Engine,FC-FDJ-200 UAV Engine Technical Specifications | Get Expert Drone Defense Advice | Overview | Technical Specifications | Get Expert Drone Defense Advice,.next-five-pages-v2/server/app/en/accessories/fc-fdj-200.html
/en/accessories/fc-fdj-222,en,strong,100,FC-FDJ-222 UAV Engine,4,true,true,true,true,true,767,9,1.173,1,5,,FC-FDJ-222 UAV Engine | N-TET Drone Accessories,"FC-FDJ-222 UAV engine with displacement 222.5cm3, power/performance 21.5HP/7500rpm, static thrust 51kg/altitude 100m.",FC-FDJ-222 UAV Engine | drone accessories | UAV components | industrial UAV parts,FC-FDJ-222 UAV Engine,FC-FDJ-222 UAV Engine Technical Specifications | Get Expert Drone Defense Advice | Overview | Technical Specifications | Get Expert Drone Defense Advice,.next-five-pages-v2/server/app/en/accessories/fc-fdj-222.html
/en/accessories/fc-fdj-430,en,strong,100,FC-FDJ-430 UAV Engine,4,true,true,true,true,true,907,9,0.992,1,5,,FC-FDJ-430 UAV Engine | N-TET Drone Accessories,"FC-FDJ-430 UAV engine with displacement 430.8cc, power/performance 42HP at 6800 RPM, static thrust 110kg.",FC-FDJ-430 UAV Engine | drone accessories | UAV components | industrial UAV parts,FC-FDJ-430 UAV Engine,FC-FDJ-430 UAV Engine Technical Specifications | Get Expert Drone Defense Advice | Overview | Technical Specifications | Get Expert Drone Defense Advice,.next-five-pages-v2/server/app/en/accessories/fc-fdj-430.html
/en/accessories/fc-fdj-55,en,strong,100,FC-FDJ-55 UAV Engine,4,true,true,true,true,true,795,9,1.132,1,5,,FC-FDJ-55 UAV Engine | N-TET Drone Accessories,"FC-FDJ-55 UAV engine with displacement 55.6cm3, power/performance 5.5HP/8500rpm, static thrust 14.5kg/altitude 100m.",FC-FDJ-55 UAV Engine | drone accessories | UAV components | industrial UAV parts,FC-FDJ-55 UAV Engine,FC-FDJ-55 UAV Engine Technical Specifications | Get Expert Drone Defense Advice | Overview | Technical Specifications | Get Expert Drone Defense Advice,.next-five-pages-v2/server/app/en/accessories/fc-fdj-55.html
/en/accessories/fc-fdj-60,en,strong,100,FC-FDJ-60 UAV Engine,4,true,true,true,true,true,767,9,1.173,1,5,,FC-FDJ-60 UAV Engine | N-TET Drone Accessories,"FC-FDJ-60 UAV engine with displacement 61cm3, power/performance 7HP/8500rpm, static thrust 15.2kg/altitude 100m.",FC-FDJ-60 UAV Engine | drone accessories | UAV components | industrial UAV parts,FC-FDJ-60 UAV Engine,FC-FDJ-60 UAV Engine Technical Specifications | Get Expert Drone Defense Advice | Overview | Technical Specifications | Get Expert Drone Defense Advice,.next-five-pages-v2/server/app/en/accessories/fc-fdj-60.html
/en/accessories/fc-fdj-61,en,strong,100,FC-FDJ-61 UAV Engine,4,true,true,true,true,true,767,9,1.173,1,5,,FC-FDJ-61 UAV Engine | N-TET Drone Accessories,"FC-FDJ-61 UAV engine with displacement 60cm3, power/performance 6HP/7500rpm, static thrust 15kg/altitude 100m.",FC-FDJ-61 UAV Engine | drone accessories | UAV components | industrial UAV parts,FC-FDJ-61 UAV Engine,FC-FDJ-61 UAV Engine Technical Specifications | Get Expert Drone Defense Advice | Overview | Technical Specifications | Get Expert Drone Defense Advice,.next-five-pages-v2/server/app/en/accessories/fc-fdj-61.html
/en/accessories/fc-fdj-70hd,en,strong,100,FC-FDJ-70HD UAV Engine,4,true,true,true,true,true,735,9,1.224,1,5,,FC-FDJ-70HD UAV Engine | N-TET Drone Accessories,"FC-FDJ-70HD UAV engine with displacement 70cm3, power/performance 4.2KW(0altitude)/8300rpm.",FC-FDJ-70HD UAV Engine | drone accessories | UAV components | industrial UAV parts,FC-FDJ-70HD UAV Engine,FC-FDJ-70HD UAV Engine Technical Specifications | Get Expert Drone Defense Advice | Overview | Technical Specifications | Get Expert Drone Defense Advice,.next-five-pages-v2/server/app/en/accessories/fc-fdj-70hd.html
/en/accessories/fc-fdj-85,en,strong,100,FC-FDJ-85 UAV Engine,4,true,true,true,true,true,767,9,1.173,1,5,,FC-FDJ-85 UAV Engine | N-TET Drone Accessories,"FC-FDJ-85 UAV engine with displacement 85cm3, power/performance 8.5HP/9000rpm, static thrust 21kg/altitude 100m.",FC-FDJ-85 UAV Engine | drone accessories | UAV components | industrial UAV parts,FC-FDJ-85 UAV Engine,FC-FDJ-85 UAV Engine Technical Specifications | Get Expert Drone Defense Advice | Overview | Technical Specifications | Get Expert Drone Defense Advice,.next-five-pages-v2/server/app/en/accessories/fc-fdj-85.html
/en/accessories/fc-l10tr-three-light-gimbal,en,strong,100,FC-L10TR Electro-Optical Gimbal,4,true,true,true,true,true,1305,9,0.690,1,5,,FC-L10TR Electro-Optical Gimbal | N-TET Drone Accessories,"FC-L10TR electro-optical gimbal: 10x continuous optical zoom + thermal imaging + 905nm laser ranging; 5m-1500m laser ranging, weight <=800g.",FC-L10TR Electro-Optical Gimbal | drone accessories | UAV components | industrial UAV parts,FC-L10TR Electro-Optical Gimbal,FC-L10TR Electro-Optical Gimbal Technical Specifications | Get Expert Drone Defense Advice | Overview | Technical Specifications | Get Expert Drone Defense Advice,.next-five-pages-v2/server/app/en/accessories/fc-l10tr-three-light-gimbal.html
/en/accessories/fc-l40-smart-optical-pod,en,strong,100,FC-L40 Electro-Optical Gimbal,4,true,true,true,true,true,1125,9,0.800,1,5,,FC-L40 Electro-Optical Gimbal | N-TET Drone Accessories,"FC-L40 electro-optical gimbal: 40x visible-light optical zoom; Weight <=1kg, dimensions <=Phi115mm x 175mm.",FC-L40 Electro-Optical Gimbal | drone accessories | UAV components | industrial UAV parts,FC-L40 Electro-Optical Gimbal,FC-L40 Electro-Optical Gimbal Technical Specifications | Get Expert Drone Defense Advice | Overview | Technical Specifications | Get Expert Drone Defense Advice,.next-five-pages-v2/server/app/en/accessories/fc-l40-smart-optical-pod.html
/en/accessories/fc-l40t-dual-light-gimbal,en,strong,100,FC-L40T Electro-Optical Gimbal,4,true,true,true,true,true,1241,9,0.725,1,5,,FC-L40T Electro-Optical Gimbal | N-TET Drone Accessories,"FC-L40T electro-optical gimbal: Visible light 1920x1080, 40x zoom range 4.25-170mm; 640x512 thermal imaging, weight <=1.1kg.",FC-L40T Electro-Optical Gimbal | drone accessories | UAV components | industrial UAV parts,FC-L40T Electro-Optical Gimbal,FC-L40T Electro-Optical Gimbal Technical Specifications | Get Expert Drone Defense Advice | Overview | Technical Specifications | Get Expert Drone Defense Advice,.next-five-pages-v2/server/app/en/accessories/fc-l40t-dual-light-gimbal.html
/en/accessories/fc-l40tr-smart-optical-pod,en,strong,100,FC-L40TR Electro-Optical Gimbal,4,true,true,true,true,true,1289,9,0.698,1,5,,FC-L40TR Electro-Optical Gimbal | N-TET Drone Accessories,"FC-L40TR electro-optical gimbal: 40x visible light + 640x512 thermal imaging + 1535nm laser ranging; 20m-3000m laser ranging, weight <=1.3kg.",FC-L40TR Electro-Optical Gimbal | drone accessories | UAV components | industrial UAV parts,FC-L40TR Electro-Optical Gimbal,FC-L40TR Electro-Optical Gimbal Technical Specifications | Get Expert Drone Defense Advice | Overview | Technical Specifications | Get Expert Drone Defense Advice,.next-five-pages-v2/server/app/en/accessories/fc-l40tr-smart-optical-pod.html
/en/accessories/fc-l50-smart-optical-pod,en,strong,100,FC-L50 Electro-Optical Gimbal,4,true,true,true,true,true,1149,9,0.783,1,5,,FC-L50 Electro-Optical Gimbal | N-TET Drone Accessories,"FC-L50 electro-optical gimbal: 1280 x 1024 uncooled infrared imaging module; 50mm thermal focal length, weight <=1.5kg.",FC-L50 Electro-Optical Gimbal | drone accessories | UAV components | industrial UAV parts,FC-L50 Electro-Optical Gimbal,FC-L50 Electro-Optical Gimbal Technical Specifications | Get Expert Drone Defense Advice | Overview | Technical Specifications | Get Expert Drone Defense Advice,.next-five-pages-v2/server/app/en/accessories/fc-l50-smart-optical-pod.html
/en/accessories/fc-ln100-dual-light-gimbal,en,strong,100,FC-LN100 Electro-Optical Gimbal,4,true,true,true,true,true,1229,9,0.732,1,5,,FC-LN100 Electro-Optical Gimbal | N-TET Drone Accessories,"FC-LN100 electro-optical gimbal: 4K fixed-focus visible light + 640x512 thermal imaging; Weight <=260g, average power 10w.",FC-LN100 Electro-Optical Gimbal | drone accessories | UAV components | industrial UAV parts,FC-LN100 Electro-Optical Gimbal,FC-LN100 Electro-Optical Gimbal Technical Specifications | Get Expert Drone Defense Advice | Overview | Technical Specifications | Get Expert Drone Defense Advice,.next-five-pages-v2/server/app/en/accessories/fc-ln100-dual-light-gimbal.html
/en/accessories/fc-ln95-dual-light-gimbal,en,strong,100,FC-LN95 Electro-Optical Gimbal,4,true,true,true,true,true,1283,9,0.701,1,5,,FC-LN95 Electro-Optical Gimbal | N-TET Drone Accessories,"FC-LN95 electro-optical gimbal: Fixed-focus dual visible-light cameras, 3840x2160 resolution; Weight <=260g, dimensions <=Phi64mm x 90mm.",FC-LN95 Electro-Optical Gimbal | drone accessories | UAV components | industrial UAV parts,FC-LN95 Electro-Optical Gimbal,FC-LN95 Electro-Optical Gimbal Technical Specifications | Get Expert Drone Defense Advice | Overview | Technical Specifications | Get Expert Drone Defense Advice,.next-five-pages-v2/server/app/en/accessories/fc-ln95-dual-light-gimbal.html
/en/accessories/fc-max-5330,en,strong,100,FC-MAX 5330 UAV Motor,4,true,true,true,true,true,4166,9,0.216,1,5,,FC-MAX 5330 UAV Motor | N-TET Drone Accessories,FC-MAX 5330 UAV Motor core parameters: Max Thrust: 11 kg / 11.5 kg; Rated Operating Voltage: 12S; KV Value: 220 KV / 260 KV.,FC-MAX 5330 UAV Motor | drone accessories | UAV components | industrial UAV parts,FC-MAX 5330 UAV Motor,FC-MAX 5330 UAV Motor Technical Specifications | Get Expert Drone Defense Advice | Overview | Technical Specifications | Get Expert Drone Defense Advice,.next-five-pages-v2/server/app/en/accessories/fc-max-5330.html
/en/accessories/fc-mesh-100,en,strong,85,FC-Mesh-100 UAV Data Link,4,true,false,true,true,true,1224,7,0.572,1,5,description 未命中关键词,FC-Mesh-100 UAV Data Link | N-TET Drone Accessories,"FC-Mesh-100 is an airborne self-forming network radio for multi-node UAV communication, relay networking, and air-ground coordination.",FC-Mesh-100 UAV Data Link | drone accessories | UAV components | industrial UAV parts,FC-Mesh-100 UAV Data Link,FC-Mesh-100 UAV Data Link Technical Specifications | Get Expert Drone Defense Advice | Overview | Technical Specifications | Get Expert Drone Defense Advice,.next-five-pages-v2/server/app/en/accessories/fc-mesh-100.html
/en/accessories/fc-mini-l10tr-smart-optical-pod,en,strong,100,FC-MiniL10TR Electro-Optical Gimbal,4,true,true,true,true,true,1253,9,0.718,1,5,,FC-MiniL10TR Electro-Optical Gimbal | N-TET Drone Accessories,"FC-MiniL10TR electro-optical gimbal: 48MP 10x hybrid zoom visible light + infrared + laser ranging; Weight <=400g, dimensions <=95mm x 97mm x 147mm.",FC-MiniL10TR Electro-Optical Gimbal | drone accessories | UAV components | industrial UAV parts,FC-MiniL10TR Electro-Optical Gimbal,FC-MiniL10TR Electro-Optical Gimbal Technical Specifications | Get Expert Drone Defense Advice | Overview | Technical Specifications | Get Expert Drone Defense Advice,.next-five-pages-v2/server/app/en/accessories/fc-mini-l10tr-smart-optical-pod.html
/en/accessories/fc-pab-propeller,en,strong,85,FC-PAB UAV Propeller,4,true,false,true,true,true,997,7,0.702,1,5,description 未命中关键词,FC-PAB UAV Propeller | N-TET Drone Accessories,Dimension range: 15.2~36.2 in; maximum thrust: 26.41kgf (4817RPM); peak propeller efficiency: 17.52gf/W (1476RPM).,FC-PAB UAV Propeller | drone accessories | UAV components | industrial UAV parts,FC-PAB UAV Propeller,FC-PAB UAV Propeller Technical Specifications | Get Expert Drone Defense Advice | Overview | Technical Specifications | Get Expert Drone Defense Advice,.next-five-pages-v2/server/app/en/accessories/fc-pab-propeller.html
/en/accessories/fc-pad-propeller,en,strong,85,FC-PAD UAV Propeller,4,true,false,true,true,true,997,7,0.702,1,5,description 未命中关键词,FC-PAD UAV Propeller | N-TET Drone Accessories,Dimension range: 18.3~46.3 in; maximum thrust: 25.10kgf (4663RPM); peak propeller efficiency: 13.99gf/W (1825RPM).,FC-PAD UAV Propeller | drone accessories | UAV components | industrial UAV parts,FC-PAD UAV Propeller,FC-PAD UAV Propeller Technical Specifications | Get Expert Drone Defense Advice | Overview | Technical Specifications | Get Expert Drone Defense Advice,.next-five-pages-v2/server/app/en/accessories/fc-pad-propeller.html
/en/accessories/fc-pae-propeller,en,strong,85,FC-PAE UAV Propeller,4,true,false,true,true,true,1003,7,0.698,1,5,description 未命中关键词,FC-PAE UAV Propeller | N-TET Drone Accessories,Dimension range: 18.3~32.3 in; maximum thrust: 6.42kgf (6520RPM); peak propeller efficiency: 20.14gf/W (1820RPM).,FC-PAE UAV Propeller | drone accessories | UAV components | industrial UAV parts,FC-PAE UAV Propeller,FC-PAE UAV Propeller Technical Specifications | Get Expert Drone Defense Advice | Overview | Technical Specifications | Get Expert Drone Defense Advice,.next-five-pages-v2/server/app/en/accessories/fc-pae-propeller.html
/en/accessories/fc-pbf-propeller,en,strong,85,FC-PBF UAV Propeller,4,true,false,true,true,true,943,7,0.742,1,5,description 未命中关键词,FC-PBF UAV Propeller | N-TET Drone Accessories,Dimension range: 16.1~48.1 in; maximum thrust: 43.52kgf (3373RPM); peak propeller efficiency: 13.97gf/W (1385RPM).,FC-PBF UAV Propeller | drone accessories | UAV components | industrial UAV parts,FC-PBF UAV Propeller,FC-PBF UAV Propeller Technical Specifications | Get Expert Drone Defense Advice | Overview | Technical Specifications | Get Expert Drone Defense Advice,.next-five-pages-v2/server/app/en/accessories/fc-pbf-propeller.html
/en/accessories/fc-rm10x,en,strong,100,FC-RM10X UAV Motor,4,true,true,true,true,true,1537,9,0.586,1,5,,FC-RM10X UAV Motor | N-TET Drone Accessories,FC-RM10X UAV Motor core parameters: Max Thrust: 12081g/axis @48Vsea level; Recommended Takeoff Weight: 4500-6000g/axis @48Vsea level.,FC-RM10X UAV Motor | drone accessories | UAV components | industrial UAV parts,FC-RM10X UAV Motor,FC-RM10X UAV Motor Technical Specifications | Get Expert Drone Defense Advice | Overview | Technical Specifications | Get Expert Drone Defense Advice,.next-five-pages-v2/server/app/en/accessories/fc-rm10x.html
/en/accessories/fc-rm30,en,strong,100,FC-RM30 UAV Motor,4,true,true,true,true,true,4887,9,0.184,1,5,,FC-RM30 UAV Motor | N-TET Drone Accessories,FC-RM30 UAV Motor core parameters: Max Thrust: 74.7 kg / 69.6 kg; Rated Operating Voltage: 96S / 24S; KV Value: 10 KV / 43 KV.,FC-RM30 UAV Motor | drone accessories | UAV components | industrial UAV parts,FC-RM30 UAV Motor,FC-RM30 UAV Motor Technical Specifications | Get Expert Drone Defense Advice | Overview | Technical Specifications | Get Expert Drone Defense Advice,.next-five-pages-v2/server/app/en/accessories/fc-rm30.html
/en/accessories/fc-sjl-100,en,strong,85,FC-SJL-100 UAV Data Link,4,true,false,true,true,true,1076,7,0.651,1,5,description 未命中关键词,FC-SJL-100 UAV Data Link | N-TET Drone Accessories,FC-SJL-100 provides 100km+ air-to-ground video-and-data transmission with a rugged J30J interface layout for UAV and robotic platforms.,FC-SJL-100 UAV Data Link | drone accessories | UAV components | industrial UAV parts,FC-SJL-100 UAV Data Link,FC-SJL-100 UAV Data Link Technical Specifications | Get Expert Drone Defense Advice | Overview | Technical Specifications | Get Expert Drone Defense Advice,.next-five-pages-v2/server/app/en/accessories/fc-sjl-100.html
/en/accessories/fc-sjl-200,en,strong,85,FC-SJL-200 UAV Data Link,4,true,false,true,true,true,1080,7,0.648,1,5,description 未命中关键词,FC-SJL-200 UAV Data Link | N-TET Drone Accessories,"FC-SJL-200 is an ultra-long-range UAV video-and-data radio supporting 200km+ transmission for integrated video, telemetry, and control links.",FC-SJL-200 UAV Data Link | drone accessories | UAV components | industrial UAV parts,FC-SJL-200 UAV Data Link,FC-SJL-200 UAV Data Link Technical Specifications | Get Expert Drone Defense Advice | Overview | Technical Specifications | Get Expert Drone Defense Advice,.next-five-pages-v2/server/app/en/accessories/fc-sjl-200.html
/en/accessories/fc-sjl-30,en,strong,85,FC-SJL-30 UAV Data Link,4,true,false,true,true,true,1104,7,0.634,1,5,description 未命中关键词,FC-SJL-30 UAV Data Link | N-TET Drone Accessories,"FC-SJL-30 is a compact UAV video-and-data radio for 30km+ air-to-ground HD video, audio, telemetry, and remote-control data links.",FC-SJL-30 UAV Data Link | drone accessories | UAV components | industrial UAV parts,FC-SJL-30 UAV Data Link,FC-SJL-30 UAV Data Link Technical Specifications | Get Expert Drone Defense Advice | Overview | Technical Specifications | Get Expert Drone Defense Advice,.next-five-pages-v2/server/app/en/accessories/fc-sjl-30.html
/en/accessories/fc-sjl-380,en,strong,85,FC-SJL-380 UAV Data Link,4,true,false,true,true,true,1082,7,0.647,1,5,description 未命中关键词,FC-SJL-380 UAV Data Link | N-TET Drone Accessories,FC-SJL-380 supports 380km+ ultra-long-range UAV video-and-data transmission for distributed networking and air-to-ground control links.,FC-SJL-380 UAV Data Link | drone accessories | UAV components | industrial UAV parts,FC-SJL-380 UAV Data Link,FC-SJL-380 UAV Data Link Technical Specifications | Get Expert Drone Defense Advice | Overview | Technical Specifications | Get Expert Drone Defense Advice,.next-five-pages-v2/server/app/en/accessories/fc-sjl-380.html
/en/accessories/fc-sjl-50,en,strong,85,FC-SJL-50 UAV Data Link,4,true,false,true,true,true,1102,7,0.635,1,5,description 未命中关键词,FC-SJL-50 UAV Data Link | N-TET Drone Accessories,"FC-SJL-50 is a lightweight UAV video-and-data radio for 50km+ HD video, telemetry, and remote-control data links.",FC-SJL-50 UAV Data Link | drone accessories | UAV components | industrial UAV parts,FC-SJL-50 UAV Data Link,FC-SJL-50 UAV Data Link Technical Specifications | Get Expert Drone Defense Advice | Overview | Technical Specifications | Get Expert Drone Defense Advice,.next-five-pages-v2/server/app/en/accessories/fc-sjl-50.html
/en/accessories/fc-u10-pro,en,strong,85,FC-U10-PRO Flight Controller,4,true,false,true,true,true,827,7,0.846,1,5,description 未命中关键词,FC-U10-PRO Flight Controller | N-TET Drone Accessories,"The FC-U10-PRO integrates high-precision RTK, supports 16V-120V power input, up to 16-rotor UAV platforms, and UPS backup for heavy-lift flight-control applications.",FC-U10-PRO Flight Controller | drone accessories | UAV components | industrial UAV parts,FC-U10-PRO Flight Controller,FC-U10-PRO Flight Controller Technical Specifications | Get Expert Drone Defense Advice | Overview | Technical Specifications | Get Expert Drone Defense Advice,.next-five-pages-v2/server/app/en/accessories/fc-u10-pro.html
/en/accessories/fc-u110,en,strong,100,FC-U110 UAV Motor,4,true,true,true,true,true,4609,9,0.195,1,5,,FC-U110 UAV Motor | N-TET Drone Accessories,FC-U110 UAV Motor core parameters: Max Thrust: 45.5 kg; Rated Operating Voltage: 12-14S; KV Value: 140 KV.,FC-U110 UAV Motor | drone accessories | UAV components | industrial UAV parts,FC-U110 UAV Motor,FC-U110 UAV Motor Technical Specifications | Get Expert Drone Defense Advice | Overview | Technical Specifications | Get Expert Drone Defense Advice,.next-five-pages-v2/server/app/en/accessories/fc-u110.html
/en/accessories/fc-u12,en,strong,85,FC-U12 Flight Controller,4,true,false,true,true,true,811,7,0.863,1,5,description 未命中关键词,FC-U12 Flight Controller | N-TET Drone Accessories,"The FC-U12 is a compact and easy-to-use flight controller for small and mid-size tightly integrated UAV platforms, with expandable external control channels.",FC-U12 Flight Controller | drone accessories | UAV components | industrial UAV parts,FC-U12 Flight Controller,FC-U12 Flight Controller Technical Specifications | Get Expert Drone Defense Advice | Overview | Technical Specifications | Get Expert Drone Defense Advice,.next-five-pages-v2/server/app/en/accessories/fc-u12.html
/en/accessories/fc-u8013,en,strong,100,FC-U8013 UAV Motor,4,true,true,true,true,true,1205,9,0.747,1,5,,FC-U8013 UAV Motor | N-TET Drone Accessories,FC-U8013 UAV Motor core parameters: Max Thrust: 14.5 kg / 15 kg / 16.3 kg; Rated Operating Voltage: 12S; KV Value: 135KV / 150KV / 170KV.,FC-U8013 UAV Motor | drone accessories | UAV components | industrial UAV parts,FC-U8013 UAV Motor,FC-U8013 UAV Motor Technical Specifications | Get Expert Drone Defense Advice | Overview | Technical Specifications | Get Expert Drone Defense Advice,.next-five-pages-v2/server/app/en/accessories/fc-u8013.html
/en/accessories/fc-u9-ag,en,strong,85,FC-U9-AG Agricultural Flight Controller,4,true,false,true,true,true,862,7,0.812,1,5,description 未命中关键词,FC-U9-AG Agricultural Flight Controller | N-TET Drone Accessories,"The FC-U9-AG is a professional agricultural UAV flight-control system for spraying, spreading, cleaning, and lifting operations, with rich interfaces and simple app operation.",FC-U9-AG Agricultural Flight Controller | drone accessories | UAV components | industrial UAV parts,FC-U9-AG Agricultural Flight Controller,FC-U9-AG Agricultural Flight Controller Technical Specifications | Get Expert Drone Defense Advice | Overview | Technical Specifications | Get Expert Drone Defense Advice,.next-five-pages-v2/server/app/en/accessories/fc-u9-ag.html
/en/accessories/fc-w2u-propeller,en,strong,85,FC-W2U UAV Propeller,4,true,false,true,true,true,885,7,0.791,1,5,description 未命中关键词,FC-W2U UAV Propeller | N-TET Drone Accessories,Dimension range: 24~40 in; maximum thrust: 68.92kgf (5353RPM); peak propeller efficiency: 7.11gf/W (2354RPM).,FC-W2U UAV Propeller | drone accessories | UAV components | industrial UAV parts,FC-W2U UAV Propeller,FC-W2U UAV Propeller Technical Specifications | Get Expert Drone Defense Advice | Overview | Technical Specifications | Get Expert Drone Defense Advice,.next-five-pages-v2/server/app/en/accessories/fc-w2u-propeller.html
/en/accessories/fc-x8030,en,strong,100,FC-X8030 UAV Motor,4,true,true,true,true,true,3759,9,0.239,1,5,,FC-X8030 UAV Motor | N-TET Drone Accessories,FC-X8030 UAV Motor core parameters: Max Thrust: 22.7 kg / 21.5 kg; Rated Operating Voltage: 12S; KV Value: 160 KV / 190 KV.,FC-X8030 UAV Motor | drone accessories | UAV components | industrial UAV parts,FC-X8030 UAV Motor,FC-X8030 UAV Motor Technical Specifications | Get Expert Drone Defense Advice | Overview | Technical Specifications | Get Expert Drone Defense Advice,.next-five-pages-v2/server/app/en/accessories/fc-x8030.html
/en/accessories/fc-xh14,en,strong,100,FC-XH14 UAV Motor,4,true,true,true,true,true,1925,9,0.468,1,5,,FC-XH14 UAV Motor | N-TET Drone Accessories,FC-XH14 UAV Motor core parameters: Max Thrust: 110 kg/axis（92V/108，sea level）; Recommended Battery: 24-28S （Lipo）.,FC-XH14 UAV Motor | drone accessories | UAV components | industrial UAV parts,FC-XH14 UAV Motor,FC-XH14 UAV Motor Technical Specifications | Get Expert Drone Defense Advice | Overview | Technical Specifications | Get Expert Drone Defense Advice,.next-five-pages-v2/server/app/en/accessories/fc-xh14.html
/en/accessories/fc-yk15-remote-controller,en,strong,100,FC-YK15 UAV Remote Controller,4,true,true,true,true,true,1070,9,0.841,1,5,,FC-YK15 UAV Remote Controller | N-TET Drone Accessories,"The FC-YK15 UAV Remote Controller is a compact handheld ground station with low-latency three-in-one HD video transmission, Android integration, and dual 1080P video links for UAVs, unmanned vehicles, unmanned boats, and robotic platforms.",FC-YK15 UAV Remote Controller | drone accessories | UAV components | industrial UAV parts,FC-YK15 UAV Remote Controller,FC-YK15 UAV Remote Controller Technical Specifications | Get Expert Drone Defense Advice | Overview | Technical Specifications | Get Expert Drone Defense Advice,.next-five-pages-v2/server/app/en/accessories/fc-yk15-remote-controller.html
/en/accessories/fc-yk24-remote-controller,en,strong,85,FC-YK24 UAV Remote Controller,4,true,false,true,true,true,1244,7,0.563,1,5,description 未命中关键词,FC-YK24 UAV Remote Controller | N-TET Drone Accessories,"The FC-YK24 is a 16-channel model-aircraft remote controller with 15km beyond-visual-range stable control, wireless binding, wireless receiver configuration, OTA wireless upgrade, multi-aircraft control, relay control, and wireless trainer",FC-YK24 UAV Remote Controller | drone accessories | UAV components | industrial UAV parts,FC-YK24 UAV Remote Controller,FC-YK24 UAV Remote Controller Technical Specifications | Get Expert Drone Defense Advice | Overview | Technical Specifications | Get Expert Drone Defense Advice,.next-five-pages-v2/server/app/en/accessories/fc-yk24-remote-controller.html
/en/accessories/fc-yk32-remote-controller,en,strong,85,FC-YK32 UAV Remote Controller,4,true,false,true,true,true,1098,7,0.638,1,5,description 未命中关键词,FC-YK32 UAV Remote Controller | N-TET Drone Accessories,"The FC-YK32 is an industrial handheld ground station combining remote control, data transmission, and wireless HD video transmission, with 15KM video/data link range, dual-operator control, relay control, and OSD telemetry display.",FC-YK32 UAV Remote Controller | drone accessories | UAV components | industrial UAV parts,FC-YK32 UAV Remote Controller,FC-YK32 UAV Remote Controller Technical Specifications | Get Expert Drone Defense Advice | Overview | Technical Specifications | Get Expert Drone Defense Advice,.next-five-pages-v2/server/app/en/accessories/fc-yk32-remote-controller.html
/en/accessories/fc-ykrc7-remote-controller,en,strong,85,FC-YKRC7 UAV Remote Controller,4,true,false,true,true,true,1516,7,0.462,1,5,description 未命中关键词,FC-YKRC7 UAV Remote Controller | N-TET Drone Accessories,"The FC-YKRC7 is a high-performance handheld ground station with 40KM long-range video transmission, 2.4G/5G intelligent dual-band links, and a 7-inch high-brightness HD display for diversified industrial mobile-equipment control.",FC-YKRC7 UAV Remote Controller | drone accessories | UAV components | industrial UAV parts,FC-YKRC7 UAV Remote Controller,FC-YKRC7 UAV Remote Controller Technical Specifications | Get Expert Drone Defense Advice | Overview | Technical Specifications | Get Expert Drone Defense Advice,.next-five-pages-v2/server/app/en/accessories/fc-ykrc7-remote-controller.html
/en/cases,en,weak,50,C-UAS deployment cases,7,false,true,false,false,true,687,3,0.437,1,3,title 未命中关键词; H1 未命中关键词; H2 未命中关键词,C-UAS Deployment References | N-TET,"Browse C-UAS deployment cases for airports, power facilities, refineries, industrial sites, major events, and water-conservancy infrastructure. References focus on early warning, identification, positioning, tracking, alert review, and site coordination.",C-UAS deployment cases | C-UAS deployment case | anti drone case | airport C-UAS | critical infrastructure C-UAS | event security C-UAS | low altitude monitoring case,C-UAS Deployment References,C-UAS Deployment and Low-Altitude Monitoring Cases | Get Expert Drone Defense Advice | Get Expert Drone Defense Advice,.next-five-pages-v2/server/app/en/cases.html
/en/cases/airport-security-application,en,strong,100,Airport C-UAS Application,2,true,true,true,true,true,689,7,1.016,1,7,,Airport C-UAS Application | N-TET,"Airport C-UAS Application This airport project used RF identification, low-altitude radar, EO tracking, alert review, positioning records, and event records to improve awareness around airport surroundings, approach routes, boundary zones,",Airport C-UAS Application | N-TET,Airport C-UAS Application,Airport C-UAS Application Project Overview | Related Equipment | Get Expert Drone Defense Advice | Overview | Related Equipment | Get Expert Drone Defense Advice | Related public pages,.next-five-pages-v2/server/app/en/cases/airport-security-application.html
/en/cases/anhui-flood-season-uav-patrol,en,strong,100,Anhui Flood-Season Emergency UAV Patrol,2,true,true,true,true,true,769,7,0.910,1,7,,Anhui Flood-Season Emergency UAV Patrol | N-TET,"Anhui Flood-Season Emergency UAV Patrol To meet power-line safety requirements during the summer flood season, State Grid used our VTOL fixed-wing UAVs to conduct special flood-control emergency patrols across the Chizhou Jiuhua dense power",Anhui Flood-Season Emergency UAV Patrol | N-TET,Anhui Flood-Season Emergency UAV Patrol,Anhui Flood-Season Emergency UAV Patrol Project Overview | Related Equipment | Get Expert Drone Defense Advice | Overview | Related Equipment | Get Expert Drone Defense Advice | Related public pages,.next-five-pages-v2/server/app/en/cases/anhui-flood-season-uav-patrol.html
/en/cases/asian-games-security,en,strong,100,Asian Games Low-Altitude C-UAS Application,2,true,true,true,true,true,671,9,1.341,1,7,,Asian Games Low-Altitude C-UAS Application | N-TET,"Asian Games Low-Altitude C-UAS Application During the 2023 Hangzhou Asian Games, N-TET supported event-site awareness with RF detection, low-altitude radar, EO verification, portable monitoring equipment, and a unified command platform. The",Asian Games Low-Altitude C-UAS Application | N-TET,Asian Games Low-Altitude C-UAS Application,Asian Games Low-Altitude C-UAS Application Project Overview | Related Equipment | Get Expert Drone Defense Advice | Overview | Related Equipment | Get Expert Drone Defense Advice | Related public pages,.next-five-pages-v2/server/app/en/cases/asian-games-security.html
/en/cases/brazil-refinery-low-altitude-monitoring,en,strong,100,C-UAS Case of a Refinery in Brazil,2,true,true,true,true,true,799,7,0.876,1,7,,C-UAS Case of a Refinery in Brazil | N-TET,"2025 C-UAS Case of a Refinery in Brazil Equipment Used: Stationary Spectrum Identification Equipment Airspace Awareness Platform Command and Control Platform Software Project Introduction: In 2025, this refinery project deployed a C-UAS ear",C-UAS Case of a Refinery in Brazil | N-TET,C-UAS Case of a Refinery in Brazil,C-UAS Case of a Refinery in Brazil Project Overview | Related Equipment | Get Expert Drone Defense Advice | Overview | Related Equipment | Get Expert Drone Defense Advice | Related public pages,.next-five-pages-v2/server/app/en/cases/brazil-refinery-low-altitude-monitoring.html
/en/cases/ice-snow-emergency-uav-inspection,en,strong,100,Ice and Snow Disaster Emergency UAV Inspection,2,true,true,true,true,true,905,7,0.773,1,7,,Ice and Snow Disaster Emergency UAV Inspection | N-TET,"Ice and Snow Disaster Emergency UAV Inspection In a -15 C severe-cold environment, State Grid used our VTOL fixed-wing UAVs carrying LiDAR to inspect 400 km of 500 kV transmission corridors, including the Yanping Line and Pingji Lines I and",Ice and Snow Disaster Emergency UAV Inspection | N-TET,Ice and Snow Disaster Emergency UAV Inspection,Ice and Snow Disaster Emergency UAV Inspection Project Overview | Related Equipment | Get Expert Drone Defense Advice | Overview | Related Equipment | Get Expert Drone Defense Advice | Related public pages,.next-five-pages-v2/server/app/en/cases/ice-snow-emergency-uav-inspection.html
/en/cases/lidar-tree-obstruction-uav-inspection,en,strong,100,LiDAR Tree-Obstruction UAV Inspection,2,true,true,true,true,true,744,7,0.941,1,7,,LiDAR Tree-Obstruction UAV Inspection | N-TET,"LiDAR Tree-Obstruction UAV Inspection In winter 2024, a Southern Grid company used VTOL fixed-wing UAVs integrated with a LiDAR system for aerial scanning during a special tree-obstruction risk inspection task. The mission acquired high-pre",LiDAR Tree-Obstruction UAV Inspection | N-TET,LiDAR Tree-Obstruction UAV Inspection,LiDAR Tree-Obstruction UAV Inspection Project Overview | Related Equipment | Get Expert Drone Defense Advice | Overview | Related Equipment | Get Expert Drone Defense Advice | Related public pages,.next-five-pages-v2/server/app/en/cases/lidar-tree-obstruction-uav-inspection.html
/en/cases/nigeria-factory-low-altitude-monitoring,en,strong,100,C-UAS Case of a Group Factory in Nigeria,2,true,true,true,true,true,748,7,0.936,1,7,,C-UAS Case of a Group Factory in Nigeria | N-TET,"2025 C-UAS Case of a Group Factory in Nigeria Equipment Used: Mobile Spectrum Detection Equipment Signal Verification Equipment Command and Control Platform Project Introduction: In 2025, this industrial-park project deployed a mobile low-a",C-UAS Case of a Group Factory in Nigeria | N-TET,C-UAS Case of a Group Factory in Nigeria,C-UAS Case of a Group Factory in Nigeria Project Overview | Related Equipment | Get Expert Drone Defense Advice | Overview | Related Equipment | Get Expert Drone Defense Advice | Related public pages,.next-five-pages-v2/server/app/en/cases/nigeria-factory-low-altitude-monitoring.html
/en/cases/pakistan-power-plant-low-altitude-monitoring,en,strong,100,C-UAS Case of a Power Plant in Pakistan,2,true,true,true,true,true,796,7,0.879,1,7,,C-UAS Case of a Power Plant in Pakistan | N-TET,"2024 C-UAS Case of a Power Plant in Pakistan Equipment Used: Stationary Spectrum Identification Equipment Signal Verification Equipment Command and Control Platform Software Project Introduction: In 2024, this power-plant project delivered",C-UAS Case of a Power Plant in Pakistan | N-TET,C-UAS Case of a Power Plant in Pakistan,C-UAS Case of a Power Plant in Pakistan Project Overview | Related Equipment | Get Expert Drone Defense Advice | Overview | Related Equipment | Get Expert Drone Defense Advice | Related public pages,.next-five-pages-v2/server/app/en/cases/pakistan-power-plant-low-altitude-monitoring.html
/en/cases/southern-grid-wildfire-uav-inspection,en,strong,100,Southern Grid Wildfire Prevention UAV Inspection,2,true,true,true,true,true,830,7,0.843,1,7,,Southern Grid Wildfire Prevention UAV Inspection | N-TET,"Southern Grid Wildfire Prevention UAV Inspection During the high-risk spring wildfire season, wildfires pose a serious threat to stable grid operation and normal power supply. To strengthen the safety line for transmission corridors, Southe",Southern Grid Wildfire Prevention UAV Inspection | N-TET,Southern Grid Wildfire Prevention UAV Inspection,Southern Grid Wildfire Prevention UAV Inspection Project Overview | Related Equipment | Get Expert Drone Defense Advice | Overview | Related Equipment | Get Expert Drone Defense Advice | Related public pages,.next-five-pages-v2/server/app/en/cases/southern-grid-wildfire-uav-inspection.html
/en/cases/water-conservancy-security,en,strong,100,Water Conservancy Facility Low-Altitude C-UAS,2,true,true,true,true,true,659,7,1.062,1,7,,Water Conservancy Facility Low-Altitude C-UAS | N-TET,"Water Conservancy Facility Low-Altitude C-UAS For reservoirs, hydropower stations, powerhouses, spillways, and water-conservancy facilities, this project supported low-altitude C-UAS, airspace situational display, event records, and coordin",Water Conservancy Facility Low-Altitude C-UAS | N-TET,Water Conservancy Facility Low-Altitude C-UAS,Water Conservancy Facility Low-Altitude C-UAS Project Overview | Related Equipment | Get Expert Drone Defense Advice | Overview | Related Equipment | Get Expert Drone Defense Advice | Related public pages,.next-five-pages-v2/server/app/en/cases/water-conservancy-security.html
/en/cases/wildfire-emergency-transmission-line-uav-patrol,en,strong,100,Wildfire Emergency Transmission-Line UAV Patrol,2,true,true,true,true,true,901,7,0.777,1,7,,Wildfire Emergency Transmission-Line UAV Patrol | N-TET,"Wildfire Emergency Transmission-Line UAV Patrol In 2025, our VTOL fixed-wing UAV power-business team successfully undertook a State Grid inspection task covering transmission corridors in 13 regions, including Hunan, Shandong, Shanxi, Hebei",Wildfire Emergency Transmission-Line UAV Patrol | N-TET,Wildfire Emergency Transmission-Line UAV Patrol,Wildfire Emergency Transmission-Line UAV Patrol Project Overview | Related Equipment | Get Expert Drone Defense Advice | Overview | Related Equipment | Get Expert Drone Defense Advice | Related public pages,.next-five-pages-v2/server/app/en/cases/wildfire-emergency-transmission-line-uav-patrol.html
/en/cases/zhaoqing-long-distance-power-line-uav-inspection,en,strong,100,Zhaoqing Long-Distance Power-Line UAV Inspection,2,true,true,true,true,true,879,7,0.796,1,7,,Zhaoqing Long-Distance Power-Line UAV Inspection | N-TET,"Zhaoqing Long-Distance Power-Line UAV Inspection During an inspection of a 110 kV power line in Zhaoqing, our product demonstrated its high-efficiency and convenient-operation advantages. The line measured 37.9 km in total length, with an a",Zhaoqing Long-Distance Power-Line UAV Inspection | N-TET,Zhaoqing Long-Distance Power-Line UAV Inspection,Zhaoqing Long-Distance Power-Line UAV Inspection Project Overview | Related Equipment | Get Expert Drone Defense Advice | Overview | Related Equipment | Get Expert Drone Defense Advice | Related public pages,.next-five-pages-v2/server/app/en/cases/zhaoqing-long-distance-power-line-uav-inspection.html
/en/contact,en,weak,50,C-UAS equipment pricing and system proposal,6,false,false,false,true,true,594,1,0.168,1,3,title 未命中关键词; description 未命中关键词; H1 未命中关键词,Request C-UAS Equipment Pricing & System Proposal | N-TET,"Request C-UAS equipment pricing, product documents or a system configuration review for portable, fixed-site and vehicle-mounted projects.",C-UAS equipment pricing and system proposal | C-UAS equipment quotation | counter drone system supplier | portable C-UAS pricing | fixed-site C-UAS proposal | C-UAS project consultation,Request C-UAS Equipment Pricing & System Proposal,C-UAS Equipment Pricing and System Proposal | Get Expert Drone Defense Advice | Get Expert Drone Defense Advice,.next-five-pages-v2/server/app/en/contact.html
/en/media,en,weak,30,C-UAS engineering notes,7,false,true,false,false,false,1007,0,0.000,1,3,title 未命中关键词; H1 未命中关键词; H2 未命中关键词; 正文未命中精确关键词短语,Inside N-TET: C-UAS Engineering & Industry Notes,"C-UAS engineering notes is the primary search theme for this page, with related coverage for C-UAS buyer guide, C-UAS industry analysis, drone detection technology.",C-UAS engineering notes | C-UAS buyer guide | C-UAS industry analysis | drone detection technology | C-UAS system integration | EO IR verification | low altitude monitoring,Inside N-TET: C-UAS Engineering & Industry Notes,Latest | Get Expert Drone Defense Advice | Get Expert Drone Defense Advice,.next-five-pages-v2/server/app/en/media.html
/en/media/border-surveillance-uav-network-2026,en,partial,70,UAV and EO/IR Networks Improve Remote Patrol Visibility,2,true,false,true,false,true,1181,6,0.508,1,2,description 未命中关键词; H2 未命中关键词,UAV and EO/IR Networks Improve Remote Patrol Visibility | N-TET,"Remote patrol corridors are difficult to supervise with fixed cameras alone. Terrain, weather, temporary structures, and long response distances create visibility gaps that can slow decision-making. Small unmanned aircraft and EO/IR sensor",UAV and EO/IR Networks Improve Remote Patrol Visibility | N-TET,UAV and EO/IR Networks Improve Remote Patrol Visibility,Get Expert Drone Defense Advice | Get Expert Drone Defense Advice,.next-five-pages-v2/server/app/en/media/border-surveillance-uav-network-2026.html
/en/media/critical-infrastructure-monitoring-record-chain-2026,en,strong,85,Critical Infrastructure Airspace Monitoring: Detection,4,true,true,true,false,true,1073,20,1.864,1,8,H2 未命中关键词,"Critical Infrastructure Airspace Monitoring: Detection, Confirmation, and Response Records | N-TET","Critical infrastructure airspace monitoring works best when the record chain is separated into three stages: detection, confirmation, and response. Confusing these stages can create noisy alerts, slow decisions, and reports that are hard to",Critical Infrastructure Airspace Monitoring: Detection | Confirmation | and Response Records | N-TET,"Critical Infrastructure Airspace Monitoring: Detection, Confirmation, and Response Records",Detection is not the final answer | Response needs approval and traceability | A stronger audit trail | Get Expert Drone Defense Advice | Detection is not the final answer | Response needs approval and traceability | A stronger audit trail | Get Expert Drone Defense Advice,.next-five-pages-v2/server/app/en/media/critical-infrastructure-monitoring-record-chain-2026.html
/en/media/cuas-alert-quality-operator-context-2024,en,partial,70,Why C-UAS Alert Quality Depends on Operator Context,2,true,false,true,false,true,1265,8,0.632,1,12,description 未命中关键词; H2 未命中关键词,Why C-UAS Alert Quality Depends on Operator Context | N-TET,"A C-UAS alert is useful only when an operator can understand what triggered it, what evidence supports it, what remains unknown, and what review is expected. Sensor sensitivity alone does not create alert quality. A normal site may include",Why C-UAS Alert Quality Depends on Operator Context | N-TET,Why C-UAS Alert Quality Depends on Operator Context,What creates nuisance alerts? | Which context should the platform show? | How should event labels be designed? | How does workload affect quality? | What improves alert quality over time? | Get Expert Drone Defense Advice | What creates nuisance alerts? | Which context should the platform show? | How should event labels be designed? | How does workload affect quality? | What improves alert quality over time? | Get Expert Drone Defense Advice,.next-five-pages-v2/server/app/en/media/cuas-alert-quality-operator-context-2024.html
/en/media/cuas-concept-of-operations-before-procurement-2024,en,partial,70,What a C-UAS Concept of Operations Should Define Before Procurement,2,true,false,true,false,true,1283,8,0.624,1,12,description 未命中关键词; H2 未命中关键词,What a C-UAS Concept of Operations Should Define Before Procurement | N-TET,"A C-UAS concept of operations explains how people, sensors, software, existing systems, and approved procedures work together during normal monitoring and when an alert needs review. It should be written before procurement choices become di",What a C-UAS Concept of Operations Should Define Before Procurement | N-TET,What a C-UAS Concept of Operations Should Define Before Procurement,Who are the users? | What creates and confirms an alert? | How is permitted activity handled? | What records and reviews are required? | How should the concept be validated? | Get Expert Drone Defense Advice | Who are the users? | What creates and confirms an alert? | How is permitted activity handled? | What records and reviews are required? | How should the concept be validated? | Get Expert Drone Defense Advice,.next-five-pages-v2/server/app/en/media/cuas-concept-of-operations-before-procurement-2024.html
/en/media/cuas-detection-technology-comparison-2024,en,partial,70,How to Compare C-UAS Detection Technologies Without a Single-Range Shortcut,2,true,false,true,false,true,1279,8,0.625,1,10,description 未命中关键词; H2 未命中关键词,How to Compare C-UAS Detection Technologies Without a Single-Range Shortcut | N-TET,"Comparing C-UAS detection technologies by a single range figure hides the questions that determine whether a monitoring system will be useful. Remote ID, RF sensing, radar, and EO/IR do not observe the same thing. Each source depends on dif",How to Compare C-UAS Detection Technologies Without a Single-Range Shortcut | N-TET,How to Compare C-UAS Detection Technologies Without a Single-Range Shortcut,What evidence does each technology provide? | Which assumptions belong beside a range figure? | How should buyers compare proposals? | What should a useful comparison deliver? | Get Expert Drone Defense Advice | What evidence does each technology provide? | Which assumptions belong beside a range figure? | How should buyers compare proposals? | What should a useful comparison deliver? | Get Expert Drone Defense Advice,.next-five-pages-v2/server/app/en/media/cuas-detection-technology-comparison-2024.html
/en/media/cuas-event-logging-data-retention-2026,en,partial,70,C-UAS Event Logging and Data Retention: What Operators Should Define,2,true,false,true,false,true,1633,8,0.490,1,14,description 未命中关键词; H2 未命中关键词,C-UAS Event Logging and Data Retention: What Operators Should Define | N-TET,"C-UAS event logging should preserve enough context for an operator, supervisor, engineer, or authorized reviewer to understand what happened after the live alert has disappeared. The record should connect time, sensor source, track or ident",C-UAS Event Logging and Data Retention: What Operators Should Define | N-TET,C-UAS Event Logging and Data Retention: What Operators Should Define,What belongs in an event record? | Why preserve the original evidence? | How long should records be kept? | Who should have access? | Use records to improve the system | Retention-policy checklist | Get Expert Drone Defense Advice | What belongs in an event record? | Why preserve the original evidence? | How long should records be kept? | Who should have access? | Use records to improve the system | Retention-policy checklist | Get Expert Drone Defense Advice,.next-five-pages-v2/server/app/en/media/cuas-event-logging-data-retention-2026.html
/en/media/cuas-site-survey-critical-infrastructure-2025,en,partial,70,C-UAS Site Survey Checklist for Critical Infrastructure,2,true,false,true,false,true,1591,8,0.503,1,12,description 未命中关键词; H2 未命中关键词,C-UAS Site Survey Checklist for Critical Infrastructure | N-TET,"A C-UAS site survey converts a general request for drone awareness into a set of testable design assumptions. For critical infrastructure, the survey should identify the assets that matter, the airspace and ground areas that can be observed",C-UAS Site Survey Checklist for Critical Infrastructure | N-TET,C-UAS Site Survey Checklist for Critical Infrastructure,1. Define the protected problem | 2. Record sensor horizons and blind zones | 3. Check installation and integration conditions | 4. Document the operating workflow | What should the survey deliver? | Get Expert Drone Defense Advice | 1. Define the protected problem | 2. Record sensor horizons and blind zones | 3. Check installation and integration conditions | 4. Document the operating workflow | What should the survey deliver? | Get Expert Drone Defense Advice,.next-five-pages-v2/server/app/en/media/cuas-site-survey-critical-infrastructure-2025.html
/en/media/dock-based-substation-uav-trial-checks-2026,en,partial,70,Dock-Based Substation Patrol: What to Confirm Before an Autonomous UAV Trial,2,true,false,true,false,true,931,8,0.859,1,6,description 未命中关键词; H2 未命中关键词,Dock-Based Substation Patrol: What to Confirm Before an Autonomous UAV Trial | N-TET,"A dock-based UAV can make substation patrol more repeatable, but the first trial should be treated as an operating test rather than a product show. The goal is to prove that the aircraft, dock, payload, route, data link, and review process",Dock-Based Substation Patrol: What to Confirm Before an Autonomous UAV Trial | N-TET,Dock-Based Substation Patrol: What to Confirm Before an Autonomous UAV Trial,Dock location comes first | Trial records should be measurable | Get Expert Drone Defense Advice | Dock location comes first | Trial records should be measurable | Get Expert Drone Defense Advice,.next-five-pages-v2/server/app/en/media/dock-based-substation-uav-trial-checks-2026.html
/en/media/drone-detection-range-site-coverage-2025,en,partial,70,Drone Detection Range Is Not Site Coverage: A Buyer's Guide,2,true,false,true,false,true,1585,8,0.505,1,12,description 未命中关键词; H2 未命中关键词,Drone Detection Range Is Not Site Coverage: A Buyer's Guide | N-TET,Drone detection range and site coverage are different measurements. A range figure usually describes a product test against a stated or implied target under particular conditions. Site coverage asks whether the complete operating area can b,Drone Detection Range Is Not Site Coverage: A Buyer's Guide | N-TET,Drone Detection Range Is Not Site Coverage: A Buyer's Guide,What is behind a published range? | Why does a coverage circle mislead? | Use three coverage layers | What should a buyer request? | What is a responsible coverage statement? | Get Expert Drone Defense Advice | What is behind a published range? | Why does a coverage circle mislead? | Use three coverage layers | What should a buyer request? | What is a responsible coverage statement? | Get Expert Drone Defense Advice,.next-five-pages-v2/server/app/en/media/drone-detection-range-site-coverage-2025.html
/en/media/eo-ir-payload-selection-field-note-2026,en,partial,70,Selecting EO/IR Payloads for C-UAS Visual Confirmation,2,true,false,true,false,true,1153,8,0.694,1,8,description 未命中关键词; H2 未命中关键词,Selecting EO/IR Payloads for C-UAS Visual Confirmation | N-TET,"EO/IR payload selection is often reduced to camera resolution or zoom multiple. For C-UAS projects, that is too narrow. The payload must support visual confirmation: helping an operator decide whether an alert is a drone, a permitted flight",Selecting EO/IR Payloads for C-UAS Visual Confirmation | N-TET,Selecting EO/IR Payloads for C-UAS Visual Confirmation,Visible-light and thermal roles are different | Field conditions shape the payload choice | Procurement questions to ask | Get Expert Drone Defense Advice | Visible-light and thermal roles are different | Field conditions shape the payload choice | Procurement questions to ask | Get Expert Drone Defense Advice,.next-five-pages-v2/server/app/en/media/eo-ir-payload-selection-field-note-2026.html
/en/media/industrial-uav-redundancy-2026,en,partial,70,Dual-Redundant Flight Control: How Industrial UAVs Achieve Mission-Grade Reliability,2,true,false,true,false,true,1831,6,0.328,1,2,description 未命中关键词; H2 未命中关键词,Dual-Redundant Flight Control: How Industrial UAVs Achieve Mission-Grade Reliability | N-TET,"Utility-scale unmanned aircraft are no longer a novelty for marketing brochures. They are part of standard operating procedures for power-grid inspection, oil and gas right-of-way monitoring, water-resource surveys, and emergency communicat",Dual-Redundant Flight Control: How Industrial UAVs Achieve Mission-Grade Reliability | N-TET,Dual-Redundant Flight Control: How Industrial UAVs Achieve Mission-Grade Reliability,Get Expert Drone Defense Advice | Get Expert Drone Defense Advice,.next-five-pages-v2/server/app/en/media/industrial-uav-redundancy-2026.html
/en/media/low-altitude-economy-2026-outlook,en,partial,70,Low-Altitude Airspace Monitoring Needs a Security Operating Loop,2,true,false,true,false,true,1175,10,0.851,1,8,description 未命中关键词; H2 未命中关键词,Low-Altitude Airspace Monitoring Needs a Security Operating Loop | N-TET,"Low-altitude economy planning is often discussed through aircraft, routes, vertiports, and policy targets. For site operators, the immediate security question is more practical: can the team see low-altitude activity, identify what it is, a",Low-Altitude Airspace Monitoring Needs a Security Operating Loop | N-TET,Low-Altitude Airspace Monitoring Needs a Security Operating Loop,Growth creates visibility pressure | The operating loop matters | What buyers should check | Get Expert Drone Defense Advice | Growth creates visibility pressure | The operating loop matters | What buyers should check | Get Expert Drone Defense Advice,.next-five-pages-v2/server/app/en/media/low-altitude-economy-2026-outlook.html
/en/media/low-altitude-economy-operations-owner-2026,en,partial,70,Airspace Monitoring Project Planning: Assigning an Owner for Alerts and Records,2,true,false,true,false,true,1143,8,0.700,1,8,description 未命中关键词; H2 未命中关键词,Airspace Monitoring Project Planning: Assigning an Owner for Alerts and Records | N-TET,"Low-altitude airspace projects are often described through sensors, platforms, maps, and policy language. For site operators, the decisive question is simpler: who owns the event after an alert is created? Without an operations owner, RF al",Airspace Monitoring Project Planning: Assigning an Owner for Alerts and Records | N-TET,Airspace Monitoring Project Planning: Assigning an Owner for Alerts and Records,Data needs a route to action | The owner does not need to be a single person | Planning questions | Get Expert Drone Defense Advice | Data needs a route to action | The owner does not need to be a single person | Planning questions | Get Expert Drone Defense Advice,.next-five-pages-v2/server/app/en/media/low-altitude-economy-operations-owner-2026.html
/en/media/ntet-cuas-assumptions-open-questions-2024,en,strong,85,Inside N-TET: Keeping Assumptions and Open Questions Visible,2,true,true,true,false,true,1291,16,1.239,1,12,H2 未命中关键词,Inside N-TET: Keeping Assumptions and Open Questions Visible,"C-UAS reviews often begin before every site, interface, target, staffing, and data-policy question has an answer. N-TET keeps those gaps visible instead of turning them into implied facts. The review separates confirmed buyer requirements,",Inside N-TET: Keeping Assumptions and Open Questions Visible | N-TET,Inside N-TET: Keeping Assumptions and Open Questions Visible,Which information categories should stay separate? | What belongs in an open-question register? | How are revisions controlled? | Why does this help buyers? | What does this method not claim? | Get Expert Drone Defense Advice | Which information categories should stay separate? | What belongs in an open-question register? | How are revisions controlled? | Why does this help buyers? | What does this method not claim? | Get Expert Drone Defense Advice,.next-five-pages-v2/server/app/en/media/ntet-cuas-assumptions-open-questions-2024.html
/en/media/ntet-cuas-interface-review-2024,en,strong,100,Inside N-TET: Reviewing Power,4,true,true,true,true,true,1259,36,2.859,1,12,,"Inside N-TET: Reviewing Power, Network, and Mounting Interfaces","Power, network, and mounting interfaces determine whether a C-UAS configuration can operate as described. N-TET reviews these interfaces alongside sensor roles because a technically suitable detector can still be difficult to install, maint",Inside N-TET: Reviewing Power | Network | and Mounting Interfaces | N-TET,"Inside N-TET: Reviewing Power, Network, and Mounting Interfaces",What should the power review cover? | Which network details matter? | Why is mounting more than height? | How does N-TET keep interfaces reviewable? | What remains site-specific? | Get Expert Drone Defense Advice | What should the power review cover? | Which network details matter? | Why is mounting more than height? | How does N-TET keep interfaces reviewable? | What remains site-specific? | Get Expert Drone Defense Advice,.next-five-pages-v2/server/app/en/media/ntet-cuas-interface-review-2024.html
/en/media/ntet-cuas-technical-documentation-2025,en,strong,100,Inside N-TET: Technical Documentation Buyers Can Actually Review,2,true,true,true,true,true,1511,18,1.191,1,14,,Inside N-TET: Technical Documentation Buyers Can Actually Review,"C-UAS technical documentation is useful when a buyer can trace each proposed item back to an operating requirement, an interface, and a stated assumption. A long brochure is not the same as a reviewable system document. N-TET organizes an e",Inside N-TET: Technical Documentation Buyers Can Actually Review | N-TET,Inside N-TET: Technical Documentation Buyers Can Actually Review,What belongs in the scope summary? | Separate product specifications from site assumptions | Show what each sensor contributes | Make interfaces reviewable | Include an open-question register | N-TET's document hierarchy | Get Expert Drone Defense Advice | What belongs in the scope summary? | Separate product specifications from site assumptions | Show what each sensor contributes | Make interfaces reviewable | Include an open-question register | N-TET's document hierarchy | Get Expert Drone Defense Advice,.next-five-pages-v2/server/app/en/media/ntet-cuas-technical-documentation-2025.html
/en/media/ntet-equipment-bench-checks-2025,en,strong,85,Inside N-TET: What Equipment Bench Checks Should Confirm,2,true,false,true,true,true,1529,16,1.046,1,12,description 未命中关键词,Inside N-TET: What Equipment Bench Checks Should Confirm,"An equipment bench check should confirm that the actual unit, accessories, interfaces, software state, and documentation agree with the configuration under review. It is not a substitute for field commissioning and it does not prove site co",Inside N-TET: What Equipment Bench Checks Should Confirm | N-TET,Inside N-TET: What Equipment Bench Checks Should Confirm,Start with equipment identity | What should be checked before startup? | What should be observed after startup? | Keep site-dependent items separate | N-TET's minimum check record | Get Expert Drone Defense Advice | Start with equipment identity | What should be checked before startup? | What should be observed after startup? | Keep site-dependent items separate | N-TET's minimum check record | Get Expert Drone Defense Advice,.next-five-pages-v2/server/app/en/media/ntet-equipment-bench-checks-2025.html
/en/media/ntet-multi-sensor-configuration-method-2025,en,strong,100,Inside N-TET: How We Assign Roles in a Multi-Sensor C-UAS Configuration,2,true,true,true,true,true,1563,18,1.152,1,14,,Inside N-TET: How We Assign Roles in a Multi-Sensor C-UAS Configuration,"A multi-sensor C-UAS configuration works when each sensor has a defined evidence role. Adding RF sensing, radar, Remote ID, and EO/IR to the same diagram does not guarantee that the operator receives one understandable event. N-TET begins b",Inside N-TET: How We Assign Roles in a Multi-Sensor C-UAS Configuration | N-TET,Inside N-TET: How We Assign Roles in a Multi-Sensor C-UAS Configuration,"Assign the first-alert role | Assign enrichment and confirmation roles | Define correlation before integration | Design for the operator, not the diagram | Plan commissioning and tuning | N-TET's configuration output | Get Expert Drone Defense Advice | Assign the first-alert role | Assign enrichment and confirmation roles | Define correlation before integration | Design for the operator, not the diagram | Plan commissioning and tuning | N-TET's configuration output | Get Expert Drone Defense Advice",.next-five-pages-v2/server/app/en/media/ntet-multi-sensor-configuration-method-2025.html
/en/media/ntet-portable-fixed-vehicle-cuas-review-2025,en,strong,100,Inside N-TET: Comparing Portable,4,true,true,true,true,true,1617,39,2.412,1,10,,"Inside N-TET: Comparing Portable, Fixed-Site, and Vehicle-Mounted C-UAS","Portable, fixed-site, and vehicle-mounted C-UAS configurations solve different operating problems. N-TET does not treat them as three sizes of the same system. A portable configuration is useful when equipment must be moved, stored, or brou",Inside N-TET: Comparing Portable | Fixed-Site | and Vehicle-Mounted C-UAS | N-TET,"Inside N-TET: Comparing Portable, Fixed-Site, and Vehicle-Mounted C-UAS",When does a portable configuration make sense? | What changes in a fixed-site design? | What is different about a vehicle-mounted configuration? | N-TET's comparison checklist | Get Expert Drone Defense Advice | When does a portable configuration make sense? | What changes in a fixed-site design? | What is different about a vehicle-mounted configuration? | N-TET's comparison checklist | Get Expert Drone Defense Advice,.next-five-pages-v2/server/app/en/media/ntet-portable-fixed-vehicle-cuas-review-2025.html
/en/media/ntet-requirements-to-cuas-configuration-2024,en,strong,100,Inside N-TET: Turning C-UAS Requirements into a Reviewable Configuration,2,true,true,true,true,true,1201,18,1.499,1,10,,Inside N-TET: Turning C-UAS Requirements into a Reviewable Configuration,"A reviewable C-UAS configuration begins with operating requirements, not a list of devices. N-TET first separates the protected area from the area that can realistically be observed, then asks who will use the system, which evidence they ne",Inside N-TET: Turning C-UAS Requirements into a Reviewable Configuration | N-TET,Inside N-TET: Turning C-UAS Requirements into a Reviewable Configuration,What does N-TET ask first? | How are sensor roles assigned? | Why keep options separate from the core scope? | What belongs in the output? | Get Expert Drone Defense Advice | What does N-TET ask first? | How are sensor roles assigned? | Why keep options separate from the core scope? | What belongs in the output? | Get Expert Drone Defense Advice,.next-five-pages-v2/server/app/en/media/ntet-requirements-to-cuas-configuration-2024.html
/en/media/ntet-uav-engineering-cuas-perspective-2026,en,strong,85,Inside N-TET: How UAV Engineering Informs C-UAS System Reviews,2,true,false,true,true,true,1597,16,1.002,1,12,description 未命中关键词,Inside N-TET: How UAV Engineering Informs C-UAS System Reviews,"UAV engineering knowledge improves a C-UAS review because the monitored object is not an abstract dot. It is an aircraft with an airframe, propulsion system, power limit, payload, data link, navigation source, flight-control behavior, missi",Inside N-TET: How UAV Engineering Informs C-UAS System Reviews | N-TET,Inside N-TET: How UAV Engineering Informs C-UAS System Reviews,Airframes and mission profiles change the observation | Data links are not all the same | Navigation and identity need context | Payload and environment affect confirmation | What N-TET reviews | Get Expert Drone Defense Advice | Airframes and mission profiles change the observation | Data links are not all the same | Navigation and identity need context | Payload and environment affect confirmation | What N-TET reviews | Get Expert Drone Defense Advice,.next-five-pages-v2/server/app/en/media/ntet-uav-engineering-cuas-perspective-2026.html
/en/media/overseas-uav-project-handover-checklist-2026,en,strong,85,Overseas UAV Project Handover: A Buyer's Checklist for Spares,4,true,true,true,false,true,983,20,2.035,1,6,H2 未命中关键词,"Overseas UAV Project Handover: A Buyer's Checklist for Spares, Payloads, and Training Documents | N-TET","An overseas UAV handover should be planned before dispatch. The practical question is whether the operator will receive the aircraft, payloads, spares, records, and training documents needed to prepare an acceptance flight and maintain the",Overseas UAV Project Handover: A Buyer's Checklist for Spares | Payloads | and Training Documents | N-TET,"Overseas UAV Project Handover: A Buyer's Checklist for Spares, Payloads, and Training Documents",What should be checked before dispatch? | How buyers can reduce delays | Get Expert Drone Defense Advice | What should be checked before dispatch? | How buyers can reduce delays | Get Expert Drone Defense Advice,.next-five-pages-v2/server/app/en/media/overseas-uav-project-handover-checklist-2026.html
/en/media/power-line-inspection-drone-guide-2026,en,strong,85,Power Line Inspection Drone: UAV Operations for Utility Corridors and Transmission Towers,2,true,false,true,true,true,3591,18,0.501,1,20,description 未命中关键词,Power Line Inspection Drone: UAV Operations for Utility Corridors and Transmission Towers | N-TET,"Power line inspection drones are becoming practical tools for utilities that need repeatable evidence from long transmission corridors, towers, conductors, insulators, fittings, and substation equipment. A drone does not replace engineering",Power Line Inspection Drone: UAV Operations for Utility Corridors and Transmission Towers | N-TET,Power Line Inspection Drone: UAV Operations for Utility Corridors and Transmission Towers,"What is a power line inspection drone? | Why utilities use drones for power line inspection | Power line drone inspection process | Which UAV platform fits each inspection task? | Payload selection: visible-light, thermal infrared, and LiDAR | What should a utility inspection report include? | N-TET system fit: corridor, tower, and substation inspection | Deployment checklist before procurement | FAQ | Get Expert Drone Defense Advice | What is a power line inspection drone? | Why utilities use drones for power line inspection | Power line drone inspection process | Which UAV platform fits each inspection task? | Payload selection: visible-light, thermal infrared, and LiDAR | What should a utility inspection report include? | N-TET system fit: corridor, tower, and substation inspection | Deployment checklist before procurement | FAQ | Get Expert Drone Defense Advice",.next-five-pages-v2/server/app/en/media/power-line-inspection-drone-guide-2026.html
/en/media/project-inquiry-review-low-altitude-monitoring-2026,en,strong,85,Inside N-TET: What We Check Before a Low-Altitude C-UAS Proposal,2,true,false,true,true,true,1213,16,1.319,1,8,description 未命中关键词,Inside N-TET: What We Check Before a Low-Altitude C-UAS Proposal,"A low-altitude C-UAS proposal should not start with a product list. It should start with the operating problem: what the site cannot see, what the team cannot identify quickly, and which handling steps must be reviewed, approved, and record",Inside N-TET: What We Check Before a Low-Altitude C-UAS Proposal | N-TET,Inside N-TET: What We Check Before a Low-Altitude C-UAS Proposal,"Site context comes before equipment selection | We separate detection, confirmation, and response | What N-TET asks for during early review | Get Expert Drone Defense Advice | Site context comes before equipment selection | We separate detection, confirmation, and response | What N-TET asks for during early review | Get Expert Drone Defense Advice",.next-five-pages-v2/server/app/en/media/project-inquiry-review-low-altitude-monitoring-2026.html
/en/media/radar-rf-optical-nuisance-alert-reduction-2026,en,strong,80,Radar,4,true,true,true,false,true,1223,37,3.025,1,8,H2 未命中关键词; 关键词密度偏高，需要检查堆砌风险,"Radar, RF, and EO/IR: Practical Notes for Reducing False Alerts | N-TET","False alerts are one of the fastest ways to weaken trust in a low-altitude monitoring system. Radar, RF sensing, EO/IR confirmation, and Remote ID review each add useful evidence, but none of them removes the need for site-specific tuning a",Radar | RF | and EO/IR: Practical Notes for Reducing False Alerts | N-TET,"Radar, RF, and EO/IR: Practical Notes for Reducing False Alerts",One sensor rarely tells the full story | False-alert reduction is an operating discipline | Questions to ask during tuning | Get Expert Drone Defense Advice | One sensor rarely tells the full story | False-alert reduction is an operating discipline | Questions to ask during tuning | Get Expert Drone Defense Advice,.next-five-pages-v2/server/app/en/media/radar-rf-optical-nuisance-alert-reduction-2026.html
/en/media/remote-id-rf-detection-complementary-2025,en,partial,70,Remote ID and RF Detection: Why Low-Altitude Monitoring Needs Both,2,true,false,true,false,true,1569,8,0.510,1,8,description 未命中关键词; H2 未命中关键词,Remote ID and RF Detection: Why Low-Altitude Monitoring Needs Both | N-TET,"Remote ID and RF detection are complementary monitoring layers, not interchangeable product labels. Remote ID can provide identity and flight information when a compatible aircraft is broadcasting it and the receiver is within usable range.",Remote ID and RF Detection: Why Low-Altitude Monitoring Needs Both | N-TET,Remote ID and RF Detection: Why Low-Altitude Monitoring Needs Both,What can Remote ID contribute? | What can RF detection contribute? | How should the two data sources work together? | Get Expert Drone Defense Advice | What can Remote ID contribute? | What can RF detection contribute? | How should the two data sources work together? | Get Expert Drone Defense Advice,.next-five-pages-v2/server/app/en/media/remote-id-rf-detection-complementary-2025.html
/en/media/site-photo-review-before-system-layout-2026,en,partial,70,Inside N-TET: How We Review Site Photos Before a C-UAS Layout,2,true,false,true,false,true,1213,14,1.154,1,8,description 未命中关键词; H2 未命中关键词,Inside N-TET: How We Review Site Photos Before a C-UAS Layout,"For infrastructure, airport, energy, port, and public-event projects, the first useful engineering material is often not a specification sheet. It is a set of ordinary site photos: rooflines, entrances, fence sections, open areas, control r",Inside N-TET: How We Review Site Photos Before a C-UAS Layout | N-TET,Inside N-TET: How We Review Site Photos Before a C-UAS Layout,Photos reveal what maps can miss | How photos support C-UAS layout decisions | Useful photos to prepare | Get Expert Drone Defense Advice | Photos reveal what maps can miss | How photos support C-UAS layout decisions | Useful photos to prepare | Get Expert Drone Defense Advice,.next-five-pages-v2/server/app/en/media/site-photo-review-before-system-layout-2026.html
/en/media/tethered-uav-persistent-surveillance-2026,en,partial,70,Tethered UAVs: Continuous Aerial Monitoring for Events and Remote Sites,2,true,false,true,false,true,1365,6,0.440,1,2,description 未命中关键词; H2 未命中关键词,Tethered UAVs: Continuous Aerial Monitoring for Events and Remote Sites | N-TET,"Battery-electric multirotors improved field visibility, but chemistry still limits continuous work. For sporting finals, large public gatherings, utility work zones, and emergency command posts, operators often need a stable aerial perspect",Tethered UAVs: Continuous Aerial Monitoring for Events and Remote Sites | N-TET,Tethered UAVs: Continuous Aerial Monitoring for Events and Remote Sites,Get Expert Drone Defense Advice | Get Expert Drone Defense Advice,.next-five-pages-v2/server/app/en/media/tethered-uav-persistent-surveillance-2026.html
/en/media/weather-terrain-urban-clutter-drone-detection-2025,en,strong,100,How Weather,4,true,true,true,true,true,1539,24,1.559,1,10,,"How Weather, Terrain, and Urban Clutter Affect Drone Detection | N-TET","Weather, terrain, and urban clutter affect drone detection because every sensor depends on energy reaching the target or receiver through a real environment. RF sensing depends on available radio activity and local signal conditions. Radar",How Weather | Terrain | and Urban Clutter Affect Drone Detection | N-TET,"How Weather, Terrain, and Urban Clutter Affect Drone Detection",How does weather change the picture? | What does terrain hide? | Why is an urban or industrial site difficult? | What should buyers ask for? | Get Expert Drone Defense Advice | How does weather change the picture? | What does terrain hide? | Why is an urban or industrial site difficult? | What should buyers ask for? | Get Expert Drone Defense Advice,.next-five-pages-v2/server/app/en/media/weather-terrain-urban-clutter-drone-detection-2025.html
/en/privacy-policy,en,partial,65,Privacy Policy | N-TET,2,true,true,false,false,true,1438,10,0.695,2,20,H1 未命中关键词; H2 未命中关键词,Privacy Policy | N-TET,"This policy explains how N-TET collects, uses, stores, and shares personal information when you visit n-tet.com or contact our team.",Privacy Policy | N-TET | N-TET,Privacy Policy | Privacy Policy,"1. Scope and who we are | 2. Information we collect | 3. How we use information | 4. Cookies, analytics, and third-party services | 5. Sharing and international transfers | 6. Retention and security | 7. Your choices and requests | 8. Children | 9. Changes to this policy | 10. Contact us | 1. Scope and who we are | 2. Information we collect | 3. How we use information | 4. Cookies, analytics, and third-party services | 5. Sharing and international transfers | 6. Retention and security | 7. Your choices and requests | 8. Children | 9. Changes to this policy | 10. Contact us",.next-five-pages-v2/server/app/en/privacy-policy.html
/en/products,en,strong,100,professional C-UAS equipment,6,true,true,true,true,true,644,17,2.640,1,6,,Professional C-UAS Equipment | N-TET,"professional C-UAS equipment is the primary search theme for this page, with related coverage for portable C-UAS equipment, fixed-site C-UAS system, vehicle-mounted C-UAS.",professional C-UAS equipment | portable C-UAS equipment | fixed-site C-UAS system | vehicle-mounted C-UAS | C-UAS control platform | EO IR tracking,Professional C-UAS Equipment,Portable C-UAS Devices | Fixed-Site C-UAS Systems | Vehicle-Mounted C-UAS | C-UAS Control Platform | EO/IR Tracking & Verification | Get Expert Drone Defense Advice,.next-five-pages-v2/server/app/en/products.html
/en/products/composite-electro-optical-tracking-system,en,strong,100,Electro-Optical EO Tracking System,5,true,true,true,true,true,1028,5,0.486,1,5,,Electro-Optical (EO) Tracking System | N-TET,"N-TET Electro-Optical (EO) Tracking System for industrial operators, combining Electro-Optical EO Tracking System, C-UAS equipment, early warning equipment with field-ready deployment and support.",Electro-Optical EO Tracking System | C-UAS equipment | early warning equipment | target identification and tracking system | N-TET,Electro-Optical EO Tracking System,Electro-Optical EO Tracking System Technical Specifications | Get Expert Drone Defense Advice | Overview | Technical Specifications | Get Expert Drone Defense Advice,.next-five-pages-v2/server/app/en/products/composite-electro-optical-tracking-system.html
/en/products/directional-rf-event-logging,en,strong,100,Directional RF C-UAS Site Unit,5,true,true,true,true,true,979,7,0.715,1,5,,Directional RF C-UAS Site Unit | N-TET,"N-TET Directional RF C-UAS Site Unit for industrial operators, combining Directional RF C-UAS Site Unit, C-UAS equipment, early warning equipment with field-ready deployment and support.",Directional RF C-UAS Site Unit | C-UAS equipment | early warning equipment | target identification and tracking system | N-TET,Directional RF C-UAS Site Unit,Directional RF C-UAS Site Unit Technical Specifications | Get Expert Drone Defense Advice | Overview | Technical Specifications | Get Expert Drone Defense Advice,.next-five-pages-v2/server/app/en/products/directional-rf-event-logging.html
/en/products/directional-rf-interference-device,en,strong,100,Directional RF Jammer,5,true,true,true,true,true,1003,11,1.097,1,5,,Directional RF Jammer | N-TET,"N-TET Directional RF Jammer for industrial operators, combining Directional RF Jammer, C-UAS equipment, early warning equipment with field-ready deployment and support.",Directional RF Jammer | C-UAS equipment | early warning equipment | target identification and tracking system | N-TET,Directional RF Jammer,Directional RF Jammer Technical Specifications | Get Expert Drone Defense Advice | Overview | Technical Specifications | Get Expert Drone Defense Advice,.next-five-pages-v2/server/app/en/products/directional-rf-interference-device.html
/en/products/emergency-search-rescue-drone,en,strong,100,thermal drones for search and rescue,8,true,true,true,true,true,1312,7,0.534,1,5,,Emergency Search & Rescue Drone | N-TET,"N-TET Emergency Search & Rescue Drone for industrial operators, combining thermal drones for search and rescue, search and rescue drone, search and rescue UAV with field-ready deployment and support.",thermal drones for search and rescue | search and rescue drone | search and rescue UAV | drone rescue | Emergency Search & Rescue Drone | industrial UAV systems | UAV inspection drone | emergency response UAV,Emergency Search & Rescue Drone,Emergency Search & Rescue Drone Technical Specifications | Get Expert Drone Defense Advice | Overview | Technical Specifications | Get Expert Drone Defense Advice,.next-five-pages-v2/server/app/en/products/emergency-search-rescue-drone.html
/en/products/fbg-g15-fc06-explosion-containment-vessel,en,strong,100,Explosion Containment Vessel FBG-G1.5-FC06,5,true,true,true,true,true,1087,5,0.460,1,5,,Explosion Containment Vessel FBG-G1.5-FC06 | N-TET,"N-TET Explosion Containment Vessel FBG-G1.5-FC06 for industrial operators, combining Explosion Containment Vessel FBG-G1.5-FC06, security screening equipment, X-ray baggage scanner with field-ready deployment and support.",Explosion Containment Vessel FBG-G1.5-FC06 | security screening equipment | X-ray baggage scanner | walk-through metal detector | N-TET,Explosion Containment Vessel FBG-G1.5-FC06,Explosion Containment Vessel FBG-G1.5-FC06 Technical Specifications | Get Expert Drone Defense Advice | Overview | Technical Specifications | Get Expert Drone Defense Advice,.next-five-pages-v2/server/app/en/products/fbg-g15-fc06-explosion-containment-vessel.html
/en/products/fbt-fc09-explosion-protection-blanket,en,strong,100,Explosion Protection Blanket FBT-FC09,5,true,true,true,true,true,1030,5,0.485,1,5,,Explosion Protection Blanket FBT-FC09 | N-TET,"N-TET Explosion Protection Blanket FBT-FC09 for industrial operators, combining Explosion Protection Blanket FBT-FC09, security screening equipment, X-ray baggage scanner with field-ready deployment and support.",Explosion Protection Blanket FBT-FC09 | security screening equipment | X-ray baggage scanner | walk-through metal detector | N-TET,Explosion Protection Blanket FBT-FC09,Explosion Protection Blanket FBT-FC09 Technical Specifications | Get Expert Drone Defense Advice | Overview | Technical Specifications | Get Expert Drone Defense Advice,.next-five-pages-v2/server/app/en/products/fbt-fc09-explosion-protection-blanket.html
/en/products/fc-3000-ferromagnetic-detection-column,en,strong,100,Intelligent Ferromagnetic Detection System FC-3000,5,true,true,true,true,true,1087,5,0.460,1,5,,Intelligent Ferromagnetic Detection System FC-3000 | N-TET,"N-TET Intelligent Ferromagnetic Detection System FC-3000 for industrial operators, combining Intelligent Ferromagnetic Detection System FC-3000, security screening equipment, X-ray baggage scanner with field-ready deployment and support.",Intelligent Ferromagnetic Detection System FC-3000 | security screening equipment | X-ray baggage scanner | walk-through metal detector | N-TET,Intelligent Ferromagnetic Detection System FC-3000,Intelligent Ferromagnetic Detection System FC-3000 Technical Specifications | Get Expert Drone Defense Advice | Overview | Technical Specifications | Get Expert Drone Defense Advice,.next-five-pages-v2/server/app/en/products/fc-3000-ferromagnetic-detection-column.html
/en/products/fc-c-deluxe-walk-through-metal-detector,en,strong,100,Walk-Through Metal Detector FC-C Deluxe,5,true,true,true,true,true,1171,8,0.683,1,5,,Walk-Through Metal Detector FC-C (Deluxe) | N-TET,"N-TET Walk-Through Metal Detector FC-C (Deluxe) for industrial operators, combining Walk-Through Metal Detector FC-C Deluxe, security screening equipment, X-ray baggage scanner with field-ready deployment and support.",Walk-Through Metal Detector FC-C Deluxe | security screening equipment | X-ray baggage scanner | walk-through metal detector | N-TET,Walk-Through Metal Detector FC-C Deluxe,Walk-Through Metal Detector FC-C Deluxe Technical Specifications | Get Expert Drone Defense Advice | Overview | Technical Specifications | Get Expert Drone Defense Advice,.next-five-pages-v2/server/app/en/products/fc-c-deluxe-walk-through-metal-detector.html
/en/products/fc-c-lcd-walk-through-metal-detector,en,strong,100,Walk-Through Metal Detector FC-C LCD,6,true,true,true,true,true,1154,13,1.127,1,5,,"Walk-Through Metal Detector FC-C (LCD, 12-Zone) | N-TET","N-TET Walk-Through Metal Detector FC-C (LCD, 12-Zone) for industrial operators, combining Walk-Through Metal Detector FC-C LCD, 12-Zone, security screening equipment, X-ray baggage scanner with field-ready deployment and support.",Walk-Through Metal Detector FC-C LCD | 12-Zone | security screening equipment | X-ray baggage scanner | walk-through metal detector | N-TET,"Walk-Through Metal Detector FC-C LCD, 12-Zone","Walk-Through Metal Detector FC-C LCD, 12-Zone Technical Specifications | Get Expert Drone Defense Advice | Overview | Technical Specifications | Get Expert Drone Defense Advice",.next-five-pages-v2/server/app/en/products/fc-c-lcd-walk-through-metal-detector.html
/en/products/fc-dlxj-01-power-grid-inspection-drone,en,strong,100,drone power line inspection,8,true,true,true,true,true,934,7,0.749,1,5,,Power Grid Inspection Drone | N-TET,"N-TET Power Grid Inspection Drone for industrial operators, combining drone power line inspection, power line inspection drone, UAV power line inspection with field-ready deployment and support.",drone power line inspection | power line inspection drone | UAV power line inspection | utility inspection drone | Power Grid Inspection Drone | industrial UAV systems | UAV inspection drone | emergency response UAV,Power Grid Inspection Drone,Power Grid Inspection Drone Technical Specifications | Get Expert Drone Defense Advice | Overview | Technical Specifications | Get Expert Drone Defense Advice,.next-five-pages-v2/server/app/en/products/fc-dlxj-01-power-grid-inspection-drone.html
/en/products/fc-dma-long-range-optical-turntable,en,strong,100,FC-DMA Multi-Spectral EO/IR PTZ Turret,5,true,true,true,true,true,1786,5,0.280,1,5,,FC-DMA Multi-Spectral EO/IR PTZ Turret | N-TET,"N-TET FC-DMA Multi-Spectral EO/IR PTZ Turret for industrial operators, combining FC-DMA Multi-Spectral EO/IR PTZ Turret, perimeter intelligence, electro optical surveillance with field-ready deployment and support.",FC-DMA Multi-Spectral EO/IR PTZ Turret | perimeter intelligence | electro optical surveillance | radar vision fusion system | N-TET,FC-DMA Multi-Spectral EO/IR PTZ Turret,FC-DMA Multi-Spectral EO/IR PTZ Turret Technical Specifications | Get Expert Drone Defense Advice | Overview | Technical Specifications | Get Expert Drone Defense Advice,.next-five-pages-v2/server/app/en/products/fc-dma-long-range-optical-turntable.html
/en/products/fc-dms10-smart-electronic-sentinel,en,strong,100,FC-DMS10 Series Smart Electronic Sentinel,5,true,true,true,true,true,1287,5,0.389,1,5,,FC-DMS10 Series Smart Electronic Sentinel | N-TET,"N-TET FC-DMS10 Series Smart Electronic Sentinel for industrial operators, combining FC-DMS10 Series Smart Electronic Sentinel, perimeter intelligence, electro optical surveillance with field-ready deployment and support.",FC-DMS10 Series Smart Electronic Sentinel | perimeter intelligence | electro optical surveillance | radar vision fusion system | N-TET,FC-DMS10 Series Smart Electronic Sentinel,FC-DMS10 Series Smart Electronic Sentinel Technical Specifications | Get Expert Drone Defense Advice | Overview | Technical Specifications | Get Expert Drone Defense Advice,.next-five-pages-v2/server/app/en/products/fc-dms10-smart-electronic-sentinel.html
/en/products/fc-dtvc-dual-band-thermal-ptz,en,strong,100,FC-DTVC Series Dual-Band Thermal High-Speed Dome,5,true,true,true,true,true,1584,5,0.316,1,5,,FC-DTVC Series Dual-Band Thermal High-Speed Dome | N-TET,"N-TET FC-DTVC Series Dual-Band Thermal High-Speed Dome for industrial operators, combining FC-DTVC Series Dual-Band Thermal High-Speed Dome, perimeter intelligence, electro optical surveillance with field-ready deployment and support.",FC-DTVC Series Dual-Band Thermal High-Speed Dome | perimeter intelligence | electro optical surveillance | radar vision fusion system | N-TET,FC-DTVC Series Dual-Band Thermal High-Speed Dome,FC-DTVC Series Dual-Band Thermal High-Speed Dome Technical Specifications | Get Expert Drone Defense Advice | Overview | Technical Specifications | Get Expert Drone Defense Advice,.next-five-pages-v2/server/app/en/products/fc-dtvc-dual-band-thermal-ptz.html
/en/products/fc-h-smart-phone-detection-gate,en,strong,100,Smart Phone Detection Gate FC-H,5,true,true,true,true,true,1609,5,0.311,1,5,,Smart Phone Detection Gate FC-H | N-TET,"N-TET Smart Phone Detection Gate FC-H for industrial operators, combining Smart Phone Detection Gate FC-H, security screening equipment, X-ray baggage scanner with field-ready deployment and support.",Smart Phone Detection Gate FC-H | security screening equipment | X-ray baggage scanner | walk-through metal detector | N-TET,Smart Phone Detection Gate FC-H,Smart Phone Detection Gate FC-H Technical Specifications | Get Expert Drone Defense Advice | Overview | Technical Specifications | Get Expert Drone Defense Advice,.next-five-pages-v2/server/app/en/products/fc-h-smart-phone-detection-gate.html
/en/products/fc-h-smart-phone-detection-gate-29in,en,strong,100,Smart Phone Detection Gate FC-H 29-inch Display,5,true,true,true,true,true,1263,3,0.238,1,5,,Smart Phone Detection Gate FC-H (29-inch Display) | N-TET,"N-TET Smart Phone Detection Gate FC-H (29-inch Display) for industrial operators, combining Smart Phone Detection Gate FC-H 29-inch Display, security screening equipment, X-ray baggage scanner with field-ready deployment and support.",Smart Phone Detection Gate FC-H 29-inch Display | security screening equipment | X-ray baggage scanner | walk-through metal detector | N-TET,Smart Phone Detection Gate FC-H 29-inch Display,Smart Phone Detection Gate FC-H 29-inch Display Technical Specifications | Get Expert Drone Defense Advice | Overview | Technical Specifications | Get Expert Drone Defense Advice,.next-five-pages-v2/server/app/en/products/fc-h-smart-phone-detection-gate-29in.html
/en/products/fc-pd500-personal-radiation-dose-alarm,en,strong,100,FC-PD500 X-γ Personal Radiation Dose Alarm,5,true,true,true,true,true,1338,7,0.523,1,5,,FC-PD500 X-γ Personal Radiation Dose Alarm | N-TET,"N-TET FC-PD500 X-γ Personal Radiation Dose Alarm for industrial operators, combining FC-PD500 X-γ Personal Radiation Dose Alarm, security screening equipment, X-ray baggage scanner with field-ready deployment and support.",FC-PD500 X-γ Personal Radiation Dose Alarm | security screening equipment | X-ray baggage scanner | walk-through metal detector | N-TET,FC-PD500 X-γ Personal Radiation Dose Alarm,FC-PD500 X-γ Personal Radiation Dose Alarm Technical Specifications | Get Expert Drone Defense Advice | Overview | Technical Specifications | Get Expert Drone Defense Advice,.next-five-pages-v2/server/app/en/products/fc-pd500-personal-radiation-dose-alarm.html
/en/products/fc-rc-series-hd-laser-camera,en,strong,100,FC-RC Series HD Long-Range Laser Camera,5,true,true,true,true,true,1426,5,0.351,1,5,,FC-RC Series HD Long-Range Laser Camera | N-TET,"N-TET FC-RC Series HD Long-Range Laser Camera for industrial operators, combining FC-RC Series HD Long-Range Laser Camera, perimeter intelligence, electro optical surveillance with field-ready deployment and support.",FC-RC Series HD Long-Range Laser Camera | perimeter intelligence | electro optical surveillance | radar vision fusion system | N-TET,FC-RC Series HD Long-Range Laser Camera,FC-RC Series HD Long-Range Laser Camera Technical Specifications | Get Expert Drone Defense Advice | Overview | Technical Specifications | Get Expert Drone Defense Advice,.next-five-pages-v2/server/app/en/products/fc-rc-series-hd-laser-camera.html
/en/products/fc-rds500-4r-radar-vision-sentinel,en,strong,100,FC-RDS500-4R Radar-Vision Fusion System,5,true,true,true,true,true,1608,5,0.311,1,5,,FC-RDS500-4R Radar-Vision Fusion System | N-TET,"N-TET FC-RDS500-4R Radar-Vision Fusion System for industrial operators, combining FC-RDS500-4R Radar-Vision Fusion System, perimeter intelligence, electro optical surveillance with field-ready deployment and support.",FC-RDS500-4R Radar-Vision Fusion System | perimeter intelligence | electro optical surveillance | radar vision fusion system | N-TET,FC-RDS500-4R Radar-Vision Fusion System,FC-RDS500-4R Radar-Vision Fusion System Technical Specifications | Get Expert Drone Defense Advice | Overview | Technical Specifications | Get Expert Drone Defense Advice,.next-five-pages-v2/server/app/en/products/fc-rds500-4r-radar-vision-sentinel.html
/en/products/fc-sljc-01-water-conservancy-monitoring-drone,en,strong,100,water conservancy monitoring UAV,8,true,true,true,true,true,1394,22,1.578,1,5,,Water Conservancy Monitoring UAV | N-TET,"N-TET Water Conservancy Monitoring UAV for industrial operators, combining water conservancy monitoring UAV, dam inspection UAV, river lake UAV monitoring with field-ready deployment and support.",water conservancy monitoring UAV | dam inspection UAV | river lake UAV monitoring | flood monitoring drone | Water Conservancy Monitoring UAV | industrial UAV systems | UAV inspection drone | emergency response UAV,Water Conservancy Monitoring UAV,Water Conservancy Monitoring UAV Technical Specifications | Get Expert Drone Defense Advice | Overview | Technical Specifications | Get Expert Drone Defense Advice,.next-five-pages-v2/server/app/en/products/fc-sljc-01-water-conservancy-monitoring-drone.html
/en/products/fc-smart-swing-turnstile,en,strong,100,Deluxe Smart Swing Turnstile,5,true,true,true,true,true,1296,7,0.540,1,5,,Deluxe Smart Swing Turnstile | N-TET,"N-TET Deluxe Smart Swing Turnstile for industrial operators, combining Deluxe Smart Swing Turnstile, security screening equipment, X-ray baggage scanner with field-ready deployment and support.",Deluxe Smart Swing Turnstile | security screening equipment | X-ray baggage scanner | walk-through metal detector | N-TET,Deluxe Smart Swing Turnstile,Deluxe Smart Swing Turnstile Technical Specifications | Get Expert Drone Defense Advice | Overview | Technical Specifications | Get Expert Drone Defense Advice,.next-five-pages-v2/server/app/en/products/fc-smart-swing-turnstile.html
/en/products/fc-ttvc-intelligent-multi-band-camera,en,strong,100,FC-TTVC Series Intelligent Multi-Band Camera,5,true,true,true,true,true,1533,9,0.587,1,5,,FC-TTVC Series Intelligent Multi-Band Camera | N-TET,"N-TET FC-TTVC Series Intelligent Multi-Band Camera for industrial operators, combining FC-TTVC Series Intelligent Multi-Band Camera, perimeter intelligence, electro optical surveillance with field-ready deployment and support.",FC-TTVC Series Intelligent Multi-Band Camera | perimeter intelligence | electro optical surveillance | radar vision fusion system | N-TET,FC-TTVC Series Intelligent Multi-Band Camera,FC-TTVC Series Intelligent Multi-Band Camera Technical Specifications | Get Expert Drone Defense Advice | Overview | Technical Specifications | Get Expert Drone Defense Advice,.next-five-pages-v2/server/app/en/products/fc-ttvc-intelligent-multi-band-camera.html
/en/products/fc-yjtx-01-emergency-communication-drone,en,strong,100,emergency communication UAV,8,true,true,true,true,true,3354,9,0.268,1,5,,Emergency Communication Tethered UAV | N-TET,"N-TET Emergency Communication Tethered UAV for industrial operators, combining emergency communication UAV, disaster response communication drone, tethered communication UAV with field-ready deployment and support.",emergency communication UAV | disaster response communication drone | tethered communication UAV | public safety UAV communications | Emergency Communication Tethered UAV | industrial UAV systems | UAV inspection drone | emergency response UAV,Emergency Communication Tethered UAV,Emergency Communication Tethered UAV Technical Specifications | Get Expert Drone Defense Advice | Overview | Technical Specifications | Get Expert Drone Defense Advice,.next-five-pages-v2/server/app/en/products/fc-yjtx-01-emergency-communication-drone.html
/en/products/fc-yjxf-01-aerial-firefighting-drone,en,strong,100,firefighting drone,8,true,true,true,true,true,3638,7,0.192,1,5,,High-Rise Firefighting Tethered UAV | N-TET,"N-TET High-Rise Firefighting Tethered UAV for industrial operators, combining firefighting drone, drone fire fighting, drone for fire fighting with field-ready deployment and support.",firefighting drone | drone fire fighting | drone for fire fighting | high-rise firefighting UAV | High-Rise Firefighting Tethered UAV | industrial UAV systems | UAV inspection drone | emergency response UAV,High-Rise Firefighting Tethered UAV,High-Rise Firefighting Tethered UAV Technical Specifications | Get Expert Drone Defense Advice | Overview | Technical Specifications | Get Expert Drone Defense Advice,.next-five-pages-v2/server/app/en/products/fc-yjxf-01-aerial-firefighting-drone.html
/en/products/fc-yjzc-01-emergency-reconnaissance-drone,en,strong,100,search and rescue drone,8,true,true,true,true,true,899,7,0.779,1,5,,Emergency Response Drone | N-TET,"N-TET Emergency Response Drone for industrial operators, combining search and rescue drone, drone rescue, emergency reconnaissance drone with field-ready deployment and support.",search and rescue drone | drone rescue | emergency reconnaissance drone | disaster response UAV | Emergency Response Drone | industrial UAV systems | UAV inspection drone | emergency response UAV,Emergency Response Drone,Emergency Response Drone Technical Specifications | Get Expert Drone Defense Advice | Overview | Technical Specifications | Get Expert Drone Defense Advice,.next-five-pages-v2/server/app/en/products/fc-yjzc-01-emergency-reconnaissance-drone.html
/en/products/fc-yjzm-01-emergency-lighting-drone,en,strong,100,drone lighting,8,true,true,true,true,true,2807,18,0.641,1,5,,Tethered Lighting UAV | N-TET,"N-TET Tethered Lighting UAV for industrial operators, combining drone lighting, UAV lighting, tethered lighting UAV with field-ready deployment and support.",drone lighting | UAV lighting | tethered lighting UAV | emergency lighting drone | Tethered Lighting UAV | industrial UAV systems | UAV inspection drone | emergency response UAV,Tethered Lighting UAV,Tethered Lighting UAV Technical Specifications | Get Expert Drone Defense Advice | Overview | Technical Specifications | Get Expert Drone Defense Advice,.next-five-pages-v2/server/app/en/products/fc-yjzm-01-emergency-lighting-drone.html
/en/products/fc-yqxj-01-utility-inspection-drone,en,strong,100,pipeline inspection drones,8,true,true,true,true,true,931,7,0.752,1,5,,Oil & Gas Pipeline Inspection Drone | N-TET,"N-TET Oil & Gas Pipeline Inspection Drone for industrial operators, combining pipeline inspection drones, UAV pipeline inspection, oil and gas drone inspection with field-ready deployment and support.",pipeline inspection drones | UAV pipeline inspection | oil and gas drone inspection | drone pipeline inspection | Oil & Gas Pipeline Inspection Drone | industrial UAV systems | UAV inspection drone | emergency response UAV,Oil & Gas Pipeline Inspection Drone,Oil & Gas Pipeline Inspection Drone Technical Specifications | Get Expert Drone Defense Advice | Overview | Technical Specifications | Get Expert Drone Defense Advice,.next-five-pages-v2/server/app/en/products/fc-yqxj-01-utility-inspection-drone.html
/en/products/fc1500-handheld-liquid-detector,en,strong,100,Handheld Liquid Detector FC1500,5,true,true,true,true,true,1066,5,0.469,1,5,,Handheld Liquid Detector FC1500 | N-TET,"N-TET Handheld Liquid Detector FC1500 for industrial operators, combining Handheld Liquid Detector FC1500, security screening equipment, X-ray baggage scanner with field-ready deployment and support.",Handheld Liquid Detector FC1500 | security screening equipment | X-ray baggage scanner | walk-through metal detector | N-TET,Handheld Liquid Detector FC1500,Handheld Liquid Detector FC1500 Technical Specifications | Get Expert Drone Defense Advice | Overview | Technical Specifications | Get Expert Drone Defense Advice,.next-five-pages-v2/server/app/en/products/fc1500-handheld-liquid-detector.html
/en/products/fc1500b-desktop-liquid-security-inspector,en,strong,100,Desktop Liquid Security Inspector FC1500B,5,true,true,true,true,true,1119,5,0.447,1,5,,Desktop Liquid Security Inspector FC1500B | N-TET,"N-TET Desktop Liquid Security Inspector FC1500B for industrial operators, combining Desktop Liquid Security Inspector FC1500B, security screening equipment, X-ray baggage scanner with field-ready deployment and support.",Desktop Liquid Security Inspector FC1500B | security screening equipment | X-ray baggage scanner | walk-through metal detector | N-TET,Desktop Liquid Security Inspector FC1500B,Desktop Liquid Security Inspector FC1500B Technical Specifications | Get Expert Drone Defense Advice | Overview | Technical Specifications | Get Expert Drone Defense Advice,.next-five-pages-v2/server/app/en/products/fc1500b-desktop-liquid-security-inspector.html
/en/products/fc1800b-portable-explosives-and-narcotics-detector,en,strong,100,Portable Explosives & Narcotics Detector FC1800B,5,true,true,true,true,true,1101,5,0.454,1,5,,Portable Explosives & Narcotics Detector FC1800B | N-TET,"N-TET Portable Explosives & Narcotics Detector FC1800B for industrial operators, combining Portable Explosives & Narcotics Detector FC1800B, security screening equipment, X-ray baggage scanner with field-ready deployment and support.",Portable Explosives & Narcotics Detector FC1800B | security screening equipment | X-ray baggage scanner | walk-through metal detector | N-TET,Portable Explosives & Narcotics Detector FC1800B,Portable Explosives & Narcotics Detector FC1800B Technical Specifications | Get Expert Drone Defense Advice | Overview | Technical Specifications | Get Expert Drone Defense Advice,.next-five-pages-v2/server/app/en/products/fc1800b-portable-explosives-and-narcotics-detector.html
/en/products/fc1800t-desktop-explosives-narcotics-detector,en,strong,100,Desktop Explosives & Narcotics Detector FC1800T,5,true,true,true,true,true,1149,5,0.435,1,5,,Desktop Explosives & Narcotics Detector FC1800T | N-TET,"N-TET Desktop Explosives & Narcotics Detector FC1800T for industrial operators, combining Desktop Explosives & Narcotics Detector FC1800T, security screening equipment, X-ray baggage scanner with field-ready deployment and support.",Desktop Explosives & Narcotics Detector FC1800T | security screening equipment | X-ray baggage scanner | walk-through metal detector | N-TET,Desktop Explosives & Narcotics Detector FC1800T,Desktop Explosives & Narcotics Detector FC1800T Technical Specifications | Get Expert Drone Defense Advice | Overview | Technical Specifications | Get Expert Drone Defense Advice,.next-five-pages-v2/server/app/en/products/fc1800t-desktop-explosives-narcotics-detector.html
/en/products/fc2088-handheld-metal-detector,en,strong,100,Handheld Metal Detector FC2088,5,true,true,true,true,true,1052,5,0.475,1,5,,Handheld Metal Detector FC2088 | N-TET,"N-TET Handheld Metal Detector FC2088 for industrial operators, combining Handheld Metal Detector FC2088, security screening equipment, X-ray baggage scanner with field-ready deployment and support.",Handheld Metal Detector FC2088 | security screening equipment | X-ray baggage scanner | walk-through metal detector | N-TET,Handheld Metal Detector FC2088,Handheld Metal Detector FC2088 Technical Specifications | Get Expert Drone Defense Advice | Overview | Technical Specifications | Get Expert Drone Defense Advice,.next-five-pages-v2/server/app/en/products/fc2088-handheld-metal-detector.html
/en/products/fc4028-neutron-ambient-dose-rate-meter,en,strong,100,FC4028 Neutron Ambient Dose Equivalent Rate Meter,5,true,true,true,true,true,1671,3,0.180,1,5,,FC4028 Neutron Ambient Dose Equivalent (Rate) Meter | N-TET,"N-TET FC4028 Neutron Ambient Dose Equivalent (Rate) Meter for industrial operators, combining FC4028 Neutron Ambient Dose Equivalent Rate Meter, security screening equipment, X-ray baggage scanner with field-ready deployment and support.",FC4028 Neutron Ambient Dose Equivalent Rate Meter | security screening equipment | X-ray baggage scanner | walk-through metal detector | N-TET,FC4028 Neutron Ambient Dose Equivalent Rate Meter,FC4028 Neutron Ambient Dose Equivalent Rate Meter Technical Specifications | Get Expert Drone Defense Advice | Overview | Technical Specifications | Get Expert Drone Defense Advice,.next-five-pages-v2/server/app/en/products/fc4028-neutron-ambient-dose-rate-meter.html
/en/products/fc5030-compact-x-ray-baggage-scanner,en,strong,100,X-Ray Baggage Scanner FC5030,5,true,true,true,true,true,1046,12,1.147,1,5,,X-Ray Baggage Scanner FC5030 | N-TET,"N-TET X-Ray Baggage Scanner FC5030 for industrial operators, combining X-Ray Baggage Scanner FC5030, security screening equipment, X-ray baggage scanner with field-ready deployment and support.",X-Ray Baggage Scanner FC5030 | security screening equipment | X-ray baggage scanner | walk-through metal detector | N-TET,X-Ray Baggage Scanner FC5030,X-Ray Baggage Scanner FC5030 Technical Specifications | Get Expert Drone Defense Advice | Overview | Technical Specifications | Get Expert Drone Defense Advice,.next-five-pages-v2/server/app/en/products/fc5030-compact-x-ray-baggage-scanner.html
/en/products/fc6550-standard-x-ray-baggage-scanner,en,strong,100,X-Ray Baggage Scanner FC6550,5,true,true,true,true,true,1060,12,1.132,1,5,,X-Ray Baggage Scanner FC6550 | N-TET,"N-TET X-Ray Baggage Scanner FC6550 for industrial operators, combining X-Ray Baggage Scanner FC6550, security screening equipment, X-ray baggage scanner with field-ready deployment and support.",X-Ray Baggage Scanner FC6550 | security screening equipment | X-ray baggage scanner | walk-through metal detector | N-TET,X-Ray Baggage Scanner FC6550,X-Ray Baggage Scanner FC6550 Technical Specifications | Get Expert Drone Defense Advice | Overview | Technical Specifications | Get Expert Drone Defense Advice,.next-five-pages-v2/server/app/en/products/fc6550-standard-x-ray-baggage-scanner.html
/en/products/fc6550d-dual-view-baggage-scanner,en,strong,100,Dual-View X-Ray Baggage Scanner FC6550D,5,true,true,true,true,true,1133,10,0.883,1,5,,Dual-View X-Ray Baggage Scanner FC6550D | N-TET,"N-TET Dual-View X-Ray Baggage Scanner FC6550D for industrial operators, combining Dual-View X-Ray Baggage Scanner FC6550D, security screening equipment, X-ray baggage scanner with field-ready deployment and support.",Dual-View X-Ray Baggage Scanner FC6550D | security screening equipment | X-ray baggage scanner | walk-through metal detector | N-TET,Dual-View X-Ray Baggage Scanner FC6550D,Dual-View X-Ray Baggage Scanner FC6550D Technical Specifications | Get Expert Drone Defense Advice | Overview | Technical Specifications | Get Expert Drone Defense Advice,.next-five-pages-v2/server/app/en/products/fc6550d-dual-view-baggage-scanner.html
/en/products/fc902-personal-radiation-dose-alarm,en,strong,100,X-γ Radiation Dose Alarm FC902,5,true,true,true,true,true,1323,5,0.378,1,5,,X-γ Radiation Dose Alarm FC902 | N-TET,"N-TET X-γ Radiation Dose Alarm FC902 for industrial operators, combining X-γ Radiation Dose Alarm FC902, security screening equipment, X-ray baggage scanner with field-ready deployment and support.",X-γ Radiation Dose Alarm FC902 | security screening equipment | X-ray baggage scanner | walk-through metal detector | N-TET,X-γ Radiation Dose Alarm FC902,X-γ Radiation Dose Alarm FC902 Technical Specifications | Get Expert Drone Defense Advice | Overview | Technical Specifications | Get Expert Drone Defense Advice,.next-five-pages-v2/server/app/en/products/fc902-personal-radiation-dose-alarm.html
/en/products/handheld-rf-detection-system-mini,en,strong,100,PL280H Handheld RF Detection System,5,true,true,true,true,true,1239,12,0.969,1,5,,PL280H Handheld RF Detection System | N-TET,"N-TET PL280H Handheld RF Detection System for industrial operators, combining PL280H Handheld RF Detection System, C-UAS equipment, early warning equipment with field-ready deployment and support.",PL280H Handheld RF Detection System | C-UAS equipment | early warning equipment | target identification and tracking system | N-TET,PL280H Handheld RF Detection System,PL280H Handheld RF Detection System Technical Specifications | Get Expert Drone Defense Advice | Overview | Technical Specifications | Get Expert Drone Defense Advice,.next-five-pages-v2/server/app/en/products/handheld-rf-detection-system-mini.html
/en/products/low-altitude-3d-pulse-doppler-radar,en,strong,100,Low-Altitude Early-Warning Radar X-Band,5,true,true,true,true,true,960,5,0.521,1,5,,Low-Altitude Early-Warning Radar (X-Band) | N-TET,"N-TET Low-Altitude Early-Warning Radar (X-Band) for industrial operators, combining Low-Altitude Early-Warning Radar X-Band, C-UAS equipment, early warning equipment with field-ready deployment and support.",Low-Altitude Early-Warning Radar X-Band | C-UAS equipment | early warning equipment | target identification and tracking system | N-TET,Low-Altitude Early-Warning Radar X-Band,Low-Altitude Early-Warning Radar X-Band Technical Specifications | Get Expert Drone Defense Advice | Overview | Technical Specifications | Get Expert Drone Defense Advice,.next-five-pages-v2/server/app/en/products/low-altitude-3d-pulse-doppler-radar.html
/en/products/low-altitude-airspace-monitoring,en,weak,0,,0,false,false,false,false,false,0,0,0.000,0,0,缺少 meta keywords; 缺少 H1; 缺少 H2,Industrial UAV & C-UAS Systems | N-TET,"N-TET builds two core system lines: industrial UAV platforms for inspection and emergency missions, and C-UAS systems for early warning, identification, positioning, tracking, alert linkage, and site response protocols at airports, energy facilities, and public sites.",,,,.next-five-pages-v2/server/app/en/products/low-altitude-airspace-monitoring.html
/en/products/low-altitude-detection-radar-ku-band,en,strong,100,Low-Altitude Early-Warning Radar Ku-Band,5,true,true,true,true,true,920,5,0.543,1,5,,Low-Altitude Early-Warning Radar (Ku-Band) | N-TET,"N-TET Low-Altitude Early-Warning Radar (Ku-Band) for industrial operators, combining Low-Altitude Early-Warning Radar Ku-Band, C-UAS equipment, early warning equipment with field-ready deployment and support.",Low-Altitude Early-Warning Radar Ku-Band | C-UAS equipment | early warning equipment | target identification and tracking system | N-TET,Low-Altitude Early-Warning Radar Ku-Band,Low-Altitude Early-Warning Radar Ku-Band Technical Specifications | Get Expert Drone Defense Advice | Overview | Technical Specifications | Get Expert Drone Defense Advice,.next-five-pages-v2/server/app/en/products/low-altitude-detection-radar-ku-band.html
/en/products/multi-rotor-20kg-payload-uav,en,strong,100,20kg Payload Multi-Rotor UAV,5,true,true,true,true,true,978,9,0.920,1,5,,20kg Payload Multi-Rotor UAV | N-TET,"N-TET 20kg Payload Multi-Rotor UAV for industrial operators, combining 20kg Payload Multi-Rotor UAV, industrial UAV systems, UAV inspection drone with field-ready deployment and support.",20kg Payload Multi-Rotor UAV | industrial UAV systems | UAV inspection drone | emergency response UAV | N-TET,20kg Payload Multi-Rotor UAV,20kg Payload Multi-Rotor UAV Technical Specifications | Get Expert Drone Defense Advice | Overview | Technical Specifications | Get Expert Drone Defense Advice,.next-five-pages-v2/server/app/en/products/multi-rotor-20kg-payload-uav.html
/en/products/multi-rotor-3kg-payload-uav,en,strong,100,3kg Payload Multi-Rotor UAV,5,true,true,true,true,true,1002,9,0.898,1,5,,3kg Payload Multi-Rotor UAV | N-TET,"N-TET 3kg Payload Multi-Rotor UAV for industrial operators, combining 3kg Payload Multi-Rotor UAV, industrial UAV systems, UAV inspection drone with field-ready deployment and support.",3kg Payload Multi-Rotor UAV | industrial UAV systems | UAV inspection drone | emergency response UAV | N-TET,3kg Payload Multi-Rotor UAV,3kg Payload Multi-Rotor UAV Technical Specifications | Get Expert Drone Defense Advice | Overview | Technical Specifications | Get Expert Drone Defense Advice,.next-five-pages-v2/server/app/en/products/multi-rotor-3kg-payload-uav.html
/en/products/multi-rotor-50kg-payload-uav,en,strong,100,50kg Payload Multi-Rotor UAV,5,true,true,true,true,true,970,9,0.928,1,5,,50kg Payload Multi-Rotor UAV | N-TET,"N-TET 50kg Payload Multi-Rotor UAV for industrial operators, combining 50kg Payload Multi-Rotor UAV, industrial UAV systems, UAV inspection drone with field-ready deployment and support.",50kg Payload Multi-Rotor UAV | industrial UAV systems | UAV inspection drone | emergency response UAV | N-TET,50kg Payload Multi-Rotor UAV,50kg Payload Multi-Rotor UAV Technical Specifications | Get Expert Drone Defense Advice | Overview | Technical Specifications | Get Expert Drone Defense Advice,.next-five-pages-v2/server/app/en/products/multi-rotor-50kg-payload-uav.html
/en/products/multi-rotor-8kg-payload-uav,en,strong,100,8kg Payload Multi-Rotor UAV,5,true,true,true,true,true,980,9,0.918,1,5,,8kg Payload Multi-Rotor UAV | N-TET,"N-TET 8kg Payload Multi-Rotor UAV for industrial operators, combining 8kg Payload Multi-Rotor UAV, industrial UAV systems, UAV inspection drone with field-ready deployment and support.",8kg Payload Multi-Rotor UAV | industrial UAV systems | UAV inspection drone | emergency response UAV | N-TET,8kg Payload Multi-Rotor UAV,8kg Payload Multi-Rotor UAV Technical Specifications | Get Expert Drone Defense Advice | Overview | Technical Specifications | Get Expert Drone Defense Advice,.next-five-pages-v2/server/app/en/products/multi-rotor-8kg-payload-uav.html
/en/products/omni-directional-rf-event-logging,en,strong,100,Omni-directional RF C-UAS Site Unit,5,true,true,true,true,true,885,7,0.791,1,5,,Omni-directional RF C-UAS Site Unit | N-TET,"N-TET Omni-directional RF C-UAS Site Unit for industrial operators, combining Omni-directional RF C-UAS Site Unit, C-UAS equipment, early warning equipment with field-ready deployment and support.",Omni-directional RF C-UAS Site Unit | C-UAS equipment | early warning equipment | target identification and tracking system | N-TET,Omni-directional RF C-UAS Site Unit,Omni-directional RF C-UAS Site Unit Technical Specifications | Get Expert Drone Defense Advice | Overview | Technical Specifications | Get Expert Drone Defense Advice,.next-five-pages-v2/server/app/en/products/omni-directional-rf-event-logging.html
/en/products/omni-directional-rf-interference-device,en,strong,100,Omni-directional RF Jammer,5,true,true,true,true,true,921,10,1.086,1,5,,Omni-directional RF Jammer | N-TET,"N-TET Omni-directional RF Jammer for industrial operators, combining Omni-directional RF Jammer, C-UAS equipment, early warning equipment with field-ready deployment and support.",Omni-directional RF Jammer | C-UAS equipment | early warning equipment | target identification and tracking system | N-TET,Omni-directional RF Jammer,Omni-directional RF Jammer Technical Specifications | Get Expert Drone Defense Advice | Overview | Technical Specifications | Get Expert Drone Defense Advice,.next-five-pages-v2/server/app/en/products/omni-directional-rf-interference-device.html
/en/products/portable-active-rf-defense-system,en,strong,100,Portable C-UAS Field Unit,5,true,true,true,true,true,830,9,1.084,1,5,,Portable C-UAS Field Unit | N-TET,"N-TET Portable C-UAS Field Unit for industrial operators, combining Portable C-UAS Field Unit, C-UAS equipment, early warning equipment with field-ready deployment and support.",Portable C-UAS Field Unit | C-UAS equipment | early warning equipment | target identification and tracking system | N-TET,Portable C-UAS Field Unit,Portable C-UAS Field Unit Technical Specifications | Get Expert Drone Defense Advice | Overview | Technical Specifications | Get Expert Drone Defense Advice,.next-five-pages-v2/server/app/en/products/portable-active-rf-defense-system.html
/en/products/portable-integrated-detection-event-logging-low-altitude-monitoring-basic,en,strong,100,Integrated C-UAS Field Kit,5,true,true,true,true,true,1062,8,0.753,1,5,,Integrated C-UAS Field Kit | N-TET,"N-TET Integrated C-UAS Field Kit for industrial operators, combining Integrated C-UAS Field Kit, C-UAS equipment, early warning equipment with field-ready deployment and support.",Integrated C-UAS Field Kit | C-UAS equipment | early warning equipment | target identification and tracking system | N-TET,Integrated C-UAS Field Kit,Integrated C-UAS Field Kit Technical Specifications | Get Expert Drone Defense Advice | Overview | Technical Specifications | Get Expert Drone Defense Advice,.next-five-pages-v2/server/app/en/products/portable-integrated-detection-event-logging-low-altitude-monitoring-basic.html
/en/products/portable-integrated-detection-event-logging-pro-low-altitude-monitoring,en,strong,100,Integrated C-UAS Field Kit Pro,5,true,true,true,true,true,1039,5,0.481,1,5,,Integrated C-UAS Field Kit (Pro) | N-TET,"N-TET Integrated C-UAS Field Kit (Pro) for industrial operators, combining Integrated C-UAS Field Kit Pro, C-UAS equipment, early warning equipment with field-ready deployment and support.",Integrated C-UAS Field Kit Pro | C-UAS equipment | early warning equipment | target identification and tracking system | N-TET,Integrated C-UAS Field Kit Pro,Integrated C-UAS Field Kit Pro Technical Specifications | Get Expert Drone Defense Advice | Overview | Technical Specifications | Get Expert Drone Defense Advice,.next-five-pages-v2/server/app/en/products/portable-integrated-detection-event-logging-pro-low-altitude-monitoring.html
/en/products/portable-low-altitude-monitoring-event-logging-shield,en,strong,100,Portable C-UAS Field Shield,5,true,true,true,true,true,996,8,0.803,1,5,,Portable C-UAS Field Shield | N-TET,"N-TET Portable C-UAS Field Shield for industrial operators, combining Portable C-UAS Field Shield, C-UAS equipment, early warning equipment with field-ready deployment and support.",Portable C-UAS Field Shield | C-UAS equipment | early warning equipment | target identification and tracking system | N-TET,Portable C-UAS Field Shield,Portable C-UAS Field Shield Technical Specifications | Get Expert Drone Defense Advice | Overview | Technical Specifications | Get Expert Drone Defense Advice,.next-five-pages-v2/server/app/en/products/portable-low-altitude-monitoring-event-logging-shield.html
/en/products/portable-low-altitude-monitoring-event-logging-shield-pro,en,strong,100,Portable C-UAS Field Shield Pro,5,true,true,true,true,true,985,5,0.508,1,5,,Portable C-UAS Field Shield (Pro) | N-TET,"N-TET Portable C-UAS Field Shield (Pro) for industrial operators, combining Portable C-UAS Field Shield Pro, C-UAS equipment, early warning equipment with field-ready deployment and support.",Portable C-UAS Field Shield Pro | C-UAS equipment | early warning equipment | target identification and tracking system | N-TET,Portable C-UAS Field Shield Pro,Portable C-UAS Field Shield Pro Technical Specifications | Get Expert Drone Defense Advice | Overview | Technical Specifications | Get Expert Drone Defense Advice,.next-five-pages-v2/server/app/en/products/portable-low-altitude-monitoring-event-logging-shield-pro.html
/en/products/portable-rf-detection-case,en,strong,100,Portable RF Identification System,5,true,true,true,true,true,882,10,1.134,1,5,,Portable RF Identification System | N-TET,"N-TET Portable RF Identification System for industrial operators, combining Portable RF Identification System, C-UAS equipment, early warning equipment with field-ready deployment and support.",Portable RF Identification System | C-UAS equipment | early warning equipment | target identification and tracking system | N-TET,Portable RF Identification System,Portable RF Identification System Technical Specifications | Get Expert Drone Defense Advice | Overview | Technical Specifications | Get Expert Drone Defense Advice,.next-five-pages-v2/server/app/en/products/portable-rf-detection-case.html
/en/products/power-tower-inspection-drone,en,strong,100,drone power line inspection,8,true,true,true,true,true,1578,11,0.697,1,5,,Power Tower Inspection UAV | N-TET,"N-TET Power Tower Inspection UAV for industrial operators, combining drone power line inspection, power line inspection drone, drones for utility inspection with field-ready deployment and support.",drone power line inspection | power line inspection drone | drones for utility inspection | transmission tower inspection UAV | Power Tower Inspection UAV | industrial UAV systems | UAV inspection drone | emergency response UAV,Power Tower Inspection UAV,Power Tower Inspection UAV Technical Specifications | Get Expert Drone Defense Advice | Overview | Technical Specifications | Get Expert Drone Defense Advice,.next-five-pages-v2/server/app/en/products/power-tower-inspection-drone.html
/en/products/smart-substation-autonomous-inspection-system,en,strong,100,smart substation autonomous inspection,8,true,true,true,true,true,1822,20,1.098,1,5,,Smart Substation Autonomous UAV Inspection System | N-TET,"N-TET Smart Substation Autonomous UAV Inspection System for industrial operators, combining smart substation autonomous inspection, substation inspection drone, power utility UAV inspection with field-ready deployment and support.",smart substation autonomous inspection | substation inspection drone | power utility UAV inspection | autonomous UAV inspection | Smart Substation Autonomous UAV Inspection System | industrial UAV systems | UAV inspection drone | emergency response UAV,Smart Substation Autonomous UAV Inspection System,Smart Substation Autonomous UAV Inspection System Technical Specifications | Get Expert Drone Defense Advice | Overview | Technical Specifications | Get Expert Drone Defense Advice,.next-five-pages-v2/server/app/en/products/smart-substation-autonomous-inspection-system.html
/en/products/stationary-active-rf-defense-system,en,strong,100,Fixed C-UAS Site Unit,5,true,true,true,true,true,848,7,0.825,1,5,,Fixed C-UAS Site Unit | N-TET,"N-TET Fixed C-UAS Site Unit for industrial operators, combining Fixed C-UAS Site Unit, C-UAS equipment, early warning equipment with field-ready deployment and support.",Fixed C-UAS Site Unit | C-UAS equipment | early warning equipment | target identification and tracking system | N-TET,Fixed C-UAS Site Unit,Fixed C-UAS Site Unit Technical Specifications | Get Expert Drone Defense Advice | Overview | Technical Specifications | Get Expert Drone Defense Advice,.next-five-pages-v2/server/app/en/products/stationary-active-rf-defense-system.html
/en/products/stationary-rf-detection-system,en,strong,100,Stationary RF Identification System,5,true,true,true,true,true,1014,8,0.789,1,5,,Stationary RF Identification System | N-TET,"N-TET Stationary RF Identification System for industrial operators, combining Stationary RF Identification System, C-UAS equipment, early warning equipment with field-ready deployment and support.",Stationary RF Identification System | C-UAS equipment | early warning equipment | target identification and tracking system | N-TET,Stationary RF Identification System,Stationary RF Identification System Technical Specifications | Get Expert Drone Defense Advice | Overview | Technical Specifications | Get Expert Drone Defense Advice,.next-five-pages-v2/server/app/en/products/stationary-rf-detection-system.html
/en/products/uav-navigation-airspace-data-verification-system,en,strong,100,C-UAS Signal Verification System,5,true,true,true,true,true,910,8,0.879,1,5,,C-UAS Signal Verification System | N-TET,"N-TET C-UAS Signal Verification System for industrial operators, combining C-UAS Signal Verification System, C-UAS equipment, early warning equipment with field-ready deployment and support.",C-UAS Signal Verification System | C-UAS equipment | early warning equipment | target identification and tracking system | N-TET,C-UAS Signal Verification System,C-UAS Signal Verification System Technical Specifications | Get Expert Drone Defense Advice | Overview | Technical Specifications | Get Expert Drone Defense Advice,.next-five-pages-v2/server/app/en/products/uav-navigation-airspace-data-verification-system.html
/en/products/uav-remote-id-monitoring-system,en,strong,100,UAV Remote ID Recognition System,5,true,true,true,true,true,859,8,0.931,1,5,,UAV Remote ID Recognition System | N-TET,"N-TET UAV Remote ID Recognition System for industrial operators, combining UAV Remote ID Recognition System, C-UAS equipment, early warning equipment with field-ready deployment and support.",UAV Remote ID Recognition System | C-UAS equipment | early warning equipment | target identification and tracking system | N-TET,UAV Remote ID Recognition System,UAV Remote ID Recognition System Technical Specifications | Get Expert Drone Defense Advice | Overview | Technical Specifications | Get Expert Drone Defense Advice,.next-five-pages-v2/server/app/en/products/uav-remote-id-monitoring-system.html
/en/products/vtol-135kg-mtow-uav,en,strong,100,135kg MTOW VTOL Fixed-Wing UAV,5,true,true,true,true,true,957,9,0.940,1,5,,135kg MTOW VTOL Fixed-Wing UAV | N-TET,"N-TET 135kg MTOW VTOL Fixed-Wing UAV for industrial operators, combining 135kg MTOW VTOL Fixed-Wing UAV, industrial UAV systems, UAV inspection drone with field-ready deployment and support.",135kg MTOW VTOL Fixed-Wing UAV | industrial UAV systems | UAV inspection drone | emergency response UAV | N-TET,135kg MTOW VTOL Fixed-Wing UAV,135kg MTOW VTOL Fixed-Wing UAV Technical Specifications | Get Expert Drone Defense Advice | Overview | Technical Specifications | Get Expert Drone Defense Advice,.next-five-pages-v2/server/app/en/products/vtol-135kg-mtow-uav.html
/en/products/vtol-14kg-mtow-uav,en,strong,100,14kg MTOW VTOL Fixed-Wing UAV,5,true,true,true,true,true,961,9,0.937,1,5,,14kg MTOW VTOL Fixed-Wing UAV | N-TET,"N-TET 14kg MTOW VTOL Fixed-Wing UAV for industrial operators, combining 14kg MTOW VTOL Fixed-Wing UAV, industrial UAV systems, UAV inspection drone with field-ready deployment and support.",14kg MTOW VTOL Fixed-Wing UAV | industrial UAV systems | UAV inspection drone | emergency response UAV | N-TET,14kg MTOW VTOL Fixed-Wing UAV,14kg MTOW VTOL Fixed-Wing UAV Technical Specifications | Get Expert Drone Defense Advice | Overview | Technical Specifications | Get Expert Drone Defense Advice,.next-five-pages-v2/server/app/en/products/vtol-14kg-mtow-uav.html
/en/products/vtol-26kg-mtow-uav,en,strong,100,26kg MTOW VTOL Fixed-Wing UAV,5,true,true,true,true,true,957,9,0.940,1,5,,26kg MTOW VTOL Fixed-Wing UAV | N-TET,"N-TET 26kg MTOW VTOL Fixed-Wing UAV for industrial operators, combining 26kg MTOW VTOL Fixed-Wing UAV, industrial UAV systems, UAV inspection drone with field-ready deployment and support.",26kg MTOW VTOL Fixed-Wing UAV | industrial UAV systems | UAV inspection drone | emergency response UAV | N-TET,26kg MTOW VTOL Fixed-Wing UAV,26kg MTOW VTOL Fixed-Wing UAV Technical Specifications | Get Expert Drone Defense Advice | Overview | Technical Specifications | Get Expert Drone Defense Advice,.next-five-pages-v2/server/app/en/products/vtol-26kg-mtow-uav.html
/en/products/vtol-40kg-mtow-uav,en,strong,100,40kg MTOW VTOL Fixed-Wing UAV,5,true,true,true,true,true,937,9,0.961,1,5,,40kg MTOW VTOL Fixed-Wing UAV | N-TET,"N-TET 40kg MTOW VTOL Fixed-Wing UAV for industrial operators, combining 40kg MTOW VTOL Fixed-Wing UAV, industrial UAV systems, UAV inspection drone with field-ready deployment and support.",40kg MTOW VTOL Fixed-Wing UAV | industrial UAV systems | UAV inspection drone | emergency response UAV | N-TET,40kg MTOW VTOL Fixed-Wing UAV,40kg MTOW VTOL Fixed-Wing UAV Technical Specifications | Get Expert Drone Defense Advice | Overview | Technical Specifications | Get Expert Drone Defense Advice,.next-five-pages-v2/server/app/en/products/vtol-40kg-mtow-uav.html
/en/products/vtol-64kg-mtow-uav,en,strong,100,64kg MTOW VTOL Fixed-Wing UAV,5,true,true,true,true,true,947,9,0.950,1,5,,64kg MTOW VTOL Fixed-Wing UAV | N-TET,"N-TET 64kg MTOW VTOL Fixed-Wing UAV for industrial operators, combining 64kg MTOW VTOL Fixed-Wing UAV, industrial UAV systems, UAV inspection drone with field-ready deployment and support.",64kg MTOW VTOL Fixed-Wing UAV | industrial UAV systems | UAV inspection drone | emergency response UAV | N-TET,64kg MTOW VTOL Fixed-Wing UAV,64kg MTOW VTOL Fixed-Wing UAV Technical Specifications | Get Expert Drone Defense Advice | Overview | Technical Specifications | Get Expert Drone Defense Advice,.next-five-pages-v2/server/app/en/products/vtol-64kg-mtow-uav.html
/en/solutions,en,weak,35,C-UAS solutions,7,false,false,false,false,true,582,2,0.344,1,2,title 未命中关键词; description 未命中关键词; H1 未命中关键词; H2 未命中关键词,Drone Defense Solutions for Critical Sites | N-TET,"N-TET organizes Counter-UAS (C-UAS) solution workflows for airports, energy facilities, industrial operations, restricted public sites, and major venues, focusing on detection, identification, tracking, alert review, and site-level coordination.",C-UAS solutions | C-UAS detection | airspace monitoring | critical infrastructure C-UAS | airport C-UAS | event security C-UAS | low altitude monitoring,Drone Defense Solutions for Critical Sites,Get Expert Drone Defense Advice | Get Expert Drone Defense Advice,.next-five-pages-v2/server/app/en/solutions.html
/en/solutions/airport-low-altitude-monitoring,en,strong,85,Airport C-UAS Application,2,true,false,true,true,true,1246,15,1.204,1,11,description 未命中关键词,Airport C-UAS Application | N-TET,"A low-altitude C-UAS solution for airport surroundings, approach routes, boundary zones, aprons, and logistics areas. The system combines RF detection, low-altitude radar, EO tracking, alert review, and event records so airport teams can ve",Airport C-UAS Application | N-TET,Airport C-UAS Application,Airport C-UAS Application Operations | Technical Specifications | Related Equipment | Solution FAQ | Get Expert Drone Defense Advice | Overview | Technical Specifications | Related Equipment | Solution FAQ | Get Expert Drone Defense Advice | Related public pages,.next-five-pages-v2/server/app/en/solutions/airport-low-altitude-monitoring.html
/en/solutions/airport-security-protection,en,partial,70,Airport Drone Defense,2,true,false,true,false,true,741,1,0.135,1,3,description 未命中关键词; H2 未命中关键词,Airport Drone Defense | N-TET,"Drone incursions represent a critical threat to global aviation, causing severe operational chaos and staggering financial losses. The incident at Brussels Airport on November 14, 2025, stands as one of the most representative examples of t",Airport Drone Defense | N-TET,Airport Drone Defense,Key Technical Points for Construction | How We Defend Against Drone Interference | Get Expert Drone Defense,.next-five-pages-v2/server/app/en/solutions/airport-security-protection.html
/en/solutions/border-airspace-monitoring,en,partial,70,Border Security Drone Defense,2,true,false,true,false,true,691,1,0.145,1,3,description 未命中关键词; H2 未命中关键词,Border Security Drone Defense | N-TET,"Borders represent the first line of national defense, yet traditional physical barriers are powerless against the rising threat of drones. Drone incursions now pose major risks, from espionage and reconnaissance to smuggling. Drone-based as",Border Security Drone Defense | N-TET,Border Security Drone Defense,Key Technical Points for Construction | How We Defend Against Drone Interference | Get Expert Drone Defense,.next-five-pages-v2/server/app/en/solutions/border-airspace-monitoring.html
/en/solutions/category/01_BorderPatrol,en,strong,100,border patrol UAV,4,true,true,true,true,true,1178,13,1.104,1,9,,Border Patrol UAV Solutions | N-TET,"border patrol UAV is the primary search theme for this page, with related coverage for maritime patrol UAV, coastal monitoring drone, land based maritime surveillance.",border patrol UAV | maritime patrol UAV | coastal monitoring drone | land based maritime surveillance,Border Patrol UAV Solutions,Border Patrol UAV and Coastal Monitoring | Drone Defense Solutions for Critical Sites | Recommended Products | Solution FAQ | Get Expert Drone Defense Advice | Industry Needs | Drone Defense Solutions for Critical Sites | Recommended Products | Get Expert Drone Defense Advice,.next-five-pages-v2/server/app/en/solutions/category/01_BorderPatrol.html
/en/solutions/category/02_InfrastructureProtection,en,strong,85,critical infrastructure C-UAS,5,true,false,true,true,true,1337,9,0.673,1,9,description 未命中关键词,Critical Infrastructure C-UAS Solutions | N-TET,"This category covers C-UAS planning for chemical plants, oil production bases, hydroelectric dams, and other critical infrastructure, focusing on detection, identification, location, tracking, warning, and coordinated site response.",critical infrastructure C-UAS | chemical plant C-UAS | oil production base C-UAS | hydroelectric dam C-UAS | low altitude warning,Critical Infrastructure C-UAS Solutions,Critical Infrastructure C-UAS Scenarios | Drone Defense Solutions for Critical Sites | Recommended Products | Solution FAQ | Get Expert Drone Defense Advice | Industry Needs | Drone Defense Solutions for Critical Sites | Recommended Products | Get Expert Drone Defense Advice,.next-five-pages-v2/server/app/en/solutions/category/02_InfrastructureProtection.html
/en/solutions/category/03_KeyAreaSecurity,en,partial,70,key area C-UAS,5,true,false,true,false,true,1188,10,0.842,1,9,description 未命中关键词; H2 未命中关键词,Key Area C-UAS and Security Screening Solutions | N-TET,"This category covers C-UAS and security screening workflows for airports, large sports events, judicial facilities, and other key areas, using detection, identification, location, tracking, warning, and event records without publishing sensitive response methods.",key area C-UAS | airport C-UAS | large event C-UAS | judicial sector C-UAS | security screening systems,Key Area C-UAS and Security Screening Solutions,"Airport, Event, and Judicial C-UAS Scenarios | Drone Defense Solutions for Critical Sites | Recommended Products | Solution FAQ | Get Expert Drone Defense Advice | Industry Needs | Drone Defense Solutions for Critical Sites | Recommended Products | Get Expert Drone Defense Advice",.next-five-pages-v2/server/app/en/solutions/category/03_KeyAreaSecurity.html
/en/solutions/category/04_EmergencyRescue,en,strong,100,search and rescue drone,5,true,true,true,true,true,1144,19,1.661,1,9,,Search and Rescue Drone & Emergency UAV Solutions | N-TET,"This emergency solutions category covers search and rescue drone operations, firefighting drone support, emergency communication UAV deployment, and drone lighting operations for field response teams.",search and rescue drone | firefighting drone | emergency communication UAV | drone lighting | emergency response drone,Search and Rescue Drone & Emergency UAV Solutions,Search and Rescue Drone Emergency Operations | Drone Defense Solutions for Critical Sites | Recommended Products | Solution FAQ | Get Expert Drone Defense Advice | Industry Needs | Drone Defense Solutions for Critical Sites | Recommended Products | Get Expert Drone Defense Advice,.next-five-pages-v2/server/app/en/solutions/category/04_EmergencyRescue.html
/en/solutions/chemical-plant-protection,en,strong,100,chemical plant C-UAS,5,true,true,true,true,true,1750,24,1.371,1,14,,Chemical Plant C-UAS Solution | N-TET,"This page covers chemical plant C-UAS planning for low-altitude risk detection, target identification, location, tracking, warning, and site response planning around tank farms, loading areas, hazardous-material storage zones, and petrochemical perimeters.",chemical plant C-UAS | chemical plant anti drone | low altitude warning | target identification | target tracking,Chemical Plant C-UAS Solution,Chemical Plant C-UAS Operations | A Neutral Low-Altitude Risk Process for Chemical Sites | Solution Modules | Related Equipment | Solution FAQ | Get Expert Drone Defense Advice | Overview | Chemical Plant C-UAS Operations | A Neutral Low-Altitude Risk Process for Chemical Sites | Solution Modules | Related Equipment | Solution FAQ | Get Expert Drone Defense Advice | Related public pages,.next-five-pages-v2/server/app/en/solutions/chemical-plant-protection.html
/en/solutions/correctional-facility-airspace-monitoring,en,partial,70,Prison Drone Defense,2,true,false,true,false,true,630,1,0.159,1,3,description 未命中关键词; H2 未命中关键词,Prison Drone Defense | N-TET,"Prisons face unique vulnerabilities to drone incursions, where unauthorized UAVs act as 'flying couriers' for contraband—drugs, weapons, mobile phones—and as covert platforms for hostile reconnaissance. High-profile cases, such as the Ohio",Prison Drone Defense | N-TET,Prison Drone Defense,Key Technical Points for Construction | How We Defend Against Drone Interference | Get Expert Drone Defense,.next-five-pages-v2/server/app/en/solutions/correctional-facility-airspace-monitoring.html
/en/solutions/critical-infrastructure-airspace-monitoring,en,partial,70,Critical Infrastructure Drone Defense,2,true,false,true,false,true,642,1,0.156,1,3,description 未命中关键词; H2 未命中关键词,Critical Infrastructure Drone Defense | N-TET,"Critical infrastructures such as data centers and water systems are the lifelines of the economy. The absence of a dedicated anti-drone system leaves these assets vulnerable to industrial espionage, physical sabotage, and asymmetric terrori",Critical Infrastructure Drone Defense | N-TET,Critical Infrastructure Drone Defense,Key Technical Points for Construction | How We Defend Against Drone Interference | Get Expert Drone Defense,.next-five-pages-v2/server/app/en/solutions/critical-infrastructure-airspace-monitoring.html
/en/solutions/disaster-site-search-rescue-reconnaissance-uav-solution,en,strong,100,search and rescue drone,4,true,true,true,true,true,1564,20,1.279,1,16,,Search and Rescue Drone Solution | N-TET,"This search and rescue drone solution supports disaster-site reconnaissance, thermal drones for search and rescue, search and rescue UAV coordination, and drone rescue visibility for emergency teams.",search and rescue drone | thermal drones for search and rescue | search and rescue UAV | drone rescue,Search and Rescue Drone Solution,Search and Rescue Drone Operations | How UAVs Upgrade Emergency Reconnaissance | Solution Modules | Related Equipment | Related Cases | Solution FAQ | Get Expert Drone Defense Advice | Overview | Search and Rescue Drone Operations | How UAVs Upgrade Emergency Reconnaissance | Solution Modules | Related Equipment | Related Cases | Solution FAQ | Get Expert Drone Defense Advice | Related public pages,.next-five-pages-v2/server/app/en/solutions/disaster-site-search-rescue-reconnaissance-uav-solution.html
/en/solutions/drone-defender,en,strong,100,drone defender,7,true,true,true,true,true,1244,18,1.447,1,7,,Drone Defender Systems for Layered Site Protection | N-TET,"Plan a layered drone defender workflow that uses RF, radar and EO/IR for detection and confirmation before an authorized directional or omni-directional jammer response.",drone defender | drone defender system | defender drone | RF drone detection | drone detection radar | EO IR tracking | drone jammer,Drone Defender Systems for Layered Site Protection,"Where does a layered drone defender system fit? | Detection, confirmation and RF jammer layers | Which protection layer closes which gap? | From detection to an authorized countermeasure | Two drone defender scenarios | Drone defender system FAQ | Request a layered site protection plan",.next-five-pages-v2/server/app/en/solutions/drone-defender.html
/en/solutions/drone-detector,en,strong,100,drone detector,7,true,true,true,true,true,1264,11,0.870,1,7,,Drone Detector Systems for Critical Sites | N-TET,"N-TET combines RF sensing, low-altitude radar, Remote ID and EO/IR confirmation in a site-specific drone detector workflow that continues from detection and identification to confirmation and authorized response coordination.",drone detector | drone detectors | anti drone radar detector | drone radar detector | drone detection system | C-UAS detection system | RF drone detection,Drone Detector Systems for Critical Sites,Where does a drone detector system fit? | Reusable detection layers | Which detection layer answers which question? | From detection to authorized response | Two solution scenarios | Drone detector planning FAQ | Request a site detection plan,.next-five-pages-v2/server/app/en/solutions/drone-detector.html
/en/solutions/drone-jammer,en,strong,100,drone jammer,6,true,true,true,true,true,1150,27,2.348,1,7,,Drone Jammer Systems for Directional & Omni-Directional RF Suppression | N-TET,"Compare Directional RF Jammer and Omni-directional RF Jammer systems downstream of RF, radar and EO/IR detection and confirmation in an authorized fixed-site workflow.",drone jammer | drone signal jammer | anti drone jammer | RF jammer for drones | directional RF jammer | omni-directional RF jammer,Drone Jammer Systems for Directional & Omni-Directional RF Suppression,Where does a drone jammer fit in the C-UAS workflow? | Two fixed-site drone jammer options | Directional vs. omni-directional drone jammer | Detection to authorized jammer response | Two authorized fixed-site scenarios | Drone jammer planning FAQ | Compare directional and omni drone jammers,.next-five-pages-v2/server/app/en/solutions/drone-jammer.html
/en/solutions/drone-locator,en,strong,100,drone locator,7,true,true,true,true,true,1440,9,0.625,1,7,,Drone Locator Systems for Mobile & Fixed-Site Positioning | N-TET,"Compare a mobile or fixed-site drone locator system using two portable RF options, fixed RF, radar and EO/IR, then define the authorized directional or omni jammer response.",drone locator | mobile drone locator | handheld drone detector | portable RF drone locator | RF drone direction finding | radar drone positioning | drone jammer,Drone Locator Systems for Mobile & Fixed-Site Positioning,"What does a site drone locator need to show? | Mobile locators, fixed sensors and jammer options | Which mobile, fixed or jammer layer fits the task? | From mobile or fixed location to a countermeasure | Two drone location scenarios | Drone locator system FAQ | Request a drone location coverage review",.next-five-pages-v2/server/app/en/solutions/drone-locator.html
/en/solutions/drone-radar-detection,en,strong,85,drone detection radar,6,true,true,true,false,true,1158,5,0.432,1,7,H2 未命中关键词,Drone Detection Radar for Low-Altitude Site Monitoring | N-TET,"Compare N-TET Ku-band and X-band drone detection radar options by published range condition, blind zone, coverage, target capacity, interface and multi-sensor confirmation workflow.",drone detection radar | UAV detection radar | radar drone detection | Ku band drone radar | X band drone radar | C-UAS radar,Drone Detection Radar for Low-Altitude Site Monitoring,When is radar the right detection layer? | Two radar configuration options | Ku-band vs. X-band configuration | Radar detection to authorized response | Two radar solution scenarios | Drone radar selection FAQ | Request a radar coverage review,.next-five-pages-v2/server/app/en/solutions/drone-radar-detection.html
/en/solutions/drone-shield,en,strong,100,drone shield,6,true,true,true,true,true,1192,14,1.174,1,7,,"Drone Shield Systems for Fixed, Portable & Mobile Site Protection | N-TET","Compare a drone shield system using continuous fixed-site monitoring, portable field units, integrated rapid-deployment kits and vehicle-mounted C-UAS configurations.",drone shield | anti drone shield | drone shield system | fixed site C-UAS | portable C-UAS field shield | vehicle mounted C-UAS,"Drone Shield Systems for Fixed, Portable & Mobile Site Protection","What makes a practical drone shield system? | Reusable shield configurations | Fixed, portable or vehicle-mounted? | From shield alert to authorized response | Two drone shield scenarios | Drone shield system FAQ | Compare fixed, portable and mobile configurations",.next-five-pages-v2/server/app/en/solutions/drone-shield.html
/en/solutions/emergency-communication-uav,en,strong,100,Emergency Communication UAV,2,true,true,true,true,true,1166,15,1.286,1,11,,Emergency Communication UAV | N-TET,The emergency communication UAV is equipped with an integrated high-altitude base station and relies on satellite relay links for long-distance data return. It can quickly rebuild 4G/5G public network coverage in disaster-damaged areas. The,Emergency Communication UAV | N-TET,Emergency Communication UAV,Emergency Communication UAV Operations | Technical Specifications | Related Equipment | Solution FAQ | Get Expert Drone Defense Advice | Overview | Technical Specifications | Related Equipment | Solution FAQ | Get Expert Drone Defense Advice | Related public pages,.next-five-pages-v2/server/app/en/solutions/emergency-communication-uav.html
/en/solutions/emergency-communication-uav-solution,en,partial,70,Emergency Communication UAV Solution,2,true,false,true,false,true,1086,12,1.105,1,14,description 未命中关键词; H2 未命中关键词,Emergency Communication UAV Solution | N-TET,"An aerial communication solution for post-disaster network outage, remote no-signal areas, and temporary communication support, restoring public coverage or building a rescue private network quickly.",Emergency Communication UAV Solution | N-TET,Emergency Communication UAV Solution,Related Equipment | Solution FAQ | Get Expert Drone Defense Advice | Overview | Industry Pain Points | UAV-Enabled Upgrade | Solution | Related Equipment | Related Cases | Technical Specifications | Related Equipment | Solution FAQ | Get Expert Drone Defense Advice | Related public pages,.next-five-pages-v2/server/app/en/solutions/emergency-communication-uav-solution.html
/en/solutions/emergency-lighting-uav,en,strong,85,Emergency Lighting UAV,2,true,false,true,true,true,1104,13,1.178,1,11,description 未命中关键词,Emergency Lighting UAV | N-TET,"Equipped with high-power high-brightness LED lighting modules, it is easy to deploy and can achieve large-scale, multi-angle continuous light supplementation at high altitudes without blind spots. It adopts a tethered continuous power suppl",Emergency Lighting UAV | N-TET,Emergency Lighting UAV,Emergency Lighting UAV Operations | Technical Specifications | Related Equipment | Solution FAQ | Get Expert Drone Defense Advice | Overview | Technical Specifications | Related Equipment | Solution FAQ | Get Expert Drone Defense Advice | Related public pages,.next-five-pages-v2/server/app/en/solutions/emergency-lighting-uav.html
/en/solutions/emergency-reconnaissance-uav,en,strong,85,Emergency Reconnaissance UAV,2,true,false,true,true,true,1132,13,1.148,1,11,description 未命中关键词,Emergency Reconnaissance UAV | N-TET,"Flexible and rapid in deployment, this UAV can break through limitations of road blockages, mountainous forests, and other complex terrains. The fuselage integrates high-definition optoelectronic cameras, infrared search and rescue, and oth",Emergency Reconnaissance UAV | N-TET,Emergency Reconnaissance UAV,Emergency Reconnaissance UAV Operations | Technical Specifications | Related Equipment | Solution FAQ | Get Expert Drone Defense Advice | Overview | Technical Specifications | Related Equipment | Solution FAQ | Get Expert Drone Defense Advice | Related public pages,.next-five-pages-v2/server/app/en/solutions/emergency-reconnaissance-uav.html
/en/solutions/emergency-search-rescue-uav-solution,en,partial,70,Emergency Search & Rescue UAV Solution,2,true,false,true,false,true,1113,12,1.078,1,16,description 未命中关键词; H2 未命中关键词,Emergency Search & Rescue UAV Solution | N-TET,"A rapid-response UAV solution for disaster reconnaissance, missing-person search, target positioning, supply delivery, and command collaboration across floods, earthquakes, forests, waters, and remote areas.",Emergency Search & Rescue UAV Solution | N-TET,Emergency Search & Rescue UAV Solution,Related Equipment | Related Cases | Solution FAQ | Get Expert Drone Defense Advice | Overview | Industry Pain Points | UAV-Enabled Upgrade | Solution | Related Equipment | Related Cases | Technical Specifications | Related Equipment | Related Cases | Solution FAQ | Get Expert Drone Defense Advice | Related public pages,.next-five-pages-v2/server/app/en/solutions/emergency-search-rescue-uav-solution.html
/en/solutions/enterprise-airspace-monitoring,en,partial,70,Enterprises Drone Defense,2,true,false,true,false,true,654,1,0.153,1,3,description 未命中关键词; H2 未命中关键词,Enterprises Drone Defense | N-TET,"Modern drones have evolved into sophisticated tools for intelligence theft. By hovering near R&D centers or office windows, they can conduct high-resolution visual spying or act as 'flying access points' to intercept wireless signals. These",Enterprises Drone Defense | N-TET,Enterprises Drone Defense,Key Technical Points for Construction | How We Defend Against Drone Interference | Get Expert Drone Defense,.next-five-pages-v2/server/app/en/solutions/enterprise-airspace-monitoring.html
/en/solutions/high-rise-firefighting-uav-solution,en,partial,70,High-Rise Firefighting UAV Solution,2,true,false,true,false,true,1129,12,1.063,1,14,description 未命中关键词; H2 未命中关键词,High-Rise Firefighting UAV Solution | N-TET,"A tethered UAV firefighting solution for high-rise buildings, dense urban blocks, and industrial parks, combining elevated water/agent delivery, window breaking, smoke exhaust, thermal reconnaissance, and command linkage.",High-Rise Firefighting UAV Solution | N-TET,High-Rise Firefighting UAV Solution,Related Equipment | Solution FAQ | Get Expert Drone Defense Advice | Overview | Industry Pain Points | UAV-Enabled Upgrade | Solution | Related Equipment | Related Cases | Technical Specifications | Related Equipment | Solution FAQ | Get Expert Drone Defense Advice | Related public pages,.next-five-pages-v2/server/app/en/solutions/high-rise-firefighting-uav-solution.html
/en/solutions/hydroelectric-dam-protection,en,strong,85,Hydroelectric Dam Protection,2,true,false,true,true,true,1675,14,0.836,1,14,description 未命中关键词,Hydroelectric Dam Protection | N-TET,"A C-UAS operation for hydroelectric dams, reservoirs, powerhouses, spillways, and inspection routes. Based on critical infrastructure protection requirements, it focuses on low-altitude awareness, target identification, location, tracking,",Hydroelectric Dam Protection | N-TET,Hydroelectric Dam Protection,Hydroelectric Dam Protection Operations | Low-Altitude Security Operations for Dam Operations | Solution Modules | Related Equipment | Solution FAQ | Get Expert Drone Defense Advice | Overview | Hydroelectric Dam Protection Operations | Low-Altitude Security Operations for Dam Operations | Solution Modules | Related Equipment | Solution FAQ | Get Expert Drone Defense Advice | Related public pages,.next-five-pages-v2/server/app/en/solutions/hydroelectric-dam-protection.html
/en/solutions/judicial-sector-security,en,strong,85,Judicial Sector Security Protection,2,true,false,true,true,true,1699,14,0.824,1,14,description 未命中关键词,Judicial Sector Security Protection | N-TET,"An integrated judicial C-UAS and security screening solution for courthouse entrances, detention and correctional access points, visitor lobbies, evidence and logistics channels, perimeter roads, and restricted administrative areas. It comb",Judicial Sector Security Protection | N-TET,Judicial Sector Security Protection,Judicial Sector Security Protection Operations | How Integrated Monitoring and Screening Support Judicial Security | Solution Modules | Related Equipment | Solution FAQ | Get Expert Drone Defense Advice | Overview | Judicial Sector Security Protection Operations | How Integrated Monitoring and Screening Support Judicial Security | Solution Modules | Related Equipment | Solution FAQ | Get Expert Drone Defense Advice | Related public pages,.next-five-pages-v2/server/app/en/solutions/judicial-sector-security.html
/en/solutions/land-based-maritime-surveillance,en,strong,85,Land-based Maritime Surveillance & Early Warning,2,true,false,true,true,true,1126,13,1.155,1,11,description 未命中关键词,Land-based Maritime Surveillance & Early Warning | N-TET,"Integrating multi-source information such as radar and optoelectronics, and utilizing intelligent analysis and linkage tracking technology, a digital and intelligent maritime Security control system has been established. It overcomes tradit",Land-based Maritime Surveillance & Early Warning | N-TET,Land-based Maritime Surveillance & Early Warning,Land-based Maritime Surveillance & Early Warning Operations | Technical Specifications | Related Equipment | Solution FAQ | Get Expert Drone Defense Advice | Overview | Technical Specifications | Related Equipment | Solution FAQ | Get Expert Drone Defense Advice | Related public pages,.next-five-pages-v2/server/app/en/solutions/land-based-maritime-surveillance.html
/en/solutions/low-altitude-airspace-monitoring,en,weak,35,low-altitude airspace monitoring,5,false,false,false,false,true,1341,4,0.298,1,4,title 未命中关键词; description 未命中关键词; H1 未命中关键词; H2 未命中关键词,Low-Altitude Airspace Security & C-UAS | N-TET,"Plan a practical low-altitude monitoring workflow around site conditions, sensing coverage, identity and visual verification, command coordination, authorized response and event records.",low-altitude airspace monitoring | low altitude monitoring system | airspace monitoring solution | low altitude security | C-UAS site planning,C-UAS and Anti Drone Detection Systems for Critical Sites,"Cannot See, Cannot Identify, Cannot Control | See Clearly, Identify Clearly, Control Reliably | C-UAS, Counter-Drone and Anti Drone Detection Options | C-UAS Scenarios by Site Type",.next-five-pages-v2/server/app/en/solutions/low-altitude-airspace-monitoring.html
/en/solutions/mass-event-airspace-monitoring,en,partial,70,Mass Events Drone Defense,2,true,false,true,false,true,687,1,0.146,1,3,description 未命中关键词; H2 未命中关键词,Mass Events Drone Defense | N-TET,"The Paris 2024 Olympics served as a high-profile wake-up call when unauthorized drones were caught clandestinely filming competitor training sessions, proving that aerial threats extend beyond physical safety to espionage and the compromise",Mass Events Drone Defense | N-TET,Mass Events Drone Defense,Key Technical Points for Construction | How We Defend Against Drone Interference | Get Expert Drone Defense,.next-five-pages-v2/server/app/en/solutions/mass-event-airspace-monitoring.html
/en/solutions/night-emergency-lighting-support-uav-solution,en,strong,100,tethered lighting UAV,4,true,true,true,true,true,1549,24,1.549,1,16,,Tethered Lighting UAV Solution | N-TET,"tethered lighting UAV is the primary search theme for this page, with related coverage for drone lighting, UAV lighting system, emergency lighting drone.",tethered lighting UAV | drone lighting | UAV lighting system | emergency lighting drone,Tethered Lighting UAV Solution,Tethered Lighting UAV Operations | How UAVs Upgrade Operations | Solution Modules | Related Equipment | Related Cases | Solution FAQ | Get Expert Drone Defense Advice | Overview | Tethered Lighting UAV Operations | How UAVs Upgrade Operations | Solution Modules | Related Equipment | Related Cases | Solution FAQ | Get Expert Drone Defense Advice | Related public pages,.next-five-pages-v2/server/app/en/solutions/night-emergency-lighting-support-uav-solution.html
/en/solutions/oil-production-base-protection,en,strong,100,oil production base C-UAS,5,true,true,true,true,true,1736,23,1.325,1,14,,Oil Production Base C-UAS Solution | N-TET,"This oil production base C-UAS solution supports low-altitude risk detection, target identification, location, tracking, graded warning, and coordinated site response around production units, tank farms, pipeline stations, and loading areas.",oil production base C-UAS | oil and gas C-UAS | low altitude warning | target identification | target tracking,Oil Production Base C-UAS Solution,Oil Production Base C-UAS Operations | Layered Low-Altitude Protection for Oil Production Sites | Solution Modules | Related Equipment | Solution FAQ | Get Expert Drone Defense Advice | Overview | Oil Production Base C-UAS Operations | Layered Low-Altitude Protection for Oil Production Sites | Solution Modules | Related Equipment | Solution FAQ | Get Expert Drone Defense Advice | Related public pages,.next-five-pages-v2/server/app/en/solutions/oil-production-base-protection.html
/en/solutions/port-airspace-monitoring,en,partial,70,Port Security Drone Defense,2,true,false,true,false,true,689,1,0.145,1,3,description 未命中关键词; H2 未命中关键词,Port Security Drone Defense | N-TET,"A harbor's reliance on precise scheduling means that even minor aerial intrusions can trigger a chain reaction of delays, endangering critical infrastructure such as gantry cranes, fuel terminals, and automated logistics systems. Proactive",Port Security Drone Defense | N-TET,Port Security Drone Defense,Key Technical Points for Construction | How We Defend Against Drone Interference | Get Expert Drone Defense,.next-five-pages-v2/server/app/en/solutions/port-airspace-monitoring.html
/en/solutions/portable-drone-detection,en,weak,35,portable C-UAS system,6,false,false,false,false,true,1386,2,0.144,1,7,title 未命中关键词; description 未命中关键词; H1 未命中关键词; H2 未命中关键词,"Portable C-UAS Systems for Handheld, Integrated & Vehicle-Mounted Deployment | N-TET","Compare handheld detectors, hand-carried RF identification systems, integrated C-UAS field kits and vehicle-mounted configurations by operator role, readiness time, power, mobility, evidence workflow and response authorization.",portable C-UAS system | portable drone detector | handheld drone detector | integrated C-UAS field kit | vehicle mounted C-UAS | mobile counter drone system,"Portable C-UAS Systems for Handheld, Integrated & Vehicle-Mounted Deployment","Which portable or mobile C-UAS format fits the task? | Four portable and mobile deployment formats | Handheld, hand-carried, integrated or vehicle-mounted? | Mobile detection to authorized response | Two mobile C-UAS solution scenarios | Portable and vehicle-mounted C-UAS FAQ | Compare portable and mobile C-UAS configurations",.next-five-pages-v2/server/app/en/solutions/portable-drone-detection.html
/en/solutions/post-disaster-emergency-communication-support-uav-solution,en,strong,100,emergency communication UAV,4,true,true,true,true,true,1575,23,1.460,1,16,,Emergency Communication UAV Solution | N-TET,"emergency communication UAV is the primary search theme for this page, with related coverage for disaster response communication drone, tethered communication UAV, public safety UAV communications.",emergency communication UAV | disaster response communication drone | tethered communication UAV | public safety UAV communications,Emergency Communication UAV Solution,Emergency Communication UAV Operations | How UAVs Upgrade Operations | Solution Modules | Related Equipment | Related Cases | Solution FAQ | Get Expert Drone Defense Advice | Overview | Emergency Communication UAV Operations | How UAVs Upgrade Operations | Solution Modules | Related Equipment | Related Cases | Solution FAQ | Get Expert Drone Defense Advice | Related public pages,.next-five-pages-v2/server/app/en/solutions/post-disaster-emergency-communication-support-uav-solution.html
/en/solutions/power-generation-facility-low-altitude-monitoring,en,strong,85,Power Generation Facility C-UAS,2,true,false,true,true,true,1249,15,1.201,1,11,description 未命中关键词,Power Generation Facility C-UAS | N-TET,"A low-altitude C-UAS solution for thermal power plants, substations, wind-power bases, and other energy facilities. The system combines RF monitoring, low-altitude radar, EO verification, alert review, and event records so operators can ide",Power Generation Facility C-UAS | N-TET,Power Generation Facility C-UAS,Power Generation Facility C-UAS Operations | Technical Specifications | Related Equipment | Solution FAQ | Get Expert Drone Defense Advice | Overview | Technical Specifications | Related Equipment | Solution FAQ | Get Expert Drone Defense Advice | Related public pages,.next-five-pages-v2/server/app/en/solutions/power-generation-facility-low-altitude-monitoring.html
/en/solutions/power-line-uav-intelligent-inspection-solution,en,strong,100,drone power line inspection,5,true,true,true,true,true,1640,17,1.037,1,12,,Drone Power Line Inspection Solution | N-TET,"This drone power line inspection solution supports transmission corridor patrol, tower inspection, utility inspection drone operations, and cell tower inspection scenarios for maintenance teams.",drone power line inspection | power line inspection drone | UAV power line inspection | drones for utility inspection | drone cell tower inspection,Drone Power Line Inspection Solution,Drone Power Line Inspection Operations | How UAVs Upgrade Operations | Solution Modules | Solution FAQ | Get Expert Drone Defense Advice | Overview | Drone Power Line Inspection Operations | How UAVs Upgrade Operations | Solution Modules | Solution FAQ | Get Expert Drone Defense Advice | Related public pages,.next-five-pages-v2/server/app/en/solutions/power-line-uav-intelligent-inspection-solution.html
/en/solutions/power-plant-airspace-monitoring,en,partial,70,Power Plants Security Drone Defense,2,true,false,true,false,true,711,1,0.141,1,3,description 未命中关键词; H2 未命中关键词,Power Plants Security Drone Defense | N-TET,"The priority of C-UAS construction at a nuclear power plant is a vital safeguard against catastrophic environmental disasters and the deliberate sabotage of cooling systems. Furthermore, proactive defense is essential to prevent industrial",Power Plants Security Drone Defense | N-TET,Power Plants Security Drone Defense,Key Technical Points for Construction | How We Defend Against Drone Interference | Get Expert Drone Defense,.next-five-pages-v2/server/app/en/solutions/power-plant-airspace-monitoring.html
/en/solutions/power-tower-inspection-uav-solution,en,partial,70,Power Tower Inspection UAV Solution,2,true,false,true,false,true,1130,12,1.062,1,16,description 未命中关键词; H2 未命中关键词,Power Tower Inspection UAV Solution | N-TET,"A UAV-based inspection solution for transmission-line operations, covering routine patrols, fault positioning, disaster response, tree-obstruction checks, and standardized reporting.",Power Tower Inspection UAV Solution | N-TET,Power Tower Inspection UAV Solution,Related Equipment | Related Cases | Solution FAQ | Get Expert Drone Defense Advice | Overview | Industry Pain Points | UAV-Enabled Upgrade | Solution | Related Equipment | Related Cases | Technical Specifications | Related Equipment | Related Cases | Solution FAQ | Get Expert Drone Defense Advice | Related public pages,.next-five-pages-v2/server/app/en/solutions/power-tower-inspection-uav-solution.html
/en/solutions/public-safety-airspace-monitoring,en,partial,70,Public Safety Drone Defense,2,true,false,true,false,true,649,1,0.154,1,3,description 未命中关键词; H2 未命中关键词,Public Safety Drone Defense | N-TET,"Today, unauthorized drones have transitioned from simple nuisances to sophisticated public security threats. They are increasingly utilized for illegal aerial mapping and espionage against sensitive government units, and have even evolved i",Public Safety Drone Defense | N-TET,Public Safety Drone Defense,Key Technical Points for Construction | How We Defend Against Drone Interference | Get Expert Drone Defense,.next-five-pages-v2/server/app/en/solutions/public-safety-airspace-monitoring.html
/en/solutions/rf-interference-device,en,weak,0,,0,false,false,false,false,false,0,0,0.000,0,0,缺少 meta keywords; 缺少 H1; 缺少 H2,Industrial UAV & C-UAS Systems | N-TET,"N-TET builds two core system lines: industrial UAV platforms for inspection and emergency missions, and C-UAS systems for early warning, identification, positioning, tracking, alert linkage, and site response protocols at airports, energy facilities, and public sites.",,,,.next-five-pages-v2/server/app/en/solutions/rf-interference-device.html
/en/solutions/smart-substation-autonomous-inspection-solution,en,partial,70,Smart Substation Autonomous UAV Inspection Solution,2,true,false,true,false,true,1153,12,1.041,1,16,description 未命中关键词; H2 未命中关键词,Smart Substation Autonomous UAV Inspection Solution | N-TET,"An autonomous substation inspection solution combining a UAV dock, industrial UAV platform, multi-source payloads, AI analytics, and a management platform for unattended patrol, thermal measurement, defect recognition, and work-order closur",Smart Substation Autonomous UAV Inspection Solution | N-TET,Smart Substation Autonomous UAV Inspection Solution,Related Equipment | Related Cases | Solution FAQ | Get Expert Drone Defense Advice | Overview | Industry Pain Points | UAV-Enabled Upgrade | Solution | Related Equipment | Related Cases | Technical Specifications | Related Equipment | Related Cases | Solution FAQ | Get Expert Drone Defense Advice | Related public pages,.next-five-pages-v2/server/app/en/solutions/smart-substation-autonomous-inspection-solution.html
/en/solutions/smart-substation-unattended-uav-inspection-solution,en,strong,100,smart substation autonomous inspection,4,true,true,true,true,true,1673,22,1.315,1,16,,Smart Substation Autonomous Inspection Solution | N-TET,"smart substation autonomous inspection is the primary search theme for this page, with related coverage for substation inspection drone, power utility UAV inspection, autonomous UAV inspection.",smart substation autonomous inspection | substation inspection drone | power utility UAV inspection | autonomous UAV inspection,Smart Substation Autonomous Inspection Solution,Smart Substation Autonomous Inspection Operations | How UAVs Upgrade Substation Inspection | Solution Modules | Related Equipment | Related Cases | Solution FAQ | Get Expert Drone Defense Advice | Overview | Smart Substation Autonomous Inspection Operations | How UAVs Upgrade Substation Inspection | Solution Modules | Related Equipment | Related Cases | Solution FAQ | Get Expert Drone Defense Advice | Related public pages,.next-five-pages-v2/server/app/en/solutions/smart-substation-unattended-uav-inspection-solution.html
/en/solutions/sports-event-security,en,strong,85,Large Sports Event C-UAS Security,2,true,false,true,true,true,1695,14,0.826,1,14,description 未命中关键词,Large Sports Event C-UAS Security | N-TET,"An integrated large-event C-UAS and security screening solution for stadium entrances, arenas, exhibition centers, fan zones, media areas, logistics gates, VIP routes, and surrounding public spaces. It combines anti drone early warning, ide",Large Sports Event C-UAS Security | N-TET,Large Sports Event C-UAS Security,Large Sports Event C-UAS Security Operations | How Integrated Monitoring and Screening Support Large Events | Solution Modules | Related Equipment | Solution FAQ | Get Expert Drone Defense Advice | Overview | Large Sports Event C-UAS Security Operations | How Integrated Monitoring and Screening Support Large Events | Solution Modules | Related Equipment | Solution FAQ | Get Expert Drone Defense Advice | Related public pages,.next-five-pages-v2/server/app/en/solutions/sports-event-security.html
/en/solutions/tethered-lighting-uav-solution,en,partial,70,Tethered Lighting UAV Solution,2,true,false,true,false,true,1097,12,1.094,1,16,description 未命中关键词; H2 未命中关键词,Tethered Lighting UAV Solution | N-TET,"A persistent aerial lighting solution that improves night rescue, emergency repair, evacuation, and temporary-site operations with high-altitude continuous illumination.",Tethered Lighting UAV Solution | N-TET,Tethered Lighting UAV Solution,Related Equipment | Related Cases | Solution FAQ | Get Expert Drone Defense Advice | Overview | Industry Pain Points | UAV-Enabled Upgrade | Solution | Related Equipment | Related Cases | Technical Specifications | Related Equipment | Related Cases | Solution FAQ | Get Expert Drone Defense Advice | Related public pages,.next-five-pages-v2/server/app/en/solutions/tethered-lighting-uav-solution.html
/en/solutions/uav-maritime-emergency-rescue,en,strong,85,UAV Maritime Emergency Rescue,2,true,false,true,true,true,1139,13,1.141,1,11,description 未命中关键词,UAV Maritime Emergency Rescue | N-TET,"In case of maritime emergencies, accidents, and various incidents, UAVs can respond quickly and fly to the scene immediately, providing real-time panoramic views and situational information for efficient auxiliary decision-making and remote",UAV Maritime Emergency Rescue | N-TET,UAV Maritime Emergency Rescue,UAV Maritime Emergency Rescue Operations | Technical Specifications | Related Equipment | Solution FAQ | Get Expert Drone Defense Advice | Overview | Technical Specifications | Related Equipment | Solution FAQ | Get Expert Drone Defense Advice | Related public pages,.next-five-pages-v2/server/app/en/solutions/uav-maritime-emergency-rescue.html
/en/solutions/uav-maritime-patrol,en,strong,100,maritime patrol UAV,4,true,true,true,true,true,1639,19,1.159,1,16,,Maritime Patrol UAV Solution | N-TET,"This maritime patrol UAV solution supports coastal monitoring drone routes, port-area observation, border patrol UAV tasks, and wide-area maritime visibility for field teams.",maritime patrol UAV | coastal monitoring drone | border patrol UAV | UAV border patrol,Maritime Patrol UAV Solution,Maritime Patrol UAV Operations | How UAVs Upgrade Operations | Solution Modules | Related Equipment | Related Cases | Solution FAQ | Get Expert Drone Defense Advice | Overview | Maritime Patrol UAV Operations | How UAVs Upgrade Operations | Solution Modules | Related Equipment | Related Cases | Solution FAQ | Get Expert Drone Defense Advice | Related public pages,.next-five-pages-v2/server/app/en/solutions/uav-maritime-patrol.html
/en/solutions/urban-high-rise-firefighting-emergency-uav-solution,en,strong,100,firefighting drone,4,true,true,true,true,true,1631,20,1.226,1,16,,Firefighting Drone Solution | N-TET,"firefighting drone is the primary search theme for this page, with related coverage for high-rise firefighting UAV, drone fire fighting, drone for fire fighting.",firefighting drone | high-rise firefighting UAV | drone fire fighting | drone for fire fighting,Firefighting Drone Solution,Firefighting Drone Operations | How UAVs Upgrade Operations | Solution Modules | Related Equipment | Related Cases | Solution FAQ | Get Expert Drone Defense Advice | Overview | Firefighting Drone Operations | How UAVs Upgrade Operations | Solution Modules | Related Equipment | Related Cases | Solution FAQ | Get Expert Drone Defense Advice | Related public pages,.next-five-pages-v2/server/app/en/solutions/urban-high-rise-firefighting-emergency-uav-solution.html
/en/solutions/vip-private-property-airspace-monitoring,en,partial,70,VIP's and Private Property Drone Defense,2,true,false,true,false,true,636,1,0.157,1,3,description 未命中关键词; H2 未命中关键词,VIP's and Private Property Drone Defense | N-TET,"Our solution empowers security groups to offer 360-degree high-fidelity privacy protection. By integrating unobtrusive fixed sensing with tactical handheld response, we extend the executive protection perimeter from the ground to the sky. O",VIP's and Private Property Drone Defense | N-TET,VIP's and Private Property Drone Defense,Key Technical Points for Construction | How We Defend Against Drone Interference | Get Expert Drone Defense,.next-five-pages-v2/server/app/en/solutions/vip-private-property-airspace-monitoring.html
/en/solutions/water-conservancy-monitoring-uav-solution,en,partial,70,Water Conservancy Monitoring UAV Solution,2,true,false,true,false,true,1129,12,1.063,1,16,description 未命中关键词; H2 未命中关键词,Water Conservancy Monitoring UAV Solution | N-TET,"A UAV monitoring solution for rivers, lakes, reservoirs, flood-control tasks, water-facility inspection, water-quality sampling, pollution tracing, and evidence collection.",Water Conservancy Monitoring UAV Solution | N-TET,Water Conservancy Monitoring UAV Solution,Related Equipment | Related Cases | Solution FAQ | Get Expert Drone Defense Advice | Overview | Industry Pain Points | UAV-Enabled Upgrade | Solution | Related Equipment | Related Cases | Technical Specifications | Related Equipment | Related Cases | Solution FAQ | Get Expert Drone Defense Advice | Related public pages,.next-five-pages-v2/server/app/en/solutions/water-conservancy-monitoring-uav-solution.html
/en/solutions/water-conservancy-river-lake-uav-monitoring-solution,en,strong,100,water conservancy monitoring UAV,4,true,true,true,true,true,1782,22,1.235,1,16,,Water Conservancy Monitoring UAV Solution | N-TET,"This water conservancy monitoring UAV solution supports dam inspection UAV tasks, river lake UAV monitoring, flood monitoring drone patrols, and infrastructure observation for water-resource teams.",water conservancy monitoring UAV | dam inspection UAV | river lake UAV monitoring | flood monitoring drone,Water Conservancy Monitoring UAV Solution,Water Conservancy Monitoring UAV Operations | How UAVs Upgrade Operations | Solution Modules | Related Equipment | Related Cases | Solution FAQ | Get Expert Drone Defense Advice | Overview | Water Conservancy Monitoring UAV Operations | How UAVs Upgrade Operations | Solution Modules | Related Equipment | Related Cases | Solution FAQ | Get Expert Drone Defense Advice | Related public pages,.next-five-pages-v2/server/app/en/solutions/water-conservancy-river-lake-uav-monitoring-solution.html
/es,es,weak,30,sistemas UAV industriales,5,true,false,false,false,false,1180,0,0.000,1,6,description 未命中关键词; H1 未命中关键词; H2 未命中关键词; 正文未命中精确关键词短语,Sistemas UAV industriales y monitoreo de baja altitud | N-TET,"N-TET conecta plataformas UAV industriales, monitoreo aéreo de baja altitud, flujos de inspección y sistemas de inspección de seguridad para infraestructura y sitios públicos.",sistemas UAV industriales | monitoreo de baja altitud | dron de inspección UAV | UAV de emergencia | equipos de monitoreo aéreo,Fabricante profesional de equipos C-UAS y proveedor de sistemas,Soluciones contra drones | Seleccione su equipo contra drones | Ver. Identificar. Control. | Acerca de nosotros | Proyectos contra drones | Díganos el sitio y el tipo de dispositivo,.next-five-pages-v2/server/app/es.html
/es/about,es,partial,65,integrador de sistemas UAV industriales,4,true,true,false,false,true,2237,10,0.447,1,18,H1 未命中关键词; H2 未命中关键词,Acerca de N-TET | Integrador de UAV industriales y monitoreo,"Conozca cómo N-TET conecta plataformas UAV, monitoreo aéreo, inspección de seguridad y entrega de proyectos para infraestructura y sitios públicos.",integrador de sistemas UAV industriales | proveedor de sistemas UAV | monitoreo de baja altitud | N-TET,Equipos y soluciones de sistema C-UAS,"Experiencia en equipos aplicada hasta la entrega. | Equipos C-UAS adaptados a condiciones reales de despliegue. | Detección RF, tratamiento de señales y fusión de datos. | Donde el desarrollo RF se combina con ensayos repetibles. | Preparación y ensayo de equipos | Un proceso visible desde el requisito hasta la entrega. | Preguntas que suelen hacer primero los compradores. | Indique el emplazamiento, el despliegue y el equipo necesario. | ¡Consigue una defensa experta con drones! | Experiencia en equipos aplicada hasta la entrega. | Equipos, configuración y entrega. | Detección RF, tratamiento de señales y fusión de datos. | Donde el desarrollo RF se combina con ensayos repetibles. | Preparación y ensayo de equipos | Cuatro etapas visibles del proyecto. | Primeras preguntas de los compradores. | Indique el emplazamiento y la forma de despliegue. | ¡Consigue una defensa experta con drones!",.next-five-pages-v2/server/app/es/about.html
/es/accessories,es,strong,95,accesorios para drones,5,true,true,true,true,true,956,33,3.452,1,11,关键词密度偏高，需要检查堆砌风险,Accesorios para drones y componentes UAV | N-TET,"Consulte componentes UAV de N-TET para control de vuelo, propulsión, enlaces de datos, energía y cargas EO en proyectos industriales.",accesorios para drones | componentes UAV | gimbal UAV | motor UAV | enlace de datos UAV,Componentes UAV para la integración de sistemas,Accesorios para drones y componentes UAV para plataformas industriales | Controladores de vuelo | Motores UAV | Hélices UAV | Baterías UAV | Gimbals electro-ópticos | Motores UAV | Enlaces de datos UAV | Controles remotos UAV | FAQ de productos de accesorios | ¡Consigue una defensa experta con drones!,.next-five-pages-v2/server/app/es/accessories.html
/es/accessories/fc-bt1,es,strong,85,Batería de estado sólido para UAV FC-BT1,4,true,false,true,true,true,3717,7,0.188,1,5,description 未命中关键词,Batería de estado sólido para UAV FC-BT1 | N-TET Drone Accessories,"FC-BT1 es una serie de baterías de litio de estado sólido de 280Wh/kg, 4.2V 10C y capacidades de 16Ah-30Ah para UAV industriales de inspección, mapeo, VTOL y multirrotor, robots y embarcaciones no tripuladas.",Batería de estado sólido para UAV FC-BT1 | drone accessories | UAV components | industrial UAV parts,Batería de estado sólido para UAV FC-BT1,Batería de estado sólido para UAV FC-BT1 Technical Specifications | ¡Consigue una defensa experta con drones! | Resumen | Especificaciones técnicas | ¡Consigue una defensa experta con drones!,.next-five-pages-v2/server/app/es/accessories/fc-bt1.html
/es/accessories/fc-bt2,es,strong,85,Batería de estado sólido para UAV FC-BT2,4,true,false,true,true,true,3163,7,0.221,1,5,description 未命中关键词,Batería de estado sólido para UAV FC-BT2 | N-TET Drone Accessories,"FC-BT2 es una serie mejorada basada en FC-BT1, con densidad energética de 310Wh/kg, mayor resistencia al viento y seguridad de aterrizaje para UAV industriales de inspección, mapeo, VTOL y multirrotor.",Batería de estado sólido para UAV FC-BT2 | drone accessories | UAV components | industrial UAV parts,Batería de estado sólido para UAV FC-BT2,Batería de estado sólido para UAV FC-BT2 Technical Specifications | ¡Consigue una defensa experta con drones! | Resumen | Especificaciones técnicas | ¡Consigue una defensa experta con drones!,.next-five-pages-v2/server/app/es/accessories/fc-bt2.html
/es/accessories/fc-bt3,es,strong,85,Batería de estado sólido de alto voltaje para UAV FC-BT3,4,true,false,true,true,true,3306,7,0.212,1,5,description 未命中关键词,Batería de estado sólido de alto voltaje para UAV FC-BT3 | N-TET Drone Accessories,"FC-BT3 es una serie de baterías de estado sólido de alto voltaje 4.35V, con mayor tasa de descarga y menor caída de tensión para VTOL de gran carga y aeronaves con alta diferencia de demanda entre despegue vertical y crucero.",Batería de estado sólido de alto voltaje para UAV FC-BT3 | drone accessories | UAV components | industrial UAV parts,Batería de estado sólido de alto voltaje para UAV FC-BT3,Batería de estado sólido de alto voltaje para UAV FC-BT3 Technical Specifications | ¡Consigue una defensa experta con drones! | Resumen | Especificaciones técnicas | ¡Consigue una defensa experta con drones!,.next-five-pages-v2/server/app/es/accessories/fc-bt3.html
/es/accessories/fc-bt4,es,strong,85,Batería de estado sólido de alta energía para UAV FC-BT4,4,true,false,true,true,true,5282,7,0.133,1,5,description 未命中关键词,Batería de estado sólido de alta energía para UAV FC-BT4 | N-TET Drone Accessories,"FC-BT4 es una serie de baterías de estado sólido de 340Wh/kg que combina baja caída de tensión, alta seguridad, larga vida útil y buena relación costo-rendimiento para UAV de reconocimiento, solar, mapeo, seguridad y larga autonomía.",Batería de estado sólido de alta energía para UAV FC-BT4 | drone accessories | UAV components | industrial UAV parts,Batería de estado sólido de alta energía para UAV FC-BT4,Batería de estado sólido de alta energía para UAV FC-BT4 Technical Specifications | ¡Consigue una defensa experta con drones! | Resumen | Especificaciones técnicas | ¡Consigue una defensa experta con drones!,.next-five-pages-v2/server/app/es/accessories/fc-bt4.html
/es/accessories/fc-btg,es,strong,85,Batería de estado sólido para formación UAV FC-BTG,4,true,false,true,true,true,2356,7,0.297,1,5,description 未命中关键词,Batería de estado sólido para formación UAV FC-BTG | N-TET Drone Accessories,"FC-BTG es una serie rentable de baterías de estado sólido para formación, logística y operaciones eléctricas, con configuraciones FC-BTG-TG1 y FC-BTG-TG3, salida estable, larga autonomía y adaptación a prácticas de enseñanza.",Batería de estado sólido para formación UAV FC-BTG | drone accessories | UAV components | industrial UAV parts,Batería de estado sólido para formación UAV FC-BTG,Batería de estado sólido para formación UAV FC-BTG Technical Specifications | ¡Consigue una defensa experta con drones! | Resumen | Especificaciones técnicas | ¡Consigue una defensa experta con drones!,.next-five-pages-v2/server/app/es/accessories/fc-btg.html
/es/accessories/fc-c2d-propeller,es,strong,85,Hélice UAV FC-C2D,4,true,false,true,true,true,1115,5,0.448,1,5,description 未命中关键词,Hélice UAV FC-C2D | N-TET Drone Accessories,Rango de dimensiones: 11~42 pulgadas; empuje máximo: 12.42kgf (7000RPM); eficiencia máxima de hélice: 11.08gf/W (2821RPM).,Hélice UAV FC-C2D | drone accessories | UAV components | industrial UAV parts,Hélice UAV FC-C2D,Hélice UAV FC-C2D Technical Specifications | ¡Consigue una defensa experta con drones! | Resumen | Especificaciones técnicas | ¡Consigue una defensa experta con drones!,.next-five-pages-v2/server/app/es/accessories/fc-c2d-propeller.html
/es/accessories/fc-c2e-propeller,es,strong,85,Hélice UAV FC-C2E,4,true,false,true,true,true,1069,5,0.468,1,5,description 未命中关键词,Hélice UAV FC-C2E | N-TET Drone Accessories,Rango de dimensiones: 8~32 pulgadas; empuje máximo: 10.84kgf (6261RPM); eficiencia máxima de hélice: 10.83gf/W (3442RPM).,Hélice UAV FC-C2E | drone accessories | UAV components | industrial UAV parts,Hélice UAV FC-C2E,Hélice UAV FC-C2E Technical Specifications | ¡Consigue una defensa experta con drones! | Resumen | Especificaciones técnicas | ¡Consigue una defensa experta con drones!,.next-five-pages-v2/server/app/es/accessories/fc-c2e-propeller.html
/es/accessories/fc-c2t-propeller,es,strong,85,Hélice UAV FC-C2T,4,true,false,true,true,true,1099,5,0.455,1,5,description 未命中关键词,Hélice UAV FC-C2T | N-TET Drone Accessories,Rango de dimensiones: 14~46 pulgadas; empuje máximo: 24.99kgf (7850RPM); eficiencia máxima de hélice: 8.49gf/W (3036RPM).,Hélice UAV FC-C2T | drone accessories | UAV components | industrial UAV parts,Hélice UAV FC-C2T,Hélice UAV FC-C2T Technical Specifications | ¡Consigue una defensa experta con drones! | Resumen | Especificaciones técnicas | ¡Consigue una defensa experta con drones!,.next-five-pages-v2/server/app/es/accessories/fc-c2t-propeller.html
/es/accessories/fc-c2u-propeller,es,strong,85,Hélice UAV FC-C2U,4,true,false,true,true,true,1079,5,0.463,1,5,description 未命中关键词,Hélice UAV FC-C2U | N-TET Drone Accessories,Rango de dimensiones: 16~47 pulgadas; empuje máximo: 38.70kgf (7279RPM); eficiencia máxima de hélice: 12.63gf/W (2309RPM).,Hélice UAV FC-C2U | drone accessories | UAV components | industrial UAV parts,Hélice UAV FC-C2U,Hélice UAV FC-C2U Technical Specifications | ¡Consigue una defensa experta con drones! | Resumen | Especificaciones técnicas | ¡Consigue una defensa experta con drones!,.next-five-pages-v2/server/app/es/accessories/fc-c2u-propeller.html
/es/accessories/fc-c2ud-propeller,es,strong,85,Hélice UAV FC-C2UD,4,true,false,true,true,true,1153,5,0.434,1,5,description 未命中关键词,Hélice UAV FC-C2UD | N-TET Drone Accessories,Rango de dimensiones: 18~40 pulgadas; empuje máximo: 37.65kgf (7838RPM); eficiencia máxima de hélice: 6.64gf/W (3720RPM).,Hélice UAV FC-C2UD | drone accessories | UAV components | industrial UAV parts,Hélice UAV FC-C2UD,Hélice UAV FC-C2UD Technical Specifications | ¡Consigue una defensa experta con drones! | Resumen | Especificaciones técnicas | ¡Consigue una defensa experta con drones!,.next-five-pages-v2/server/app/es/accessories/fc-c2ud-propeller.html
/es/accessories/fc-fdj-111,es,strong,100,Motor UAV FC-FDJ-111,4,true,true,true,true,true,861,7,0.813,1,5,,Motor UAV FC-FDJ-111 | N-TET Drone Accessories,"Motor UAV FC-FDJ-111 con cilindrada 111.2cm3, potencia/rendimiento 11.2HP/7500rpm, empuje estático 25.5kg/altitud 100m.",Motor UAV FC-FDJ-111 | drone accessories | UAV components | industrial UAV parts,Motor UAV FC-FDJ-111,Motor UAV FC-FDJ-111 Technical Specifications | ¡Consigue una defensa experta con drones! | Resumen | Especificaciones técnicas | ¡Consigue una defensa experta con drones!,.next-five-pages-v2/server/app/es/accessories/fc-fdj-111.html
/es/accessories/fc-fdj-120,es,strong,100,Motor UAV FC-FDJ-120,4,true,true,true,true,true,841,7,0.832,1,5,,Motor UAV FC-FDJ-120 | N-TET Drone Accessories,"Motor UAV FC-FDJ-120 con cilindrada 120cm3, potencia/rendimiento 12HP/7500rpm, empuje estático 26.5kg/altitud 100m.",Motor UAV FC-FDJ-120 | drone accessories | UAV components | industrial UAV parts,Motor UAV FC-FDJ-120,Motor UAV FC-FDJ-120 Technical Specifications | ¡Consigue una defensa experta con drones! | Resumen | Especificaciones técnicas | ¡Consigue una defensa experta con drones!,.next-five-pages-v2/server/app/es/accessories/fc-fdj-120.html
/es/accessories/fc-fdj-120hd,es,strong,100,Motor UAV FC-FDJ-120HD,4,true,true,true,true,true,835,7,0.838,1,5,,Motor UAV FC-FDJ-120HD | N-TET Drone Accessories,"Motor UAV FC-FDJ-120HD con cilindrada 120cm3, potencia/rendimiento 7.35KW(0altitud)/8000rpm.",Motor UAV FC-FDJ-120HD | drone accessories | UAV components | industrial UAV parts,Motor UAV FC-FDJ-120HD,Motor UAV FC-FDJ-120HD Technical Specifications | ¡Consigue una defensa experta con drones! | Resumen | Especificaciones técnicas | ¡Consigue una defensa experta con drones!,.next-five-pages-v2/server/app/es/accessories/fc-fdj-120hd.html
/es/accessories/fc-fdj-170,es,strong,100,Motor UAV FC-FDJ-170,4,true,true,true,true,true,831,7,0.842,1,5,,Motor UAV FC-FDJ-170 | N-TET Drone Accessories,"Motor UAV FC-FDJ-170 con cilindrada 170cm3, potencia/rendimiento 17.5HP/7500rpm, empuje estático 35kg/altitud 100m.",Motor UAV FC-FDJ-170 | drone accessories | UAV components | industrial UAV parts,Motor UAV FC-FDJ-170,Motor UAV FC-FDJ-170 Technical Specifications | ¡Consigue una defensa experta con drones! | Resumen | Especificaciones técnicas | ¡Consigue una defensa experta con drones!,.next-five-pages-v2/server/app/es/accessories/fc-fdj-170.html
/es/accessories/fc-fdj-200,es,strong,100,Motor UAV FC-FDJ-200,4,true,true,true,true,true,839,7,0.834,1,5,,Motor UAV FC-FDJ-200 | N-TET Drone Accessories,"Motor UAV FC-FDJ-200 con cilindrada 200CC, potencia/rendimiento 20HP/7500rpm.",Motor UAV FC-FDJ-200 | drone accessories | UAV components | industrial UAV parts,Motor UAV FC-FDJ-200,Motor UAV FC-FDJ-200 Technical Specifications | ¡Consigue una defensa experta con drones! | Resumen | Especificaciones técnicas | ¡Consigue una defensa experta con drones!,.next-five-pages-v2/server/app/es/accessories/fc-fdj-200.html
/es/accessories/fc-fdj-222,es,strong,100,Motor UAV FC-FDJ-222,4,true,true,true,true,true,845,7,0.828,1,5,,Motor UAV FC-FDJ-222 | N-TET Drone Accessories,"Motor UAV FC-FDJ-222 con cilindrada 222.5cm3, potencia/rendimiento 21.5HP/7500rpm, empuje estático 51kg/altitud 100m.",Motor UAV FC-FDJ-222 | drone accessories | UAV components | industrial UAV parts,Motor UAV FC-FDJ-222,Motor UAV FC-FDJ-222 Technical Specifications | ¡Consigue una defensa experta con drones! | Resumen | Especificaciones técnicas | ¡Consigue una defensa experta con drones!,.next-five-pages-v2/server/app/es/accessories/fc-fdj-222.html
/es/accessories/fc-fdj-430,es,strong,100,Motor UAV FC-FDJ-430,4,true,true,true,true,true,1011,7,0.692,1,5,,Motor UAV FC-FDJ-430 | N-TET Drone Accessories,"Motor UAV FC-FDJ-430 con cilindrada 430.8cc, potencia/rendimiento 42HP at 6800 RPM, empuje estático 110kg.",Motor UAV FC-FDJ-430 | drone accessories | UAV components | industrial UAV parts,Motor UAV FC-FDJ-430,Motor UAV FC-FDJ-430 Technical Specifications | ¡Consigue una defensa experta con drones! | Resumen | Especificaciones técnicas | ¡Consigue una defensa experta con drones!,.next-five-pages-v2/server/app/es/accessories/fc-fdj-430.html
/es/accessories/fc-fdj-55,es,strong,100,Motor UAV FC-FDJ-55,4,true,true,true,true,true,865,7,0.809,1,5,,Motor UAV FC-FDJ-55 | N-TET Drone Accessories,"Motor UAV FC-FDJ-55 con cilindrada 55.6cm3, potencia/rendimiento 5.5HP/8500rpm, empuje estático 14.5kg/altitud 100m.",Motor UAV FC-FDJ-55 | drone accessories | UAV components | industrial UAV parts,Motor UAV FC-FDJ-55,Motor UAV FC-FDJ-55 Technical Specifications | ¡Consigue una defensa experta con drones! | Resumen | Especificaciones técnicas | ¡Consigue una defensa experta con drones!,.next-five-pages-v2/server/app/es/accessories/fc-fdj-55.html
/es/accessories/fc-fdj-60,es,strong,100,Motor UAV FC-FDJ-60,4,true,true,true,true,true,841,7,0.832,1,5,,Motor UAV FC-FDJ-60 | N-TET Drone Accessories,"Motor UAV FC-FDJ-60 con cilindrada 61cm3, potencia/rendimiento 7HP/8500rpm, empuje estático 15.2kg/altitud 100m.",Motor UAV FC-FDJ-60 | drone accessories | UAV components | industrial UAV parts,Motor UAV FC-FDJ-60,Motor UAV FC-FDJ-60 Technical Specifications | ¡Consigue una defensa experta con drones! | Resumen | Especificaciones técnicas | ¡Consigue una defensa experta con drones!,.next-five-pages-v2/server/app/es/accessories/fc-fdj-60.html
/es/accessories/fc-fdj-61,es,strong,100,Motor UAV FC-FDJ-61,4,true,true,true,true,true,839,7,0.834,1,5,,Motor UAV FC-FDJ-61 | N-TET Drone Accessories,"Motor UAV FC-FDJ-61 con cilindrada 60cm3, potencia/rendimiento 6HP/7500rpm, empuje estático 15kg/altitud 100m.",Motor UAV FC-FDJ-61 | drone accessories | UAV components | industrial UAV parts,Motor UAV FC-FDJ-61,Motor UAV FC-FDJ-61 Technical Specifications | ¡Consigue una defensa experta con drones! | Resumen | Especificaciones técnicas | ¡Consigue una defensa experta con drones!,.next-five-pages-v2/server/app/es/accessories/fc-fdj-61.html
/es/accessories/fc-fdj-70hd,es,strong,100,Motor UAV FC-FDJ-70HD,4,true,true,true,true,true,837,7,0.836,1,5,,Motor UAV FC-FDJ-70HD | N-TET Drone Accessories,"Motor UAV FC-FDJ-70HD con cilindrada 70cm3, potencia/rendimiento 4.2KW(0altitud)/8300rpm.",Motor UAV FC-FDJ-70HD | drone accessories | UAV components | industrial UAV parts,Motor UAV FC-FDJ-70HD,Motor UAV FC-FDJ-70HD Technical Specifications | ¡Consigue una defensa experta con drones! | Resumen | Especificaciones técnicas | ¡Consigue una defensa experta con drones!,.next-five-pages-v2/server/app/es/accessories/fc-fdj-70hd.html
/es/accessories/fc-fdj-85,es,strong,100,Motor UAV FC-FDJ-85,4,true,true,true,true,true,839,7,0.834,1,5,,Motor UAV FC-FDJ-85 | N-TET Drone Accessories,"Motor UAV FC-FDJ-85 con cilindrada 85cm3, potencia/rendimiento 8.5HP/9000rpm, empuje estático 21kg/altitud 100m.",Motor UAV FC-FDJ-85 | drone accessories | UAV components | industrial UAV parts,Motor UAV FC-FDJ-85,Motor UAV FC-FDJ-85 Technical Specifications | ¡Consigue una defensa experta con drones! | Resumen | Especificaciones técnicas | ¡Consigue una defensa experta con drones!,.next-five-pages-v2/server/app/es/accessories/fc-fdj-85.html
/es/accessories/fc-l10tr-three-light-gimbal,es,strong,100,FC-L10TR gimbal electro-optico,4,true,true,true,true,true,1469,7,0.477,1,5,,FC-L10TR gimbal electro-optico | N-TET Drone Accessories,"FC-L10TR gimbal electro-optico: zoom optico continuo 10x + imagen termica + telemetria laser de 905nm; telemetria laser de 5m-1500m, peso <=800g.",FC-L10TR gimbal electro-optico | drone accessories | UAV components | industrial UAV parts,FC-L10TR gimbal electro-optico,FC-L10TR gimbal electro-optico Technical Specifications | ¡Consigue una defensa experta con drones! | Resumen | Especificaciones técnicas | ¡Consigue una defensa experta con drones!,.next-five-pages-v2/server/app/es/accessories/fc-l10tr-three-light-gimbal.html
/es/accessories/fc-l40-smart-optical-pod,es,strong,100,FC-L40 gimbal electro-optico,4,true,true,true,true,true,1257,7,0.557,1,5,,FC-L40 gimbal electro-optico | N-TET Drone Accessories,"FC-L40 gimbal electro-optico: zoom optico de luz visible 40x; peso <=1kg, dimensiones <=Phi115mm x 175mm.",FC-L40 gimbal electro-optico | drone accessories | UAV components | industrial UAV parts,FC-L40 gimbal electro-optico,FC-L40 gimbal electro-optico Technical Specifications | ¡Consigue una defensa experta con drones! | Resumen | Especificaciones técnicas | ¡Consigue una defensa experta con drones!,.next-five-pages-v2/server/app/es/accessories/fc-l40-smart-optical-pod.html
/es/accessories/fc-l40t-dual-light-gimbal,es,strong,100,FC-L40T gimbal electro-optico,4,true,true,true,true,true,1397,7,0.501,1,5,,FC-L40T gimbal electro-optico | N-TET Drone Accessories,"FC-L40T gimbal electro-optico: luz visible 1920x1080, rango de zoom 40x de 4.25-170mm; imagen termica 640x512, peso <=1.1kg.",FC-L40T gimbal electro-optico | drone accessories | UAV components | industrial UAV parts,FC-L40T gimbal electro-optico,FC-L40T gimbal electro-optico Technical Specifications | ¡Consigue una defensa experta con drones! | Resumen | Especificaciones técnicas | ¡Consigue una defensa experta con drones!,.next-five-pages-v2/server/app/es/accessories/fc-l40t-dual-light-gimbal.html
/es/accessories/fc-l40tr-smart-optical-pod,es,strong,100,FC-L40TR gimbal electro-optico,4,true,true,true,true,true,1463,7,0.478,1,5,,FC-L40TR gimbal electro-optico | N-TET Drone Accessories,"FC-L40TR gimbal electro-optico: luz visible 40x + imagen termica 640x512 + telemetria laser de 1535nm; telemetria laser de 20m-3000m, peso <=1.3kg.",FC-L40TR gimbal electro-optico | drone accessories | UAV components | industrial UAV parts,FC-L40TR gimbal electro-optico,FC-L40TR gimbal electro-optico Technical Specifications | ¡Consigue una defensa experta con drones! | Resumen | Especificaciones técnicas | ¡Consigue una defensa experta con drones!,.next-five-pages-v2/server/app/es/accessories/fc-l40tr-smart-optical-pod.html
/es/accessories/fc-l50-smart-optical-pod,es,strong,100,FC-L50 gimbal electro-optico,4,true,true,true,true,true,1285,7,0.545,1,5,,FC-L50 gimbal electro-optico | N-TET Drone Accessories,"FC-L50 gimbal electro-optico: modulo infrarrojo no refrigerado de 1280 x 1024; distancia focal termica de 50mm, peso <=1.5kg.",FC-L50 gimbal electro-optico | drone accessories | UAV components | industrial UAV parts,FC-L50 gimbal electro-optico,FC-L50 gimbal electro-optico Technical Specifications | ¡Consigue una defensa experta con drones! | Resumen | Especificaciones técnicas | ¡Consigue una defensa experta con drones!,.next-five-pages-v2/server/app/es/accessories/fc-l50-smart-optical-pod.html
/es/accessories/fc-ln100-dual-light-gimbal,es,strong,100,FC-LN100 gimbal electro-optico,4,true,true,true,true,true,1381,7,0.507,1,5,,FC-LN100 gimbal electro-optico | N-TET Drone Accessories,"FC-LN100 gimbal electro-optico: luz visible 4K de foco fijo + imagen termica 640x512; peso <=260g, consumo medio 10w.",FC-LN100 gimbal electro-optico | drone accessories | UAV components | industrial UAV parts,FC-LN100 gimbal electro-optico,FC-LN100 gimbal electro-optico Technical Specifications | ¡Consigue una defensa experta con drones! | Resumen | Especificaciones técnicas | ¡Consigue una defensa experta con drones!,.next-five-pages-v2/server/app/es/accessories/fc-ln100-dual-light-gimbal.html
/es/accessories/fc-ln95-dual-light-gimbal,es,strong,100,FC-LN95 gimbal electro-optico,4,true,true,true,true,true,1501,7,0.466,1,5,,FC-LN95 gimbal electro-optico | N-TET Drone Accessories,"FC-LN95 gimbal electro-optico: camaras duales de luz visible de foco fijo, resolucion 3840x2160; peso <=260g, dimensiones <=Phi64mm x 90mm.",FC-LN95 gimbal electro-optico | drone accessories | UAV components | industrial UAV parts,FC-LN95 gimbal electro-optico,FC-LN95 gimbal electro-optico Technical Specifications | ¡Consigue una defensa experta con drones! | Resumen | Especificaciones técnicas | ¡Consigue una defensa experta con drones!,.next-five-pages-v2/server/app/es/accessories/fc-ln95-dual-light-gimbal.html
/es/accessories/fc-max-5330,es,strong,100,Motor UAV FC-MAX 5330,4,true,true,true,true,true,4402,7,0.159,1,5,,Motor UAV FC-MAX 5330 | N-TET Drone Accessories,Motor UAV FC-MAX 5330 parámetros clave: Empuje máximo: 11 kg / 11.5 kg; Tensión nominal de trabajo: 12S; Valor KV: 220 KV / 260 KV.,Motor UAV FC-MAX 5330 | drone accessories | UAV components | industrial UAV parts,Motor UAV FC-MAX 5330,Motor UAV FC-MAX 5330 Technical Specifications | ¡Consigue una defensa experta con drones! | Resumen | Especificaciones técnicas | ¡Consigue una defensa experta con drones!,.next-five-pages-v2/server/app/es/accessories/fc-max-5330.html
/es/accessories/fc-mesh-100,es,strong,85,FC-Mesh-100 enlace de datos UAV,4,true,false,true,true,true,1391,5,0.359,1,5,description 未命中关键词,FC-Mesh-100 enlace de datos UAV | N-TET Drone Accessories,"FC-Mesh-100 es una radio aérea de red autoorganizada para comunicación UAV multinodo, retransmisión y coordinación aire-tierra.",FC-Mesh-100 enlace de datos UAV | drone accessories | UAV components | industrial UAV parts,FC-Mesh-100 enlace de datos UAV,FC-Mesh-100 enlace de datos UAV Technical Specifications | ¡Consigue una defensa experta con drones! | Resumen | Especificaciones técnicas | ¡Consigue una defensa experta con drones!,.next-five-pages-v2/server/app/es/accessories/fc-mesh-100.html
/es/accessories/fc-mini-l10tr-smart-optical-pod,es,strong,100,FC-MiniL10TR gimbal electro-optico,4,true,true,true,true,true,1437,7,0.487,1,5,,FC-MiniL10TR gimbal electro-optico | N-TET Drone Accessories,"FC-MiniL10TR gimbal electro-optico: luz visible de 48MP con zoom hibrido 10x + infrarrojo + telemetria laser; peso <=400g, dimensiones <=95mm x 97mm x 147mm.",FC-MiniL10TR gimbal electro-optico | drone accessories | UAV components | industrial UAV parts,FC-MiniL10TR gimbal electro-optico,FC-MiniL10TR gimbal electro-optico Technical Specifications | ¡Consigue una defensa experta con drones! | Resumen | Especificaciones técnicas | ¡Consigue una defensa experta con drones!,.next-five-pages-v2/server/app/es/accessories/fc-mini-l10tr-smart-optical-pod.html
/es/accessories/fc-pab-propeller,es,strong,85,Hélice UAV FC-PAB,4,true,false,true,true,true,1113,5,0.449,1,5,description 未命中关键词,Hélice UAV FC-PAB | N-TET Drone Accessories,Rango de dimensiones: 15.2~36.2 pulgadas; empuje máximo: 26.41kgf (4817RPM); eficiencia máxima de hélice: 17.52gf/W (1476RPM).,Hélice UAV FC-PAB | drone accessories | UAV components | industrial UAV parts,Hélice UAV FC-PAB,Hélice UAV FC-PAB Technical Specifications | ¡Consigue una defensa experta con drones! | Resumen | Especificaciones técnicas | ¡Consigue una defensa experta con drones!,.next-five-pages-v2/server/app/es/accessories/fc-pab-propeller.html
/es/accessories/fc-pad-propeller,es,strong,85,Hélice UAV FC-PAD,4,true,false,true,true,true,1101,5,0.454,1,5,description 未命中关键词,Hélice UAV FC-PAD | N-TET Drone Accessories,Rango de dimensiones: 18.3~46.3 pulgadas; empuje máximo: 25.10kgf (4663RPM); eficiencia máxima de hélice: 13.99gf/W (1825RPM).,Hélice UAV FC-PAD | drone accessories | UAV components | industrial UAV parts,Hélice UAV FC-PAD,Hélice UAV FC-PAD Technical Specifications | ¡Consigue una defensa experta con drones! | Resumen | Especificaciones técnicas | ¡Consigue una defensa experta con drones!,.next-five-pages-v2/server/app/es/accessories/fc-pad-propeller.html
/es/accessories/fc-pae-propeller,es,strong,85,Hélice UAV FC-PAE,4,true,false,true,true,true,1095,5,0.457,1,5,description 未命中关键词,Hélice UAV FC-PAE | N-TET Drone Accessories,Rango de dimensiones: 18.3~32.3 pulgadas; empuje máximo: 6.42kgf (6520RPM); eficiencia máxima de hélice: 20.14gf/W (1820RPM).,Hélice UAV FC-PAE | drone accessories | UAV components | industrial UAV parts,Hélice UAV FC-PAE,Hélice UAV FC-PAE Technical Specifications | ¡Consigue una defensa experta con drones! | Resumen | Especificaciones técnicas | ¡Consigue una defensa experta con drones!,.next-five-pages-v2/server/app/es/accessories/fc-pae-propeller.html
/es/accessories/fc-pbf-propeller,es,strong,85,Hélice UAV FC-PBF,4,true,false,true,true,true,1039,5,0.481,1,5,description 未命中关键词,Hélice UAV FC-PBF | N-TET Drone Accessories,Rango de dimensiones: 16.1~48.1 pulgadas; empuje máximo: 43.52kgf (3373RPM); eficiencia máxima de hélice: 13.97gf/W (1385RPM).,Hélice UAV FC-PBF | drone accessories | UAV components | industrial UAV parts,Hélice UAV FC-PBF,Hélice UAV FC-PBF Technical Specifications | ¡Consigue una defensa experta con drones! | Resumen | Especificaciones técnicas | ¡Consigue una defensa experta con drones!,.next-five-pages-v2/server/app/es/accessories/fc-pbf-propeller.html
/es/accessories/fc-rm10x,es,strong,100,Motor UAV FC-RM10X,4,true,true,true,true,true,1651,7,0.424,1,5,,Motor UAV FC-RM10X | N-TET Drone Accessories,Motor UAV FC-RM10X parámetros clave: Empuje máximo: 12081g/eje @48Vnivel del mar; Peso de despegue recomendado: 4500-6000g/eje @48Vnivel del mar.,Motor UAV FC-RM10X | drone accessories | UAV components | industrial UAV parts,Motor UAV FC-RM10X,Motor UAV FC-RM10X Technical Specifications | ¡Consigue una defensa experta con drones! | Resumen | Especificaciones técnicas | ¡Consigue una defensa experta con drones!,.next-five-pages-v2/server/app/es/accessories/fc-rm10x.html
/es/accessories/fc-rm30,es,strong,100,Motor UAV FC-RM30,4,true,true,true,true,true,5101,7,0.137,1,5,,Motor UAV FC-RM30 | N-TET Drone Accessories,Motor UAV FC-RM30 parámetros clave: Empuje máximo: 74.7 kg / 69.6 kg; Tensión nominal de trabajo: 96S / 24S; Valor KV: 10 KV / 43 KV.,Motor UAV FC-RM30 | drone accessories | UAV components | industrial UAV parts,Motor UAV FC-RM30,Motor UAV FC-RM30 Technical Specifications | ¡Consigue una defensa experta con drones! | Resumen | Especificaciones técnicas | ¡Consigue una defensa experta con drones!,.next-five-pages-v2/server/app/es/accessories/fc-rm30.html
/es/accessories/fc-sjl-100,es,strong,85,FC-SJL-100 enlace de datos UAV,4,true,false,true,true,true,1261,5,0.397,1,5,description 未命中关键词,FC-SJL-100 enlace de datos UAV | N-TET Drone Accessories,FC-SJL-100 ofrece transmisión aire-tierra de video y datos a 100 km+ con interfaz J30J para UAV y plataformas robóticas.,FC-SJL-100 enlace de datos UAV | drone accessories | UAV components | industrial UAV parts,FC-SJL-100 enlace de datos UAV,FC-SJL-100 enlace de datos UAV Technical Specifications | ¡Consigue una defensa experta con drones! | Resumen | Especificaciones técnicas | ¡Consigue una defensa experta con drones!,.next-five-pages-v2/server/app/es/accessories/fc-sjl-100.html
/es/accessories/fc-sjl-200,es,strong,85,FC-SJL-200 enlace de datos UAV,4,true,false,true,true,true,1271,5,0.393,1,5,description 未命中关键词,FC-SJL-200 enlace de datos UAV | N-TET Drone Accessories,"FC-SJL-200 es una radio UAV de video y datos de alcance ultralargo, compatible con transmisión a 200 km+ para video, telemetría y control.",FC-SJL-200 enlace de datos UAV | drone accessories | UAV components | industrial UAV parts,FC-SJL-200 enlace de datos UAV,FC-SJL-200 enlace de datos UAV Technical Specifications | ¡Consigue una defensa experta con drones! | Resumen | Especificaciones técnicas | ¡Consigue una defensa experta con drones!,.next-five-pages-v2/server/app/es/accessories/fc-sjl-200.html
/es/accessories/fc-sjl-30,es,strong,85,FC-SJL-30 enlace de datos UAV,4,true,false,true,true,true,1335,5,0.375,1,5,description 未命中关键词,FC-SJL-30 enlace de datos UAV | N-TET Drone Accessories,"FC-SJL-30 es una radio compacta de video y datos para UAV, diseñada para enlaces aire-tierra de video HD, audio, telemetría y control a 30 km+.",FC-SJL-30 enlace de datos UAV | drone accessories | UAV components | industrial UAV parts,FC-SJL-30 enlace de datos UAV,FC-SJL-30 enlace de datos UAV Technical Specifications | ¡Consigue una defensa experta con drones! | Resumen | Especificaciones técnicas | ¡Consigue una defensa experta con drones!,.next-five-pages-v2/server/app/es/accessories/fc-sjl-30.html
/es/accessories/fc-sjl-380,es,strong,85,FC-SJL-380 enlace de datos UAV,4,true,false,true,true,true,1269,5,0.394,1,5,description 未命中关键词,FC-SJL-380 enlace de datos UAV | N-TET Drone Accessories,FC-SJL-380 admite transmisión UAV de video y datos a 380 km+ para redes distribuidas y enlaces de control aire-tierra.,FC-SJL-380 enlace de datos UAV | drone accessories | UAV components | industrial UAV parts,FC-SJL-380 enlace de datos UAV,FC-SJL-380 enlace de datos UAV Technical Specifications | ¡Consigue una defensa experta con drones! | Resumen | Especificaciones técnicas | ¡Consigue una defensa experta con drones!,.next-five-pages-v2/server/app/es/accessories/fc-sjl-380.html
/es/accessories/fc-sjl-50,es,strong,85,FC-SJL-50 enlace de datos UAV,4,true,false,true,true,true,1303,5,0.384,1,5,description 未命中关键词,FC-SJL-50 enlace de datos UAV | N-TET Drone Accessories,"FC-SJL-50 es una radio ligera de video y datos para UAV, orientada a enlaces de video HD, telemetría y control a 50 km+.",FC-SJL-50 enlace de datos UAV | drone accessories | UAV components | industrial UAV parts,FC-SJL-50 enlace de datos UAV,FC-SJL-50 enlace de datos UAV Technical Specifications | ¡Consigue una defensa experta con drones! | Resumen | Especificaciones técnicas | ¡Consigue una defensa experta con drones!,.next-five-pages-v2/server/app/es/accessories/fc-sjl-50.html
/es/accessories/fc-u10-pro,es,strong,85,Controlador de vuelo FC-U10-PRO,4,true,false,true,true,true,924,5,0.541,1,5,description 未命中关键词,Controlador de vuelo FC-U10-PRO | N-TET Drone Accessories,"El FC-U10-PRO integra RTK de alta precisión, admite alimentación de 16V-120V, plataformas de hasta 16 rotores y respaldo UPS para UAV de gran carga.",Controlador de vuelo FC-U10-PRO | drone accessories | UAV components | industrial UAV parts,Controlador de vuelo FC-U10-PRO,Controlador de vuelo FC-U10-PRO Technical Specifications | ¡Consigue una defensa experta con drones! | Resumen | Especificaciones técnicas | ¡Consigue una defensa experta con drones!,.next-five-pages-v2/server/app/es/accessories/fc-u10-pro.html
/es/accessories/fc-u110,es,strong,100,Motor UAV FC-U110,4,true,true,true,true,true,4805,7,0.146,1,5,,Motor UAV FC-U110 | N-TET Drone Accessories,Motor UAV FC-U110 parámetros clave: Empuje máximo: 45.5 kg; Tensión nominal de trabajo: 12-14S; Valor KV: 140 KV.,Motor UAV FC-U110 | drone accessories | UAV components | industrial UAV parts,Motor UAV FC-U110,Motor UAV FC-U110 Technical Specifications | ¡Consigue una defensa experta con drones! | Resumen | Especificaciones técnicas | ¡Consigue una defensa experta con drones!,.next-five-pages-v2/server/app/es/accessories/fc-u110.html
/es/accessories/fc-u12,es,strong,85,Controlador de vuelo FC-U12,4,true,false,true,true,true,880,5,0.568,1,5,description 未命中关键词,Controlador de vuelo FC-U12 | N-TET Drone Accessories,El FC-U12 es un controlador de vuelo compacto y fácil de usar para plataformas UAV pequeñas y medianas con diseño ajustado y canales externos ampliables.,Controlador de vuelo FC-U12 | drone accessories | UAV components | industrial UAV parts,Controlador de vuelo FC-U12,Controlador de vuelo FC-U12 Technical Specifications | ¡Consigue una defensa experta con drones! | Resumen | Especificaciones técnicas | ¡Consigue una defensa experta con drones!,.next-five-pages-v2/server/app/es/accessories/fc-u12.html
/es/accessories/fc-u8013,es,strong,100,Motor UAV FC-U8013,4,true,true,true,true,true,1344,7,0.521,1,5,,Motor UAV FC-U8013 | N-TET Drone Accessories,Motor UAV FC-U8013 parámetros clave: Empuje máximo: 14.5 kg / 15 kg / 16.3 kg; Tensión nominal de trabajo: 12S; Valor KV: 135KV / 150KV / 170KV.,Motor UAV FC-U8013 | drone accessories | UAV components | industrial UAV parts,Motor UAV FC-U8013,Motor UAV FC-U8013 Technical Specifications | ¡Consigue una defensa experta con drones! | Resumen | Especificaciones técnicas | ¡Consigue una defensa experta con drones!,.next-five-pages-v2/server/app/es/accessories/fc-u8013.html
/es/accessories/fc-u9-ag,es,strong,85,Controlador de vuelo agrícola FC-U9-AG,4,true,false,true,true,true,981,5,0.510,1,5,description 未命中关键词,Controlador de vuelo agrícola FC-U9-AG | N-TET Drone Accessories,"El FC-U9-AG es un sistema profesional de control de vuelo para UAV agrícolas, adecuado para fumigación, esparcido, limpieza y transporte, con interfaces completas y operación sencilla mediante app.",Controlador de vuelo agrícola FC-U9-AG | drone accessories | UAV components | industrial UAV parts,Controlador de vuelo agrícola FC-U9-AG,Controlador de vuelo agrícola FC-U9-AG Technical Specifications | ¡Consigue una defensa experta con drones! | Resumen | Especificaciones técnicas | ¡Consigue una defensa experta con drones!,.next-five-pages-v2/server/app/es/accessories/fc-u9-ag.html
/es/accessories/fc-w2u-propeller,es,strong,85,Hélice UAV FC-W2U,4,true,false,true,true,true,971,5,0.515,1,5,description 未命中关键词,Hélice UAV FC-W2U | N-TET Drone Accessories,Rango de dimensiones: 24~40 pulgadas; empuje máximo: 68.92kgf (5353RPM); eficiencia máxima de hélice: 7.11gf/W (2354RPM).,Hélice UAV FC-W2U | drone accessories | UAV components | industrial UAV parts,Hélice UAV FC-W2U,Hélice UAV FC-W2U Technical Specifications | ¡Consigue una defensa experta con drones! | Resumen | Especificaciones técnicas | ¡Consigue una defensa experta con drones!,.next-five-pages-v2/server/app/es/accessories/fc-w2u-propeller.html
/es/accessories/fc-x8030,es,strong,100,Motor UAV FC-X8030,4,true,true,true,true,true,3947,7,0.177,1,5,,Motor UAV FC-X8030 | N-TET Drone Accessories,Motor UAV FC-X8030 parámetros clave: Empuje máximo: 22.7 kg / 21.5 kg; Tensión nominal de trabajo: 12S; Valor KV: 160 KV / 190 KV.,Motor UAV FC-X8030 | drone accessories | UAV components | industrial UAV parts,Motor UAV FC-X8030,Motor UAV FC-X8030 Technical Specifications | ¡Consigue una defensa experta con drones! | Resumen | Especificaciones técnicas | ¡Consigue una defensa experta con drones!,.next-five-pages-v2/server/app/es/accessories/fc-x8030.html
/es/accessories/fc-xh14,es,strong,100,Motor UAV FC-XH14,4,true,true,true,true,true,2047,7,0.342,1,5,,Motor UAV FC-XH14 | N-TET Drone Accessories,Motor UAV FC-XH14 parámetros clave: Empuje máximo: 110 kg/eje（92V/108，nivel del mar）; Batería recomendada: 24-28S （Lipo）.,Motor UAV FC-XH14 | drone accessories | UAV components | industrial UAV parts,Motor UAV FC-XH14,Motor UAV FC-XH14 Technical Specifications | ¡Consigue una defensa experta con drones! | Resumen | Especificaciones técnicas | ¡Consigue una defensa experta con drones!,.next-five-pages-v2/server/app/es/accessories/fc-xh14.html
/es/accessories/fc-yk15-remote-controller,es,strong,85,Control remoto para UAV FC-YK15,4,true,false,true,true,true,1199,5,0.417,1,5,description 未命中关键词,Control remoto para UAV FC-YK15 | N-TET Drone Accessories,"El FC-YK15 es una estación terrestre portátil compacta con transmisión HD de baja latencia tres en uno, integración Android y doble enlace de vídeo 1080P para UAV, vehículos no tripulados, embarcaciones no tripuladas y plataformas robóticas",Control remoto para UAV FC-YK15 | drone accessories | UAV components | industrial UAV parts,Control remoto para UAV FC-YK15,Control remoto para UAV FC-YK15 Technical Specifications | ¡Consigue una defensa experta con drones! | Resumen | Especificaciones técnicas | ¡Consigue una defensa experta con drones!,.next-five-pages-v2/server/app/es/accessories/fc-yk15-remote-controller.html
/es/accessories/fc-yk24-remote-controller,es,strong,85,Control remoto para UAV FC-YK24,4,true,false,true,true,true,1457,5,0.343,1,5,description 未命中关键词,Control remoto para UAV FC-YK24 | N-TET Drone Accessories,"El FC-YK24 es un control remoto de aeromodelismo de 16 canales con control estable BVR de 15 km, enlace inalámbrico, configuración inalámbrica del receptor, actualización OTA, control de múltiples equipos, retransmisión de control y modo en",Control remoto para UAV FC-YK24 | drone accessories | UAV components | industrial UAV parts,Control remoto para UAV FC-YK24,Control remoto para UAV FC-YK24 Technical Specifications | ¡Consigue una defensa experta con drones! | Resumen | Especificaciones técnicas | ¡Consigue una defensa experta con drones!,.next-five-pages-v2/server/app/es/accessories/fc-yk24-remote-controller.html
/es/accessories/fc-yk32-remote-controller,es,strong,85,Control remoto para UAV FC-YK32,4,true,false,true,true,true,1211,5,0.413,1,5,description 未命中关键词,Control remoto para UAV FC-YK32 | N-TET Drone Accessories,"El FC-YK32 es una estación terrestre portátil industrial que integra control remoto, transmisión de datos y transmisión inalámbrica HD, con alcance de enlace de 15KM, control doble, retransmisión y visualización de telemetría OSD.",Control remoto para UAV FC-YK32 | drone accessories | UAV components | industrial UAV parts,Control remoto para UAV FC-YK32,Control remoto para UAV FC-YK32 Technical Specifications | ¡Consigue una defensa experta con drones! | Resumen | Especificaciones técnicas | ¡Consigue una defensa experta con drones!,.next-five-pages-v2/server/app/es/accessories/fc-yk32-remote-controller.html
/es/accessories/fc-ykrc7-remote-controller,es,strong,85,Control remoto para UAV FC-YKRC7,4,true,false,true,true,true,1697,5,0.295,1,5,description 未命中关键词,Control remoto para UAV FC-YKRC7 | N-TET Drone Accessories,"El FC-YKRC7 es una estación terrestre portátil de alto rendimiento con transmisión de vídeo de 40KM, enlace dual inteligente 2.4G/5G y pantalla HD de 7 pulgadas de alto brillo para control de equipos móviles industriales.",Control remoto para UAV FC-YKRC7 | drone accessories | UAV components | industrial UAV parts,Control remoto para UAV FC-YKRC7,Control remoto para UAV FC-YKRC7 Technical Specifications | ¡Consigue una defensa experta con drones! | Resumen | Especificaciones técnicas | ¡Consigue una defensa experta con drones!,.next-five-pages-v2/server/app/es/accessories/fc-ykrc7-remote-controller.html
/es/cases,es,strong,85,casos de despliegue UAV,7,true,false,true,true,true,815,4,0.491,1,3,description 未命中关键词,Casos de despliegue UAV y monitoreo de baja altitud | N-TET,"Revise referencias de campo de N-TET para rutas de inspección UAV, apoyo de emergencia, monitoreo de baja altitud y seguridad de infraestructura.",casos de despliegue UAV | casos de inspeccion UAV | patrullaje UAV de lineas electricas | caso de monitoreo de baja altitud | caso de apoyo de emergencia | proteccion de infraestructura critica | seguridad de areas clave,Casos de despliegue UAV y referencias de monitoreo de baja altitud,Casos de despliegue UAV y monitoreo de baja altitud | ¡Consigue una defensa experta con drones! | ¡Consigue una defensa experta con drones!,.next-five-pages-v2/server/app/es/cases.html
/es/cases/airport-security-application,es,strong,100,Aeropuerto baja altitud seguridad Application,2,true,true,true,true,true,678,9,1.327,1,7,,Aeropuerto baja altitud seguridad Application | N-TET,"Aeropuerto baja altitud seguridad Application de N-TET para monitoreo, respuesta de emergencia, comunicación temporal, con integración práctica, registros operativos y soporte de despliegue para equipos técnicos.",Aeropuerto baja altitud seguridad Application | N-TET,Aeropuerto baja altitud seguridad Application,Aeropuerto baja altitud seguridad Application Project Overview | Equipos relacionados | ¡Consigue una defensa experta con drones! | Resumen | Equipos relacionados | ¡Consigue una defensa experta con drones! | Paginas relacionadas,.next-five-pages-v2/server/app/es/cases/airport-security-application.html
/es/cases/anhui-flood-season-uav-patrol,es,strong,100,Anhui Flood-Season emergencia UAV patrullaje,2,true,true,true,true,true,652,9,1.380,1,7,,Anhui Flood-Season emergencia UAV patrullaje | N-TET,"Anhui Flood-Season emergencia UAV patrullaje de N-TET para inspección, respuesta de emergencia, patrullaje, con integración práctica, registros operativos y soporte de despliegue para equipos técnicos.",Anhui Flood-Season emergencia UAV patrullaje | N-TET,Anhui Flood-Season emergencia UAV patrullaje,Anhui Flood-Season emergencia UAV patrullaje Project Overview | Equipos relacionados | ¡Consigue una defensa experta con drones! | Resumen | Equipos relacionados | ¡Consigue una defensa experta con drones! | Paginas relacionadas,.next-five-pages-v2/server/app/es/cases/anhui-flood-season-uav-patrol.html
/es/cases/asian-games-security,es,strong,100,Asian Games baja altitud seguridad Application,2,true,true,true,true,true,663,9,1.357,1,7,,Asian Games baja altitud seguridad Application | N-TET,"Asian Games baja altitud seguridad Application de N-TET para monitoreo, respuesta de emergencia, seguridad de sitio, con integración práctica, registros operativos y soporte de despliegue para equipos técnicos.",Asian Games baja altitud seguridad Application | N-TET,Asian Games baja altitud seguridad Application,Asian Games baja altitud seguridad Application Project Overview | Equipos relacionados | ¡Consigue una defensa experta con drones! | Resumen | Equipos relacionados | ¡Consigue una defensa experta con drones! | Paginas relacionadas,.next-five-pages-v2/server/app/es/cases/asian-games-security.html
/es/cases/brazil-refinery-low-altitude-monitoring,es,strong,100,Espacio aéreo monitoreo Case of a Refinery in Brazil,2,true,true,true,true,true,716,9,1.257,1,7,,Espacio aéreo monitoreo Case of a Refinery in Brazil | N-TET,"Espacio aéreo monitoreo Case of a Refinery in Brazil de N-TET para monitoreo, respuesta de emergencia, seguridad de sitio, con integración práctica, registros operativos y soporte de despliegue para equipos técnicos.",Espacio aéreo monitoreo Case of a Refinery in Brazil | N-TET,Espacio aéreo monitoreo Case of a Refinery in Brazil,Espacio aéreo monitoreo Case of a Refinery in Brazil Project Overview | Equipos relacionados | ¡Consigue una defensa experta con drones! | Resumen | Equipos relacionados | ¡Consigue una defensa experta con drones! | Paginas relacionadas,.next-five-pages-v2/server/app/es/cases/brazil-refinery-low-altitude-monitoring.html
/es/cases/ice-snow-emergency-uav-inspection,es,strong,100,Ice and Snow Disaster emergencia UAV inspección,2,true,true,true,true,true,668,9,1.347,1,7,,Ice and Snow Disaster emergencia UAV inspección | N-TET,"Ice and Snow Disaster emergencia UAV inspección de N-TET para inspección, respuesta de emergencia, operaciones UAV, con integración práctica, registros operativos y soporte de despliegue para equipos técnicos.",Ice and Snow Disaster emergencia UAV inspección | N-TET,Ice and Snow Disaster emergencia UAV inspección,Ice and Snow Disaster emergencia UAV inspección Project Overview | Equipos relacionados | ¡Consigue una defensa experta con drones! | Resumen | Equipos relacionados | ¡Consigue una defensa experta con drones! | Paginas relacionadas,.next-five-pages-v2/server/app/es/cases/ice-snow-emergency-uav-inspection.html
/es/cases/lidar-tree-obstruction-uav-inspection,es,strong,100,LiDAR Tree-Obstruction UAV inspección,2,true,true,true,true,true,641,9,1.404,1,7,,LiDAR Tree-Obstruction UAV inspección | N-TET,"LiDAR Tree-Obstruction UAV inspección de N-TET para inspección, operaciones UAV, con integración práctica, registros operativos y soporte de despliegue para equipos técnicos.",LiDAR Tree-Obstruction UAV inspección | N-TET,LiDAR Tree-Obstruction UAV inspección,LiDAR Tree-Obstruction UAV inspección Project Overview | Equipos relacionados | ¡Consigue una defensa experta con drones! | Resumen | Equipos relacionados | ¡Consigue una defensa experta con drones! | Paginas relacionadas,.next-five-pages-v2/server/app/es/cases/lidar-tree-obstruction-uav-inspection.html
/es/cases/nigeria-factory-low-altitude-monitoring,es,strong,100,Espacio aéreo monitoreo Case of a Group Factory in Nigeria,2,true,true,true,true,true,705,9,1.277,1,7,,Espacio aéreo monitoreo Case of a Group Factory in Nigeria | N-TET,"Espacio aéreo monitoreo Case of a Group Factory in Nigeria de N-TET para monitoreo, seguridad de sitio, operaciones UAV, con integración práctica, registros operativos y soporte de despliegue para equipos técnicos.",Espacio aéreo monitoreo Case of a Group Factory in Nigeria | N-TET,Espacio aéreo monitoreo Case of a Group Factory in Nigeria,Espacio aéreo monitoreo Case of a Group Factory in Nigeria Project Overview | Equipos relacionados | ¡Consigue una defensa experta con drones! | Resumen | Equipos relacionados | ¡Consigue una defensa experta con drones! | Paginas relacionadas,.next-five-pages-v2/server/app/es/cases/nigeria-factory-low-altitude-monitoring.html
/es/cases/pakistan-power-plant-low-altitude-monitoring,es,strong,100,Espacio aéreo monitoreo Case of a eléctrica Plant in Pakistan,2,true,true,true,true,true,713,9,1.262,1,7,,Espacio aéreo monitoreo Case of a eléctrica Plant in Pakistan | N-TET,"Espacio aéreo monitoreo Case of a eléctrica Plant in Pakistan de N-TET para monitoreo, seguridad de sitio, operaciones UAV, con integración práctica, registros operativos y soporte de despliegue para equipos técnicos.",Espacio aéreo monitoreo Case of a eléctrica Plant in Pakistan | N-TET,Espacio aéreo monitoreo Case of a eléctrica Plant in Pakistan,Espacio aéreo monitoreo Case of a eléctrica Plant in Pakistan Project Overview | Equipos relacionados | ¡Consigue una defensa experta con drones! | Resumen | Equipos relacionados | ¡Consigue una defensa experta con drones! | Paginas relacionadas,.next-five-pages-v2/server/app/es/cases/pakistan-power-plant-low-altitude-monitoring.html
/es/cases/southern-grid-wildfire-uav-inspection,es,strong,100,Southern red eléctrica Wildfire Prevention UAV inspección,2,true,true,true,true,true,666,9,1.351,1,7,,Southern red eléctrica Wildfire Prevention UAV inspección | N-TET,"Southern red eléctrica Wildfire Prevention UAV inspección de N-TET para inspección, operaciones UAV, infraestructura eléctrica, con integración práctica, registros operativos y soporte de despliegue para equipos técnicos.",Southern red eléctrica Wildfire Prevention UAV inspección | N-TET,Southern red eléctrica Wildfire Prevention UAV inspección,Southern red eléctrica Wildfire Prevention UAV inspección Project Overview | Equipos relacionados | ¡Consigue una defensa experta con drones! | Resumen | Equipos relacionados | ¡Consigue una defensa experta con drones! | Paginas relacionadas,.next-five-pages-v2/server/app/es/cases/southern-grid-wildfire-uav-inspection.html
/es/cases/water-conservancy-security,es,strong,100,Gestión hídrica Facility baja altitud seguridad,2,true,true,true,true,true,667,9,1.349,1,7,,Gestión hídrica Facility baja altitud seguridad | N-TET,"Gestión hídrica Facility baja altitud seguridad de N-TET para seguridad de sitio, operaciones UAV, infraestructura eléctrica, con integración práctica, registros operativos y soporte de despliegue para equipos técnicos.",Gestión hídrica Facility baja altitud seguridad | N-TET,Gestión hídrica Facility baja altitud seguridad,Gestión hídrica Facility baja altitud seguridad Project Overview | Equipos relacionados | ¡Consigue una defensa experta con drones! | Resumen | Equipos relacionados | ¡Consigue una defensa experta con drones! | Paginas relacionadas,.next-five-pages-v2/server/app/es/cases/water-conservancy-security.html
/es/cases/wildfire-emergency-transmission-line-uav-patrol,es,strong,100,Wildfire emergencia Transmission-línea UAV patrullaje,2,true,true,true,true,true,652,9,1.380,1,7,,Wildfire emergencia Transmission-línea UAV patrullaje | N-TET,"Wildfire emergencia Transmission-línea UAV patrullaje de N-TET para inspección, respuesta de emergencia, patrullaje, con integración práctica, registros operativos y soporte de despliegue para equipos técnicos.",Wildfire emergencia Transmission-línea UAV patrullaje | N-TET,Wildfire emergencia Transmission-línea UAV patrullaje,Wildfire emergencia Transmission-línea UAV patrullaje Project Overview | Equipos relacionados | ¡Consigue una defensa experta con drones! | Resumen | Equipos relacionados | ¡Consigue una defensa experta con drones! | Paginas relacionadas,.next-five-pages-v2/server/app/es/cases/wildfire-emergency-transmission-line-uav-patrol.html
/es/cases/zhaoqing-long-distance-power-line-uav-inspection,es,strong,100,Zhaoqing Long-Distance eléctrica-línea UAV inspección,2,true,true,true,true,true,652,9,1.380,1,7,,Zhaoqing Long-Distance eléctrica-línea UAV inspección | N-TET,"Zhaoqing Long-Distance eléctrica-línea UAV inspección de N-TET para inspección, operaciones UAV, infraestructura eléctrica, con integración práctica, registros operativos y soporte de despliegue para equipos técnicos.",Zhaoqing Long-Distance eléctrica-línea UAV inspección | N-TET,Zhaoqing Long-Distance eléctrica-línea UAV inspección,Zhaoqing Long-Distance eléctrica-línea UAV inspección Project Overview | Equipos relacionados | ¡Consigue una defensa experta con drones! | Resumen | Equipos relacionados | ¡Consigue una defensa experta con drones! | Paginas relacionadas,.next-five-pages-v2/server/app/es/cases/zhaoqing-long-distance-power-line-uav-inspection.html
/es/contact,es,strong,85,cotización UAV industrial,4,false,true,true,true,true,675,6,0.889,1,3,title 未命中关键词,Contacto N-TET | Sistemas UAV industriales y monitoreo,"Contacte a N-TET para selección de plataformas UAV, flujos de inspección con drones, proyectos UAV de emergencia y equipos de monitoreo de baja altitud.",cotización UAV industrial | proveedor UAV | solución de inspección con drones | monitoreo de baja altitud,Cotización UAV industrial,Cotización UAV industrial y consulta de proyecto | ¡Consigue una defensa experta con drones! | ¡Consigue una defensa experta con drones!,.next-five-pages-v2/server/app/es/contact.html
/es/media,es,partial,70,notas de ingeniería C-UAS,5,true,false,true,false,true,1172,2,0.171,1,3,description 未命中关键词; H2 未命中关键词,Notas de ingeniería C-UAS y guías para compradores | N-TET,"Lea métodos de ingeniería documentados, notas de equipos, guías para compradores y análisis del sector sobre planificación, integración y pruebas de C-UAS.",notas de ingeniería C-UAS | guía para compradores C-UAS | análisis del sector C-UAS | detección de drones | integración de sistemas C-UAS,Dentro de N-TET: notas de ingeniería C-UAS y guías del sector,Último | ¡Consigue una defensa experta con drones! | ¡Consigue una defensa experta con drones!,.next-five-pages-v2/server/app/es/media.html
/es/media/border-surveillance-uav-network-2026,es,strong,85,UAV and EO/IR Networks Improve remoto patrullaje Visibility,2,true,true,true,false,true,673,8,1.189,1,2,H2 未命中关键词,UAV and EO/IR Networks Improve remoto patrullaje Visibility | N-TET,"UAV and EO/IR Networks Improve remoto patrullaje Visibility analiza tendencias y prácticas para operaciones UAV industriales, monitoreo de baja altitud e infraestructura. Contexto operativo El enfoque de N-TET prioriza despliegues verificab",UAV and EO/IR Networks Improve remoto patrullaje Visibility | N-TET,UAV and EO/IR Networks Improve remoto patrullaje Visibility,¡Consigue una defensa experta con drones! | ¡Consigue una defensa experta con drones!,.next-five-pages-v2/server/app/es/media/border-surveillance-uav-network-2026.html
/es/media/critical-infrastructure-monitoring-record-chain-2026,es,partial,70,Vigilancia aérea de infraestructuras críticas: registros de detección,3,true,false,true,false,true,1123,10,0.890,1,8,description 未命中关键词; H2 未命中关键词,"Vigilancia aérea de infraestructuras críticas: registros de detección, confirmación y respuesta | N-TET","Critical infrastructure airspace monitoring works best when the record chain is separated into three stages: detection, confirmation, and response. Confusing these stages can create noisy alerts, slow decisions, and reports that are hard to",Vigilancia aérea de infraestructuras críticas: registros de detección | confirmación y respuesta | N-TET,"Vigilancia aérea de infraestructuras críticas: registros de detección, confirmación y respuesta",Detection is not the final answer | Response needs approval and traceability | A stronger audit trail | ¡Consigue una defensa experta con drones! | Detection is not the final answer | Response needs approval and traceability | A stronger audit trail | ¡Consigue una defensa experta con drones!,.next-five-pages-v2/server/app/es/media/critical-infrastructure-monitoring-record-chain-2026.html
/es/media/cuas-alert-quality-operator-context-2024,es,partial,70,Por qué la calidad de las alertas C-UAS depende del contexto del operador,2,true,false,true,false,true,1327,6,0.452,1,12,description 未命中关键词; H2 未命中关键词,Por qué la calidad de las alertas C-UAS depende del contexto del operador | N-TET,"A C-UAS alert is useful only when an operator can understand what triggered it, what evidence supports it, what remains unknown, and what review is expected. Sensor sensitivity alone does not create alert quality. A normal site may include",Por qué la calidad de las alertas C-UAS depende del contexto del operador | N-TET,Por qué la calidad de las alertas C-UAS depende del contexto del operador,What creates nuisance alerts? | Which context should the platform show? | How should event labels be designed? | How does workload affect quality? | What improves alert quality over time? | ¡Consigue una defensa experta con drones! | What creates nuisance alerts? | Which context should the platform show? | How should event labels be designed? | How does workload affect quality? | What improves alert quality over time? | ¡Consigue una defensa experta con drones!,.next-five-pages-v2/server/app/es/media/cuas-alert-quality-operator-context-2024.html
/es/media/cuas-concept-of-operations-before-procurement-2024,es,partial,70,Qué debe definir un concepto de operaciones C-UAS antes de la compra,2,true,false,true,false,true,1173,6,0.512,1,12,description 未命中关键词; H2 未命中关键词,Qué debe definir un concepto de operaciones C-UAS antes de la compra | N-TET,"Un concepto de operaciones C-UAS explica cómo colaboran personas, sensores, software, sistemas existentes y procedimientos aprobados durante la vigilancia normal y la revisión de alertas. Debe redactarse antes de que las decisiones de compr",Qué debe definir un concepto de operaciones C-UAS antes de la compra | N-TET,Qué debe definir un concepto de operaciones C-UAS antes de la compra,¿Quiénes son los usuarios? | ¿Qué crea y confirma una alerta? | ¿Cómo se gestiona la actividad autorizada? | ¿Qué registros y revisiones se necesitan? | ¿Cómo se valida el concepto? | ¡Consigue una defensa experta con drones! | ¿Quiénes son los usuarios? | ¿Qué crea y confirma una alerta? | ¿Cómo se gestiona la actividad autorizada? | ¿Qué registros y revisiones se necesitan? | ¿Cómo se valida el concepto? | ¡Consigue una defensa experta con drones!,.next-five-pages-v2/server/app/es/media/cuas-concept-of-operations-before-procurement-2024.html
/es/media/cuas-detection-technology-comparison-2024,es,partial,70,Cómo comparar tecnologías C-UAS sin reducirlas a una sola distancia,2,true,false,true,false,true,1321,6,0.454,1,10,description 未命中关键词; H2 未命中关键词,Cómo comparar tecnologías C-UAS sin reducirlas a una sola distancia | N-TET,"Comparing C-UAS detection technologies by a single range figure hides the questions that determine whether a monitoring system will be useful. Remote ID, RF sensing, radar, and EO/IR do not observe the same thing. Each source depends on dif",Cómo comparar tecnologías C-UAS sin reducirlas a una sola distancia | N-TET,Cómo comparar tecnologías C-UAS sin reducirlas a una sola distancia,What evidence does each technology provide? | Which assumptions belong beside a range figure? | How should buyers compare proposals? | What should a useful comparison deliver? | ¡Consigue una defensa experta con drones! | What evidence does each technology provide? | Which assumptions belong beside a range figure? | How should buyers compare proposals? | What should a useful comparison deliver? | ¡Consigue una defensa experta con drones!,.next-five-pages-v2/server/app/es/media/cuas-detection-technology-comparison-2024.html
/es/media/cuas-event-logging-data-retention-2026,es,partial,70,Registro de eventos y retención de datos C-UAS: qué debe definir el operador,2,true,false,true,false,true,1687,6,0.356,1,14,description 未命中关键词; H2 未命中关键词,Registro de eventos y retención de datos C-UAS: qué debe definir el operador | N-TET,"C-UAS event logging should preserve enough context for an operator, supervisor, engineer, or authorized reviewer to understand what happened after the live alert has disappeared. The record should connect time, sensor source, track or ident",Registro de eventos y retención de datos C-UAS: qué debe definir el operador | N-TET,Registro de eventos y retención de datos C-UAS: qué debe definir el operador,What belongs in an event record? | Why preserve the original evidence? | How long should records be kept? | Who should have access? | Use records to improve the system | Retention-policy checklist | ¡Consigue una defensa experta con drones! | What belongs in an event record? | Why preserve the original evidence? | How long should records be kept? | Who should have access? | Use records to improve the system | Retention-policy checklist | ¡Consigue una defensa experta con drones!,.next-five-pages-v2/server/app/es/media/cuas-event-logging-data-retention-2026.html
/es/media/cuas-site-survey-critical-infrastructure-2025,es,partial,70,Lista de inspección C-UAS para infraestructuras críticas,2,true,false,true,false,true,1633,6,0.367,1,12,description 未命中关键词; H2 未命中关键词,Lista de inspección C-UAS para infraestructuras críticas | N-TET,"A C-UAS site survey converts a general request for drone awareness into a set of testable design assumptions. For critical infrastructure, the survey should identify the assets that matter, the airspace and ground areas that can be observed",Lista de inspección C-UAS para infraestructuras críticas | N-TET,Lista de inspección C-UAS para infraestructuras críticas,1. Define the protected problem | 2. Record sensor horizons and blind zones | 3. Check installation and integration conditions | 4. Document the operating workflow | What should the survey deliver? | ¡Consigue una defensa experta con drones! | 1. Define the protected problem | 2. Record sensor horizons and blind zones | 3. Check installation and integration conditions | 4. Document the operating workflow | What should the survey deliver? | ¡Consigue una defensa experta con drones!,.next-five-pages-v2/server/app/es/media/cuas-site-survey-critical-infrastructure-2025.html
/es/media/dock-based-substation-uav-trial-checks-2026,es,partial,70,Dock-Based Substation Patrol: What to Confirm Before an Autonomous UAV Trial,2,true,false,true,false,true,973,6,0.617,1,6,description 未命中关键词; H2 未命中关键词,Dock-Based Substation Patrol: What to Confirm Before an Autonomous UAV Trial | N-TET,"A dock-based UAV can make substation patrol more repeatable, but the first trial should be treated as an operating test rather than a product show. The goal is to prove that the aircraft, dock, payload, route, data link, and review process",Dock-Based Substation Patrol: What to Confirm Before an Autonomous UAV Trial | N-TET,Dock-Based Substation Patrol: What to Confirm Before an Autonomous UAV Trial,Dock location comes first | Trial records should be measurable | ¡Consigue una defensa experta con drones! | Dock location comes first | Trial records should be measurable | ¡Consigue una defensa experta con drones!,.next-five-pages-v2/server/app/es/media/dock-based-substation-uav-trial-checks-2026.html
/es/media/drone-detection-range-site-coverage-2025,es,partial,70,El alcance de detección no es la cobertura del sitio: guía para compradores,2,true,false,true,false,true,1639,6,0.366,1,12,description 未命中关键词; H2 未命中关键词,El alcance de detección no es la cobertura del sitio: guía para compradores | N-TET,Drone detection range and site coverage are different measurements. A range figure usually describes a product test against a stated or implied target under particular conditions. Site coverage asks whether the complete operating area can b,El alcance de detección no es la cobertura del sitio: guía para compradores | N-TET,El alcance de detección no es la cobertura del sitio: guía para compradores,What is behind a published range? | Why does a coverage circle mislead? | Use three coverage layers | What should a buyer request? | What is a responsible coverage statement? | ¡Consigue una defensa experta con drones! | What is behind a published range? | Why does a coverage circle mislead? | Use three coverage layers | What should a buyer request? | What is a responsible coverage statement? | ¡Consigue una defensa experta con drones!,.next-five-pages-v2/server/app/es/media/drone-detection-range-site-coverage-2025.html
/es/media/eo-ir-payload-selection-field-note-2026,es,partial,70,Selección de cargas EO/IR para confirmación visual C-UAS,2,true,false,true,false,true,1199,6,0.500,1,8,description 未命中关键词; H2 未命中关键词,Selección de cargas EO/IR para confirmación visual C-UAS | N-TET,"EO/IR payload selection is often reduced to camera resolution or zoom multiple. For C-UAS projects, that is too narrow. The payload must support visual confirmation: helping an operator decide whether an alert is a drone, a permitted flight",Selección de cargas EO/IR para confirmación visual C-UAS | N-TET,Selección de cargas EO/IR para confirmación visual C-UAS,Visible-light and thermal roles are different | Field conditions shape the payload choice | Procurement questions to ask | ¡Consigue una defensa experta con drones! | Visible-light and thermal roles are different | Field conditions shape the payload choice | Procurement questions to ask | ¡Consigue una defensa experta con drones!,.next-five-pages-v2/server/app/es/media/eo-ir-payload-selection-field-note-2026.html
/es/media/industrial-uav-redundancy-2026,es,strong,85,Dual-Redundant vuelo Control: How industrial UAV Achieve Mission-Grade Reliability,2,true,true,true,false,true,673,8,1.189,1,2,H2 未命中关键词,Dual-Redundant vuelo Control: How industrial UAV Achieve Mission-Grade Reliability | N-TET,"Dual-Redundant vuelo Control: How industrial UAV Achieve Mission-Grade Reliability analiza tendencias y prácticas para operaciones UAV industriales, monitoreo de baja altitud e infraestructura. Contexto operativo El enfoque de N-TET prioriz",Dual-Redundant vuelo Control: How industrial UAV Achieve Mission-Grade Reliability | N-TET,Dual-Redundant vuelo Control: How industrial UAV Achieve Mission-Grade Reliability,¡Consigue una defensa experta con drones! | ¡Consigue una defensa experta con drones!,.next-five-pages-v2/server/app/es/media/industrial-uav-redundancy-2026.html
/es/media/low-altitude-economy-2026-outlook,es,strong,85,La vigilancia de baja altitud necesita un ciclo operativo de seguridad,2,true,true,true,false,true,683,6,0.878,1,2,H2 未命中关键词,La vigilancia de baja altitud necesita un ciclo operativo de seguridad | N-TET,"China's baja altitud Economy: 2026 Outlook on a Two-Trillion-RMB Trajectory analiza tendencias y prácticas para operaciones UAV industriales, monitoreo de baja altitud e infraestructura. Contexto operativo El enfoque de N-TET prioriza despl",La vigilancia de baja altitud necesita un ciclo operativo de seguridad | N-TET,La vigilancia de baja altitud necesita un ciclo operativo de seguridad,¡Consigue una defensa experta con drones! | ¡Consigue una defensa experta con drones!,.next-five-pages-v2/server/app/es/media/low-altitude-economy-2026-outlook.html
/es/media/low-altitude-economy-operations-owner-2026,es,partial,70,Planificación de vigilancia aérea: responsable de alertas y registros,2,true,false,true,false,true,1177,6,0.510,1,8,description 未命中关键词; H2 未命中关键词,Planificación de vigilancia aérea: responsable de alertas y registros | N-TET,"Low-altitude airspace projects are often described through sensors, platforms, maps, and policy language. For site operators, the decisive question is simpler: who owns the event after an alert is created? Without an operations owner, RF al",Planificación de vigilancia aérea: responsable de alertas y registros | N-TET,Planificación de vigilancia aérea: responsable de alertas y registros,Data needs a route to action | The owner does not need to be a single person | Planning questions | ¡Consigue una defensa experta con drones! | Data needs a route to action | The owner does not need to be a single person | Planning questions | ¡Consigue una defensa experta con drones!,.next-five-pages-v2/server/app/es/media/low-altitude-economy-operations-owner-2026.html
/es/media/ntet-cuas-assumptions-open-questions-2024,es,strong,85,Dentro de N-TET: mantener visibles los supuestos y preguntas abiertas,2,true,true,true,false,true,1341,14,1.044,1,12,H2 未命中关键词,Dentro de N-TET: mantener visibles los supuestos y preguntas abiertas,"C-UAS reviews often begin before every site, interface, target, staffing, and data-policy question has an answer. N-TET keeps those gaps visible instead of turning them into implied facts. The review separates confirmed buyer requirements,",Dentro de N-TET: mantener visibles los supuestos y preguntas abiertas | N-TET,Dentro de N-TET: mantener visibles los supuestos y preguntas abiertas,Which information categories should stay separate? | What belongs in an open-question register? | How are revisions controlled? | Why does this help buyers? | What does this method not claim? | ¡Consigue una defensa experta con drones! | Which information categories should stay separate? | What belongs in an open-question register? | How are revisions controlled? | Why does this help buyers? | What does this method not claim? | ¡Consigue una defensa experta con drones!,.next-five-pages-v2/server/app/es/media/ntet-cuas-assumptions-open-questions-2024.html
/es/media/ntet-cuas-interface-review-2024,es,strong,100,Dentro de N-TET: revisión de alimentación,3,true,true,true,true,true,1305,20,1.533,1,12,,"Dentro de N-TET: revisión de alimentación, red y montaje","Power, network, and mounting interfaces determine whether a C-UAS configuration can operate as described. N-TET reviews these interfaces alongside sensor roles because a technically suitable detector can still be difficult to install, maint",Dentro de N-TET: revisión de alimentación | red y montaje | N-TET,"Dentro de N-TET: revisión de alimentación, red y montaje",What should the power review cover? | Which network details matter? | Why is mounting more than height? | How does N-TET keep interfaces reviewable? | What remains site-specific? | ¡Consigue una defensa experta con drones! | What should the power review cover? | Which network details matter? | Why is mounting more than height? | How does N-TET keep interfaces reviewable? | What remains site-specific? | ¡Consigue una defensa experta con drones!,.next-five-pages-v2/server/app/es/media/ntet-cuas-interface-review-2024.html
/es/media/ntet-cuas-technical-documentation-2025,es,strong,100,Dentro de N-TET: documentación técnica que el comprador puede revisar,2,true,true,true,true,true,1561,16,1.025,1,14,,Dentro de N-TET: documentación técnica que el comprador puede revisar,"C-UAS technical documentation is useful when a buyer can trace each proposed item back to an operating requirement, an interface, and a stated assumption. A long brochure is not the same as a reviewable system document. N-TET organizes an e",Dentro de N-TET: documentación técnica que el comprador puede revisar | N-TET,Dentro de N-TET: documentación técnica que el comprador puede revisar,What belongs in the scope summary? | Separate product specifications from site assumptions | Show what each sensor contributes | Make interfaces reviewable | Include an open-question register | N-TET's document hierarchy | ¡Consigue una defensa experta con drones! | What belongs in the scope summary? | Separate product specifications from site assumptions | Show what each sensor contributes | Make interfaces reviewable | Include an open-question register | N-TET's document hierarchy | ¡Consigue una defensa experta con drones!,.next-five-pages-v2/server/app/es/media/ntet-cuas-technical-documentation-2025.html
/es/media/ntet-equipment-bench-checks-2025,es,strong,85,Dentro de N-TET: qué deben confirmar las comprobaciones en banco,2,true,false,true,true,true,1579,14,0.887,1,12,description 未命中关键词,Dentro de N-TET: qué deben confirmar las comprobaciones en banco,"An equipment bench check should confirm that the actual unit, accessories, interfaces, software state, and documentation agree with the configuration under review. It is not a substitute for field commissioning and it does not prove site co",Dentro de N-TET: qué deben confirmar las comprobaciones en banco | N-TET,Dentro de N-TET: qué deben confirmar las comprobaciones en banco,Start with equipment identity | What should be checked before startup? | What should be observed after startup? | Keep site-dependent items separate | N-TET's minimum check record | ¡Consigue una defensa experta con drones! | Start with equipment identity | What should be checked before startup? | What should be observed after startup? | Keep site-dependent items separate | N-TET's minimum check record | ¡Consigue una defensa experta con drones!,.next-five-pages-v2/server/app/es/media/ntet-equipment-bench-checks-2025.html
/es/media/ntet-multi-sensor-configuration-method-2025,es,strong,100,Dentro de N-TET: cómo asignamos funciones en una configuración C-UAS multisensor,2,true,true,true,true,true,1605,16,0.997,1,14,,Dentro de N-TET: cómo asignamos funciones en una configuración C-UAS multisensor,"A multi-sensor C-UAS configuration works when each sensor has a defined evidence role. Adding RF sensing, radar, Remote ID, and EO/IR to the same diagram does not guarantee that the operator receives one understandable event. N-TET begins b",Dentro de N-TET: cómo asignamos funciones en una configuración C-UAS multisensor | N-TET,Dentro de N-TET: cómo asignamos funciones en una configuración C-UAS multisensor,"Assign the first-alert role | Assign enrichment and confirmation roles | Define correlation before integration | Design for the operator, not the diagram | Plan commissioning and tuning | N-TET's configuration output | ¡Consigue una defensa experta con drones! | Assign the first-alert role | Assign enrichment and confirmation roles | Define correlation before integration | Design for the operator, not the diagram | Plan commissioning and tuning | N-TET's configuration output | ¡Consigue una defensa experta con drones!",.next-five-pages-v2/server/app/es/media/ntet-multi-sensor-configuration-method-2025.html
/es/media/ntet-portable-fixed-vehicle-cuas-review-2025,es,strong,100,Dentro de N-TET: comparación de C-UAS portátil,3,true,true,true,true,true,1667,22,1.320,1,10,,"Dentro de N-TET: comparación de C-UAS portátil, fijo y vehicular","Portable, fixed-site, and vehicle-mounted C-UAS configurations solve different operating problems. N-TET does not treat them as three sizes of the same system. A portable configuration is useful when equipment must be moved, stored, or brou",Dentro de N-TET: comparación de C-UAS portátil | fijo y vehicular | N-TET,"Dentro de N-TET: comparación de C-UAS portátil, fijo y vehicular",When does a portable configuration make sense? | What changes in a fixed-site design? | What is different about a vehicle-mounted configuration? | N-TET's comparison checklist | ¡Consigue una defensa experta con drones! | When does a portable configuration make sense? | What changes in a fixed-site design? | What is different about a vehicle-mounted configuration? | N-TET's comparison checklist | ¡Consigue una defensa experta con drones!,.next-five-pages-v2/server/app/es/media/ntet-portable-fixed-vehicle-cuas-review-2025.html
/es/media/ntet-requirements-to-cuas-configuration-2024,es,strong,100,Dentro de N-TET: convertir los requisitos C-UAS en una configuración revisable,2,true,true,true,true,true,1249,16,1.281,1,10,,Dentro de N-TET: convertir los requisitos C-UAS en una configuración revisable,"Una configuración C-UAS revisable comienza por los requisitos operativos, no por una lista de dispositivos. N-TET separa primero el área protegida de la zona que puede observarse de forma realista y después pregunta quién utilizará el siste",Dentro de N-TET: convertir los requisitos C-UAS en una configuración revisable | N-TET,Dentro de N-TET: convertir los requisitos C-UAS en una configuración revisable,¿Qué pregunta primero N-TET? | ¿Cómo se asignan las funciones de los sensores? | ¿Por qué se separan las opciones del alcance básico? | ¿Qué debe incluir el resultado? | ¡Consigue una defensa experta con drones! | ¿Qué pregunta primero N-TET? | ¿Cómo se asignan las funciones de los sensores? | ¿Por qué se separan las opciones del alcance básico? | ¿Qué debe incluir el resultado? | ¡Consigue una defensa experta con drones!,.next-five-pages-v2/server/app/es/media/ntet-requirements-to-cuas-configuration-2024.html
/es/media/ntet-uav-engineering-cuas-perspective-2026,es,strong,85,Dentro de N-TET: cómo la ingeniería UAV orienta las revisiones C-UAS,2,true,false,true,true,true,1647,14,0.850,1,12,description 未命中关键词,Dentro de N-TET: cómo la ingeniería UAV orienta las revisiones C-UAS,"UAV engineering knowledge improves a C-UAS review because the monitored object is not an abstract dot. It is an aircraft with an airframe, propulsion system, power limit, payload, data link, navigation source, flight-control behavior, missi",Dentro de N-TET: cómo la ingeniería UAV orienta las revisiones C-UAS | N-TET,Dentro de N-TET: cómo la ingeniería UAV orienta las revisiones C-UAS,Airframes and mission profiles change the observation | Data links are not all the same | Navigation and identity need context | Payload and environment affect confirmation | What N-TET reviews | ¡Consigue una defensa experta con drones! | Airframes and mission profiles change the observation | Data links are not all the same | Navigation and identity need context | Payload and environment affect confirmation | What N-TET reviews | ¡Consigue una defensa experta con drones!,.next-five-pages-v2/server/app/es/media/ntet-uav-engineering-cuas-perspective-2026.html
/es/media/overseas-uav-project-handover-checklist-2026,es,partial,70,Entrega de un proyecto UAV internacional: lista de comprobación para repuestos,3,true,false,true,false,true,1033,10,0.968,1,6,description 未命中关键词; H2 未命中关键词,"Entrega de un proyecto UAV internacional: lista de comprobación para repuestos, cargas útiles y formación | N-TET","An overseas UAV handover should be planned before dispatch. The practical question is whether the operator will receive the aircraft, payloads, spares, records, and training documents needed to prepare an acceptance flight and maintain the",Entrega de un proyecto UAV internacional: lista de comprobación para repuestos | cargas útiles y formación | N-TET,"Entrega de un proyecto UAV internacional: lista de comprobación para repuestos, cargas útiles y formación",What should be checked before dispatch? | How buyers can reduce delays | ¡Consigue una defensa experta con drones! | What should be checked before dispatch? | How buyers can reduce delays | ¡Consigue una defensa experta con drones!,.next-five-pages-v2/server/app/es/media/overseas-uav-project-handover-checklist-2026.html
/es/media/power-line-inspection-drone-guide-2026,es,strong,85,Power Line Inspection Drone: UAV Operations for Utility Corridors and Transmission Towers,2,true,false,true,true,true,3633,16,0.440,1,20,description 未命中关键词,Power Line Inspection Drone: UAV Operations for Utility Corridors and Transmission Towers | N-TET,"Power line inspection drones are becoming practical tools for utilities that need repeatable evidence from long transmission corridors, towers, conductors, insulators, fittings, and substation equipment. A drone does not replace engineering",Power Line Inspection Drone: UAV Operations for Utility Corridors and Transmission Towers | N-TET,Power Line Inspection Drone: UAV Operations for Utility Corridors and Transmission Towers,"What is a power line inspection drone? | Why utilities use drones for power line inspection | Power line drone inspection process | Which UAV platform fits each inspection task? | Payload selection: visible-light, thermal infrared, and LiDAR | What should a utility inspection report include? | N-TET system fit: corridor, tower, and substation inspection | Deployment checklist before procurement | FAQ | ¡Consigue una defensa experta con drones! | What is a power line inspection drone? | Why utilities use drones for power line inspection | Power line drone inspection process | Which UAV platform fits each inspection task? | Payload selection: visible-light, thermal infrared, and LiDAR | What should a utility inspection report include? | N-TET system fit: corridor, tower, and substation inspection | Deployment checklist before procurement | FAQ | ¡Consigue una defensa experta con drones!",.next-five-pages-v2/server/app/es/media/power-line-inspection-drone-guide-2026.html
/es/media/project-inquiry-review-low-altitude-monitoring-2026,es,strong,85,Dentro de N-TET: qué comprobamos antes de una propuesta C-UAS de baja altitud,2,true,false,true,true,true,1267,14,1.105,1,8,description 未命中关键词,Dentro de N-TET: qué comprobamos antes de una propuesta C-UAS de baja altitud,"A low-altitude C-UAS proposal should not start with a product list. It should start with the operating problem: what the site cannot see, what the team cannot identify quickly, and which handling steps must be reviewed, approved, and record",Dentro de N-TET: qué comprobamos antes de una propuesta C-UAS de baja altitud | N-TET,Dentro de N-TET: qué comprobamos antes de una propuesta C-UAS de baja altitud,"Site context comes before equipment selection | We separate detection, confirmation, and response | What N-TET asks for during early review | ¡Consigue una defensa experta con drones! | Site context comes before equipment selection | We separate detection, confirmation, and response | What N-TET asks for during early review | ¡Consigue una defensa experta con drones!",.next-five-pages-v2/server/app/es/media/project-inquiry-review-low-altitude-monitoring-2026.html
/es/media/radar-rf-optical-nuisance-alert-reduction-2026,es,strong,85,Radar,3,true,true,true,false,true,1265,16,1.265,1,8,H2 未命中关键词,"Radar, RF y EO/IR: notas prácticas para reducir falsas alertas | N-TET","False alerts are one of the fastest ways to weaken trust in a low-altitude monitoring system. Radar, RF sensing, EO/IR confirmation, and Remote ID review each add useful evidence, but none of them removes the need for site-specific tuning a",Radar | RF y EO/IR: notas prácticas para reducir falsas alertas | N-TET,"Radar, RF y EO/IR: notas prácticas para reducir falsas alertas",One sensor rarely tells the full story | False-alert reduction is an operating discipline | Questions to ask during tuning | ¡Consigue una defensa experta con drones! | One sensor rarely tells the full story | False-alert reduction is an operating discipline | Questions to ask during tuning | ¡Consigue una defensa experta con drones!,.next-five-pages-v2/server/app/es/media/radar-rf-optical-nuisance-alert-reduction-2026.html
/es/media/remote-id-rf-detection-complementary-2025,es,partial,70,Remote ID y detección RF: por qué la vigilancia necesita ambas,2,true,false,true,false,true,1615,6,0.372,1,8,description 未命中关键词; H2 未命中关键词,Remote ID y detección RF: por qué la vigilancia necesita ambas | N-TET,"Remote ID and RF detection are complementary monitoring layers, not interchangeable product labels. Remote ID can provide identity and flight information when a compatible aircraft is broadcasting it and the receiver is within usable range.",Remote ID y detección RF: por qué la vigilancia necesita ambas | N-TET,Remote ID y detección RF: por qué la vigilancia necesita ambas,What can Remote ID contribute? | What can RF detection contribute? | How should the two data sources work together? | ¡Consigue una defensa experta con drones! | What can Remote ID contribute? | What can RF detection contribute? | How should the two data sources work together? | ¡Consigue una defensa experta con drones!,.next-five-pages-v2/server/app/es/media/remote-id-rf-detection-complementary-2025.html
/es/media/site-photo-review-before-system-layout-2026,es,partial,70,Dentro de N-TET: cómo revisamos las fotos del emplazamiento antes de diseñar C-UAS,2,true,false,true,false,true,1263,12,0.950,1,8,description 未命中关键词; H2 未命中关键词,Dentro de N-TET: cómo revisamos las fotos del emplazamiento antes de diseñar C-UAS,"For infrastructure, airport, energy, port, and public-event projects, the first useful engineering material is often not a specification sheet. It is a set of ordinary site photos: rooflines, entrances, fence sections, open areas, control r",Dentro de N-TET: cómo revisamos las fotos del emplazamiento antes de diseñar C-UAS | N-TET,Dentro de N-TET: cómo revisamos las fotos del emplazamiento antes de diseñar C-UAS,Photos reveal what maps can miss | How photos support C-UAS layout decisions | Useful photos to prepare | ¡Consigue una defensa experta con drones! | Photos reveal what maps can miss | How photos support C-UAS layout decisions | Useful photos to prepare | ¡Consigue una defensa experta con drones!,.next-five-pages-v2/server/app/es/media/site-photo-review-before-system-layout-2026.html
/es/media/tethered-uav-persistent-surveillance-2026,es,strong,85,Cautivo UAV: Continuous Aerial monitoreo for Events and remoto Sites,2,true,true,true,false,true,679,8,1.178,1,2,H2 未命中关键词,Cautivo UAV: Continuous Aerial monitoreo for Events and remoto Sites | N-TET,"Cautivo UAV: Continuous Aerial monitoreo for Events and remoto Sites analiza tendencias y prácticas para operaciones UAV industriales, monitoreo de baja altitud e infraestructura. Contexto operativo El enfoque de N-TET prioriza despliegues",Cautivo UAV: Continuous Aerial monitoreo for Events and remoto Sites | N-TET,Cautivo UAV: Continuous Aerial monitoreo for Events and remoto Sites,¡Consigue una defensa experta con drones! | ¡Consigue una defensa experta con drones!,.next-five-pages-v2/server/app/es/media/tethered-uav-persistent-surveillance-2026.html
/es/media/weather-terrain-urban-clutter-drone-detection-2025,es,partial,70,Cómo afectan el clima,3,true,false,true,false,true,1597,10,0.626,1,10,description 未命中关键词; H2 未命中关键词,"Cómo afectan el clima, el terreno y el entorno urbano a la detección | N-TET","Weather, terrain, and urban clutter affect drone detection because every sensor depends on energy reaching the target or receiver through a real environment. RF sensing depends on available radio activity and local signal conditions. Radar",Cómo afectan el clima | el terreno y el entorno urbano a la detección | N-TET,"Cómo afectan el clima, el terreno y el entorno urbano a la detección",How does weather change the picture? | What does terrain hide? | Why is an urban or industrial site difficult? | What should buyers ask for? | ¡Consigue una defensa experta con drones! | How does weather change the picture? | What does terrain hide? | Why is an urban or industrial site difficult? | What should buyers ask for? | ¡Consigue una defensa experta con drones!,.next-five-pages-v2/server/app/es/media/weather-terrain-urban-clutter-drone-detection-2025.html
/es/privacy-policy,es,partial,65,Política de privacidad | N-TET,2,true,true,false,false,true,1502,10,0.666,2,20,H1 未命中关键词; H2 未命中关键词,Política de privacidad | N-TET,"Esta política explica cómo N-TET recopila, utiliza, conserva y comparte datos personales cuando visita n-tet.com o se comunica con nuestro equipo.",Política de privacidad | N-TET | N-TET,Política de privacidad | Política de privacidad,"1. Alcance e identidad del responsable | 2. Información que recopilamos | 3. Cómo utilizamos la información | 4. Cookies, analítica y servicios de terceros | 5. Cesiones y transferencias internacionales | 6. Conservación y seguridad | 7. Sus opciones y solicitudes | 8. Menores | 9. Cambios en esta política | 10. Contacto | 1. Alcance e identidad del responsable | 2. Información que recopilamos | 3. Cómo utilizamos la información | 4. Cookies, analítica y servicios de terceros | 5. Cesiones y transferencias internacionales | 6. Conservación y seguridad | 7. Sus opciones y solicitudes | 8. Menores | 9. Cambios en esta política | 10. Contacto",.next-five-pages-v2/server/app/es/privacy-policy.html
/es/products,es,weak,45,sistemas UAV industriales,9,true,true,false,false,false,761,0,0.000,1,6,H1 未命中关键词; H2 未命中关键词; 正文未命中精确关键词短语,Sistemas UAV industriales y equipos de campo | Productos N-TET,"Explore plataformas UAV, cargas útiles de sensores, sistemas de monitoreo de baja altitud, equipos de inspección de seguridad y componentes UAV organizados por misión.",sistemas UAV industriales | dron de inspeccion UAV | UAV de emergencia | equipos de monitoreo de baja altitud | sistemas de inspeccion de seguridad | materiales de ingenieria | equipos medicos de campo | accesorios para drones | componentes UAV,Equipo C-UAS profesional,Dispositivos C-UAS portátiles | Sistemas C-UAS de sitio fijo | C-UAS montado en vehículo | Plataforma de control C-UAS | Seguimiento y verificación de EO/IR | ¡Consigue una defensa experta con drones!,.next-five-pages-v2/server/app/es/products.html
/es/products/composite-electro-optical-tracking-system,es,strong,100,Electro-Optical EO seguimiento sistema,5,true,true,true,true,true,970,7,0.722,1,5,,Electro-Optical (EO) seguimiento sistema | N-TET,"N-TET Electro-Optical (EO) seguimiento sistema: solucion industrial para inspeccion, monitoreo y operaciones de campo con soporte tecnico del proyecto.",Electro-Optical EO seguimiento sistema | C-UAS equipment | early warning equipment | target identification and tracking system | N-TET,Electro-Optical EO seguimiento sistema,Electro-Optical EO seguimiento sistema Technical Specifications | ¡Consigue una defensa experta con drones! | Resumen | Especificaciones técnicas | ¡Consigue una defensa experta con drones!,.next-five-pages-v2/server/app/es/products/composite-electro-optical-tracking-system.html
/es/products/directional-rf-event-logging,es,strong,100,Directional RF RF signal analyzers,5,true,true,true,true,true,983,15,1.526,1,5,,Directional RF RF signal analyzers | N-TET,"N-TET Directional RF RF signal analyzers: solucion industrial para inspeccion, monitoreo y operaciones de campo con soporte tecnico del proyecto.",Directional RF RF signal analyzers | C-UAS equipment | early warning equipment | target identification and tracking system | N-TET,Directional RF RF signal analyzers,Directional RF RF signal analyzers Technical Specifications | ¡Consigue una defensa experta con drones! | Resumen | Especificaciones técnicas | ¡Consigue una defensa experta con drones!,.next-five-pages-v2/server/app/es/products/directional-rf-event-logging.html
/es/products/directional-rf-interference-device,es,strong,100,Directional RF Jammer,5,true,true,true,true,true,947,17,1.795,1,5,,Directional RF Jammer | N-TET,"N-TET Directional RF Jammer: solucion industrial para inspeccion, monitoreo y operaciones de campo con soporte tecnico del proyecto.",Directional RF Jammer | C-UAS equipment | early warning equipment | target identification and tracking system | N-TET,Directional RF Jammer,Directional RF Jammer Technical Specifications | ¡Consigue una defensa experta con drones! | Resumen | Especificaciones técnicas | ¡Consigue una defensa experta con drones!,.next-five-pages-v2/server/app/es/products/directional-rf-interference-device.html
/es/products/emergency-search-rescue-drone,es,strong,100,thermal drones for search and rescue,8,true,true,true,true,true,916,11,1.201,1,5,,Emergencia búsqueda & rescate dron | N-TET,"N-TET Emergencia búsqueda & rescate dron: solucion industrial para inspeccion, monitoreo y operaciones de campo con soporte tecnico del proyecto.",thermal drones for search and rescue | search and rescue drone | search and rescue UAV | drone rescue | Emergencia búsqueda & rescate dron | industrial UAV systems | UAV inspection drone | emergency response UAV,Emergencia búsqueda & rescate dron,Emergencia búsqueda & rescate dron Technical Specifications | ¡Consigue una defensa experta con drones! | Resumen | Especificaciones técnicas | ¡Consigue una defensa experta con drones!,.next-five-pages-v2/server/app/es/products/emergency-search-rescue-drone.html
/es/products/fbg-g15-fc06-explosion-containment-vessel,es,strong,100,Explosion Containment Vessel FBG-G1.5-FC06,5,true,true,true,true,true,921,15,1.629,1,5,,Explosion Containment Vessel FBG-G1.5-FC06 | N-TET,"N-TET Explosion Containment Vessel FBG-G1.5-FC06: solucion industrial para inspeccion, monitoreo y operaciones de campo con soporte tecnico del proyecto.",Explosion Containment Vessel FBG-G1.5-FC06 | security screening equipment | X-ray baggage scanner | walk-through metal detector | N-TET,Explosion Containment Vessel FBG-G1.5-FC06,Explosion Containment Vessel FBG-G1.5-FC06 Technical Specifications | ¡Consigue una defensa experta con drones! | Resumen | Especificaciones técnicas | ¡Consigue una defensa experta con drones!,.next-five-pages-v2/server/app/es/products/fbg-g15-fc06-explosion-containment-vessel.html
/es/products/fbt-fc09-explosion-protection-blanket,es,strong,100,Explosion Protection Blanket FBT-FC09,5,true,true,true,true,true,920,15,1.630,1,5,,Explosion Protection Blanket FBT-FC09 | N-TET,"N-TET Explosion Protection Blanket FBT-FC09: solucion industrial para inspeccion, monitoreo y operaciones de campo con soporte tecnico del proyecto.",Explosion Protection Blanket FBT-FC09 | security screening equipment | X-ray baggage scanner | walk-through metal detector | N-TET,Explosion Protection Blanket FBT-FC09,Explosion Protection Blanket FBT-FC09 Technical Specifications | ¡Consigue una defensa experta con drones! | Resumen | Especificaciones técnicas | ¡Consigue una defensa experta con drones!,.next-five-pages-v2/server/app/es/products/fbt-fc09-explosion-protection-blanket.html
/es/products/fc-3000-ferromagnetic-detection-column,es,strong,100,Intelligent Ferromagnetic detección sistema FC-3000,5,true,true,true,true,true,1053,15,1.425,1,5,,Intelligent Ferromagnetic detección sistema FC-3000 | N-TET,"N-TET Intelligent Ferromagnetic detección sistema FC-3000: solucion industrial para inspeccion, monitoreo y operaciones de campo con soporte tecnico del proyecto.",Intelligent Ferromagnetic detección sistema FC-3000 | security screening equipment | X-ray baggage scanner | walk-through metal detector | N-TET,Intelligent Ferromagnetic detección sistema FC-3000,Intelligent Ferromagnetic detección sistema FC-3000 Technical Specifications | ¡Consigue una defensa experta con drones! | Resumen | Especificaciones técnicas | ¡Consigue una defensa experta con drones!,.next-five-pages-v2/server/app/es/products/fc-3000-ferromagnetic-detection-column.html
/es/products/fc-c-deluxe-walk-through-metal-detector,es,strong,100,Walk-Through Metal Detector FC-C Deluxe,5,true,true,true,true,true,1003,18,1.795,1,5,,Walk-Through Metal Detector FC-C (Deluxe) | N-TET,"N-TET Walk-Through Metal Detector FC-C (Deluxe): solucion industrial para inspeccion, monitoreo y operaciones de campo con soporte tecnico del proyecto.",Walk-Through Metal Detector FC-C Deluxe | security screening equipment | X-ray baggage scanner | walk-through metal detector | N-TET,Walk-Through Metal Detector FC-C Deluxe,Walk-Through Metal Detector FC-C Deluxe Technical Specifications | ¡Consigue una defensa experta con drones! | Resumen | Especificaciones técnicas | ¡Consigue una defensa experta con drones!,.next-five-pages-v2/server/app/es/products/fc-c-deluxe-walk-through-metal-detector.html
/es/products/fc-c-lcd-walk-through-metal-detector,es,strong,100,Walk-Through Metal Detector FC-C LCD,6,true,true,true,true,true,1020,29,2.843,1,5,,"Walk-Through Metal Detector FC-C (LCD, 12-Zone) | N-TET","N-TET Walk-Through Metal Detector FC-C (LCD, 12-Zone): solucion industrial para inspeccion, monitoreo y operaciones de campo con soporte tecnico del proyecto.",Walk-Through Metal Detector FC-C LCD | 12-Zone | security screening equipment | X-ray baggage scanner | walk-through metal detector | N-TET,"Walk-Through Metal Detector FC-C LCD, 12-Zone","Walk-Through Metal Detector FC-C LCD, 12-Zone Technical Specifications | ¡Consigue una defensa experta con drones! | Resumen | Especificaciones técnicas | ¡Consigue una defensa experta con drones!",.next-five-pages-v2/server/app/es/products/fc-c-lcd-walk-through-metal-detector.html
/es/products/fc-dlxj-01-power-grid-inspection-drone,es,strong,100,drone power line inspection,8,true,true,true,true,true,937,11,1.174,1,5,,Eléctrica red eléctrica inspección dron | N-TET,"N-TET Eléctrica red eléctrica inspección dron: solucion industrial para inspeccion, monitoreo y operaciones de campo con soporte tecnico del proyecto.",drone power line inspection | power line inspection drone | UAV power line inspection | utility inspection drone | Eléctrica red eléctrica inspección dron | industrial UAV systems | UAV inspection drone | emergency response UAV,Eléctrica red eléctrica inspección dron,Eléctrica red eléctrica inspección dron Technical Specifications | ¡Consigue una defensa experta con drones! | Resumen | Especificaciones técnicas | ¡Consigue una defensa experta con drones!,.next-five-pages-v2/server/app/es/products/fc-dlxj-01-power-grid-inspection-drone.html
/es/products/fc-dma-long-range-optical-turntable,es,strong,100,FC-DMA Multi-Spectral EO/IR PTZ Turret,5,true,true,true,true,true,1690,15,0.888,1,5,,FC-DMA Multi-Spectral EO/IR PTZ Turret | N-TET,"N-TET FC-DMA Multi-Spectral EO/IR PTZ Turret: solucion industrial para inspeccion, monitoreo y operaciones de campo con soporte tecnico del proyecto.",FC-DMA Multi-Spectral EO/IR PTZ Turret | perimeter intelligence | electro optical surveillance | radar vision fusion system | N-TET,FC-DMA Multi-Spectral EO/IR PTZ Turret,FC-DMA Multi-Spectral EO/IR PTZ Turret Technical Specifications | ¡Consigue una defensa experta con drones! | Resumen | Especificaciones técnicas | ¡Consigue una defensa experta con drones!,.next-five-pages-v2/server/app/es/products/fc-dma-long-range-optical-turntable.html
/es/products/fc-dms10-smart-electronic-sentinel,es,strong,100,FC-DMS10 Series Smart Electronic Sentinel,5,true,true,true,true,true,1287,15,1.166,1,5,,FC-DMS10 Series Smart Electronic Sentinel | N-TET,"N-TET FC-DMS10 Series Smart Electronic Sentinel: solucion industrial para inspeccion, monitoreo y operaciones de campo con soporte tecnico del proyecto.",FC-DMS10 Series Smart Electronic Sentinel | perimeter intelligence | electro optical surveillance | radar vision fusion system | N-TET,FC-DMS10 Series Smart Electronic Sentinel,FC-DMS10 Series Smart Electronic Sentinel Technical Specifications | ¡Consigue una defensa experta con drones! | Resumen | Especificaciones técnicas | ¡Consigue una defensa experta con drones!,.next-five-pages-v2/server/app/es/products/fc-dms10-smart-electronic-sentinel.html
/es/products/fc-dtvc-dual-band-thermal-ptz,es,strong,100,FC-DTVC Series Dual-Band Thermal High-Speed Dome,5,true,true,true,true,true,1468,15,1.022,1,5,,FC-DTVC Series Dual-Band Thermal High-Speed Dome | N-TET,"N-TET FC-DTVC Series Dual-Band Thermal High-Speed Dome: solucion industrial para inspeccion, monitoreo y operaciones de campo con soporte tecnico del proyecto.",FC-DTVC Series Dual-Band Thermal High-Speed Dome | perimeter intelligence | electro optical surveillance | radar vision fusion system | N-TET,FC-DTVC Series Dual-Band Thermal High-Speed Dome,FC-DTVC Series Dual-Band Thermal High-Speed Dome Technical Specifications | ¡Consigue una defensa experta con drones! | Resumen | Especificaciones técnicas | ¡Consigue una defensa experta con drones!,.next-five-pages-v2/server/app/es/products/fc-dtvc-dual-band-thermal-ptz.html
/es/products/fc-h-smart-phone-detection-gate,es,strong,100,Smart Phone detección Gate FC-H,5,true,true,true,true,true,1307,15,1.148,1,5,,Smart Phone detección Gate FC-H | N-TET,"N-TET Smart Phone detección Gate FC-H: solucion industrial para inspeccion, monitoreo y operaciones de campo con soporte tecnico del proyecto.",Smart Phone detección Gate FC-H | security screening equipment | X-ray baggage scanner | walk-through metal detector | N-TET,Smart Phone detección Gate FC-H,Smart Phone detección Gate FC-H Technical Specifications | ¡Consigue una defensa experta con drones! | Resumen | Especificaciones técnicas | ¡Consigue una defensa experta con drones!,.next-five-pages-v2/server/app/es/products/fc-h-smart-phone-detection-gate.html
/es/products/fc-h-smart-phone-detection-gate-29in,es,strong,100,Smart Phone detección Gate FC-H 29-inch Display,5,true,true,true,true,true,1075,7,0.651,1,5,,Smart Phone detección Gate FC-H (29-inch Display) | N-TET,"N-TET Smart Phone detección Gate FC-H (29-inch Display): solucion industrial para inspeccion, monitoreo y operaciones de campo con soporte tecnico del proyecto.",Smart Phone detección Gate FC-H 29-inch Display | security screening equipment | X-ray baggage scanner | walk-through metal detector | N-TET,Smart Phone detección Gate FC-H 29-inch Display,Smart Phone detección Gate FC-H 29-inch Display Technical Specifications | ¡Consigue una defensa experta con drones! | Resumen | Especificaciones técnicas | ¡Consigue una defensa experta con drones!,.next-five-pages-v2/server/app/es/products/fc-h-smart-phone-detection-gate-29in.html
/es/products/fc-pd500-personal-radiation-dose-alarm,es,strong,100,FC-PD500 X-γ Personal Radiation Dose Alarm,5,true,true,true,true,true,1104,15,1.359,1,5,,FC-PD500 X-γ Personal Radiation Dose Alarm | N-TET,"N-TET FC-PD500 X-γ Personal Radiation Dose Alarm: solucion industrial para inspeccion, monitoreo y operaciones de campo con soporte tecnico del proyecto.",FC-PD500 X-γ Personal Radiation Dose Alarm | security screening equipment | X-ray baggage scanner | walk-through metal detector | N-TET,FC-PD500 X-γ Personal Radiation Dose Alarm,FC-PD500 X-γ Personal Radiation Dose Alarm Technical Specifications | ¡Consigue una defensa experta con drones! | Resumen | Especificaciones técnicas | ¡Consigue una defensa experta con drones!,.next-five-pages-v2/server/app/es/products/fc-pd500-personal-radiation-dose-alarm.html
/es/products/fc-rc-series-hd-laser-camera,es,strong,100,FC-RC Series HD Long-Range Laser Camera,5,true,true,true,true,true,1434,15,1.046,1,5,,FC-RC Series HD Long-Range Laser Camera | N-TET,"N-TET FC-RC Series HD Long-Range Laser Camera: solucion industrial para inspeccion, monitoreo y operaciones de campo con soporte tecnico del proyecto.",FC-RC Series HD Long-Range Laser Camera | perimeter intelligence | electro optical surveillance | radar vision fusion system | N-TET,FC-RC Series HD Long-Range Laser Camera,FC-RC Series HD Long-Range Laser Camera Technical Specifications | ¡Consigue una defensa experta con drones! | Resumen | Especificaciones técnicas | ¡Consigue una defensa experta con drones!,.next-five-pages-v2/server/app/es/products/fc-rc-series-hd-laser-camera.html
/es/products/fc-rds500-4r-radar-vision-sentinel,es,strong,100,FC-RDS500-4R Radar-Vision Fusion sistema,5,true,true,true,true,true,1470,15,1.020,1,5,,FC-RDS500-4R Radar-Vision Fusion sistema | N-TET,"N-TET FC-RDS500-4R Radar-Vision Fusion sistema: solucion industrial para inspeccion, monitoreo y operaciones de campo con soporte tecnico del proyecto.",FC-RDS500-4R Radar-Vision Fusion sistema | perimeter intelligence | electro optical surveillance | radar vision fusion system | N-TET,FC-RDS500-4R Radar-Vision Fusion sistema,FC-RDS500-4R Radar-Vision Fusion sistema Technical Specifications | ¡Consigue una defensa experta con drones! | Resumen | Especificaciones técnicas | ¡Consigue una defensa experta con drones!,.next-five-pages-v2/server/app/es/products/fc-rds500-4r-radar-vision-sentinel.html
/es/products/fc-sljc-01-water-conservancy-monitoring-drone,es,strong,100,water conservancy monitoring UAV,8,true,true,true,true,true,912,11,1.206,1,5,,Gestión hídrica monitoreo UAV | N-TET,"N-TET Gestión hídrica monitoreo UAV: solucion industrial para inspeccion, monitoreo y operaciones de campo con soporte tecnico del proyecto.",water conservancy monitoring UAV | dam inspection UAV | river lake UAV monitoring | flood monitoring drone | Gestión hídrica monitoreo UAV | industrial UAV systems | UAV inspection drone | emergency response UAV,Gestión hídrica monitoreo UAV,Gestión hídrica monitoreo UAV Technical Specifications | ¡Consigue una defensa experta con drones! | Resumen | Especificaciones técnicas | ¡Consigue una defensa experta con drones!,.next-five-pages-v2/server/app/es/products/fc-sljc-01-water-conservancy-monitoring-drone.html
/es/products/fc-smart-swing-turnstile,es,strong,100,Deluxe Smart Swing Turnstile,5,true,true,true,true,true,992,15,1.512,1,5,,Deluxe Smart Swing Turnstile | N-TET,"N-TET Deluxe Smart Swing Turnstile: solucion industrial para inspeccion, monitoreo y operaciones de campo con soporte tecnico del proyecto.",Deluxe Smart Swing Turnstile | security screening equipment | X-ray baggage scanner | walk-through metal detector | N-TET,Deluxe Smart Swing Turnstile,Deluxe Smart Swing Turnstile Technical Specifications | ¡Consigue una defensa experta con drones! | Resumen | Especificaciones técnicas | ¡Consigue una defensa experta con drones!,.next-five-pages-v2/server/app/es/products/fc-smart-swing-turnstile.html
/es/products/fc-ttvc-intelligent-multi-band-camera,es,strong,100,FC-TTVC Series Intelligent Multi-Band Camera,5,true,true,true,true,true,1369,17,1.242,1,5,,FC-TTVC Series Intelligent Multi-Band Camera | N-TET,"N-TET FC-TTVC Series Intelligent Multi-Band Camera: solucion industrial para inspeccion, monitoreo y operaciones de campo con soporte tecnico del proyecto.",FC-TTVC Series Intelligent Multi-Band Camera | perimeter intelligence | electro optical surveillance | radar vision fusion system | N-TET,FC-TTVC Series Intelligent Multi-Band Camera,FC-TTVC Series Intelligent Multi-Band Camera Technical Specifications | ¡Consigue una defensa experta con drones! | Resumen | Especificaciones técnicas | ¡Consigue una defensa experta con drones!,.next-five-pages-v2/server/app/es/products/fc-ttvc-intelligent-multi-band-camera.html
/es/products/fc-yjtx-01-emergency-communication-drone,es,strong,100,emergency communication UAV,8,true,true,true,true,true,936,11,1.175,1,5,,Emergencia comunicación cautivo UAV | N-TET,"N-TET Emergencia comunicación cautivo UAV: solucion industrial para inspeccion, monitoreo y operaciones de campo con soporte tecnico del proyecto.",emergency communication UAV | disaster response communication drone | tethered communication UAV | public safety UAV communications | Emergencia comunicación cautivo UAV | industrial UAV systems | UAV inspection drone | emergency response UAV,Emergencia comunicación cautivo UAV,Emergencia comunicación cautivo UAV Technical Specifications | ¡Consigue una defensa experta con drones! | Resumen | Especificaciones técnicas | ¡Consigue una defensa experta con drones!,.next-five-pages-v2/server/app/es/products/fc-yjtx-01-emergency-communication-drone.html
/es/products/fc-yjxf-01-aerial-firefighting-drone,es,strong,100,firefighting drone,8,true,true,true,true,true,928,11,1.185,1,5,,High-Rise apoyo contra incendios cautivo UAV | N-TET,"N-TET High-Rise apoyo contra incendios cautivo UAV: solucion industrial para inspeccion, monitoreo y operaciones de campo con soporte tecnico del proyecto.",firefighting drone | drone fire fighting | drone for fire fighting | high-rise firefighting UAV | High-Rise apoyo contra incendios cautivo UAV | industrial UAV systems | UAV inspection drone | emergency response UAV,High-Rise apoyo contra incendios cautivo UAV,High-Rise apoyo contra incendios cautivo UAV Technical Specifications | ¡Consigue una defensa experta con drones! | Resumen | Especificaciones técnicas | ¡Consigue una defensa experta con drones!,.next-five-pages-v2/server/app/es/products/fc-yjxf-01-aerial-firefighting-drone.html
/es/products/fc-yjzc-01-emergency-reconnaissance-drone,es,strong,100,search and rescue drone,8,true,true,true,true,true,915,11,1.202,1,5,,Emergencia Response dron | N-TET,"N-TET Emergencia Response dron: solucion industrial para inspeccion, monitoreo y operaciones de campo con soporte tecnico del proyecto.",search and rescue drone | drone rescue | emergency reconnaissance drone | disaster response UAV | Emergencia Response dron | industrial UAV systems | UAV inspection drone | emergency response UAV,Emergencia Response dron,Emergencia Response dron Technical Specifications | ¡Consigue una defensa experta con drones! | Resumen | Especificaciones técnicas | ¡Consigue una defensa experta con drones!,.next-five-pages-v2/server/app/es/products/fc-yjzc-01-emergency-reconnaissance-drone.html
/es/products/fc-yjzm-01-emergency-lighting-drone,es,strong,100,drone lighting,8,true,true,true,true,true,907,11,1.213,1,5,,Cautivo iluminación UAV | N-TET,"N-TET Cautivo iluminación UAV: solucion industrial para inspeccion, monitoreo y operaciones de campo con soporte tecnico del proyecto.",drone lighting | UAV lighting | tethered lighting UAV | emergency lighting drone | Cautivo iluminación UAV | industrial UAV systems | UAV inspection drone | emergency response UAV,Cautivo iluminación UAV,Cautivo iluminación UAV Technical Specifications | ¡Consigue una defensa experta con drones! | Resumen | Especificaciones técnicas | ¡Consigue una defensa experta con drones!,.next-five-pages-v2/server/app/es/products/fc-yjzm-01-emergency-lighting-drone.html
/es/products/fc-yqxj-01-utility-inspection-drone,es,strong,100,pipeline inspection drones,8,true,true,true,true,true,937,11,1.174,1,5,,Oil & Gas Pipeline inspección dron | N-TET,"N-TET Oil & Gas Pipeline inspección dron: solucion industrial para inspeccion, monitoreo y operaciones de campo con soporte tecnico del proyecto.",pipeline inspection drones | UAV pipeline inspection | oil and gas drone inspection | drone pipeline inspection | Oil & Gas Pipeline inspección dron | industrial UAV systems | UAV inspection drone | emergency response UAV,Oil & Gas Pipeline inspección dron,Oil & Gas Pipeline inspección dron Technical Specifications | ¡Consigue una defensa experta con drones! | Resumen | Especificaciones técnicas | ¡Consigue una defensa experta con drones!,.next-five-pages-v2/server/app/es/products/fc-yqxj-01-utility-inspection-drone.html
/es/products/fc1500-handheld-liquid-detector,es,strong,100,Handheld Liquid Detector FC1500,5,true,true,true,true,true,928,15,1.616,1,5,,Handheld Liquid Detector FC1500 | N-TET,"N-TET Handheld Liquid Detector FC1500: solucion industrial para inspeccion, monitoreo y operaciones de campo con soporte tecnico del proyecto.",Handheld Liquid Detector FC1500 | security screening equipment | X-ray baggage scanner | walk-through metal detector | N-TET,Handheld Liquid Detector FC1500,Handheld Liquid Detector FC1500 Technical Specifications | ¡Consigue una defensa experta con drones! | Resumen | Especificaciones técnicas | ¡Consigue una defensa experta con drones!,.next-five-pages-v2/server/app/es/products/fc1500-handheld-liquid-detector.html
/es/products/fc1500b-desktop-liquid-security-inspector,es,strong,100,Desktop Liquid seguridad Inspector FC1500B,5,true,true,true,true,true,977,15,1.535,1,5,,Desktop Liquid seguridad Inspector FC1500B | N-TET,"N-TET Desktop Liquid seguridad Inspector FC1500B: solucion industrial para inspeccion, monitoreo y operaciones de campo con soporte tecnico del proyecto.",Desktop Liquid seguridad Inspector FC1500B | security screening equipment | X-ray baggage scanner | walk-through metal detector | N-TET,Desktop Liquid seguridad Inspector FC1500B,Desktop Liquid seguridad Inspector FC1500B Technical Specifications | ¡Consigue una defensa experta con drones! | Resumen | Especificaciones técnicas | ¡Consigue una defensa experta con drones!,.next-five-pages-v2/server/app/es/products/fc1500b-desktop-liquid-security-inspector.html
/es/products/fc1800b-portable-explosives-and-narcotics-detector,es,strong,100,Portable Explosives & Narcotics Detector FC1800B,5,true,true,true,true,true,935,15,1.604,1,5,,Portable Explosives & Narcotics Detector FC1800B | N-TET,"N-TET Portable Explosives & Narcotics Detector FC1800B: solucion industrial para inspeccion, monitoreo y operaciones de campo con soporte tecnico del proyecto.",Portable Explosives & Narcotics Detector FC1800B | security screening equipment | X-ray baggage scanner | walk-through metal detector | N-TET,Portable Explosives & Narcotics Detector FC1800B,Portable Explosives & Narcotics Detector FC1800B Technical Specifications | ¡Consigue una defensa experta con drones! | Resumen | Especificaciones técnicas | ¡Consigue una defensa experta con drones!,.next-five-pages-v2/server/app/es/products/fc1800b-portable-explosives-and-narcotics-detector.html
/es/products/fc1800t-desktop-explosives-narcotics-detector,es,strong,100,Desktop Explosives & Narcotics Detector FC1800T,5,true,true,true,true,true,963,15,1.558,1,5,,Desktop Explosives & Narcotics Detector FC1800T | N-TET,"N-TET Desktop Explosives & Narcotics Detector FC1800T: solucion industrial para inspeccion, monitoreo y operaciones de campo con soporte tecnico del proyecto.",Desktop Explosives & Narcotics Detector FC1800T | security screening equipment | X-ray baggage scanner | walk-through metal detector | N-TET,Desktop Explosives & Narcotics Detector FC1800T,Desktop Explosives & Narcotics Detector FC1800T Technical Specifications | ¡Consigue una defensa experta con drones! | Resumen | Especificaciones técnicas | ¡Consigue una defensa experta con drones!,.next-five-pages-v2/server/app/es/products/fc1800t-desktop-explosives-narcotics-detector.html
/es/products/fc2088-handheld-metal-detector,es,strong,100,Handheld Metal Detector FC2088,5,true,true,true,true,true,922,15,1.627,1,5,,Handheld Metal Detector FC2088 | N-TET,"N-TET Handheld Metal Detector FC2088: solucion industrial para inspeccion, monitoreo y operaciones de campo con soporte tecnico del proyecto.",Handheld Metal Detector FC2088 | security screening equipment | X-ray baggage scanner | walk-through metal detector | N-TET,Handheld Metal Detector FC2088,Handheld Metal Detector FC2088 Technical Specifications | ¡Consigue una defensa experta con drones! | Resumen | Especificaciones técnicas | ¡Consigue una defensa experta con drones!,.next-five-pages-v2/server/app/es/products/fc2088-handheld-metal-detector.html
/es/products/fc4028-neutron-ambient-dose-rate-meter,es,strong,100,FC4028 Neutron Ambient Dose Equivalent Rate Meter,5,true,true,true,true,true,1401,7,0.500,1,5,,FC4028 Neutron Ambient Dose Equivalent (Rate) Meter | N-TET,"N-TET FC4028 Neutron Ambient Dose Equivalent (Rate) Meter: solucion industrial para inspeccion, monitoreo y operaciones de campo con soporte tecnico del proyecto.",FC4028 Neutron Ambient Dose Equivalent Rate Meter | security screening equipment | X-ray baggage scanner | walk-through metal detector | N-TET,FC4028 Neutron Ambient Dose Equivalent Rate Meter,FC4028 Neutron Ambient Dose Equivalent Rate Meter Technical Specifications | ¡Consigue una defensa experta con drones! | Resumen | Especificaciones técnicas | ¡Consigue una defensa experta con drones!,.next-five-pages-v2/server/app/es/products/fc4028-neutron-ambient-dose-rate-meter.html
/es/products/fc5030-compact-x-ray-baggage-scanner,es,strong,100,X-Ray Baggage Scanner FC5030,5,true,true,true,true,true,958,26,2.714,1,5,,X-Ray Baggage Scanner FC5030 | N-TET,"N-TET X-Ray Baggage Scanner FC5030: solucion industrial para inspeccion, monitoreo y operaciones de campo con soporte tecnico del proyecto.",X-Ray Baggage Scanner FC5030 | security screening equipment | X-ray baggage scanner | walk-through metal detector | N-TET,X-Ray Baggage Scanner FC5030,X-Ray Baggage Scanner FC5030 Technical Specifications | ¡Consigue una defensa experta con drones! | Resumen | Especificaciones técnicas | ¡Consigue una defensa experta con drones!,.next-five-pages-v2/server/app/es/products/fc5030-compact-x-ray-baggage-scanner.html
/es/products/fc6550-standard-x-ray-baggage-scanner,es,strong,100,X-Ray Baggage Scanner FC6550,5,true,true,true,true,true,982,26,2.648,1,5,,X-Ray Baggage Scanner FC6550 | N-TET,"N-TET X-Ray Baggage Scanner FC6550: solucion industrial para inspeccion, monitoreo y operaciones de campo con soporte tecnico del proyecto.",X-Ray Baggage Scanner FC6550 | security screening equipment | X-ray baggage scanner | walk-through metal detector | N-TET,X-Ray Baggage Scanner FC6550,X-Ray Baggage Scanner FC6550 Technical Specifications | ¡Consigue una defensa experta con drones! | Resumen | Especificaciones técnicas | ¡Consigue una defensa experta con drones!,.next-five-pages-v2/server/app/es/products/fc6550-standard-x-ray-baggage-scanner.html
/es/products/fc6550d-dual-view-baggage-scanner,es,strong,100,Dual-View X-Ray Baggage Scanner FC6550D,5,true,true,true,true,true,969,26,2.683,1,5,,Dual-View X-Ray Baggage Scanner FC6550D | N-TET,"N-TET Dual-View X-Ray Baggage Scanner FC6550D: solucion industrial para inspeccion, monitoreo y operaciones de campo con soporte tecnico del proyecto.",Dual-View X-Ray Baggage Scanner FC6550D | security screening equipment | X-ray baggage scanner | walk-through metal detector | N-TET,Dual-View X-Ray Baggage Scanner FC6550D,Dual-View X-Ray Baggage Scanner FC6550D Technical Specifications | ¡Consigue una defensa experta con drones! | Resumen | Especificaciones técnicas | ¡Consigue una defensa experta con drones!,.next-five-pages-v2/server/app/es/products/fc6550d-dual-view-baggage-scanner.html
/es/products/fc902-personal-radiation-dose-alarm,es,strong,100,X-γ Radiation Dose Alarm FC902,5,true,true,true,true,true,1117,15,1.343,1,5,,X-γ Radiation Dose Alarm FC902 | N-TET,"N-TET X-γ Radiation Dose Alarm FC902: solucion industrial para inspeccion, monitoreo y operaciones de campo con soporte tecnico del proyecto.",X-γ Radiation Dose Alarm FC902 | security screening equipment | X-ray baggage scanner | walk-through metal detector | N-TET,X-γ Radiation Dose Alarm FC902,X-γ Radiation Dose Alarm FC902 Technical Specifications | ¡Consigue una defensa experta con drones! | Resumen | Especificaciones técnicas | ¡Consigue una defensa experta con drones!,.next-five-pages-v2/server/app/es/products/fc902-personal-radiation-dose-alarm.html
/es/products/handheld-rf-detection-system-mini,es,strong,100,Sistema portátil de detección RF PL280H,5,true,true,true,true,true,1198,6,0.501,1,5,,Sistema portátil de detección RF PL280H | N-TET,"N-TET Sistema portátil de detección RF PL280H: solucion industrial para inspeccion, monitoreo y operaciones de campo con soporte tecnico del proyecto.",Sistema portátil de detección RF PL280H | C-UAS equipment | early warning equipment | target identification and tracking system | N-TET,Sistema portátil de detección RF PL280H,Sistema portátil de detección RF PL280H Technical Specifications | ¡Consigue una defensa experta con drones! | Resumen | Especificaciones técnicas | ¡Consigue una defensa experta con drones!,.next-five-pages-v2/server/app/es/products/handheld-rf-detection-system-mini.html
/es/products/low-altitude-3d-pulse-doppler-radar,es,strong,100,Baja altitud detección Radar X-Band,5,true,true,true,true,true,959,7,0.730,1,5,,Baja altitud detección Radar (X-Band) | N-TET,"N-TET Baja altitud detección Radar (X-Band): solucion industrial para inspeccion, monitoreo y operaciones de campo con soporte tecnico del proyecto.",Baja altitud detección Radar X-Band | C-UAS equipment | early warning equipment | target identification and tracking system | N-TET,Baja altitud detección Radar X-Band,Baja altitud detección Radar X-Band Technical Specifications | ¡Consigue una defensa experta con drones! | Resumen | Especificaciones técnicas | ¡Consigue una defensa experta con drones!,.next-five-pages-v2/server/app/es/products/low-altitude-3d-pulse-doppler-radar.html
/es/products/low-altitude-airspace-monitoring,es,weak,0,,0,false,false,false,false,false,0,0,0.000,0,0,缺少 meta keywords; 缺少 H1; 缺少 H2,Sistemas UAV industriales para operaciones de baja altitud | N-TET,"Desde plataformas UAV industriales hasta monitoreo aéreo de baja altitud, N-TET ayuda a equipos de infraestructura y sitios públicos a inspeccionar, verificar y documentar operaciones de campo.",,,,.next-five-pages-v2/server/app/es/products/low-altitude-airspace-monitoring.html
/es/products/low-altitude-detection-radar-ku-band,es,strong,100,Baja altitud detección Radar Ku-Band,5,true,true,true,true,true,937,7,0.747,1,5,,Baja altitud detección Radar (Ku-Band) | N-TET,"N-TET Baja altitud detección Radar (Ku-Band): solucion industrial para inspeccion, monitoreo y operaciones de campo con soporte tecnico del proyecto.",Baja altitud detección Radar Ku-Band | C-UAS equipment | early warning equipment | target identification and tracking system | N-TET,Baja altitud detección Radar Ku-Band,Baja altitud detección Radar Ku-Band Technical Specifications | ¡Consigue una defensa experta con drones! | Resumen | Especificaciones técnicas | ¡Consigue una defensa experta con drones!,.next-five-pages-v2/server/app/es/products/low-altitude-detection-radar-ku-band.html
/es/products/multi-rotor-20kg-payload-uav,es,strong,100,20kg carga útil multirrotor UAV,5,true,true,true,true,true,943,15,1.591,1,5,,20kg carga útil multirrotor UAV | N-TET,"N-TET 20kg carga útil multirrotor UAV: solucion industrial para inspeccion, monitoreo y operaciones de campo con soporte tecnico del proyecto.",20kg carga útil multirrotor UAV | industrial UAV systems | UAV inspection drone | emergency response UAV | N-TET,20kg carga útil multirrotor UAV,20kg carga útil multirrotor UAV Technical Specifications | ¡Consigue una defensa experta con drones! | Resumen | Especificaciones técnicas | ¡Consigue una defensa experta con drones!,.next-five-pages-v2/server/app/es/products/multi-rotor-20kg-payload-uav.html
/es/products/multi-rotor-3kg-payload-uav,es,strong,100,3kg carga útil multirrotor UAV,5,true,true,true,true,true,937,15,1.601,1,5,,3kg carga útil multirrotor UAV | N-TET,"N-TET 3kg carga útil multirrotor UAV: solucion industrial para inspeccion, monitoreo y operaciones de campo con soporte tecnico del proyecto.",3kg carga útil multirrotor UAV | industrial UAV systems | UAV inspection drone | emergency response UAV | N-TET,3kg carga útil multirrotor UAV,3kg carga útil multirrotor UAV Technical Specifications | ¡Consigue una defensa experta con drones! | Resumen | Especificaciones técnicas | ¡Consigue una defensa experta con drones!,.next-five-pages-v2/server/app/es/products/multi-rotor-3kg-payload-uav.html
/es/products/multi-rotor-50kg-payload-uav,es,strong,100,50kg carga útil multirrotor UAV,5,true,true,true,true,true,945,15,1.587,1,5,,50kg carga útil multirrotor UAV | N-TET,"N-TET 50kg carga útil multirrotor UAV: solucion industrial para inspeccion, monitoreo y operaciones de campo con soporte tecnico del proyecto.",50kg carga útil multirrotor UAV | industrial UAV systems | UAV inspection drone | emergency response UAV | N-TET,50kg carga útil multirrotor UAV,50kg carga útil multirrotor UAV Technical Specifications | ¡Consigue una defensa experta con drones! | Resumen | Especificaciones técnicas | ¡Consigue una defensa experta con drones!,.next-five-pages-v2/server/app/es/products/multi-rotor-50kg-payload-uav.html
/es/products/multi-rotor-8kg-payload-uav,es,strong,100,8kg carga útil multirrotor UAV,5,true,true,true,true,true,931,15,1.611,1,5,,8kg carga útil multirrotor UAV | N-TET,"N-TET 8kg carga útil multirrotor UAV: solucion industrial para inspeccion, monitoreo y operaciones de campo con soporte tecnico del proyecto.",8kg carga útil multirrotor UAV | industrial UAV systems | UAV inspection drone | emergency response UAV | N-TET,8kg carga útil multirrotor UAV,8kg carga útil multirrotor UAV Technical Specifications | ¡Consigue una defensa experta con drones! | Resumen | Especificaciones técnicas | ¡Consigue una defensa experta con drones!,.next-five-pages-v2/server/app/es/products/multi-rotor-8kg-payload-uav.html
/es/products/omni-directional-rf-event-logging,es,strong,100,Omni-directional RF RF signal analyzers,5,true,true,true,true,true,931,15,1.611,1,5,,Omni-directional RF RF signal analyzers | N-TET,"N-TET Omni-directional RF RF signal analyzers: solucion industrial para inspeccion, monitoreo y operaciones de campo con soporte tecnico del proyecto.",Omni-directional RF RF signal analyzers | C-UAS equipment | early warning equipment | target identification and tracking system | N-TET,Omni-directional RF RF signal analyzers,Omni-directional RF RF signal analyzers Technical Specifications | ¡Consigue una defensa experta con drones! | Resumen | Especificaciones técnicas | ¡Consigue una defensa experta con drones!,.next-five-pages-v2/server/app/es/products/omni-directional-rf-event-logging.html
/es/products/omni-directional-rf-interference-device,es,strong,100,Omni-directional RF Jammer,5,true,true,true,true,true,901,16,1.776,1,5,,Omni-directional RF Jammer | N-TET,"N-TET Omni-directional RF Jammer: solucion industrial para inspeccion, monitoreo y operaciones de campo con soporte tecnico del proyecto.",Omni-directional RF Jammer | C-UAS equipment | early warning equipment | target identification and tracking system | N-TET,Omni-directional RF Jammer,Omni-directional RF Jammer Technical Specifications | ¡Consigue una defensa experta con drones! | Resumen | Especificaciones técnicas | ¡Consigue una defensa experta con drones!,.next-five-pages-v2/server/app/es/products/omni-directional-rf-interference-device.html
/es/products/portable-active-rf-defense-system,es,strong,100,Hand-held Active RF seguridad sistema Signal Verification,5,true,true,true,true,true,931,7,0.752,1,5,,Hand-held Active RF seguridad sistema (Signal Verification) | N-TET,"N-TET Hand-held Active RF seguridad sistema (Signal Verification): solucion industrial para inspeccion, monitoreo y operaciones de campo con soporte tecnico del proyecto.",Hand-held Active RF seguridad sistema Signal Verification | C-UAS equipment | early warning equipment | target identification and tracking system | N-TET,Hand-held Active RF seguridad sistema Signal Verification,Hand-held Active RF seguridad sistema Signal Verification Technical Specifications | ¡Consigue una defensa experta con drones! | Resumen | Especificaciones técnicas | ¡Consigue una defensa experta con drones!,.next-five-pages-v2/server/app/es/products/portable-active-rf-defense-system.html
/es/products/portable-integrated-detection-event-logging-low-altitude-monitoring-basic,es,strong,100,Integrated detección & RF signal analysis espacio aéreo monitoreo,5,true,true,true,true,true,1106,15,1.356,1,5,,Integrated detección & RF signal analysis espacio aéreo monitoreo | N-TET,"N-TET Integrated detección & RF signal analysis espacio aéreo monitoreo: solucion industrial para inspeccion, monitoreo y operaciones de campo con soporte tecnico del proyecto.",Integrated detección & RF signal analysis espacio aéreo monitoreo | C-UAS equipment | early warning equipment | target identification and tracking system | N-TET,Integrated detección & RF signal analysis espacio aéreo monitoreo,Integrated detección & RF signal analysis espacio aéreo monitoreo Technical Specifications | ¡Consigue una defensa experta con drones! | Resumen | Especificaciones técnicas | ¡Consigue una defensa experta con drones!,.next-five-pages-v2/server/app/es/products/portable-integrated-detection-event-logging-low-altitude-monitoring-basic.html
/es/products/portable-integrated-detection-event-logging-pro-low-altitude-monitoring,es,strong,100,Integrated detección & RF signal analysis espacio aéreo monitoreo Pro,5,true,true,true,true,true,1093,7,0.640,1,5,,Integrated detección & RF signal analysis espacio aéreo monitoreo (Pro) | N-TET,"N-TET Integrated detección & RF signal analysis espacio aéreo monitoreo (Pro): solucion industrial para inspeccion, monitoreo y operaciones de campo con soporte tecnico del proyecto.",Integrated detección & RF signal analysis espacio aéreo monitoreo Pro | C-UAS equipment | early warning equipment | target identification and tracking system | N-TET,Integrated detección & RF signal analysis espacio aéreo monitoreo Pro,Integrated detección & RF signal analysis espacio aéreo monitoreo Pro Technical Specifications | ¡Consigue una defensa experta con drones! | Resumen | Especificaciones técnicas | ¡Consigue una defensa experta con drones!,.next-five-pages-v2/server/app/es/products/portable-integrated-detection-event-logging-pro-low-altitude-monitoring.html
/es/products/portable-low-altitude-monitoring-event-logging-shield,es,strong,100,Portable airspace monitoring RF signal analyzers Shield,5,true,true,true,true,true,1033,15,1.452,1,5,,Portable airspace monitoring RF signal analyzers Shield | N-TET,"N-TET Portable airspace monitoring RF signal analyzers Shield: solucion industrial para inspeccion, monitoreo y operaciones de campo con soporte tecnico del proyecto.",Portable airspace monitoring RF signal analyzers Shield | C-UAS equipment | early warning equipment | target identification and tracking system | N-TET,Portable airspace monitoring RF signal analyzers Shield,Portable airspace monitoring RF signal analyzers Shield Technical Specifications | ¡Consigue una defensa experta con drones! | Resumen | Especificaciones técnicas | ¡Consigue una defensa experta con drones!,.next-five-pages-v2/server/app/es/products/portable-low-altitude-monitoring-event-logging-shield.html
/es/products/portable-low-altitude-monitoring-event-logging-shield-pro,es,strong,100,Portable airspace monitoring RF signal analyzers Shield Pro,5,true,true,true,true,true,1066,7,0.657,1,5,,Portable airspace monitoring RF signal analyzers Shield (Pro) | N-TET,"N-TET Portable airspace monitoring RF signal analyzers Shield (Pro): solucion industrial para inspeccion, monitoreo y operaciones de campo con soporte tecnico del proyecto.",Portable airspace monitoring RF signal analyzers Shield Pro | C-UAS equipment | early warning equipment | target identification and tracking system | N-TET,Portable airspace monitoring RF signal analyzers Shield Pro,Portable airspace monitoring RF signal analyzers Shield Pro Technical Specifications | ¡Consigue una defensa experta con drones! | Resumen | Especificaciones técnicas | ¡Consigue una defensa experta con drones!,.next-five-pages-v2/server/app/es/products/portable-low-altitude-monitoring-event-logging-shield-pro.html
/es/products/portable-rf-detection-case,es,strong,100,Hand-carried RF detección sistema,5,true,true,true,true,true,880,15,1.705,1,5,,Hand-carried RF detección sistema | N-TET,"N-TET Hand-carried RF detección sistema: solucion industrial para inspeccion, monitoreo y operaciones de campo con soporte tecnico del proyecto.",Hand-carried RF detección sistema | C-UAS equipment | early warning equipment | target identification and tracking system | N-TET,Hand-carried RF detección sistema,Hand-carried RF detección sistema Technical Specifications | ¡Consigue una defensa experta con drones! | Resumen | Especificaciones técnicas | ¡Consigue una defensa experta con drones!,.next-five-pages-v2/server/app/es/products/portable-rf-detection-case.html
/es/products/power-tower-inspection-drone,es,strong,100,drone power line inspection,8,true,true,true,true,true,996,11,1.104,1,5,,Eléctrica Tower inspección UAV | N-TET,"N-TET Eléctrica Tower inspección UAV: solucion industrial para inspeccion, monitoreo y operaciones de campo con soporte tecnico del proyecto.",drone power line inspection | power line inspection drone | drones for utility inspection | transmission tower inspection UAV | Eléctrica Tower inspección UAV | industrial UAV systems | UAV inspection drone | emergency response UAV,Eléctrica Tower inspección UAV,Eléctrica Tower inspección UAV Technical Specifications | ¡Consigue una defensa experta con drones! | Resumen | Especificaciones técnicas | ¡Consigue una defensa experta con drones!,.next-five-pages-v2/server/app/es/products/power-tower-inspection-drone.html
/es/products/smart-substation-autonomous-inspection-system,es,strong,100,smart substation autonomous inspection,8,true,true,true,true,true,956,11,1.151,1,5,,Smart subestación Autonomous UAV inspección sistema | N-TET,"N-TET Smart subestación Autonomous UAV inspección sistema: solucion industrial para inspeccion, monitoreo y operaciones de campo con soporte tecnico del proyecto.",smart substation autonomous inspection | substation inspection drone | power utility UAV inspection | autonomous UAV inspection | Smart subestación Autonomous UAV inspección sistema | industrial UAV systems | UAV inspection drone | emergency response UAV,Smart subestación Autonomous UAV inspección sistema,Smart subestación Autonomous UAV inspección sistema Technical Specifications | ¡Consigue una defensa experta con drones! | Resumen | Especificaciones técnicas | ¡Consigue una defensa experta con drones!,.next-five-pages-v2/server/app/es/products/smart-substation-autonomous-inspection-system.html
/es/products/stationary-active-rf-defense-system,es,strong,100,Stationary Active RF seguridad sistema Signal Verification,5,true,true,true,true,true,919,7,0.762,1,5,,Stationary Active RF seguridad sistema (Signal Verification) | N-TET,"N-TET Stationary Active RF seguridad sistema (Signal Verification): solucion industrial para inspeccion, monitoreo y operaciones de campo con soporte tecnico del proyecto.",Stationary Active RF seguridad sistema Signal Verification | C-UAS equipment | early warning equipment | target identification and tracking system | N-TET,Stationary Active RF seguridad sistema Signal Verification,Stationary Active RF seguridad sistema Signal Verification Technical Specifications | ¡Consigue una defensa experta con drones! | Resumen | Especificaciones técnicas | ¡Consigue una defensa experta con drones!,.next-five-pages-v2/server/app/es/products/stationary-active-rf-defense-system.html
/es/products/stationary-rf-detection-system,es,strong,100,Stationary RF detección sistema,5,true,true,true,true,true,918,15,1.634,1,5,,Stationary RF detección sistema | N-TET,"N-TET Stationary RF detección sistema: solucion industrial para inspeccion, monitoreo y operaciones de campo con soporte tecnico del proyecto.",Stationary RF detección sistema | C-UAS equipment | early warning equipment | target identification and tracking system | N-TET,Stationary RF detección sistema,Stationary RF detección sistema Technical Specifications | ¡Consigue una defensa experta con drones! | Resumen | Especificaciones técnicas | ¡Consigue una defensa experta con drones!,.next-five-pages-v2/server/app/es/products/stationary-rf-detection-system.html
/es/products/uav-navigation-airspace-data-verification-system,es,strong,100,UAV Signal Verification sistema,5,true,true,true,true,true,934,15,1.606,1,5,,UAV Signal Verification sistema | N-TET,"N-TET UAV Signal Verification sistema: solucion industrial para inspeccion, monitoreo y operaciones de campo con soporte tecnico del proyecto.",UAV Signal Verification sistema | C-UAS equipment | early warning equipment | target identification and tracking system | N-TET,UAV Signal Verification sistema,UAV Signal Verification sistema Technical Specifications | ¡Consigue una defensa experta con drones! | Resumen | Especificaciones técnicas | ¡Consigue una defensa experta con drones!,.next-five-pages-v2/server/app/es/products/uav-navigation-airspace-data-verification-system.html
/es/products/uav-remote-id-monitoring-system,es,strong,100,UAV remoto ID monitoreo sistema,5,true,true,true,true,true,911,15,1.647,1,5,,UAV remoto ID monitoreo sistema | N-TET,"N-TET UAV remoto ID monitoreo sistema: solucion industrial para inspeccion, monitoreo y operaciones de campo con soporte tecnico del proyecto.",UAV remoto ID monitoreo sistema | C-UAS equipment | early warning equipment | target identification and tracking system | N-TET,UAV remoto ID monitoreo sistema,UAV remoto ID monitoreo sistema Technical Specifications | ¡Consigue una defensa experta con drones! | Resumen | Especificaciones técnicas | ¡Consigue una defensa experta con drones!,.next-five-pages-v2/server/app/es/products/uav-remote-id-monitoring-system.html
/es/products/vtol-135kg-mtow-uav,es,strong,100,135kg MTOW VTOL ala fija UAV,5,true,true,true,true,true,918,15,1.634,1,5,,135kg MTOW VTOL ala fija UAV | N-TET,"N-TET 135kg MTOW VTOL ala fija UAV: solucion industrial para inspeccion, monitoreo y operaciones de campo con soporte tecnico del proyecto.",135kg MTOW VTOL ala fija UAV | industrial UAV systems | UAV inspection drone | emergency response UAV | N-TET,135kg MTOW VTOL ala fija UAV,135kg MTOW VTOL ala fija UAV Technical Specifications | ¡Consigue una defensa experta con drones! | Resumen | Especificaciones técnicas | ¡Consigue una defensa experta con drones!,.next-five-pages-v2/server/app/es/products/vtol-135kg-mtow-uav.html
/es/products/vtol-14kg-mtow-uav,es,strong,100,14kg MTOW VTOL ala fija UAV,5,true,true,true,true,true,910,15,1.648,1,5,,14kg MTOW VTOL ala fija UAV | N-TET,"N-TET 14kg MTOW VTOL ala fija UAV: solucion industrial para inspeccion, monitoreo y operaciones de campo con soporte tecnico del proyecto.",14kg MTOW VTOL ala fija UAV | industrial UAV systems | UAV inspection drone | emergency response UAV | N-TET,14kg MTOW VTOL ala fija UAV,14kg MTOW VTOL ala fija UAV Technical Specifications | ¡Consigue una defensa experta con drones! | Resumen | Especificaciones técnicas | ¡Consigue una defensa experta con drones!,.next-five-pages-v2/server/app/es/products/vtol-14kg-mtow-uav.html
/es/products/vtol-26kg-mtow-uav,es,strong,100,26kg MTOW VTOL ala fija UAV,5,true,true,true,true,true,912,15,1.645,1,5,,26kg MTOW VTOL ala fija UAV | N-TET,"N-TET 26kg MTOW VTOL ala fija UAV: solucion industrial para inspeccion, monitoreo y operaciones de campo con soporte tecnico del proyecto.",26kg MTOW VTOL ala fija UAV | industrial UAV systems | UAV inspection drone | emergency response UAV | N-TET,26kg MTOW VTOL ala fija UAV,26kg MTOW VTOL ala fija UAV Technical Specifications | ¡Consigue una defensa experta con drones! | Resumen | Especificaciones técnicas | ¡Consigue una defensa experta con drones!,.next-five-pages-v2/server/app/es/products/vtol-26kg-mtow-uav.html
/es/products/vtol-40kg-mtow-uav,es,strong,100,40kg MTOW VTOL ala fija UAV,5,true,true,true,true,true,916,15,1.638,1,5,,40kg MTOW VTOL ala fija UAV | N-TET,"N-TET 40kg MTOW VTOL ala fija UAV: solucion industrial para inspeccion, monitoreo y operaciones de campo con soporte tecnico del proyecto.",40kg MTOW VTOL ala fija UAV | industrial UAV systems | UAV inspection drone | emergency response UAV | N-TET,40kg MTOW VTOL ala fija UAV,40kg MTOW VTOL ala fija UAV Technical Specifications | ¡Consigue una defensa experta con drones! | Resumen | Especificaciones técnicas | ¡Consigue una defensa experta con drones!,.next-five-pages-v2/server/app/es/products/vtol-40kg-mtow-uav.html
/es/products/vtol-64kg-mtow-uav,es,strong,100,64kg MTOW VTOL ala fija UAV,5,true,true,true,true,true,902,15,1.663,1,5,,64kg MTOW VTOL ala fija UAV | N-TET,"N-TET 64kg MTOW VTOL ala fija UAV: solucion industrial para inspeccion, monitoreo y operaciones de campo con soporte tecnico del proyecto.",64kg MTOW VTOL ala fija UAV | industrial UAV systems | UAV inspection drone | emergency response UAV | N-TET,64kg MTOW VTOL ala fija UAV,64kg MTOW VTOL ala fija UAV Technical Specifications | ¡Consigue una defensa experta con drones! | Resumen | Especificaciones técnicas | ¡Consigue una defensa experta con drones!,.next-five-pages-v2/server/app/es/products/vtol-64kg-mtow-uav.html
/es/solutions,es,partial,70,soluciones UAV industriales,6,true,false,true,false,true,678,2,0.295,1,2,description 未命中关键词; H2 未命中关键词,Soluciones UAV industriales y monitoreo de baja altitud | N-TET,"Soluciones N-TET que conectan inspección UAV, respuesta de emergencia, monitoreo aéreo de baja altitud y flujos de seguridad de sitio para infraestructura.",soluciones UAV industriales | soluciones de inspeccion UAV | dron de respuesta de emergencia | proteccion de infraestructura critica | seguridad de areas clave | monitoreo de baja altitud,Soluciones UAV industriales y monitoreo de baja altitud,¡Consigue una defensa experta con drones! | ¡Consigue una defensa experta con drones!,.next-five-pages-v2/server/app/es/solutions.html
/es/solutions/airport-low-altitude-monitoring,es,strong,100,Aeropuerto espacio aéreo monitoreo Application,2,true,true,true,true,true,1246,27,2.167,1,11,,Aeropuerto espacio aéreo monitoreo Application | N-TET,"Aeropuerto espacio aéreo monitoreo Application de N-TET para operaciones UAV, con integración práctica, registros operativos y soporte de despliegue para equipos técnicos.",Aeropuerto espacio aéreo monitoreo Application | N-TET,Aeropuerto espacio aéreo monitoreo Application,Aeropuerto espacio aéreo monitoreo Application Operations | Especificaciones técnicas | Equipos relacionados | FAQ de la solucion | ¡Consigue una defensa experta con drones! | Resumen | Especificaciones técnicas | Equipos relacionados | FAQ de la solucion | ¡Consigue una defensa experta con drones! | Paginas relacionadas,.next-five-pages-v2/server/app/es/solutions/airport-low-altitude-monitoring.html
/es/solutions/airport-security-protection,es,partial,70,Vigilancia de drones en aeropuertos,2,true,false,true,false,true,781,1,0.128,1,3,description 未命中关键词; H2 未命中关键词,Vigilancia de drones en aeropuertos | N-TET,"Las incursiones de drones representan un riesgo importante para la aviación y pueden causar interrupciones operativas y pérdidas económicas. El incidente del aeropuerto de Bruselas del 14 de noviembre de 2025, en el que drones no autorizado",Vigilancia de drones en aeropuertos | N-TET,Vigilancia de drones en aeropuertos,Puntos técnicos clave para el despliegue | Cómo gestionamos los riesgos de los drones | Consultar a un especialista C-UAS,.next-five-pages-v2/server/app/es/solutions/airport-security-protection.html
/es/solutions/border-airspace-monitoring,es,partial,70,Vigilancia de drones en fronteras,2,true,false,true,false,true,777,1,0.129,1,3,description 未命中关键词; H2 未命中关键词,Vigilancia de drones en fronteras | N-TET,"Las fronteras son una primera línea de seguridad, pero las barreras físicas tradicionales no cubren los riesgos derivados de los drones. Las incursiones pueden estar relacionadas con vigilancia no autorizada, reconocimiento o contrabando y",Vigilancia de drones en fronteras | N-TET,Vigilancia de drones en fronteras,Puntos técnicos clave para el despliegue | Cómo gestionamos los riesgos de los drones | Consultar a un especialista C-UAS,.next-five-pages-v2/server/app/es/solutions/border-airspace-monitoring.html
/es/solutions/category/01_BorderPatrol,es,strong,100,UAV de patrullaje fronterizo,4,true,true,true,true,true,1095,13,1.187,1,9,,Soluciones UAV de patrullaje fronterizo | N-TET,"UAV de patrullaje fronterizo es el tema principal de esta página, con cobertura relacionada para UAV de patrullaje marítimo, dron de monitoreo costero, vigilancia marítima terrestre.",UAV de patrullaje fronterizo | UAV de patrullaje marítimo | dron de monitoreo costero | vigilancia marítima terrestre,Soluciones UAV de patrullaje fronterizo,UAV de patrullaje fronterizo y monitoreo costero | Soluciones integradas del sistema C-UAS | Productos recomendados | FAQ de la solucion | ¡Consigue una defensa experta con drones! | Necesidades de la industria | Soluciones integradas del sistema C-UAS | Productos recomendados | ¡Consigue una defensa experta con drones!,.next-five-pages-v2/server/app/es/solutions/category/01_BorderPatrol.html
/es/solutions/category/02_InfrastructureProtection,es,strong,85,UAV de inspección de instalaciones industriales,4,true,true,true,false,true,1221,12,0.983,1,9,H2 未命中关键词,Soluciones UAV de inspección de instalaciones industriales | N-TET,"UAV de inspección de instalaciones industriales es el tema principal de esta página, con cobertura relacionada para inspección con drones para petróleo y gas, drones de inspección de tuberías, monitoreo de plantas químicas.",UAV de inspección de instalaciones industriales | inspección con drones para petróleo y gas | drones de inspección de tuberías | monitoreo de plantas químicas,Soluciones UAV de inspección de instalaciones industriales,Escenarios de inspección UAV de instalaciones industriales | Soluciones integradas del sistema C-UAS | Productos recomendados | FAQ de la solucion | ¡Consigue una defensa experta con drones! | Necesidades de la industria | Soluciones integradas del sistema C-UAS | Productos recomendados | ¡Consigue una defensa experta con drones!,.next-five-pages-v2/server/app/es/solutions/category/02_InfrastructureProtection.html
/es/solutions/category/03_KeyAreaSecurity,es,strong,100,monitoreo aéreo aeroportuario,4,true,true,true,true,true,1119,17,1.519,1,9,,Monitoreo aéreo aeroportuario y seguridad de áreas clave | N-TET,"monitoreo aéreo aeroportuario es el tema principal de esta página, con cobertura relacionada para monitoreo de seguridad para eventos, seguridad de áreas clave, equipos de monitoreo de baja altitud.",monitoreo aéreo aeroportuario | monitoreo de seguridad para eventos | seguridad de áreas clave | equipos de monitoreo de baja altitud,Monitoreo aéreo aeroportuario y seguridad de áreas clave,Escenarios de monitoreo aéreo aeroportuario | Soluciones integradas del sistema C-UAS | Productos recomendados | FAQ de la solucion | ¡Consigue una defensa experta con drones! | Necesidades de la industria | Soluciones integradas del sistema C-UAS | Productos recomendados | ¡Consigue una defensa experta con drones!,.next-five-pages-v2/server/app/es/solutions/category/03_KeyAreaSecurity.html
/es/solutions/category/04_EmergencyRescue,es,strong,100,dron de búsqueda y rescate,4,true,true,true,true,true,1063,13,1.223,1,9,,Soluciones de dron de búsqueda y rescate | N-TET,"dron de búsqueda y rescate es el tema principal de esta página, con cobertura relacionada para dron contra incendios, UAV de comunicación de emergencia, dron de iluminación.",dron de búsqueda y rescate | dron contra incendios | UAV de comunicación de emergencia | dron de iluminación,Soluciones de dron de búsqueda y rescate,Flujos de trabajo con dron de búsqueda y rescate | Soluciones integradas del sistema C-UAS | Productos recomendados | FAQ de la solucion | ¡Consigue una defensa experta con drones! | Necesidades de la industria | Soluciones integradas del sistema C-UAS | Productos recomendados | ¡Consigue una defensa experta con drones!,.next-five-pages-v2/server/app/es/solutions/category/04_EmergencyRescue.html
/es/solutions/chemical-plant-protection,es,strong,100,drones de inspección de tuberías,4,true,true,true,true,true,1775,22,1.239,1,14,,Drones de inspección de tuberías para monitoreo de plantas químicas | N-TET,"drones de inspección de tuberías es el tema principal de esta página, con cobertura relacionada para monitoreo de plantas químicas, inspección de tuberías con UAV, inspección con drones para petróleo y gas.",drones de inspección de tuberías | monitoreo de plantas químicas | inspección de tuberías con UAV | inspección con drones para petróleo y gas,Drones de inspección de tuberías para monitoreo de plantas químicas,Drones de inspección de tuberías y monitoreo de plantas | A Neutral Low-Altitude Risk Process for Chemical Sites | Módulos de la solución | Equipos relacionados | FAQ de la solucion | ¡Consigue una defensa experta con drones! | Resumen | Drones de inspección de tuberías y monitoreo de plantas | A Neutral Low-Altitude Risk Process for Chemical Sites | M贸dulos de la soluci贸n | Equipos relacionados | FAQ de la solucion | ¡Consigue una defensa experta con drones! | Paginas relacionadas,.next-five-pages-v2/server/app/es/solutions/chemical-plant-protection.html
/es/solutions/correctional-facility-airspace-monitoring,es,partial,70,Vigilancia de drones en centros penitenciarios,2,true,false,true,false,true,723,1,0.138,1,3,description 未命中关键词; H2 未命中关键词,Vigilancia de drones en centros penitenciarios | N-TET,"Los centros penitenciarios son especialmente vulnerables a los UAV no autorizados, que pueden actuar como «mensajeros aéreos» de drogas, armas o teléfonos y como plataformas de observación encubierta. Casos como los disturbios en una prisió",Vigilancia de drones en centros penitenciarios | N-TET,Vigilancia de drones en centros penitenciarios,Puntos técnicos clave para el despliegue | Cómo gestionamos los riesgos de los drones | Consultar a un especialista C-UAS,.next-five-pages-v2/server/app/es/solutions/correctional-facility-airspace-monitoring.html
/es/solutions/critical-infrastructure-airspace-monitoring,es,partial,70,Vigilancia de drones para infraestructuras críticas,2,true,false,true,false,true,741,1,0.135,1,3,description 未命中关键词; H2 未命中关键词,Vigilancia de drones para infraestructuras críticas | N-TET,"Las infraestructuras críticas, como los centros de datos y los sistemas de agua, son esenciales para la economía. Sin vigilancia específica de drones, estos activos quedan expuestos al espionaje industrial, el sabotaje físico y otras amenaz",Vigilancia de drones para infraestructuras críticas | N-TET,Vigilancia de drones para infraestructuras críticas,Puntos técnicos clave para el despliegue | Cómo gestionamos los riesgos de los drones | Consultar a un especialista C-UAS,.next-five-pages-v2/server/app/es/solutions/critical-infrastructure-airspace-monitoring.html
/es/solutions/disaster-site-search-rescue-reconnaissance-uav-solution,es,strong,100,dron de búsqueda y rescate,4,true,true,true,true,true,1758,20,1.138,1,16,,Solución de dron de búsqueda y rescate | N-TET,"dron de búsqueda y rescate es el tema principal de esta página, con cobertura relacionada para drones térmicos para búsqueda y rescate, UAV de búsqueda y rescate, dron de rescate.",dron de búsqueda y rescate | drones térmicos para búsqueda y rescate | UAV de búsqueda y rescate | dron de rescate,Solución de dron de búsqueda y rescate,Flujo de trabajo de dron de búsqueda y rescate | How UAVs Upgrade Emergency Reconnaissance | Módulos de la solución | Equipos relacionados | Casos relacionados | FAQ de la solucion | ¡Consigue una defensa experta con drones! | Resumen | Flujo de trabajo de dron de búsqueda y rescate | How UAVs Upgrade Emergency Reconnaissance | M贸dulos de la soluci贸n | Equipos relacionados | Casos relacionados | FAQ de la solucion | ¡Consigue una defensa experta con drones! | Paginas relacionadas,.next-five-pages-v2/server/app/es/solutions/disaster-site-search-rescue-reconnaissance-uav-solution.html
/es/solutions/drone-defender,es,weak,0,,0,false,false,false,false,false,0,0,0.000,0,0,缺少 meta keywords; 缺少 H1; 缺少 H2,Sistemas UAV industriales para operaciones de baja altitud | N-TET,"Desde plataformas UAV industriales hasta monitoreo aéreo de baja altitud, N-TET ayuda a equipos de infraestructura y sitios públicos a inspeccionar, verificar y documentar operaciones de campo.",,,,.next-five-pages-v2/server/app/es/solutions/drone-defender.html
/es/solutions/drone-detector,es,weak,0,,0,false,false,false,false,false,0,0,0.000,0,0,缺少 meta keywords; 缺少 H1; 缺少 H2,Sistemas UAV industriales para operaciones de baja altitud | N-TET,"Desde plataformas UAV industriales hasta monitoreo aéreo de baja altitud, N-TET ayuda a equipos de infraestructura y sitios públicos a inspeccionar, verificar y documentar operaciones de campo.",,,,.next-five-pages-v2/server/app/es/solutions/drone-detector.html
/es/solutions/drone-jammer,es,weak,0,,0,false,false,false,false,false,0,0,0.000,0,0,缺少 meta keywords; 缺少 H1; 缺少 H2,Sistemas UAV industriales para operaciones de baja altitud | N-TET,"Desde plataformas UAV industriales hasta monitoreo aéreo de baja altitud, N-TET ayuda a equipos de infraestructura y sitios públicos a inspeccionar, verificar y documentar operaciones de campo.",,,,.next-five-pages-v2/server/app/es/solutions/drone-jammer.html
/es/solutions/drone-locator,es,weak,0,,0,false,false,false,false,false,0,0,0.000,0,0,缺少 meta keywords; 缺少 H1; 缺少 H2,Sistemas UAV industriales para operaciones de baja altitud | N-TET,"Desde plataformas UAV industriales hasta monitoreo aéreo de baja altitud, N-TET ayuda a equipos de infraestructura y sitios públicos a inspeccionar, verificar y documentar operaciones de campo.",,,,.next-five-pages-v2/server/app/es/solutions/drone-locator.html
/es/solutions/drone-radar-detection,es,weak,0,,0,false,false,false,false,false,0,0,0.000,0,0,缺少 meta keywords; 缺少 H1; 缺少 H2,Sistemas UAV industriales para operaciones de baja altitud | N-TET,"Desde plataformas UAV industriales hasta monitoreo aéreo de baja altitud, N-TET ayuda a equipos de infraestructura y sitios públicos a inspeccionar, verificar y documentar operaciones de campo.",,,,.next-five-pages-v2/server/app/es/solutions/drone-radar-detection.html
/es/solutions/drone-shield,es,weak,0,,0,false,false,false,false,false,0,0,0.000,0,0,缺少 meta keywords; 缺少 H1; 缺少 H2,Sistemas UAV industriales para operaciones de baja altitud | N-TET,"Desde plataformas UAV industriales hasta monitoreo aéreo de baja altitud, N-TET ayuda a equipos de infraestructura y sitios públicos a inspeccionar, verificar y documentar operaciones de campo.",,,,.next-five-pages-v2/server/app/es/solutions/drone-shield.html
/es/solutions/emergency-communication-uav,es,strong,100,Emergencia comunicación UAV,2,true,true,true,true,true,1161,23,1.981,1,11,,Emergencia comunicación UAV | N-TET,"Emergencia comunicación UAV de N-TET para respuesta de emergencia, comunicación temporal, operaciones UAV, con integración práctica, registros operativos y soporte de despliegue para equipos técnicos.",Emergencia comunicación UAV | N-TET,Emergencia comunicación UAV,Emergencia comunicación UAV Operations | Especificaciones técnicas | Equipos relacionados | FAQ de la solucion | ¡Consigue una defensa experta con drones! | Resumen | Especificaciones técnicas | Equipos relacionados | FAQ de la solucion | ¡Consigue una defensa experta con drones! | Paginas relacionadas,.next-five-pages-v2/server/app/es/solutions/emergency-communication-uav.html
/es/solutions/emergency-communication-uav-solution,es,strong,85,Emergencia comunicación UAV solución,2,true,true,true,false,true,1142,19,1.664,1,9,H2 未命中关键词,Emergencia comunicación UAV solución | N-TET,"Emergencia comunicación UAV solución de N-TET para comunicación temporal, con integración práctica, registros operativos y soporte de despliegue para equipos técnicos.",Emergencia comunicación UAV solución | N-TET,Emergencia comunicación UAV solución,Equipos relacionados | FAQ de la solucion | ¡Consigue una defensa experta con drones! | Resumen | Especificaciones técnicas | Equipos relacionados | FAQ de la solucion | ¡Consigue una defensa experta con drones! | Paginas relacionadas,.next-five-pages-v2/server/app/es/solutions/emergency-communication-uav-solution.html
/es/solutions/emergency-lighting-uav,es,strong,100,Emergencia iluminación UAV,2,true,true,true,true,true,1141,23,2.016,1,11,,Emergencia iluminación UAV | N-TET,"Emergencia iluminación UAV de N-TET para iluminación operativa, infraestructura eléctrica, con integración práctica, registros operativos y soporte de despliegue para equipos técnicos.",Emergencia iluminación UAV | N-TET,Emergencia iluminación UAV,Emergencia iluminación UAV Operations | Especificaciones técnicas | Equipos relacionados | FAQ de la solucion | ¡Consigue una defensa experta con drones! | Resumen | Especificaciones técnicas | Equipos relacionados | FAQ de la solucion | ¡Consigue una defensa experta con drones! | Paginas relacionadas,.next-five-pages-v2/server/app/es/solutions/emergency-lighting-uav.html
/es/solutions/emergency-reconnaissance-uav,es,strong,100,Emergencia reconocimiento UAV,2,true,true,true,true,true,1145,23,2.009,1,11,,Emergencia reconocimiento UAV | N-TET,"Emergencia reconocimiento UAV de N-TET para operaciones UAV, con integración práctica, registros operativos y soporte de despliegue para equipos técnicos.",Emergencia reconocimiento UAV | N-TET,Emergencia reconocimiento UAV,Emergencia reconocimiento UAV Operations | Especificaciones técnicas | Equipos relacionados | FAQ de la solucion | ¡Consigue una defensa experta con drones! | Resumen | Especificaciones técnicas | Equipos relacionados | FAQ de la solucion | ¡Consigue una defensa experta con drones! | Paginas relacionadas,.next-five-pages-v2/server/app/es/solutions/emergency-reconnaissance-uav.html
/es/solutions/emergency-search-rescue-uav-solution,es,strong,85,Emergencia búsqueda & rescate UAV solución,2,true,true,true,false,true,1186,19,1.602,1,11,H2 未命中关键词,Emergencia búsqueda & rescate UAV solución | N-TET,"Emergencia búsqueda & rescate UAV solución de N-TET para operaciones UAV, gestión hídrica, con integración práctica, registros operativos y soporte de despliegue para equipos técnicos.",Emergencia búsqueda & rescate UAV solución | N-TET,Emergencia búsqueda & rescate UAV solución,Equipos relacionados | Casos relacionados | FAQ de la solucion | ¡Consigue una defensa experta con drones! | Resumen | Especificaciones técnicas | Equipos relacionados | Casos relacionados | FAQ de la solucion | ¡Consigue una defensa experta con drones! | Paginas relacionadas,.next-five-pages-v2/server/app/es/solutions/emergency-search-rescue-uav-solution.html
/es/solutions/enterprise-airspace-monitoring,es,partial,70,Vigilancia de drones para empresas,2,true,false,true,false,true,710,1,0.141,1,3,description 未命中关键词; H2 未命中关键词,Vigilancia de drones para empresas | N-TET,"Los drones modernos pueden utilizarse para obtener información de forma ilícita. Cerca de centros de I+D u oficinas, pueden realizar observación visual de alta resolución o intentar captar señales inalámbricas, superando barreras de segurid",Vigilancia de drones para empresas | N-TET,Vigilancia de drones para empresas,Puntos técnicos clave para el despliegue | Cómo gestionamos los riesgos de los drones | Consultar a un especialista C-UAS,.next-five-pages-v2/server/app/es/solutions/enterprise-airspace-monitoring.html
/es/solutions/high-rise-firefighting-uav-solution,es,strong,85,High-Rise apoyo contra incendios UAV solución,2,true,true,true,false,true,1212,19,1.568,1,9,H2 未命中关键词,High-Rise apoyo contra incendios UAV solución | N-TET,"High-Rise apoyo contra incendios UAV solución de N-TET para operaciones UAV, gestión hídrica, con integración práctica, registros operativos y soporte de despliegue para equipos técnicos.",High-Rise apoyo contra incendios UAV solución | N-TET,High-Rise apoyo contra incendios UAV solución,Equipos relacionados | FAQ de la solucion | ¡Consigue una defensa experta con drones! | Resumen | Especificaciones técnicas | Equipos relacionados | FAQ de la solucion | ¡Consigue una defensa experta con drones! | Paginas relacionadas,.next-five-pages-v2/server/app/es/solutions/high-rise-firefighting-uav-solution.html
/es/solutions/hydroelectric-dam-protection,es,strong,100,Presa hidroeléctrica Protection,2,true,true,true,true,true,1687,20,1.186,1,14,,Presa hidroeléctrica Protection | N-TET,"Presa hidroeléctrica Protection de N-TET para inspección, seguridad de sitio, infraestructura eléctrica, con integración práctica, registros operativos y soporte de despliegue para equipos técnicos.",Presa hidroeléctrica Protection | N-TET,Presa hidroeléctrica Protection,Presa hidroeléctrica Protection Operations | Low-Altitude Security Operations for Dam Operations | Módulos de la solución | Equipos relacionados | FAQ de la solucion | ¡Consigue una defensa experta con drones! | Resumen | Presa hidroeléctrica Protection Operations | Low-Altitude Security Operations for Dam Operations | M贸dulos de la soluci贸n | Equipos relacionados | FAQ de la solucion | ¡Consigue una defensa experta con drones! | Paginas relacionadas,.next-five-pages-v2/server/app/es/solutions/hydroelectric-dam-protection.html
/es/solutions/judicial-sector-security,es,strong,100,Sector judicial seguridad Protection,2,true,true,true,true,true,1846,23,1.246,1,11,,Sector judicial seguridad Protection | N-TET,"Sector judicial seguridad Protection de N-TET para inspección, monitoreo, seguridad de sitio, con integración práctica, registros operativos y soporte de despliegue para equipos técnicos.",Sector judicial seguridad Protection | N-TET,Sector judicial seguridad Protection,Sector judicial seguridad Protection Operations | Especificaciones técnicas | Equipos relacionados | FAQ de la solucion | ¡Consigue una defensa experta con drones! | Resumen | Especificaciones técnicas | Equipos relacionados | FAQ de la solucion | ¡Consigue una defensa experta con drones! | Paginas relacionadas,.next-five-pages-v2/server/app/es/solutions/judicial-sector-security.html
/es/solutions/land-based-maritime-surveillance,es,strong,100,Land-based marítimo vigilancia & Early Warning,2,true,true,true,true,true,1165,23,1.974,1,11,,Land-based marítimo vigilancia & Early Warning | N-TET,"Land-based marítimo vigilancia & Early Warning de N-TET para monitoreo, seguridad de sitio, con integración práctica, registros operativos y soporte de despliegue para equipos técnicos.",Land-based marítimo vigilancia & Early Warning | N-TET,Land-based marítimo vigilancia & Early Warning,Land-based marítimo vigilancia & Early Warning Operations | Especificaciones técnicas | Equipos relacionados | FAQ de la solucion | ¡Consigue una defensa experta con drones! | Resumen | Especificaciones técnicas | Equipos relacionados | FAQ de la solucion | ¡Consigue una defensa experta con drones! | Paginas relacionadas,.next-five-pages-v2/server/app/es/solutions/land-based-maritime-surveillance.html
/es/solutions/low-altitude-airspace-monitoring,es,weak,15,low-altitude airspace monitoring,5,false,false,false,false,false,1459,0,0.000,1,4,title 未命中关键词; description 未命中关键词; H1 未命中关键词; H2 未命中关键词; 正文未命中精确关键词短语,Low-Altitude Airspace Security & C-UAS | N-TET,"Plan a practical low-altitude monitoring workflow around site conditions, sensing coverage, identity and visual verification, command coordination, authorized response and event records.",low-altitude airspace monitoring | low altitude monitoring system | airspace monitoring solution | low altitude security | C-UAS site planning,Espacio aéreo de baja altitud Seguridad para sitios críticos,"Cannot See, Cannot Identify, Cannot Control | See Clearly, Identify Clearly, Control Reliably | Equipment Is Organized Around the Operating Loop | Escenarios C-UAS por tipo de sitio",.next-five-pages-v2/server/app/es/solutions/low-altitude-airspace-monitoring.html
/es/solutions/mass-event-airspace-monitoring,es,partial,70,Vigilancia de drones en eventos multitudinarios,2,true,false,true,false,true,744,1,0.134,1,3,description 未命中关键词; H2 未命中关键词,Vigilancia de drones en eventos multitudinarios | N-TET,"Los Juegos Olímpicos de París 2024 mostraron el riesgo de los drones no autorizados tras detectarse grabaciones clandestinas de entrenamientos. Estos incidentes afectan a la seguridad, la privacidad y la integridad del evento; en zonas conc",Vigilancia de drones en eventos multitudinarios | N-TET,Vigilancia de drones en eventos multitudinarios,Puntos técnicos clave para el despliegue | Cómo gestionamos los riesgos de los drones | Consultar a un especialista C-UAS,.next-five-pages-v2/server/app/es/solutions/mass-event-airspace-monitoring.html
/es/solutions/night-emergency-lighting-support-uav-solution,es,strong,85,UAV de iluminación cautivo,4,true,true,true,false,true,1745,21,1.203,1,16,H2 未命中关键词,Solución UAV de iluminación cautivo | N-TET,"UAV de iluminación cautivo es el tema principal de esta página, con cobertura relacionada para dron de iluminación, sistema de iluminación UAV, dron de iluminación de emergencia.",UAV de iluminación cautivo | dron de iluminación | sistema de iluminación UAV | dron de iluminación de emergencia,Solución UAV de iluminación cautivo,Flujo de iluminación UAV cautivo | Cómo los UAV mejoran la eficiencia operativa | Módulos de la solución | Equipos relacionados | Casos relacionados | FAQ de la solucion | ¡Consigue una defensa experta con drones! | Resumen | Flujo de iluminación UAV cautivo | C贸mo los UAV mejoran la operaci贸n | M贸dulos de la soluci贸n | Equipos relacionados | Casos relacionados | FAQ de la solucion | ¡Consigue una defensa experta con drones! | Paginas relacionadas,.next-five-pages-v2/server/app/es/solutions/night-emergency-lighting-support-uav-solution.html
/es/solutions/oil-production-base-protection,es,strong,100,oil production base C-UAS,5,true,true,true,true,true,1764,18,1.020,1,14,,Oil Production Base C-UAS Solution | N-TET,"This oil production base C-UAS solution supports low-altitude risk detection, target identification, location, tracking, graded warning, and coordinated site response around production units, tank farms, pipeline stations, and loading areas.",oil production base C-UAS | oil and gas C-UAS | low altitude warning | target identification | target tracking,Oil Production Base C-UAS Solution,Oil Production Base C-UAS Operations | Layered Low-Altitude Protection for Oil Production Sites | Módulos de la solución | Equipos relacionados | FAQ de la solucion | ¡Consigue una defensa experta con drones! | Resumen | Oil Production Base C-UAS Operations | Layered Low-Altitude Protection for Oil Production Sites | M贸dulos de la soluci贸n | Equipos relacionados | FAQ de la solucion | ¡Consigue una defensa experta con drones! | Paginas relacionadas,.next-five-pages-v2/server/app/es/solutions/oil-production-base-protection.html
/es/solutions/port-airspace-monitoring,es,partial,70,Vigilancia de drones en puertos,2,true,false,true,false,true,760,1,0.132,1,3,description 未命中关键词; H2 未命中关键词,Vigilancia de drones en puertos | N-TET,"La dependencia de un puerto de una programación precisa hace que incluso una incursión aérea menor pueda provocar retrasos en cadena y poner en riesgo infraestructuras críticas como grúas pórtico, terminales de combustible y sistemas logíst",Vigilancia de drones en puertos | N-TET,Vigilancia de drones en puertos,Puntos técnicos clave para el despliegue | Cómo gestionamos los riesgos de los drones | Consultar a un especialista C-UAS,.next-five-pages-v2/server/app/es/solutions/port-airspace-monitoring.html
/es/solutions/portable-drone-detection,es,weak,0,,0,false,false,false,false,false,0,0,0.000,0,0,缺少 meta keywords; 缺少 H1; 缺少 H2,Sistemas UAV industriales para operaciones de baja altitud | N-TET,"Desde plataformas UAV industriales hasta monitoreo aéreo de baja altitud, N-TET ayuda a equipos de infraestructura y sitios públicos a inspeccionar, verificar y documentar operaciones de campo.",,,,.next-five-pages-v2/server/app/es/solutions/portable-drone-detection.html
/es/solutions/post-disaster-emergency-communication-support-uav-solution,es,strong,100,UAV de comunicación de emergencia,4,true,true,true,true,true,1756,20,1.139,1,16,,Solución UAV de comunicación de emergencia | N-TET,"UAV de comunicación de emergencia es el tema principal de esta página, con cobertura relacionada para dron de comunicación para respuesta a desastres, UAV de comunicación cautivo, comunicaciones UAV de seguridad pública.",UAV de comunicación de emergencia | dron de comunicación para respuesta a desastres | UAV de comunicación cautivo | comunicaciones UAV de seguridad pública,Solución UAV de comunicación de emergencia,Flujo UAV de comunicación de emergencia | Cómo los UAV mejoran la eficiencia operativa | Módulos de la solución | Equipos relacionados | Casos relacionados | FAQ de la solucion | ¡Consigue una defensa experta con drones! | Resumen | Flujo UAV de comunicación de emergencia | C贸mo los UAV mejoran la operaci贸n | M贸dulos de la soluci贸n | Equipos relacionados | Casos relacionados | FAQ de la solucion | ¡Consigue una defensa experta con drones! | Paginas relacionadas,.next-five-pages-v2/server/app/es/solutions/post-disaster-emergency-communication-support-uav-solution.html
/es/solutions/power-generation-facility-low-altitude-monitoring,es,strong,100,Eléctrica Generation Facility espacio aéreo monitoreo,2,true,true,true,true,true,1265,27,2.134,1,11,,Eléctrica Generation Facility espacio aéreo monitoreo | N-TET,"Eléctrica Generation Facility espacio aéreo monitoreo de N-TET para infraestructura eléctrica, con integración práctica, registros operativos y soporte de despliegue para equipos técnicos.",Eléctrica Generation Facility espacio aéreo monitoreo | N-TET,Eléctrica Generation Facility espacio aéreo monitoreo,Eléctrica Generation Facility espacio aéreo monitoreo Operations | Especificaciones técnicas | Equipos relacionados | FAQ de la solucion | ¡Consigue una defensa experta con drones! | Resumen | Especificaciones técnicas | Equipos relacionados | FAQ de la solucion | ¡Consigue una defensa experta con drones! | Paginas relacionadas,.next-five-pages-v2/server/app/es/solutions/power-generation-facility-low-altitude-monitoring.html
/es/solutions/power-line-uav-intelligent-inspection-solution,es,strong,85,dron para inspección de líneas eléctricas,4,true,true,true,false,true,1850,18,0.973,1,12,H2 未命中关键词,Solución de dron para inspección de líneas eléctricas | N-TET,"dron para inspección de líneas eléctricas es el tema principal de esta página, con cobertura relacionada para inspección de líneas eléctricas con UAV, dron de inspección de torres, dron de inspección de servicios públicos.",dron para inspección de líneas eléctricas | inspección de líneas eléctricas con UAV | dron de inspección de torres | dron de inspección de servicios públicos,Solución de dron para inspección de líneas eléctricas,Flujo de inspección de líneas eléctricas con dron | Cómo los UAV mejoran la eficiencia operativa | Módulos de la solución | FAQ de la solucion | ¡Consigue una defensa experta con drones! | Resumen | Flujo de inspección de líneas eléctricas con dron | C贸mo los UAV mejoran la operaci贸n | M贸dulos de la soluci贸n | FAQ de la solucion | ¡Consigue una defensa experta con drones! | Paginas relacionadas,.next-five-pages-v2/server/app/es/solutions/power-line-uav-intelligent-inspection-solution.html
/es/solutions/power-plant-airspace-monitoring,es,partial,70,Vigilancia de drones en centrales eléctricas,2,true,false,true,false,true,776,1,0.129,1,3,description 未命中关键词; H2 未命中关键词,Vigilancia de drones en centrales eléctricas | N-TET,"En una central nuclear, el sistema C-UAS debe priorizar la detección temprana de riesgos para los sistemas de refrigeración y otras zonas críticas. La vigilancia preventiva también reduce el riesgo de espionaje industrial y apoya la continu",Vigilancia de drones en centrales eléctricas | N-TET,Vigilancia de drones en centrales eléctricas,Puntos técnicos clave para el despliegue | Cómo gestionamos los riesgos de los drones | Consultar a un especialista C-UAS,.next-five-pages-v2/server/app/es/solutions/power-plant-airspace-monitoring.html
/es/solutions/power-tower-inspection-uav-solution,es,strong,85,Eléctrica Tower inspección UAV solución,2,true,true,true,false,true,1190,19,1.597,1,11,H2 未命中关键词,Eléctrica Tower inspección UAV solución | N-TET,"Eléctrica Tower inspección UAV solución de N-TET para inspección, patrullaje, operaciones UAV, con integración práctica, registros operativos y soporte de despliegue para equipos técnicos.",Eléctrica Tower inspección UAV solución | N-TET,Eléctrica Tower inspección UAV solución,Equipos relacionados | Casos relacionados | FAQ de la solucion | ¡Consigue una defensa experta con drones! | Resumen | Especificaciones técnicas | Equipos relacionados | Casos relacionados | FAQ de la solucion | ¡Consigue una defensa experta con drones! | Paginas relacionadas,.next-five-pages-v2/server/app/es/solutions/power-tower-inspection-uav-solution.html
/es/solutions/public-safety-airspace-monitoring,es,partial,70,Vigilancia de drones para seguridad pública,2,true,false,true,false,true,707,1,0.141,1,3,description 未命中关键词; H2 未命中关键词,Vigilancia de drones para seguridad pública | N-TET,"Los drones no autorizados son un riesgo creciente para la seguridad pública. Pueden utilizarse para cartografía ilegal, observación de instalaciones sensibles o transporte de cargas peligrosas. La solución ofrece vigilancia automatizada del",Vigilancia de drones para seguridad pública | N-TET,Vigilancia de drones para seguridad pública,Puntos técnicos clave para el despliegue | Cómo gestionamos los riesgos de los drones | Consultar a un especialista C-UAS,.next-five-pages-v2/server/app/es/solutions/public-safety-airspace-monitoring.html
/es/solutions/rf-interference-device,es,weak,0,,0,false,false,false,false,false,0,0,0.000,0,0,缺少 meta keywords; 缺少 H1; 缺少 H2,Sistemas UAV industriales para operaciones de baja altitud | N-TET,"Desde plataformas UAV industriales hasta monitoreo aéreo de baja altitud, N-TET ayuda a equipos de infraestructura y sitios públicos a inspeccionar, verificar y documentar operaciones de campo.",,,,.next-five-pages-v2/server/app/es/solutions/rf-interference-device.html
/es/solutions/smart-substation-autonomous-inspection-solution,es,strong,85,Smart subestación Autonomous UAV inspección solución,2,true,true,true,false,true,1236,19,1.537,1,11,H2 未命中关键词,Smart subestación Autonomous UAV inspección solución | N-TET,"Smart subestación Autonomous UAV inspección solución de N-TET para inspección, patrullaje, operaciones UAV, con integración práctica, registros operativos y soporte de despliegue para equipos técnicos.",Smart subestación Autonomous UAV inspección solución | N-TET,Smart subestación Autonomous UAV inspección solución,Equipos relacionados | Casos relacionados | FAQ de la solucion | ¡Consigue una defensa experta con drones! | Resumen | Especificaciones técnicas | Equipos relacionados | Casos relacionados | FAQ de la solucion | ¡Consigue una defensa experta con drones! | Paginas relacionadas,.next-five-pages-v2/server/app/es/solutions/smart-substation-autonomous-inspection-solution.html
/es/solutions/smart-substation-unattended-uav-inspection-solution,es,strong,100,inspección autónoma de subestaciones inteligentes,4,true,true,true,true,true,1781,20,1.123,1,16,,Solución de inspección autónoma de subestaciones inteligentes | N-TET,"inspección autónoma de subestaciones inteligentes es el tema principal de esta página, con cobertura relacionada para dron de inspección de subestaciones, inspección UAV de servicios eléctricos, inspección autónoma UAV.",inspección autónoma de subestaciones inteligentes | dron de inspección de subestaciones | inspección UAV de servicios eléctricos | inspección autónoma UAV,Solución de inspección autónoma de subestaciones inteligentes,Flujo de inspección autónoma de subestaciones inteligentes | How UAVs Upgrade Substation Inspection | Módulos de la solución | Equipos relacionados | Casos relacionados | FAQ de la solucion | ¡Consigue una defensa experta con drones! | Resumen | Flujo de inspección autónoma de subestaciones inteligentes | How UAVs Upgrade Substation Inspection | M贸dulos de la soluci贸n | Equipos relacionados | Casos relacionados | FAQ de la solucion | ¡Consigue una defensa experta con drones! | Paginas relacionadas,.next-five-pages-v2/server/app/es/solutions/smart-substation-unattended-uav-inspection-solution.html
/es/solutions/sports-event-security,es,strong,100,Large evento deportivo seguridad Protection,2,true,true,true,true,true,1670,20,1.198,1,14,,Large evento deportivo seguridad Protection | N-TET,"Large evento deportivo seguridad Protection de N-TET para inspección, seguridad de sitio, con integración práctica, registros operativos y soporte de despliegue para equipos técnicos.",Large evento deportivo seguridad Protection | N-TET,Large evento deportivo seguridad Protection,Large evento deportivo seguridad Protection Operations | How Integrated Monitoring and Screening Support Large Events | Módulos de la solución | Equipos relacionados | FAQ de la solucion | ¡Consigue una defensa experta con drones! | Resumen | Large evento deportivo seguridad Protection Operations | How Integrated Monitoring and Screening Support Large Events | M贸dulos de la soluci贸n | Equipos relacionados | FAQ de la solucion | ¡Consigue una defensa experta con drones! | Paginas relacionadas,.next-five-pages-v2/server/app/es/solutions/sports-event-security.html
/es/solutions/tethered-lighting-uav-solution,es,strong,85,Cautivo iluminación UAV solución,2,true,true,true,false,true,1184,19,1.605,1,11,H2 未命中关键词,Cautivo iluminación UAV solución | N-TET,"Cautivo iluminación UAV solución de N-TET para respuesta de emergencia, iluminación operativa, con integración práctica, registros operativos y soporte de despliegue para equipos técnicos.",Cautivo iluminación UAV solución | N-TET,Cautivo iluminación UAV solución,Equipos relacionados | Casos relacionados | FAQ de la solucion | ¡Consigue una defensa experta con drones! | Resumen | Especificaciones técnicas | Equipos relacionados | Casos relacionados | FAQ de la solucion | ¡Consigue una defensa experta con drones! | Paginas relacionadas,.next-five-pages-v2/server/app/es/solutions/tethered-lighting-uav-solution.html
/es/solutions/uav-maritime-emergency-rescue,es,strong,100,UAV marítimo emergencia rescate,2,true,true,true,true,true,1174,23,1.959,1,11,,UAV marítimo emergencia rescate | N-TET,"UAV marítimo emergencia rescate de N-TET para respuesta de emergencia, operaciones UAV, con integración práctica, registros operativos y soporte de despliegue para equipos técnicos.",UAV marítimo emergencia rescate | N-TET,UAV marítimo emergencia rescate,UAV marítimo emergencia rescate Operations | Especificaciones técnicas | Equipos relacionados | FAQ de la solucion | ¡Consigue una defensa experta con drones! | Resumen | Especificaciones técnicas | Equipos relacionados | FAQ de la solucion | ¡Consigue una defensa experta con drones! | Paginas relacionadas,.next-five-pages-v2/server/app/es/solutions/uav-maritime-emergency-rescue.html
/es/solutions/uav-maritime-patrol,es,strong,100,UAV de patrullaje marítimo,4,true,true,true,true,true,1635,20,1.223,1,16,,Solución UAV de patrullaje marítimo | N-TET,"UAV de patrullaje marítimo es el tema principal de esta página, con cobertura relacionada para dron de monitoreo costero, UAV de patrullaje fronterizo, UAV para patrullaje fronterizo.",UAV de patrullaje marítimo | dron de monitoreo costero | UAV de patrullaje fronterizo | UAV para patrullaje fronterizo,Solución UAV de patrullaje marítimo,Flujo UAV de patrullaje marítimo | Cómo los UAV mejoran la eficiencia operativa | Módulos de la solución | Equipos relacionados | Casos relacionados | FAQ de la solucion | ¡Consigue una defensa experta con drones! | Resumen | Flujo UAV de patrullaje marítimo | C贸mo los UAV mejoran la operaci贸n | M贸dulos de la soluci贸n | Equipos relacionados | Casos relacionados | FAQ de la solucion | ¡Consigue una defensa experta con drones! | Paginas relacionadas,.next-five-pages-v2/server/app/es/solutions/uav-maritime-patrol.html
/es/solutions/urban-high-rise-firefighting-emergency-uav-solution,es,strong,100,dron contra incendios,4,true,true,true,true,true,1822,20,1.098,1,16,,Solución de dron contra incendios | N-TET,"dron contra incendios es el tema principal de esta página, con cobertura relacionada para UAV contra incendios en edificios altos, dron para combatir incendios, drones contra incendios.",dron contra incendios | UAV contra incendios en edificios altos | dron para combatir incendios | drones contra incendios,Solución de dron contra incendios,Flujo de trabajo con dron contra incendios | Cómo los UAV mejoran la eficiencia operativa | Módulos de la solución | Equipos relacionados | Casos relacionados | FAQ de la solucion | ¡Consigue una defensa experta con drones! | Resumen | Flujo de trabajo con dron contra incendios | C贸mo los UAV mejoran la operaci贸n | M贸dulos de la soluci贸n | Equipos relacionados | Casos relacionados | FAQ de la solucion | ¡Consigue una defensa experta con drones! | Paginas relacionadas,.next-five-pages-v2/server/app/es/solutions/urban-high-rise-firefighting-emergency-uav-solution.html
/es/solutions/vip-private-property-airspace-monitoring,es,partial,70,Vigilancia de drones para VIP y propiedad privada,2,true,false,true,false,true,697,1,0.143,1,3,description 未命中关键词; H2 未命中关键词,Vigilancia de drones para VIP y propiedad privada | N-TET,"La solución permite a los equipos de seguridad proteger la privacidad en 360 grados. Al combinar sensores fijos discretos con equipos portátiles, amplía el perímetro de protección al espacio aéreo y reduce los riesgos de espionaje industria",Vigilancia de drones para VIP y propiedad privada | N-TET,Vigilancia de drones para VIP y propiedad privada,Puntos técnicos clave para el despliegue | Cómo gestionamos los riesgos de los drones | Consultar a un especialista C-UAS,.next-five-pages-v2/server/app/es/solutions/vip-private-property-airspace-monitoring.html
/es/solutions/water-conservancy-monitoring-uav-solution,es,strong,85,Gestión hídrica monitoreo UAV solución,2,true,true,true,false,true,1199,19,1.585,1,11,H2 未命中关键词,Gestión hídrica monitoreo UAV solución | N-TET,"Gestión hídrica monitoreo UAV solución de N-TET para inspección, monitoreo, operaciones UAV, con integración práctica, registros operativos y soporte de despliegue para equipos técnicos.",Gestión hídrica monitoreo UAV solución | N-TET,Gestión hídrica monitoreo UAV solución,Equipos relacionados | Casos relacionados | FAQ de la solucion | ¡Consigue una defensa experta con drones! | Resumen | Especificaciones técnicas | Equipos relacionados | Casos relacionados | FAQ de la solucion | ¡Consigue una defensa experta con drones! | Paginas relacionadas,.next-five-pages-v2/server/app/es/solutions/water-conservancy-monitoring-uav-solution.html
/es/solutions/water-conservancy-river-lake-uav-monitoring-solution,es,strong,85,UAV de monitoreo de recursos hídricos,4,true,true,true,false,true,1990,18,0.905,1,16,H2 未命中关键词,Solución UAV de monitoreo de recursos hídricos | N-TET,"UAV de monitoreo de recursos hídricos es el tema principal de esta página, con cobertura relacionada para UAV de inspección de presas, monitoreo UAV de ríos y lagos, dron de monitoreo de inundaciones.",UAV de monitoreo de recursos hídricos | UAV de inspección de presas | monitoreo UAV de ríos y lagos | dron de monitoreo de inundaciones,Solución UAV de monitoreo de recursos hídricos,Flujo de monitoreo UAV de recursos hídricos | Cómo los UAV mejoran la eficiencia operativa | Módulos de la solución | Equipos relacionados | Casos relacionados | FAQ de la solucion | ¡Consigue una defensa experta con drones! | Resumen | Flujo de monitoreo UAV de recursos hídricos | C贸mo los UAV mejoran la operaci贸n | M贸dulos de la soluci贸n | Equipos relacionados | Casos relacionados | FAQ de la solucion | ¡Consigue una defensa experta con drones! | Paginas relacionadas,.next-five-pages-v2/server/app/es/solutions/water-conservancy-river-lake-uav-monitoring-solution.html
/ru,ru,weak,45,промышленные БПЛА,4,true,true,false,false,false,967,0,0.000,1,6,H1 未命中关键词; H2 未命中关键词; 正文未命中精确关键词短语,Промышленные БПЛА для низковысотных операций | N-TET,"промышленные БПЛА является основной темой этой страницы; также раскрываются связанные задачи: мониторинг низкой высоты, инспекционный БПЛА, аварийный БПЛА.",промышленные БПЛА | мониторинг низкой высоты | инспекционный БПЛА | аварийный БПЛА,Профессиональный производитель оборудования C-UAS и поставщик систем,Решения для борьбы с дронами | Выберите оборудование для борьбы с дронами | Видеть. Идентифицировать. Контроль. | О компании | Проекты по борьбе с дронами | Сообщите нам тип сайта и устройства,.next-five-pages-v2/server/app/ru.html
/ru/about,ru,weak,45,интегратор промышленных систем БПЛА,4,true,true,false,false,false,1853,0,0.000,1,18,H1 未命中关键词; H2 未命中关键词; 正文未命中精确关键词短语,N-TET: интегратор промышленных систем БПЛА,"N-TET - интегратор промышленных систем БПЛА и поставщик решений для мониторинга низкой высоты, инспекционных процессов и технологий безопасности.",интегратор промышленных систем БПЛА | поставщик систем БПЛА | поставщик решений для мониторинга низкой высоты | интегратор технологий безопасности,Оборудование и системные решения C-UAS,"Экспертиза по оборудованию на всех этапах до поставки. | Оборудование C-UAS, подобранное под реальные условия развертывания. | RF-обнаружение, обработка сигналов и объединение данных. | Где RF-разработка сочетается с воспроизводимыми испытаниями. | Подготовка и испытания оборудования | Понятный путь от требования до поставки. | Вопросы, которые покупатели обычно задают в первую очередь. | Укажите объект, вариант развертывания и необходимое оборудование. | Получите экспертную защиту от дронов! | Экспертиза по оборудованию на всех этапах до поставки. | Оборудование, конфигурация и поставка. | RF-обнаружение, обработка сигналов и объединение данных. | Где RF-разработка сочетается с воспроизводимыми испытаниями. | Подготовка и испытания оборудования | Четыре наглядных этапа проекта. | Первые вопросы покупателей. | Укажите объект и вариант развертывания. | Получите экспертную защиту от дронов!",.next-five-pages-v2/server/app/ru/about.html
/ru/accessories,ru,strong,95,аксессуары для БПЛА,5,true,true,true,true,true,824,30,3.641,1,11,关键词密度偏高，需要检查堆砌风险,Аксессуары и компоненты БПЛА | N-TET,"аксессуары для БПЛА является основной темой этой страницы; также раскрываются связанные задачи: компоненты БПЛА, подвес БПЛА, двигатель БПЛА.",аксессуары для БПЛА | компоненты БПЛА | подвес БПЛА | двигатель БПЛА | канал передачи данных БПЛА,Компоненты БПЛА для системной интеграции,Аксессуары для дронов и компоненты БПЛА для промышленных платформ | Полетные контроллеры | Электродвигатели БПЛА | Пропеллеры БПЛА | Аккумуляторы БПЛА | Электрооптические подвесы | Двигатели БПЛА | Каналы передачи данных БПЛА | Пульты управления БПЛА | FAQ по продуктам аксессуаров | Получите экспертную защиту от дронов!,.next-five-pages-v2/server/app/ru/accessories.html
/ru/accessories/fc-bt1,ru,strong,85,Твердотельная батарея для БПЛА FC-BT1,4,true,false,true,true,true,3410,7,0.205,1,5,description 未命中关键词,Твердотельная батарея для БПЛА FC-BT1 | N-TET Drone Accessories,"FC-BT1 — серия твердотельных литий-ионных батарей 280Wh/kg, 4.2V 10C с емкостью 16Ah-30Ah для инспекционных, картографических, VTOL и мультикоптерных промышленных БПЛА, роботов и безэкипажных судов.",Твердотельная батарея для БПЛА FC-BT1 | drone accessories | UAV components | industrial UAV parts,Твердотельная батарея для БПЛА FC-BT1,Твердотельная батарея для БПЛА FC-BT1 Technical Specifications | Получите экспертную защиту от дронов! | Обзор | Технические характеристики | Получите экспертную защиту от дронов!,.next-five-pages-v2/server/app/ru/accessories/fc-bt1.html
/ru/accessories/fc-bt2,ru,strong,85,Твердотельная батарея для БПЛА FC-BT2,4,true,false,true,true,true,2904,7,0.241,1,5,description 未命中关键词,Твердотельная батарея для БПЛА FC-BT2 | N-TET Drone Accessories,"FC-BT2 — обновленная серия на базе FC-BT1 с удельной энергией 310Wh/kg, улучшенной устойчивостью к ветру и безопасностью посадки для инспекционных, картографических, VTOL и мультикоптерных промышленных БПЛА.",Твердотельная батарея для БПЛА FC-BT2 | drone accessories | UAV components | industrial UAV parts,Твердотельная батарея для БПЛА FC-BT2,Твердотельная батарея для БПЛА FC-BT2 Technical Specifications | Получите экспертную защиту от дронов! | Обзор | Технические характеристики | Получите экспертную защиту от дронов!,.next-five-pages-v2/server/app/ru/accessories/fc-bt2.html
/ru/accessories/fc-bt3,ru,strong,85,Высоковольтная твердотельная батарея для БПЛА FC-BT3,4,true,false,true,true,true,3017,7,0.232,1,5,description 未命中关键词,Высоковольтная твердотельная батарея для БПЛА FC-BT3 | N-TET Drone Accessories,FC-BT3 — высоковольтная твердотельная серия 4.35V с более высоким разрядным током и меньшей просадкой напряжения для тяжелых VTOL-платформ и аппаратов с разной нагрузкой в вертикальном взлете и горизонтальном полете.,Высоковольтная твердотельная батарея для БПЛА FC-BT3 | drone accessories | UAV components | industrial UAV parts,Высоковольтная твердотельная батарея для БПЛА FC-BT3,Высоковольтная твердотельная батарея для БПЛА FC-BT3 Technical Specifications | Получите экспертную защиту от дронов! | Обзор | Технические характеристики | Получите экспертную защиту от дронов!,.next-five-pages-v2/server/app/ru/accessories/fc-bt3.html
/ru/accessories/fc-bt4,ru,strong,85,Высокоэнергетическая твердотельная батарея для БПЛА FC-BT4,4,true,false,true,true,true,4885,7,0.143,1,5,description 未命中关键词,Высокоэнергетическая твердотельная батарея для БПЛА FC-BT4 | N-TET Drone Accessories,"FC-BT4 — твердотельная серия с удельной энергией 340Wh/kg, сочетающая низкую просадку напряжения, безопасность, длительный срок службы и экономичность для разведывательных, солнечных, картографических, охранных и дальнолетных БПЛА.",Высокоэнергетическая твердотельная батарея для БПЛА FC-BT4 | drone accessories | UAV components | industrial UAV parts,Высокоэнергетическая твердотельная батарея для БПЛА FC-BT4,Высокоэнергетическая твердотельная батарея для БПЛА FC-BT4 Technical Specifications | Получите экспертную защиту от дронов! | Обзор | Технические характеристики | Получите экспертную защиту от дронов!,.next-five-pages-v2/server/app/ru/accessories/fc-bt4.html
/ru/accessories/fc-btg,ru,strong,85,Учебная твердотельная батарея для БПЛА FC-BTG,4,true,false,true,true,true,2145,7,0.326,1,5,description 未命中关键词,Учебная твердотельная батарея для БПЛА FC-BTG | N-TET Drone Accessories,"FC-BTG — экономичная серия твердотельных батарей для обучения, логистики и энергетических работ, включающая конфигурации FC-BTG-TG1 и FC-BTG-TG3 со стабильной отдачей, длительным полетом и адаптацией к учебной практике.",Учебная твердотельная батарея для БПЛА FC-BTG | drone accessories | UAV components | industrial UAV parts,Учебная твердотельная батарея для БПЛА FC-BTG,Учебная твердотельная батарея для БПЛА FC-BTG Technical Specifications | Получите экспертную защиту от дронов! | Обзор | Технические характеристики | Получите экспертную защиту от дронов!,.next-five-pages-v2/server/app/ru/accessories/fc-btg.html
/ru/accessories/fc-c2d-propeller,ru,strong,85,Пропеллер БПЛА FC-C2D,4,true,false,true,true,true,992,5,0.504,1,5,description 未命中关键词,Пропеллер БПЛА FC-C2D | N-TET Drone Accessories,Диапазон размеров: 11~42 дюймов; максимальная тяга: 12.42kgf (7000RPM); пиковая эффективность винта: 11.08gf/W (2821RPM).,Пропеллер БПЛА FC-C2D | drone accessories | UAV components | industrial UAV parts,Пропеллер БПЛА FC-C2D,Пропеллер БПЛА FC-C2D Technical Specifications | Получите экспертную защиту от дронов! | Обзор | Технические характеристики | Получите экспертную защиту от дронов!,.next-five-pages-v2/server/app/ru/accessories/fc-c2d-propeller.html
/ru/accessories/fc-c2e-propeller,ru,strong,85,Пропеллер БПЛА FC-C2E,4,true,false,true,true,true,930,5,0.538,1,5,description 未命中关键词,Пропеллер БПЛА FC-C2E | N-TET Drone Accessories,Диапазон размеров: 8~32 дюймов; максимальная тяга: 10.84kgf (6261RPM); пиковая эффективность винта: 10.83gf/W (3442RPM).,Пропеллер БПЛА FC-C2E | drone accessories | UAV components | industrial UAV parts,Пропеллер БПЛА FC-C2E,Пропеллер БПЛА FC-C2E Technical Specifications | Получите экспертную защиту от дронов! | Обзор | Технические характеристики | Получите экспертную защиту от дронов!,.next-five-pages-v2/server/app/ru/accessories/fc-c2e-propeller.html
/ru/accessories/fc-c2t-propeller,ru,strong,85,Пропеллер БПЛА FC-C2T,4,true,false,true,true,true,978,5,0.511,1,5,description 未命中关键词,Пропеллер БПЛА FC-C2T | N-TET Drone Accessories,Диапазон размеров: 14~46 дюймов; максимальная тяга: 24.99kgf (7850RPM); пиковая эффективность винта: 8.49gf/W (3036RPM).,Пропеллер БПЛА FC-C2T | drone accessories | UAV components | industrial UAV parts,Пропеллер БПЛА FC-C2T,Пропеллер БПЛА FC-C2T Technical Specifications | Получите экспертную защиту от дронов! | Обзор | Технические характеристики | Получите экспертную защиту от дронов!,.next-five-pages-v2/server/app/ru/accessories/fc-c2t-propeller.html
/ru/accessories/fc-c2u-propeller,ru,strong,85,Пропеллер БПЛА FC-C2U,4,true,false,true,true,true,968,5,0.517,1,5,description 未命中关键词,Пропеллер БПЛА FC-C2U | N-TET Drone Accessories,Диапазон размеров: 16~47 дюймов; максимальная тяга: 38.70kgf (7279RPM); пиковая эффективность винта: 12.63gf/W (2309RPM).,Пропеллер БПЛА FC-C2U | drone accessories | UAV components | industrial UAV parts,Пропеллер БПЛА FC-C2U,Пропеллер БПЛА FC-C2U Technical Specifications | Получите экспертную защиту от дронов! | Обзор | Технические характеристики | Получите экспертную защиту от дронов!,.next-five-pages-v2/server/app/ru/accessories/fc-c2u-propeller.html
/ru/accessories/fc-c2ud-propeller,ru,strong,85,Пропеллер БПЛА FC-C2UD,4,true,false,true,true,true,1020,5,0.490,1,5,description 未命中关键词,Пропеллер БПЛА FC-C2UD | N-TET Drone Accessories,Диапазон размеров: 18~40 дюймов; максимальная тяга: 37.65kgf (7838RPM); пиковая эффективность винта: 6.64gf/W (3720RPM).,Пропеллер БПЛА FC-C2UD | drone accessories | UAV components | industrial UAV parts,Пропеллер БПЛА FC-C2UD,Пропеллер БПЛА FC-C2UD Technical Specifications | Получите экспертную защиту от дронов! | Обзор | Технические характеристики | Получите экспертную защиту от дронов!,.next-five-pages-v2/server/app/ru/accessories/fc-c2ud-propeller.html
/ru/accessories/fc-fdj-111,ru,strong,100,Двигатель БПЛА FC-FDJ-111,4,true,true,true,true,true,766,7,0.914,1,5,,Двигатель БПЛА FC-FDJ-111 | N-TET Drone Accessories,"Двигатель БПЛА FC-FDJ-111: рабочий объем 111.2cm3, мощность/характеристика 11.2HP/7500rpm, статическая тяга 25.5kg/высота 100м.",Двигатель БПЛА FC-FDJ-111 | drone accessories | UAV components | industrial UAV parts,Двигатель БПЛА FC-FDJ-111,Двигатель БПЛА FC-FDJ-111 Technical Specifications | Получите экспертную защиту от дронов! | Обзор | Технические характеристики | Получите экспертную защиту от дронов!,.next-five-pages-v2/server/app/ru/accessories/fc-fdj-111.html
/ru/accessories/fc-fdj-120,ru,strong,100,Двигатель БПЛА FC-FDJ-120,4,true,true,true,true,true,746,7,0.938,1,5,,Двигатель БПЛА FC-FDJ-120 | N-TET Drone Accessories,"Двигатель БПЛА FC-FDJ-120: рабочий объем 120cm3, мощность/характеристика 12HP/7500rpm, статическая тяга 26.5kg/высота 100м.",Двигатель БПЛА FC-FDJ-120 | drone accessories | UAV components | industrial UAV parts,Двигатель БПЛА FC-FDJ-120,Двигатель БПЛА FC-FDJ-120 Technical Specifications | Получите экспертную защиту от дронов! | Обзор | Технические характеристики | Получите экспертную защиту от дронов!,.next-five-pages-v2/server/app/ru/accessories/fc-fdj-120.html
/ru/accessories/fc-fdj-120hd,ru,strong,100,Двигатель БПЛА FC-FDJ-120HD,4,true,true,true,true,true,710,7,0.986,1,5,,Двигатель БПЛА FC-FDJ-120HD | N-TET Drone Accessories,"Двигатель БПЛА FC-FDJ-120HD: рабочий объем 120cm3, мощность/характеристика 7.35KW(0высота)/8000rpm.",Двигатель БПЛА FC-FDJ-120HD | drone accessories | UAV components | industrial UAV parts,Двигатель БПЛА FC-FDJ-120HD,Двигатель БПЛА FC-FDJ-120HD Technical Specifications | Получите экспертную защиту от дронов! | Обзор | Технические характеристики | Получите экспертную защиту от дронов!,.next-five-pages-v2/server/app/ru/accessories/fc-fdj-120hd.html
/ru/accessories/fc-fdj-170,ru,strong,100,Двигатель БПЛА FC-FDJ-170,4,true,true,true,true,true,736,7,0.951,1,5,,Двигатель БПЛА FC-FDJ-170 | N-TET Drone Accessories,"Двигатель БПЛА FC-FDJ-170: рабочий объем 170cm3, мощность/характеристика 17.5HP/7500rpm, статическая тяга 35kg/высота 100м.",Двигатель БПЛА FC-FDJ-170 | drone accessories | UAV components | industrial UAV parts,Двигатель БПЛА FC-FDJ-170,Двигатель БПЛА FC-FDJ-170 Technical Specifications | Получите экспертную защиту от дронов! | Обзор | Технические характеристики | Получите экспертную защиту от дронов!,.next-five-pages-v2/server/app/ru/accessories/fc-fdj-170.html
/ru/accessories/fc-fdj-200,ru,strong,100,Двигатель БПЛА FC-FDJ-200,4,true,true,true,true,true,722,7,0.970,1,5,,Двигатель БПЛА FC-FDJ-200 | N-TET Drone Accessories,"Двигатель БПЛА FC-FDJ-200: рабочий объем 200CC, мощность/характеристика 20HP/7500rpm.",Двигатель БПЛА FC-FDJ-200 | drone accessories | UAV components | industrial UAV parts,Двигатель БПЛА FC-FDJ-200,Двигатель БПЛА FC-FDJ-200 Technical Specifications | Получите экспертную защиту от дронов! | Обзор | Технические характеристики | Получите экспертную защиту от дронов!,.next-five-pages-v2/server/app/ru/accessories/fc-fdj-200.html
/ru/accessories/fc-fdj-222,ru,strong,100,Двигатель БПЛА FC-FDJ-222,4,true,true,true,true,true,746,7,0.938,1,5,,Двигатель БПЛА FC-FDJ-222 | N-TET Drone Accessories,"Двигатель БПЛА FC-FDJ-222: рабочий объем 222.5cm3, мощность/характеристика 21.5HP/7500rpm, статическая тяга 51kg/высота 100м.",Двигатель БПЛА FC-FDJ-222 | drone accessories | UAV components | industrial UAV parts,Двигатель БПЛА FC-FDJ-222,Двигатель БПЛА FC-FDJ-222 Technical Specifications | Получите экспертную защиту от дронов! | Обзор | Технические характеристики | Получите экспертную защиту от дронов!,.next-five-pages-v2/server/app/ru/accessories/fc-fdj-222.html
/ru/accessories/fc-fdj-430,ru,strong,100,Двигатель БПЛА FC-FDJ-430,4,true,true,true,true,true,898,7,0.780,1,5,,Двигатель БПЛА FC-FDJ-430 | N-TET Drone Accessories,"Двигатель БПЛА FC-FDJ-430: рабочий объем 430.8cc, мощность/характеристика 42HP at 6800 RPM, статическая тяга 110kg.",Двигатель БПЛА FC-FDJ-430 | drone accessories | UAV components | industrial UAV parts,Двигатель БПЛА FC-FDJ-430,Двигатель БПЛА FC-FDJ-430 Technical Specifications | Получите экспертную защиту от дронов! | Обзор | Технические характеристики | Получите экспертную защиту от дронов!,.next-five-pages-v2/server/app/ru/accessories/fc-fdj-430.html
/ru/accessories/fc-fdj-55,ru,strong,100,Двигатель БПЛА FC-FDJ-55,4,true,true,true,true,true,770,7,0.909,1,5,,Двигатель БПЛА FC-FDJ-55 | N-TET Drone Accessories,"Двигатель БПЛА FC-FDJ-55: рабочий объем 55.6cm3, мощность/характеристика 5.5HP/8500rpm, статическая тяга 14.5kg/высота 100м.",Двигатель БПЛА FC-FDJ-55 | drone accessories | UAV components | industrial UAV parts,Двигатель БПЛА FC-FDJ-55,Двигатель БПЛА FC-FDJ-55 Technical Specifications | Получите экспертную защиту от дронов! | Обзор | Технические характеристики | Получите экспертную защиту от дронов!,.next-five-pages-v2/server/app/ru/accessories/fc-fdj-55.html
/ru/accessories/fc-fdj-60,ru,strong,100,Двигатель БПЛА FC-FDJ-60,4,true,true,true,true,true,746,7,0.938,1,5,,Двигатель БПЛА FC-FDJ-60 | N-TET Drone Accessories,"Двигатель БПЛА FC-FDJ-60: рабочий объем 61cm3, мощность/характеристика 7HP/8500rpm, статическая тяга 15.2kg/высота 100м.",Двигатель БПЛА FC-FDJ-60 | drone accessories | UAV components | industrial UAV parts,Двигатель БПЛА FC-FDJ-60,Двигатель БПЛА FC-FDJ-60 Technical Specifications | Получите экспертную защиту от дронов! | Обзор | Технические характеристики | Получите экспертную защиту от дронов!,.next-five-pages-v2/server/app/ru/accessories/fc-fdj-60.html
/ru/accessories/fc-fdj-61,ru,strong,100,Двигатель БПЛА FC-FDJ-61,4,true,true,true,true,true,744,7,0.941,1,5,,Двигатель БПЛА FC-FDJ-61 | N-TET Drone Accessories,"Двигатель БПЛА FC-FDJ-61: рабочий объем 60cm3, мощность/характеристика 6HP/7500rpm, статическая тяга 15kg/высота 100м.",Двигатель БПЛА FC-FDJ-61 | drone accessories | UAV components | industrial UAV parts,Двигатель БПЛА FC-FDJ-61,Двигатель БПЛА FC-FDJ-61 Technical Specifications | Получите экспертную защиту от дронов! | Обзор | Технические характеристики | Получите экспертную защиту от дронов!,.next-five-pages-v2/server/app/ru/accessories/fc-fdj-61.html
/ru/accessories/fc-fdj-70hd,ru,strong,100,Двигатель БПЛА FC-FDJ-70HD,4,true,true,true,true,true,712,7,0.983,1,5,,Двигатель БПЛА FC-FDJ-70HD | N-TET Drone Accessories,"Двигатель БПЛА FC-FDJ-70HD: рабочий объем 70cm3, мощность/характеристика 4.2KW(0высота)/8300rpm.",Двигатель БПЛА FC-FDJ-70HD | drone accessories | UAV components | industrial UAV parts,Двигатель БПЛА FC-FDJ-70HD,Двигатель БПЛА FC-FDJ-70HD Technical Specifications | Получите экспертную защиту от дронов! | Обзор | Технические характеристики | Получите экспертную защиту от дронов!,.next-five-pages-v2/server/app/ru/accessories/fc-fdj-70hd.html
/ru/accessories/fc-fdj-85,ru,strong,100,Двигатель БПЛА FC-FDJ-85,4,true,true,true,true,true,744,7,0.941,1,5,,Двигатель БПЛА FC-FDJ-85 | N-TET Drone Accessories,"Двигатель БПЛА FC-FDJ-85: рабочий объем 85cm3, мощность/характеристика 8.5HP/9000rpm, статическая тяга 21kg/высота 100м.",Двигатель БПЛА FC-FDJ-85 | drone accessories | UAV components | industrial UAV parts,Двигатель БПЛА FC-FDJ-85,Двигатель БПЛА FC-FDJ-85 Technical Specifications | Получите экспертную защиту от дронов! | Обзор | Технические характеристики | Получите экспертную защиту от дронов!,.next-five-pages-v2/server/app/ru/accessories/fc-fdj-85.html
/ru/accessories/fc-l10tr-three-light-gimbal,ru,strong,100,FC-L10TR электрооптический подвес,4,true,true,true,true,true,1232,7,0.568,1,5,,FC-L10TR электрооптический подвес | N-TET Drone Accessories,"FC-L10TR электрооптический подвес: 10x непрерывный оптический зум + тепловизор + лазерный дальномер 905nm; лазерное измерение 5m-1500m, вес <=800g.",FC-L10TR электрооптический подвес | drone accessories | UAV components | industrial UAV parts,FC-L10TR электрооптический подвес,FC-L10TR электрооптический подвес Technical Specifications | Получите экспертную защиту от дронов! | Обзор | Технические характеристики | Получите экспертную защиту от дронов!,.next-five-pages-v2/server/app/ru/accessories/fc-l10tr-three-light-gimbal.html
/ru/accessories/fc-l40-smart-optical-pod,ru,strong,100,FC-L40 электрооптический подвес,4,true,true,true,true,true,1084,7,0.646,1,5,,FC-L40 электрооптический подвес | N-TET Drone Accessories,"FC-L40 электрооптический подвес: 40x оптический зум в видимом свете; вес <=1kg, габариты <=Phi115mm x 175mm.",FC-L40 электрооптический подвес | drone accessories | UAV components | industrial UAV parts,FC-L40 электрооптический подвес,FC-L40 электрооптический подвес Technical Specifications | Получите экспертную защиту от дронов! | Обзор | Технические характеристики | Получите экспертную защиту от дронов!,.next-five-pages-v2/server/app/ru/accessories/fc-l40-smart-optical-pod.html
/ru/accessories/fc-l40t-dual-light-gimbal,ru,strong,100,FC-L40T электрооптический подвес,4,true,true,true,true,true,1178,7,0.594,1,5,,FC-L40T электрооптический подвес | N-TET Drone Accessories,"FC-L40T электрооптический подвес: видимый свет 1920x1080, диапазон зума 40x 4.25-170mm; тепловизор 640x512, вес <=1.1kg.",FC-L40T электрооптический подвес | drone accessories | UAV components | industrial UAV parts,FC-L40T электрооптический подвес,FC-L40T электрооптический подвес Technical Specifications | Получите экспертную защиту от дронов! | Обзор | Технические характеристики | Получите экспертную защиту от дронов!,.next-five-pages-v2/server/app/ru/accessories/fc-l40t-dual-light-gimbal.html
/ru/accessories/fc-l40tr-smart-optical-pod,ru,strong,100,FC-L40TR электрооптический подвес,4,true,true,true,true,true,1220,7,0.574,1,5,,FC-L40TR электрооптический подвес | N-TET Drone Accessories,"FC-L40TR электрооптический подвес: 40x видимый свет + тепловизор 640x512 + лазерный дальномер 1535nm; лазерное измерение 20m-3000m, вес <=1.3kg.",FC-L40TR электрооптический подвес | drone accessories | UAV components | industrial UAV parts,FC-L40TR электрооптический подвес,FC-L40TR электрооптический подвес Technical Specifications | Получите экспертную защиту от дронов! | Обзор | Технические характеристики | Получите экспертную защиту от дронов!,.next-five-pages-v2/server/app/ru/accessories/fc-l40tr-smart-optical-pod.html
/ru/accessories/fc-l50-smart-optical-pod,ru,strong,100,FC-L50 электрооптический подвес,4,true,true,true,true,true,1072,7,0.653,1,5,,FC-L50 электрооптический подвес | N-TET Drone Accessories,"FC-L50 электрооптический подвес: неохлаждаемый ИК-модуль 1280 x 1024; тепловизионное фокусное расстояние 50mm, вес <=1.5kg.",FC-L50 электрооптический подвес | drone accessories | UAV components | industrial UAV parts,FC-L50 электрооптический подвес,FC-L50 электрооптический подвес Technical Specifications | Получите экспертную защиту от дронов! | Обзор | Технические характеристики | Получите экспертную защиту от дронов!,.next-five-pages-v2/server/app/ru/accessories/fc-l50-smart-optical-pod.html
/ru/accessories/fc-ln100-dual-light-gimbal,ru,strong,100,FC-LN100 электрооптический подвес,4,true,true,true,true,true,1170,7,0.598,1,5,,FC-LN100 электрооптический подвес | N-TET Drone Accessories,"FC-LN100 электрооптический подвес: 4K видимый свет с фиксированным фокусом + тепловизор 640x512; вес <=260g, среднее энергопотребление 10w.",FC-LN100 электрооптический подвес | drone accessories | UAV components | industrial UAV parts,FC-LN100 электрооптический подвес,FC-LN100 электрооптический подвес Technical Specifications | Получите экспертную защиту от дронов! | Обзор | Технические характеристики | Получите экспертную защиту от дронов!,.next-five-pages-v2/server/app/ru/accessories/fc-ln100-dual-light-gimbal.html
/ru/accessories/fc-ln95-dual-light-gimbal,ru,strong,100,FC-LN95 электрооптический подвес,4,true,true,true,true,true,1246,7,0.562,1,5,,FC-LN95 электрооптический подвес | N-TET Drone Accessories,"FC-LN95 электрооптический подвес: две камеры видимого света с фиксированным фокусом, разрешение 3840x2160; вес <=260g, габариты <=Phi64mm x 90mm.",FC-LN95 электрооптический подвес | drone accessories | UAV components | industrial UAV parts,FC-LN95 электрооптический подвес,FC-LN95 электрооптический подвес Technical Specifications | Получите экспертную защиту от дронов! | Обзор | Технические характеристики | Получите экспертную защиту от дронов!,.next-five-pages-v2/server/app/ru/accessories/fc-ln95-dual-light-gimbal.html
/ru/accessories/fc-max-5330,ru,strong,100,Двигатель БПЛА FC-MAX 5330,4,true,true,true,true,true,4159,7,0.168,1,5,,Двигатель БПЛА FC-MAX 5330 | N-TET Drone Accessories,Двигатель БПЛА FC-MAX 5330 ключевые параметры: Макс. тяга: 11 kg / 11.5 kg; Номинальное рабочее напряжение: 12S; Значение KV: 220 KV / 260 KV.,Двигатель БПЛА FC-MAX 5330 | drone accessories | UAV components | industrial UAV parts,Двигатель БПЛА FC-MAX 5330,Двигатель БПЛА FC-MAX 5330 Technical Specifications | Получите экспертную защиту от дронов! | Обзор | Технические характеристики | Получите экспертную защиту от дронов!,.next-five-pages-v2/server/app/ru/accessories/fc-max-5330.html
/ru/accessories/fc-mesh-100,ru,strong,85,FC-Mesh-100 канал передачи данных БПЛА,4,true,false,true,true,true,1152,5,0.434,1,5,description 未命中关键词,FC-Mesh-100 канал передачи данных БПЛА | N-TET Drone Accessories,"FC-Mesh-100 — бортовая самоорганизующаяся радиостанция для многоточечной связи БПЛА, ретрансляции и координации воздух-земля.",FC-Mesh-100 канал передачи данных БПЛА | drone accessories | UAV components | industrial UAV parts,FC-Mesh-100 канал передачи данных БПЛА,FC-Mesh-100 канал передачи данных БПЛА Technical Specifications | Получите экспертную защиту от дронов! | Обзор | Технические характеристики | Получите экспертную защиту от дронов!,.next-five-pages-v2/server/app/ru/accessories/fc-mesh-100.html
/ru/accessories/fc-mini-l10tr-smart-optical-pod,ru,strong,100,FC-MiniL10TR электрооптический подвес,4,true,true,true,true,true,1244,7,0.563,1,5,,FC-MiniL10TR электрооптический подвес | N-TET Drone Accessories,"FC-MiniL10TR электрооптический подвес: 48MP видимый свет с 10x гибридным зумом + ИК + лазерный дальномер; вес <=400g, габариты <=95mm x 97mm x 147mm.",FC-MiniL10TR электрооптический подвес | drone accessories | UAV components | industrial UAV parts,FC-MiniL10TR электрооптический подвес,FC-MiniL10TR электрооптический подвес Technical Specifications | Получите экспертную защиту от дронов! | Обзор | Технические характеристики | Получите экспертную защиту от дронов!,.next-five-pages-v2/server/app/ru/accessories/fc-mini-l10tr-smart-optical-pod.html
/ru/accessories/fc-pab-propeller,ru,strong,85,Пропеллер БПЛА FC-PAB,4,true,false,true,true,true,986,5,0.507,1,5,description 未命中关键词,Пропеллер БПЛА FC-PAB | N-TET Drone Accessories,Диапазон размеров: 15.2~36.2 дюймов; максимальная тяга: 26.41kgf (4817RPM); пиковая эффективность винта: 17.52gf/W (1476RPM).,Пропеллер БПЛА FC-PAB | drone accessories | UAV components | industrial UAV parts,Пропеллер БПЛА FC-PAB,Пропеллер БПЛА FC-PAB Technical Specifications | Получите экспертную защиту от дронов! | Обзор | Технические характеристики | Получите экспертную защиту от дронов!,.next-five-pages-v2/server/app/ru/accessories/fc-pab-propeller.html
/ru/accessories/fc-pad-propeller,ru,strong,85,Пропеллер БПЛА FC-PAD,4,true,false,true,true,true,982,5,0.509,1,5,description 未命中关键词,Пропеллер БПЛА FC-PAD | N-TET Drone Accessories,Диапазон размеров: 18.3~46.3 дюймов; максимальная тяга: 25.10kgf (4663RPM); пиковая эффективность винта: 13.99gf/W (1825RPM).,Пропеллер БПЛА FC-PAD | drone accessories | UAV components | industrial UAV parts,Пропеллер БПЛА FC-PAD,Пропеллер БПЛА FC-PAD Technical Specifications | Получите экспертную защиту от дронов! | Обзор | Технические характеристики | Получите экспертную защиту от дронов!,.next-five-pages-v2/server/app/ru/accessories/fc-pad-propeller.html
/ru/accessories/fc-pae-propeller,ru,strong,85,Пропеллер БПЛА FC-PAE,4,true,false,true,true,true,984,5,0.508,1,5,description 未命中关键词,Пропеллер БПЛА FC-PAE | N-TET Drone Accessories,Диапазон размеров: 18.3~32.3 дюймов; максимальная тяга: 6.42kgf (6520RPM); пиковая эффективность винта: 20.14gf/W (1820RPM).,Пропеллер БПЛА FC-PAE | drone accessories | UAV components | industrial UAV parts,Пропеллер БПЛА FC-PAE,Пропеллер БПЛА FC-PAE Technical Specifications | Получите экспертную защиту от дронов! | Обзор | Технические характеристики | Получите экспертную защиту от дронов!,.next-five-pages-v2/server/app/ru/accessories/fc-pae-propeller.html
/ru/accessories/fc-pbf-propeller,ru,strong,85,Пропеллер БПЛА FC-PBF,4,true,false,true,true,true,926,5,0.540,1,5,description 未命中关键词,Пропеллер БПЛА FC-PBF | N-TET Drone Accessories,Диапазон размеров: 16.1~48.1 дюймов; максимальная тяга: 43.52kgf (3373RPM); пиковая эффективность винта: 13.97gf/W (1385RPM).,Пропеллер БПЛА FC-PBF | drone accessories | UAV components | industrial UAV parts,Пропеллер БПЛА FC-PBF,Пропеллер БПЛА FC-PBF Technical Specifications | Получите экспертную защиту от дронов! | Обзор | Технические характеристики | Получите экспертную защиту от дронов!,.next-five-pages-v2/server/app/ru/accessories/fc-pbf-propeller.html
/ru/accessories/fc-rm10x,ru,strong,100,Двигатель БПЛА FC-RM10X,4,true,true,true,true,true,1492,7,0.469,1,5,,Двигатель БПЛА FC-RM10X | N-TET Drone Accessories,Двигатель БПЛА FC-RM10X ключевые параметры: Макс. тяга: 12081g/ось @48Vуровень моря; Рекомендуемая взлетная масса: 4500-6000g/ось @48Vуровень моря.,Двигатель БПЛА FC-RM10X | drone accessories | UAV components | industrial UAV parts,Двигатель БПЛА FC-RM10X,Двигатель БПЛА FC-RM10X Technical Specifications | Получите экспертную защиту от дронов! | Обзор | Технические характеристики | Получите экспертную защиту от дронов!,.next-five-pages-v2/server/app/ru/accessories/fc-rm10x.html
/ru/accessories/fc-rm30,ru,strong,100,Двигатель БПЛА FC-RM30,4,true,true,true,true,true,4854,7,0.144,1,5,,Двигатель БПЛА FC-RM30 | N-TET Drone Accessories,Двигатель БПЛА FC-RM30 ключевые параметры: Макс. тяга: 74.7 kg / 69.6 kg; Номинальное рабочее напряжение: 96S / 24S; Значение KV: 10 KV / 43 KV.,Двигатель БПЛА FC-RM30 | drone accessories | UAV components | industrial UAV parts,Двигатель БПЛА FC-RM30,Двигатель БПЛА FC-RM30 Technical Specifications | Получите экспертную защиту от дронов! | Обзор | Технические характеристики | Получите экспертную защиту от дронов!,.next-five-pages-v2/server/app/ru/accessories/fc-rm30.html
/ru/accessories/fc-sjl-100,ru,strong,85,FC-SJL-100 канал передачи данных БПЛА,4,true,false,true,true,true,1026,5,0.487,1,5,description 未命中关键词,FC-SJL-100 канал передачи данных БПЛА | N-TET Drone Accessories,FC-SJL-100 обеспечивает передачу видео и данных воздух-земля на 100 км+ с интерфейсной компоновкой J30J для БПЛА и роботизированных платформ.,FC-SJL-100 канал передачи данных БПЛА | drone accessories | UAV components | industrial UAV parts,FC-SJL-100 канал передачи данных БПЛА,FC-SJL-100 канал передачи данных БПЛА Technical Specifications | Получите экспертную защиту от дронов! | Обзор | Технические характеристики | Получите экспертную защиту от дронов!,.next-five-pages-v2/server/app/ru/accessories/fc-sjl-100.html
/ru/accessories/fc-sjl-200,ru,strong,85,FC-SJL-200 канал передачи данных БПЛА,4,true,false,true,true,true,1030,5,0.485,1,5,description 未命中关键词,FC-SJL-200 канал передачи данных БПЛА | N-TET Drone Accessories,"FC-SJL-200 — радиостанция сверхдальней передачи видео и данных БПЛА с дальностью 200 км+ для интегрированных каналов видео, телеметрии и управления.",FC-SJL-200 канал передачи данных БПЛА | drone accessories | UAV components | industrial UAV parts,FC-SJL-200 канал передачи данных БПЛА,FC-SJL-200 канал передачи данных БПЛА Technical Specifications | Получите экспертную защиту от дронов! | Обзор | Технические характеристики | Получите экспертную защиту от дронов!,.next-five-pages-v2/server/app/ru/accessories/fc-sjl-200.html
/ru/accessories/fc-sjl-30,ru,strong,85,FC-SJL-30 канал передачи данных БПЛА,4,true,false,true,true,true,1072,5,0.466,1,5,description 未命中关键词,FC-SJL-30 канал передачи данных БПЛА | N-TET Drone Accessories,"FC-SJL-30 — компактная радиостанция передачи видео и данных БПЛА для воздушно-наземных каналов HD-видео, аудио, телеметрии и управления на дальности 30 км+.",FC-SJL-30 канал передачи данных БПЛА | drone accessories | UAV components | industrial UAV parts,FC-SJL-30 канал передачи данных БПЛА,FC-SJL-30 канал передачи данных БПЛА Technical Specifications | Получите экспертную защиту от дронов! | Обзор | Технические характеристики | Получите экспертную защиту от дронов!,.next-five-pages-v2/server/app/ru/accessories/fc-sjl-30.html
/ru/accessories/fc-sjl-380,ru,strong,85,FC-SJL-380 канал передачи данных БПЛА,4,true,false,true,true,true,1036,5,0.483,1,5,description 未命中关键词,FC-SJL-380 канал передачи данных БПЛА | N-TET Drone Accessories,FC-SJL-380 поддерживает сверхдальнюю передачу видео и данных БПЛА на 380 км+ для распределенных сетей и каналов управления воздух-земля.,FC-SJL-380 канал передачи данных БПЛА | drone accessories | UAV components | industrial UAV parts,FC-SJL-380 канал передачи данных БПЛА,FC-SJL-380 канал передачи данных БПЛА Technical Specifications | Получите экспертную защиту от дронов! | Обзор | Технические характеристики | Получите экспертную защиту от дронов!,.next-five-pages-v2/server/app/ru/accessories/fc-sjl-380.html
/ru/accessories/fc-sjl-50,ru,strong,85,FC-SJL-50 канал передачи данных БПЛА,4,true,false,true,true,true,1064,5,0.470,1,5,description 未命中关键词,FC-SJL-50 канал передачи данных БПЛА | N-TET Drone Accessories,"FC-SJL-50 — легкая радиостанция передачи видео и данных БПЛА для HD-видео, телеметрии и управления на дальности 50 км+.",FC-SJL-50 канал передачи данных БПЛА | drone accessories | UAV components | industrial UAV parts,FC-SJL-50 канал передачи данных БПЛА,FC-SJL-50 канал передачи данных БПЛА Technical Specifications | Получите экспертную защиту от дронов! | Обзор | Технические характеристики | Получите экспертную защиту от дронов!,.next-five-pages-v2/server/app/ru/accessories/fc-sjl-50.html
/ru/accessories/fc-u10-pro,ru,strong,85,Полетный контроллер FC-U10-PRO,4,true,false,true,true,true,778,5,0.643,1,5,description 未命中关键词,Полетный контроллер FC-U10-PRO | N-TET Drone Accessories,"FC-U10-PRO оснащен высокоточным модулем RTK, поддерживает питание 16V-120V, платформы до 16 роторов и резервное питание UPS для тяжелых БПЛА.",Полетный контроллер FC-U10-PRO | drone accessories | UAV components | industrial UAV parts,Полетный контроллер FC-U10-PRO,Полетный контроллер FC-U10-PRO Technical Specifications | Получите экспертную защиту от дронов! | Обзор | Технические характеристики | Получите экспертную защиту от дронов!,.next-five-pages-v2/server/app/ru/accessories/fc-u10-pro.html
/ru/accessories/fc-u110,ru,strong,100,Двигатель БПЛА FC-U110,4,true,true,true,true,true,4578,7,0.153,1,5,,Двигатель БПЛА FC-U110 | N-TET Drone Accessories,Двигатель БПЛА FC-U110 ключевые параметры: Макс. тяга: 45.5 kg; Номинальное рабочее напряжение: 12-14S; Значение KV: 140 KV.,Двигатель БПЛА FC-U110 | drone accessories | UAV components | industrial UAV parts,Двигатель БПЛА FC-U110,Двигатель БПЛА FC-U110 Technical Specifications | Получите экспертную защиту от дронов! | Обзор | Технические характеристики | Получите экспертную защиту от дронов!,.next-five-pages-v2/server/app/ru/accessories/fc-u110.html
/ru/accessories/fc-u12,ru,strong,85,Полетный контроллер FC-U12,4,true,false,true,true,true,774,5,0.646,1,5,description 未命中关键词,Полетный контроллер FC-U12 | N-TET Drone Accessories,FC-U12 — компактный и простой в использовании полетный контроллер для малых и средних БПЛА с плотной компоновкой и расширяемыми каналами управления внешними устройствами.,Полетный контроллер FC-U12 | drone accessories | UAV components | industrial UAV parts,Полетный контроллер FC-U12,Полетный контроллер FC-U12 Technical Specifications | Получите экспертную защиту от дронов! | Обзор | Технические характеристики | Получите экспертную защиту от дронов!,.next-five-pages-v2/server/app/ru/accessories/fc-u12.html
/ru/accessories/fc-u8013,ru,strong,100,Двигатель БПЛА FC-U8013,4,true,true,true,true,true,1178,7,0.594,1,5,,Двигатель БПЛА FC-U8013 | N-TET Drone Accessories,Двигатель БПЛА FC-U8013 ключевые параметры: Макс. тяга: 14.5 kg / 15 kg / 16.3 kg; Номинальное рабочее напряжение: 12S; Значение KV: 135KV / 150KV / 170KV.,Двигатель БПЛА FC-U8013 | drone accessories | UAV components | industrial UAV parts,Двигатель БПЛА FC-U8013,Двигатель БПЛА FC-U8013 Technical Specifications | Получите экспертную защиту от дронов! | Обзор | Технические характеристики | Получите экспертную защиту от дронов!,.next-five-pages-v2/server/app/ru/accessories/fc-u8013.html
/ru/accessories/fc-u9-ag,ru,strong,85,Аграрный полетный контроллер FC-U9-AG,4,true,false,true,true,true,841,5,0.595,1,5,description 未命中关键词,Аграрный полетный контроллер FC-U9-AG | N-TET Drone Accessories,"FC-U9-AG — профессиональная система управления полетом аграрных БПЛА для опрыскивания, разбрасывания, очистки и транспортировки грузов, с богатыми интерфейсами и простым управлением через приложение.",Аграрный полетный контроллер FC-U9-AG | drone accessories | UAV components | industrial UAV parts,Аграрный полетный контроллер FC-U9-AG,Аграрный полетный контроллер FC-U9-AG Technical Specifications | Получите экспертную защиту от дронов! | Обзор | Технические характеристики | Получите экспертную защиту от дронов!,.next-five-pages-v2/server/app/ru/accessories/fc-u9-ag.html
/ru/accessories/fc-w2u-propeller,ru,strong,85,Пропеллер БПЛА FC-W2U,4,true,false,true,true,true,866,5,0.577,1,5,description 未命中关键词,Пропеллер БПЛА FC-W2U | N-TET Drone Accessories,Диапазон размеров: 24~40 дюймов; максимальная тяга: 68.92kgf (5353RPM); пиковая эффективность винта: 7.11gf/W (2354RPM).,Пропеллер БПЛА FC-W2U | drone accessories | UAV components | industrial UAV parts,Пропеллер БПЛА FC-W2U,Пропеллер БПЛА FC-W2U Technical Specifications | Получите экспертную защиту от дронов! | Обзор | Технические характеристики | Получите экспертную защиту от дронов!,.next-five-pages-v2/server/app/ru/accessories/fc-w2u-propeller.html
/ru/accessories/fc-x8030,ru,strong,100,Двигатель БПЛА FC-X8030,4,true,true,true,true,true,3742,7,0.187,1,5,,Двигатель БПЛА FC-X8030 | N-TET Drone Accessories,Двигатель БПЛА FC-X8030 ключевые параметры: Макс. тяга: 22.7 kg / 21.5 kg; Номинальное рабочее напряжение: 12S; Значение KV: 160 KV / 190 KV.,Двигатель БПЛА FC-X8030 | drone accessories | UAV components | industrial UAV parts,Двигатель БПЛА FC-X8030,Двигатель БПЛА FC-X8030 Technical Specifications | Получите экспертную защиту от дронов! | Обзор | Технические характеристики | Получите экспертную защиту от дронов!,.next-five-pages-v2/server/app/ru/accessories/fc-x8030.html
/ru/accessories/fc-xh14,ru,strong,100,Двигатель БПЛА FC-XH14,4,true,true,true,true,true,1890,7,0.370,1,5,,Двигатель БПЛА FC-XH14 | N-TET Drone Accessories,Двигатель БПЛА FC-XH14 ключевые параметры: Макс. тяга: 110 kg/ось（92V/108，уровень моря）; Рекомендуемая батарея: 24-28S （Lipo）.,Двигатель БПЛА FC-XH14 | drone accessories | UAV components | industrial UAV parts,Двигатель БПЛА FC-XH14,Двигатель БПЛА FC-XH14 Technical Specifications | Получите экспертную защиту от дронов! | Обзор | Технические характеристики | Получите экспертную защиту от дронов!,.next-five-pages-v2/server/app/ru/accessories/fc-xh14.html
/ru/accessories/fc-yk15-remote-controller,ru,strong,85,Пульт управления БПЛА FC-YK15,4,true,false,true,true,true,1017,5,0.492,1,5,description 未命中关键词,Пульт управления БПЛА FC-YK15 | N-TET Drone Accessories,"FC-YK15 - компактная ручная наземная станция с малой задержкой, трехкомпонентной HD-видеопередачей, интеграцией Android и двумя каналами 1080P для БПЛА, беспилотных машин, безэкипажных катеров и робототехнических платформ.",Пульт управления БПЛА FC-YK15 | drone accessories | UAV components | industrial UAV parts,Пульт управления БПЛА FC-YK15,Пульт управления БПЛА FC-YK15 Technical Specifications | Получите экспертную защиту от дронов! | Обзор | Технические характеристики | Получите экспертную защиту от дронов!,.next-five-pages-v2/server/app/ru/accessories/fc-yk15-remote-controller.html
/ru/accessories/fc-yk24-remote-controller,ru,strong,85,Пульт управления БПЛА FC-YK24,4,true,false,true,true,true,1207,5,0.414,1,5,description 未命中关键词,Пульт управления БПЛА FC-YK24 | N-TET Drone Accessories,"FC-YK24 - 16-канальный пульт для авиационных моделей с устойчивым управлением на 15 km за пределами прямой видимости, беспроводным сопряжением, настройкой приемника, OTA-обновлением, управлением несколькими аппаратами, ретрансляцией и беспр",Пульт управления БПЛА FC-YK24 | drone accessories | UAV components | industrial UAV parts,Пульт управления БПЛА FC-YK24,Пульт управления БПЛА FC-YK24 Technical Specifications | Получите экспертную защиту от дронов! | Обзор | Технические характеристики | Получите экспертную защиту от дронов!,.next-five-pages-v2/server/app/ru/accessories/fc-yk24-remote-controller.html
/ru/accessories/fc-yk32-remote-controller,ru,strong,85,Пульт управления БПЛА FC-YK32,4,true,false,true,true,true,1017,5,0.492,1,5,description 未命中关键词,Пульт управления БПЛА FC-YK32 | N-TET Drone Accessories,"FC-YK32 - промышленная ручная наземная станция, объединяющая дистанционное управление, передачу данных и беспроводную HD-видеопередачу, с дальностью до 15KM, двойным управлением, ретрансляцией и отображением телеметрии OSD.",Пульт управления БПЛА FC-YK32 | drone accessories | UAV components | industrial UAV parts,Пульт управления БПЛА FC-YK32,Пульт управления БПЛА FC-YK32 Technical Specifications | Получите экспертную защиту от дронов! | Обзор | Технические характеристики | Получите экспертную защиту от дронов!,.next-five-pages-v2/server/app/ru/accessories/fc-yk32-remote-controller.html
/ru/accessories/fc-ykrc7-remote-controller,ru,strong,85,Пульт управления БПЛА FC-YKRC7,4,true,false,true,true,true,1443,5,0.347,1,5,description 未命中关键词,Пульт управления БПЛА FC-YKRC7 | N-TET Drone Accessories,"FC-YKRC7 - высокопроизводительная ручная наземная станция с видеопередачей до 40KM, интеллектуальной двухдиапазонной связью 2.4G/5G и 7-дюймовым HD-экраном высокой яркости для управления промышленными мобильными платформами.",Пульт управления БПЛА FC-YKRC7 | drone accessories | UAV components | industrial UAV parts,Пульт управления БПЛА FC-YKRC7,Пульт управления БПЛА FC-YKRC7 Technical Specifications | Получите экспертную защиту от дронов! | Обзор | Технические характеристики | Получите экспертную защиту от дронов!,.next-five-pages-v2/server/app/ru/accessories/fc-ykrc7-remote-controller.html
/ru/cases,ru,strong,85,кейсы внедрения БПЛА,7,true,false,true,true,true,672,4,0.595,1,3,description 未命中关键词,Кейсы внедрения БПЛА и мониторинг низкой высоты | N-TET,"Изучите полевые примеры N-TET для маршрутов инспекции БПЛА, аварийной поддержки, низковысотного мониторинга и безопасности инфраструктурных объектов.",кейсы внедрения БПЛА | кейсы инспекции БПЛА | патрулирование ЛЭП БПЛА | кейс мониторинга низкой высоты | кейс аварийной поддержки | защита критической инфраструктуры | безопасность ключевых зон,Кейсы внедрения БПЛА и примеры мониторинга низкой высоты,Кейсы внедрения БПЛА и мониторинга низкой высоты | Получите экспертную защиту от дронов! | Получите экспертную защиту от дронов!,.next-five-pages-v2/server/app/ru/cases.html
/ru/cases/airport-security-application,ru,strong,100,Airport C-UAS Application,2,true,true,true,true,true,654,7,1.070,1,7,,Airport C-UAS Application | N-TET,"Airport C-UAS Application This airport project used RF identification, low-altitude radar, EO tracking, alert review, positioning records, and event records to improve awareness around airport surroundings, approach routes, boundary zones,",Airport C-UAS Application | N-TET,Airport C-UAS Application,Airport C-UAS Application Project Overview | Связанное оборудование | Получите экспертную защиту от дронов! | Обзор | Связанное оборудование | Получите экспертную защиту от дронов! | Связанные страницы,.next-five-pages-v2/server/app/ru/cases/airport-security-application.html
/ru/cases/anhui-flood-season-uav-patrol,ru,strong,100,Аварийный паводковый патруль БПЛА в Аньхое,2,true,true,true,true,true,707,7,0.990,1,7,,Аварийный паводковый патруль БПЛА в Аньхое | N-TET,Аварийный паводковый патруль БПЛА в Аньхое Для обеспечения безопасности линий электропередачи в летний паводковый сезон State Grid применил наши VTOL БПЛА самолетного типа для специального аварийного патрулирования плотного энергетического,Аварийный паводковый патруль БПЛА в Аньхое | N-TET,Аварийный паводковый патруль БПЛА в Аньхое,Аварийный паводковый патруль БПЛА в Аньхое Project Overview | Связанное оборудование | Получите экспертную защиту от дронов! | Обзор | Связанное оборудование | Получите экспертную защиту от дронов! | Связанные страницы,.next-five-pages-v2/server/app/ru/cases/anhui-flood-season-uav-patrol.html
/ru/cases/asian-games-security,ru,strong,85,Обеспечение безопасности Азиатских игр,2,true,false,true,true,true,729,5,0.686,1,7,description 未命中关键词,Обеспечение безопасности Азиатских игр | N-TET,"Защита Азиатских игр от БПЛА Во время Азиатских игр 2023 года в Ханчжоу компания развернула интеллектуальную систему защиты в нескольких городах. Интеграция радиообнаружения, систем радиочастотный анализ и переносных щитов обеспечила точный",Обеспечение безопасности Азиатских игр | N-TET,Обеспечение безопасности Азиатских игр,Обеспечение безопасности Азиатских игр Project Overview | Связанное оборудование | Получите экспертную защиту от дронов! | Обзор | Связанное оборудование | Получите экспертную защиту от дронов! | Связанные страницы,.next-five-pages-v2/server/app/ru/cases/asian-games-security.html
/ru/cases/brazil-refinery-low-altitude-monitoring,ru,strong,100,C-UAS Case of a Refinery in Brazil,2,true,true,true,true,true,768,7,0.911,1,7,,C-UAS Case of a Refinery in Brazil | N-TET,"2025 C-UAS Case of a Refinery in Brazil Equipment Used: Stationary Spectrum Identification Equipment Airspace Awareness Platform Command and Control Platform Software Project Introduction: In 2025, this refinery project deployed a C-UAS ear",C-UAS Case of a Refinery in Brazil | N-TET,C-UAS Case of a Refinery in Brazil,C-UAS Case of a Refinery in Brazil Project Overview | Связанное оборудование | Получите экспертную защиту от дронов! | Обзор | Связанное оборудование | Получите экспертную защиту от дронов! | Связанные страницы,.next-five-pages-v2/server/app/ru/cases/brazil-refinery-low-altitude-monitoring.html
/ru/cases/ice-snow-emergency-uav-inspection,ru,strong,100,Аварийная инспекция БПЛА при снеголедовых бедствиях,2,true,true,true,true,true,813,7,0.861,1,7,,Аварийная инспекция БПЛА при снеголедовых бедствиях | N-TET,"Аварийная инспекция БПЛА при снеголедовых бедствиях В условиях сильного холода -15 C State Grid использовал наши VTOL БПЛА с LiDAR для инспекции 400 км коридоров ЛЭП 500 кВ, включая линию Яньпин и линии Пинцзи I и II. Работы велись с пяти п",Аварийная инспекция БПЛА при снеголедовых бедствиях | N-TET,Аварийная инспекция БПЛА при снеголедовых бедствиях,Аварийная инспекция БПЛА при снеголедовых бедствиях Project Overview | Связанное оборудование | Получите экспертную защиту от дронов! | Обзор | Связанное оборудование | Получите экспертную защиту от дронов! | Связанные страницы,.next-five-pages-v2/server/app/ru/cases/ice-snow-emergency-uav-inspection.html
/ru/cases/lidar-tree-obstruction-uav-inspection,ru,strong,100,Инспекция древесных помех с LiDAR-БПЛА,2,true,true,true,true,true,700,7,1.000,1,7,,Инспекция древесных помех с LiDAR-БПЛА | N-TET,Инспекция древесных помех с LiDAR-БПЛА Зимой 2024 года одна из компаний Southern Grid использовала VTOL БПЛА с интегрированной системой LiDAR для воздушного сканирования в рамках специальной проверки рисков древесных помех. Миссия получила,Инспекция древесных помех с LiDAR-БПЛА | N-TET,Инспекция древесных помех с LiDAR-БПЛА,Инспекция древесных помех с LiDAR-БПЛА Project Overview | Связанное оборудование | Получите экспертную защиту от дронов! | Обзор | Связанное оборудование | Получите экспертную защиту от дронов! | Связанные страницы,.next-five-pages-v2/server/app/ru/cases/lidar-tree-obstruction-uav-inspection.html
/ru/cases/nigeria-factory-low-altitude-monitoring,ru,strong,85,Защита промышленного комплекса в Нигерии от БПЛА,2,true,false,true,true,true,702,5,0.712,1,7,description 未命中关键词,Защита промышленного комплекса в Нигерии от БПЛА | N-TET,2025 Кейс защиты промышленной группы в Нигерии Используемое оборудование: Системы обнаружения спектра Модули проверки данных воздушной обстановки Командная платформа Описание проекта: В 2025 году была развернута индивидуальная система управ,Защита промышленного комплекса в Нигерии от БПЛА | N-TET,Защита промышленного комплекса в Нигерии от БПЛА,Защита промышленного комплекса в Нигерии от БПЛА Project Overview | Связанное оборудование | Получите экспертную защиту от дронов! | Обзор | Связанное оборудование | Получите экспертную защиту от дронов! | Связанные страницы,.next-five-pages-v2/server/app/ru/cases/nigeria-factory-low-altitude-monitoring.html
/ru/cases/pakistan-power-plant-low-altitude-monitoring,ru,strong,100,C-UAS Case of a Power Plant in Pakistan,2,true,true,true,true,true,761,7,0.920,1,7,,C-UAS Case of a Power Plant in Pakistan | N-TET,"2024 C-UAS Case of a Power Plant in Pakistan Equipment Used: Stationary Spectrum Identification Equipment Signal Verification Equipment Command and Control Platform Software Project Introduction: In 2024, this power-plant project delivered",C-UAS Case of a Power Plant in Pakistan | N-TET,C-UAS Case of a Power Plant in Pakistan,C-UAS Case of a Power Plant in Pakistan Project Overview | Связанное оборудование | Получите экспертную защиту от дронов! | Обзор | Связанное оборудование | Получите экспертную защиту от дронов! | Связанные страницы,.next-five-pages-v2/server/app/ru/cases/pakistan-power-plant-low-altitude-monitoring.html
/ru/cases/southern-grid-wildfire-uav-inspection,ru,strong,100,Пожарно-профилактическая инспекция Southern Grid с БПЛА,2,true,true,true,true,true,761,7,0.920,1,7,,Пожарно-профилактическая инспекция Southern Grid с БПЛА | N-TET,Пожарно-профилактическая инспекция Southern Grid с БПЛА В весенний период высокого риска лесных пожаров такие угрозы могут серьезно повлиять на устойчивую работу электросетей и нормальное электроснабжение. Для усиления безопасности коридоро,Пожарно-профилактическая инспекция Southern Grid с БПЛА | N-TET,Пожарно-профилактическая инспекция Southern Grid с БПЛА,Пожарно-профилактическая инспекция Southern Grid с БПЛА Project Overview | Связанное оборудование | Получите экспертную защиту от дронов! | Обзор | Связанное оборудование | Получите экспертную защиту от дронов! | Связанные страницы,.next-five-pages-v2/server/app/ru/cases/southern-grid-wildfire-uav-inspection.html
/ru/cases/water-conservancy-security,ru,strong,85,Защита объектов водного хозяйства от БПЛА,2,true,false,true,true,true,677,5,0.739,1,7,description 未命中关键词,Защита объектов водного хозяйства от БПЛА | N-TET,"Безопасность гидротехнических сооборудование Для защиты ГЭС, дамб и узлов электропередач была внедрена профессиональная система безопасность от БПЛА, использующая сочетание радиообнаружения и активного согласованного реагирования. Оборудова",Защита объектов водного хозяйства от БПЛА | N-TET,Защита объектов водного хозяйства от БПЛА,Защита объектов водного хозяйства от БПЛА Project Overview | Связанное оборудование | Получите экспертную защиту от дронов! | Обзор | Связанное оборудование | Получите экспертную защиту от дронов! | Связанные страницы,.next-five-pages-v2/server/app/ru/cases/water-conservancy-security.html
/ru/cases/wildfire-emergency-transmission-line-uav-patrol,ru,strong,100,Аварийный пожарный патруль ЛЭП с БПЛА,2,true,true,true,true,true,817,7,0.857,1,7,,Аварийный пожарный патруль ЛЭП с БПЛА | N-TET,"Аварийный пожарный патруль ЛЭП с БПЛА В 2025 году наша энергетическая команда VTOL БПЛА успешно выполнила инспекционную задачу State Grid по коридорам ЛЭП в 13 регионах, включая Хунань, Шаньдун, Шаньси, Хэбэй и Аньхой. Команда проводила еже",Аварийный пожарный патруль ЛЭП с БПЛА | N-TET,Аварийный пожарный патруль ЛЭП с БПЛА,Аварийный пожарный патруль ЛЭП с БПЛА Project Overview | Связанное оборудование | Получите экспертную защиту от дронов! | Обзор | Связанное оборудование | Получите экспертную защиту от дронов! | Связанные страницы,.next-five-pages-v2/server/app/ru/cases/wildfire-emergency-transmission-line-uav-patrol.html
/ru/cases/zhaoqing-long-distance-power-line-uav-inspection,ru,strong,100,Дальняя инспекция ЛЭП с БПЛА в Чжаоцине,2,true,true,true,true,true,802,7,0.873,1,7,,Дальняя инспекция ЛЭП с БПЛА в Чжаоцине | N-TET,"Дальняя инспекция ЛЭП с БПЛА в Чжаоцине Во время инспекции линии 110 кВ в Чжаоцине наше решение показало высокую эффективность и удобство применения. Линия имеет общую длину 37,9 км, среднюю высоту опор 35 м, 112 опор и максимальный перепад",Дальняя инспекция ЛЭП с БПЛА в Чжаоцине | N-TET,Дальняя инспекция ЛЭП с БПЛА в Чжаоцине,Дальняя инспекция ЛЭП с БПЛА в Чжаоцине Project Overview | Связанное оборудование | Получите экспертную защиту от дронов! | Обзор | Связанное оборудование | Получите экспертную защиту от дронов! | Связанные страницы,.next-five-pages-v2/server/app/ru/cases/zhaoqing-long-distance-power-line-uav-inspection.html
/ru/contact,ru,strong,100,запрос цены на промышленный БПЛА,4,true,true,true,true,true,574,4,0.697,1,3,,Запрос цены на промышленный БПЛА | N-TET,"Используйте эту страницу, чтобы запросить цену на промышленный БПЛА, обсудить поставщика БПЛА, решение для инспекции дронами или оборудование мониторинга низкой высоты.",запрос цены на промышленный БПЛА | поставщик БПЛА | решение для инспекции дронами | оборудование мониторинга низкой высоты,Запрос цены на промышленный БПЛА,Запрос цены на промышленный БПЛА и консультация | Получите экспертную защиту от дронов! | Получите экспертную защиту от дронов!,.next-five-pages-v2/server/app/ru/contact.html
/ru/media,ru,partial,70,инженерные материалы C-UAS,5,true,false,true,false,true,988,2,0.202,1,3,description 未命中关键词; H2 未命中关键词,Инженерные материалы C-UAS и руководства для заказчиков | N-TET,"Изучите документированные инженерные методы N-TET, заметки об оборудовании, руководства для заказчиков и отраслевые обзоры по планированию, интеграции и испытаниям C-UAS.",инженерные материалы C-UAS | руководство для заказчиков C-UAS | анализ отрасли C-UAS | обнаружение дронов | интеграция систем C-UAS,Внутри N-TET: инженерные материалы C-UAS и отраслевые обзоры,Последнее | Получите экспертную защиту от дронов! | Получите экспертную защиту от дронов!,.next-five-pages-v2/server/app/ru/media.html
/ru/media/border-surveillance-uav-network-2026,ru,partial,70,Сети БПЛА и EO/IR улучшают обзорность удаленного патрулирования,2,true,false,true,false,true,593,4,0.675,1,2,description 未命中关键词; H2 未命中关键词,Сети БПЛА и EO/IR улучшают обзорность удаленного патрулирования | N-TET,"UAV and EO/IR networks help remote patrol teams reduce visibility gaps with clearer imagery, better routing, and faster situational updates. Operational value Programs work suitable when sensor feeds, data retention rules, weather planning,",Сети БПЛА и EO/IR улучшают обзорность удаленного патрулирования | N-TET,Сети БПЛА и EO/IR улучшают обзорность удаленного патрулирования,Получите экспертную защиту от дронов! | Получите экспертную защиту от дронов!,.next-five-pages-v2/server/app/ru/media/border-surveillance-uav-network-2026.html
/ru/media/critical-infrastructure-monitoring-record-chain-2026,ru,partial,70,Мониторинг воздушного пространства критической инфраструктуры: записи обнаружения,3,true,false,true,false,true,1039,10,0.962,1,8,description 未命中关键词; H2 未命中关键词,"Мониторинг воздушного пространства критической инфраструктуры: записи обнаружения, подтверждения и реагирования | N-TET","Critical infrastructure airspace monitoring works best when the record chain is separated into three stages: detection, confirmation, and response. Confusing these stages can create noisy alerts, slow decisions, and reports that are hard to",Мониторинг воздушного пространства критической инфраструктуры: записи обнаружения | подтверждения и реагирования | N-TET,"Мониторинг воздушного пространства критической инфраструктуры: записи обнаружения, подтверждения и реагирования",Detection is not the final answer | Response needs approval and traceability | A stronger audit trail | Получите экспертную защиту от дронов! | Detection is not the final answer | Response needs approval and traceability | A stronger audit trail | Получите экспертную защиту от дронов!,.next-five-pages-v2/server/app/ru/media/critical-infrastructure-monitoring-record-chain-2026.html
/ru/media/cuas-alert-quality-operator-context-2024,ru,partial,70,Почему качество тревог C-UAS зависит от контекста оператора,2,true,false,true,false,true,1227,6,0.489,1,12,description 未命中关键词; H2 未命中关键词,Почему качество тревог C-UAS зависит от контекста оператора | N-TET,"A C-UAS alert is useful only when an operator can understand what triggered it, what evidence supports it, what remains unknown, and what review is expected. Sensor sensitivity alone does not create alert quality. A normal site may include",Почему качество тревог C-UAS зависит от контекста оператора | N-TET,Почему качество тревог C-UAS зависит от контекста оператора,What creates nuisance alerts? | Which context should the platform show? | How should event labels be designed? | How does workload affect quality? | What improves alert quality over time? | Получите экспертную защиту от дронов! | What creates nuisance alerts? | Which context should the platform show? | How should event labels be designed? | How does workload affect quality? | What improves alert quality over time? | Получите экспертную защиту от дронов!,.next-five-pages-v2/server/app/ru/media/cuas-alert-quality-operator-context-2024.html
/ru/media/cuas-concept-of-operations-before-procurement-2024,ru,partial,70,Что должна определять концепция эксплуатации C-UAS до закупки,2,true,false,true,false,true,1005,6,0.597,1,12,description 未命中关键词; H2 未命中关键词,Что должна определять концепция эксплуатации C-UAS до закупки | N-TET,"Концепция эксплуатации C-UAS объясняет, как персонал, датчики, программное обеспечение, существующие системы и утвержденные процедуры взаимодействуют при обычном мониторинге и проверке тревоги. Ее следует подготовить до того, как решения о",Что должна определять концепция эксплуатации C-UAS до закупки | N-TET,Что должна определять концепция эксплуатации C-UAS до закупки,Кто пользуется системой? | Что создает и подтверждает тревогу? | Как учитывается разрешенная активность? | Какие записи и проверки нужны? | Как проверять концепцию? | Получите экспертную защиту от дронов! | Кто пользуется системой? | Что создает и подтверждает тревогу? | Как учитывается разрешенная активность? | Какие записи и проверки нужны? | Как проверять концепцию? | Получите экспертную защиту от дронов!,.next-five-pages-v2/server/app/ru/media/cuas-concept-of-operations-before-procurement-2024.html
/ru/media/cuas-detection-technology-comparison-2024,ru,partial,70,Как сравнивать технологии обнаружения C-UAS без упрощения до одной дальности,2,true,false,true,false,true,1241,6,0.483,1,10,description 未命中关键词; H2 未命中关键词,Как сравнивать технологии обнаружения C-UAS без упрощения до одной дальности | N-TET,"Comparing C-UAS detection technologies by a single range figure hides the questions that determine whether a monitoring system will be useful. Remote ID, RF sensing, radar, and EO/IR do not observe the same thing. Each source depends on dif",Как сравнивать технологии обнаружения C-UAS без упрощения до одной дальности | N-TET,Как сравнивать технологии обнаружения C-UAS без упрощения до одной дальности,What evidence does each technology provide? | Which assumptions belong beside a range figure? | How should buyers compare proposals? | What should a useful comparison deliver? | Получите экспертную защиту от дронов! | What evidence does each technology provide? | Which assumptions belong beside a range figure? | How should buyers compare proposals? | What should a useful comparison deliver? | Получите экспертную защиту от дронов!,.next-five-pages-v2/server/app/ru/media/cuas-detection-technology-comparison-2024.html
/ru/media/cuas-event-logging-data-retention-2026,ru,partial,70,Регистрация событий и хранение данных C-UAS: что должен определить оператор,2,true,false,true,false,true,1595,6,0.376,1,14,description 未命中关键词; H2 未命中关键词,Регистрация событий и хранение данных C-UAS: что должен определить оператор | N-TET,"C-UAS event logging should preserve enough context for an operator, supervisor, engineer, or authorized reviewer to understand what happened after the live alert has disappeared. The record should connect time, sensor source, track or ident",Регистрация событий и хранение данных C-UAS: что должен определить оператор | N-TET,Регистрация событий и хранение данных C-UAS: что должен определить оператор,What belongs in an event record? | Why preserve the original evidence? | How long should records be kept? | Who should have access? | Use records to improve the system | Retention-policy checklist | Получите экспертную защиту от дронов! | What belongs in an event record? | Why preserve the original evidence? | How long should records be kept? | Who should have access? | Use records to improve the system | Retention-policy checklist | Получите экспертную защиту от дронов!,.next-five-pages-v2/server/app/ru/media/cuas-event-logging-data-retention-2026.html
/ru/media/cuas-site-survey-critical-infrastructure-2025,ru,partial,70,Контрольный список обследования объекта C-UAS для критической инфраструктуры,2,true,false,true,false,true,1557,6,0.385,1,12,description 未命中关键词; H2 未命中关键词,Контрольный список обследования объекта C-UAS для критической инфраструктуры | N-TET,"A C-UAS site survey converts a general request for drone awareness into a set of testable design assumptions. For critical infrastructure, the survey should identify the assets that matter, the airspace and ground areas that can be observed",Контрольный список обследования объекта C-UAS для критической инфраструктуры | N-TET,Контрольный список обследования объекта C-UAS для критической инфраструктуры,1. Define the protected problem | 2. Record sensor horizons and blind zones | 3. Check installation and integration conditions | 4. Document the operating workflow | What should the survey deliver? | Получите экспертную защиту от дронов! | 1. Define the protected problem | 2. Record sensor horizons and blind zones | 3. Check installation and integration conditions | 4. Document the operating workflow | What should the survey deliver? | Получите экспертную защиту от дронов!,.next-five-pages-v2/server/app/ru/media/cuas-site-survey-critical-infrastructure-2025.html
/ru/media/dock-based-substation-uav-trial-checks-2026,ru,partial,70,Dock-Based Substation Patrol: What to Confirm Before an Autonomous UAV Trial,2,true,false,true,false,true,893,6,0.672,1,6,description 未命中关键词; H2 未命中关键词,Dock-Based Substation Patrol: What to Confirm Before an Autonomous UAV Trial | N-TET,"A dock-based UAV can make substation patrol more repeatable, but the first trial should be treated as an operating test rather than a product show. The goal is to prove that the aircraft, dock, payload, route, data link, and review process",Dock-Based Substation Patrol: What to Confirm Before an Autonomous UAV Trial | N-TET,Dock-Based Substation Patrol: What to Confirm Before an Autonomous UAV Trial,Dock location comes first | Trial records should be measurable | Получите экспертную защиту от дронов! | Dock location comes first | Trial records should be measurable | Получите экспертную защиту от дронов!,.next-five-pages-v2/server/app/ru/media/dock-based-substation-uav-trial-checks-2026.html
/ru/media/drone-detection-range-site-coverage-2025,ru,partial,70,Дальность обнаружения дрона — не покрытие объекта: руководство покупателя,2,true,false,true,false,true,1539,6,0.390,1,12,description 未命中关键词; H2 未命中关键词,Дальность обнаружения дрона — не покрытие объекта: руководство покупателя | N-TET,Drone detection range and site coverage are different measurements. A range figure usually describes a product test against a stated or implied target under particular conditions. Site coverage asks whether the complete operating area can b,Дальность обнаружения дрона — не покрытие объекта: руководство покупателя | N-TET,Дальность обнаружения дрона — не покрытие объекта: руководство покупателя,What is behind a published range? | Why does a coverage circle mislead? | Use three coverage layers | What should a buyer request? | What is a responsible coverage statement? | Получите экспертную защиту от дронов! | What is behind a published range? | Why does a coverage circle mislead? | Use three coverage layers | What should a buyer request? | What is a responsible coverage statement? | Получите экспертную защиту от дронов!,.next-five-pages-v2/server/app/ru/media/drone-detection-range-site-coverage-2025.html
/ru/media/eo-ir-payload-selection-field-note-2026,ru,partial,70,Выбор полезной нагрузки EO/IR для визуального подтверждения C-UAS,2,true,false,true,false,true,1119,6,0.536,1,8,description 未命中关键词; H2 未命中关键词,Выбор полезной нагрузки EO/IR для визуального подтверждения C-UAS | N-TET,"EO/IR payload selection is often reduced to camera resolution or zoom multiple. For C-UAS projects, that is too narrow. The payload must support visual confirmation: helping an operator decide whether an alert is a drone, a permitted flight",Выбор полезной нагрузки EO/IR для визуального подтверждения C-UAS | N-TET,Выбор полезной нагрузки EO/IR для визуального подтверждения C-UAS,Visible-light and thermal roles are different | Field conditions shape the payload choice | Procurement questions to ask | Получите экспертную защиту от дронов! | Visible-light and thermal roles are different | Field conditions shape the payload choice | Procurement questions to ask | Получите экспертную защиту от дронов!,.next-five-pages-v2/server/app/ru/media/eo-ir-payload-selection-field-note-2026.html
/ru/media/industrial-uav-redundancy-2026,ru,partial,70,Двойное резервирование управления полетом: как промышленные БПЛА достигают надежности миссионного уровня,2,true,false,true,false,true,631,4,0.634,1,2,description 未命中关键词; H2 未命中关键词,Двойное резервирование управления полетом: как промышленные БПЛА достигают надежности миссионного уровня | N-TET,Промышленные беспилотники стали стандартом для инспекции электросетей и мониторинга трубопроводов. В таких задачах надежность становится критическим фактором. Архитектуры с двойным резервированием управления полетом теперь являются базовым,Двойное резервирование управления полетом: как промышленные БПЛА достигают надежности миссионного уровня | N-TET,Двойное резервирование управления полетом: как промышленные БПЛА достигают надежности миссионного уровня,Получите экспертную защиту от дронов! | Получите экспертную защиту от дронов!,.next-five-pages-v2/server/app/ru/media/industrial-uav-redundancy-2026.html
/ru/media/low-altitude-economy-2026-outlook,ru,partial,70,Мониторингу низковысотного пространства нужен замкнутый цикл безопасности,2,true,false,true,false,true,601,4,0.666,1,2,description 未命中关键词; H2 未命中关键词,Мониторингу низковысотного пространства нужен замкнутый цикл безопасности | N-TET,"Экономика малых высот охватывает логистику, аэрофотосъемку и экстренные службы на высотах до 1000 метров. В Китае этот сектор стал стратегическим направлением, с прогнозируемым объемом в 2 триллиона юаней к 2030 году. Факторы роста Развитие",Мониторингу низковысотного пространства нужен замкнутый цикл безопасности | N-TET,Мониторингу низковысотного пространства нужен замкнутый цикл безопасности,Получите экспертную защиту от дронов! | Получите экспертную защиту от дронов!,.next-five-pages-v2/server/app/ru/media/low-altitude-economy-2026-outlook.html
/ru/media/low-altitude-economy-operations-owner-2026,ru,partial,70,Планирование мониторинга воздушного пространства: ответственный за тревоги и записи,2,true,false,true,false,true,1097,6,0.547,1,8,description 未命中关键词; H2 未命中关键词,Планирование мониторинга воздушного пространства: ответственный за тревоги и записи | N-TET,"Low-altitude airspace projects are often described through sensors, platforms, maps, and policy language. For site operators, the decisive question is simpler: who owns the event after an alert is created? Without an operations owner, RF al",Планирование мониторинга воздушного пространства: ответственный за тревоги и записи | N-TET,Планирование мониторинга воздушного пространства: ответственный за тревоги и записи,Data needs a route to action | The owner does not need to be a single person | Planning questions | Получите экспертную защиту от дронов! | Data needs a route to action | The owner does not need to be a single person | Planning questions | Получите экспертную защиту от дронов!,.next-five-pages-v2/server/app/ru/media/low-altitude-economy-operations-owner-2026.html
/ru/media/ntet-cuas-assumptions-open-questions-2024,ru,strong,85,В N-TET: как сохранять видимыми допущения и открытые вопросы,2,true,true,true,false,true,1257,14,1.114,1,12,H2 未命中关键词,В N-TET: как сохранять видимыми допущения и открытые вопросы,"C-UAS reviews often begin before every site, interface, target, staffing, and data-policy question has an answer. N-TET keeps those gaps visible instead of turning them into implied facts. The review separates confirmed buyer requirements,",В N-TET: как сохранять видимыми допущения и открытые вопросы | N-TET,В N-TET: как сохранять видимыми допущения и открытые вопросы,Which information categories should stay separate? | What belongs in an open-question register? | How are revisions controlled? | Why does this help buyers? | What does this method not claim? | Получите экспертную защиту от дронов! | Which information categories should stay separate? | What belongs in an open-question register? | How are revisions controlled? | Why does this help buyers? | What does this method not claim? | Получите экспертную защиту от дронов!,.next-five-pages-v2/server/app/ru/media/ntet-cuas-assumptions-open-questions-2024.html
/ru/media/ntet-cuas-interface-review-2024,ru,strong,100,В N-TET: проверка питания,3,true,true,true,true,true,1221,20,1.638,1,12,,"В N-TET: проверка питания, сети и монтажных интерфейсов","Power, network, and mounting interfaces determine whether a C-UAS configuration can operate as described. N-TET reviews these interfaces alongside sensor roles because a technically suitable detector can still be difficult to install, maint",В N-TET: проверка питания | сети и монтажных интерфейсов | N-TET,"В N-TET: проверка питания, сети и монтажных интерфейсов",What should the power review cover? | Which network details matter? | Why is mounting more than height? | How does N-TET keep interfaces reviewable? | What remains site-specific? | Получите экспертную защиту от дронов! | What should the power review cover? | Which network details matter? | Why is mounting more than height? | How does N-TET keep interfaces reviewable? | What remains site-specific? | Получите экспертную защиту от дронов!,.next-five-pages-v2/server/app/ru/media/ntet-cuas-interface-review-2024.html
/ru/media/ntet-cuas-technical-documentation-2025,ru,strong,100,В N-TET: техническая документация,3,true,true,true,true,true,1473,20,1.358,1,14,,"В N-TET: техническая документация, которую покупатель может проверить","C-UAS technical documentation is useful when a buyer can trace each proposed item back to an operating requirement, an interface, and a stated assumption. A long brochure is not the same as a reviewable system document. N-TET organizes an e",В N-TET: техническая документация | которую покупатель может проверить | N-TET,"В N-TET: техническая документация, которую покупатель может проверить",What belongs in the scope summary? | Separate product specifications from site assumptions | Show what each sensor contributes | Make interfaces reviewable | Include an open-question register | N-TET's document hierarchy | Получите экспертную защиту от дронов! | What belongs in the scope summary? | Separate product specifications from site assumptions | Show what each sensor contributes | Make interfaces reviewable | Include an open-question register | N-TET's document hierarchy | Получите экспертную защиту от дронов!,.next-five-pages-v2/server/app/ru/media/ntet-cuas-technical-documentation-2025.html
/ru/media/ntet-equipment-bench-checks-2025,ru,strong,85,В N-TET: что должны подтверждать стендовые проверки оборудования,2,true,false,true,true,true,1491,14,0.939,1,12,description 未命中关键词,В N-TET: что должны подтверждать стендовые проверки оборудования,"An equipment bench check should confirm that the actual unit, accessories, interfaces, software state, and documentation agree with the configuration under review. It is not a substitute for field commissioning and it does not prove site co",В N-TET: что должны подтверждать стендовые проверки оборудования | N-TET,В N-TET: что должны подтверждать стендовые проверки оборудования,Start with equipment identity | What should be checked before startup? | What should be observed after startup? | Keep site-dependent items separate | N-TET's minimum check record | Получите экспертную защиту от дронов! | Start with equipment identity | What should be checked before startup? | What should be observed after startup? | Keep site-dependent items separate | N-TET's minimum check record | Получите экспертную защиту от дронов!,.next-five-pages-v2/server/app/ru/media/ntet-equipment-bench-checks-2025.html
/ru/media/ntet-multi-sensor-configuration-method-2025,ru,strong,100,Внутри N-TET: как мы распределяем роли в мультисенсорной конфигурации C-UAS,2,true,true,true,true,true,1521,16,1.052,1,14,,Внутри N-TET: как мы распределяем роли в мультисенсорной конфигурации C-UAS,"A multi-sensor C-UAS configuration works when each sensor has a defined evidence role. Adding RF sensing, radar, Remote ID, and EO/IR to the same diagram does not guarantee that the operator receives one understandable event. N-TET begins b",Внутри N-TET: как мы распределяем роли в мультисенсорной конфигурации C-UAS | N-TET,Внутри N-TET: как мы распределяем роли в мультисенсорной конфигурации C-UAS,"Assign the first-alert role | Assign enrichment and confirmation roles | Define correlation before integration | Design for the operator, not the diagram | Plan commissioning and tuning | N-TET's configuration output | Получите экспертную защиту от дронов! | Assign the first-alert role | Assign enrichment and confirmation roles | Define correlation before integration | Design for the operator, not the diagram | Plan commissioning and tuning | N-TET's configuration output | Получите экспертную защиту от дронов!",.next-five-pages-v2/server/app/ru/media/ntet-multi-sensor-configuration-method-2025.html
/ru/media/ntet-portable-fixed-vehicle-cuas-review-2025,ru,strong,100,В N-TET: сравнение переносных,3,true,true,true,true,true,1579,22,1.393,1,10,,"В N-TET: сравнение переносных, стационарных и автомобильных C-UAS","Portable, fixed-site, and vehicle-mounted C-UAS configurations solve different operating problems. N-TET does not treat them as three sizes of the same system. A portable configuration is useful when equipment must be moved, stored, or brou",В N-TET: сравнение переносных | стационарных и автомобильных C-UAS | N-TET,"В N-TET: сравнение переносных, стационарных и автомобильных C-UAS",When does a portable configuration make sense? | What changes in a fixed-site design? | What is different about a vehicle-mounted configuration? | N-TET's comparison checklist | Получите экспертную защиту от дронов! | When does a portable configuration make sense? | What changes in a fixed-site design? | What is different about a vehicle-mounted configuration? | N-TET's comparison checklist | Получите экспертную защиту от дронов!,.next-five-pages-v2/server/app/ru/media/ntet-portable-fixed-vehicle-cuas-review-2025.html
/ru/media/ntet-requirements-to-cuas-configuration-2024,ru,strong,100,В N-TET: как превратить требования C-UAS в проверяемую конфигурацию,2,true,true,true,true,true,1099,16,1.456,1,10,,В N-TET: как превратить требования C-UAS в проверяемую конфигурацию,"Проверяемая конфигурация C-UAS начинается с эксплуатационных требований, а не со списка устройств. N-TET сначала отделяет охраняемую территорию от зоны, которую реально можно наблюдать, затем уточняет, кто будет пользоваться системой, какие",В N-TET: как превратить требования C-UAS в проверяемую конфигурацию | N-TET,В N-TET: как превратить требования C-UAS в проверяемую конфигурацию,Что N-TET уточняет в первую очередь? | Как распределяются роли датчиков? | Почему опции отделяют от основного объема? | Что должно входить в результат? | Получите экспертную защиту от дронов! | Что N-TET уточняет в первую очередь? | Как распределяются роли датчиков? | Почему опции отделяют от основного объема? | Что должно входить в результат? | Получите экспертную защиту от дронов!,.next-five-pages-v2/server/app/ru/media/ntet-requirements-to-cuas-configuration-2024.html
/ru/media/ntet-uav-engineering-cuas-perspective-2026,ru,strong,85,Внутри N-TET: как инженерный опыт UAV помогает проверять системы C-UAS,2,true,false,true,true,true,1563,14,0.896,1,12,description 未命中关键词,Внутри N-TET: как инженерный опыт UAV помогает проверять системы C-UAS,"UAV engineering knowledge improves a C-UAS review because the monitored object is not an abstract dot. It is an aircraft with an airframe, propulsion system, power limit, payload, data link, navigation source, flight-control behavior, missi",Внутри N-TET: как инженерный опыт UAV помогает проверять системы C-UAS | N-TET,Внутри N-TET: как инженерный опыт UAV помогает проверять системы C-UAS,Airframes and mission profiles change the observation | Data links are not all the same | Navigation and identity need context | Payload and environment affect confirmation | What N-TET reviews | Получите экспертную защиту от дронов! | Airframes and mission profiles change the observation | Data links are not all the same | Navigation and identity need context | Payload and environment affect confirmation | What N-TET reviews | Получите экспертную защиту от дронов!,.next-five-pages-v2/server/app/ru/media/ntet-uav-engineering-cuas-perspective-2026.html
/ru/media/overseas-uav-project-handover-checklist-2026,ru,partial,70,Передача зарубежного проекта БПЛА: контрольный список покупателя по запасным частям,3,true,false,true,false,true,949,10,1.054,1,6,description 未命中关键词; H2 未命中关键词,"Передача зарубежного проекта БПЛА: контрольный список покупателя по запасным частям, полезным нагрузкам и обучению | N-TET","An overseas UAV handover should be planned before dispatch. The practical question is whether the operator will receive the aircraft, payloads, spares, records, and training documents needed to prepare an acceptance flight and maintain the",Передача зарубежного проекта БПЛА: контрольный список покупателя по запасным частям | полезным нагрузкам и обучению | N-TET,"Передача зарубежного проекта БПЛА: контрольный список покупателя по запасным частям, полезным нагрузкам и обучению",What should be checked before dispatch? | How buyers can reduce delays | Получите экспертную защиту от дронов! | What should be checked before dispatch? | How buyers can reduce delays | Получите экспертную защиту от дронов!,.next-five-pages-v2/server/app/ru/media/overseas-uav-project-handover-checklist-2026.html
/ru/media/power-line-inspection-drone-guide-2026,ru,strong,85,Power Line Inspection Drone: UAV Operations for Utility Corridors and Transmission Towers,2,true,false,true,true,true,3553,16,0.450,1,20,description 未命中关键词,Power Line Inspection Drone: UAV Operations for Utility Corridors and Transmission Towers | N-TET,"Power line inspection drones are becoming practical tools for utilities that need repeatable evidence from long transmission corridors, towers, conductors, insulators, fittings, and substation equipment. A drone does not replace engineering",Power Line Inspection Drone: UAV Operations for Utility Corridors and Transmission Towers | N-TET,Power Line Inspection Drone: UAV Operations for Utility Corridors and Transmission Towers,"What is a power line inspection drone? | Why utilities use drones for power line inspection | Power line drone inspection process | Which UAV platform fits each inspection task? | Payload selection: visible-light, thermal infrared, and LiDAR | What should a utility inspection report include? | N-TET system fit: corridor, tower, and substation inspection | Deployment checklist before procurement | FAQ | Получите экспертную защиту от дронов! | What is a power line inspection drone? | Why utilities use drones for power line inspection | Power line drone inspection process | Which UAV platform fits each inspection task? | Payload selection: visible-light, thermal infrared, and LiDAR | What should a utility inspection report include? | N-TET system fit: corridor, tower, and substation inspection | Deployment checklist before procurement | FAQ | Получите экспертную защиту от дронов!",.next-five-pages-v2/server/app/ru/media/power-line-inspection-drone-guide-2026.html
/ru/media/project-inquiry-review-low-altitude-monitoring-2026,ru,strong,85,Внутри N-TET: что мы проверяем перед предложением C-UAS для малых высот,2,true,false,true,true,true,1179,14,1.187,1,8,description 未命中关键词,Внутри N-TET: что мы проверяем перед предложением C-UAS для малых высот,"A low-altitude C-UAS proposal should not start with a product list. It should start with the operating problem: what the site cannot see, what the team cannot identify quickly, and which handling steps must be reviewed, approved, and record",Внутри N-TET: что мы проверяем перед предложением C-UAS для малых высот | N-TET,Внутри N-TET: что мы проверяем перед предложением C-UAS для малых высот,"Site context comes before equipment selection | We separate detection, confirmation, and response | What N-TET asks for during early review | Получите экспертную защиту от дронов! | Site context comes before equipment selection | We separate detection, confirmation, and response | What N-TET asks for during early review | Получите экспертную защиту от дронов!",.next-five-pages-v2/server/app/ru/media/project-inquiry-review-low-altitude-monitoring-2026.html
/ru/media/radar-rf-optical-nuisance-alert-reduction-2026,ru,partial,70,Радар,3,true,false,true,false,true,1185,12,1.013,1,8,description 未命中关键词; H2 未命中关键词,"Радар, RF и EO/IR: практические рекомендации по снижению ложных тревог | N-TET","False alerts are one of the fastest ways to weaken trust in a low-altitude monitoring system. Radar, RF sensing, EO/IR confirmation, and Remote ID review each add useful evidence, but none of them removes the need for site-specific tuning a",Радар | RF и EO/IR: практические рекомендации по снижению ложных тревог | N-TET,"Радар, RF и EO/IR: практические рекомендации по снижению ложных тревог",One sensor rarely tells the full story | False-alert reduction is an operating discipline | Questions to ask during tuning | Получите экспертную защиту от дронов! | One sensor rarely tells the full story | False-alert reduction is an operating discipline | Questions to ask during tuning | Получите экспертную защиту от дронов!,.next-five-pages-v2/server/app/ru/media/radar-rf-optical-nuisance-alert-reduction-2026.html
/ru/media/remote-id-rf-detection-complementary-2025,ru,partial,70,Remote ID и RF-обнаружение: почему для мониторинга нужны оба источника,2,true,false,true,false,true,1531,6,0.392,1,8,description 未命中关键词; H2 未命中关键词,Remote ID и RF-обнаружение: почему для мониторинга нужны оба источника | N-TET,"Remote ID and RF detection are complementary monitoring layers, not interchangeable product labels. Remote ID can provide identity and flight information when a compatible aircraft is broadcasting it and the receiver is within usable range.",Remote ID и RF-обнаружение: почему для мониторинга нужны оба источника | N-TET,Remote ID и RF-обнаружение: почему для мониторинга нужны оба источника,What can Remote ID contribute? | What can RF detection contribute? | How should the two data sources work together? | Получите экспертную защиту от дронов! | What can Remote ID contribute? | What can RF detection contribute? | How should the two data sources work together? | Получите экспертную защиту от дронов!,.next-five-pages-v2/server/app/ru/media/remote-id-rf-detection-complementary-2025.html
/ru/media/site-photo-review-before-system-layout-2026,ru,partial,70,Внутри N-TET: как мы анализируем фотографии объекта перед проектированием C-UAS,2,true,false,true,false,true,1171,12,1.025,1,8,description 未命中关键词; H2 未命中关键词,Внутри N-TET: как мы анализируем фотографии объекта перед проектированием C-UAS,"For infrastructure, airport, energy, port, and public-event projects, the first useful engineering material is often not a specification sheet. It is a set of ordinary site photos: rooflines, entrances, fence sections, open areas, control r",Внутри N-TET: как мы анализируем фотографии объекта перед проектированием C-UAS | N-TET,Внутри N-TET: как мы анализируем фотографии объекта перед проектированием C-UAS,Photos reveal what maps can miss | How photos support C-UAS layout decisions | Useful photos to prepare | Получите экспертную защиту от дронов! | Photos reveal what maps can miss | How photos support C-UAS layout decisions | Useful photos to prepare | Получите экспертную защиту от дронов!,.next-five-pages-v2/server/app/ru/media/site-photo-review-before-system-layout-2026.html
/ru/media/tethered-uav-persistent-surveillance-2026,ru,partial,70,Привязные БПЛА: непрерывное воздушное наблюдение для мероприятий и удаленных объектов,2,true,false,true,false,true,639,4,0.626,1,2,description 未命中关键词; H2 未命中关键词,Привязные БПЛА: непрерывное воздушное наблюдение для мероприятий и удаленных объектов | N-TET,"Tethered UAVs provide continuous aerial monitoring by receiving power and sending data through a ground cable. This makes them suitable for large events, utility work zones, and emergency command posts that need stable visibility for many h",Привязные БПЛА: непрерывное воздушное наблюдение для мероприятий и удаленных объектов | N-TET,Привязные БПЛА: непрерывное воздушное наблюдение для мероприятий и удаленных объектов,Получите экспертную защиту от дронов! | Получите экспертную защиту от дронов!,.next-five-pages-v2/server/app/ru/media/tethered-uav-persistent-surveillance-2026.html
/ru/media/weather-terrain-urban-clutter-drone-detection-2025,ru,partial,70,Как погода,3,true,false,true,false,true,1509,10,0.663,1,10,description 未命中关键词; H2 未命中关键词,"Как погода, рельеф и городские радиочастотный анализ влияют на обнаружение дронов | N-TET","Weather, terrain, and urban clutter affect drone detection because every sensor depends on energy reaching the target or receiver through a real environment. RF sensing depends on available radio activity and local signal conditions. Radar",Как погода | рельеф и городские радиочастотный анализ влияют на обнаружение дронов | N-TET,"Как погода, рельеф и городские радиочастотный анализ влияют на обнаружение дронов",How does weather change the picture? | What does terrain hide? | Why is an urban or industrial site difficult? | What should buyers ask for? | Получите экспертную защиту от дронов! | How does weather change the picture? | What does terrain hide? | Why is an urban or industrial site difficult? | What should buyers ask for? | Получите экспертную защиту от дронов!,.next-five-pages-v2/server/app/ru/media/weather-terrain-urban-clutter-drone-detection-2025.html
/ru/privacy-policy,ru,partial,65,Политика конфиденциальности | N-TET,2,true,true,false,false,true,1369,10,0.730,2,20,H1 未命中关键词; H2 未命中关键词,Политика конфиденциальности | N-TET,"В этой политике описано, как N-TET собирает, использует, хранит и передает персональные данные при посещении n-tet.com или обращении к нашей команде.",Политика конфиденциальности | N-TET | N-TET,Политика конфиденциальности | Политика конфиденциальности,"1. Область действия и сведения о компании | 2. Какие данные мы собираем | 3. Как мы используем данные | 4. Файлы cookie, аналитика и сторонние сервисы | 5. Передача данных и международная обработка | 6. Срок хранения и безопасность | 7. Ваш выбор и запросы | 8. Дети | 9. Изменения политики | 10. Связь с нами | 1. Область действия и сведения о компании | 2. Какие данные мы собираем | 3. Как мы используем данные | 4. Файлы cookie, аналитика и сторонние сервисы | 5. Передача данных и международная обработка | 6. Срок хранения и безопасность | 7. Ваш выбор и запросы | 8. Дети | 9. Изменения политики | 10. Связь с нами",.next-five-pages-v2/server/app/ru/privacy-policy.html
/ru/products,ru,weak,45,промышленные БПЛА,9,true,true,false,false,false,671,0,0.000,1,6,H1 未命中关键词; H2 未命中关键词; 正文未命中精确关键词短语,Промышленные БПЛА и полевое оборудование | Продукты N-TET,"Изучите платформы БПЛА, сенсорные полезные нагрузки, системы мониторинга низкой высоты, досмотровое оборудование и компоненты БПЛА по задачам.",промышленные БПЛА | инспекционный БПЛА | аварийный БПЛА | оборудование мониторинга низкой высоты | системы досмотра | инженерные материалы | полевое медицинское оборудование | аксессуары для БПЛА | компоненты БПЛА,Профессиональное оборудование C-UAS,Портативные устройства C-UAS | Стационарные системы C-UAS | Устанавливаемый на автомобиле C-UAS | Платформа управления C-UAS | Отслеживание и проверка EO/IR | Получите экспертную защиту от дронов!,.next-five-pages-v2/server/app/ru/products.html
/ru/products/composite-electro-optical-tracking-system,ru,strong,100,Оптико-электронная система обнаружения и слежения ОЭС,5,true,true,true,true,true,1055,3,0.284,1,5,,Оптико-электронная система обнаружения и слежения (ОЭС) | N-TET,"N-TET Оптико-электронная система обнаружения и слежения (ОЭС): промышленное решение для инспекции, мониторинга и полевых операций с технической поддержкой проекта.",Оптико-электронная система обнаружения и слежения ОЭС | C-UAS equipment | early warning equipment | target identification and tracking system | N-TET,Оптико-электронная система обнаружения и слежения ОЭС,Оптико-электронная система обнаружения и слежения ОЭС Technical Specifications | Получите экспертную защиту от дронов! | Обзор | Технические характеристики | Получите экспертную защиту от дронов!,.next-five-pages-v2/server/app/ru/products/composite-electro-optical-tracking-system.html
/ru/products/directional-rf-event-logging,ru,strong,100,Направленная система радиочастотного согласованного реагирования БПЛА,5,true,true,true,true,true,983,5,0.509,1,5,,Направленная система радиочастотного согласованного реагирования БПЛА | N-TET,"N-TET Направленная система радиочастотного согласованного реагирования БПЛА: промышленное решение для инспекции, мониторинга и полевых операций с технической поддержкой проекта.",Направленная система радиочастотного согласованного реагирования БПЛА | C-UAS equipment | early warning equipment | target identification and tracking system | N-TET,Направленная система радиочастотного согласованного реагирования БПЛА,Направленная система радиочастотного согласованного реагирования БПЛА Technical Specifications | Получите экспертную защиту от дронов! | Обзор | Технические характеристики | Получите экспертную защиту от дронов!,.next-five-pages-v2/server/app/ru/products/directional-rf-event-logging.html
/ru/products/directional-rf-interference-device,ru,strong,100,Стационарная система направленного радиочастотного подавления БПЛА,5,true,true,true,true,true,989,5,0.506,1,5,,Стационарная система направленного радиочастотного подавления БПЛА | N-TET,"N-TET Стационарная система направленного радиочастотного подавления БПЛА: промышленное решение для инспекции, мониторинга и полевых операций с технической поддержкой проекта.",Стационарная система направленного радиочастотного подавления БПЛА | C-UAS equipment | early warning equipment | target identification and tracking system | N-TET,Стационарная система направленного радиочастотного подавления БПЛА,Стационарная система направленного радиочастотного подавления БПЛА Technical Specifications | Получите экспертную защиту от дронов! | Обзор | Технические характеристики | Получите экспертную защиту от дронов!,.next-five-pages-v2/server/app/ru/products/directional-rf-interference-device.html
/ru/products/emergency-search-rescue-drone,ru,strong,100,thermal drones for search and rescue,8,true,true,true,true,true,1225,13,1.061,1,5,,БПЛА для аварийного поиска и спасения | N-TET,"N-TET БПЛА для аварийного поиска и спасения: промышленное решение для инспекции, мониторинга и полевых операций с технической поддержкой проекта.",thermal drones for search and rescue | search and rescue drone | search and rescue UAV | drone rescue | БПЛА для аварийного поиска и спасения | industrial UAV systems | UAV inspection drone | emergency response UAV,БПЛА для аварийного поиска и спасения,БПЛА для аварийного поиска и спасения Technical Specifications | Получите экспертную защиту от дронов! | Обзор | Технические характеристики | Получите экспертную защиту от дронов!,.next-five-pages-v2/server/app/ru/products/emergency-search-rescue-drone.html
/ru/products/fbg-g15-fc06-explosion-containment-vessel,ru,strong,100,Взрывозащитный контейнер FBG-G1.5-FC06,5,true,true,true,true,true,985,5,0.508,1,5,,Взрывозащитный контейнер FBG-G1.5-FC06 | N-TET,"N-TET Взрывозащитный контейнер FBG-G1.5-FC06: промышленное решение для инспекции, мониторинга и полевых операций с технической поддержкой проекта.",Взрывозащитный контейнер FBG-G1.5-FC06 | security screening equipment | X-ray baggage scanner | walk-through metal detector | N-TET,Взрывозащитный контейнер FBG-G1.5-FC06,Взрывозащитный контейнер FBG-G1.5-FC06 Technical Specifications | Получите экспертную защиту от дронов! | Обзор | Технические характеристики | Получите экспертную защиту от дронов!,.next-five-pages-v2/server/app/ru/products/fbg-g15-fc06-explosion-containment-vessel.html
/ru/products/fbt-fc09-explosion-protection-blanket,ru,strong,100,Взрывозащитное одеяло FBT-FC09,5,true,true,true,true,true,936,5,0.534,1,5,,Взрывозащитное одеяло FBT-FC09 | N-TET,"N-TET Взрывозащитное одеяло FBT-FC09: промышленное решение для инспекции, мониторинга и полевых операций с технической поддержкой проекта.",Взрывозащитное одеяло FBT-FC09 | security screening equipment | X-ray baggage scanner | walk-through metal detector | N-TET,Взрывозащитное одеяло FBT-FC09,Взрывозащитное одеяло FBT-FC09 Technical Specifications | Получите экспертную защиту от дронов! | Обзор | Технические характеристики | Получите экспертную защиту от дронов!,.next-five-pages-v2/server/app/ru/products/fbt-fc09-explosion-protection-blanket.html
/ru/products/fc-3000-ferromagnetic-detection-column,ru,strong,100,Интеллектуальная система ферромагнитного детектирования FC-3000,5,true,true,true,true,true,952,5,0.525,1,5,,Интеллектуальная система ферромагнитного детектирования FC-3000 | N-TET,"N-TET Интеллектуальная система ферромагнитного детектирования FC-3000: промышленное решение для инспекции, мониторинга и полевых операций с технической поддержкой проекта.",Интеллектуальная система ферромагнитного детектирования FC-3000 | security screening equipment | X-ray baggage scanner | walk-through metal detector | N-TET,Интеллектуальная система ферромагнитного детектирования FC-3000,Интеллектуальная система ферромагнитного детектирования FC-3000 Technical Specifications | Получите экспертную защиту от дронов! | Обзор | Технические характеристики | Получите экспертную защиту от дронов!,.next-five-pages-v2/server/app/ru/products/fc-3000-ferromagnetic-detection-column.html
/ru/products/fc-c-deluxe-walk-through-metal-detector,ru,strong,100,Арочный металлодетектор FC-C Делюкс,5,true,true,true,true,true,1009,3,0.297,1,5,,Арочный металлодетектор FC-C (Делюкс) | N-TET,"N-TET Арочный металлодетектор FC-C (Делюкс): промышленное решение для инспекции, мониторинга и полевых операций с технической поддержкой проекта.",Арочный металлодетектор FC-C Делюкс | security screening equipment | X-ray baggage scanner | walk-through metal detector | N-TET,Арочный металлодетектор FC-C Делюкс,Арочный металлодетектор FC-C Делюкс Technical Specifications | Получите экспертную защиту от дронов! | Обзор | Технические характеристики | Получите экспертную защиту от дронов!,.next-five-pages-v2/server/app/ru/products/fc-c-deluxe-walk-through-metal-detector.html
/ru/products/fc-c-lcd-walk-through-metal-detector,ru,strong,100,Арочный металлодетектор FC-C ЖК-экран,6,true,true,true,true,true,1013,8,0.790,1,5,,"Арочный металлодетектор FC-C (ЖК-экран, 12 зон) | N-TET","N-TET Арочный металлодетектор FC-C (ЖК-экран, 12 зон): промышленное решение для инспекции, мониторинга и полевых операций с технической поддержкой проекта.",Арочный металлодетектор FC-C ЖК-экран | 12 зон | security screening equipment | X-ray baggage scanner | walk-through metal detector | N-TET,"Арочный металлодетектор FC-C ЖК-экран, 12 зон","Арочный металлодетектор FC-C ЖК-экран, 12 зон Technical Specifications | Получите экспертную защиту от дронов! | Обзор | Технические характеристики | Получите экспертную защиту от дронов!",.next-five-pages-v2/server/app/ru/products/fc-c-lcd-walk-through-metal-detector.html
/ru/products/fc-dlxj-01-power-grid-inspection-drone,ru,partial,70,drone power line inspection,8,false,false,true,true,true,899,3,0.334,1,5,title 未命中关键词; description 未命中关键词,БПЛА для инспекции электросетей FC-DLXJ-01 (VTOL) | N-TET,"N-TET БПЛА для инспекции электросетей FC-DLXJ-01 (VTOL): промышленное решение для инспекции, мониторинга и полевых операций с технической поддержкой проекта.",drone power line inspection | power line inspection drone | UAV power line inspection | utility inspection drone | БПЛА для инспекции электросетей FC-DLXJ-01 VTOL | industrial UAV systems | UAV inspection drone | emergency response UAV,БПЛА для инспекции электросетей FC-DLXJ-01 VTOL,БПЛА для инспекции электросетей FC-DLXJ-01 VTOL Technical Specifications | Получите экспертную защиту от дронов! | Обзор | Технические характеристики | Получите экспертную защиту от дронов!,.next-five-pages-v2/server/app/ru/products/fc-dlxj-01-power-grid-inspection-drone.html
/ru/products/fc-dma-long-range-optical-turntable,ru,strong,100,Мультиспектральная оптико-электронная поворотная платформа FC-DMA,5,true,true,true,true,true,1680,5,0.298,1,5,,Мультиспектральная оптико-электронная поворотная платформа FC-DMA | N-TET,"N-TET Мультиспектральная оптико-электронная поворотная платформа FC-DMA: промышленное решение для инспекции, мониторинга и полевых операций с технической поддержкой проекта.",Мультиспектральная оптико-электронная поворотная платформа FC-DMA | perimeter intelligence | electro optical surveillance | radar vision fusion system | N-TET,Мультиспектральная оптико-электронная поворотная платформа FC-DMA,Мультиспектральная оптико-электронная поворотная платформа FC-DMA Technical Specifications | Получите экспертную защиту от дронов! | Обзор | Технические характеристики | Получите экспертную защиту от дронов!,.next-five-pages-v2/server/app/ru/products/fc-dma-long-range-optical-turntable.html
/ru/products/fc-dms10-smart-electronic-sentinel,ru,strong,100,Интеллектуальный электронный часовой серии FC-DMS10,5,true,true,true,true,true,1236,7,0.566,1,5,,Интеллектуальный электронный часовой серии FC-DMS10 | N-TET,"N-TET Интеллектуальный электронный часовой серии FC-DMS10: промышленное решение для инспекции, мониторинга и полевых операций с технической поддержкой проекта.",Интеллектуальный электронный часовой серии FC-DMS10 | perimeter intelligence | electro optical surveillance | radar vision fusion system | N-TET,Интеллектуальный электронный часовой серии FC-DMS10,Интеллектуальный электронный часовой серии FC-DMS10 Technical Specifications | Получите экспертную защиту от дронов! | Обзор | Технические характеристики | Получите экспертную защиту от дронов!,.next-five-pages-v2/server/app/ru/products/fc-dms10-smart-electronic-sentinel.html
/ru/products/fc-dtvc-dual-band-thermal-ptz,ru,strong,100,Двухспектральная тепловизионная скоростная купольная камера FC-DTVC,5,true,true,true,true,true,1419,5,0.352,1,5,,Двухспектральная тепловизионная скоростная купольная камера FC-DTVC | N-TET,"N-TET Двухспектральная тепловизионная скоростная купольная камера FC-DTVC: промышленное решение для инспекции, мониторинга и полевых операций с технической поддержкой проекта.",Двухспектральная тепловизионная скоростная купольная камера FC-DTVC | perimeter intelligence | electro optical surveillance | radar vision fusion system | N-TET,Двухспектральная тепловизионная скоростная купольная камера FC-DTVC,Двухспектральная тепловизионная скоростная купольная камера FC-DTVC Technical Specifications | Получите экспертную защиту от дронов! | Обзор | Технические характеристики | Получите экспертную защиту от дронов!,.next-five-pages-v2/server/app/ru/products/fc-dtvc-dual-band-thermal-ptz.html
/ru/products/fc-h-smart-phone-detection-gate,ru,strong,100,Интеллектуальная рамка обнаружения смартфонов FC-H,5,true,true,true,true,true,1528,7,0.458,1,5,,Интеллектуальная рамка обнаружения смартфонов FC-H | N-TET,"N-TET Интеллектуальная рамка обнаружения смартфонов FC-H: промышленное решение для инспекции, мониторинга и полевых операций с технической поддержкой проекта.",Интеллектуальная рамка обнаружения смартфонов FC-H | security screening equipment | X-ray baggage scanner | walk-through metal detector | N-TET,Интеллектуальная рамка обнаружения смартфонов FC-H,Интеллектуальная рамка обнаружения смартфонов FC-H Technical Specifications | Получите экспертную защиту от дронов! | Обзор | Технические характеристики | Получите экспертную защиту от дронов!,.next-five-pages-v2/server/app/ru/products/fc-h-smart-phone-detection-gate.html
/ru/products/fc-h-smart-phone-detection-gate-29in,ru,strong,100,Интеллектуальная рамка для обнаружения мобильных телефонов FC-H 29 дюймов,5,true,true,true,true,true,1044,3,0.287,1,5,,Интеллектуальная рамка для обнаружения мобильных телефонов FC-H (29 дюймов) | N-TET,"N-TET Интеллектуальная рамка для обнаружения мобильных телефонов FC-H (29 дюймов): промышленное решение для инспекции, мониторинга и полевых операций с технической поддержкой проекта.",Интеллектуальная рамка для обнаружения мобильных телефонов FC-H 29 дюймов | security screening equipment | X-ray baggage scanner | walk-through metal detector | N-TET,Интеллектуальная рамка для обнаружения мобильных телефонов FC-H 29 дюймов,Интеллектуальная рамка для обнаружения мобильных телефонов FC-H 29 дюймов Technical Specifications | Получите экспертную защиту от дронов! | Обзор | Технические характеристики | Получите экспертную защиту от дронов!,.next-five-pages-v2/server/app/ru/products/fc-h-smart-phone-detection-gate-29in.html
/ru/products/fc-pd500-personal-radiation-dose-alarm,ru,strong,100,Индивидуальный сигнализатор дозы X-γ излучения FC-PD500,5,true,true,true,true,true,1105,5,0.452,1,5,,Индивидуальный сигнализатор дозы X-γ излучения FC-PD500 | N-TET,"N-TET Индивидуальный сигнализатор дозы X-γ излучения FC-PD500: промышленное решение для инспекции, мониторинга и полевых операций с технической поддержкой проекта.",Индивидуальный сигнализатор дозы X-γ излучения FC-PD500 | security screening equipment | X-ray baggage scanner | walk-through metal detector | N-TET,Индивидуальный сигнализатор дозы X-γ излучения FC-PD500,Индивидуальный сигнализатор дозы X-γ излучения FC-PD500 Technical Specifications | Получите экспертную защиту от дронов! | Обзор | Технические характеристики | Получите экспертную защиту от дронов!,.next-five-pages-v2/server/app/ru/products/fc-pd500-personal-radiation-dose-alarm.html
/ru/products/fc-rc-series-hd-laser-camera,ru,strong,100,Лазерная HD-камера дальнего действия серии FC-RC,5,true,true,true,true,true,1425,5,0.351,1,5,,Лазерная HD-камера дальнего действия серии FC-RC | N-TET,"N-TET Лазерная HD-камера дальнего действия серии FC-RC: промышленное решение для инспекции, мониторинга и полевых операций с технической поддержкой проекта.",Лазерная HD-камера дальнего действия серии FC-RC | perimeter intelligence | electro optical surveillance | radar vision fusion system | N-TET,Лазерная HD-камера дальнего действия серии FC-RC,Лазерная HD-камера дальнего действия серии FC-RC Technical Specifications | Получите экспертную защиту от дронов! | Обзор | Технические характеристики | Получите экспертную защиту от дронов!,.next-five-pages-v2/server/app/ru/products/fc-rc-series-hd-laser-camera.html
/ru/products/fc-rds500-4r-radar-vision-sentinel,ru,strong,100,Интеллектуальная система Radar-Vision Fusion FC-RDS500-4R,5,true,true,true,true,true,1488,5,0.336,1,5,,Интеллектуальная система Radar-Vision Fusion FC-RDS500-4R | N-TET,"N-TET Интеллектуальная система Radar-Vision Fusion FC-RDS500-4R: промышленное решение для инспекции, мониторинга и полевых операций с технической поддержкой проекта.",Интеллектуальная система Radar-Vision Fusion FC-RDS500-4R | perimeter intelligence | electro optical surveillance | radar vision fusion system | N-TET,Интеллектуальная система Radar-Vision Fusion FC-RDS500-4R,Интеллектуальная система Radar-Vision Fusion FC-RDS500-4R Technical Specifications | Получите экспертную защиту от дронов! | Обзор | Технические характеристики | Получите экспертную защиту от дронов!,.next-five-pages-v2/server/app/ru/products/fc-rds500-4r-radar-vision-sentinel.html
/ru/products/fc-sljc-01-water-conservancy-monitoring-drone,ru,strong,100,water conservancy monitoring UAV,8,true,true,true,true,true,1272,11,0.865,1,5,,БПЛА для мониторинга водного хозяйства | N-TET,"N-TET БПЛА для мониторинга водного хозяйства: промышленное решение для инспекции, мониторинга и полевых операций с технической поддержкой проекта.",water conservancy monitoring UAV | dam inspection UAV | river lake UAV monitoring | flood monitoring drone | БПЛА для мониторинга водного хозяйства | industrial UAV systems | UAV inspection drone | emergency response UAV,БПЛА для мониторинга водного хозяйства,БПЛА для мониторинга водного хозяйства Technical Specifications | Получите экспертную защиту от дронов! | Обзор | Технические характеристики | Получите экспертную защиту от дронов!,.next-five-pages-v2/server/app/ru/products/fc-sljc-01-water-conservancy-monitoring-drone.html
/ru/products/fc-smart-swing-turnstile,ru,strong,100,Интеллектуальный турникет-калитку класса люкс,5,true,true,true,true,true,1059,5,0.472,1,5,,Интеллектуальный турникет-калитку класса люкс | N-TET,"N-TET Интеллектуальный турникет-калитку класса люкс: промышленное решение для инспекции, мониторинга и полевых операций с технической поддержкой проекта.",Интеллектуальный турникет-калитку класса люкс | security screening equipment | X-ray baggage scanner | walk-through metal detector | N-TET,Интеллектуальный турникет-калитку класса люкс,Интеллектуальный турникет-калитку класса люкс Technical Specifications | Получите экспертную защиту от дронов! | Обзор | Технические характеристики | Получите экспертную защиту от дронов!,.next-five-pages-v2/server/app/ru/products/fc-smart-swing-turnstile.html
/ru/products/fc-ttvc-intelligent-multi-band-camera,ru,strong,100,Интеллектуальная мультиспектральная камера серии FC-TTVC,5,true,true,true,true,true,1346,5,0.371,1,5,,Интеллектуальная мультиспектральная камера серии FC-TTVC | N-TET,"N-TET Интеллектуальная мультиспектральная камера серии FC-TTVC: промышленное решение для инспекции, мониторинга и полевых операций с технической поддержкой проекта.",Интеллектуальная мультиспектральная камера серии FC-TTVC | perimeter intelligence | electro optical surveillance | radar vision fusion system | N-TET,Интеллектуальная мультиспектральная камера серии FC-TTVC,Интеллектуальная мультиспектральная камера серии FC-TTVC Technical Specifications | Получите экспертную защиту от дронов! | Обзор | Технические характеристики | Получите экспертную защиту от дронов!,.next-five-pages-v2/server/app/ru/products/fc-ttvc-intelligent-multi-band-camera.html
/ru/products/fc-yjtx-01-emergency-communication-drone,ru,strong,100,emergency communication UAV,8,true,true,true,true,true,2318,5,0.216,1,5,,Привязной БПЛА для аварийной связи | N-TET,"N-TET Привязной БПЛА для аварийной связи: промышленное решение для инспекции, мониторинга и полевых операций с технической поддержкой проекта.",emergency communication UAV | disaster response communication drone | tethered communication UAV | public safety UAV communications | Привязной БПЛА для аварийной связи | industrial UAV systems | UAV inspection drone | emergency response UAV,Привязной БПЛА для аварийной связи,Привязной БПЛА для аварийной связи Technical Specifications | Получите экспертную защиту от дронов! | Обзор | Технические характеристики | Получите экспертную защиту от дронов!,.next-five-pages-v2/server/app/ru/products/fc-yjtx-01-emergency-communication-drone.html
/ru/products/fc-yjxf-01-aerial-firefighting-drone,ru,strong,100,firefighting drone,8,true,true,true,true,true,2379,5,0.210,1,5,,Привязной БПЛА для тушения высотных пожаров | N-TET,"N-TET Привязной БПЛА для тушения высотных пожаров: промышленное решение для инспекции, мониторинга и полевых операций с технической поддержкой проекта.",firefighting drone | drone fire fighting | drone for fire fighting | high-rise firefighting UAV | Привязной БПЛА для тушения высотных пожаров | industrial UAV systems | UAV inspection drone | emergency response UAV,Привязной БПЛА для тушения высотных пожаров,Привязной БПЛА для тушения высотных пожаров Technical Specifications | Получите экспертную защиту от дронов! | Обзор | Технические характеристики | Получите экспертную защиту от дронов!,.next-five-pages-v2/server/app/ru/products/fc-yjxf-01-aerial-firefighting-drone.html
/ru/products/fc-yjzc-01-emergency-reconnaissance-drone,ru,strong,100,search and rescue drone,8,true,true,true,true,true,910,5,0.549,1,5,,БПЛА для экстренного реагирования и разведки FC-YJZC-01 | N-TET,"N-TET БПЛА для экстренного реагирования и разведки FC-YJZC-01: промышленное решение для инспекции, мониторинга и полевых операций с технической поддержкой проекта.",search and rescue drone | drone rescue | emergency reconnaissance drone | disaster response UAV | БПЛА для экстренного реагирования и разведки FC-YJZC-01 | industrial UAV systems | UAV inspection drone | emergency response UAV,БПЛА для экстренного реагирования и разведки FC-YJZC-01,БПЛА для экстренного реагирования и разведки FC-YJZC-01 Technical Specifications | Получите экспертную защиту от дронов! | Обзор | Технические характеристики | Получите экспертную защиту от дронов!,.next-five-pages-v2/server/app/ru/products/fc-yjzc-01-emergency-reconnaissance-drone.html
/ru/products/fc-yjzm-01-emergency-lighting-drone,ru,strong,100,drone lighting,8,true,true,true,true,true,1951,5,0.256,1,5,,Привязной БПЛА для освещения | N-TET,"N-TET Привязной БПЛА для освещения: промышленное решение для инспекции, мониторинга и полевых операций с технической поддержкой проекта.",drone lighting | UAV lighting | tethered lighting UAV | emergency lighting drone | Привязной БПЛА для освещения | industrial UAV systems | UAV inspection drone | emergency response UAV,Привязной БПЛА для освещения,Привязной БПЛА для освещения Technical Specifications | Получите экспертную защиту от дронов! | Обзор | Технические характеристики | Получите экспертную защиту от дронов!,.next-five-pages-v2/server/app/ru/products/fc-yjzm-01-emergency-lighting-drone.html
/ru/products/fc-yqxj-01-utility-inspection-drone,ru,partial,70,pipeline inspection drones,8,false,false,true,true,true,911,3,0.329,1,5,title 未命中关键词; description 未命中关键词,БПЛА для инспекции нефтегазопроводов FC-YQXJ-01 (VTOL) | N-TET,"N-TET БПЛА для инспекции нефтегазопроводов FC-YQXJ-01 (VTOL): промышленное решение для инспекции, мониторинга и полевых операций с технической поддержкой проекта.",pipeline inspection drones | UAV pipeline inspection | oil and gas drone inspection | drone pipeline inspection | БПЛА для инспекции нефтегазопроводов FC-YQXJ-01 VTOL | industrial UAV systems | UAV inspection drone | emergency response UAV,БПЛА для инспекции нефтегазопроводов FC-YQXJ-01 VTOL,БПЛА для инспекции нефтегазопроводов FC-YQXJ-01 VTOL Technical Specifications | Получите экспертную защиту от дронов! | Обзор | Технические характеристики | Получите экспертную защиту от дронов!,.next-five-pages-v2/server/app/ru/products/fc-yqxj-01-utility-inspection-drone.html
/ru/products/fc1500-handheld-liquid-detector,ru,strong,100,Портативный детектор опасных жидкостей FC1500,5,true,true,true,true,true,984,5,0.508,1,5,,Портативный детектор опасных жидкостей FC1500 | N-TET,"N-TET Портативный детектор опасных жидкостей FC1500: промышленное решение для инспекции, мониторинга и полевых операций с технической поддержкой проекта.",Портативный детектор опасных жидкостей FC1500 | security screening equipment | X-ray baggage scanner | walk-through metal detector | N-TET,Портативный детектор опасных жидкостей FC1500,Портативный детектор опасных жидкостей FC1500 Technical Specifications | Получите экспертную защиту от дронов! | Обзор | Технические характеристики | Получите экспертную защиту от дронов!,.next-five-pages-v2/server/app/ru/products/fc1500-handheld-liquid-detector.html
/ru/products/fc1500b-desktop-liquid-security-inspector,ru,strong,100,Настольный детектор опасных жидкостей FC1500B,5,true,true,true,true,true,998,5,0.501,1,5,,Настольный детектор опасных жидкостей FC1500B | N-TET,"N-TET Настольный детектор опасных жидкостей FC1500B: промышленное решение для инспекции, мониторинга и полевых операций с технической поддержкой проекта.",Настольный детектор опасных жидкостей FC1500B | security screening equipment | X-ray baggage scanner | walk-through metal detector | N-TET,Настольный детектор опасных жидкостей FC1500B,Настольный детектор опасных жидкостей FC1500B Technical Specifications | Получите экспертную защиту от дронов! | Обзор | Технические характеристики | Получите экспертную защиту от дронов!,.next-five-pages-v2/server/app/ru/products/fc1500b-desktop-liquid-security-inspector.html
/ru/products/fc1800b-portable-explosives-and-narcotics-detector,ru,strong,100,Портативный детектор следов взрывчатых веществ и наркотиков FC1800B,5,true,true,true,true,true,961,5,0.520,1,5,,Портативный детектор следов взрывчатых веществ и наркотиков FC1800B | N-TET,"N-TET Портативный детектор следов взрывчатых веществ и наркотиков FC1800B: промышленное решение для инспекции, мониторинга и полевых операций с технической поддержкой проекта.",Портативный детектор следов взрывчатых веществ и наркотиков FC1800B | security screening equipment | X-ray baggage scanner | walk-through metal detector | N-TET,Портативный детектор следов взрывчатых веществ и наркотиков FC1800B,Портативный детектор следов взрывчатых веществ и наркотиков FC1800B Technical Specifications | Получите экспертную защиту от дронов! | Обзор | Технические характеристики | Получите экспертную защиту от дронов!,.next-five-pages-v2/server/app/ru/products/fc1800b-portable-explosives-and-narcotics-detector.html
/ru/products/fc1800t-desktop-explosives-narcotics-detector,ru,strong,100,Настольный детектор следов взрывчатых веществ и наркотиков FC1800T,5,true,true,true,true,true,971,5,0.515,1,5,,Настольный детектор следов взрывчатых веществ и наркотиков FC1800T | N-TET,"N-TET Настольный детектор следов взрывчатых веществ и наркотиков FC1800T: промышленное решение для инспекции, мониторинга и полевых операций с технической поддержкой проекта.",Настольный детектор следов взрывчатых веществ и наркотиков FC1800T | security screening equipment | X-ray baggage scanner | walk-through metal detector | N-TET,Настольный детектор следов взрывчатых веществ и наркотиков FC1800T,Настольный детектор следов взрывчатых веществ и наркотиков FC1800T Technical Specifications | Получите экспертную защиту от дронов! | Обзор | Технические характеристики | Получите экспертную защиту от дронов!,.next-five-pages-v2/server/app/ru/products/fc1800t-desktop-explosives-narcotics-detector.html
/ru/products/fc2088-handheld-metal-detector,ru,strong,100,Ручной металлодетектор FC2088,5,true,true,true,true,true,920,5,0.543,1,5,,Ручной металлодетектор FC2088 | N-TET,"N-TET Ручной металлодетектор FC2088: промышленное решение для инспекции, мониторинга и полевых операций с технической поддержкой проекта.",Ручной металлодетектор FC2088 | security screening equipment | X-ray baggage scanner | walk-through metal detector | N-TET,Ручной металлодетектор FC2088,Ручной металлодетектор FC2088 Technical Specifications | Получите экспертную защиту от дронов! | Обзор | Технические характеристики | Получите экспертную защиту от дронов!,.next-five-pages-v2/server/app/ru/products/fc2088-handheld-metal-detector.html
/ru/products/fc4028-neutron-ambient-dose-rate-meter,ru,strong,100,Измеритель мощности амбиентного эквивалента дозы нейтронного излучения FC4028,5,true,true,true,true,true,1453,5,0.344,1,5,,Измеритель мощности амбиентного эквивалента дозы нейтронного излучения FC4028 | N-TET,"N-TET Измеритель мощности амбиентного эквивалента дозы нейтронного излучения FC4028: промышленное решение для инспекции, мониторинга и полевых операций с технической поддержкой проекта.",Измеритель мощности амбиентного эквивалента дозы нейтронного излучения FC4028 | security screening equipment | X-ray baggage scanner | walk-through metal detector | N-TET,Измеритель мощности амбиентного эквивалента дозы нейтронного излучения FC4028,Измеритель мощности амбиентного эквивалента дозы нейтронного излучения FC4028 Technical Specifications | Получите экспертную защиту от дронов! | Обзор | Технические характеристики | Получите экспертную защиту от дронов!,.next-five-pages-v2/server/app/ru/products/fc4028-neutron-ambient-dose-rate-meter.html
/ru/products/fc5030-compact-x-ray-baggage-scanner,ru,strong,100,Малогабаритный рентгенотелевизионный интроскоп FC5030,5,true,true,true,true,true,1015,5,0.493,1,5,,Малогабаритный рентгенотелевизионный интроскоп FC5030 | N-TET,"N-TET Малогабаритный рентгенотелевизионный интроскоп FC5030: промышленное решение для инспекции, мониторинга и полевых операций с технической поддержкой проекта.",Малогабаритный рентгенотелевизионный интроскоп FC5030 | security screening equipment | X-ray baggage scanner | walk-through metal detector | N-TET,Малогабаритный рентгенотелевизионный интроскоп FC5030,Малогабаритный рентгенотелевизионный интроскоп FC5030 Technical Specifications | Получите экспертную защиту от дронов! | Обзор | Технические характеристики | Получите экспертную защиту от дронов!,.next-five-pages-v2/server/app/ru/products/fc5030-compact-x-ray-baggage-scanner.html
/ru/products/fc6550-standard-x-ray-baggage-scanner,ru,strong,100,Рентгенотелевизионная установка FC6550 Стандартная,5,true,true,true,true,true,919,3,0.326,1,5,,Рентгенотелевизионная установка FC6550 (Стандартная) | N-TET,"N-TET Рентгенотелевизионная установка FC6550 (Стандартная): промышленное решение для инспекции, мониторинга и полевых операций с технической поддержкой проекта.",Рентгенотелевизионная установка FC6550 Стандартная | security screening equipment | X-ray baggage scanner | walk-through metal detector | N-TET,Рентгенотелевизионная установка FC6550 Стандартная,Рентгенотелевизионная установка FC6550 Стандартная Technical Specifications | Получите экспертную защиту от дронов! | Обзор | Технические характеристики | Получите экспертную защиту от дронов!,.next-five-pages-v2/server/app/ru/products/fc6550-standard-x-ray-baggage-scanner.html
/ru/products/fc6550d-dual-view-baggage-scanner,ru,strong,100,Двухпроекционный рентгеновский интроскоп FC6550D,5,true,true,true,true,true,1039,5,0.481,1,5,,Двухпроекционный рентгеновский интроскоп FC6550D | N-TET,"N-TET Двухпроекционный рентгеновский интроскоп FC6550D: промышленное решение для инспекции, мониторинга и полевых операций с технической поддержкой проекта.",Двухпроекционный рентгеновский интроскоп FC6550D | security screening equipment | X-ray baggage scanner | walk-through metal detector | N-TET,Двухпроекционный рентгеновский интроскоп FC6550D,Двухпроекционный рентгеновский интроскоп FC6550D Technical Specifications | Получите экспертную защиту от дронов! | Обзор | Технические характеристики | Получите экспертную защиту от дронов!,.next-five-pages-v2/server/app/ru/products/fc6550d-dual-view-baggage-scanner.html
/ru/products/fc902-personal-radiation-dose-alarm,ru,strong,100,Индивидуальный сигнализатор дозы рентгеновского и гамма-излучения FC902,5,true,true,true,true,true,1110,5,0.450,1,5,,Индивидуальный сигнализатор дозы рентгеновского и гамма-излучения FC902 | N-TET,"N-TET Индивидуальный сигнализатор дозы рентгеновского и гамма-излучения FC902: промышленное решение для инспекции, мониторинга и полевых операций с технической поддержкой проекта.",Индивидуальный сигнализатор дозы рентгеновского и гамма-излучения FC902 | security screening equipment | X-ray baggage scanner | walk-through metal detector | N-TET,Индивидуальный сигнализатор дозы рентгеновского и гамма-излучения FC902,Индивидуальный сигнализатор дозы рентгеновского и гамма-излучения FC902 Technical Specifications | Получите экспертную защиту от дронов! | Обзор | Технические характеристики | Получите экспертную защиту от дронов!,.next-five-pages-v2/server/app/ru/products/fc902-personal-radiation-dose-alarm.html
/ru/products/handheld-rf-detection-system-mini,ru,strong,100,PL280H портативная система радиочастотного обнаружения,5,true,true,true,true,true,1032,5,0.484,1,5,,PL280H портативная система радиочастотного обнаружения | N-TET,"N-TET PL280H портативная система радиочастотного обнаружения: промышленное решение для инспекции, мониторинга и полевых операций с технической поддержкой проекта.",PL280H портативная система радиочастотного обнаружения | C-UAS equipment | early warning equipment | target identification and tracking system | N-TET,PL280H портативная система радиочастотного обнаружения,PL280H портативная система радиочастотного обнаружения Technical Specifications | Получите экспертную защиту от дронов! | Обзор | Технические характеристики | Получите экспертную защиту от дронов!,.next-five-pages-v2/server/app/ru/products/handheld-rf-detection-system-mini.html
/ru/products/low-altitude-3d-pulse-doppler-radar,ru,strong,100,Радар обнаружения маловысотных целей X-диапазон,5,true,true,true,true,true,984,3,0.305,1,5,,Радар обнаружения маловысотных целей (X-диапазон) | N-TET,"N-TET Радар обнаружения маловысотных целей (X-диапазон): промышленное решение для инспекции, мониторинга и полевых операций с технической поддержкой проекта.",Радар обнаружения маловысотных целей X-диапазон | C-UAS equipment | early warning equipment | target identification and tracking system | N-TET,Радар обнаружения маловысотных целей X-диапазон,Радар обнаружения маловысотных целей X-диапазон Technical Specifications | Получите экспертную защиту от дронов! | Обзор | Технические характеристики | Получите экспертную защиту от дронов!,.next-five-pages-v2/server/app/ru/products/low-altitude-3d-pulse-doppler-radar.html
/ru/products/low-altitude-airspace-monitoring,ru,weak,0,,0,false,false,false,false,false,0,0,0.000,0,0,缺少 meta keywords; 缺少 H1; 缺少 H2,Промышленные БПЛА для низковысотных операций | N-TET,"От промышленных платформ БПЛА до мониторинга низковысотного воздушного пространства: N-TET помогает инфраструктурным и общественным объектам инспектировать, подтверждать и документировать полевые операции.",,,,.next-five-pages-v2/server/app/ru/products/low-altitude-airspace-monitoring.html
/ru/products/low-altitude-detection-radar-ku-band,ru,strong,100,РЛС обнаружения маловысотных целей Ku-диапазон,5,true,true,true,true,true,970,3,0.309,1,5,,РЛС обнаружения маловысотных целей (Ku-диапазон) | N-TET,"N-TET РЛС обнаружения маловысотных целей (Ku-диапазон): промышленное решение для инспекции, мониторинга и полевых операций с технической поддержкой проекта.",РЛС обнаружения маловысотных целей Ku-диапазон | C-UAS equipment | early warning equipment | target identification and tracking system | N-TET,РЛС обнаружения маловысотных целей Ku-диапазон,РЛС обнаружения маловысотных целей Ku-диапазон Technical Specifications | Получите экспертную защиту от дронов! | Обзор | Технические характеристики | Получите экспертную защиту от дронов!,.next-five-pages-v2/server/app/ru/products/low-altitude-detection-radar-ku-band.html
/ru/products/multi-rotor-20kg-payload-uav,ru,strong,100,Мультироторный БПЛА с нагрузкой 20 kg,5,true,true,true,true,true,777,5,0.644,1,5,,Мультироторный БПЛА с нагрузкой 20 kg | N-TET,"N-TET Мультироторный БПЛА с нагрузкой 20 kg: промышленное решение для инспекции, мониторинга и полевых операций с технической поддержкой проекта.",Мультироторный БПЛА с нагрузкой 20 kg | industrial UAV systems | UAV inspection drone | emergency response UAV | N-TET,Мультироторный БПЛА с нагрузкой 20 kg,Мультироторный БПЛА с нагрузкой 20 kg Technical Specifications | Получите экспертную защиту от дронов! | Обзор | Технические характеристики | Получите экспертную защиту от дронов!,.next-five-pages-v2/server/app/ru/products/multi-rotor-20kg-payload-uav.html
/ru/products/multi-rotor-3kg-payload-uav,ru,strong,100,Мультироторный БПЛА с нагрузкой 3 kg,5,true,true,true,true,true,989,5,0.506,1,5,,Мультироторный БПЛА с нагрузкой 3 kg | N-TET,"N-TET Мультироторный БПЛА с нагрузкой 3 kg: промышленное решение для инспекции, мониторинга и полевых операций с технической поддержкой проекта.",Мультироторный БПЛА с нагрузкой 3 kg | industrial UAV systems | UAV inspection drone | emergency response UAV | N-TET,Мультироторный БПЛА с нагрузкой 3 kg,Мультироторный БПЛА с нагрузкой 3 kg Technical Specifications | Получите экспертную защиту от дронов! | Обзор | Технические характеристики | Получите экспертную защиту от дронов!,.next-five-pages-v2/server/app/ru/products/multi-rotor-3kg-payload-uav.html
/ru/products/multi-rotor-50kg-payload-uav,ru,strong,100,Мультироторный БПЛА с нагрузкой 50 kg,5,true,true,true,true,true,859,5,0.582,1,5,,Мультироторный БПЛА с нагрузкой 50 kg | N-TET,"N-TET Мультироторный БПЛА с нагрузкой 50 kg: промышленное решение для инспекции, мониторинга и полевых операций с технической поддержкой проекта.",Мультироторный БПЛА с нагрузкой 50 kg | industrial UAV systems | UAV inspection drone | emergency response UAV | N-TET,Мультироторный БПЛА с нагрузкой 50 kg,Мультироторный БПЛА с нагрузкой 50 kg Technical Specifications | Получите экспертную защиту от дронов! | Обзор | Технические характеристики | Получите экспертную защиту от дронов!,.next-five-pages-v2/server/app/ru/products/multi-rotor-50kg-payload-uav.html
/ru/products/multi-rotor-8kg-payload-uav,ru,strong,100,Мультироторный БПЛА с нагрузкой 8 kg,5,true,true,true,true,true,765,5,0.654,1,5,,Мультироторный БПЛА с нагрузкой 8 kg | N-TET,"N-TET Мультироторный БПЛА с нагрузкой 8 kg: промышленное решение для инспекции, мониторинга и полевых операций с технической поддержкой проекта.",Мультироторный БПЛА с нагрузкой 8 kg | industrial UAV systems | UAV inspection drone | emergency response UAV | N-TET,Мультироторный БПЛА с нагрузкой 8 kg,Мультироторный БПЛА с нагрузкой 8 kg Technical Specifications | Получите экспертную защиту от дронов! | Обзор | Технические характеристики | Получите экспертную защиту от дронов!,.next-five-pages-v2/server/app/ru/products/multi-rotor-8kg-payload-uav.html
/ru/products/omni-directional-rf-event-logging,ru,strong,100,Всенаправленная система радиочастотного согласованного реагирования БПЛА,5,true,true,true,true,true,999,5,0.501,1,5,,Всенаправленная система радиочастотного согласованного реагирования БПЛА | N-TET,"N-TET Всенаправленная система радиочастотного согласованного реагирования БПЛА: промышленное решение для инспекции, мониторинга и полевых операций с технической поддержкой проекта.",Всенаправленная система радиочастотного согласованного реагирования БПЛА | C-UAS equipment | early warning equipment | target identification and tracking system | N-TET,Всенаправленная система радиочастотного согласованного реагирования БПЛА,Всенаправленная система радиочастотного согласованного реагирования БПЛА Technical Specifications | Получите экспертную защиту от дронов! | Обзор | Технические характеристики | Получите экспертную защиту от дронов!,.next-five-pages-v2/server/app/ru/products/omni-directional-rf-event-logging.html
/ru/products/omni-directional-rf-interference-device,ru,strong,100,Всенаправленная система радиочастотного подавления БПЛА,5,true,true,true,true,true,980,5,0.510,1,5,,Всенаправленная система радиочастотного подавления БПЛА | N-TET,"N-TET Всенаправленная система радиочастотного подавления БПЛА: промышленное решение для инспекции, мониторинга и полевых операций с технической поддержкой проекта.",Всенаправленная система радиочастотного подавления БПЛА | C-UAS equipment | early warning equipment | target identification and tracking system | N-TET,Всенаправленная система радиочастотного подавления БПЛА,Всенаправленная система радиочастотного подавления БПЛА Technical Specifications | Получите экспертную защиту от дронов! | Обзор | Технические характеристики | Получите экспертную защиту от дронов!,.next-five-pages-v2/server/app/ru/products/omni-directional-rf-interference-device.html
/ru/products/portable-active-rf-defense-system,ru,strong,100,Портативная система активной радиочастотной защиты анализ навигационных сигналов,5,true,true,true,true,true,903,3,0.332,1,5,,Портативная система активной радиочастотной защиты (анализ навигационных сигналов) | N-TET,"N-TET Портативная система активной радиочастотной защиты (анализ навигационных сигналов): промышленное решение для инспекции, мониторинга и полевых операций с технической поддержкой проекта.",Портативная система активной радиочастотной защиты анализ навигационных сигналов | C-UAS equipment | early warning equipment | target identification and tracking system | N-TET,Портативная система активной радиочастотной защиты анализ навигационных сигналов,Портативная система активной радиочастотной защиты анализ навигационных сигналов Technical Specifications | Получите экспертную защиту от дронов! | Обзор | Технические характеристики | Получите экспертную защиту от дронов!,.next-five-pages-v2/server/app/ru/products/portable-active-rf-defense-system.html
/ru/products/portable-integrated-detection-event-logging-low-altitude-monitoring-basic,ru,strong,100,Интегрированная портативная система обнаружения и согласованного реагирования БПЛА,5,true,true,true,true,true,1127,5,0.444,1,5,,Интегрированная портативная система обнаружения и согласованного реагирования БПЛА | N-TET,"N-TET Интегрированная портативная система обнаружения и согласованного реагирования БПЛА: промышленное решение для инспекции, мониторинга и полевых операций с технической поддержкой проекта.",Интегрированная портативная система обнаружения и согласованного реагирования БПЛА | C-UAS equipment | early warning equipment | target identification and tracking system | N-TET,Интегрированная портативная система обнаружения и согласованного реагирования БПЛА,Интегрированная портативная система обнаружения и согласованного реагирования БПЛА Technical Specifications | Получите экспертную защиту от дронов! | Обзор | Технические характеристики | Получите экспертную защиту от дронов!,.next-five-pages-v2/server/app/ru/products/portable-integrated-detection-event-logging-low-altitude-monitoring-basic.html
/ru/products/portable-integrated-detection-event-logging-pro-low-altitude-monitoring,ru,strong,100,Интегрированная портативная система обнаружения и согласованного реагирования БПЛА Версия Pro,5,true,true,true,true,true,1185,3,0.253,1,5,,Интегрированная портативная система обнаружения и согласованного реагирования БПЛА (Версия Pro) | N-TET,"N-TET Интегрированная портативная система обнаружения и согласованного реагирования БПЛА (Версия Pro): промышленное решение для инспекции, мониторинга и полевых операций с технической поддержкой проекта.",Интегрированная портативная система обнаружения и согласованного реагирования БПЛА Версия Pro | C-UAS equipment | early warning equipment | target identification and tracking system | N-TET,Интегрированная портативная система обнаружения и согласованного реагирования БПЛА Версия Pro,Интегрированная портативная система обнаружения и согласованного реагирования БПЛА Версия Pro Technical Specifications | Получите экспертную защиту от дронов! | Обзор | Технические характеристики | Получите экспертную защиту от дронов!,.next-five-pages-v2/server/app/ru/products/portable-integrated-detection-event-logging-pro-low-altitude-monitoring.html
/ru/products/portable-low-altitude-monitoring-event-logging-shield,ru,strong,100,Переносной антидроновый щит-анализ сигналов,5,true,true,true,true,true,999,5,0.501,1,5,,Переносной антидроновый щит-анализ сигналов | N-TET,"N-TET Переносной антидроновый щит-анализ сигналов: промышленное решение для инспекции, мониторинга и полевых операций с технической поддержкой проекта.",Переносной антидроновый щит-анализ сигналов | C-UAS equipment | early warning equipment | target identification and tracking system | N-TET,Переносной антидроновый щит-анализ сигналов,Переносной антидроновый щит-анализ сигналов Technical Specifications | Получите экспертную защиту от дронов! | Обзор | Технические характеристики | Получите экспертную защиту от дронов!,.next-five-pages-v2/server/app/ru/products/portable-low-altitude-monitoring-event-logging-shield.html
/ru/products/portable-low-altitude-monitoring-event-logging-shield-pro,ru,strong,100,Переносной антидроновый щит-анализ сигналов Версия Pro,5,true,true,true,true,true,1027,3,0.292,1,5,,Переносной антидроновый щит-анализ сигналов (Версия Pro) | N-TET,"N-TET Переносной антидроновый щит-анализ сигналов (Версия Pro): промышленное решение для инспекции, мониторинга и полевых операций с технической поддержкой проекта.",Переносной антидроновый щит-анализ сигналов Версия Pro | C-UAS equipment | early warning equipment | target identification and tracking system | N-TET,Переносной антидроновый щит-анализ сигналов Версия Pro,Переносной антидроновый щит-анализ сигналов Версия Pro Technical Specifications | Получите экспертную защиту от дронов! | Обзор | Технические характеристики | Получите экспертную защиту от дронов!,.next-five-pages-v2/server/app/ru/products/portable-low-altitude-monitoring-event-logging-shield-pro.html
/ru/products/portable-rf-detection-case,ru,strong,100,Переносная кейс система радиочастотного обнаружения БПЛА,5,true,true,true,true,true,941,3,0.319,1,5,,Переносная (кейс) система радиочастотного обнаружения БПЛА | N-TET,"N-TET Переносная (кейс) система радиочастотного обнаружения БПЛА: промышленное решение для инспекции, мониторинга и полевых операций с технической поддержкой проекта.",Переносная кейс система радиочастотного обнаружения БПЛА | C-UAS equipment | early warning equipment | target identification and tracking system | N-TET,Переносная кейс система радиочастотного обнаружения БПЛА,Переносная кейс система радиочастотного обнаружения БПЛА Technical Specifications | Получите экспертную защиту от дронов! | Обзор | Технические характеристики | Получите экспертную защиту от дронов!,.next-five-pages-v2/server/app/ru/products/portable-rf-detection-case.html
/ru/products/power-tower-inspection-drone,ru,strong,100,drone power line inspection,8,true,true,true,true,true,1400,11,0.786,1,5,,БПЛА для инспекции опор ЛЭП | N-TET,"N-TET БПЛА для инспекции опор ЛЭП: промышленное решение для инспекции, мониторинга и полевых операций с технической поддержкой проекта.",drone power line inspection | power line inspection drone | drones for utility inspection | transmission tower inspection UAV | БПЛА для инспекции опор ЛЭП | industrial UAV systems | UAV inspection drone | emergency response UAV,БПЛА для инспекции опор ЛЭП,БПЛА для инспекции опор ЛЭП Technical Specifications | Получите экспертную защиту от дронов! | Обзор | Технические характеристики | Получите экспертную защиту от дронов!,.next-five-pages-v2/server/app/ru/products/power-tower-inspection-drone.html
/ru/products/smart-substation-autonomous-inspection-system,ru,strong,100,smart substation autonomous inspection,8,true,true,true,true,true,1468,9,0.613,1,5,,Автономная система инспекции умной подстанции с БПЛА | N-TET,"N-TET Автономная система инспекции умной подстанции с БПЛА: промышленное решение для инспекции, мониторинга и полевых операций с технической поддержкой проекта.",smart substation autonomous inspection | substation inspection drone | power utility UAV inspection | autonomous UAV inspection | Автономная система инспекции умной подстанции с БПЛА | industrial UAV systems | UAV inspection drone | emergency response UAV,Автономная система инспекции умной подстанции с БПЛА,Автономная система инспекции умной подстанции с БПЛА Technical Specifications | Получите экспертную защиту от дронов! | Обзор | Технические характеристики | Получите экспертную защиту от дронов!,.next-five-pages-v2/server/app/ru/products/smart-substation-autonomous-inspection-system.html
/ru/products/stationary-active-rf-defense-system,ru,strong,100,Стационарная система активной радиочастотной защиты анализ навигационных сигналов,5,true,true,true,true,true,929,3,0.323,1,5,,Стационарная система активной радиочастотной защиты (анализ навигационных сигналов) | N-TET,"N-TET Стационарная система активной радиочастотной защиты (анализ навигационных сигналов): промышленное решение для инспекции, мониторинга и полевых операций с технической поддержкой проекта.",Стационарная система активной радиочастотной защиты анализ навигационных сигналов | C-UAS equipment | early warning equipment | target identification and tracking system | N-TET,Стационарная система активной радиочастотной защиты анализ навигационных сигналов,Стационарная система активной радиочастотной защиты анализ навигационных сигналов Technical Specifications | Получите экспертную защиту от дронов! | Обзор | Технические характеристики | Получите экспертную защиту от дронов!,.next-five-pages-v2/server/app/ru/products/stationary-active-rf-defense-system.html
/ru/products/stationary-rf-detection-system,ru,strong,100,Стационарная система радиочастотного обнаружения БПЛА,5,true,true,true,true,true,996,5,0.502,1,5,,Стационарная система радиочастотного обнаружения БПЛА | N-TET,"N-TET Стационарная система радиочастотного обнаружения БПЛА: промышленное решение для инспекции, мониторинга и полевых операций с технической поддержкой проекта.",Стационарная система радиочастотного обнаружения БПЛА | C-UAS equipment | early warning equipment | target identification and tracking system | N-TET,Стационарная система радиочастотного обнаружения БПЛА,Стационарная система радиочастотного обнаружения БПЛА Technical Specifications | Получите экспертную защиту от дронов! | Обзор | Технические характеристики | Получите экспертную защиту от дронов!,.next-five-pages-v2/server/app/ru/products/stationary-rf-detection-system.html
/ru/products/uav-navigation-airspace-data-verification-system,ru,strong,100,Система навигационного анализ навигационных сигналов БПЛА,5,true,true,true,true,true,997,5,0.502,1,5,,Система навигационного анализ навигационных сигналов БПЛА | N-TET,"N-TET Система навигационного анализ навигационных сигналов БПЛА: промышленное решение для инспекции, мониторинга и полевых операций с технической поддержкой проекта.",Система навигационного анализ навигационных сигналов БПЛА | C-UAS equipment | early warning equipment | target identification and tracking system | N-TET,Система навигационного анализ навигационных сигналов БПЛА,Система навигационного анализ навигационных сигналов БПЛА Technical Specifications | Получите экспертную защиту от дронов! | Обзор | Технические характеристики | Получите экспертную защиту от дронов!,.next-five-pages-v2/server/app/ru/products/uav-navigation-airspace-data-verification-system.html
/ru/products/uav-remote-id-monitoring-system,ru,strong,100,Система мониторинга удаленной идентификации БПЛА Remote ID,5,true,true,true,true,true,944,3,0.318,1,5,,Система мониторинга удаленной идентификации БПЛА (Remote ID) | N-TET,"N-TET Система мониторинга удаленной идентификации БПЛА (Remote ID): промышленное решение для инспекции, мониторинга и полевых операций с технической поддержкой проекта.",Система мониторинга удаленной идентификации БПЛА Remote ID | C-UAS equipment | early warning equipment | target identification and tracking system | N-TET,Система мониторинга удаленной идентификации БПЛА Remote ID,Система мониторинга удаленной идентификации БПЛА Remote ID Technical Specifications | Получите экспертную защиту от дронов! | Обзор | Технические характеристики | Получите экспертную защиту от дронов!,.next-five-pages-v2/server/app/ru/products/uav-remote-id-monitoring-system.html
/ru/products/vtol-135kg-mtow-uav,ru,strong,100,VTOL БПЛА с максимальной взлетной массой 135 kg,5,true,true,true,true,true,747,5,0.669,1,5,,VTOL БПЛА с максимальной взлетной массой 135 kg | N-TET,"N-TET VTOL БПЛА с максимальной взлетной массой 135 kg: промышленное решение для инспекции, мониторинга и полевых операций с технической поддержкой проекта.",VTOL БПЛА с максимальной взлетной массой 135 kg | industrial UAV systems | UAV inspection drone | emergency response UAV | N-TET,VTOL БПЛА с максимальной взлетной массой 135 kg,VTOL БПЛА с максимальной взлетной массой 135 kg Technical Specifications | Получите экспертную защиту от дронов! | Обзор | Технические характеристики | Получите экспертную защиту от дронов!,.next-five-pages-v2/server/app/ru/products/vtol-135kg-mtow-uav.html
/ru/products/vtol-14kg-mtow-uav,ru,strong,100,VTOL БПЛА с максимальной взлетной массой 14 kg,5,true,true,true,true,true,745,5,0.671,1,5,,VTOL БПЛА с максимальной взлетной массой 14 kg | N-TET,"N-TET VTOL БПЛА с максимальной взлетной массой 14 kg: промышленное решение для инспекции, мониторинга и полевых операций с технической поддержкой проекта.",VTOL БПЛА с максимальной взлетной массой 14 kg | industrial UAV systems | UAV inspection drone | emergency response UAV | N-TET,VTOL БПЛА с максимальной взлетной массой 14 kg,VTOL БПЛА с максимальной взлетной массой 14 kg Technical Specifications | Получите экспертную защиту от дронов! | Обзор | Технические характеристики | Получите экспертную защиту от дронов!,.next-five-pages-v2/server/app/ru/products/vtol-14kg-mtow-uav.html
/ru/products/vtol-26kg-mtow-uav,ru,strong,100,VTOL БПЛА с максимальной взлетной массой 26 kg,5,true,true,true,true,true,743,5,0.673,1,5,,VTOL БПЛА с максимальной взлетной массой 26 kg | N-TET,"N-TET VTOL БПЛА с максимальной взлетной массой 26 kg: промышленное решение для инспекции, мониторинга и полевых операций с технической поддержкой проекта.",VTOL БПЛА с максимальной взлетной массой 26 kg | industrial UAV systems | UAV inspection drone | emergency response UAV | N-TET,VTOL БПЛА с максимальной взлетной массой 26 kg,VTOL БПЛА с максимальной взлетной массой 26 kg Technical Specifications | Получите экспертную защиту от дронов! | Обзор | Технические характеристики | Получите экспертную защиту от дронов!,.next-five-pages-v2/server/app/ru/products/vtol-26kg-mtow-uav.html
/ru/products/vtol-40kg-mtow-uav,ru,strong,100,VTOL БПЛА с максимальной взлетной массой 40 kg,5,true,true,true,true,true,747,5,0.669,1,5,,VTOL БПЛА с максимальной взлетной массой 40 kg | N-TET,"N-TET VTOL БПЛА с максимальной взлетной массой 40 kg: промышленное решение для инспекции, мониторинга и полевых операций с технической поддержкой проекта.",VTOL БПЛА с максимальной взлетной массой 40 kg | industrial UAV systems | UAV inspection drone | emergency response UAV | N-TET,VTOL БПЛА с максимальной взлетной массой 40 kg,VTOL БПЛА с максимальной взлетной массой 40 kg Technical Specifications | Получите экспертную защиту от дронов! | Обзор | Технические характеристики | Получите экспертную защиту от дронов!,.next-five-pages-v2/server/app/ru/products/vtol-40kg-mtow-uav.html
/ru/products/vtol-64kg-mtow-uav,ru,strong,100,VTOL БПЛА с максимальной взлетной массой 64 kg,5,true,true,true,true,true,733,5,0.682,1,5,,VTOL БПЛА с максимальной взлетной массой 64 kg | N-TET,"N-TET VTOL БПЛА с максимальной взлетной массой 64 kg: промышленное решение для инспекции, мониторинга и полевых операций с технической поддержкой проекта.",VTOL БПЛА с максимальной взлетной массой 64 kg | industrial UAV systems | UAV inspection drone | emergency response UAV | N-TET,VTOL БПЛА с максимальной взлетной массой 64 kg,VTOL БПЛА с максимальной взлетной массой 64 kg Technical Specifications | Получите экспертную защиту от дронов! | Обзор | Технические характеристики | Получите экспертную защиту от дронов!,.next-five-pages-v2/server/app/ru/products/vtol-64kg-mtow-uav.html
/ru/solutions,ru,partial,70,промышленные решения БПЛА,6,true,false,true,false,true,575,4,0.696,1,2,description 未命中关键词; H2 未命中关键词,Промышленные решения БПЛА и мониторинг низкой высоты | N-TET,"Решения N-TET объединяют инспекцию БПЛА, аварийное реагирование, мониторинг низковысотного пространства и рабочие процессы безопасности объектов.",промышленные решения БПЛА | решения для инспекции БПЛА | БПЛА аварийного реагирования | защита критической инфраструктуры | безопасность ключевых зон | мониторинг низкой высоты,Промышленные решения БПЛА и мониторинг низкой высоты,Получите экспертную защиту от дронов! | Получите экспертную защиту от дронов!,.next-five-pages-v2/server/app/ru/solutions.html
/ru/solutions/airport-low-altitude-monitoring,ru,strong,85,Защита аэропортов от БПЛА,2,true,false,true,true,true,1087,13,1.196,1,11,description 未命中关键词,Защита аэропортов от БПЛА | N-TET,"Круглосуточная охрана чувствительных зон аэропорта и глиссад посадки для предотвращения вмешательства несанкционированных БПЛА в процессы взлета и посадки. Система объединяет радиочастотное обнаружение, согласованное реагирование и навигаци",Защита аэропортов от БПЛА | N-TET,Защита аэропортов от БПЛА,Защита аэропортов от БПЛА Operations | Технические характеристики | Связанное оборудование | FAQ по решению | Получите экспертную защиту от дронов! | Обзор | Технические характеристики | Связанное оборудование | FAQ по решению | Получите экспертную защиту от дронов! | Связанные страницы,.next-five-pages-v2/server/app/ru/solutions/airport-low-altitude-monitoring.html
/ru/solutions/airport-security-protection,ru,partial,70,Защита аэропортов от дронов,2,true,false,true,false,true,658,1,0.152,1,3,description 未命中关键词; H2 未命中关键词,Защита аэропортов от дронов | N-TET,"Несанкционированные полеты дронов представляют серьезную угрозу для мировой авиации, вызывая операционные сбои и значительные финансовые потери. Инцидент в аэропорту Брюсселя 14 ноября 2025 года показал масштаб риска: из-за дронов работу дв",Защита аэропортов от дронов | N-TET,Защита аэропортов от дронов,Ключевые технические аспекты реализации | Как мы выстраиваем защиту от несанкционированных дронов | Получить экспертное предложение по защите от дронов,.next-five-pages-v2/server/app/ru/solutions/airport-security-protection.html
/ru/solutions/border-airspace-monitoring,ru,partial,70,Защита границ от дронов,2,true,false,true,false,true,638,1,0.157,1,3,description 未命中关键词; H2 未命中关键词,Защита границ от дронов | N-TET,"Границы являются первой линией национальной безопасности, однако традиционные физические заграждения не защищают от растущей угрозы дронов. Несанкционированные полеты создают риски разведки, наблюдения и контрабанды. Многоуровневая система",Защита границ от дронов | N-TET,Защита границ от дронов,Ключевые технические аспекты реализации | Как мы выстраиваем защиту от несанкционированных дронов | Получить экспертное предложение по защите от дронов,.next-five-pages-v2/server/app/ru/solutions/border-airspace-monitoring.html
/ru/solutions/category/01_BorderPatrol,ru,strong,100,БПЛА для пограничного патрулирования,4,true,true,true,true,true,999,15,1.502,1,9,,Решения БПЛА для пограничного патрулирования | N-TET,"БПЛА для пограничного патрулирования является основной темой этой страницы; также раскрываются связанные задачи: БПЛА для морского патрулирования, дрон для прибрежного мониторинга, наземное морское наблюдение.",БПЛА для пограничного патрулирования | БПЛА для морского патрулирования | дрон для прибрежного мониторинга | наземное морское наблюдение,Решения БПЛА для пограничного патрулирования,БПЛА для пограничного патрулирования и прибрежного мониторинга | Интегрированные системные решения C-UAS | Рекомендуемые продукты | FAQ по решению | Получите экспертную защиту от дронов! | Потребности отрасли | Интегрированные системные решения C-UAS | Рекомендуемые продукты | Получите экспертную защиту от дронов!,.next-five-pages-v2/server/app/ru/solutions/category/01_BorderPatrol.html
/ru/solutions/category/02_InfrastructureProtection,ru,strong,85,БПЛА для инспекции промышленных объектов,4,true,true,true,false,true,1201,12,0.999,1,9,H2 未命中关键词,Решения БПЛА для инспекции промышленных объектов | N-TET,"БПЛА для инспекции промышленных объектов является основной темой этой страницы; также раскрываются связанные задачи: инспекция нефти и газа дронами, БПЛА для инспекции трубопроводов, мониторинг химических заводов.",БПЛА для инспекции промышленных объектов | инспекция нефти и газа дронами | БПЛА для инспекции трубопроводов | мониторинг химических заводов,Решения БПЛА для инспекции промышленных объектов,Сценарии инспекции промышленных объектов БПЛА | Интегрированные системные решения C-UAS | Рекомендуемые продукты | FAQ по решению | Получите экспертную защиту от дронов! | Потребности отрасли | Интегрированные системные решения C-UAS | Рекомендуемые продукты | Получите экспертную защиту от дронов!,.next-five-pages-v2/server/app/ru/solutions/category/02_InfrastructureProtection.html
/ru/solutions/category/03_KeyAreaSecurity,ru,strong,85,мониторинг воздушного пространства аэропорта,4,true,true,true,false,true,1059,14,1.322,1,9,H2 未命中关键词,Мониторинг воздушного пространства аэропорта и безопасность ключевых зон | N-TET,"мониторинг воздушного пространства аэропорта является основной темой этой страницы; также раскрываются связанные задачи: мониторинг безопасности мероприятий, безопасность ключевых зон, оборудование мониторинга низкой высоты.",мониторинг воздушного пространства аэропорта | мониторинг безопасности мероприятий | безопасность ключевых зон | оборудование мониторинга низкой высоты,Мониторинг воздушного пространства аэропорта и безопасность ключевых зон,Сценарии мониторинга воздушного пространства аэропорта | Интегрированные системные решения C-UAS | Рекомендуемые продукты | FAQ по решению | Получите экспертную защиту от дронов! | Потребности отрасли | Интегрированные системные решения C-UAS | Рекомендуемые продукты | Получите экспертную защиту от дронов!,.next-five-pages-v2/server/app/ru/solutions/category/03_KeyAreaSecurity.html
/ru/solutions/category/04_EmergencyRescue,ru,strong,100,БПЛА для поиска и спасения,4,true,true,true,true,true,1027,15,1.461,1,9,,Решения БПЛА для поиска и спасения | N-TET,"БПЛА для поиска и спасения является основной темой этой страницы; также раскрываются связанные задачи: пожарный БПЛА, БПЛА аварийной связи, БПЛА для освещения.",БПЛА для поиска и спасения | пожарный БПЛА | БПЛА аварийной связи | БПЛА для освещения,Решения БПЛА для поиска и спасения,Рабочие процессы БПЛА для поиска и спасения | Интегрированные системные решения C-UAS | Рекомендуемые продукты | FAQ по решению | Получите экспертную защиту от дронов! | Потребности отрасли | Интегрированные системные решения C-UAS | Рекомендуемые продукты | Получите экспертную защиту от дронов!,.next-five-pages-v2/server/app/ru/solutions/category/04_EmergencyRescue.html
/ru/solutions/chemical-plant-protection,ru,strong,100,БПЛА для инспекции трубопроводов,4,true,true,true,true,true,1603,20,1.248,1,14,,БПЛА для инспекции трубопроводов и мониторинга химических заводов | N-TET,"БПЛА для инспекции трубопроводов является основной темой этой страницы; также раскрываются связанные задачи: мониторинг химических заводов, инспекция трубопроводов БПЛА, инспекция нефти и газа дронами.",БПЛА для инспекции трубопроводов | мониторинг химических заводов | инспекция трубопроводов БПЛА | инспекция нефти и газа дронами,БПЛА для инспекции трубопроводов и мониторинга химических заводов,БПЛА для инспекции трубопроводов и мониторинга объекта | A Neutral Low-Altitude Risk Process for Chemical Sites | Модули решения | Связанное оборудование | FAQ по решению | Получите экспертную защиту от дронов! | Обзор | БПЛА для инспекции трубопроводов и мониторинга объекта | A Neutral Low-Altitude Risk Process for Chemical Sites | 袦芯写褍谢懈 褉械褕械薪懈褟 | Связанное оборудование | FAQ по решению | Получите экспертную защиту от дронов! | Связанные страницы,.next-five-pages-v2/server/app/ru/solutions/chemical-plant-protection.html
/ru/solutions/correctional-facility-airspace-monitoring,ru,partial,70,Мониторинг дронов в исправительных учреждениях,2,true,false,true,false,true,614,1,0.163,1,3,description 未命中关键词; H2 未命中关键词,Мониторинг дронов в исправительных учреждениях | N-TET,"Исправительные учреждения особенно уязвимы для несанкционированных БПЛА, которые могут использоваться как «воздушные курьеры» для доставки запрещенных предметов — наркотиков, оружия и мобильных телефонов, — а также для скрытого наблюдения.",Мониторинг дронов в исправительных учреждениях | N-TET,Мониторинг дронов в исправительных учреждениях,Ключевые технические аспекты реализации | Как мы выстраиваем защиту от несанкционированных дронов | Получить экспертное предложение по защите от дронов,.next-five-pages-v2/server/app/ru/solutions/correctional-facility-airspace-monitoring.html
/ru/solutions/critical-infrastructure-airspace-monitoring,ru,partial,70,Защита критической инфраструктуры от дронов,2,true,false,true,false,true,612,1,0.163,1,3,description 未命中关键词; H2 未命中关键词,Защита критической инфраструктуры от дронов | N-TET,"Центры обработки данных, водные системы и другие объекты критической инфраструктуры обеспечивают работу экономики. Без специализированной системы C-UAS они остаются уязвимыми для промышленного шпионажа, физического воздействия и асимметричн",Защита критической инфраструктуры от дронов | N-TET,Защита критической инфраструктуры от дронов,Ключевые технические аспекты реализации | Как мы выстраиваем защиту от несанкционированных дронов | Получить экспертное предложение по защите от дронов,.next-five-pages-v2/server/app/ru/solutions/critical-infrastructure-airspace-monitoring.html
/ru/solutions/disaster-site-search-rescue-reconnaissance-uav-solution,ru,strong,100,БПЛА для поиска и спасения,4,true,true,true,true,true,1340,20,1.493,1,16,,Решение БПЛА для поиска и спасения | N-TET,"БПЛА для поиска и спасения является основной темой этой страницы; также раскрываются связанные задачи: тепловизионные дроны для поиска и спасения, поисково-спасательный БПЛА, спасательный дрон.",БПЛА для поиска и спасения | тепловизионные дроны для поиска и спасения | поисково-спасательный БПЛА | спасательный дрон,Решение БПЛА для поиска и спасения,Рабочий процесс БПЛА для поиска и спасения | How UAVs Upgrade Emergency Reconnaissance | Модули решения | Связанное оборудование | Связанные кейсы | FAQ по решению | Получите экспертную защиту от дронов! | Обзор | Рабочий процесс БПЛА для поиска и спасения | How UAVs Upgrade Emergency Reconnaissance | 袦芯写褍谢懈 褉械褕械薪懈褟 | Связанное оборудование | 小胁褟蟹邪薪薪褘械 泻械泄褋褘 | FAQ по решению | Получите экспертную защиту от дронов! | Связанные страницы,.next-five-pages-v2/server/app/ru/solutions/disaster-site-search-rescue-reconnaissance-uav-solution.html
/ru/solutions/drone-defender,ru,weak,0,,0,false,false,false,false,false,0,0,0.000,0,0,缺少 meta keywords; 缺少 H1; 缺少 H2,Промышленные БПЛА для низковысотных операций | N-TET,"От промышленных платформ БПЛА до мониторинга низковысотного воздушного пространства: N-TET помогает инфраструктурным и общественным объектам инспектировать, подтверждать и документировать полевые операции.",,,,.next-five-pages-v2/server/app/ru/solutions/drone-defender.html
/ru/solutions/drone-detector,ru,weak,0,,0,false,false,false,false,false,0,0,0.000,0,0,缺少 meta keywords; 缺少 H1; 缺少 H2,Промышленные БПЛА для низковысотных операций | N-TET,"От промышленных платформ БПЛА до мониторинга низковысотного воздушного пространства: N-TET помогает инфраструктурным и общественным объектам инспектировать, подтверждать и документировать полевые операции.",,,,.next-five-pages-v2/server/app/ru/solutions/drone-detector.html
/ru/solutions/drone-jammer,ru,weak,0,,0,false,false,false,false,false,0,0,0.000,0,0,缺少 meta keywords; 缺少 H1; 缺少 H2,Промышленные БПЛА для низковысотных операций | N-TET,"От промышленных платформ БПЛА до мониторинга низковысотного воздушного пространства: N-TET помогает инфраструктурным и общественным объектам инспектировать, подтверждать и документировать полевые операции.",,,,.next-five-pages-v2/server/app/ru/solutions/drone-jammer.html
/ru/solutions/drone-locator,ru,weak,0,,0,false,false,false,false,false,0,0,0.000,0,0,缺少 meta keywords; 缺少 H1; 缺少 H2,Промышленные БПЛА для низковысотных операций | N-TET,"От промышленных платформ БПЛА до мониторинга низковысотного воздушного пространства: N-TET помогает инфраструктурным и общественным объектам инспектировать, подтверждать и документировать полевые операции.",,,,.next-five-pages-v2/server/app/ru/solutions/drone-locator.html
/ru/solutions/drone-radar-detection,ru,weak,0,,0,false,false,false,false,false,0,0,0.000,0,0,缺少 meta keywords; 缺少 H1; 缺少 H2,Промышленные БПЛА для низковысотных операций | N-TET,"От промышленных платформ БПЛА до мониторинга низковысотного воздушного пространства: N-TET помогает инфраструктурным и общественным объектам инспектировать, подтверждать и документировать полевые операции.",,,,.next-five-pages-v2/server/app/ru/solutions/drone-radar-detection.html
/ru/solutions/drone-shield,ru,weak,0,,0,false,false,false,false,false,0,0,0.000,0,0,缺少 meta keywords; 缺少 H1; 缺少 H2,Промышленные БПЛА для низковысотных операций | N-TET,"От промышленных платформ БПЛА до мониторинга низковысотного воздушного пространства: N-TET помогает инфраструктурным и общественным объектам инспектировать, подтверждать и документировать полевые операции.",,,,.next-five-pages-v2/server/app/ru/solutions/drone-shield.html
/ru/solutions/emergency-communication-uav,ru,strong,100,БПЛА экстренной связи,2,true,true,true,true,true,1044,15,1.437,1,11,,БПЛА экстренной связи | N-TET,"БПЛА экстренной связи оснащен интегрированной высотной базовой станцией и использует спутниковые каналы для передачи данных на большие расстояния. Позволяет быстро восстановить покрытие 4G/5G в зонах бедствий, создавая эксклюзивную частную",БПЛА экстренной связи | N-TET,БПЛА экстренной связи,БПЛА экстренной связи Operations | Технические характеристики | Связанное оборудование | FAQ по решению | Получите экспертную защиту от дронов! | Обзор | Технические характеристики | Связанное оборудование | FAQ по решению | Получите экспертную защиту от дронов! | Связанные страницы,.next-five-pages-v2/server/app/ru/solutions/emergency-communication-uav.html
/ru/solutions/emergency-communication-uav-solution,ru,partial,70,Решение БПЛА для аварийной связи,2,true,false,true,false,true,1011,12,1.187,1,14,description 未命中关键词; H2 未命中关键词,Решение БПЛА для аварийной связи | N-TET,"Воздушное коммуникационное решение для отключения сети после ЧС, удаленных зон без сигнала и временного обеспечения связи, позволяющее быстро восстановить публичное покрытие или развернуть спасательную частную сеть.",Решение БПЛА для аварийной связи | N-TET,Решение БПЛА для аварийной связи,Связанное оборудование | FAQ по решению | Получите экспертную защиту от дронов! | Обзор | Отраслевые задачи | Как БПЛА повышают эффективность | Решение | Связанное оборудование | Связанные проекты | Технические характеристики | Связанное оборудование | FAQ по решению | Получите экспертную защиту от дронов! | Связанные страницы,.next-five-pages-v2/server/app/ru/solutions/emergency-communication-uav-solution.html
/ru/solutions/emergency-lighting-uav,ru,strong,85,БПЛА аварийного освещения,2,true,false,true,true,true,992,13,1.310,1,11,description 未命中关键词,БПЛА аварийного освещения | N-TET,"Оснащен мощными светодиодными модулями высокой яркости, легко развертывается и обеспечивает непрерывное освещение больших площадей под любым углом без слепых зон. Работает в привязном режиме с постоянным питанием, что позволяет длительное в",БПЛА аварийного освещения | N-TET,БПЛА аварийного освещения,БПЛА аварийного освещения Operations | Технические характеристики | Связанное оборудование | FAQ по решению | Получите экспертную защиту от дронов! | Обзор | Технические характеристики | Связанное оборудование | FAQ по решению | Получите экспертную защиту от дронов! | Связанные страницы,.next-five-pages-v2/server/app/ru/solutions/emergency-lighting-uav.html
/ru/solutions/emergency-reconnaissance-uav,ru,strong,85,БПЛА экстренной разведки,2,true,false,true,true,true,1014,13,1.282,1,11,description 未命中关键词,БПЛА экстренной разведки | N-TET,"Гибкий и быстрый в развертывании дрон, способный преодолевать препятствия в виде завалов дорог и горно-лесистой местности. Оснащен HD-камерами и тепловизорами для широкомасштабного патрулирования и передачи видео в реальном времени для поис",БПЛА экстренной разведки | N-TET,БПЛА экстренной разведки,БПЛА экстренной разведки Operations | Технические характеристики | Связанное оборудование | FAQ по решению | Получите экспертную защиту от дронов! | Обзор | Технические характеристики | Связанное оборудование | FAQ по решению | Получите экспертную защиту от дронов! | Связанные страницы,.next-five-pages-v2/server/app/ru/solutions/emergency-reconnaissance-uav.html
/ru/solutions/emergency-search-rescue-uav-solution,ru,partial,70,Решение поисково-спасательного БПЛА,2,true,false,true,false,true,1005,12,1.194,1,16,description 未命中关键词; H2 未命中关键词,Решение поисково-спасательного БПЛА | N-TET,"Быстро развертываемое решение БПЛА для разведки ЧС, поиска людей, определения целей, доставки грузов и координации командования при паводках, землетрясениях, в лесах, на воде и в удаленных районах.",Решение поисково-спасательного БПЛА | N-TET,Решение поисково-спасательного БПЛА,Связанное оборудование | Связанные кейсы | FAQ по решению | Получите экспертную защиту от дронов! | Обзор | Отраслевые задачи | Как БПЛА повышают эффективность | Решение | Связанное оборудование | Связанные проекты | Технические характеристики | Связанное оборудование | 小胁褟蟹邪薪薪褘械 泻械泄褋褘 | FAQ по решению | Получите экспертную защиту от дронов! | Связанные страницы,.next-five-pages-v2/server/app/ru/solutions/emergency-search-rescue-uav-solution.html
/ru/solutions/enterprise-airspace-monitoring,ru,partial,70,Защита предприятий от дронов,2,true,false,true,false,true,622,1,0.161,1,3,description 未命中关键词; H2 未命中关键词,Защита предприятий от дронов | N-TET,"Современные дроны могут использоваться как сложные средства промышленной разведки. Находясь рядом с исследовательскими центрами или офисными окнами, они способны вести детальное визуальное наблюдение или выступать воздушной точкой доступа д",Защита предприятий от дронов | N-TET,Защита предприятий от дронов,Ключевые технические аспекты реализации | Как мы выстраиваем защиту от несанкционированных дронов | Получить экспертное предложение по защите от дронов,.next-five-pages-v2/server/app/ru/solutions/enterprise-airspace-monitoring.html
/ru/solutions/high-rise-firefighting-uav-solution,ru,partial,70,Решение БПЛА для тушения высотных пожаров,2,true,false,true,false,true,1064,12,1.128,1,14,description 未命中关键词; H2 未命中关键词,Решение БПЛА для тушения высотных пожаров | N-TET,"Решение с привязным БПЛА для высотных зданий, плотной городской застройки и промышленных парков: подача воды или состава с высоты, вскрытие окон, дымоудаление, тепловизионная разведка и связь с командным пунктом.",Решение БПЛА для тушения высотных пожаров | N-TET,Решение БПЛА для тушения высотных пожаров,Связанное оборудование | FAQ по решению | Получите экспертную защиту от дронов! | Обзор | Отраслевые задачи | Как БПЛА повышают эффективность | Решение | Связанное оборудование | Связанные проекты | Технические характеристики | Связанное оборудование | FAQ по решению | Получите экспертную защиту от дронов! | Связанные страницы,.next-five-pages-v2/server/app/ru/solutions/high-rise-firefighting-uav-solution.html
/ru/solutions/hydroelectric-dam-protection,ru,strong,85,Защита гидроэлектрических плотин,2,true,false,true,true,true,1215,14,1.152,1,14,description 未命中关键词,Защита гидроэлектрических плотин | N-TET,"Процесс низковысотной безопасности для гидроэлектрических плотин, водохранилищ, машинных залов, водосбросов и инспекционных маршрутов. Он основан на логике защиты критической инфраструктуры и охватывает наблюдение, подтверждение цели, сопро",Защита гидроэлектрических плотин | N-TET,Защита гидроэлектрических плотин,Защита гидроэлектрических плотин Operations | ??????? ????????????? ???????????? ??? ??????? | Модули решения | Связанное оборудование | FAQ по решению | Получите экспертную защиту от дронов! | Обзор | Защита гидроэлектрических плотин Operations | ??????? ????????????? ???????????? ??? ??????? | 袦芯写褍谢懈 褉械褕械薪懈褟 | Связанное оборудование | FAQ по решению | Получите экспертную защиту от дронов! | Связанные страницы,.next-five-pages-v2/server/app/ru/solutions/hydroelectric-dam-protection.html
/ru/solutions/judicial-sector-security,ru,strong,85,Безопасность судебного сектора,2,true,false,true,true,true,1074,13,1.210,1,11,description 未命中关键词,Безопасность судебного сектора | N-TET,"Судебный сектор связан с управлением секретной информацией и лицами высокого риска. Наше решение строит комплексную систему защиты, объединяя оптико-электронный мониторинг, мониторинг низковысотной активности и интеллектуальные терминалы до",Безопасность судебного сектора | N-TET,Безопасность судебного сектора,Безопасность судебного сектора Operations | Технические характеристики | Связанное оборудование | FAQ по решению | Получите экспертную защиту от дронов! | Обзор | Технические характеристики | Связанное оборудование | FAQ по решению | Получите экспертную защиту от дронов! | Связанные страницы,.next-five-pages-v2/server/app/ru/solutions/judicial-sector-security.html
/ru/solutions/land-based-maritime-surveillance,ru,strong,85,Береговое наблюдение и раннее предупреждение,2,true,false,true,true,true,960,13,1.354,1,11,description 未命中关键词,Береговое наблюдение и раннее предупреждение | N-TET,"Интегрированная система морской обороны, объединяющая радарные и оптико-электронные данные для круглосуточного контроля акватории и предотвращения незаконной деятельности. Преодолевает ограничения традиционных методов наблюдения, обеспечива",Береговое наблюдение и раннее предупреждение | N-TET,Береговое наблюдение и раннее предупреждение,Береговое наблюдение и раннее предупреждение Operations | Технические характеристики | Связанное оборудование | FAQ по решению | Получите экспертную защиту от дронов! | Обзор | Технические характеристики | Связанное оборудование | FAQ по решению | Получите экспертную защиту от дронов! | Связанные страницы,.next-five-pages-v2/server/app/ru/solutions/land-based-maritime-surveillance.html
/ru/solutions/low-altitude-airspace-monitoring,ru,weak,15,low-altitude airspace monitoring,5,false,false,false,false,false,1331,0,0.000,1,4,title 未命中关键词; description 未命中关键词; H1 未命中关键词; H2 未命中关键词; 正文未命中精确关键词短语,Low-Altitude Airspace Security & C-UAS | N-TET,"Plan a practical low-altitude monitoring workflow around site conditions, sensing coverage, identity and visual verification, command coordination, authorized response and event records.",low-altitude airspace monitoring | low altitude monitoring system | airspace monitoring solution | low altitude security | C-UAS site planning,Низковысотное воздушное пространство Безопасность критичных объектов,"Cannot See, Cannot Identify, Cannot Control | See Clearly, Identify Clearly, Control Reliably | Equipment Is Organized Around the Operating Loop | Сценарии C-UAS по типу объекта",.next-five-pages-v2/server/app/ru/solutions/low-altitude-airspace-monitoring.html
/ru/solutions/mass-event-airspace-monitoring,ru,partial,70,Защита массовых мероприятий от дронов,2,true,false,true,false,true,646,1,0.155,1,3,description 未命中关键词; H2 未命中关键词,Защита массовых мероприятий от дронов | N-TET,"Олимпиада 2024 года в Париже привлекла внимание к риску несанкционированных дронов после случаев скрытой съемки тренировок спортсменов. Это показало, что воздушные инциденты затрагивают не только физическую безопасность, но и конфиденциальн",Защита массовых мероприятий от дронов | N-TET,Защита массовых мероприятий от дронов,Ключевые технические аспекты реализации | Как мы выстраиваем защиту от несанкционированных дронов | Получить экспертное предложение по защите от дронов,.next-five-pages-v2/server/app/ru/solutions/mass-event-airspace-monitoring.html
/ru/solutions/night-emergency-lighting-support-uav-solution,ru,strong,100,привязной БПЛА для освещения,4,true,true,true,true,true,1446,22,1.521,1,16,,привязной БПЛА для освещения: решение | N-TET,"привязной БПЛА для освещения является основной темой этой страницы; также раскрываются связанные задачи: дрон для освещения, система освещения БПЛА, дрон аварийного освещения.",привязной БПЛА для освещения | дрон для освещения | система освещения БПЛА | дрон аварийного освещения,привязной БПЛА для освещения: решение,привязной БПЛА для освещения: рабочий процесс | Как БПЛА повышают эффективность работ | Модули решения | Связанное оборудование | Связанные кейсы | FAQ по решению | Получите экспертную защиту от дронов! | Обзор | привязной БПЛА для освещения: рабочий процесс | 袣邪泻 袘袩袥袗 锌芯胁褘褕邪褞褌 褝褎褎械泻褌懈胁薪芯褋褌褜 褉邪斜芯褌 | 袦芯写褍谢懈 褉械褕械薪懈褟 | Связанное оборудование | 小胁褟蟹邪薪薪褘械 泻械泄褋褘 | FAQ по решению | Получите экспертную защиту от дронов! | Связанные страницы,.next-five-pages-v2/server/app/ru/solutions/night-emergency-lighting-support-uav-solution.html
/ru/solutions/oil-production-base-protection,ru,strong,100,oil production base C-UAS,5,true,true,true,true,true,1644,18,1.095,1,14,,Oil Production Base C-UAS Solution | N-TET,"This oil production base C-UAS solution supports low-altitude risk detection, target identification, location, tracking, graded warning, and coordinated site response around production units, tank farms, pipeline stations, and loading areas.",oil production base C-UAS | oil and gas C-UAS | low altitude warning | target identification | target tracking,Oil Production Base C-UAS Solution,Oil Production Base C-UAS Operations | Layered Low-Altitude Protection for Oil Production Sites | Модули решения | Связанное оборудование | FAQ по решению | Получите экспертную защиту от дронов! | Обзор | Oil Production Base C-UAS Operations | Layered Low-Altitude Protection for Oil Production Sites | 袦芯写褍谢懈 褉械褕械薪懈褟 | Связанное оборудование | FAQ по решению | Получите экспертную защиту от дронов! | Связанные страницы,.next-five-pages-v2/server/app/ru/solutions/oil-production-base-protection.html
/ru/solutions/port-airspace-monitoring,ru,partial,70,Защита портов от дронов,2,true,false,true,false,true,637,1,0.157,1,3,description 未命中关键词; H2 未命中关键词,Защита портов от дронов | N-TET,"Порт зависит от точного расписания, поэтому даже небольшое вторжение в воздушное пространство может вызвать цепочку задержек и создать угрозу для критически важных объектов — портальных кранов, топливных терминалов и автоматизированных логи",Защита портов от дронов | N-TET,Защита портов от дронов,Ключевые технические аспекты реализации | Как мы выстраиваем защиту от несанкционированных дронов | Получить экспертное предложение по защите от дронов,.next-five-pages-v2/server/app/ru/solutions/port-airspace-monitoring.html
/ru/solutions/portable-drone-detection,ru,weak,0,,0,false,false,false,false,false,0,0,0.000,0,0,缺少 meta keywords; 缺少 H1; 缺少 H2,Промышленные БПЛА для низковысотных операций | N-TET,"От промышленных платформ БПЛА до мониторинга низковысотного воздушного пространства: N-TET помогает инфраструктурным и общественным объектам инспектировать, подтверждать и документировать полевые операции.",,,,.next-five-pages-v2/server/app/ru/solutions/portable-drone-detection.html
/ru/solutions/post-disaster-emergency-communication-support-uav-solution,ru,strong,100,БПЛА аварийной связи,4,true,true,true,true,true,1296,20,1.543,1,16,,Решение БПЛА аварийной связи | N-TET,"БПЛА аварийной связи является основной темой этой страницы; также раскрываются связанные задачи: дрон связи для ликвидации последствий, привязной БПЛА связи, связь общественной безопасности БПЛА.",БПЛА аварийной связи | дрон связи для ликвидации последствий | привязной БПЛА связи | связь общественной безопасности БПЛА,Решение БПЛА аварийной связи,Рабочий процесс БПЛА аварийной связи | Как БПЛА повышают эффективность работ | Модули решения | Связанное оборудование | Связанные кейсы | FAQ по решению | Получите экспертную защиту от дронов! | Обзор | Рабочий процесс БПЛА аварийной связи | 袣邪泻 袘袩袥袗 锌芯胁褘褕邪褞褌 褝褎褎械泻褌懈胁薪芯褋褌褜 褉邪斜芯褌 | 袦芯写褍谢懈 褉械褕械薪懈褟 | Связанное оборудование | 小胁褟蟹邪薪薪褘械 泻械泄褋褘 | FAQ по решению | Получите экспертную защиту от дронов! | Связанные страницы,.next-five-pages-v2/server/app/ru/solutions/post-disaster-emergency-communication-support-uav-solution.html
/ru/solutions/power-generation-facility-low-altitude-monitoring,ru,strong,85,Защита энергетических объектов от БПЛА,2,true,false,true,true,true,1062,13,1.224,1,11,description 未命中关键词,Защита энергетических объектов от БПЛА | N-TET,"Специализированное решение для тепловых и атомных электростанций, а также ключевых подстанций. Автоматически обнаруживает несанкционированную съемку и разведку, предотвращая повреждение линий электропередач. Система включает стационарные и",Защита энергетических объектов от БПЛА | N-TET,Защита энергетических объектов от БПЛА,Защита энергетических объектов от БПЛА Operations | Технические характеристики | Связанное оборудование | FAQ по решению | Получите экспертную защиту от дронов! | Обзор | Технические характеристики | Связанное оборудование | FAQ по решению | Получите экспертную защиту от дронов! | Связанные страницы,.next-five-pages-v2/server/app/ru/solutions/power-generation-facility-low-altitude-monitoring.html
/ru/solutions/power-line-uav-intelligent-inspection-solution,ru,strong,85,БПЛА для инспекции линий электропередачи,4,true,true,true,false,true,1561,18,1.153,1,12,H2 未命中关键词,Решение БПЛА для инспекции линий электропередачи | N-TET,"БПЛА для инспекции линий электропередачи является основной темой этой страницы; также раскрываются связанные задачи: инспекция линий электропередачи БПЛА, дрон для инспекции опор, БПЛА для инспекции коммунальных объектов.",БПЛА для инспекции линий электропередачи | инспекция линий электропередачи БПЛА | дрон для инспекции опор | БПЛА для инспекции коммунальных объектов,Решение БПЛА для инспекции линий электропередачи,Рабочий процесс инспекции линий электропередачи БПЛА | Как БПЛА повышают эффективность работ | Модули решения | FAQ по решению | Получите экспертную защиту от дронов! | Обзор | Рабочий процесс инспекции линий электропередачи БПЛА | 袣邪泻 袘袩袥袗 锌芯胁褘褕邪褞褌 褝褎褎械泻褌懈胁薪芯褋褌褜 褉邪斜芯褌 | 袦芯写褍谢懈 褉械褕械薪懈褟 | FAQ по решению | Получите экспертную защиту от дронов! | Связанные страницы,.next-five-pages-v2/server/app/ru/solutions/power-line-uav-intelligent-inspection-solution.html
/ru/solutions/power-plant-airspace-monitoring,ru,partial,70,Защита электростанций от дронов,2,true,false,true,false,true,637,1,0.157,1,3,description 未命中关键词; H2 未命中关键词,Защита электростанций от дронов | N-TET,Развертывание C-UAS на атомной электростанции должно прежде всего поддерживать раннее обнаружение рисков для систем охлаждения и других критических зон. Упреждающий мониторинг также помогает снизить риск промышленного шпионажа и поддерживат,Защита электростанций от дронов | N-TET,Защита электростанций от дронов,Ключевые технические аспекты реализации | Как мы выстраиваем защиту от несанкционированных дронов | Получить экспертное предложение по защите от дронов,.next-five-pages-v2/server/app/ru/solutions/power-plant-airspace-monitoring.html
/ru/solutions/power-tower-inspection-uav-solution,ru,partial,70,Решение БПЛА для инспекции опор ЛЭП,2,true,false,true,false,true,1068,12,1.124,1,16,description 未命中关键词; H2 未命中关键词,Решение БПЛА для инспекции опор ЛЭП | N-TET,"Решение на базе БПЛА для эксплуатации линий электропередачи: плановые обходы, локализация неисправностей, аварийные осмотры, контроль древесных помех и выпуск отчетов.",Решение БПЛА для инспекции опор ЛЭП | N-TET,Решение БПЛА для инспекции опор ЛЭП,Связанное оборудование | Связанные кейсы | FAQ по решению | Получите экспертную защиту от дронов! | Обзор | Отраслевые задачи | Как БПЛА повышают эффективность | Решение | Связанное оборудование | Связанные проекты | Технические характеристики | Связанное оборудование | 小胁褟蟹邪薪薪褘械 泻械泄褋褘 | FAQ по решению | Получите экспертную защиту от дронов! | Связанные страницы,.next-five-pages-v2/server/app/ru/solutions/power-tower-inspection-uav-solution.html
/ru/solutions/public-safety-airspace-monitoring,ru,partial,70,Мониторинг дронов для общественной безопасности,2,true,false,true,false,true,605,1,0.165,1,3,description 未命中关键词; H2 未命中关键词,Мониторинг дронов для общественной безопасности | N-TET,"Несанкционированные дроны превратились из простого неудобства в значимый риск для общественной безопасности. Их могут использовать для незаконной аэрофотосъемки, наблюдения за чувствительными объектами и доставки опасных грузов. Для снижени",Мониторинг дронов для общественной безопасности | N-TET,Мониторинг дронов для общественной безопасности,Ключевые технические аспекты реализации | Как мы выстраиваем защиту от несанкционированных дронов | Получить экспертное предложение по защите от дронов,.next-five-pages-v2/server/app/ru/solutions/public-safety-airspace-monitoring.html
/ru/solutions/rf-interference-device,ru,weak,0,,0,false,false,false,false,false,0,0,0.000,0,0,缺少 meta keywords; 缺少 H1; 缺少 H2,Промышленные БПЛА для низковысотных операций | N-TET,"От промышленных платформ БПЛА до мониторинга низковысотного воздушного пространства: N-TET помогает инфраструктурным и общественным объектам инспектировать, подтверждать и документировать полевые операции.",,,,.next-five-pages-v2/server/app/ru/solutions/rf-interference-device.html
/ru/solutions/smart-substation-autonomous-inspection-solution,ru,partial,70,Решение автономной инспекции подстанций с БПЛА,2,true,false,true,false,true,1066,12,1.126,1,16,description 未命中关键词; H2 未命中关键词,Решение автономной инспекции подстанций с БПЛА | N-TET,"Решение автономной инспекции подстанций, объединяющее док-станцию БПЛА, промышленную платформу, мультисенсорные нагрузки, аналитику ИИ и систему управления для автономных обходов, теплового контроля, распознавания дефектов и закрытия заявок",Решение автономной инспекции подстанций с БПЛА | N-TET,Решение автономной инспекции подстанций с БПЛА,Связанное оборудование | Связанные кейсы | FAQ по решению | Получите экспертную защиту от дронов! | Обзор | Отраслевые задачи | Как БПЛА повышают эффективность | Решение | Связанное оборудование | Связанные проекты | Технические характеристики | Связанное оборудование | 小胁褟蟹邪薪薪褘械 泻械泄褋褘 | FAQ по решению | Получите экспертную защиту от дронов! | Связанные страницы,.next-five-pages-v2/server/app/ru/solutions/smart-substation-autonomous-inspection-solution.html
/ru/solutions/smart-substation-unattended-uav-inspection-solution,ru,strong,100,автономная инспекция умных подстанций,4,true,true,true,true,true,1376,20,1.453,1,16,,автономная инспекция умных подстанций: решение | N-TET,"автономная инспекция умных подстанций является основной темой этой страницы; также раскрываются связанные задачи: дрон для инспекции подстанций, инспекция энергетических объектов БПЛА, автономная инспекция БПЛА.",автономная инспекция умных подстанций | дрон для инспекции подстанций | инспекция энергетических объектов БПЛА | автономная инспекция БПЛА,автономная инспекция умных подстанций: решение,автономная инспекция умных подстанций: рабочий процесс | How UAVs Upgrade Substation Inspection | Модули решения | Связанное оборудование | Связанные кейсы | FAQ по решению | Получите экспертную защиту от дронов! | Обзор | автономная инспекция умных подстанций: рабочий процесс | How UAVs Upgrade Substation Inspection | 袦芯写褍谢懈 褉械褕械薪懈褟 | Связанное оборудование | 小胁褟蟹邪薪薪褘械 泻械泄褋褘 | FAQ по решению | Получите экспертную защиту от дронов! | Связанные страницы,.next-five-pages-v2/server/app/ru/solutions/smart-substation-unattended-uav-inspection-solution.html
/ru/solutions/sports-event-security,ru,strong,85,Безопасность крупных спортивных мероприятий,2,true,false,true,true,true,1529,14,0.916,1,14,description 未命中关键词,Безопасность крупных спортивных мероприятий | N-TET,"Защита мероприятий и выставок с числом участников более 10 000 человек. Решение проблем высокой плотности людей, управления потоками и слепых зон в безопасности. Объединяет предупреждение о БПЛА с интеллектуальными терминалами досмотра для",Безопасность крупных спортивных мероприятий | N-TET,Безопасность крупных спортивных мероприятий,Безопасность крупных спортивных мероприятий Operations | How Integrated Monitoring and Screening Support Large Events | Модули решения | Связанное оборудование | FAQ по решению | Получите экспертную защиту от дронов! | Обзор | Безопасность крупных спортивных мероприятий Operations | How Integrated Monitoring and Screening Support Large Events | 袦芯写褍谢懈 褉械褕械薪懈褟 | Связанное оборудование | FAQ по решению | Получите экспертную защиту от дронов! | Связанные страницы,.next-five-pages-v2/server/app/ru/solutions/sports-event-security.html
/ru/solutions/tethered-lighting-uav-solution,ru,partial,70,Решение привязного осветительного БПЛА,2,true,false,true,false,true,1002,12,1.198,1,16,description 未命中关键词; H2 未命中关键词,Решение привязного осветительного БПЛА | N-TET,"Решение длительного воздушного освещения для ночных спасательных работ, аварийного ремонта, эвакуации и временных площадок за счет непрерывной подсветки с высоты.",Решение привязного осветительного БПЛА | N-TET,Решение привязного осветительного БПЛА,Связанное оборудование | Связанные кейсы | FAQ по решению | Получите экспертную защиту от дронов! | Обзор | Отраслевые задачи | Как БПЛА повышают эффективность | Решение | Связанное оборудование | Связанные проекты | Технические характеристики | Связанное оборудование | 小胁褟蟹邪薪薪褘械 泻械泄褋褘 | FAQ по решению | Получите экспертную защиту от дронов! | Связанные страницы,.next-five-pages-v2/server/app/ru/solutions/tethered-lighting-uav-solution.html
/ru/solutions/uav-maritime-emergency-rescue,ru,strong,85,Аварийно-спасательные операции БПЛА на море,2,true,false,true,true,true,1012,13,1.285,1,11,description 未命中关键词,Аварийно-спасательные операции БПЛА на море | N-TET,"Быстрое реагирование на чрезвычайные ситуации в море: разведка, передача панорамного изображения в реальном времени, поиск пострадавших с помощью ИК-датчиков и точная доставка спасательных средств (жилетов, аптечек) в кратчайшие сроки.",Аварийно-спасательные операции БПЛА на море | N-TET,Аварийно-спасательные операции БПЛА на море,Аварийно-спасательные операции БПЛА на море Operations | Технические характеристики | Связанное оборудование | FAQ по решению | Получите экспертную защиту от дронов! | Обзор | Технические характеристики | Связанное оборудование | FAQ по решению | Получите экспертную защиту от дронов! | Связанные страницы,.next-five-pages-v2/server/app/ru/solutions/uav-maritime-emergency-rescue.html
/ru/solutions/uav-maritime-patrol,ru,strong,85,БПЛА для морского патрулирования,4,true,true,true,false,true,1393,21,1.508,1,16,H2 未命中关键词,Решение БПЛА для морского патрулирования | N-TET,"БПЛА для морского патрулирования является основной темой этой страницы; также раскрываются связанные задачи: дрон для прибрежного мониторинга, БПЛА для пограничного патрулирования, БПЛА для охраны границ.",БПЛА для морского патрулирования | дрон для прибрежного мониторинга | БПЛА для пограничного патрулирования | БПЛА для охраны границ,Решение БПЛА для морского патрулирования,Рабочий процесс морского патрулирования БПЛА | Как БПЛА повышают эффективность работ | Модули решения | Связанное оборудование | Связанные кейсы | FAQ по решению | Получите экспертную защиту от дронов! | Обзор | Рабочий процесс морского патрулирования БПЛА | 袣邪泻 袘袩袥袗 锌芯胁褘褕邪褞褌 褝褎褎械泻褌懈胁薪芯褋褌褜 褉邪斜芯褌 | 袦芯写褍谢懈 褉械褕械薪懈褟 | Связанное оборудование | 小胁褟蟹邪薪薪褘械 泻械泄褋褘 | FAQ по решению | Получите экспертную защиту от дронов! | Связанные страницы,.next-five-pages-v2/server/app/ru/solutions/uav-maritime-patrol.html
/ru/solutions/urban-high-rise-firefighting-emergency-uav-solution,ru,strong,100,пожарный БПЛА,4,true,true,true,true,true,1297,20,1.542,1,16,,пожарный БПЛА: решение | N-TET,"пожарный БПЛА является основной темой этой страницы; также раскрываются связанные задачи: БПЛА для тушения высотных зданий, дрон для пожаротушения, пожарные дроны.",пожарный БПЛА | БПЛА для тушения высотных зданий | дрон для пожаротушения | пожарные дроны,пожарный БПЛА: решение,пожарный БПЛА: рабочий процесс | Как БПЛА повышают эффективность работ | Модули решения | Связанное оборудование | Связанные кейсы | FAQ по решению | Получите экспертную защиту от дронов! | Обзор | пожарный БПЛА: рабочий процесс | 袣邪泻 袘袩袥袗 锌芯胁褘褕邪褞褌 褝褎褎械泻褌懈胁薪芯褋褌褜 褉邪斜芯褌 | 袦芯写褍谢懈 褉械褕械薪懈褟 | Связанное оборудование | 小胁褟蟹邪薪薪褘械 泻械泄褋褘 | FAQ по решению | Получите экспертную защиту от дронов! | Связанные страницы,.next-five-pages-v2/server/app/ru/solutions/urban-high-rise-firefighting-emergency-uav-solution.html
/ru/solutions/vip-private-property-airspace-monitoring,ru,partial,70,Мониторинг дронов для VIP-объектов и частной собственности,2,true,false,true,false,true,586,1,0.171,1,3,description 未命中关键词; H2 未命中关键词,Мониторинг дронов для VIP-объектов и частной собственности | N-TET,Решение помогает службам безопасности обеспечить круговую защиту приватности. Сочетание малозаметного стационарного мониторинга и мобильных переносных средств расширяет периметр охраны с земли на воздушное пространство и снижает риски промы,Мониторинг дронов для VIP-объектов и частной собственности | N-TET,Мониторинг дронов для VIP-объектов и частной собственности,Ключевые технические аспекты реализации | Как мы выстраиваем защиту от несанкционированных дронов | Получить экспертное предложение по защите от дронов,.next-five-pages-v2/server/app/ru/solutions/vip-private-property-airspace-monitoring.html
/ru/solutions/water-conservancy-monitoring-uav-solution,ru,partial,70,Решение БПЛА для мониторинга водного хозяйства,2,true,false,true,false,true,1063,12,1.129,1,16,description 未命中关键词; H2 未命中关键词,Решение БПЛА для мониторинга водного хозяйства | N-TET,"Решение БПЛА для мониторинга рек, озер, водохранилищ, паводковых задач, инспекции гидротехнических объектов, отбора проб воды, поиска источников загрязнения и фиксации доказательств.",Решение БПЛА для мониторинга водного хозяйства | N-TET,Решение БПЛА для мониторинга водного хозяйства,Связанное оборудование | Связанные кейсы | FAQ по решению | Получите экспертную защиту от дронов! | Обзор | Отраслевые задачи | Как БПЛА повышают эффективность | Решение | Связанное оборудование | Связанные проекты | Технические характеристики | Связанное оборудование | 小胁褟蟹邪薪薪褘械 泻械泄褋褘 | FAQ по решению | Получите экспертную защиту от дронов! | Связанные страницы,.next-five-pages-v2/server/app/ru/solutions/water-conservancy-monitoring-uav-solution.html
/ru/solutions/water-conservancy-river-lake-uav-monitoring-solution,ru,strong,85,БПЛА для мониторинга водного хозяйства,4,true,true,true,false,true,1433,20,1.396,1,16,H2 未命中关键词,Решение БПЛА для мониторинга водного хозяйства | N-TET,"БПЛА для мониторинга водного хозяйства является основной темой этой страницы; также раскрываются связанные задачи: БПЛА для инспекции дамб, мониторинг рек и озер БПЛА, дрон для мониторинга паводков.",БПЛА для мониторинга водного хозяйства | БПЛА для инспекции дамб | мониторинг рек и озер БПЛА | дрон для мониторинга паводков,Решение БПЛА для мониторинга водного хозяйства,Рабочий процесс мониторинга водного хозяйства БПЛА | Как БПЛА повышают эффективность работ | Модули решения | Связанное оборудование | Связанные кейсы | FAQ по решению | Получите экспертную защиту от дронов! | Обзор | Рабочий процесс мониторинга водного хозяйства БПЛА | 袣邪泻 袘袩袥袗 锌芯胁褘褕邪褞褌 褝褎褎械泻褌懈胁薪芯褋褌褜 褉邪斜芯褌 | 袦芯写褍谢懈 褉械褕械薪懈褟 | Связанное оборудование | 小胁褟蟹邪薪薪褘械 泻械泄褋褘 | FAQ по решению | Получите экспертную защиту от дронов! | Связанные страницы,.next-five-pages-v2/server/app/ru/solutions/water-conservancy-river-lake-uav-monitoring-solution.html
