route,locale,canonical_english_route,page_type,compliance_tier,audit_status,audit_score,primary_keyword,keyword_count,meta_keywords,title_hit,description_hit,h1_hit,h2_hit,body_hit,keyword_density_pct,mapping_status,from_google_ads_keywords,mapped_clusters,mapped_cluster_rows,matched_business_groups,matched_ads_keywords,keyword_sources,planned_priority,planned_page_role,implementation_action,issues,title,description,file
/en,en,/en,home,normal,partial,70,industrial UAV systems,6,industrial UAV systems | low altitude monitoring | UAV inspection drone | emergency response UAV | drone detection equipment | security screening systems,true,false,true,false,true,0.358,命中关键词库但未规划,是,,,Drone Detection & Airspace Monitoring,drone detection equipment,cleaned_master,,,补入关键词规划表，明确主落地页和辅助词,description 未命中关键词; H2 未命中关键词,Industrial UAV Systems & Low-Altitude Monitoring | N-TET,"N-TET builds industrial UAV platforms, low-altitude monitoring equipment, emergency response drones, inspection systems, and security screening solutions for infrastructure operators.",.next/server/app/en.html
/en/about,en,/en/about,brand,normal,weak,45,industrial UAV manufacturer,5,industrial UAV manufacturer | low altitude monitoring manufacturer | UAV system supplier | security equipment manufacturer | N-TET,true,true,false,false,false,0.000,命中关键词库但未规划,是,,,Industrial UAV Systems,industrial UAV manufacturer,cleaned_master,,,补入关键词规划表，明确主落地页和辅助词,H1 未命中关键词; H2 未命中关键词; 正文未命中精确关键词短语,About N-TET | Industrial UAV & Monitoring Systems Manufacturer,"Learn about N-TET engineering, R&D, and manufacturing capabilities for industrial UAV systems, low-altitude monitoring equipment, and security technologies.",.next/server/app/en/about.html
/en/accessories,en,/en/accessories,accessory_index,normal,strong,80,drone accessories,8,drone accessories | UAV components | UAV gimbal | UAV engine | UAV data link | drone propellers | UAV motors | flight controller,true,false,true,true,true,4.789,命中关键词库但未规划,是,,,General Drone/UAV Broad,drone accessories | UAV components | UAV gimbal | UAV engine | UAV data link | drone propellers | UAV motors,cleaned_master,,,补入关键词规划表，明确主落地页和辅助词,description 未命中关键词; 关键词密度偏高，需检查堆砌风险,Drone Accessories & UAV Components | N-TET,"Browse N-TET UAV accessories including electro-optical gimbals, UAV engines, data links, propellers, motors, batteries, remote controllers, and flight controllers.",.next/server/app/en/accessories.html
/en/accessories/fc-bt1,en,/en/accessories/fc-bt1,accessory_detail,normal,strong,85,FC-BT1 UAV Solid-State Battery,4,FC-BT1 UAV Solid-State Battery | drone accessories | UAV components | industrial UAV parts,true,false,true,true,true,0.303,命中关键词库但未规划,是,,,General Drone/UAV Broad,drone accessories | UAV components,cleaned_master,,,补入关键词规划表，明确主落地页和辅助词,description 未命中关键词,FC-BT1 UAV Solid-State Battery | N-TET Drone Accessories,"FC-BT1 is a 280Wh/kg, 4.2V 10C solid-state lithium-ion battery series covering 16Ah-30Ah capacities for inspection, mapping, VTOL, multi-rotor industrial UAVs, robots, and unmanned vessels.",.next/server/app/en/accessories/fc-bt1.html
/en/accessories/fc-bt2,en,/en/accessories/fc-bt2,accessory_detail,normal,strong,85,FC-BT2 UAV Solid-State Battery,4,FC-BT2 UAV Solid-State Battery | drone accessories | UAV components | industrial UAV parts,true,false,true,true,true,0.347,命中关键词库但未规划,是,,,General Drone/UAV Broad,drone accessories | UAV components,cleaned_master,,,补入关键词规划表，明确主落地页和辅助词,description 未命中关键词,FC-BT2 UAV Solid-State Battery | N-TET Drone Accessories,"FC-BT2 is an upgraded FC-BT1 series with 310Wh/kg energy density, improved wind resistance and landing safety, and stable performance for inspection, mapping, VTOL, and multi-rotor industrial UAVs.",.next/server/app/en/accessories/fc-bt2.html
/en/accessories/fc-bt3,en,/en/accessories/fc-bt3,accessory_detail,normal,strong,85,FC-BT3 High-Voltage UAV Solid-State Battery,4,FC-BT3 High-Voltage UAV Solid-State Battery | drone accessories | UAV components | industrial UAV parts,true,false,true,true,true,0.336,命中关键词库但未规划,是,,,General Drone/UAV Broad,drone accessories | UAV components,cleaned_master,,,补入关键词规划表，明确主落地页和辅助词,description 未命中关键词,FC-BT3 High-Voltage UAV Solid-State Battery | N-TET Drone Accessories,FC-BT3 is a 4.35V high-voltage solid-state battery series with higher discharge rate and lower voltage sag for heavy-lift VTOL and aircraft with large differences between vertical-lift and cruise power demand.,.next/server/app/en/accessories/fc-bt3.html
/en/accessories/fc-bt4,en,/en/accessories/fc-bt4,accessory_detail,normal,strong,85,FC-BT4 High-Energy UAV Solid-State Battery,4,FC-BT4 High-Energy UAV Solid-State Battery | drone accessories | UAV components | industrial UAV parts,true,false,true,true,true,0.220,命中关键词库但未规划,是,,,General Drone/UAV Broad,drone accessories | UAV components,cleaned_master,,,补入关键词规划表，明确主落地页和辅助词,description 未命中关键词,FC-BT4 High-Energy UAV Solid-State Battery | N-TET Drone Accessories,"FC-BT4 is a 340Wh/kg high-energy-density solid-state battery series balancing low voltage sag, high safety, long service life, and cost performance for reconnaissance, solar, mapping, security, and long-endurance UAVs.",.next/server/app/en/accessories/fc-bt4.html
/en/accessories/fc-btg,en,/en/accessories/fc-btg,accessory_detail,normal,strong,85,FC-BTG Training UAV Solid-State Battery,4,FC-BTG Training UAV Solid-State Battery | drone accessories | UAV components | industrial UAV parts,true,false,true,true,true,0.439,命中关键词库但未规划,是,,,General Drone/UAV Broad,drone accessories | UAV components,cleaned_master,,,补入关键词规划表，明确主落地页和辅助词,description 未命中关键词,FC-BTG Training UAV Solid-State Battery | N-TET Drone Accessories,"FC-BTG is a cost-effective solid-state battery series for training, logistics, and power-operation scenarios, covering FC-BTG-TG1 and FC-BTG-TG3 configurations with stable output, long endurance, and training-friendly adaptation.",.next/server/app/en/accessories/fc-btg.html
/en/accessories/fc-c2d-propeller,en,/en/accessories/fc-c2d-propeller,accessory_detail,normal,strong,85,FC-C2D UAV Propeller,4,FC-C2D UAV Propeller | drone accessories | UAV components | industrial UAV parts,true,false,true,true,true,0.721,命中关键词库但未规划,是,,,General Drone/UAV Broad,drone accessories | UAV components,cleaned_master,,,补入关键词规划表，明确主落地页和辅助词,description 未命中关键词,FC-C2D UAV Propeller | N-TET Drone Accessories,Dimension range: 11~42 in; maximum thrust: 12.42kgf (7000RPM); peak propeller efficiency: 11.08gf/W (2821RPM).,.next/server/app/en/accessories/fc-c2d-propeller.html
/en/accessories/fc-c2e-propeller,en,/en/accessories/fc-c2e-propeller,accessory_detail,normal,strong,85,FC-C2E UAV Propeller,4,FC-C2E UAV Propeller | drone accessories | UAV components | industrial UAV parts,true,false,true,true,true,0.746,命中关键词库但未规划,是,,,General Drone/UAV Broad,drone accessories | UAV components,cleaned_master,,,补入关键词规划表，明确主落地页和辅助词,description 未命中关键词,FC-C2E UAV Propeller | N-TET Drone Accessories,Dimension range: 8~32 in; maximum thrust: 10.84kgf (6261RPM); peak propeller efficiency: 10.83gf/W (3442RPM).,.next/server/app/en/accessories/fc-c2e-propeller.html
/en/accessories/fc-c2t-propeller,en,/en/accessories/fc-c2t-propeller,accessory_detail,normal,strong,85,FC-C2T UAV Propeller,4,FC-C2T UAV Propeller | drone accessories | UAV components | industrial UAV parts,true,false,true,true,true,0.732,命中关键词库但未规划,是,,,General Drone/UAV Broad,drone accessories | UAV components,cleaned_master,,,补入关键词规划表，明确主落地页和辅助词,description 未命中关键词,FC-C2T UAV Propeller | N-TET Drone Accessories,Dimension range: 14~46 in; maximum thrust: 24.99kgf (7850RPM); peak propeller efficiency: 8.49gf/W (3036RPM).,.next/server/app/en/accessories/fc-c2t-propeller.html
/en/accessories/fc-c2u-propeller,en,/en/accessories/fc-c2u-propeller,accessory_detail,normal,strong,85,FC-C2U UAV Propeller,4,FC-C2U UAV Propeller | drone accessories | UAV components | industrial UAV parts,true,false,true,true,true,0.736,命中关键词库但未规划,是,,,General Drone/UAV Broad,drone accessories | UAV components,cleaned_master,,,补入关键词规划表，明确主落地页和辅助词,description 未命中关键词,FC-C2U UAV Propeller | N-TET Drone Accessories,Dimension range: 16~47 in; maximum thrust: 38.70kgf (7279RPM); peak propeller efficiency: 12.63gf/W (2309RPM).,.next/server/app/en/accessories/fc-c2u-propeller.html
/en/accessories/fc-c2ud-propeller,en,/en/accessories/fc-c2ud-propeller,accessory_detail,normal,strong,85,FC-C2UD UAV Propeller,4,FC-C2UD UAV Propeller | drone accessories | UAV components | industrial UAV parts,true,false,true,true,true,0.712,命中关键词库但未规划,是,,,General Drone/UAV Broad,drone accessories | UAV components,cleaned_master,,,补入关键词规划表，明确主落地页和辅助词,description 未命中关键词,FC-C2UD UAV Propeller | N-TET Drone Accessories,Dimension range: 18~40 in; maximum thrust: 37.65kgf (7838RPM); peak propeller efficiency: 6.64gf/W (3720RPM).,.next/server/app/en/accessories/fc-c2ud-propeller.html
/en/accessories/fc-fdj-111,en,/en/accessories/fc-fdj-111,accessory_detail,normal,strong,100,FC-FDJ-111 UAV Engine,4,FC-FDJ-111 UAV Engine | drone accessories | UAV components | industrial UAV parts,true,true,true,true,true,0.995,命中关键词库但未规划,是,,,General Drone/UAV Broad,drone accessories | UAV components,cleaned_master,,,补入关键词规划表，明确主落地页和辅助词,,FC-FDJ-111 UAV Engine | N-TET Drone Accessories,"FC-FDJ-111 UAV engine with displacement 111.2cm3, power/performance 11.2HP/7500rpm, static thrust 25.5kg/altitude 100m.",.next/server/app/en/accessories/fc-fdj-111.html
/en/accessories/fc-fdj-120,en,/en/accessories/fc-fdj-120,accessory_detail,normal,strong,100,FC-FDJ-120 UAV Engine,4,FC-FDJ-120 UAV Engine | drone accessories | UAV components | industrial UAV parts,true,true,true,true,true,1.012,命中关键词库但未规划,是,,,General Drone/UAV Broad,drone accessories | UAV components,cleaned_master,,,补入关键词规划表，明确主落地页和辅助词,,FC-FDJ-120 UAV Engine | N-TET Drone Accessories,"FC-FDJ-120 UAV engine with displacement 120cm3, power/performance 12HP/7500rpm, static thrust 26.5kg/altitude 100m.",.next/server/app/en/accessories/fc-fdj-120.html
/en/accessories/fc-fdj-120hd,en,/en/accessories/fc-fdj-120hd,accessory_detail,normal,strong,100,FC-FDJ-120HD UAV Engine,4,FC-FDJ-120HD UAV Engine | drone accessories | UAV components | industrial UAV parts,true,true,true,true,true,1.040,命中关键词库但未规划,是,,,General Drone/UAV Broad,drone accessories | UAV components,cleaned_master,,,补入关键词规划表，明确主落地页和辅助词,,FC-FDJ-120HD UAV Engine | N-TET Drone Accessories,"FC-FDJ-120HD UAV engine with displacement 120cm3, power/performance 7.35KW(0altitude)/8000rpm.",.next/server/app/en/accessories/fc-fdj-120hd.html
/en/accessories/fc-fdj-170,en,/en/accessories/fc-fdj-170,accessory_detail,normal,strong,100,FC-FDJ-170 UAV Engine,4,FC-FDJ-170 UAV Engine | drone accessories | UAV components | industrial UAV parts,true,true,true,true,true,1.020,命中关键词库但未规划,是,,,General Drone/UAV Broad,drone accessories | UAV components,cleaned_master,,,补入关键词规划表，明确主落地页和辅助词,,FC-FDJ-170 UAV Engine | N-TET Drone Accessories,"FC-FDJ-170 UAV engine with displacement 170cm3, power/performance 17.5HP/7500rpm, static thrust 35kg/altitude 100m.",.next/server/app/en/accessories/fc-fdj-170.html
/en/accessories/fc-fdj-200,en,/en/accessories/fc-fdj-200,accessory_detail,normal,strong,100,FC-FDJ-200 UAV Engine,4,FC-FDJ-200 UAV Engine | drone accessories | UAV components | industrial UAV parts,true,true,true,true,true,1.030,命中关键词库但未规划,是,,,General Drone/UAV Broad,drone accessories | UAV components,cleaned_master,,,补入关键词规划表，明确主落地页和辅助词,,FC-FDJ-200 UAV Engine | N-TET Drone Accessories,"FC-FDJ-200 UAV engine with displacement 200CC, power/performance 20HP/7500rpm.",.next/server/app/en/accessories/fc-fdj-200.html
/en/accessories/fc-fdj-222,en,/en/accessories/fc-fdj-222,accessory_detail,normal,strong,100,FC-FDJ-222 UAV Engine,4,FC-FDJ-222 UAV Engine | drone accessories | UAV components | industrial UAV parts,true,true,true,true,true,1.012,命中关键词库但未规划,是,,,General Drone/UAV Broad,drone accessories | UAV components,cleaned_master,,,补入关键词规划表，明确主落地页和辅助词,,FC-FDJ-222 UAV Engine | N-TET Drone Accessories,"FC-FDJ-222 UAV engine with displacement 222.5cm3, power/performance 21.5HP/7500rpm, static thrust 51kg/altitude 100m.",.next/server/app/en/accessories/fc-fdj-222.html
/en/accessories/fc-fdj-430,en,/en/accessories/fc-fdj-430,accessory_detail,normal,strong,100,FC-FDJ-430 UAV Engine,4,FC-FDJ-430 UAV Engine | drone accessories | UAV components | industrial UAV parts,true,true,true,true,true,0.913,命中关键词库但未规划,是,,,General Drone/UAV Broad,drone accessories | UAV components,cleaned_master,,,补入关键词规划表，明确主落地页和辅助词,,FC-FDJ-430 UAV Engine | N-TET Drone Accessories,"FC-FDJ-430 UAV engine with displacement 430.8cc, power/performance 42HP at 6800 RPM, static thrust 110kg.",.next/server/app/en/accessories/fc-fdj-430.html
/en/accessories/fc-fdj-55,en,/en/accessories/fc-fdj-55,accessory_detail,normal,strong,100,FC-FDJ-55 UAV Engine,4,FC-FDJ-55 UAV Engine | drone accessories | UAV components | industrial UAV parts,true,true,true,true,true,0.991,命中关键词库但未规划,是,,,General Drone/UAV Broad,drone accessories | UAV components,cleaned_master,,,补入关键词规划表，明确主落地页和辅助词,,FC-FDJ-55 UAV Engine | N-TET Drone Accessories,"FC-FDJ-55 UAV engine with displacement 55.6cm3, power/performance 5.5HP/8500rpm, static thrust 14.5kg/altitude 100m.",.next/server/app/en/accessories/fc-fdj-55.html
/en/accessories/fc-fdj-60,en,/en/accessories/fc-fdj-60,accessory_detail,normal,strong,100,FC-FDJ-60 UAV Engine,4,FC-FDJ-60 UAV Engine | drone accessories | UAV components | industrial UAV parts,true,true,true,true,true,1.012,命中关键词库但未规划,是,,,General Drone/UAV Broad,drone accessories | UAV components,cleaned_master,,,补入关键词规划表，明确主落地页和辅助词,,FC-FDJ-60 UAV Engine | N-TET Drone Accessories,"FC-FDJ-60 UAV engine with displacement 61cm3, power/performance 7HP/8500rpm, static thrust 15.2kg/altitude 100m.",.next/server/app/en/accessories/fc-fdj-60.html
/en/accessories/fc-fdj-61,en,/en/accessories/fc-fdj-61,accessory_detail,normal,strong,100,FC-FDJ-61 UAV Engine,4,FC-FDJ-61 UAV Engine | drone accessories | UAV components | industrial UAV parts,true,true,true,true,true,1.012,命中关键词库但未规划,是,,,General Drone/UAV Broad,drone accessories | UAV components,cleaned_master,,,补入关键词规划表，明确主落地页和辅助词,,FC-FDJ-61 UAV Engine | N-TET Drone Accessories,"FC-FDJ-61 UAV engine with displacement 60cm3, power/performance 6HP/7500rpm, static thrust 15kg/altitude 100m.",.next/server/app/en/accessories/fc-fdj-61.html
/en/accessories/fc-fdj-70hd,en,/en/accessories/fc-fdj-70hd,accessory_detail,normal,strong,100,FC-FDJ-70HD UAV Engine,4,FC-FDJ-70HD UAV Engine | drone accessories | UAV components | industrial UAV parts,true,true,true,true,true,1.038,命中关键词库但未规划,是,,,General Drone/UAV Broad,drone accessories | UAV components,cleaned_master,,,补入关键词规划表，明确主落地页和辅助词,,FC-FDJ-70HD UAV Engine | N-TET Drone Accessories,"FC-FDJ-70HD UAV engine with displacement 70cm3, power/performance 4.2KW(0altitude)/8300rpm.",.next/server/app/en/accessories/fc-fdj-70hd.html
/en/accessories/fc-fdj-85,en,/en/accessories/fc-fdj-85,accessory_detail,normal,strong,100,FC-FDJ-85 UAV Engine,4,FC-FDJ-85 UAV Engine | drone accessories | UAV components | industrial UAV parts,true,true,true,true,true,1.012,命中关键词库但未规划,是,,,General Drone/UAV Broad,drone accessories | UAV components,cleaned_master,,,补入关键词规划表，明确主落地页和辅助词,,FC-FDJ-85 UAV Engine | N-TET Drone Accessories,"FC-FDJ-85 UAV engine with displacement 85cm3, power/performance 8.5HP/9000rpm, static thrust 21kg/altitude 100m.",.next/server/app/en/accessories/fc-fdj-85.html
/en/accessories/fc-l10tr-three-light-gimbal,en,/en/accessories/fc-l10tr-three-light-gimbal,accessory_detail,normal,strong,100,FC-L10TR Electro-Optical Gimbal,4,FC-L10TR Electro-Optical Gimbal | drone accessories | UAV components | industrial UAV parts,true,true,true,true,true,0.714,命中关键词库但未规划,是,,,General Drone/UAV Broad,drone accessories | UAV components,cleaned_master,,,补入关键词规划表，明确主落地页和辅助词,,FC-L10TR Electro-Optical Gimbal | N-TET Drone Accessories,"FC-L10TR electro-optical gimbal: 10x continuous optical zoom + thermal imaging + 905nm laser ranging; 5m-1500m laser ranging, weight <=800g.",.next/server/app/en/accessories/fc-l10tr-three-light-gimbal.html
/en/accessories/fc-l40-smart-optical-pod,en,/en/accessories/fc-l40-smart-optical-pod,accessory_detail,normal,strong,100,FC-L40 Electro-Optical Gimbal,4,FC-L40 Electro-Optical Gimbal | drone accessories | UAV components | industrial UAV parts,true,true,true,true,true,0.792,命中关键词库但未规划,是,,,General Drone/UAV Broad,drone accessories | UAV components,cleaned_master,,,补入关键词规划表，明确主落地页和辅助词,,FC-L40 Electro-Optical Gimbal | N-TET Drone Accessories,"FC-L40 electro-optical gimbal: 40x visible-light optical zoom; Weight <=1kg, dimensions <=Phi115mm x 175mm.",.next/server/app/en/accessories/fc-l40-smart-optical-pod.html
/en/accessories/fc-l40t-dual-light-gimbal,en,/en/accessories/fc-l40t-dual-light-gimbal,accessory_detail,normal,strong,100,FC-L40T Electro-Optical Gimbal,4,FC-L40T Electro-Optical Gimbal | drone accessories | UAV components | industrial UAV parts,true,true,true,true,true,0.739,命中关键词库但未规划,是,,,General Drone/UAV Broad,drone accessories | UAV components,cleaned_master,,,补入关键词规划表，明确主落地页和辅助词,,FC-L40T Electro-Optical Gimbal | N-TET Drone Accessories,"FC-L40T electro-optical gimbal: Visible light 1920x1080, 40x zoom range 4.25-170mm; 640x512 thermal imaging, weight <=1.1kg.",.next/server/app/en/accessories/fc-l40t-dual-light-gimbal.html
/en/accessories/fc-l40tr-smart-optical-pod,en,/en/accessories/fc-l40tr-smart-optical-pod,accessory_detail,normal,strong,100,FC-L40TR Electro-Optical Gimbal,4,FC-L40TR Electro-Optical Gimbal | drone accessories | UAV components | industrial UAV parts,true,true,true,true,true,0.720,命中关键词库但未规划,是,,,General Drone/UAV Broad,drone accessories | UAV components,cleaned_master,,,补入关键词规划表，明确主落地页和辅助词,,FC-L40TR Electro-Optical Gimbal | N-TET Drone Accessories,"FC-L40TR electro-optical gimbal: 40x visible light + 640x512 thermal imaging + 1535nm laser ranging; 20m-3000m laser ranging, weight <=1.3kg.",.next/server/app/en/accessories/fc-l40tr-smart-optical-pod.html
/en/accessories/fc-l50-smart-optical-pod,en,/en/accessories/fc-l50-smart-optical-pod,accessory_detail,normal,strong,100,FC-L50 Electro-Optical Gimbal,4,FC-L50 Electro-Optical Gimbal | drone accessories | UAV components | industrial UAV parts,true,true,true,true,true,0.780,命中关键词库但未规划,是,,,General Drone/UAV Broad,drone accessories | UAV components,cleaned_master,,,补入关键词规划表，明确主落地页和辅助词,,FC-L50 Electro-Optical Gimbal | N-TET Drone Accessories,"FC-L50 electro-optical gimbal: 1280 x 1024 uncooled infrared imaging module; 50mm thermal focal length, weight <=1.5kg.",.next/server/app/en/accessories/fc-l50-smart-optical-pod.html
/en/accessories/fc-ln100-dual-light-gimbal,en,/en/accessories/fc-ln100-dual-light-gimbal,accessory_detail,normal,strong,100,FC-LN100 Electro-Optical Gimbal,4,FC-LN100 Electro-Optical Gimbal | drone accessories | UAV components | industrial UAV parts,true,true,true,true,true,0.745,命中关键词库但未规划,是,,,General Drone/UAV Broad,drone accessories | UAV components,cleaned_master,,,补入关键词规划表，明确主落地页和辅助词,,FC-LN100 Electro-Optical Gimbal | N-TET Drone Accessories,"FC-LN100 electro-optical gimbal: 4K fixed-focus visible light + 640x512 thermal imaging; Weight <=260g, average power 10w.",.next/server/app/en/accessories/fc-ln100-dual-light-gimbal.html
/en/accessories/fc-ln95-dual-light-gimbal,en,/en/accessories/fc-ln95-dual-light-gimbal,accessory_detail,normal,strong,100,FC-LN95 Electro-Optical Gimbal,4,FC-LN95 Electro-Optical Gimbal | drone accessories | UAV components | industrial UAV parts,true,true,true,true,true,0.722,命中关键词库但未规划,是,,,General Drone/UAV Broad,drone accessories | UAV components,cleaned_master,,,补入关键词规划表，明确主落地页和辅助词,,FC-LN95 Electro-Optical Gimbal | N-TET Drone Accessories,"FC-LN95 electro-optical gimbal: Fixed-focus dual visible-light cameras, 3840x2160 resolution; Weight <=260g, dimensions <=Phi64mm x 90mm.",.next/server/app/en/accessories/fc-ln95-dual-light-gimbal.html
/en/accessories/fc-max-5330,en,/en/accessories/fc-max-5330,accessory_detail,normal,strong,100,FC-MAX 5330 UAV Motor,4,FC-MAX 5330 UAV Motor | drone accessories | UAV components | industrial UAV parts,true,true,true,true,true,0.278,命中关键词库但未规划,是,,,General Drone/UAV Broad,drone accessories | UAV components,cleaned_master,,,补入关键词规划表，明确主落地页和辅助词,,FC-MAX 5330 UAV Motor | N-TET Drone Accessories,FC-MAX 5330 UAV Motor core parameters: Max Thrust: 11 kg / 11.5 kg; Rated Operating Voltage: 12S; KV Value: 220 KV / 260 KV.,.next/server/app/en/accessories/fc-max-5330.html
/en/accessories/fc-mesh-100,en,/en/accessories/fc-mesh-100,accessory_detail,normal,strong,85,FC-Mesh-100 UAV Data Link,4,FC-Mesh-100 UAV Data Link | drone accessories | UAV components | industrial UAV parts,true,false,true,true,true,0.632,命中关键词库但未规划,是,,,General Drone/UAV Broad,drone accessories | UAV components,cleaned_master,,,补入关键词规划表，明确主落地页和辅助词,description 未命中关键词,FC-Mesh-100 UAV Data Link | N-TET Drone Accessories,"FC-Mesh-100 is an airborne self-forming network radio for multi-node UAV communication, relay networking, and air-ground coordination.",.next/server/app/en/accessories/fc-mesh-100.html
/en/accessories/fc-mini-l10tr-smart-optical-pod,en,/en/accessories/fc-mini-l10tr-smart-optical-pod,accessory_detail,normal,strong,100,FC-MiniL10TR Electro-Optical Gimbal,4,FC-MiniL10TR Electro-Optical Gimbal | drone accessories | UAV components | industrial UAV parts,true,true,true,true,true,0.734,命中关键词库但未规划,是,,,General Drone/UAV Broad,drone accessories | UAV components,cleaned_master,,,补入关键词规划表，明确主落地页和辅助词,,FC-MiniL10TR Electro-Optical Gimbal | N-TET Drone Accessories,"FC-MiniL10TR electro-optical gimbal: 48MP 10x hybrid zoom visible light + infrared + laser ranging; Weight <=400g, dimensions <=95mm x 97mm x 147mm.",.next/server/app/en/accessories/fc-mini-l10tr-smart-optical-pod.html
/en/accessories/fc-pab-propeller,en,/en/accessories/fc-pab-propeller,accessory_detail,normal,strong,85,FC-PAB UAV Propeller,4,FC-PAB UAV Propeller | drone accessories | UAV components | industrial UAV parts,true,false,true,true,true,0.727,命中关键词库但未规划,是,,,General Drone/UAV Broad,drone accessories | UAV components,cleaned_master,,,补入关键词规划表，明确主落地页和辅助词,description 未命中关键词,FC-PAB UAV Propeller | N-TET Drone Accessories,Dimension range: 15.2~36.2 in; maximum thrust: 26.41kgf (4817RPM); peak propeller efficiency: 17.52gf/W (1476RPM).,.next/server/app/en/accessories/fc-pab-propeller.html
/en/accessories/fc-pad-propeller,en,/en/accessories/fc-pad-propeller,accessory_detail,normal,strong,85,FC-PAD UAV Propeller,4,FC-PAD UAV Propeller | drone accessories | UAV components | industrial UAV parts,true,false,true,true,true,0.727,命中关键词库但未规划,是,,,General Drone/UAV Broad,drone accessories | UAV components,cleaned_master,,,补入关键词规划表，明确主落地页和辅助词,description 未命中关键词,FC-PAD UAV Propeller | N-TET Drone Accessories,Dimension range: 18.3~46.3 in; maximum thrust: 25.10kgf (4663RPM); peak propeller efficiency: 13.99gf/W (1825RPM).,.next/server/app/en/accessories/fc-pad-propeller.html
/en/accessories/fc-pae-propeller,en,/en/accessories/fc-pae-propeller,accessory_detail,normal,strong,85,FC-PAE UAV Propeller,4,FC-PAE UAV Propeller | drone accessories | UAV components | industrial UAV parts,true,false,true,true,true,0.724,命中关键词库但未规划,是,,,General Drone/UAV Broad,drone accessories | UAV components,cleaned_master,,,补入关键词规划表，明确主落地页和辅助词,description 未命中关键词,FC-PAE UAV Propeller | N-TET Drone Accessories,Dimension range: 18.3~32.3 in; maximum thrust: 6.42kgf (6520RPM); peak propeller efficiency: 20.14gf/W (1820RPM).,.next/server/app/en/accessories/fc-pae-propeller.html
/en/accessories/fc-pbf-propeller,en,/en/accessories/fc-pbf-propeller,accessory_detail,normal,strong,85,FC-PBF UAV Propeller,4,FC-PBF UAV Propeller | drone accessories | UAV components | industrial UAV parts,true,false,true,true,true,0.753,命中关键词库但未规划,是,,,General Drone/UAV Broad,drone accessories | UAV components,cleaned_master,,,补入关键词规划表，明确主落地页和辅助词,description 未命中关键词,FC-PBF UAV Propeller | N-TET Drone Accessories,Dimension range: 16.1~48.1 in; maximum thrust: 43.52kgf (3373RPM); peak propeller efficiency: 13.97gf/W (1385RPM).,.next/server/app/en/accessories/fc-pbf-propeller.html
/en/accessories/fc-rm10x,en,/en/accessories/fc-rm10x,accessory_detail,normal,strong,100,FC-RM10X UAV Motor,4,FC-RM10X UAV Motor | drone accessories | UAV components | industrial UAV parts,true,true,true,true,true,0.633,命中关键词库但未规划,是,,,General Drone/UAV Broad,drone accessories | UAV components,cleaned_master,,,补入关键词规划表，明确主落地页和辅助词,,FC-RM10X UAV Motor | N-TET Drone Accessories,FC-RM10X UAV Motor core parameters: Max Thrust: 12081g/axis @48Vsea level; Recommended Takeoff Weight: 4500-6000g/axis @48Vsea level.,.next/server/app/en/accessories/fc-rm10x.html
/en/accessories/fc-rm30,en,/en/accessories/fc-rm30,accessory_detail,normal,strong,100,FC-RM30 UAV Motor,4,FC-RM30 UAV Motor | drone accessories | UAV components | industrial UAV parts,true,true,true,true,true,0.241,命中关键词库但未规划,是,,,General Drone/UAV Broad,drone accessories | UAV components,cleaned_master,,,补入关键词规划表，明确主落地页和辅助词,,FC-RM30 UAV Motor | N-TET Drone Accessories,FC-RM30 UAV Motor core parameters: Max Thrust: 74.7 kg / 69.6 kg; Rated Operating Voltage: 96S / 24S; KV Value: 10 KV / 43 KV.,.next/server/app/en/accessories/fc-rm30.html
/en/accessories/fc-sjl-100,en,/en/accessories/fc-sjl-100,accessory_detail,normal,strong,85,FC-SJL-100 UAV Data Link,4,FC-SJL-100 UAV Data Link | drone accessories | UAV components | industrial UAV parts,true,false,true,true,true,0.690,命中关键词库但未规划,是,,,General Drone/UAV Broad,drone accessories | UAV components,cleaned_master,,,补入关键词规划表，明确主落地页和辅助词,description 未命中关键词,FC-SJL-100 UAV Data Link | N-TET Drone Accessories,FC-SJL-100 provides 100km+ air-to-ground video-and-data transmission with a rugged J30J interface layout for UAV and robotic platforms.,.next/server/app/en/accessories/fc-sjl-100.html
/en/accessories/fc-sjl-200,en,/en/accessories/fc-sjl-200,accessory_detail,normal,strong,85,FC-SJL-200 UAV Data Link,4,FC-SJL-200 UAV Data Link | drone accessories | UAV components | industrial UAV parts,true,false,true,true,true,0.688,命中关键词库但未规划,是,,,General Drone/UAV Broad,drone accessories | UAV components,cleaned_master,,,补入关键词规划表，明确主落地页和辅助词,description 未命中关键词,FC-SJL-200 UAV Data Link | N-TET Drone Accessories,"FC-SJL-200 is an ultra-long-range UAV video-and-data radio supporting 200km+ transmission for integrated video, telemetry, and control links.",.next/server/app/en/accessories/fc-sjl-200.html
/en/accessories/fc-sjl-30,en,/en/accessories/fc-sjl-30,accessory_detail,normal,strong,85,FC-SJL-30 UAV Data Link,4,FC-SJL-30 UAV Data Link | drone accessories | UAV components | industrial UAV parts,true,false,true,true,true,0.678,命中关键词库但未规划,是,,,General Drone/UAV Broad,drone accessories | UAV components,cleaned_master,,,补入关键词规划表，明确主落地页和辅助词,description 未命中关键词,FC-SJL-30 UAV Data Link | N-TET Drone Accessories,"FC-SJL-30 is a compact UAV video-and-data radio for 30km+ air-to-ground HD video, audio, telemetry, and remote-control data links.",.next/server/app/en/accessories/fc-sjl-30.html
/en/accessories/fc-sjl-380,en,/en/accessories/fc-sjl-380,accessory_detail,normal,strong,85,FC-SJL-380 UAV Data Link,4,FC-SJL-380 UAV Data Link | drone accessories | UAV components | industrial UAV parts,true,false,true,true,true,0.688,命中关键词库但未规划,是,,,General Drone/UAV Broad,drone accessories | UAV components,cleaned_master,,,补入关键词规划表，明确主落地页和辅助词,description 未命中关键词,FC-SJL-380 UAV Data Link | N-TET Drone Accessories,FC-SJL-380 supports 380km+ ultra-long-range UAV video-and-data transmission for distributed networking and air-to-ground control links.,.next/server/app/en/accessories/fc-sjl-380.html
/en/accessories/fc-sjl-50,en,/en/accessories/fc-sjl-50,accessory_detail,normal,strong,85,FC-SJL-50 UAV Data Link,4,FC-SJL-50 UAV Data Link | drone accessories | UAV components | industrial UAV parts,true,false,true,true,true,0.679,命中关键词库但未规划,是,,,General Drone/UAV Broad,drone accessories | UAV components,cleaned_master,,,补入关键词规划表，明确主落地页和辅助词,description 未命中关键词,FC-SJL-50 UAV Data Link | N-TET Drone Accessories,"FC-SJL-50 is a lightweight UAV video-and-data radio for 50km+ HD video, telemetry, and remote-control data links.",.next/server/app/en/accessories/fc-sjl-50.html
/en/accessories/fc-u10-pro,en,/en/accessories/fc-u10-pro,accessory_detail,normal,strong,85,FC-U10-PRO Flight Controller,4,FC-U10-PRO Flight Controller | drone accessories | UAV components | industrial UAV parts,true,false,true,true,true,0.818,命中关键词库但未规划,是,,,General Drone/UAV Broad,drone accessories | UAV components,cleaned_master,,,补入关键词规划表，明确主落地页和辅助词,description 未命中关键词,FC-U10-PRO Flight Controller | N-TET Drone Accessories,"The FC-U10-PRO integrates high-precision RTK, supports 16V-120V power input, up to 16-rotor UAV platforms, and UPS backup for heavy-lift flight-control applications.",.next/server/app/en/accessories/fc-u10-pro.html
/en/accessories/fc-u110,en,/en/accessories/fc-u110,accessory_detail,normal,strong,100,FC-U110 UAV Motor,4,FC-U110 UAV Motor | drone accessories | UAV components | industrial UAV parts,true,true,true,true,true,0.254,命中关键词库但未规划,是,,,General Drone/UAV Broad,drone accessories | UAV components,cleaned_master,,,补入关键词规划表，明确主落地页和辅助词,,FC-U110 UAV Motor | N-TET Drone Accessories,FC-U110 UAV Motor core parameters: Max Thrust: 45.5 kg; Rated Operating Voltage: 12-14S; KV Value: 140 KV.,.next/server/app/en/accessories/fc-u110.html
/en/accessories/fc-u12,en,/en/accessories/fc-u12,accessory_detail,normal,strong,85,FC-U12 Flight Controller,4,FC-U12 Flight Controller | drone accessories | UAV components | industrial UAV parts,true,false,true,true,true,0.828,命中关键词库但未规划,是,,,General Drone/UAV Broad,drone accessories | UAV components,cleaned_master,,,补入关键词规划表，明确主落地页和辅助词,description 未命中关键词,FC-U12 Flight Controller | N-TET Drone Accessories,"The FC-U12 is a compact and easy-to-use flight controller for small and mid-size tightly integrated UAV platforms, with expandable external control channels.",.next/server/app/en/accessories/fc-u12.html
/en/accessories/fc-u8013,en,/en/accessories/fc-u8013,accessory_detail,normal,strong,100,FC-U8013 UAV Motor,4,FC-U8013 UAV Motor | drone accessories | UAV components | industrial UAV parts,true,true,true,true,true,0.755,命中关键词库但未规划,是,,,General Drone/UAV Broad,drone accessories | UAV components,cleaned_master,,,补入关键词规划表，明确主落地页和辅助词,,FC-U8013 UAV Motor | N-TET Drone Accessories,FC-U8013 UAV Motor core parameters: Max Thrust: 14.5 kg / 15 kg / 16.3 kg; Rated Operating Voltage: 12S; KV Value: 135KV / 150KV / 170KV.,.next/server/app/en/accessories/fc-u8013.html
/en/accessories/fc-u9-ag,en,/en/accessories/fc-u9-ag,accessory_detail,normal,strong,85,FC-U9-AG Agricultural Flight Controller,4,FC-U9-AG Agricultural Flight Controller | drone accessories | UAV components | industrial UAV parts,true,false,true,true,true,0.725,命中关键词库但未规划,是,,,General Drone/UAV Broad,drone accessories | UAV components,cleaned_master,,,补入关键词规划表，明确主落地页和辅助词,description 未命中关键词,FC-U9-AG Agricultural Flight Controller | N-TET Drone Accessories,"The FC-U9-AG is a professional agricultural UAV flight-control system for spraying, spreading, cleaning, and lifting operations, with rich interfaces and simple app operation.",.next/server/app/en/accessories/fc-u9-ag.html
/en/accessories/fc-w2u-propeller,en,/en/accessories/fc-w2u-propeller,accessory_detail,normal,strong,85,FC-W2U UAV Propeller,4,FC-W2U UAV Propeller | drone accessories | UAV components | industrial UAV parts,true,false,true,true,true,0.785,命中关键词库但未规划,是,,,General Drone/UAV Broad,drone accessories | UAV components,cleaned_master,,,补入关键词规划表，明确主落地页和辅助词,description 未命中关键词,FC-W2U UAV Propeller | N-TET Drone Accessories,Dimension range: 24~40 in; maximum thrust: 68.92kgf (5353RPM); peak propeller efficiency: 7.11gf/W (2354RPM).,.next/server/app/en/accessories/fc-w2u-propeller.html
/en/accessories/fc-x8030,en,/en/accessories/fc-x8030,accessory_detail,normal,strong,100,FC-X8030 UAV Motor,4,FC-X8030 UAV Motor | drone accessories | UAV components | industrial UAV parts,true,true,true,true,true,0.304,命中关键词库但未规划,是,,,General Drone/UAV Broad,drone accessories | UAV components,cleaned_master,,,补入关键词规划表，明确主落地页和辅助词,,FC-X8030 UAV Motor | N-TET Drone Accessories,FC-X8030 UAV Motor core parameters: Max Thrust: 22.7 kg / 21.5 kg; Rated Operating Voltage: 12S; KV Value: 160 KV / 190 KV.,.next/server/app/en/accessories/fc-x8030.html
/en/accessories/fc-xh14,en,/en/accessories/fc-xh14,accessory_detail,normal,strong,100,FC-XH14 UAV Motor,4,FC-XH14 UAV Motor | drone accessories | UAV components | industrial UAV parts,true,true,true,true,true,0.532,命中关键词库但未规划,是,,,General Drone/UAV Broad,drone accessories | UAV components,cleaned_master,,,补入关键词规划表，明确主落地页和辅助词,,FC-XH14 UAV Motor | N-TET Drone Accessories,FC-XH14 UAV Motor core parameters: Max Thrust: 110 kg/axis（92V/108，sea level）; Recommended Battery: 24-28S （Lipo）.,.next/server/app/en/accessories/fc-xh14.html
/en/accessories/fc-yk15-remote-controller,en,/en/accessories/fc-yk15-remote-controller,accessory_detail,normal,strong,100,FC-YK15 UAV Remote Controller,4,FC-YK15 UAV Remote Controller | drone accessories | UAV components | industrial UAV parts,true,true,true,true,true,0.819,命中关键词库但未规划,是,,,General Drone/UAV Broad,drone accessories | UAV components,cleaned_master,,,补入关键词规划表，明确主落地页和辅助词,,FC-YK15 UAV Remote Controller | N-TET Drone Accessories,"The FC-YK15 UAV Remote Controller is a compact handheld ground station with low-latency three-in-one HD video transmission, Android integration, and dual 1080P video links for UAVs, unmanned vehicles, unmanned boats, and robotic platforms.",.next/server/app/en/accessories/fc-yk15-remote-controller.html
/en/accessories/fc-yk24-remote-controller,en,/en/accessories/fc-yk24-remote-controller,accessory_detail,normal,strong,85,FC-YK24 UAV Remote Controller,4,FC-YK24 UAV Remote Controller | drone accessories | UAV components | industrial UAV parts,true,false,true,true,true,0.625,命中关键词库但未规划,是,,,General Drone/UAV Broad,drone accessories | UAV components,cleaned_master,,,补入关键词规划表，明确主落地页和辅助词,description 未命中关键词,FC-YK24 UAV Remote Controller | N-TET Drone Accessories,"The FC-YK24 is a 16-channel model-aircraft remote controller with 15km beyond-visual-range stable control, wireless binding, wireless receiver configuration, OTA wireless upgrade, multi-aircraft control, relay control, and wireless trainer",.next/server/app/en/accessories/fc-yk24-remote-controller.html
/en/accessories/fc-yk32-remote-controller,en,/en/accessories/fc-yk32-remote-controller,accessory_detail,normal,strong,85,FC-YK32 UAV Remote Controller,4,FC-YK32 UAV Remote Controller | drone accessories | UAV components | industrial UAV parts,true,false,true,true,true,0.681,命中关键词库但未规划,是,,,General Drone/UAV Broad,drone accessories | UAV components,cleaned_master,,,补入关键词规划表，明确主落地页和辅助词,description 未命中关键词,FC-YK32 UAV Remote Controller | N-TET Drone Accessories,"The FC-YK32 is an industrial handheld ground station combining remote control, data transmission, and wireless HD video transmission, with 15KM video/data link range, dual-operator control, relay control, and OSD telemetry display.",.next/server/app/en/accessories/fc-yk32-remote-controller.html
/en/accessories/fc-ykrc7-remote-controller,en,/en/accessories/fc-ykrc7-remote-controller,accessory_detail,normal,strong,85,FC-YKRC7 UAV Remote Controller,4,FC-YKRC7 UAV Remote Controller | drone accessories | UAV components | industrial UAV parts,true,false,true,true,true,0.541,命中关键词库但未规划,是,,,General Drone/UAV Broad,drone accessories | UAV components,cleaned_master,,,补入关键词规划表，明确主落地页和辅助词,description 未命中关键词,FC-YKRC7 UAV Remote Controller | N-TET Drone Accessories,"The FC-YKRC7 is a high-performance handheld ground station with 40KM long-range video transmission, 2.4G/5G intelligent dual-band links, and a 7-inch high-brightness HD display for diversified industrial mobile-equipment control.",.next/server/app/en/accessories/fc-ykrc7-remote-controller.html
/en/cases,en,/en/cases,case_index,normal,strong,100,UAV inspection cases,5,UAV inspection cases | power line UAV patrol | low altitude monitoring case | water conservancy UAV patrol | refinery monitoring case,true,true,true,true,true,0.835,未对上广告关键词库,否,,,,,,,,人工判定是否需要关键词库映射,,UAV Inspection Cases & Low Altitude Monitoring Case | N-TET,"Review UAV inspection cases, power line UAV patrol references, water conservancy UAV patrol work, and low altitude monitoring case examples from N-TET deployments.",.next/server/app/en/cases.html
/en/cases/anhui-flood-season-uav-patrol,en,/en/cases/anhui-flood-season-uav-patrol,case_detail,normal,strong,100,Anhui Flood-Season Emergency UAV Patrol,2,Anhui Flood-Season Emergency UAV Patrol | N-TET,true,true,true,true,true,0.560,未对上广告关键词库,否,,,,,,,,检查是否需要从关键词库补长尾词；低商业价值页可不强制广告词映射,,Anhui Flood-Season Emergency UAV Patrol | N-TET,"Anhui Flood-Season Emergency UAV Patrol To meet power-line safety requirements during the summer flood season, State Grid used our VTOL fixed-wing UAVs to conduct special flood-control emergency patrols across the Chizhou Jiuhua dense power",.next/server/app/en/cases/anhui-flood-season-uav-patrol.html
/en/cases/brazil-refinery-low-altitude-monitoring,en,/en/cases/brazil-refinery-low-altitude-monitoring,case_detail,normal,strong,100,Airspace Monitoring Case of a Refinery in Brazil,2,Airspace Monitoring Case of a Refinery in Brazil | N-TET,true,true,true,true,true,0.507,未对上广告关键词库,否,,,,,,,,检查是否需要从关键词库补长尾词；低商业价值页可不强制广告词映射,,Airspace Monitoring Case of a Refinery in Brazil | N-TET,"2025 Airspace Monitoring Case of a Refinery in Brazil Equipment Used: Stationary Spectrum Detection Equipment Stationary Spectrum Interference Equipment Command and Control Platform Software Project Introduction: In 2025, this project succe",.next/server/app/en/cases/brazil-refinery-low-altitude-monitoring.html
/en/cases/ice-snow-emergency-uav-inspection,en,/en/cases/ice-snow-emergency-uav-inspection,case_detail,normal,strong,100,Ice and Snow Disaster Emergency UAV Inspection,2,Ice and Snow Disaster Emergency UAV Inspection | N-TET,true,true,true,true,true,0.505,未对上广告关键词库,否,,,,,,,,检查是否需要从关键词库补长尾词；低商业价值页可不强制广告词映射,,Ice and Snow Disaster Emergency UAV Inspection | N-TET,"Ice and Snow Disaster Emergency UAV Inspection In a -15 C severe-cold environment, State Grid used our VTOL fixed-wing UAVs carrying LiDAR to inspect 400 km of 500 kV transmission corridors, including the Yanping Line and Pingji Lines I and",.next/server/app/en/cases/ice-snow-emergency-uav-inspection.html
/en/cases/lidar-tree-obstruction-uav-inspection,en,/en/cases/lidar-tree-obstruction-uav-inspection,case_detail,normal,strong,100,LiDAR Tree-Obstruction UAV Inspection,2,LiDAR Tree-Obstruction UAV Inspection | N-TET,true,true,true,true,true,0.571,未对上广告关键词库,否,,,,,,,,检查是否需要从关键词库补长尾词；低商业价值页可不强制广告词映射,,LiDAR Tree-Obstruction UAV Inspection | N-TET,"LiDAR Tree-Obstruction UAV Inspection In winter 2024, a Southern Grid company used VTOL fixed-wing UAVs integrated with a LiDAR system for aerial scanning during a special tree-obstruction risk inspection task. The mission acquired high-pre",.next/server/app/en/cases/lidar-tree-obstruction-uav-inspection.html
/en/cases/nigeria-factory-low-altitude-monitoring,en,/en/cases/nigeria-factory-low-altitude-monitoring,case_detail,normal,strong,100,Airspace Monitoring Case of a Group Factory in Nigeria,2,Airspace Monitoring Case of a Group Factory in Nigeria | N-TET,true,true,true,true,true,0.536,未对上广告关键词库,否,,,,,,,,检查是否需要从关键词库补长尾词；低商业价值页可不强制广告词映射,,Airspace Monitoring Case of a Group Factory in Nigeria | N-TET,"2025 Airspace Monitoring Case of a Group Factory in Nigeria Equipment Used: Spectrum Detection Equipment Navigation-Signal Analysis Equipment Command and Control Platform Project Introduction: In 2025, this project successfully deployed a c",.next/server/app/en/cases/nigeria-factory-low-altitude-monitoring.html
/en/cases/pakistan-power-plant-low-altitude-monitoring,en,/en/cases/pakistan-power-plant-low-altitude-monitoring,case_detail,normal,strong,100,Airspace Monitoring Case of a Power Plant in Pakistan,2,Airspace Monitoring Case of a Power Plant in Pakistan | N-TET,true,true,true,true,true,0.504,未对上广告关键词库,否,,,,,,,,检查是否需要从关键词库补长尾词；低商业价值页可不强制广告词映射,,Airspace Monitoring Case of a Power Plant in Pakistan | N-TET,"2024 Airspace Monitoring Case of a Power Plant in Pakistan Equipment Used: Stationary Spectrum Detection Equipment Navigation-Signal Analysis Equipment Command and Control Platform Software Project Introduction: In 2024, the low-altitude Se",.next/server/app/en/cases/pakistan-power-plant-low-altitude-monitoring.html
/en/cases/southern-grid-wildfire-uav-inspection,en,/en/cases/southern-grid-wildfire-uav-inspection,case_detail,normal,strong,100,Southern Grid Wildfire Prevention UAV Inspection,2,Southern Grid Wildfire Prevention UAV Inspection | N-TET,true,true,true,true,true,0.534,未对上广告关键词库,否,,,,,,,,检查是否需要从关键词库补长尾词；低商业价值页可不强制广告词映射,,Southern Grid Wildfire Prevention UAV Inspection | N-TET,"Southern Grid Wildfire Prevention UAV Inspection During the high-risk spring wildfire season, wildfires pose a serious threat to stable grid operation and normal power supply. To strengthen the safety line for transmission corridors, Southe",.next/server/app/en/cases/southern-grid-wildfire-uav-inspection.html
/en/cases/wildfire-emergency-transmission-line-uav-patrol,en,/en/cases/wildfire-emergency-transmission-line-uav-patrol,case_detail,normal,strong,100,Wildfire Emergency Transmission-Line UAV Patrol,2,Wildfire Emergency Transmission-Line UAV Patrol | N-TET,true,true,true,true,true,0.506,未对上广告关键词库,否,,,,,,,,检查是否需要从关键词库补长尾词；低商业价值页可不强制广告词映射,,Wildfire Emergency Transmission-Line UAV Patrol | N-TET,"Wildfire Emergency Transmission-Line UAV Patrol In 2025, our VTOL fixed-wing UAV power-business team successfully undertook a State Grid inspection task covering transmission corridors in 13 regions, including Hunan, Shandong, Shanxi, Hebei",.next/server/app/en/cases/wildfire-emergency-transmission-line-uav-patrol.html
/en/cases/zhaoqing-long-distance-power-line-uav-inspection,en,/en/cases/zhaoqing-long-distance-power-line-uav-inspection,case_detail,normal,strong,100,Zhaoqing Long-Distance Power-Line UAV Inspection,2,Zhaoqing Long-Distance Power-Line UAV Inspection | N-TET,true,true,true,true,true,0.514,未对上广告关键词库,否,,,,,,,,检查是否需要从关键词库补长尾词；低商业价值页可不强制广告词映射,,Zhaoqing Long-Distance Power-Line UAV Inspection | N-TET,"Zhaoqing Long-Distance Power-Line UAV Inspection During an inspection of a 110 kV power line in Zhaoqing, our product demonstrated its high-efficiency and convenient-operation advantages. The line measured 37.9 km in total length, with an a",.next/server/app/en/cases/zhaoqing-long-distance-power-line-uav-inspection.html
/en/contact,en,/en/contact,conversion,normal,strong,100,industrial UAV quote,5,industrial UAV quote | UAV system supplier | drone inspection solution | emergency response UAV | low altitude monitoring equipment,true,true,true,true,true,1.072,精准规划映射,是,Industrial UAV Quote,conversion,,,,P2,转化页,保持映射，后续做 E-E-A-T 和内链增强,,Industrial UAV Quote | N-TET,"N-TET industrial UAV quote coverage for UAV system supplier, drone inspection solution, emergency response UAV workflows.",.next/server/app/en/contact.html
/en/media,en,/en/media,media_index,normal,strong,100,industrial UAV news,5,industrial UAV news | low altitude economy | tethered UAV surveillance | industrial UAV redundancy | border surveillance UAV network,true,true,true,true,true,1.115,未对上广告关键词库,否,,,,,,,,人工判定是否需要关键词库映射,,Industrial UAV News & Low Altitude Economy Updates | N-TET,"Read industrial UAV news from N-TET on low altitude economy trends, tethered UAV surveillance, industrial UAV redundancy, and border surveillance UAV network planning.",.next/server/app/en/media.html
/en/media/border-surveillance-uav-network-2026,en,/en/media/border-surveillance-uav-network-2026,media_detail,normal,partial,70,UAV and EO/IR Networks Improve Remote Patrol Visibility,2,UAV and EO/IR Networks Improve Remote Patrol Visibility | N-TET,true,false,true,false,true,0.235,未对上广告关键词库,否,,,,,,,,检查是否需要从关键词库补长尾词；低商业价值页可不强制广告词映射,description 未命中关键词; H2 未命中关键词,UAV and EO/IR Networks Improve Remote Patrol Visibility | N-TET,"Remote patrol corridors are difficult to supervise with fixed cameras alone. Terrain, weather, temporary structures, and long response distances create visibility gaps that can slow decision-making. Small unmanned aircraft and EO/IR sensor",.next/server/app/en/media/border-surveillance-uav-network-2026.html
/en/media/industrial-uav-redundancy-2026,en,/en/media/industrial-uav-redundancy-2026,media_detail,normal,partial,70,Dual-Redundant Flight Control: How Industrial UAVs Achieve Mission-Grade Reliability,2,Dual-Redundant Flight Control: How Industrial UAVs Achieve Mission-Grade Reliability | N-TET,true,false,true,false,true,0.170,未对上广告关键词库,否,,,,,,,,检查是否需要从关键词库补长尾词；低商业价值页可不强制广告词映射,description 未命中关键词; H2 未命中关键词,Dual-Redundant Flight Control: How Industrial UAVs Achieve Mission-Grade Reliability | N-TET,"Utility-scale unmanned aircraft are no longer a novelty for marketing brochures. They are part of standard operating procedures for power-grid inspection, oil and gas right-of-way monitoring, water-resource surveys, and emergency communicat",.next/server/app/en/media/industrial-uav-redundancy-2026.html
/en/media/low-altitude-economy-2026-outlook,en,/en/media/low-altitude-economy-2026-outlook,media_detail,normal,partial,70,China's Low-Altitude Economy: 2026 Outlook on a Two-Trillion-RMB Trajectory,2,China's Low-Altitude Economy: 2026 Outlook on a Two-Trillion-RMB Trajectory | N-TET,true,false,true,false,true,0.158,未对上广告关键词库,否,,,,,,,,检查是否需要从关键词库补长尾词；低商业价值页可不强制广告词映射,description 未命中关键词; H2 未命中关键词,China's Low-Altitude Economy: 2026 Outlook on a Two-Trillion-RMB Trajectory | N-TET,"The phrase low-altitude economy sounds abstract until you translate it into steel, fiber, and flight hours. It describes the industrial and service activity that depends on structured use of airspace below roughly one thousand meters: logis",.next/server/app/en/media/low-altitude-economy-2026-outlook.html
/en/media/tethered-uav-persistent-surveillance-2026,en,/en/media/tethered-uav-persistent-surveillance-2026,media_detail,normal,partial,70,Tethered UAVs: Continuous Aerial Monitoring for Events and Remote Sites,2,Tethered UAVs: Continuous Aerial Monitoring for Events and Remote Sites | N-TET,true,false,true,false,true,0.212,未对上广告关键词库,否,,,,,,,,检查是否需要从关键词库补长尾词；低商业价值页可不强制广告词映射,description 未命中关键词; H2 未命中关键词,Tethered UAVs: Continuous Aerial Monitoring for Events and Remote Sites | N-TET,"Battery-electric multirotors improved field visibility, but chemistry still limits continuous work. For sporting finals, large public gatherings, utility work zones, and emergency command posts, operators often need a stable aerial perspect",.next/server/app/en/media/tethered-uav-persistent-surveillance-2026.html
/en/products,en,/en/products,product_index,normal,partial,65,industrial UAV systems,4,industrial UAV systems | UAV inspection drone | emergency response UAV | low altitude monitoring equipment,true,true,false,false,true,0.211,精准规划映射,是,Industrial UAV Systems,core,,,,P2,产品栏目页,按规划主词优化 title、description、H1、H2、首段和正文小节,H1 未命中关键词; H2 未命中关键词,Industrial UAV Systems & Monitoring Equipment | N-TET,"N-TET industrial UAV systems coverage for UAV inspection drone, emergency response UAV, low altitude monitoring equipment workflows.",.next/server/app/en/products.html
/en/products/bailey-bridge,en,/en/products/bailey-bridge,product_detail,normal,strong,100,Bailey Steel Bridge Overview,5,Bailey Steel Bridge Overview | engineering materials | Bailey steel bridge | infrastructure support equipment | N-TET,true,true,true,true,true,1.308,未对上广告关键词库,否,,,,,,,,检查是否需要从关键词库补长尾词；低商业价值页可不强制广告词映射,,Bailey Steel Bridge Overview | N-TET,"N-TET Bailey Steel Bridge Overview for industrial operators, combining Bailey Steel Bridge Overview, engineering materials, Bailey steel bridge workflows with field-ready deployment and support.",.next/server/app/en/products/bailey-bridge.html
/en/products/composite-electro-optical-tracking-system,en,/en/products/composite-electro-optical-tracking-system,product_detail,neutral_seo,strong,100,Electro-Optical EO Tracking System,5,Electro-Optical EO Tracking System | low altitude monitoring equipment | drone detection equipment | airspace monitoring system | N-TET,true,true,true,true,true,0.413,命中关键词库但未规划,是,,,Drone Detection & Airspace Monitoring,drone detection equipment,cleaned_master,,,补入关键词规划表，明确主落地页和辅助词,,Electro-Optical (EO) Tracking System | N-TET,"N-TET Electro-Optical (EO) Tracking System for industrial operators, combining Electro-Optical EO Tracking System, low altitude monitoring equipment, drone detection equipment workflows with field-ready deployment and support.",.next/server/app/en/products/composite-electro-optical-tracking-system.html
/en/products/containerized-medical-rescue-system,en,/en/products/containerized-medical-rescue-system,product_detail,normal,strong,100,Containerized Medical Rescue System,5,Containerized Medical Rescue System | field hospital system | containerized medical rescue system | emergency medical shelter | N-TET,true,true,true,true,true,1.261,未对上广告关键词库,否,,,,,,,,检查是否需要从关键词库补长尾词；低商业价值页可不强制广告词映射,,Containerized Medical Rescue System | N-TET,"N-TET Containerized Medical Rescue System for industrial operators, combining Containerized Medical Rescue System, field hospital system, containerized medical rescue system workflows with field-ready deployment and support.",.next/server/app/en/products/containerized-medical-rescue-system.html
/en/products/emergency-search-rescue-drone,en,/en/products/emergency-search-rescue-drone,product_detail,normal,strong,100,thermal drones for search and rescue,8,thermal drones for search and rescue | search and rescue drone | search and rescue UAV | drone rescue | Emergency Search & Rescue Drone | industrial UAV systems | UAV inspection drone | emergency response UAV,true,true,true,true,true,0.545,命中关键词库但未规划,是,Search & Rescue UAV,7038,Emergency Rescue & Disaster Response,thermal drones for search and rescue | search and rescue drone | search and rescue UAV | drone rescue,ads_upload_detail | cleaned_master,,,补入关键词规划表，明确主落地页和辅助词,,Emergency Search & Rescue Drone | N-TET,"N-TET Emergency Search & Rescue Drone for industrial operators, combining thermal drones for search and rescue, search and rescue drone, search and rescue UAV workflows with field-ready deployment and support.",.next/server/app/en/products/emergency-search-rescue-drone.html
/en/products/fbg-g15-fc06-explosion-containment-vessel,en,/en/products/fbg-g15-fc06-explosion-containment-vessel,product_detail,normal,strong,100,Explosion Containment Vessel FBG-G1.5-FC06,5,Explosion Containment Vessel FBG-G1.5-FC06 | security screening equipment | X-ray baggage scanner | walk-through metal detector | N-TET,true,true,true,true,true,0.558,未对上广告关键词库,否,,,,,,,,检查是否需要从关键词库补长尾词；低商业价值页可不强制广告词映射,,Explosion Containment Vessel FBG-G1.5-FC06 | N-TET,"N-TET Explosion Containment Vessel FBG-G1.5-FC06 for industrial operators, combining Explosion Containment Vessel FBG-G1.5-FC06, security screening equipment, X-ray baggage scanner workflows with field-ready deployment and support.",.next/server/app/en/products/fbg-g15-fc06-explosion-containment-vessel.html
/en/products/fbt-fc09-explosion-protection-blanket,en,/en/products/fbt-fc09-explosion-protection-blanket,product_detail,normal,strong,100,Explosion Protection Blanket FBT-FC09,5,Explosion Protection Blanket FBT-FC09 | security screening equipment | X-ray baggage scanner | walk-through metal detector | N-TET,true,true,true,true,true,0.578,未对上广告关键词库,否,,,,,,,,检查是否需要从关键词库补长尾词；低商业价值页可不强制广告词映射,,Explosion Protection Blanket FBT-FC09 | N-TET,"N-TET Explosion Protection Blanket FBT-FC09 for industrial operators, combining Explosion Protection Blanket FBT-FC09, security screening equipment, X-ray baggage scanner workflows with field-ready deployment and support.",.next/server/app/en/products/fbt-fc09-explosion-protection-blanket.html
/en/products/fc-3000-ferromagnetic-detection-column,en,/en/products/fc-3000-ferromagnetic-detection-column,product_detail,normal,strong,100,Intelligent Ferromagnetic Detection System FC-3000,5,Intelligent Ferromagnetic Detection System FC-3000 | security screening equipment | X-ray baggage scanner | walk-through metal detector | N-TET,true,true,true,true,true,0.544,未对上广告关键词库,否,,,,,,,,检查是否需要从关键词库补长尾词；低商业价值页可不强制广告词映射,,Intelligent Ferromagnetic Detection System FC-3000 | N-TET,"N-TET Intelligent Ferromagnetic Detection System FC-3000 for industrial operators, combining Intelligent Ferromagnetic Detection System FC-3000, security screening equipment, X-ray baggage scanner workflows with field-ready deployment and s",.next/server/app/en/products/fc-3000-ferromagnetic-detection-column.html
/en/products/fc-c-deluxe-walk-through-metal-detector,en,/en/products/fc-c-deluxe-walk-through-metal-detector,product_detail,normal,strong,100,Walk-Through Metal Detector FC-C Deluxe,5,Walk-Through Metal Detector FC-C Deluxe | security screening equipment | X-ray baggage scanner | walk-through metal detector | N-TET,true,true,true,true,true,0.858,未对上广告关键词库,否,,,,,,,,检查是否需要从关键词库补长尾词；低商业价值页可不强制广告词映射,,Walk-Through Metal Detector FC-C (Deluxe) | N-TET,"N-TET Walk-Through Metal Detector FC-C (Deluxe) for industrial operators, combining Walk-Through Metal Detector FC-C Deluxe, security screening equipment, X-ray baggage scanner workflows with field-ready deployment and support.",.next/server/app/en/products/fc-c-deluxe-walk-through-metal-detector.html
/en/products/fc-c-lcd-walk-through-metal-detector,en,/en/products/fc-c-lcd-walk-through-metal-detector,product_detail,normal,strong,100,Walk-Through Metal Detector FC-C LCD,6,Walk-Through Metal Detector FC-C LCD | 12-Zone | security screening equipment | X-ray baggage scanner | walk-through metal detector | N-TET,true,true,true,true,true,1.088,未对上广告关键词库,否,,,,,,,,检查是否需要从关键词库补长尾词；低商业价值页可不强制广告词映射,,"Walk-Through Metal Detector FC-C (LCD, 12-Zone) | N-TET","N-TET Walk-Through Metal Detector FC-C (LCD, 12-Zone) for industrial operators, combining Walk-Through Metal Detector FC-C LCD, 12-Zone, security screening equipment, X-ray baggage scanner workflows with field-ready deployment and support.",.next/server/app/en/products/fc-c-lcd-walk-through-metal-detector.html
/en/products/fc-dlxj-01-power-grid-inspection-drone,en,/en/products/fc-dlxj-01-power-grid-inspection-drone,product_detail,normal,strong,100,drone power line inspection,8,drone power line inspection | power line inspection drone | UAV power line inspection | utility inspection drone | Power Grid Inspection Drone | industrial UAV systems | UAV inspection drone | emergency response UAV,true,true,true,true,true,0.686,命中关键词库但未规划,是,Power Line & Transmission Tower Inspection UAV | Utility Inspection UAV,4938 | 234,Power Line & Utility Inspection,drone power line inspection | power line inspection drone | UAV power line inspection | utility inspection drone,cleaned_master | ads_upload_detail,,,补入关键词规划表，明确主落地页和辅助词,,Power Grid Inspection Drone | N-TET,"N-TET Power Grid Inspection Drone for industrial operators, combining drone power line inspection, power line inspection drone, UAV power line inspection workflows with field-ready deployment and support.",.next/server/app/en/products/fc-dlxj-01-power-grid-inspection-drone.html
/en/products/fc-dma-long-range-optical-turntable,en,/en/products/fc-dma-long-range-optical-turntable,product_detail,normal,strong,100,FC-DMA Multi-Spectral EO/IR PTZ Turret,5,FC-DMA Multi-Spectral EO/IR PTZ Turret | perimeter intelligence | electro optical surveillance | radar vision fusion system | N-TET,true,true,true,true,true,0.388,未对上广告关键词库,否,,,,,,,,检查是否需要从关键词库补长尾词；低商业价值页可不强制广告词映射,,FC-DMA Multi-Spectral EO/IR PTZ Turret | N-TET,"N-TET FC-DMA Multi-Spectral EO/IR PTZ Turret for industrial operators, combining FC-DMA Multi-Spectral EO/IR PTZ Turret, perimeter intelligence, electro optical surveillance workflows with field-ready deployment and support.",.next/server/app/en/products/fc-dma-long-range-optical-turntable.html
/en/products/fc-dms10-smart-electronic-sentinel,en,/en/products/fc-dms10-smart-electronic-sentinel,product_detail,normal,strong,100,FC-DMS10 Series Smart Electronic Sentinel,5,FC-DMS10 Series Smart Electronic Sentinel | perimeter intelligence | electro optical surveillance | radar vision fusion system | N-TET,true,true,true,true,true,0.496,未对上广告关键词库,否,,,,,,,,检查是否需要从关键词库补长尾词；低商业价值页可不强制广告词映射,,FC-DMS10 Series Smart Electronic Sentinel | N-TET,"N-TET FC-DMS10 Series Smart Electronic Sentinel for industrial operators, combining FC-DMS10 Series Smart Electronic Sentinel, perimeter intelligence, electro optical surveillance workflows with field-ready deployment and support.",.next/server/app/en/products/fc-dms10-smart-electronic-sentinel.html
/en/products/fc-dtvc-dual-band-thermal-ptz,en,/en/products/fc-dtvc-dual-band-thermal-ptz,product_detail,normal,strong,100,FC-DTVC Series Dual-Band Thermal High-Speed Dome,5,FC-DTVC Series Dual-Band Thermal High-Speed Dome | perimeter intelligence | electro optical surveillance | radar vision fusion system | N-TET,true,true,true,true,true,0.426,未对上广告关键词库,否,,,,,,,,检查是否需要从关键词库补长尾词；低商业价值页可不强制广告词映射,,FC-DTVC Series Dual-Band Thermal High-Speed Dome | N-TET,"N-TET FC-DTVC Series Dual-Band Thermal High-Speed Dome for industrial operators, combining FC-DTVC Series Dual-Band Thermal High-Speed Dome, perimeter intelligence, electro optical surveillance workflows with field-ready deployment and supp",.next/server/app/en/products/fc-dtvc-dual-band-thermal-ptz.html
/en/products/fc-h-smart-phone-detection-gate,en,/en/products/fc-h-smart-phone-detection-gate,product_detail,normal,strong,100,Smart Phone Detection Gate FC-H,5,Smart Phone Detection Gate FC-H | security screening equipment | X-ray baggage scanner | walk-through metal detector | N-TET,true,true,true,true,true,0.421,未对上广告关键词库,否,,,,,,,,检查是否需要从关键词库补长尾词；低商业价值页可不强制广告词映射,,Smart Phone Detection Gate FC-H | N-TET,"N-TET Smart Phone Detection Gate FC-H for industrial operators, combining Smart Phone Detection Gate FC-H, security screening equipment, X-ray baggage scanner workflows with field-ready deployment and support.",.next/server/app/en/products/fc-h-smart-phone-detection-gate.html
/en/products/fc-h-smart-phone-detection-gate-29in,en,/en/products/fc-h-smart-phone-detection-gate-29in,product_detail,normal,strong,100,Smart Phone Detection Gate FC-H 29-inch Display,5,Smart Phone Detection Gate FC-H 29-inch Display | security screening equipment | X-ray baggage scanner | walk-through metal detector | N-TET,true,true,true,true,true,0.391,未对上广告关键词库,否,,,,,,,,检查是否需要从关键词库补长尾词；低商业价值页可不强制广告词映射,,Smart Phone Detection Gate FC-H (29-inch Display) | N-TET,"N-TET Smart Phone Detection Gate FC-H (29-inch Display) for industrial operators, combining Smart Phone Detection Gate FC-H 29-inch Display, security screening equipment, X-ray baggage scanner workflows with field-ready deployment and suppo",.next/server/app/en/products/fc-h-smart-phone-detection-gate-29in.html
/en/products/fc-pd500-personal-radiation-dose-alarm,en,/en/products/fc-pd500-personal-radiation-dose-alarm,product_detail,normal,strong,100,FC-PD500 X-γ Personal Radiation Dose Alarm,5,FC-PD500 X-γ Personal Radiation Dose Alarm | security screening equipment | X-ray baggage scanner | walk-through metal detector | N-TET,true,true,true,true,true,0.589,未对上广告关键词库,否,,,,,,,,检查是否需要从关键词库补长尾词；低商业价值页可不强制广告词映射,,FC-PD500 X-γ Personal Radiation Dose Alarm | N-TET,"N-TET FC-PD500 X-γ Personal Radiation Dose Alarm for industrial operators, combining FC-PD500 X-γ Personal Radiation Dose Alarm, security screening equipment, X-ray baggage scanner workflows with field-ready deployment and support.",.next/server/app/en/products/fc-pd500-personal-radiation-dose-alarm.html
/en/products/fc-rc-series-hd-laser-camera,en,/en/products/fc-rc-series-hd-laser-camera,product_detail,normal,strong,100,FC-RC Series HD Long-Range Laser Camera,5,FC-RC Series HD Long-Range Laser Camera | perimeter intelligence | electro optical surveillance | radar vision fusion system | N-TET,true,true,true,true,true,0.460,未对上广告关键词库,否,,,,,,,,检查是否需要从关键词库补长尾词；低商业价值页可不强制广告词映射,,FC-RC Series HD Long-Range Laser Camera | N-TET,"N-TET FC-RC Series HD Long-Range Laser Camera for industrial operators, combining FC-RC Series HD Long-Range Laser Camera, perimeter intelligence, electro optical surveillance workflows with field-ready deployment and support.",.next/server/app/en/products/fc-rc-series-hd-laser-camera.html
/en/products/fc-rds500-4r-radar-vision-sentinel,en,/en/products/fc-rds500-4r-radar-vision-sentinel,product_detail,normal,strong,100,FC-RDS500-4R Radar-Vision Fusion System,5,FC-RDS500-4R Radar-Vision Fusion System | perimeter intelligence | electro optical surveillance | radar vision fusion system | N-TET,true,true,true,true,true,0.422,未对上广告关键词库,否,,,,,,,,检查是否需要从关键词库补长尾词；低商业价值页可不强制广告词映射,,FC-RDS500-4R Radar-Vision Fusion System | N-TET,"N-TET FC-RDS500-4R Radar-Vision Fusion System for industrial operators, combining FC-RDS500-4R Radar-Vision Fusion System, perimeter intelligence, electro optical surveillance workflows with field-ready deployment and support.",.next/server/app/en/products/fc-rds500-4r-radar-vision-sentinel.html
/en/products/fc-sljc-01-water-conservancy-monitoring-drone,en,/en/products/fc-sljc-01-water-conservancy-monitoring-drone,product_detail,normal,strong,100,water conservancy monitoring UAV,8,water conservancy monitoring UAV | dam inspection UAV | river lake UAV monitoring | flood monitoring drone | Water Conservancy Monitoring UAV | industrial UAV systems | UAV inspection drone | emergency response UAV,true,true,true,true,true,1.460,命中关键词库但未规划,是,Water Conservancy Monitoring UAV,7938,Water Conservancy & River-Lake Monitoring,water conservancy monitoring UAV | dam inspection UAV | flood monitoring drone | Water Conservancy Monitoring UAV,ads_cluster_name | ads_upload_detail | cleaned_master,,,补入关键词规划表，明确主落地页和辅助词,,Water Conservancy Monitoring UAV | N-TET,"N-TET Water Conservancy Monitoring UAV for industrial operators, combining water conservancy monitoring UAV, dam inspection UAV, river lake UAV monitoring workflows with field-ready deployment and support.",.next/server/app/en/products/fc-sljc-01-water-conservancy-monitoring-drone.html
/en/products/fc-smart-swing-turnstile,en,/en/products/fc-smart-swing-turnstile,product_detail,normal,strong,100,Deluxe Smart Swing Turnstile,5,Deluxe Smart Swing Turnstile | security screening equipment | X-ray baggage scanner | walk-through metal detector | N-TET,true,true,true,true,true,0.604,未对上广告关键词库,否,,,,,,,,检查是否需要从关键词库补长尾词；低商业价值页可不强制广告词映射,,Deluxe Smart Swing Turnstile | N-TET,"N-TET Deluxe Smart Swing Turnstile for industrial operators, combining Deluxe Smart Swing Turnstile, security screening equipment, X-ray baggage scanner workflows with field-ready deployment and support.",.next/server/app/en/products/fc-smart-swing-turnstile.html
/en/products/fc-ttvc-intelligent-multi-band-camera,en,/en/products/fc-ttvc-intelligent-multi-band-camera,product_detail,normal,strong,100,FC-TTVC Series Intelligent Multi-Band Camera,5,FC-TTVC Series Intelligent Multi-Band Camera | perimeter intelligence | electro optical surveillance | radar vision fusion system | N-TET,true,true,true,true,true,0.631,未对上广告关键词库,否,,,,,,,,检查是否需要从关键词库补长尾词；低商业价值页可不强制广告词映射,,FC-TTVC Series Intelligent Multi-Band Camera | N-TET,"N-TET FC-TTVC Series Intelligent Multi-Band Camera for industrial operators, combining FC-TTVC Series Intelligent Multi-Band Camera, perimeter intelligence, electro optical surveillance workflows with field-ready deployment and support.",.next/server/app/en/products/fc-ttvc-intelligent-multi-band-camera.html
/en/products/fc-yjtx-01-emergency-communication-drone,en,/en/products/fc-yjtx-01-emergency-communication-drone,product_detail,normal,strong,100,emergency communication UAV,8,emergency communication UAV | disaster response communication drone | tethered communication UAV | public safety UAV communications | Emergency Communication Tethered UAV | industrial UAV systems | UAV inspection drone | emergency response UAV,true,true,true,true,true,0.361,命中关键词库但未规划,是,Emergency Communication UAV,4006,,emergency communication UAV | disaster response communication drone,ads_cluster_name | ads_upload_detail,,,补入关键词规划表，明确主落地页和辅助词,,Emergency Communication Tethered UAV | N-TET,"N-TET Emergency Communication Tethered UAV for industrial operators, combining emergency communication UAV, disaster response communication drone, tethered communication UAV workflows with field-ready deployment and support.",.next/server/app/en/products/fc-yjtx-01-emergency-communication-drone.html
/en/products/fc-yjxf-01-aerial-firefighting-drone,en,/en/products/fc-yjxf-01-aerial-firefighting-drone,product_detail,normal,strong,100,firefighting drone,8,firefighting drone | drone fire fighting | drone for fire fighting | high-rise firefighting UAV | High-Rise Firefighting Tethered UAV | industrial UAV systems | UAV inspection drone | emergency response UAV,true,true,true,true,true,0.288,命中关键词库但未规划,是,Firefighting UAV | High-Rise Firefighting UAV,894 | 1166,Emergency Rescue & Disaster Response,firefighting drone | drone fire fighting | drone for fire fighting | high-rise firefighting UAV,ads_upload_detail | cleaned_master | ads_cluster_name,,,补入关键词规划表，明确主落地页和辅助词,,High-Rise Firefighting Tethered UAV | N-TET,"N-TET High-Rise Firefighting Tethered UAV for industrial operators, combining firefighting drone, drone fire fighting, drone for fire fighting workflows with field-ready deployment and support.",.next/server/app/en/products/fc-yjxf-01-aerial-firefighting-drone.html
/en/products/fc-yjzc-01-emergency-reconnaissance-drone,en,/en/products/fc-yjzc-01-emergency-reconnaissance-drone,product_detail,normal,strong,100,search and rescue drone,8,search and rescue drone | drone rescue | emergency reconnaissance drone | disaster response UAV | Emergency Response Drone | industrial UAV systems | UAV inspection drone | emergency response UAV,true,true,true,true,true,0.703,命中关键词库但未规划,是,Search & Rescue UAV,7038,Emergency Rescue & Disaster Response,search and rescue drone | drone rescue | disaster response UAV | Emergency Response Drone,ads_upload_detail | cleaned_master,,,补入关键词规划表，明确主落地页和辅助词,,Emergency Response Drone | N-TET,"N-TET Emergency Response Drone for industrial operators, combining search and rescue drone, drone rescue, emergency reconnaissance drone workflows with field-ready deployment and support.",.next/server/app/en/products/fc-yjzc-01-emergency-reconnaissance-drone.html
/en/products/fc-yjzm-01-emergency-lighting-drone,en,/en/products/fc-yjzm-01-emergency-lighting-drone,product_detail,normal,strong,100,drone lighting,8,drone lighting | UAV lighting | tethered lighting UAV | emergency lighting drone | Tethered Lighting UAV | industrial UAV systems | UAV inspection drone | emergency response UAV,true,true,true,true,true,0.721,命中关键词库但未规划,是,Tethered Lighting UAV,1860,Emergency Rescue & Disaster Response,drone lighting | UAV lighting | tethered lighting UAV | Tethered Lighting UAV,ads_upload_detail | cleaned_master | ads_cluster_name,,,补入关键词规划表，明确主落地页和辅助词,,Tethered Lighting UAV | N-TET,"N-TET Tethered Lighting UAV for industrial operators, combining drone lighting, UAV lighting, tethered lighting UAV workflows with field-ready deployment and support.",.next/server/app/en/products/fc-yjzm-01-emergency-lighting-drone.html
/en/products/fc-yqxj-01-utility-inspection-drone,en,/en/products/fc-yqxj-01-utility-inspection-drone,product_detail,normal,strong,100,pipeline inspection drones,8,pipeline inspection drones | UAV pipeline inspection | oil and gas drone inspection | drone pipeline inspection | Oil & Gas Pipeline Inspection Drone | industrial UAV systems | UAV inspection drone | emergency response UAV,true,true,true,true,true,0.687,精准规划映射,是,Utility Inspection UAV | Pipeline Inspection UAV,234 | 1388,General Drone/UAV Broad | Infrastructure Protection,pipeline inspection drones | UAV pipeline inspection | oil and gas drone inspection | drone pipeline inspection,ads_upload_detail | cleaned_master,P2,产品详情页,保持映射，后续做 E-E-A-T 和内链增强,,Oil & Gas Pipeline Inspection Drone | N-TET,"N-TET Oil & Gas Pipeline Inspection Drone for industrial operators, combining pipeline inspection drones, UAV pipeline inspection, oil and gas drone inspection workflows with field-ready deployment and support.",.next/server/app/en/products/fc-yqxj-01-utility-inspection-drone.html
/en/products/fc1500-handheld-liquid-detector,en,/en/products/fc1500-handheld-liquid-detector,product_detail,normal,strong,100,Handheld Liquid Detector FC1500,5,Handheld Liquid Detector FC1500 | security screening equipment | X-ray baggage scanner | walk-through metal detector | N-TET,true,true,true,true,true,0.565,未对上广告关键词库,否,,,,,,,,检查是否需要从关键词库补长尾词；低商业价值页可不强制广告词映射,,Handheld Liquid Detector FC1500 | N-TET,"N-TET Handheld Liquid Detector FC1500 for industrial operators, combining Handheld Liquid Detector FC1500, security screening equipment, X-ray baggage scanner workflows with field-ready deployment and support.",.next/server/app/en/products/fc1500-handheld-liquid-detector.html
/en/products/fc1500b-desktop-liquid-security-inspector,en,/en/products/fc1500b-desktop-liquid-security-inspector,product_detail,normal,strong,100,Desktop Liquid Security Inspector FC1500B,5,Desktop Liquid Security Inspector FC1500B | security screening equipment | X-ray baggage scanner | walk-through metal detector | N-TET,true,true,true,true,true,0.547,未对上广告关键词库,否,,,,,,,,检查是否需要从关键词库补长尾词；低商业价值页可不强制广告词映射,,Desktop Liquid Security Inspector FC1500B | N-TET,"N-TET Desktop Liquid Security Inspector FC1500B for industrial operators, combining Desktop Liquid Security Inspector FC1500B, security screening equipment, X-ray baggage scanner workflows with field-ready deployment and support.",.next/server/app/en/products/fc1500b-desktop-liquid-security-inspector.html
/en/products/fc1800b-portable-explosives-and-narcotics-detector,en,/en/products/fc1800b-portable-explosives-and-narcotics-detector,product_detail,normal,strong,100,Portable Explosives & Narcotics Detector FC1800B,5,Portable Explosives & Narcotics Detector FC1800B | security screening equipment | X-ray baggage scanner | walk-through metal detector | N-TET,true,true,true,true,true,0.553,未对上广告关键词库,否,,,,,,,,检查是否需要从关键词库补长尾词；低商业价值页可不强制广告词映射,,Portable Explosives & Narcotics Detector FC1800B | N-TET,"N-TET Portable Explosives & Narcotics Detector FC1800B for industrial operators, combining Portable Explosives & Narcotics Detector FC1800B, security screening equipment, X-ray baggage scanner workflows with field-ready deployment and suppo",.next/server/app/en/products/fc1800b-portable-explosives-and-narcotics-detector.html
/en/products/fc1800t-desktop-explosives-narcotics-detector,en,/en/products/fc1800t-desktop-explosives-narcotics-detector,product_detail,normal,strong,100,Desktop Explosives & Narcotics Detector FC1800T,5,Desktop Explosives & Narcotics Detector FC1800T | security screening equipment | X-ray baggage scanner | walk-through metal detector | N-TET,true,true,true,true,true,0.537,未对上广告关键词库,否,,,,,,,,检查是否需要从关键词库补长尾词；低商业价值页可不强制广告词映射,,Desktop Explosives & Narcotics Detector FC1800T | N-TET,"N-TET Desktop Explosives & Narcotics Detector FC1800T for industrial operators, combining Desktop Explosives & Narcotics Detector FC1800T, security screening equipment, X-ray baggage scanner workflows with field-ready deployment and support",.next/server/app/en/products/fc1800t-desktop-explosives-narcotics-detector.html
/en/products/fc2088-handheld-metal-detector,en,/en/products/fc2088-handheld-metal-detector,product_detail,normal,strong,100,Handheld Metal Detector FC2088,5,Handheld Metal Detector FC2088 | security screening equipment | X-ray baggage scanner | walk-through metal detector | N-TET,true,true,true,true,true,0.570,未对上广告关键词库,否,,,,,,,,检查是否需要从关键词库补长尾词；低商业价值页可不强制广告词映射,,Handheld Metal Detector FC2088 | N-TET,"N-TET Handheld Metal Detector FC2088 for industrial operators, combining Handheld Metal Detector FC2088, security screening equipment, X-ray baggage scanner workflows with field-ready deployment and support.",.next/server/app/en/products/fc2088-handheld-metal-detector.html
/en/products/fc4028-neutron-ambient-dose-rate-meter,en,/en/products/fc4028-neutron-ambient-dose-rate-meter,product_detail,normal,strong,100,FC4028 Neutron Ambient Dose Equivalent Rate Meter,5,FC4028 Neutron Ambient Dose Equivalent Rate Meter | security screening equipment | X-ray baggage scanner | walk-through metal detector | N-TET,true,true,true,true,true,0.318,未对上广告关键词库,否,,,,,,,,检查是否需要从关键词库补长尾词；低商业价值页可不强制广告词映射,,FC4028 Neutron Ambient Dose Equivalent (Rate) Meter | N-TET,"N-TET FC4028 Neutron Ambient Dose Equivalent (Rate) Meter for industrial operators, combining FC4028 Neutron Ambient Dose Equivalent Rate Meter, security screening equipment, X-ray baggage scanner workflows with field-ready deployment and s",.next/server/app/en/products/fc4028-neutron-ambient-dose-rate-meter.html
/en/products/fc5030-compact-x-ray-baggage-scanner,en,/en/products/fc5030-compact-x-ray-baggage-scanner,product_detail,normal,strong,100,X-Ray Baggage Scanner FC5030,5,X-Ray Baggage Scanner FC5030 | security screening equipment | X-ray baggage scanner | walk-through metal detector | N-TET,true,true,true,true,true,1.081,未对上广告关键词库,否,,,,,,,,检查是否需要从关键词库补长尾词；低商业价值页可不强制广告词映射,,X-Ray Baggage Scanner FC5030 | N-TET,"N-TET X-Ray Baggage Scanner FC5030 for industrial operators, combining X-Ray Baggage Scanner FC5030, security screening equipment, X-ray baggage scanner workflows with field-ready deployment and support.",.next/server/app/en/products/fc5030-compact-x-ray-baggage-scanner.html
/en/products/fc6550-standard-x-ray-baggage-scanner,en,/en/products/fc6550-standard-x-ray-baggage-scanner,product_detail,normal,strong,100,X-Ray Baggage Scanner FC6550,5,X-Ray Baggage Scanner FC6550 | security screening equipment | X-ray baggage scanner | walk-through metal detector | N-TET,true,true,true,true,true,1.072,未对上广告关键词库,否,,,,,,,,检查是否需要从关键词库补长尾词；低商业价值页可不强制广告词映射,,X-Ray Baggage Scanner FC6550 | N-TET,"N-TET X-Ray Baggage Scanner FC6550 for industrial operators, combining X-Ray Baggage Scanner FC6550, security screening equipment, X-ray baggage scanner workflows with field-ready deployment and support.",.next/server/app/en/products/fc6550-standard-x-ray-baggage-scanner.html
/en/products/fc6550d-dual-view-baggage-scanner,en,/en/products/fc6550d-dual-view-baggage-scanner,product_detail,normal,strong,100,Dual-View X-Ray Baggage Scanner FC6550D,5,Dual-View X-Ray Baggage Scanner FC6550D | security screening equipment | X-ray baggage scanner | walk-through metal detector | N-TET,true,true,true,true,true,0.904,未对上广告关键词库,否,,,,,,,,检查是否需要从关键词库补长尾词；低商业价值页可不强制广告词映射,,Dual-View X-Ray Baggage Scanner FC6550D | N-TET,"N-TET Dual-View X-Ray Baggage Scanner FC6550D for industrial operators, combining Dual-View X-Ray Baggage Scanner FC6550D, security screening equipment, X-ray baggage scanner workflows with field-ready deployment and support.",.next/server/app/en/products/fc6550d-dual-view-baggage-scanner.html
/en/products/fc902-personal-radiation-dose-alarm,en,/en/products/fc902-personal-radiation-dose-alarm,product_detail,normal,strong,100,X-γ Radiation Dose Alarm FC902,5,X-γ Radiation Dose Alarm FC902 | security screening equipment | X-ray baggage scanner | walk-through metal detector | N-TET,true,true,true,true,true,0.486,未对上广告关键词库,否,,,,,,,,检查是否需要从关键词库补长尾词；低商业价值页可不强制广告词映射,,X-γ Radiation Dose Alarm FC902 | N-TET,"N-TET X-γ Radiation Dose Alarm FC902 for industrial operators, combining X-γ Radiation Dose Alarm FC902, security screening equipment, X-ray baggage scanner workflows with field-ready deployment and support.",.next/server/app/en/products/fc902-personal-radiation-dose-alarm.html
/en/products/handheld-rf-detection-system-mini,en,/en/products/handheld-rf-detection-system-mini,product_detail,normal,strong,100,Handheld RF Detection System,5,Handheld RF Detection System | low altitude monitoring equipment | drone detection equipment | airspace monitoring system | N-TET,true,true,true,true,true,0.583,命中关键词库但未规划,是,,,Drone Detection & Airspace Monitoring,drone detection equipment,cleaned_master,,,补入关键词规划表，明确主落地页和辅助词,,Handheld RF Detection System | N-TET,"N-TET Handheld RF Detection System for industrial operators, combining Handheld RF Detection System, low altitude monitoring equipment, drone detection equipment workflows with field-ready deployment and support.",.next/server/app/en/products/handheld-rf-detection-system-mini.html
/en/products/intelligent-mobile-cabin-hospital,en,/en/products/intelligent-mobile-cabin-hospital,product_detail,normal,strong,100,Intelligent Mobile Cabin Hospital,5,Intelligent Mobile Cabin Hospital | field hospital system | containerized medical rescue system | emergency medical shelter | N-TET,true,true,true,true,true,0.797,未对上广告关键词库,否,,,,,,,,检查是否需要从关键词库补长尾词；低商业价值页可不强制广告词映射,,Intelligent Mobile Cabin Hospital | N-TET,"N-TET Intelligent Mobile Cabin Hospital for industrial operators, combining Intelligent Mobile Cabin Hospital, field hospital system, containerized medical rescue system workflows with field-ready deployment and support.",.next/server/app/en/products/intelligent-mobile-cabin-hospital.html
/en/products/low-altitude-3d-pulse-doppler-radar,en,/en/products/low-altitude-3d-pulse-doppler-radar,product_detail,normal,strong,100,Low-Altitude Detection Radar X-Band,5,Low-Altitude Detection Radar X-Band | low altitude monitoring equipment | drone detection equipment | airspace monitoring system | N-TET,true,true,true,true,true,0.453,命中关键词库但未规划,是,,,Drone Detection & Airspace Monitoring,drone detection equipment,cleaned_master,,,补入关键词规划表，明确主落地页和辅助词,,Low-Altitude Detection Radar (X-Band) | N-TET,"N-TET Low-Altitude Detection Radar (X-Band) for industrial operators, combining Low-Altitude Detection Radar X-Band, low altitude monitoring equipment, drone detection equipment workflows with field-ready deployment and support.",.next/server/app/en/products/low-altitude-3d-pulse-doppler-radar.html
/en/products/low-altitude-detection-radar-ku-band,en,/en/products/low-altitude-detection-radar-ku-band,product_detail,neutral_seo,strong,100,Low-Altitude Detection Radar Ku-Band,5,Low-Altitude Detection Radar Ku-Band | low altitude monitoring equipment | drone detection equipment | airspace monitoring system | N-TET,true,true,true,true,true,0.454,命中关键词库但未规划,是,,,Drone Detection & Airspace Monitoring,drone detection equipment,cleaned_master,,,补入关键词规划表，明确主落地页和辅助词,,Low-Altitude Detection Radar (Ku-Band) | N-TET,"N-TET Low-Altitude Detection Radar (Ku-Band) for industrial operators, combining Low-Altitude Detection Radar Ku-Band, low altitude monitoring equipment, drone detection equipment workflows with field-ready deployment and support.",.next/server/app/en/products/low-altitude-detection-radar-ku-band.html
/en/products/multi-rotor-20kg-payload-uav,en,/en/products/multi-rotor-20kg-payload-uav,product_detail,normal,strong,100,20kg Payload Multi-Rotor UAV,5,20kg Payload Multi-Rotor UAV | industrial UAV systems | UAV inspection drone | emergency response UAV | N-TET,true,true,true,true,true,0.799,未对上广告关键词库,否,,,,,,,,检查是否需要从关键词库补长尾词；低商业价值页可不强制广告词映射,,20kg Payload Multi-Rotor UAV | N-TET,"N-TET 20kg Payload Multi-Rotor UAV for industrial operators, combining 20kg Payload Multi-Rotor UAV, industrial UAV systems, UAV inspection drone workflows with field-ready deployment and support.",.next/server/app/en/products/multi-rotor-20kg-payload-uav.html
/en/products/multi-rotor-3kg-payload-uav,en,/en/products/multi-rotor-3kg-payload-uav,product_detail,normal,strong,100,3kg Payload Multi-Rotor UAV,5,3kg Payload Multi-Rotor UAV | industrial UAV systems | UAV inspection drone | emergency response UAV | N-TET,true,true,true,true,true,0.786,未对上广告关键词库,否,,,,,,,,检查是否需要从关键词库补长尾词；低商业价值页可不强制广告词映射,,3kg Payload Multi-Rotor UAV | N-TET,"N-TET 3kg Payload Multi-Rotor UAV for industrial operators, combining 3kg Payload Multi-Rotor UAV, industrial UAV systems, UAV inspection drone workflows with field-ready deployment and support.",.next/server/app/en/products/multi-rotor-3kg-payload-uav.html
/en/products/multi-rotor-50kg-payload-uav,en,/en/products/multi-rotor-50kg-payload-uav,product_detail,normal,strong,100,50kg Payload Multi-Rotor UAV,5,50kg Payload Multi-Rotor UAV | industrial UAV systems | UAV inspection drone | emergency response UAV | N-TET,true,true,true,true,true,0.803,未对上广告关键词库,否,,,,,,,,检查是否需要从关键词库补长尾词；低商业价值页可不强制广告词映射,,50kg Payload Multi-Rotor UAV | N-TET,"N-TET 50kg Payload Multi-Rotor UAV for industrial operators, combining 50kg Payload Multi-Rotor UAV, industrial UAV systems, UAV inspection drone workflows with field-ready deployment and support.",.next/server/app/en/products/multi-rotor-50kg-payload-uav.html
/en/products/multi-rotor-8kg-payload-uav,en,/en/products/multi-rotor-8kg-payload-uav,product_detail,normal,strong,100,8kg Payload Multi-Rotor UAV,5,8kg Payload Multi-Rotor UAV | industrial UAV systems | UAV inspection drone | emergency response UAV | N-TET,true,true,true,true,true,0.798,未对上广告关键词库,否,,,,,,,,检查是否需要从关键词库补长尾词；低商业价值页可不强制广告词映射,,8kg Payload Multi-Rotor UAV | N-TET,"N-TET 8kg Payload Multi-Rotor UAV for industrial operators, combining 8kg Payload Multi-Rotor UAV, industrial UAV systems, UAV inspection drone workflows with field-ready deployment and support.",.next/server/app/en/products/multi-rotor-8kg-payload-uav.html
/en/products/portable-rf-detection-case,en,/en/products/portable-rf-detection-case,product_detail,neutral_seo,strong,100,Hand-carried RF Detection System,5,Hand-carried RF Detection System | low altitude monitoring equipment | drone detection equipment | airspace monitoring system | N-TET,true,true,true,true,true,0.756,命中关键词库但未规划,是,,,Drone Detection & Airspace Monitoring,drone detection equipment,cleaned_master,,,补入关键词规划表，明确主落地页和辅助词,,Hand-carried RF Detection System | N-TET,"N-TET Hand-carried RF Detection System for industrial operators, combining Hand-carried RF Detection System, low altitude monitoring equipment, drone detection equipment workflows with field-ready deployment and support.",.next/server/app/en/products/portable-rf-detection-case.html
/en/products/power-tower-inspection-drone,en,/en/products/power-tower-inspection-drone,product_detail,normal,strong,100,drone power line inspection,8,drone power line inspection | power line inspection drone | drones for utility inspection | transmission tower inspection UAV | Power Tower Inspection UAV | industrial UAV systems | UAV inspection drone | emergency response UAV,true,true,true,true,true,0.714,命中关键词库但未规划,是,Power Line & Transmission Tower Inspection UAV | Utility Inspection UAV,4938 | 234,Power Line & Utility Inspection,drone power line inspection | power line inspection drone | drones for utility inspection | transmission tower inspection UAV | Power Tower Inspection UAV,cleaned_master | ads_upload_detail,,,补入关键词规划表，明确主落地页和辅助词,,Power Tower Inspection UAV | N-TET,"N-TET Power Tower Inspection UAV for industrial operators, combining drone power line inspection, power line inspection drone, drones for utility inspection workflows with field-ready deployment and support.",.next/server/app/en/products/power-tower-inspection-drone.html
/en/products/smart-substation-autonomous-inspection-system,en,/en/products/smart-substation-autonomous-inspection-system,product_detail,normal,strong,100,smart substation autonomous inspection,8,smart substation autonomous inspection | substation inspection drone | power utility UAV inspection | autonomous UAV inspection | Smart Substation Autonomous UAV Inspection System | industrial UAV systems | UAV inspection drone | emergency response UAV,true,true,true,true,true,1.065,命中关键词库但未规划,是,Smart Substation Autonomous Inspection,5200,,smart substation autonomous inspection | substation inspection drone,ads_cluster_name | ads_upload_detail,,,补入关键词规划表，明确主落地页和辅助词,,Smart Substation Autonomous UAV Inspection System | N-TET,"N-TET Smart Substation Autonomous UAV Inspection System for industrial operators, combining smart substation autonomous inspection, substation inspection drone, power utility UAV inspection workflows with field-ready deployment and support.",.next/server/app/en/products/smart-substation-autonomous-inspection-system.html
/en/products/stationary-rf-detection-system,en,/en/products/stationary-rf-detection-system,product_detail,neutral_seo,strong,100,Stationary RF Detection System,5,Stationary RF Detection System | low altitude monitoring equipment | drone detection equipment | airspace monitoring system | N-TET,true,true,true,true,true,0.564,命中关键词库但未规划,是,,,Drone Detection & Airspace Monitoring,drone detection equipment,cleaned_master,,,补入关键词规划表，明确主落地页和辅助词,,Stationary RF Detection System | N-TET,"N-TET Stationary RF Detection System for industrial operators, combining Stationary RF Detection System, low altitude monitoring equipment, drone detection equipment workflows with field-ready deployment and support.",.next/server/app/en/products/stationary-rf-detection-system.html
/en/products/uav-remote-id-monitoring-system,en,/en/products/uav-remote-id-monitoring-system,product_detail,neutral_seo,strong,100,UAV Remote ID Monitoring System,5,UAV Remote ID Monitoring System | low altitude monitoring equipment | drone detection equipment | airspace monitoring system | N-TET,true,true,true,true,true,0.608,命中关键词库但未规划,是,,,Drone Detection & Airspace Monitoring,drone detection equipment,cleaned_master,,,补入关键词规划表，明确主落地页和辅助词,,UAV Remote ID Monitoring System | N-TET,"N-TET UAV Remote ID Monitoring System for industrial operators, combining UAV Remote ID Monitoring System, low altitude monitoring equipment, drone detection equipment workflows with field-ready deployment and support.",.next/server/app/en/products/uav-remote-id-monitoring-system.html
/en/products/vtol-135kg-mtow-uav,en,/en/products/vtol-135kg-mtow-uav,product_detail,normal,strong,100,135kg MTOW VTOL Fixed-Wing UAV,5,135kg MTOW VTOL Fixed-Wing UAV | industrial UAV systems | UAV inspection drone | emergency response UAV | N-TET,true,true,true,true,true,0.810,未对上广告关键词库,否,,,,,,,,检查是否需要从关键词库补长尾词；低商业价值页可不强制广告词映射,,135kg MTOW VTOL Fixed-Wing UAV | N-TET,"N-TET 135kg MTOW VTOL Fixed-Wing UAV for industrial operators, combining 135kg MTOW VTOL Fixed-Wing UAV, industrial UAV systems, UAV inspection drone workflows with field-ready deployment and support.",.next/server/app/en/products/vtol-135kg-mtow-uav.html
/en/products/vtol-14kg-mtow-uav,en,/en/products/vtol-14kg-mtow-uav,product_detail,normal,strong,100,14kg MTOW VTOL Fixed-Wing UAV,5,14kg MTOW VTOL Fixed-Wing UAV | industrial UAV systems | UAV inspection drone | emergency response UAV | N-TET,true,true,true,true,true,0.808,未对上广告关键词库,否,,,,,,,,检查是否需要从关键词库补长尾词；低商业价值页可不强制广告词映射,,14kg MTOW VTOL Fixed-Wing UAV | N-TET,"N-TET 14kg MTOW VTOL Fixed-Wing UAV for industrial operators, combining 14kg MTOW VTOL Fixed-Wing UAV, industrial UAV systems, UAV inspection drone workflows with field-ready deployment and support.",.next/server/app/en/products/vtol-14kg-mtow-uav.html
/en/products/vtol-26kg-mtow-uav,en,/en/products/vtol-26kg-mtow-uav,product_detail,normal,strong,100,26kg MTOW VTOL Fixed-Wing UAV,5,26kg MTOW VTOL Fixed-Wing UAV | industrial UAV systems | UAV inspection drone | emergency response UAV | N-TET,true,true,true,true,true,0.810,未对上广告关键词库,否,,,,,,,,检查是否需要从关键词库补长尾词；低商业价值页可不强制广告词映射,,26kg MTOW VTOL Fixed-Wing UAV | N-TET,"N-TET 26kg MTOW VTOL Fixed-Wing UAV for industrial operators, combining 26kg MTOW VTOL Fixed-Wing UAV, industrial UAV systems, UAV inspection drone workflows with field-ready deployment and support.",.next/server/app/en/products/vtol-26kg-mtow-uav.html
/en/products/vtol-40kg-mtow-uav,en,/en/products/vtol-40kg-mtow-uav,product_detail,normal,strong,100,40kg MTOW VTOL Fixed-Wing UAV,5,40kg MTOW VTOL Fixed-Wing UAV | industrial UAV systems | UAV inspection drone | emergency response UAV | N-TET,true,true,true,true,true,0.821,未对上广告关键词库,否,,,,,,,,检查是否需要从关键词库补长尾词；低商业价值页可不强制广告词映射,,40kg MTOW VTOL Fixed-Wing UAV | N-TET,"N-TET 40kg MTOW VTOL Fixed-Wing UAV for industrial operators, combining 40kg MTOW VTOL Fixed-Wing UAV, industrial UAV systems, UAV inspection drone workflows with field-ready deployment and support.",.next/server/app/en/products/vtol-40kg-mtow-uav.html
/en/products/vtol-64kg-mtow-uav,en,/en/products/vtol-64kg-mtow-uav,product_detail,normal,strong,100,64kg MTOW VTOL Fixed-Wing UAV,5,64kg MTOW VTOL Fixed-Wing UAV | industrial UAV systems | UAV inspection drone | emergency response UAV | N-TET,true,true,true,true,true,0.815,未对上广告关键词库,否,,,,,,,,检查是否需要从关键词库补长尾词；低商业价值页可不强制广告词映射,,64kg MTOW VTOL Fixed-Wing UAV | N-TET,"N-TET 64kg MTOW VTOL Fixed-Wing UAV for industrial operators, combining 64kg MTOW VTOL Fixed-Wing UAV, industrial UAV systems, UAV inspection drone workflows with field-ready deployment and support.",.next/server/app/en/products/vtol-64kg-mtow-uav.html
/en/solutions,en,/en/solutions,solution_index,normal,strong,100,UAV inspection solutions,7,UAV inspection solutions | search and rescue drone | firefighting drone | drone power line inspection | pipeline inspection drones | water conservancy monitoring UAV | tethered lighting UAV,true,true,true,true,true,1.141,命中关键词库但未规划,是,Search & Rescue UAV | Firefighting UAV | Pipeline Inspection UAV | Water Conservancy Monitoring UAV | Tethered Lighting UAV,7038 | 894 | 1388 | 7938 | 1860,Emergency Rescue & Disaster Response | Power Line & Utility Inspection | General Drone/UAV Broad,search and rescue drone | firefighting drone | drone power line inspection | pipeline inspection drones | water conservancy monitoring UAV | tethered lighting UAV,ads_upload_detail | cleaned_master | ads_cluster_name,,,补入关键词规划表，明确主落地页和辅助词,,UAV Inspection Solutions & Emergency Response Drone | N-TET,"N-TET UAV inspection solutions for power line inspection, pipeline inspection drones, search and rescue drone work, firefighting drone support, and tethered lighting UAV operations.",.next/server/app/en/solutions.html
/en/solutions/airport-low-altitude-monitoring,en,/en/solutions/airport-low-altitude-monitoring,solution_detail,normal,strong,85,Airport Airspace Monitoring Application,2,Airport Airspace Monitoring Application | N-TET,true,false,true,true,true,0.367,未对上广告关键词库,否,,,,,,,,检查是否需要从关键词库补长尾词；低商业价值页可不强制广告词映射,description 未命中关键词,Airport Airspace Monitoring Application | N-TET,"Providing 24/7 protection for sensitive clearance areas such as airport surroundings and approach routes, blocking 'black-flight' UAVs from interfering with normal takeoff and landing. Linkage of wireless detection, response support, and na",.next/server/app/en/solutions/airport-low-altitude-monitoring.html
/en/solutions/airport-security-protection,en,/en/solutions/airport-security-protection,solution_detail,neutral_seo,strong,85,Airport Security Protection,2,Airport Security Protection | N-TET,true,false,true,true,true,0.332,未对上广告关键词库,否,,,,,,,,检查是否需要从关键词库补长尾词；低商业价值页可不强制广告词映射,description 未命中关键词,Airport Security Protection | N-TET,"An integrated airport security solution for terminal entrances, baggage checkpoints, cargo and logistics zones, perimeter roads, apron-adjacent areas, and public traffic hubs. It combines low-altitude awareness with passenger, baggage, carg",.next/server/app/en/solutions/airport-security-protection.html
/en/solutions/category/01_BorderPatrol,en,/en/solutions/category/01_BorderPatrol,solution_category,normal,strong,100,border patrol UAV,4,border patrol UAV | maritime patrol UAV | coastal monitoring drone | land based maritime surveillance,true,true,true,true,true,0.180,精准规划映射,是,Border Patrol UAV | Maritime & Coastal Patrol UAV,950 | 4120,Border & Coastal Patrol,border patrol UAV | maritime patrol UAV,ads_cluster_name | ads_upload_detail | cleaned_master,P1,方案栏目页,保持映射，后续做 E-E-A-T 和内链增强,,Border Patrol UAV Solutions | N-TET,"N-TET border patrol UAV coverage for maritime patrol UAV, coastal monitoring drone, land based maritime surveillance workflows.",.next/server/app/en/solutions/category/01_BorderPatrol.html
/en/solutions/category/02_InfrastructureProtection,en,/en/solutions/category/02_InfrastructureProtection,solution_category,normal,strong,100,industrial facility inspection UAV,5,industrial facility inspection UAV | oil and gas drone inspection | pipeline inspection drones | chemical plant monitoring | water conservancy monitoring UAV,true,true,true,true,true,0.231,精准规划映射,是,Industrial Facility Inspection UAV | Pipeline Inspection UAV | Water Conservancy Monitoring UAV,6354 | 1388 | 7938,Infrastructure Protection | General Drone/UAV Broad,industrial facility inspection UAV | oil and gas drone inspection | pipeline inspection drones | water conservancy monitoring UAV,ads_cluster_name | ads_upload_detail | cleaned_master,P0,方案栏目页,保持映射，后续做 E-E-A-T 和内链增强,,Industrial Facility Inspection UAV Solutions | N-TET,"N-TET industrial facility inspection UAV coverage for oil and gas drone inspection, pipeline inspection drones, chemical plant monitoring workflows.",.next/server/app/en/solutions/category/02_InfrastructureProtection.html
/en/solutions/category/03_KeyAreaSecurity,en,/en/solutions/category/03_KeyAreaSecurity,solution_category,normal,strong,85,airport airspace monitoring,6,airport airspace monitoring | event security monitoring | key area security | smart security screening | low altitude monitoring equipment | electro optical surveillance,true,false,true,true,true,0.615,未对上广告关键词库,否,,,,,,,,人工判定是否需要关键词库映射,description 未命中关键词,Key Area Security & Airspace Monitoring Solutions | N-TET,"Integrated security screening, electro-optical surveillance, and low-altitude monitoring for airports, events, judicial facilities, and transport hubs.",.next/server/app/en/solutions/category/03_KeyAreaSecurity.html
/en/solutions/category/04_EmergencyRescue,en,/en/solutions/category/04_EmergencyRescue,solution_category,normal,weak,35,search and rescue drone,6,search and rescue drone | firefighting drone | emergency communication UAV | drone lighting | emergency response drone | disaster response UAV,false,false,false,false,true,0.586,命中关键词库但未规划,是,Search & Rescue UAV | Firefighting UAV | Emergency Communication UAV | Tethered Lighting UAV,7038 | 894 | 4006 | 1860,Emergency Rescue & Disaster Response,search and rescue drone | firefighting drone | emergency communication UAV | drone lighting | emergency response drone | disaster response UAV,ads_upload_detail | cleaned_master | ads_cluster_name,,,补入关键词规划表，明确主落地页和辅助词,title 未命中关键词; description 未命中关键词; H1 未命中关键词; H2 未命中关键词,"Emergency Rescue UAV Solutions | Search, Firefighting & Lighting","Emergency UAV solutions for search and rescue, high-rise firefighting, disaster-site reconnaissance, emergency communication, and tethered lighting support.",.next/server/app/en/solutions/category/04_EmergencyRescue.html
/en/solutions/chemical-plant-protection,en,/en/solutions/chemical-plant-protection,solution_detail,neutral_seo,strong,100,pipeline inspection drones,4,pipeline inspection drones | chemical plant monitoring | UAV pipeline inspection | oil and gas drone inspection,true,true,true,true,true,0.459,精准规划映射,是,Pipeline Inspection UAV | Chemical & Petrochemical Plant UAV,1388 | 1096,General Drone/UAV Broad | Infrastructure Protection,pipeline inspection drones | UAV pipeline inspection | oil and gas drone inspection,ads_upload_detail | cleaned_master,P0,方案详情页,保持映射，后续做 E-E-A-T 和内链增强,,Pipeline Inspection Drones for Chemical Plant Monitoring | N-TET,"This page covers pipeline inspection drones, chemical plant monitoring, UAV pipeline inspection, and oil and gas drone inspection workflows for petrochemical facilities.",.next/server/app/en/solutions/chemical-plant-protection.html
/en/solutions/disaster-site-search-rescue-reconnaissance-uav-solution,en,/en/solutions/disaster-site-search-rescue-reconnaissance-uav-solution,solution_detail,normal,strong,100,search and rescue drone,4,search and rescue drone | thermal drones for search and rescue | search and rescue UAV | drone rescue,true,true,true,true,true,0.397,精准规划映射,是,Search & Rescue UAV,7038,Emergency Rescue & Disaster Response,search and rescue drone | thermal drones for search and rescue | search and rescue UAV | drone rescue,ads_upload_detail | cleaned_master,P0,方案详情页,保持映射，后续做 E-E-A-T 和内链增强,,Search and Rescue Drone Solution | N-TET,"This search and rescue drone solution supports disaster-site reconnaissance, thermal drones for search and rescue, search and rescue UAV coordination, and drone rescue visibility for emergency teams.",.next/server/app/en/solutions/disaster-site-search-rescue-reconnaissance-uav-solution.html
/en/solutions/emergency-communication-uav,en,/en/solutions/emergency-communication-uav,solution_detail,normal,strong,100,Emergency Communication UAV,2,Emergency Communication UAV | N-TET,true,true,true,true,true,0.574,命中关键词库但未规划,是,Emergency Communication UAV,4006,,Emergency Communication UAV,ads_cluster_name | ads_upload_detail,,,补入关键词规划表，明确主落地页和辅助词,,Emergency Communication UAV | N-TET,The emergency communication UAV is equipped with an integrated high-altitude base station and relies on satellite relay links for long-distance data return. It can quickly rebuild 4G/5G public network coverage in disaster-damaged areas. The,.next/server/app/en/solutions/emergency-communication-uav.html
/en/solutions/emergency-communication-uav-solution,en,/en/solutions/emergency-communication-uav-solution,solution_detail,normal,partial,70,Emergency Communication UAV Solution,2,Emergency Communication UAV Solution | N-TET,true,false,true,false,true,0.307,未对上广告关键词库,否,,,,,,,,检查是否需要从关键词库补长尾词；低商业价值页可不强制广告词映射,description 未命中关键词; H2 未命中关键词,Emergency Communication UAV Solution | N-TET,"An aerial communication solution for post-disaster network outage, remote no-signal areas, and temporary communication support, restoring public coverage or building a rescue private network quickly.",.next/server/app/en/solutions/emergency-communication-uav-solution.html
/en/solutions/emergency-lighting-uav,en,/en/solutions/emergency-lighting-uav,solution_detail,normal,strong,85,Emergency Lighting UAV,2,Emergency Lighting UAV | N-TET,true,false,true,true,true,0.373,命中关键词库但未规划,是,Tethered Lighting UAV,1860,,Emergency Lighting UAV,ads_upload_detail,,,补入关键词规划表，明确主落地页和辅助词,description 未命中关键词,Emergency Lighting UAV | N-TET,"Equipped with high-power high-brightness LED lighting modules, it is easy to deploy and can achieve large-scale, multi-angle continuous light supplementation at high altitudes without blind spots. It adopts a tethered continuous power suppl",.next/server/app/en/solutions/emergency-lighting-uav.html
/en/solutions/emergency-reconnaissance-uav,en,/en/solutions/emergency-reconnaissance-uav,solution_detail,normal,strong,85,Emergency Reconnaissance UAV,2,Emergency Reconnaissance UAV | N-TET,true,false,true,true,true,0.366,未对上广告关键词库,否,,,,,,,,检查是否需要从关键词库补长尾词；低商业价值页可不强制广告词映射,description 未命中关键词,Emergency Reconnaissance UAV | N-TET,"Flexible and rapid in deployment, this UAV can break through limitations of road blockages, mountainous forests, and other complex terrains. The fuselage integrates high-definition optoelectronic cameras, infrared search and rescue, and oth",.next/server/app/en/solutions/emergency-reconnaissance-uav.html
/en/solutions/emergency-search-rescue-uav-solution,en,/en/solutions/emergency-search-rescue-uav-solution,solution_detail,normal,partial,70,Emergency Search & Rescue UAV Solution,2,Emergency Search & Rescue UAV Solution | N-TET,true,false,true,false,true,0.302,未对上广告关键词库,否,,,,,,,,检查是否需要从关键词库补长尾词；低商业价值页可不强制广告词映射,description 未命中关键词; H2 未命中关键词,Emergency Search & Rescue UAV Solution | N-TET,"A rapid-response UAV solution for disaster reconnaissance, missing-person search, target positioning, supply delivery, and command collaboration across floods, earthquakes, forests, waters, and remote areas.",.next/server/app/en/solutions/emergency-search-rescue-uav-solution.html
/en/solutions/high-rise-firefighting-uav-solution,en,/en/solutions/high-rise-firefighting-uav-solution,solution_detail,normal,partial,70,High-Rise Firefighting UAV Solution,2,High-Rise Firefighting UAV Solution | N-TET,true,false,true,false,true,0.297,未对上广告关键词库,否,,,,,,,,检查是否需要从关键词库补长尾词；低商业价值页可不强制广告词映射,description 未命中关键词; H2 未命中关键词,High-Rise Firefighting UAV Solution | N-TET,"A tethered UAV firefighting solution for high-rise buildings, dense urban blocks, and industrial parks, combining elevated water/agent delivery, window breaking, smoke exhaust, thermal reconnaissance, and command linkage.",.next/server/app/en/solutions/high-rise-firefighting-uav-solution.html
/en/solutions/hydroelectric-dam-protection,en,/en/solutions/hydroelectric-dam-protection,solution_detail,neutral_seo,strong,85,Hydroelectric Dam Protection,2,Hydroelectric Dam Protection | N-TET,true,false,true,true,true,0.315,未对上广告关键词库,否,,,,,,,,检查是否需要从关键词库补长尾词；低商业价值页可不强制广告词映射,description 未命中关键词,Hydroelectric Dam Protection | N-TET,"A low-altitude security workflow for hydroelectric dams, reservoirs, powerhouses, spillways, and inspection routes. Based on critical infrastructure protection requirements, it focuses on low-altitude awareness, target confirmation, track f",.next/server/app/en/solutions/hydroelectric-dam-protection.html
/en/solutions/judicial-sector-security,en,/en/solutions/judicial-sector-security,solution_detail,neutral_seo,strong,85,Judicial Sector Security Protection,2,Judicial Sector Security Protection | N-TET,true,false,true,true,true,0.259,未对上广告关键词库,否,,,,,,,,检查是否需要从关键词库补长尾词；低商业价值页可不强制广告词映射,description 未命中关键词,Judicial Sector Security Protection | N-TET,"An integrated judicial security solution for courthouse entrances, detention and correctional access points, visitor lobbies, evidence and logistics channels, perimeter roads, and restricted administrative areas. It follows the same integra",.next/server/app/en/solutions/judicial-sector-security.html
/en/solutions/land-based-maritime-surveillance,en,/en/solutions/land-based-maritime-surveillance,solution_detail,normal,strong,85,Land-based Maritime Surveillance & Early Warning,2,Land-based Maritime Surveillance & Early Warning | N-TET,true,false,true,true,true,0.374,未对上广告关键词库,否,,,,,,,,检查是否需要从关键词库补长尾词；低商业价值页可不强制广告词映射,description 未命中关键词,Land-based Maritime Surveillance & Early Warning | N-TET,"Integrating multi-source information such as radar and optoelectronics, and utilizing intelligent analysis and linkage tracking technology, a digital and intelligent maritime Security control system has been established. It overcomes tradit",.next/server/app/en/solutions/land-based-maritime-surveillance.html
/en/solutions/night-emergency-lighting-support-uav-solution,en,/en/solutions/night-emergency-lighting-support-uav-solution,solution_detail,normal,strong,100,tethered lighting UAV,4,tethered lighting UAV | drone lighting | UAV lighting system | emergency lighting drone,true,true,true,true,true,0.680,精准规划映射,是,Tethered Lighting UAV,1860,Emergency Rescue & Disaster Response,tethered lighting UAV | drone lighting | UAV lighting system,ads_cluster_name | ads_upload_detail | cleaned_master,P1,方案详情页,保持映射，后续做 E-E-A-T 和内链增强,,Tethered Lighting UAV Solution | N-TET,"N-TET tethered lighting UAV coverage for drone lighting, UAV lighting system, emergency lighting drone workflows.",.next/server/app/en/solutions/night-emergency-lighting-support-uav-solution.html
/en/solutions/oil-production-base-protection,en,/en/solutions/oil-production-base-protection,solution_detail,normal,strong,100,oil and gas drone inspection,4,oil and gas drone inspection | industrial facility inspection UAV | pipeline corridor inspection | oil production site monitoring,true,true,true,true,true,0.312,精准规划映射,是,Oil & Gas Facility Inspection UAV | Industrial Facility Inspection UAV,4480 | 6354,Infrastructure Protection,oil and gas drone inspection | industrial facility inspection UAV,cleaned_master | ads_cluster_name | ads_upload_detail,P0,方案详情页,保持映射，后续做 E-E-A-T 和内链增强,,Oil and Gas Drone Inspection Solution | N-TET,"This oil and gas drone inspection solution supports oil production sites, pipeline corridor inspection, industrial facility inspection UAV workflows, and low-altitude monitoring around field assets.",.next/server/app/en/solutions/oil-production-base-protection.html
/en/solutions/post-disaster-emergency-communication-support-uav-solution,en,/en/solutions/post-disaster-emergency-communication-support-uav-solution,solution_detail,normal,strong,100,emergency communication UAV,4,emergency communication UAV | disaster response communication drone | tethered communication UAV | public safety UAV communications,true,true,true,true,true,0.616,精准规划映射,是,Emergency Communication UAV,4006,,emergency communication UAV | disaster response communication drone,ads_cluster_name | ads_upload_detail,P1,方案详情页,保持映射，后续做 E-E-A-T 和内链增强,,Emergency Communication UAV Solution | N-TET,"N-TET emergency communication UAV coverage for disaster response communication drone, tethered communication UAV, public safety UAV communications workflows.",.next/server/app/en/solutions/post-disaster-emergency-communication-support-uav-solution.html
/en/solutions/power-generation-facility-low-altitude-monitoring,en,/en/solutions/power-generation-facility-low-altitude-monitoring,solution_detail,normal,strong,85,Power Generation Facility Airspace Monitoring,2,Power Generation Facility Airspace Monitoring | N-TET,true,false,true,true,true,0.349,未对上广告关键词库,否,,,,,,,,检查是否需要从关键词库补长尾词；低商业价值页可不强制广告词映射,description 未命中关键词,Power Generation Facility Airspace Monitoring | N-TET,"Customized for high-voltage thermal power plants, nuclear power plants, and core substation hubs. It automatically detects unauthorized mapping and reconnaissance flights, preventing foreign objects from falling and causing short circuits o",.next/server/app/en/solutions/power-generation-facility-low-altitude-monitoring.html
/en/solutions/power-line-uav-intelligent-inspection-solution,en,/en/solutions/power-line-uav-intelligent-inspection-solution,solution_detail,normal,strong,100,drone power line inspection,5,drone power line inspection | power line inspection drone | UAV power line inspection | drones for utility inspection | drone cell tower inspection,true,true,true,true,true,0.217,精准规划映射,是,Power Line & Transmission Tower Inspection UAV | Cell Tower Inspection UAV | Utility Inspection UAV,4938 | 10 | 234,Power Line & Utility Inspection,drone power line inspection | power line inspection drone | UAV power line inspection | drones for utility inspection | drone cell tower inspection,cleaned_master | ads_upload_detail,P0 | P2,方案详情页,保持映射，后续做 E-E-A-T 和内链增强,,Drone Power Line Inspection Solution | N-TET,"This drone power line inspection solution supports transmission corridor patrol, tower inspection, utility inspection drone workflows, and cell tower inspection scenarios for maintenance teams.",.next/server/app/en/solutions/power-line-uav-intelligent-inspection-solution.html
/en/solutions/power-tower-inspection-uav-solution,en,/en/solutions/power-tower-inspection-uav-solution,solution_detail,normal,partial,70,Power Tower Inspection UAV Solution,2,Power Tower Inspection UAV Solution | N-TET,true,false,true,false,true,0.298,命中关键词库但未规划,是,Power Line & Transmission Tower Inspection UAV,4938,,Power Tower Inspection UAV Solution,ads_upload_detail,,,补入关键词规划表，明确主落地页和辅助词,description 未命中关键词; H2 未命中关键词,Power Tower Inspection UAV Solution | N-TET,"A UAV-based inspection solution for transmission-line operations, covering routine patrols, fault positioning, disaster response, tree-obstruction checks, and standardized reporting.",.next/server/app/en/solutions/power-tower-inspection-uav-solution.html
/en/solutions/smart-substation-autonomous-inspection-solution,en,/en/solutions/smart-substation-autonomous-inspection-solution,solution_detail,normal,partial,70,Smart Substation Autonomous UAV Inspection Solution,2,Smart Substation Autonomous UAV Inspection Solution | N-TET,true,false,true,false,true,0.295,未对上广告关键词库,否,,,,,,,,检查是否需要从关键词库补长尾词；低商业价值页可不强制广告词映射,description 未命中关键词; H2 未命中关键词,Smart Substation Autonomous UAV Inspection Solution | N-TET,"An autonomous substation inspection solution combining a UAV dock, industrial UAV platform, multi-source payloads, AI analytics, and a management platform for unattended patrol, thermal measurement, defect recognition, and work-order closur",.next/server/app/en/solutions/smart-substation-autonomous-inspection-solution.html
/en/solutions/smart-substation-unattended-uav-inspection-solution,en,/en/solutions/smart-substation-unattended-uav-inspection-solution,solution_detail,normal,strong,100,smart substation autonomous inspection,4,smart substation autonomous inspection | substation inspection drone | power utility UAV inspection | autonomous UAV inspection,true,true,true,true,true,0.532,精准规划映射,是,Smart Substation Autonomous Inspection,5200,,smart substation autonomous inspection | substation inspection drone,ads_cluster_name | ads_upload_detail,P1,方案详情页,保持映射，后续做 E-E-A-T 和内链增强,,Smart Substation Autonomous Inspection Solution | N-TET,"N-TET smart substation autonomous inspection coverage for substation inspection drone, power utility UAV inspection, autonomous UAV inspection workflows.",.next/server/app/en/solutions/smart-substation-unattended-uav-inspection-solution.html
/en/solutions/sports-event-security,en,/en/solutions/sports-event-security,solution_detail,neutral_seo,strong,85,Large Sports Event Security Protection,2,Large Sports Event Security Protection | N-TET,true,false,true,true,true,0.263,未对上广告关键词库,否,,,,,,,,检查是否需要从关键词库补长尾词；低商业价值页可不强制广告词映射,description 未命中关键词,Large Sports Event Security Protection | N-TET,"An integrated large-event security solution for stadium entrances, arenas, exhibition centers, fan zones, media areas, logistics gates, VIP routes, and surrounding public spaces. It references the same security workflow used for airport-sty",.next/server/app/en/solutions/sports-event-security.html
/en/solutions/tethered-lighting-uav-solution,en,/en/solutions/tethered-lighting-uav-solution,solution_detail,normal,partial,70,Tethered Lighting UAV Solution,2,Tethered Lighting UAV Solution | N-TET,true,false,true,false,true,0.304,未对上广告关键词库,否,,,,,,,,检查是否需要从关键词库补长尾词；低商业价值页可不强制广告词映射,description 未命中关键词; H2 未命中关键词,Tethered Lighting UAV Solution | N-TET,"A persistent aerial lighting solution that improves night rescue, emergency repair, evacuation, and temporary-site operations with high-altitude continuous illumination.",.next/server/app/en/solutions/tethered-lighting-uav-solution.html
/en/solutions/uav-maritime-emergency-rescue,en,/en/solutions/uav-maritime-emergency-rescue,solution_detail,normal,strong,85,UAV Maritime Emergency Rescue,2,UAV Maritime Emergency Rescue | N-TET,true,false,true,true,true,0.368,未对上广告关键词库,否,,,,,,,,检查是否需要从关键词库补长尾词；低商业价值页可不强制广告词映射,description 未命中关键词,UAV Maritime Emergency Rescue | N-TET,"In case of maritime emergencies, accidents, and various incidents, UAVs can respond quickly and fly to the scene immediately, providing real-time panoramic views and situational information for efficient auxiliary decision-making and remote",.next/server/app/en/solutions/uav-maritime-emergency-rescue.html
/en/solutions/uav-maritime-patrol,en,/en/solutions/uav-maritime-patrol,solution_detail,normal,strong,100,maritime patrol UAV,4,maritime patrol UAV | coastal monitoring drone | border patrol UAV | UAV border patrol,true,true,true,true,true,0.324,精准规划映射,是,Maritime & Coastal Patrol UAV | Border Patrol UAV,4120 | 950,Border & Coastal Patrol,maritime patrol UAV | border patrol UAV | UAV border patrol,ads_upload_detail | ads_cluster_name | cleaned_master,P0,方案详情页,保持映射，后续做 E-E-A-T 和内链增强,,Maritime Patrol UAV Solution | N-TET,"This maritime patrol UAV solution supports coastal monitoring drone routes, port-area observation, border patrol UAV tasks, and wide-area maritime visibility for field teams.",.next/server/app/en/solutions/uav-maritime-patrol.html
/en/solutions/urban-high-rise-firefighting-emergency-uav-solution,en,/en/solutions/urban-high-rise-firefighting-emergency-uav-solution,solution_detail,normal,strong,100,firefighting drone,4,firefighting drone | high-rise firefighting UAV | drone fire fighting | drone for fire fighting,true,true,true,true,true,0.432,精准规划映射,是,High-Rise Firefighting UAV | Firefighting UAV,1166 | 894,Emergency Rescue & Disaster Response,firefighting drone | high-rise firefighting UAV | drone fire fighting | drone for fire fighting,ads_upload_detail | cleaned_master | ads_cluster_name,P1,方案详情页,保持映射，后续做 E-E-A-T 和内链增强,,Firefighting Drone Solution | N-TET,"N-TET firefighting drone coverage for high-rise firefighting UAV, drone fire fighting, drone for fire fighting workflows.",.next/server/app/en/solutions/urban-high-rise-firefighting-emergency-uav-solution.html
/en/solutions/water-conservancy-monitoring-uav-solution,en,/en/solutions/water-conservancy-monitoring-uav-solution,solution_detail,normal,partial,70,Water Conservancy Monitoring UAV Solution,2,Water Conservancy Monitoring UAV Solution | N-TET,true,false,true,false,true,0.301,未对上广告关键词库,否,,,,,,,,检查是否需要从关键词库补长尾词；低商业价值页可不强制广告词映射,description 未命中关键词; H2 未命中关键词,Water Conservancy Monitoring UAV Solution | N-TET,"A UAV monitoring solution for rivers, lakes, reservoirs, flood-control tasks, water-facility inspection, water-quality sampling, pollution tracing, and evidence collection.",.next/server/app/en/solutions/water-conservancy-monitoring-uav-solution.html
/en/solutions/water-conservancy-river-lake-uav-monitoring-solution,en,/en/solutions/water-conservancy-river-lake-uav-monitoring-solution,solution_detail,normal,strong,100,water conservancy monitoring UAV,4,water conservancy monitoring UAV | dam inspection UAV | river lake UAV monitoring | flood monitoring drone,true,true,true,true,true,0.506,精准规划映射,是,Water Conservancy Monitoring UAV,7938,Water Conservancy & River-Lake Monitoring,water conservancy monitoring UAV | dam inspection UAV | flood monitoring drone,ads_cluster_name | ads_upload_detail | cleaned_master,P0,方案详情页,保持映射，后续做 E-E-A-T 和内链增强,,Water Conservancy Monitoring UAV Solution | N-TET,"This water conservancy monitoring UAV solution supports dam inspection UAV tasks, river lake UAV monitoring, flood monitoring drone patrols, and infrastructure observation for water-resource teams.",.next/server/app/en/solutions/water-conservancy-river-lake-uav-monitoring-solution.html
/es,es,/en,home,normal,strong,85,sistemas UAV industriales,5,sistemas UAV industriales | monitoreo de baja altitud | dron de inspección UAV | UAV de emergencia | equipos de monitoreo aéreo,true,true,true,false,true,0.618,未对上广告关键词库,否,,,,,,,,标记为品牌/转化页面，选择少量核心词或品牌词承接,H2 未命中关键词,Sistemas UAV industriales y monitoreo de baja altitud | N-TET,"N-TET desarrolla plataformas UAV industriales, monitoreo de baja altitud, drones de emergencia, sistemas de inspección y soluciones de inspección de seguridad para operadores de infraestructura.",.next/server/app/es.html
/es/about,es,/en/about,brand,normal,partial,65,fabricante UAV industrial,4,fabricante UAV industrial | proveedor de sistemas UAV | monitoreo de baja altitud | N-TET,true,true,false,false,true,0.777,未对上广告关键词库,否,,,,,,,,标记为品牌/转化页面，选择少量核心词或品牌词承接,H1 未命中关键词; H2 未命中关键词,Acerca de N-TET | Fabricante de sistemas UAV industriales,"Conozca las capacidades de ingeniería, I+D y fabricación de N-TET para sistemas UAV industriales, monitoreo de baja altitud y tecnologías de seguridad.",.next/server/app/es/about.html
/es/accessories,es,/en/accessories,accessory_index,normal,partial,65,accesorios para drones,5,accesorios para drones | componentes UAV | gimbal UAV | motor UAV | enlace de datos UAV,true,false,true,false,true,4.027,命中关键词库但未规划,是,,,General Drone/UAV Broad,accesorios para drones | gimbal UAV | motor UAV,cleaned_master,,,补入关键词规划表，明确主落地页和辅助词,description 未命中关键词; H2 未命中关键词; 关键词密度偏高，需检查堆砌风险,Accesorios para drones y componentes UAV | N-TET,"Consulte accesorios UAV de N-TET: gimbals electro-ópticos, motores, enlaces de datos, hélices, baterías, controles remotos y controladores de vuelo.",.next/server/app/es/accessories.html
/es/accessories/fc-bt1,es,/en/accessories/fc-bt1,accessory_detail,normal,partial,70,Batería de estado sólido para UAV FC-BT1,4,Batería de estado sólido para UAV FC-BT1 | drone accessories | UAV components | industrial UAV parts,true,false,true,false,true,0.159,命中关键词库但未规划,是,,,General Drone/UAV Broad,drone accessories | UAV components,cleaned_master,,,补入关键词规划表，明确主落地页和辅助词,description 未命中关键词; H2 未命中关键词,Batería de estado sólido para UAV FC-BT1 | N-TET Drone Accessories,"FC-BT1 es una serie de baterías de litio de estado sólido de 280Wh/kg, 4.2V 10C y capacidades de 16Ah-30Ah para UAV industriales de inspección, mapeo, VTOL y multirrotor, robots y embarcaciones no tripuladas.",.next/server/app/es/accessories/fc-bt1.html
/es/accessories/fc-bt2,es,/en/accessories/fc-bt2,accessory_detail,normal,partial,70,Batería de estado sólido para UAV FC-BT2,4,Batería de estado sólido para UAV FC-BT2 | drone accessories | UAV components | industrial UAV parts,true,false,true,false,true,0.181,命中关键词库但未规划,是,,,General Drone/UAV Broad,drone accessories | UAV components,cleaned_master,,,补入关键词规划表，明确主落地页和辅助词,description 未命中关键词; H2 未命中关键词,Batería de estado sólido para UAV FC-BT2 | N-TET Drone Accessories,"FC-BT2 es una serie mejorada basada en FC-BT1, con densidad energética de 310Wh/kg, mayor resistencia al viento y seguridad de aterrizaje para UAV industriales de inspección, mapeo, VTOL y multirrotor.",.next/server/app/es/accessories/fc-bt2.html
/es/accessories/fc-bt3,es,/en/accessories/fc-bt3,accessory_detail,normal,partial,70,Batería de estado sólido de alto voltaje para UAV FC-BT3,4,Batería de estado sólido de alto voltaje para UAV FC-BT3 | drone accessories | UAV components | industrial UAV parts,true,false,true,false,true,0.175,命中关键词库但未规划,是,,,General Drone/UAV Broad,drone accessories | UAV components,cleaned_master,,,补入关键词规划表，明确主落地页和辅助词,description 未命中关键词; H2 未命中关键词,Batería de estado sólido de alto voltaje para UAV FC-BT3 | N-TET Drone Accessories,"FC-BT3 es una serie de baterías de estado sólido de alto voltaje 4.35V, con mayor tasa de descarga y menor caída de tensión para VTOL de gran carga y aeronaves con alta diferencia de demanda entre despegue vertical y crucero.",.next/server/app/es/accessories/fc-bt3.html
/es/accessories/fc-bt4,es,/en/accessories/fc-bt4,accessory_detail,normal,partial,70,Batería de estado sólido de alta energía para UAV FC-BT4,4,Batería de estado sólido de alta energía para UAV FC-BT4 | drone accessories | UAV components | industrial UAV parts,true,false,true,false,true,0.117,命中关键词库但未规划,是,,,General Drone/UAV Broad,drone accessories | UAV components,cleaned_master,,,补入关键词规划表，明确主落地页和辅助词,description 未命中关键词; H2 未命中关键词,Batería de estado sólido de alta energía para UAV FC-BT4 | N-TET Drone Accessories,"FC-BT4 es una serie de baterías de estado sólido de 340Wh/kg que combina baja caída de tensión, alta seguridad, larga vida útil y buena relación costo-rendimiento para UAV de reconocimiento, solar, mapeo, seguridad y larga autonomía.",.next/server/app/es/accessories/fc-bt4.html
/es/accessories/fc-btg,es,/en/accessories/fc-btg,accessory_detail,normal,partial,70,Batería de estado sólido para formación UAV FC-BTG,4,Batería de estado sólido para formación UAV FC-BTG | drone accessories | UAV components | industrial UAV parts,true,false,true,false,true,0.229,命中关键词库但未规划,是,,,General Drone/UAV Broad,drone accessories | UAV components,cleaned_master,,,补入关键词规划表，明确主落地页和辅助词,description 未命中关键词; H2 未命中关键词,Batería de estado sólido para formación UAV FC-BTG | N-TET Drone Accessories,"FC-BTG es una serie rentable de baterías de estado sólido para formación, logística y operaciones eléctricas, con configuraciones FC-BTG-TG1 y FC-BTG-TG3, salida estable, larga autonomía y adaptación a prácticas de enseñanza.",.next/server/app/es/accessories/fc-btg.html
/es/accessories/fc-c2d-propeller,es,/en/accessories/fc-c2d-propeller,accessory_detail,normal,partial,70,Hélice UAV FC-C2D,4,Hélice UAV FC-C2D | drone accessories | UAV components | industrial UAV parts,true,false,true,false,true,0.275,命中关键词库但未规划,是,,,General Drone/UAV Broad,drone accessories | UAV components,cleaned_master,,,补入关键词规划表，明确主落地页和辅助词,description 未命中关键词; H2 未命中关键词,Hélice UAV FC-C2D | N-TET Drone Accessories,Rango de dimensiones: 11~42 pulgadas; empuje máximo: 12.42kgf (7000RPM); eficiencia máxima de hélice: 11.08gf/W (2821RPM).,.next/server/app/es/accessories/fc-c2d-propeller.html
/es/accessories/fc-c2e-propeller,es,/en/accessories/fc-c2e-propeller,accessory_detail,normal,partial,70,Hélice UAV FC-C2E,4,Hélice UAV FC-C2E | drone accessories | UAV components | industrial UAV parts,true,false,true,false,true,0.282,命中关键词库但未规划,是,,,General Drone/UAV Broad,drone accessories | UAV components,cleaned_master,,,补入关键词规划表，明确主落地页和辅助词,description 未命中关键词; H2 未命中关键词,Hélice UAV FC-C2E | N-TET Drone Accessories,Rango de dimensiones: 8~32 pulgadas; empuje máximo: 10.84kgf (6261RPM); eficiencia máxima de hélice: 10.83gf/W (3442RPM).,.next/server/app/es/accessories/fc-c2e-propeller.html
/es/accessories/fc-c2t-propeller,es,/en/accessories/fc-c2t-propeller,accessory_detail,normal,partial,70,Hélice UAV FC-C2T,4,Hélice UAV FC-C2T | drone accessories | UAV components | industrial UAV parts,true,false,true,false,true,0.277,命中关键词库但未规划,是,,,General Drone/UAV Broad,drone accessories | UAV components,cleaned_master,,,补入关键词规划表，明确主落地页和辅助词,description 未命中关键词; H2 未命中关键词,Hélice UAV FC-C2T | N-TET Drone Accessories,Rango de dimensiones: 14~46 pulgadas; empuje máximo: 24.99kgf (7850RPM); eficiencia máxima de hélice: 8.49gf/W (3036RPM).,.next/server/app/es/accessories/fc-c2t-propeller.html
/es/accessories/fc-c2u-propeller,es,/en/accessories/fc-c2u-propeller,accessory_detail,normal,partial,70,Hélice UAV FC-C2U,4,Hélice UAV FC-C2U | drone accessories | UAV components | industrial UAV parts,true,false,true,false,true,0.281,命中关键词库但未规划,是,,,General Drone/UAV Broad,drone accessories | UAV components,cleaned_master,,,补入关键词规划表，明确主落地页和辅助词,description 未命中关键词; H2 未命中关键词,Hélice UAV FC-C2U | N-TET Drone Accessories,Rango de dimensiones: 16~47 pulgadas; empuje máximo: 38.70kgf (7279RPM); eficiencia máxima de hélice: 12.63gf/W (2309RPM).,.next/server/app/es/accessories/fc-c2u-propeller.html
/es/accessories/fc-c2ud-propeller,es,/en/accessories/fc-c2ud-propeller,accessory_detail,normal,partial,70,Hélice UAV FC-C2UD,4,Hélice UAV FC-C2UD | drone accessories | UAV components | industrial UAV parts,true,false,true,false,true,0.269,命中关键词库但未规划,是,,,General Drone/UAV Broad,drone accessories | UAV components,cleaned_master,,,补入关键词规划表，明确主落地页和辅助词,description 未命中关键词; H2 未命中关键词,Hélice UAV FC-C2UD | N-TET Drone Accessories,Rango de dimensiones: 18~40 pulgadas; empuje máximo: 37.65kgf (7838RPM); eficiencia máxima de hélice: 6.64gf/W (3720RPM).,.next/server/app/es/accessories/fc-c2ud-propeller.html
/es/accessories/fc-fdj-111,es,/en/accessories/fc-fdj-111,accessory_detail,normal,strong,85,Motor UAV FC-FDJ-111,4,Motor UAV FC-FDJ-111 | drone accessories | UAV components | industrial UAV parts,true,true,true,false,true,0.448,命中关键词库但未规划,是,,,General Drone/UAV Broad,drone accessories | UAV components,cleaned_master,,,补入关键词规划表，明确主落地页和辅助词,H2 未命中关键词,Motor UAV FC-FDJ-111 | N-TET Drone Accessories,"Motor UAV FC-FDJ-111 con cilindrada 111.2cm3, potencia/rendimiento 11.2HP/7500rpm, empuje estático 25.5kg/altitud 100m.",.next/server/app/es/accessories/fc-fdj-111.html
/es/accessories/fc-fdj-120,es,/en/accessories/fc-fdj-120,accessory_detail,normal,strong,85,Motor UAV FC-FDJ-120,4,Motor UAV FC-FDJ-120 | drone accessories | UAV components | industrial UAV parts,true,true,true,false,true,0.453,命中关键词库但未规划,是,,,General Drone/UAV Broad,drone accessories | UAV components,cleaned_master,,,补入关键词规划表，明确主落地页和辅助词,H2 未命中关键词,Motor UAV FC-FDJ-120 | N-TET Drone Accessories,"Motor UAV FC-FDJ-120 con cilindrada 120cm3, potencia/rendimiento 12HP/7500rpm, empuje estático 26.5kg/altitud 100m.",.next/server/app/es/accessories/fc-fdj-120.html
/es/accessories/fc-fdj-120hd,es,/en/accessories/fc-fdj-120hd,accessory_detail,normal,strong,85,Motor UAV FC-FDJ-120HD,4,Motor UAV FC-FDJ-120HD | drone accessories | UAV components | industrial UAV parts,true,true,true,false,true,0.455,命中关键词库但未规划,是,,,General Drone/UAV Broad,drone accessories | UAV components,cleaned_master,,,补入关键词规划表，明确主落地页和辅助词,H2 未命中关键词,Motor UAV FC-FDJ-120HD | N-TET Drone Accessories,"Motor UAV FC-FDJ-120HD con cilindrada 120cm3, potencia/rendimiento 7.35KW(0altitud)/8000rpm.",.next/server/app/es/accessories/fc-fdj-120hd.html
/es/accessories/fc-fdj-170,es,/en/accessories/fc-fdj-170,accessory_detail,normal,strong,85,Motor UAV FC-FDJ-170,4,Motor UAV FC-FDJ-170 | drone accessories | UAV components | industrial UAV parts,true,true,true,false,true,0.456,命中关键词库但未规划,是,,,General Drone/UAV Broad,drone accessories | UAV components,cleaned_master,,,补入关键词规划表，明确主落地页和辅助词,H2 未命中关键词,Motor UAV FC-FDJ-170 | N-TET Drone Accessories,"Motor UAV FC-FDJ-170 con cilindrada 170cm3, potencia/rendimiento 17.5HP/7500rpm, empuje estático 35kg/altitud 100m.",.next/server/app/es/accessories/fc-fdj-170.html
/es/accessories/fc-fdj-200,es,/en/accessories/fc-fdj-200,accessory_detail,normal,strong,85,Motor UAV FC-FDJ-200,4,Motor UAV FC-FDJ-200 | drone accessories | UAV components | industrial UAV parts,true,true,true,false,true,0.454,命中关键词库但未规划,是,,,General Drone/UAV Broad,drone accessories | UAV components,cleaned_master,,,补入关键词规划表，明确主落地页和辅助词,H2 未命中关键词,Motor UAV FC-FDJ-200 | N-TET Drone Accessories,"Motor UAV FC-FDJ-200 con cilindrada 200CC, potencia/rendimiento 20HP/7500rpm.",.next/server/app/es/accessories/fc-fdj-200.html
/es/accessories/fc-fdj-222,es,/en/accessories/fc-fdj-222,accessory_detail,normal,strong,85,Motor UAV FC-FDJ-222,4,Motor UAV FC-FDJ-222 | drone accessories | UAV components | industrial UAV parts,true,true,true,false,true,0.452,命中关键词库但未规划,是,,,General Drone/UAV Broad,drone accessories | UAV components,cleaned_master,,,补入关键词规划表，明确主落地页和辅助词,H2 未命中关键词,Motor UAV FC-FDJ-222 | N-TET Drone Accessories,"Motor UAV FC-FDJ-222 con cilindrada 222.5cm3, potencia/rendimiento 21.5HP/7500rpm, empuje estático 51kg/altitud 100m.",.next/server/app/es/accessories/fc-fdj-222.html
/es/accessories/fc-fdj-430,es,/en/accessories/fc-fdj-430,accessory_detail,normal,strong,85,Motor UAV FC-FDJ-430,4,Motor UAV FC-FDJ-430 | drone accessories | UAV components | industrial UAV parts,true,true,true,false,true,0.408,命中关键词库但未规划,是,,,General Drone/UAV Broad,drone accessories | UAV components,cleaned_master,,,补入关键词规划表，明确主落地页和辅助词,H2 未命中关键词,Motor UAV FC-FDJ-430 | N-TET Drone Accessories,"Motor UAV FC-FDJ-430 con cilindrada 430.8cc, potencia/rendimiento 42HP at 6800 RPM, empuje estático 110kg.",.next/server/app/es/accessories/fc-fdj-430.html
/es/accessories/fc-fdj-55,es,/en/accessories/fc-fdj-55,accessory_detail,normal,strong,85,Motor UAV FC-FDJ-55,4,Motor UAV FC-FDJ-55 | drone accessories | UAV components | industrial UAV parts,true,true,true,false,true,0.446,命中关键词库但未规划,是,,,General Drone/UAV Broad,drone accessories | UAV components,cleaned_master,,,补入关键词规划表，明确主落地页和辅助词,H2 未命中关键词,Motor UAV FC-FDJ-55 | N-TET Drone Accessories,"Motor UAV FC-FDJ-55 con cilindrada 55.6cm3, potencia/rendimiento 5.5HP/8500rpm, empuje estático 14.5kg/altitud 100m.",.next/server/app/es/accessories/fc-fdj-55.html
/es/accessories/fc-fdj-60,es,/en/accessories/fc-fdj-60,accessory_detail,normal,strong,85,Motor UAV FC-FDJ-60,4,Motor UAV FC-FDJ-60 | drone accessories | UAV components | industrial UAV parts,true,true,true,false,true,0.453,命中关键词库但未规划,是,,,General Drone/UAV Broad,drone accessories | UAV components,cleaned_master,,,补入关键词规划表，明确主落地页和辅助词,H2 未命中关键词,Motor UAV FC-FDJ-60 | N-TET Drone Accessories,"Motor UAV FC-FDJ-60 con cilindrada 61cm3, potencia/rendimiento 7HP/8500rpm, empuje estático 15.2kg/altitud 100m.",.next/server/app/es/accessories/fc-fdj-60.html
/es/accessories/fc-fdj-61,es,/en/accessories/fc-fdj-61,accessory_detail,normal,strong,85,Motor UAV FC-FDJ-61,4,Motor UAV FC-FDJ-61 | drone accessories | UAV components | industrial UAV parts,true,true,true,false,true,0.454,命中关键词库但未规划,是,,,General Drone/UAV Broad,drone accessories | UAV components,cleaned_master,,,补入关键词规划表，明确主落地页和辅助词,H2 未命中关键词,Motor UAV FC-FDJ-61 | N-TET Drone Accessories,"Motor UAV FC-FDJ-61 con cilindrada 60cm3, potencia/rendimiento 6HP/7500rpm, empuje estático 15kg/altitud 100m.",.next/server/app/es/accessories/fc-fdj-61.html
/es/accessories/fc-fdj-70hd,es,/en/accessories/fc-fdj-70hd,accessory_detail,normal,strong,85,Motor UAV FC-FDJ-70HD,4,Motor UAV FC-FDJ-70HD | drone accessories | UAV components | industrial UAV parts,true,true,true,false,true,0.455,命中关键词库但未规划,是,,,General Drone/UAV Broad,drone accessories | UAV components,cleaned_master,,,补入关键词规划表，明确主落地页和辅助词,H2 未命中关键词,Motor UAV FC-FDJ-70HD | N-TET Drone Accessories,"Motor UAV FC-FDJ-70HD con cilindrada 70cm3, potencia/rendimiento 4.2KW(0altitud)/8300rpm.",.next/server/app/es/accessories/fc-fdj-70hd.html
/es/accessories/fc-fdj-85,es,/en/accessories/fc-fdj-85,accessory_detail,normal,strong,85,Motor UAV FC-FDJ-85,4,Motor UAV FC-FDJ-85 | drone accessories | UAV components | industrial UAV parts,true,true,true,false,true,0.454,命中关键词库但未规划,是,,,General Drone/UAV Broad,drone accessories | UAV components,cleaned_master,,,补入关键词规划表，明确主落地页和辅助词,H2 未命中关键词,Motor UAV FC-FDJ-85 | N-TET Drone Accessories,"Motor UAV FC-FDJ-85 con cilindrada 85cm3, potencia/rendimiento 8.5HP/9000rpm, empuje estático 21kg/altitud 100m.",.next/server/app/es/accessories/fc-fdj-85.html
/es/accessories/fc-l10tr-three-light-gimbal,es,/en/accessories/fc-l10tr-three-light-gimbal,accessory_detail,normal,strong,85,FC-L10TR gimbal electro-optico,4,FC-L10TR gimbal electro-optico | drone accessories | UAV components | industrial UAV parts,true,true,true,false,true,0.276,命中关键词库但未规划,是,,,General Drone/UAV Broad,drone accessories | UAV components,cleaned_master,,,补入关键词规划表，明确主落地页和辅助词,H2 未命中关键词,FC-L10TR gimbal electro-optico | N-TET Drone Accessories,"FC-L10TR gimbal electro-optico: zoom optico continuo 10x + imagen termica + telemetria laser de 905nm; telemetria laser de 5m-1500m, peso <=800g.",.next/server/app/es/accessories/fc-l10tr-three-light-gimbal.html
/es/accessories/fc-l40-smart-optical-pod,es,/en/accessories/fc-l40-smart-optical-pod,accessory_detail,normal,strong,85,FC-L40 gimbal electro-optico,4,FC-L40 gimbal electro-optico | drone accessories | UAV components | industrial UAV parts,true,true,true,false,true,0.306,命中关键词库但未规划,是,,,General Drone/UAV Broad,drone accessories | UAV components,cleaned_master,,,补入关键词规划表，明确主落地页和辅助词,H2 未命中关键词,FC-L40 gimbal electro-optico | N-TET Drone Accessories,"FC-L40 gimbal electro-optico: zoom optico de luz visible 40x; peso <=1kg, dimensiones <=Phi115mm x 175mm.",.next/server/app/es/accessories/fc-l40-smart-optical-pod.html
/es/accessories/fc-l40t-dual-light-gimbal,es,/en/accessories/fc-l40t-dual-light-gimbal,accessory_detail,normal,strong,85,FC-L40T gimbal electro-optico,4,FC-L40T gimbal electro-optico | drone accessories | UAV components | industrial UAV parts,true,true,true,false,true,0.286,命中关键词库但未规划,是,,,General Drone/UAV Broad,drone accessories | UAV components,cleaned_master,,,补入关键词规划表，明确主落地页和辅助词,H2 未命中关键词,FC-L40T gimbal electro-optico | N-TET Drone Accessories,"FC-L40T gimbal electro-optico: luz visible 1920x1080, rango de zoom 40x de 4.25-170mm; imagen termica 640x512, peso <=1.1kg.",.next/server/app/es/accessories/fc-l40t-dual-light-gimbal.html
/es/accessories/fc-l40tr-smart-optical-pod,es,/en/accessories/fc-l40tr-smart-optical-pod,accessory_detail,normal,strong,85,FC-L40TR gimbal electro-optico,4,FC-L40TR gimbal electro-optico | drone accessories | UAV components | industrial UAV parts,true,true,true,false,true,0.277,命中关键词库但未规划,是,,,General Drone/UAV Broad,drone accessories | UAV components,cleaned_master,,,补入关键词规划表，明确主落地页和辅助词,H2 未命中关键词,FC-L40TR gimbal electro-optico | N-TET Drone Accessories,"FC-L40TR gimbal electro-optico: luz visible 40x + imagen termica 640x512 + telemetria laser de 1535nm; telemetria laser de 20m-3000m, peso <=1.3kg.",.next/server/app/es/accessories/fc-l40tr-smart-optical-pod.html
/es/accessories/fc-l50-smart-optical-pod,es,/en/accessories/fc-l50-smart-optical-pod,accessory_detail,normal,strong,85,FC-L50 gimbal electro-optico,4,FC-L50 gimbal electro-optico | drone accessories | UAV components | industrial UAV parts,true,true,true,false,true,0.302,命中关键词库但未规划,是,,,General Drone/UAV Broad,drone accessories | UAV components,cleaned_master,,,补入关键词规划表，明确主落地页和辅助词,H2 未命中关键词,FC-L50 gimbal electro-optico | N-TET Drone Accessories,"FC-L50 gimbal electro-optico: modulo infrarrojo no refrigerado de 1280 x 1024; distancia focal termica de 50mm, peso <=1.5kg.",.next/server/app/es/accessories/fc-l50-smart-optical-pod.html
/es/accessories/fc-ln100-dual-light-gimbal,es,/en/accessories/fc-ln100-dual-light-gimbal,accessory_detail,normal,strong,85,FC-LN100 gimbal electro-optico,4,FC-LN100 gimbal electro-optico | drone accessories | UAV components | industrial UAV parts,true,true,true,false,true,0.288,命中关键词库但未规划,是,,,General Drone/UAV Broad,drone accessories | UAV components,cleaned_master,,,补入关键词规划表，明确主落地页和辅助词,H2 未命中关键词,FC-LN100 gimbal electro-optico | N-TET Drone Accessories,"FC-LN100 gimbal electro-optico: luz visible 4K de foco fijo + imagen termica 640x512; peso <=260g, consumo medio 10w.",.next/server/app/es/accessories/fc-ln100-dual-light-gimbal.html
/es/accessories/fc-ln95-dual-light-gimbal,es,/en/accessories/fc-ln95-dual-light-gimbal,accessory_detail,normal,strong,85,FC-LN95 gimbal electro-optico,4,FC-LN95 gimbal electro-optico | drone accessories | UAV components | industrial UAV parts,true,true,true,false,true,0.272,命中关键词库但未规划,是,,,General Drone/UAV Broad,drone accessories | UAV components,cleaned_master,,,补入关键词规划表，明确主落地页和辅助词,H2 未命中关键词,FC-LN95 gimbal electro-optico | N-TET Drone Accessories,"FC-LN95 gimbal electro-optico: camaras duales de luz visible de foco fijo, resolucion 3840x2160; peso <=260g, dimensiones <=Phi64mm x 90mm.",.next/server/app/es/accessories/fc-ln95-dual-light-gimbal.html
/es/accessories/fc-max-5330,es,/en/accessories/fc-max-5330,accessory_detail,normal,strong,85,Motor UAV FC-MAX 5330,4,Motor UAV FC-MAX 5330 | drone accessories | UAV components | industrial UAV parts,true,true,true,false,true,0.137,命中关键词库但未规划,是,,,General Drone/UAV Broad,drone accessories | UAV components,cleaned_master,,,补入关键词规划表，明确主落地页和辅助词,H2 未命中关键词,Motor UAV FC-MAX 5330 | N-TET Drone Accessories,Motor UAV FC-MAX 5330 parámetros clave: Empuje máximo: 11 kg / 11.5 kg; Tensión nominal de trabajo: 12S; Valor KV: 220 KV / 260 KV.,.next/server/app/es/accessories/fc-max-5330.html
/es/accessories/fc-mesh-100,es,/en/accessories/fc-mesh-100,accessory_detail,normal,partial,70,FC-Mesh-100 enlace de datos UAV,4,FC-Mesh-100 enlace de datos UAV | drone accessories | UAV components | industrial UAV parts,true,false,true,false,true,0.239,命中关键词库但未规划,是,,,General Drone/UAV Broad,drone accessories | UAV components,cleaned_master,,,补入关键词规划表，明确主落地页和辅助词,description 未命中关键词; H2 未命中关键词,FC-Mesh-100 enlace de datos UAV | N-TET Drone Accessories,"FC-Mesh-100 es una radio aérea de red autoorganizada para comunicación UAV multinodo, retransmisión y coordinación aire-tierra.",.next/server/app/es/accessories/fc-mesh-100.html
/es/accessories/fc-mini-l10tr-smart-optical-pod,es,/en/accessories/fc-mini-l10tr-smart-optical-pod,accessory_detail,normal,strong,85,FC-MiniL10TR gimbal electro-optico,4,FC-MiniL10TR gimbal electro-optico | drone accessories | UAV components | industrial UAV parts,true,true,true,false,true,0.280,命中关键词库但未规划,是,,,General Drone/UAV Broad,drone accessories | UAV components,cleaned_master,,,补入关键词规划表，明确主落地页和辅助词,H2 未命中关键词,FC-MiniL10TR gimbal electro-optico | N-TET Drone Accessories,"FC-MiniL10TR gimbal electro-optico: luz visible de 48MP con zoom hibrido 10x + infrarrojo + telemetria laser; peso <=400g, dimensiones <=95mm x 97mm x 147mm.",.next/server/app/es/accessories/fc-mini-l10tr-smart-optical-pod.html
/es/accessories/fc-pab-propeller,es,/en/accessories/fc-pab-propeller,accessory_detail,normal,partial,70,Hélice UAV FC-PAB,4,Hélice UAV FC-PAB | drone accessories | UAV components | industrial UAV parts,true,false,true,false,true,0.275,命中关键词库但未规划,是,,,General Drone/UAV Broad,drone accessories | UAV components,cleaned_master,,,补入关键词规划表，明确主落地页和辅助词,description 未命中关键词; H2 未命中关键词,Hélice UAV FC-PAB | N-TET Drone Accessories,Rango de dimensiones: 15.2~36.2 pulgadas; empuje máximo: 26.41kgf (4817RPM); eficiencia máxima de hélice: 17.52gf/W (1476RPM).,.next/server/app/es/accessories/fc-pab-propeller.html
/es/accessories/fc-pad-propeller,es,/en/accessories/fc-pad-propeller,accessory_detail,normal,partial,70,Hélice UAV FC-PAD,4,Hélice UAV FC-PAD | drone accessories | UAV components | industrial UAV parts,true,false,true,false,true,0.277,命中关键词库但未规划,是,,,General Drone/UAV Broad,drone accessories | UAV components,cleaned_master,,,补入关键词规划表，明确主落地页和辅助词,description 未命中关键词; H2 未命中关键词,Hélice UAV FC-PAD | N-TET Drone Accessories,Rango de dimensiones: 18.3~46.3 pulgadas; empuje máximo: 25.10kgf (4663RPM); eficiencia máxima de hélice: 13.99gf/W (1825RPM).,.next/server/app/es/accessories/fc-pad-propeller.html
/es/accessories/fc-pae-propeller,es,/en/accessories/fc-pae-propeller,accessory_detail,normal,partial,70,Hélice UAV FC-PAE,4,Hélice UAV FC-PAE | drone accessories | UAV components | industrial UAV parts,true,false,true,false,true,0.278,命中关键词库但未规划,是,,,General Drone/UAV Broad,drone accessories | UAV components,cleaned_master,,,补入关键词规划表，明确主落地页和辅助词,description 未命中关键词; H2 未命中关键词,Hélice UAV FC-PAE | N-TET Drone Accessories,Rango de dimensiones: 18.3~32.3 pulgadas; empuje máximo: 6.42kgf (6520RPM); eficiencia máxima de hélice: 20.14gf/W (1820RPM).,.next/server/app/es/accessories/fc-pae-propeller.html
/es/accessories/fc-pbf-propeller,es,/en/accessories/fc-pbf-propeller,accessory_detail,normal,partial,70,Hélice UAV FC-PBF,4,Hélice UAV FC-PBF | drone accessories | UAV components | industrial UAV parts,true,false,true,false,true,0.287,命中关键词库但未规划,是,,,General Drone/UAV Broad,drone accessories | UAV components,cleaned_master,,,补入关键词规划表，明确主落地页和辅助词,description 未命中关键词; H2 未命中关键词,Hélice UAV FC-PBF | N-TET Drone Accessories,Rango de dimensiones: 16.1~48.1 pulgadas; empuje máximo: 43.52kgf (3373RPM); eficiencia máxima de hélice: 13.97gf/W (1385RPM).,.next/server/app/es/accessories/fc-pbf-propeller.html
/es/accessories/fc-rm10x,es,/en/accessories/fc-rm10x,accessory_detail,normal,strong,85,Motor UAV FC-RM10X,4,Motor UAV FC-RM10X | drone accessories | UAV components | industrial UAV parts,true,true,true,false,true,0.297,命中关键词库但未规划,是,,,General Drone/UAV Broad,drone accessories | UAV components,cleaned_master,,,补入关键词规划表，明确主落地页和辅助词,H2 未命中关键词,Motor UAV FC-RM10X | N-TET Drone Accessories,Motor UAV FC-RM10X parámetros clave: Empuje máximo: 12081g/eje @48Vnivel del mar; Peso de despegue recomendado: 4500-6000g/eje @48Vnivel del mar.,.next/server/app/es/accessories/fc-rm10x.html
/es/accessories/fc-rm30,es,/en/accessories/fc-rm30,accessory_detail,normal,strong,85,Motor UAV FC-RM30,4,Motor UAV FC-RM30 | drone accessories | UAV components | industrial UAV parts,true,true,true,false,true,0.121,命中关键词库但未规划,是,,,General Drone/UAV Broad,drone accessories | UAV components,cleaned_master,,,补入关键词规划表，明确主落地页和辅助词,H2 未命中关键词,Motor UAV FC-RM30 | N-TET Drone Accessories,Motor UAV FC-RM30 parámetros clave: Empuje máximo: 74.7 kg / 69.6 kg; Tensión nominal de trabajo: 96S / 24S; Valor KV: 10 KV / 43 KV.,.next/server/app/es/accessories/fc-rm30.html
/es/accessories/fc-sjl-100,es,/en/accessories/fc-sjl-100,accessory_detail,normal,partial,70,FC-SJL-100 enlace de datos UAV,4,FC-SJL-100 enlace de datos UAV | drone accessories | UAV components | industrial UAV parts,true,false,true,false,true,0.255,命中关键词库但未规划,是,,,General Drone/UAV Broad,drone accessories | UAV components,cleaned_master,,,补入关键词规划表，明确主落地页和辅助词,description 未命中关键词; H2 未命中关键词,FC-SJL-100 enlace de datos UAV | N-TET Drone Accessories,FC-SJL-100 ofrece transmisión aire-tierra de video y datos a 100 km+ con interfaz J30J para UAV y plataformas robóticas.,.next/server/app/es/accessories/fc-sjl-100.html
/es/accessories/fc-sjl-200,es,/en/accessories/fc-sjl-200,accessory_detail,normal,partial,70,FC-SJL-200 enlace de datos UAV,4,FC-SJL-200 enlace de datos UAV | drone accessories | UAV components | industrial UAV parts,true,false,true,false,true,0.254,命中关键词库但未规划,是,,,General Drone/UAV Broad,drone accessories | UAV components,cleaned_master,,,补入关键词规划表，明确主落地页和辅助词,description 未命中关键词; H2 未命中关键词,FC-SJL-200 enlace de datos UAV | N-TET Drone Accessories,"FC-SJL-200 es una radio UAV de video y datos de alcance ultralargo, compatible con transmisión a 200 km+ para video, telemetría y control.",.next/server/app/es/accessories/fc-sjl-200.html
/es/accessories/fc-sjl-30,es,/en/accessories/fc-sjl-30,accessory_detail,normal,partial,70,FC-SJL-30 enlace de datos UAV,4,FC-SJL-30 enlace de datos UAV | drone accessories | UAV components | industrial UAV parts,true,false,true,false,true,0.246,命中关键词库但未规划,是,,,General Drone/UAV Broad,drone accessories | UAV components,cleaned_master,,,补入关键词规划表，明确主落地页和辅助词,description 未命中关键词; H2 未命中关键词,FC-SJL-30 enlace de datos UAV | N-TET Drone Accessories,"FC-SJL-30 es una radio compacta de video y datos para UAV, diseñada para enlaces aire-tierra de video HD, audio, telemetría y control a 30 km+.",.next/server/app/es/accessories/fc-sjl-30.html
/es/accessories/fc-sjl-380,es,/en/accessories/fc-sjl-380,accessory_detail,normal,partial,70,FC-SJL-380 enlace de datos UAV,4,FC-SJL-380 enlace de datos UAV | drone accessories | UAV components | industrial UAV parts,true,false,true,false,true,0.254,命中关键词库但未规划,是,,,General Drone/UAV Broad,drone accessories | UAV components,cleaned_master,,,补入关键词规划表，明确主落地页和辅助词,description 未命中关键词; H2 未命中关键词,FC-SJL-380 enlace de datos UAV | N-TET Drone Accessories,FC-SJL-380 admite transmisión UAV de video y datos a 380 km+ para redes distribuidas y enlaces de control aire-tierra.,.next/server/app/es/accessories/fc-sjl-380.html
/es/accessories/fc-sjl-50,es,/en/accessories/fc-sjl-50,accessory_detail,normal,partial,70,FC-SJL-50 enlace de datos UAV,4,FC-SJL-50 enlace de datos UAV | drone accessories | UAV components | industrial UAV parts,true,false,true,false,true,0.250,命中关键词库但未规划,是,,,General Drone/UAV Broad,drone accessories | UAV components,cleaned_master,,,补入关键词规划表，明确主落地页和辅助词,description 未命中关键词; H2 未命中关键词,FC-SJL-50 enlace de datos UAV | N-TET Drone Accessories,"FC-SJL-50 es una radio ligera de video y datos para UAV, orientada a enlaces de video HD, telemetría y control a 50 km+.",.next/server/app/es/accessories/fc-sjl-50.html
/es/accessories/fc-u10-pro,es,/en/accessories/fc-u10-pro,accessory_detail,normal,partial,70,Controlador de vuelo FC-U10-PRO,4,Controlador de vuelo FC-U10-PRO | drone accessories | UAV components | industrial UAV parts,true,false,true,false,true,0.308,命中关键词库但未规划,是,,,General Drone/UAV Broad,drone accessories | UAV components,cleaned_master,,,补入关键词规划表，明确主落地页和辅助词,description 未命中关键词; H2 未命中关键词,Controlador de vuelo FC-U10-PRO | N-TET Drone Accessories,"El FC-U10-PRO integra RTK de alta precisión, admite alimentación de 16V-120V, plataformas de hasta 16 rotores y respaldo UPS para UAV de gran carga.",.next/server/app/es/accessories/fc-u10-pro.html
/es/accessories/fc-u110,es,/en/accessories/fc-u110,accessory_detail,normal,strong,85,Motor UAV FC-U110,4,Motor UAV FC-U110 | drone accessories | UAV components | industrial UAV parts,true,true,true,false,true,0.127,命中关键词库但未规划,是,,,General Drone/UAV Broad,drone accessories | UAV components,cleaned_master,,,补入关键词规划表，明确主落地页和辅助词,H2 未命中关键词,Motor UAV FC-U110 | N-TET Drone Accessories,Motor UAV FC-U110 parámetros clave: Empuje máximo: 45.5 kg; Tensión nominal de trabajo: 12-14S; Valor KV: 140 KV.,.next/server/app/es/accessories/fc-u110.html
/es/accessories/fc-u12,es,/en/accessories/fc-u12,accessory_detail,normal,partial,70,Controlador de vuelo FC-U12,4,Controlador de vuelo FC-U12 | drone accessories | UAV components | industrial UAV parts,true,false,true,false,true,0.316,命中关键词库但未规划,是,,,General Drone/UAV Broad,drone accessories | UAV components,cleaned_master,,,补入关键词规划表，明确主落地页和辅助词,description 未命中关键词; H2 未命中关键词,Controlador de vuelo FC-U12 | N-TET Drone Accessories,El FC-U12 es un controlador de vuelo compacto y fácil de usar para plataformas UAV pequeñas y medianas con diseño ajustado y canales externos ampliables.,.next/server/app/es/accessories/fc-u12.html
/es/accessories/fc-u8013,es,/en/accessories/fc-u8013,accessory_detail,normal,strong,85,Motor UAV FC-U8013,4,Motor UAV FC-U8013 | drone accessories | UAV components | industrial UAV parts,true,true,true,false,true,0.342,命中关键词库但未规划,是,,,General Drone/UAV Broad,drone accessories | UAV components,cleaned_master,,,补入关键词规划表，明确主落地页和辅助词,H2 未命中关键词,Motor UAV FC-U8013 | N-TET Drone Accessories,Motor UAV FC-U8013 parámetros clave: Empuje máximo: 14.5 kg / 15 kg / 16.3 kg; Tensión nominal de trabajo: 12S; Valor KV: 135KV / 150KV / 170KV.,.next/server/app/es/accessories/fc-u8013.html
/es/accessories/fc-u9-ag,es,/en/accessories/fc-u9-ag,accessory_detail,normal,partial,70,Controlador de vuelo agrícola FC-U9-AG,4,Controlador de vuelo agrícola FC-U9-AG | drone accessories | UAV components | industrial UAV parts,true,false,true,false,true,0.297,命中关键词库但未规划,是,,,General Drone/UAV Broad,drone accessories | UAV components,cleaned_master,,,补入关键词规划表，明确主落地页和辅助词,description 未命中关键词; H2 未命中关键词,Controlador de vuelo agrícola FC-U9-AG | N-TET Drone Accessories,"El FC-U9-AG es un sistema profesional de control de vuelo para UAV agrícolas, adecuado para fumigación, esparcido, limpieza y transporte, con interfaces completas y operación sencilla mediante app.",.next/server/app/es/accessories/fc-u9-ag.html
/es/accessories/fc-w2u-propeller,es,/en/accessories/fc-w2u-propeller,accessory_detail,normal,partial,70,Hélice UAV FC-W2U,4,Hélice UAV FC-W2U | drone accessories | UAV components | industrial UAV parts,true,false,true,false,true,0.299,命中关键词库但未规划,是,,,General Drone/UAV Broad,drone accessories | UAV components,cleaned_master,,,补入关键词规划表，明确主落地页和辅助词,description 未命中关键词; H2 未命中关键词,Hélice UAV FC-W2U | N-TET Drone Accessories,Rango de dimensiones: 24~40 pulgadas; empuje máximo: 68.92kgf (5353RPM); eficiencia máxima de hélice: 7.11gf/W (2354RPM).,.next/server/app/es/accessories/fc-w2u-propeller.html
/es/accessories/fc-x8030,es,/en/accessories/fc-x8030,accessory_detail,normal,strong,85,Motor UAV FC-X8030,4,Motor UAV FC-X8030 | drone accessories | UAV components | industrial UAV parts,true,true,true,false,true,0.151,命中关键词库但未规划,是,,,General Drone/UAV Broad,drone accessories | UAV components,cleaned_master,,,补入关键词规划表，明确主落地页和辅助词,H2 未命中关键词,Motor UAV FC-X8030 | N-TET Drone Accessories,Motor UAV FC-X8030 parámetros clave: Empuje máximo: 22.7 kg / 21.5 kg; Tensión nominal de trabajo: 12S; Valor KV: 160 KV / 190 KV.,.next/server/app/es/accessories/fc-x8030.html
/es/accessories/fc-xh14,es,/en/accessories/fc-xh14,accessory_detail,normal,strong,85,Motor UAV FC-XH14,4,Motor UAV FC-XH14 | drone accessories | UAV components | industrial UAV parts,true,true,true,false,true,0.255,命中关键词库但未规划,是,,,General Drone/UAV Broad,drone accessories | UAV components,cleaned_master,,,补入关键词规划表，明确主落地页和辅助词,H2 未命中关键词,Motor UAV FC-XH14 | N-TET Drone Accessories,Motor UAV FC-XH14 parámetros clave: Empuje máximo: 110 kg/eje（92V/108，nivel del mar）; Batería recomendada: 24-28S （Lipo）.,.next/server/app/es/accessories/fc-xh14.html
/es/accessories/fc-yk15-remote-controller,es,/en/accessories/fc-yk15-remote-controller,accessory_detail,normal,partial,70,Control remoto para UAV FC-YK15,4,Control remoto para UAV FC-YK15 | drone accessories | UAV components | industrial UAV parts,true,false,true,false,true,0.263,命中关键词库但未规划,是,,,General Drone/UAV Broad,drone accessories | UAV components,cleaned_master,,,补入关键词规划表，明确主落地页和辅助词,description 未命中关键词; H2 未命中关键词,Control remoto para UAV FC-YK15 | N-TET Drone Accessories,"El FC-YK15 es una estación terrestre portátil compacta con transmisión HD de baja latencia tres en uno, integración Android y doble enlace de vídeo 1080P para UAV, vehículos no tripulados, embarcaciones no tripuladas y plataformas robóticas",.next/server/app/es/accessories/fc-yk15-remote-controller.html
/es/accessories/fc-yk24-remote-controller,es,/en/accessories/fc-yk24-remote-controller,accessory_detail,normal,partial,70,Control remoto para UAV FC-YK24,4,Control remoto para UAV FC-YK24 | drone accessories | UAV components | industrial UAV parts,true,false,true,false,true,0.232,命中关键词库但未规划,是,,,General Drone/UAV Broad,drone accessories | UAV components,cleaned_master,,,补入关键词规划表，明确主落地页和辅助词,description 未命中关键词; H2 未命中关键词,Control remoto para UAV FC-YK24 | N-TET Drone Accessories,"El FC-YK24 es un control remoto de aeromodelismo de 16 canales con control estable BVR de 15 km, enlace inalámbrico, configuración inalámbrica del receptor, actualización OTA, control de múltiples equipos, retransmisión de control y modo en",.next/server/app/es/accessories/fc-yk24-remote-controller.html
/es/accessories/fc-yk32-remote-controller,es,/en/accessories/fc-yk32-remote-controller,accessory_detail,normal,partial,70,Control remoto para UAV FC-YK32,4,Control remoto para UAV FC-YK32 | drone accessories | UAV components | industrial UAV parts,true,false,true,false,true,0.262,命中关键词库但未规划,是,,,General Drone/UAV Broad,drone accessories | UAV components,cleaned_master,,,补入关键词规划表，明确主落地页和辅助词,description 未命中关键词; H2 未命中关键词,Control remoto para UAV FC-YK32 | N-TET Drone Accessories,"El FC-YK32 es una estación terrestre portátil industrial que integra control remoto, transmisión de datos y transmisión inalámbrica HD, con alcance de enlace de 15KM, control doble, retransmisión y visualización de telemetría OSD.",.next/server/app/es/accessories/fc-yk32-remote-controller.html
/es/accessories/fc-ykrc7-remote-controller,es,/en/accessories/fc-ykrc7-remote-controller,accessory_detail,normal,partial,70,Control remoto para UAV FC-YKRC7,4,Control remoto para UAV FC-YKRC7 | drone accessories | UAV components | industrial UAV parts,true,false,true,false,true,0.209,命中关键词库但未规划,是,,,General Drone/UAV Broad,drone accessories | UAV components,cleaned_master,,,补入关键词规划表，明确主落地页和辅助词,description 未命中关键词; H2 未命中关键词,Control remoto para UAV FC-YKRC7 | N-TET Drone Accessories,"El FC-YKRC7 es una estación terrestre portátil de alto rendimiento con transmisión de vídeo de 40KM, enlace dual inteligente 2.4G/5G y pantalla HD de 7 pulgadas de alto brillo para control de equipos móviles industriales.",.next/server/app/es/accessories/fc-ykrc7-remote-controller.html
/es/cases,es,/en/cases,case_index,normal,weak,50,casos UAV,4,casos UAV | patrullaje UAV | monitoreo de baja altitud | inspección UAV,false,true,false,false,true,0.212,未对上广告关键词库,否,,,,,,,,人工判定是否需要关键词库映射,title 未命中关键词; H1 未命中关键词; H2 未命中关键词,Casos de despliegue UAV | N-TET,"Referencias de despliegue para inspección UAV, patrullaje, apoyo de emergencia y monitoreo de baja altitud.",.next/server/app/es/cases.html
/es/cases/anhui-flood-season-uav-patrol,es,/en/cases/anhui-flood-season-uav-patrol,case_detail,normal,strong,85,Anhui Flood-Season emergencia UAV patrullaje,2,Anhui Flood-Season emergencia UAV patrullaje | N-TET,true,true,true,false,true,0.743,未对上广告关键词库,否,,,,,,,,检查是否需要从关键词库补长尾词；低商业价值页可不强制广告词映射,H2 未命中关键词,Anhui Flood-Season emergencia UAV patrullaje | N-TET,"Anhui Flood-Season emergencia UAV patrullaje de N-TET para inspección, respuesta de emergencia, patrullaje, con integración práctica, registros operativos y soporte de despliegue para equipos técnicos.",.next/server/app/es/cases/anhui-flood-season-uav-patrol.html
/es/cases/brazil-refinery-low-altitude-monitoring,es,/en/cases/brazil-refinery-low-altitude-monitoring,case_detail,normal,strong,85,Espacio aéreo monitoreo Case of a Refinery in Brazil,2,Espacio aéreo monitoreo Case of a Refinery in Brazil | N-TET,true,true,true,false,true,0.719,未对上广告关键词库,否,,,,,,,,检查是否需要从关键词库补长尾词；低商业价值页可不强制广告词映射,H2 未命中关键词,Espacio aéreo monitoreo Case of a Refinery in Brazil | N-TET,"Espacio aéreo monitoreo Case of a Refinery in Brazil de N-TET para monitoreo, respuesta de emergencia, seguridad de sitio, con integración práctica, registros operativos y soporte de despliegue para equipos técnicos.",.next/server/app/es/cases/brazil-refinery-low-altitude-monitoring.html
/es/cases/ice-snow-emergency-uav-inspection,es,/en/cases/ice-snow-emergency-uav-inspection,case_detail,normal,strong,85,Ice and Snow Disaster emergencia UAV inspección,2,Ice and Snow Disaster emergencia UAV inspección | N-TET,true,true,true,false,true,0.735,未对上广告关键词库,否,,,,,,,,检查是否需要从关键词库补长尾词；低商业价值页可不强制广告词映射,H2 未命中关键词,Ice and Snow Disaster emergencia UAV inspección | N-TET,"Ice and Snow Disaster emergencia UAV inspección de N-TET para inspección, respuesta de emergencia, operaciones UAV, con integración práctica, registros operativos y soporte de despliegue para equipos técnicos.",.next/server/app/es/cases/ice-snow-emergency-uav-inspection.html
/es/cases/lidar-tree-obstruction-uav-inspection,es,/en/cases/lidar-tree-obstruction-uav-inspection,case_detail,normal,strong,85,LiDAR Tree-Obstruction UAV inspección,2,LiDAR Tree-Obstruction UAV inspección | N-TET,true,true,true,false,true,0.749,未对上广告关键词库,否,,,,,,,,检查是否需要从关键词库补长尾词；低商业价值页可不强制广告词映射,H2 未命中关键词,LiDAR Tree-Obstruction UAV inspección | N-TET,"LiDAR Tree-Obstruction UAV inspección de N-TET para inspección, operaciones UAV, con integración práctica, registros operativos y soporte de despliegue para equipos técnicos.",.next/server/app/es/cases/lidar-tree-obstruction-uav-inspection.html
/es/cases/nigeria-factory-low-altitude-monitoring,es,/en/cases/nigeria-factory-low-altitude-monitoring,case_detail,normal,strong,85,Espacio aéreo monitoreo Case of a Group Factory in Nigeria,2,Espacio aéreo monitoreo Case of a Group Factory in Nigeria | N-TET,true,true,true,false,true,0.717,未对上广告关键词库,否,,,,,,,,检查是否需要从关键词库补长尾词；低商业价值页可不强制广告词映射,H2 未命中关键词,Espacio aéreo monitoreo Case of a Group Factory in Nigeria | N-TET,"Espacio aéreo monitoreo Case of a Group Factory in Nigeria de N-TET para monitoreo, seguridad de sitio, operaciones UAV, con integración práctica, registros operativos y soporte de despliegue para equipos técnicos.",.next/server/app/es/cases/nigeria-factory-low-altitude-monitoring.html
/es/cases/pakistan-power-plant-low-altitude-monitoring,es,/en/cases/pakistan-power-plant-low-altitude-monitoring,case_detail,normal,strong,85,Espacio aéreo monitoreo Case of a eléctrica Plant in Pakistan,2,Espacio aéreo monitoreo Case of a eléctrica Plant in Pakistan | N-TET,true,true,true,false,true,0.716,未对上广告关键词库,否,,,,,,,,检查是否需要从关键词库补长尾词；低商业价值页可不强制广告词映射,H2 未命中关键词,Espacio aéreo monitoreo Case of a eléctrica Plant in Pakistan | N-TET,"Espacio aéreo monitoreo Case of a eléctrica Plant in Pakistan de N-TET para monitoreo, seguridad de sitio, operaciones UAV, con integración práctica, registros operativos y soporte de despliegue para equipos técnicos.",.next/server/app/es/cases/pakistan-power-plant-low-altitude-monitoring.html
/es/cases/southern-grid-wildfire-uav-inspection,es,/en/cases/southern-grid-wildfire-uav-inspection,case_detail,normal,strong,85,Southern red eléctrica Wildfire Prevention UAV inspección,2,Southern red eléctrica Wildfire Prevention UAV inspección | N-TET,true,true,true,false,true,0.736,未对上广告关键词库,否,,,,,,,,检查是否需要从关键词库补长尾词；低商业价值页可不强制广告词映射,H2 未命中关键词,Southern red eléctrica Wildfire Prevention UAV inspección | N-TET,"Southern red eléctrica Wildfire Prevention UAV inspección de N-TET para inspección, operaciones UAV, infraestructura eléctrica, con integración práctica, registros operativos y soporte de despliegue para equipos técnicos.",.next/server/app/es/cases/southern-grid-wildfire-uav-inspection.html
/es/cases/wildfire-emergency-transmission-line-uav-patrol,es,/en/cases/wildfire-emergency-transmission-line-uav-patrol,case_detail,normal,strong,85,Wildfire emergencia Transmission-línea UAV patrullaje,2,Wildfire emergencia Transmission-línea UAV patrullaje | N-TET,true,true,true,false,true,0.743,未对上广告关键词库,否,,,,,,,,检查是否需要从关键词库补长尾词；低商业价值页可不强制广告词映射,H2 未命中关键词,Wildfire emergencia Transmission-línea UAV patrullaje | N-TET,"Wildfire emergencia Transmission-línea UAV patrullaje de N-TET para inspección, respuesta de emergencia, patrullaje, con integración práctica, registros operativos y soporte de despliegue para equipos técnicos.",.next/server/app/es/cases/wildfire-emergency-transmission-line-uav-patrol.html
/es/cases/zhaoqing-long-distance-power-line-uav-inspection,es,/en/cases/zhaoqing-long-distance-power-line-uav-inspection,case_detail,normal,strong,85,Zhaoqing Long-Distance eléctrica-línea UAV inspección,2,Zhaoqing Long-Distance eléctrica-línea UAV inspección | N-TET,true,true,true,false,true,0.743,未对上广告关键词库,否,,,,,,,,检查是否需要从关键词库补长尾词；低商业价值页可不强制广告词映射,H2 未命中关键词,Zhaoqing Long-Distance eléctrica-línea UAV inspección | N-TET,"Zhaoqing Long-Distance eléctrica-línea UAV inspección de N-TET para inspección, operaciones UAV, infraestructura eléctrica, con integración práctica, registros operativos y soporte de despliegue para equipos técnicos.",.next/server/app/es/cases/zhaoqing-long-distance-power-line-uav-inspection.html
/es/contact,es,/en/contact,conversion,normal,weak,30,cotización UAV industrial,4,cotización UAV industrial | proveedor UAV | solución de inspección con drones | monitoreo de baja altitud,false,true,false,false,false,0.000,继承英文页面映射,是,Industrial UAV Quote,conversion,,,,P2,转化页,按规划主词优化 title、description、H1、H2、首段和正文小节,title 未命中关键词; H1 未命中关键词; H2 未命中关键词; 正文未命中精确关键词短语,Contacto N-TET | Sistemas UAV industriales y monitoreo,"Contacte a N-TET para sistemas UAV industriales, drones de emergencia, UAV de inspección, monitoreo de baja altitud y soluciones de seguridad.",.next/server/app/es/contact.html
/es/media,es,/en/media,media_index,normal,weak,50,noticias UAV industriales,4,noticias UAV industriales | economía de baja altitud | UAV cautivo | monitoreo de infraestructura,false,true,false,false,true,0.286,未对上广告关键词库,否,,,,,,,,人工判定是否需要关键词库映射,title 未命中关键词; H1 未命中关键词; H2 未命中关键词,Noticias sobre UAV industriales y monitoreo de baja altitud | N-TET,"Lea perspectivas de N-TET sobre operaciones UAV industriales, economía de baja altitud, UAV cautivos, redundancia e infraestructura.",.next/server/app/es/media.html
/es/media/border-surveillance-uav-network-2026,es,/en/media/border-surveillance-uav-network-2026,media_detail,normal,strong,85,UAV and EO/IR Networks Improve remoto patrullaje Visibility,2,UAV and EO/IR Networks Improve remoto patrullaje Visibility | N-TET,true,true,true,false,true,0.715,未对上广告关键词库,否,,,,,,,,检查是否需要从关键词库补长尾词；低商业价值页可不强制广告词映射,H2 未命中关键词,UAV and EO/IR Networks Improve remoto patrullaje Visibility | N-TET,"UAV and EO/IR Networks Improve remoto patrullaje Visibility analiza tendencias y prácticas para operaciones UAV industriales, monitoreo de baja altitud e infraestructura. Contexto operativo El enfoque de N-TET prioriza despliegues verificab",.next/server/app/es/media/border-surveillance-uav-network-2026.html
/es/media/industrial-uav-redundancy-2026,es,/en/media/industrial-uav-redundancy-2026,media_detail,normal,strong,85,Dual-Redundant vuelo Control: How industrial UAV Achieve Mission-Grade Reliability,2,Dual-Redundant vuelo Control: How industrial UAV Achieve Mission-Grade Reliability | N-TET,true,true,true,false,true,0.715,未对上广告关键词库,否,,,,,,,,检查是否需要从关键词库补长尾词；低商业价值页可不强制广告词映射,H2 未命中关键词,Dual-Redundant vuelo Control: How industrial UAV Achieve Mission-Grade Reliability | N-TET,"Dual-Redundant vuelo Control: How industrial UAV Achieve Mission-Grade Reliability analiza tendencias y prácticas para operaciones UAV industriales, monitoreo de baja altitud e infraestructura. Contexto operativo El enfoque de N-TET prioriz",.next/server/app/es/media/industrial-uav-redundancy-2026.html
/es/media/low-altitude-economy-2026-outlook,es,/en/media/low-altitude-economy-2026-outlook,media_detail,normal,strong,85,China's baja altitud Economy: 2026 Outlook on a Two-Trillion-RMB Trajectory,2,China's baja altitud Economy: 2026 Outlook on a Two-Trillion-RMB Trajectory | N-TET,true,true,true,false,true,0.712,未对上广告关键词库,否,,,,,,,,检查是否需要从关键词库补长尾词；低商业价值页可不强制广告词映射,H2 未命中关键词,China's baja altitud Economy: 2026 Outlook on a Two-Trillion-RMB Trajectory | N-TET,"China's baja altitud Economy: 2026 Outlook on a Two-Trillion-RMB Trajectory analiza tendencias y prácticas para operaciones UAV industriales, monitoreo de baja altitud e infraestructura. Contexto operativo El enfoque de N-TET prioriza despl",.next/server/app/es/media/low-altitude-economy-2026-outlook.html
/es/media/tethered-uav-persistent-surveillance-2026,es,/en/media/tethered-uav-persistent-surveillance-2026,media_detail,normal,strong,85,Cautivo UAV: Continuous Aerial monitoreo for Events and remoto Sites,2,Cautivo UAV: Continuous Aerial monitoreo for Events and remoto Sites | N-TET,true,true,true,false,true,0.712,未对上广告关键词库,否,,,,,,,,检查是否需要从关键词库补长尾词；低商业价值页可不强制广告词映射,H2 未命中关键词,Cautivo UAV: Continuous Aerial monitoreo for Events and remoto Sites | N-TET,"Cautivo UAV: Continuous Aerial monitoreo for Events and remoto Sites analiza tendencias y prácticas para operaciones UAV industriales, monitoreo de baja altitud e infraestructura. Contexto operativo El enfoque de N-TET prioriza despliegues",.next/server/app/es/media/tethered-uav-persistent-surveillance-2026.html
/es/products,es,/en/products,product_index,normal,partial,65,sistemas UAV industriales,5,sistemas UAV industriales | dron de inspección | UAV cautivo | dron de emergencia | equipos de monitoreo de baja altitud,true,true,false,false,true,0.654,继承英文页面映射,是,Industrial UAV Systems,core,,,,P2,产品栏目页,按规划主词优化 title、description、H1、H2、首段和正文小节,H1 未命中关键词; H2 未命中关键词,Sistemas UAV industriales y equipos de monitoreo | Productos N-TET,"Explore UAV industriales, drones cautivos de emergencia, UAV de inspección, equipos de monitoreo de baja altitud y sistemas de inspección de seguridad de N-TET.",.next/server/app/es/products.html
/es/products/bailey-bridge,es,/en/products/bailey-bridge,product_detail,normal,strong,85,Bailey Steel Bridge Overview,5,Bailey Steel Bridge Overview | engineering materials | Bailey steel bridge | infrastructure support equipment | N-TET,true,true,true,false,true,1.621,未对上广告关键词库,否,,,,,,,,检查是否需要从关键词库补长尾词；低商业价值页可不强制广告词映射,H2 未命中关键词,Bailey Steel Bridge Overview | N-TET,"N-TET Bailey Steel Bridge Overview for industrial operators, combining Bailey Steel Bridge Overview, engineering materials, Bailey steel bridge workflows with field-ready deployment and support.",.next/server/app/es/products/bailey-bridge.html
/es/products/composite-electro-optical-tracking-system,es,/en/products/composite-electro-optical-tracking-system,product_detail,neutral_seo,partial,65,Electro-Optical EO seguimiento sistema,5,Electro-Optical EO seguimiento sistema | low altitude monitoring equipment | drone detection equipment | airspace monitoring system | N-TET,true,true,false,false,true,0.359,命中关键词库但未规划,是,,,Drone Detection & Airspace Monitoring,drone detection equipment,cleaned_master,,,补入关键词规划表，明确主落地页和辅助词,H1 未命中关键词; H2 未命中关键词,Electro-Optical (EO) seguimiento sistema | N-TET,"N-TET Electro-Optical (EO) seguimiento sistema for industrial operators, combining Electro-Optical EO seguimiento sistema, low altitude monitoring equipment, drone detection equipment workflows with field-ready deployment and support.",.next/server/app/es/products/composite-electro-optical-tracking-system.html
/es/products/containerized-medical-rescue-system,es,/en/products/containerized-medical-rescue-system,product_detail,normal,strong,85,Containerized Medical rescate sistema,5,Containerized Medical rescate sistema | field hospital system | containerized medical rescue system | emergency medical shelter | N-TET,true,true,true,false,true,1.004,未对上广告关键词库,否,,,,,,,,检查是否需要从关键词库补长尾词；低商业价值页可不强制广告词映射,H2 未命中关键词,Containerized Medical rescate sistema | N-TET,"N-TET Containerized Medical rescate sistema for industrial operators, combining Containerized Medical rescate sistema, field hospital system, containerized medical rescue system workflows with field-ready deployment and support.",.next/server/app/es/products/containerized-medical-rescue-system.html
/es/products/emergency-search-rescue-drone,es,/en/products/emergency-search-rescue-drone,product_detail,normal,strong,85,thermal drones for search and rescue,8,thermal drones for search and rescue | search and rescue drone | search and rescue UAV | drone rescue | Emergencia búsqueda & rescate dron | industrial UAV systems | UAV inspection drone | emergency response UAV,true,true,true,false,true,0.618,命中关键词库但未规划,是,Search & Rescue UAV,7038,Emergency Rescue & Disaster Response,thermal drones for search and rescue | search and rescue drone | search and rescue UAV | drone rescue,ads_upload_detail | cleaned_master,,,补入关键词规划表，明确主落地页和辅助词,H2 未命中关键词,Emergencia búsqueda & rescate dron | N-TET,"N-TET Emergencia búsqueda & rescate dron for industrial operators, combining thermal drones for search and rescue, search and rescue drone, search and rescue UAV workflows with field-ready deployment and support.",.next/server/app/es/products/emergency-search-rescue-drone.html
/es/products/fbg-g15-fc06-explosion-containment-vessel,es,/en/products/fbg-g15-fc06-explosion-containment-vessel,product_detail,normal,strong,85,Explosion Containment Vessel FBG-G1.5-FC06,5,Explosion Containment Vessel FBG-G1.5-FC06 | security screening equipment | X-ray baggage scanner | walk-through metal detector | N-TET,true,true,true,false,true,0.986,未对上广告关键词库,否,,,,,,,,检查是否需要从关键词库补长尾词；低商业价值页可不强制广告词映射,H2 未命中关键词,Explosion Containment Vessel FBG-G1.5-FC06 | N-TET,"N-TET Explosion Containment Vessel FBG-G1.5-FC06 for industrial operators, combining Explosion Containment Vessel FBG-G1.5-FC06, security screening equipment, X-ray baggage scanner workflows with field-ready deployment and support.",.next/server/app/es/products/fbg-g15-fc06-explosion-containment-vessel.html
/es/products/fbt-fc09-explosion-protection-blanket,es,/en/products/fbt-fc09-explosion-protection-blanket,product_detail,normal,strong,85,Explosion Protection Blanket FBT-FC09,5,Explosion Protection Blanket FBT-FC09 | security screening equipment | X-ray baggage scanner | walk-through metal detector | N-TET,true,true,true,false,true,0.986,未对上广告关键词库,否,,,,,,,,检查是否需要从关键词库补长尾词；低商业价值页可不强制广告词映射,H2 未命中关键词,Explosion Protection Blanket FBT-FC09 | N-TET,"N-TET Explosion Protection Blanket FBT-FC09 for industrial operators, combining Explosion Protection Blanket FBT-FC09, security screening equipment, X-ray baggage scanner workflows with field-ready deployment and support.",.next/server/app/es/products/fbt-fc09-explosion-protection-blanket.html
/es/products/fc-3000-ferromagnetic-detection-column,es,/en/products/fc-3000-ferromagnetic-detection-column,product_detail,normal,strong,85,Intelligent Ferromagnetic detección sistema FC-3000,5,Intelligent Ferromagnetic detección sistema FC-3000 | security screening equipment | X-ray baggage scanner | walk-through metal detector | N-TET,true,true,true,false,true,0.912,未对上广告关键词库,否,,,,,,,,检查是否需要从关键词库补长尾词；低商业价值页可不强制广告词映射,H2 未命中关键词,Intelligent Ferromagnetic detección sistema FC-3000 | N-TET,"N-TET Intelligent Ferromagnetic detección sistema FC-3000 for industrial operators, combining Intelligent Ferromagnetic detección sistema FC-3000, security screening equipment, X-ray baggage scanner workflows with field-ready deployment and",.next/server/app/es/products/fc-3000-ferromagnetic-detection-column.html
/es/products/fc-c-deluxe-walk-through-metal-detector,es,/en/products/fc-c-deluxe-walk-through-metal-detector,product_detail,normal,strong,85,Walk-Through Metal Detector FC-C Deluxe,5,Walk-Through Metal Detector FC-C Deluxe | security screening equipment | X-ray baggage scanner | walk-through metal detector | N-TET,true,true,true,false,true,0.939,未对上广告关键词库,否,,,,,,,,检查是否需要从关键词库补长尾词；低商业价值页可不强制广告词映射,H2 未命中关键词,Walk-Through Metal Detector FC-C (Deluxe) | N-TET,"N-TET Walk-Through Metal Detector FC-C (Deluxe) for industrial operators, combining Walk-Through Metal Detector FC-C Deluxe, security screening equipment, X-ray baggage scanner workflows with field-ready deployment and support.",.next/server/app/es/products/fc-c-deluxe-walk-through-metal-detector.html
/es/products/fc-c-lcd-walk-through-metal-detector,es,/en/products/fc-c-lcd-walk-through-metal-detector,product_detail,normal,strong,85,Walk-Through Metal Detector FC-C LCD,6,Walk-Through Metal Detector FC-C LCD | 12-Zone | security screening equipment | X-ray baggage scanner | walk-through metal detector | N-TET,true,true,true,false,true,1.512,未对上广告关键词库,否,,,,,,,,检查是否需要从关键词库补长尾词；低商业价值页可不强制广告词映射,H2 未命中关键词,"Walk-Through Metal Detector FC-C (LCD, 12-Zone) | N-TET","N-TET Walk-Through Metal Detector FC-C (LCD, 12-Zone) for industrial operators, combining Walk-Through Metal Detector FC-C LCD, 12-Zone, security screening equipment, X-ray baggage scanner workflows with field-ready deployment and support.",.next/server/app/es/products/fc-c-lcd-walk-through-metal-detector.html
/es/products/fc-dlxj-01-power-grid-inspection-drone,es,/en/products/fc-dlxj-01-power-grid-inspection-drone,product_detail,normal,strong,85,drone power line inspection,8,drone power line inspection | power line inspection drone | UAV power line inspection | utility inspection drone | Eléctrica red eléctrica inspección dron | industrial UAV systems | UAV inspection drone | emergency response UAV,true,true,true,false,true,0.611,命中关键词库但未规划,是,Power Line & Transmission Tower Inspection UAV | Utility Inspection UAV,4938 | 234,Power Line & Utility Inspection,drone power line inspection | power line inspection drone | UAV power line inspection | utility inspection drone,cleaned_master | ads_upload_detail,,,补入关键词规划表，明确主落地页和辅助词,H2 未命中关键词,Eléctrica red eléctrica inspección dron | N-TET,"N-TET Eléctrica red eléctrica inspección dron for industrial operators, combining drone power line inspection, power line inspection drone, UAV power line inspection workflows with field-ready deployment and support.",.next/server/app/es/products/fc-dlxj-01-power-grid-inspection-drone.html
/es/products/fc-dma-long-range-optical-turntable,es,/en/products/fc-dma-long-range-optical-turntable,product_detail,normal,strong,85,FC-DMA Multi-Spectral EO/IR PTZ Turret,5,FC-DMA Multi-Spectral EO/IR PTZ Turret | perimeter intelligence | electro optical surveillance | radar vision fusion system | N-TET,true,true,true,false,true,0.669,未对上广告关键词库,否,,,,,,,,检查是否需要从关键词库补长尾词；低商业价值页可不强制广告词映射,H2 未命中关键词,FC-DMA Multi-Spectral EO/IR PTZ Turret | N-TET,"N-TET FC-DMA Multi-Spectral EO/IR PTZ Turret for industrial operators, combining FC-DMA Multi-Spectral EO/IR PTZ Turret, perimeter intelligence, electro optical surveillance workflows with field-ready deployment and support.",.next/server/app/es/products/fc-dma-long-range-optical-turntable.html
/es/products/fc-dms10-smart-electronic-sentinel,es,/en/products/fc-dms10-smart-electronic-sentinel,product_detail,normal,strong,85,FC-DMS10 Series Smart Electronic Sentinel,5,FC-DMS10 Series Smart Electronic Sentinel | perimeter intelligence | electro optical surveillance | radar vision fusion system | N-TET,true,true,true,false,true,0.805,未对上广告关键词库,否,,,,,,,,检查是否需要从关键词库补长尾词；低商业价值页可不强制广告词映射,H2 未命中关键词,FC-DMS10 Series Smart Electronic Sentinel | N-TET,"N-TET FC-DMS10 Series Smart Electronic Sentinel for industrial operators, combining FC-DMS10 Series Smart Electronic Sentinel, perimeter intelligence, electro optical surveillance workflows with field-ready deployment and support.",.next/server/app/es/products/fc-dms10-smart-electronic-sentinel.html
/es/products/fc-dtvc-dual-band-thermal-ptz,es,/en/products/fc-dtvc-dual-band-thermal-ptz,product_detail,normal,strong,85,FC-DTVC Series Dual-Band Thermal High-Speed Dome,5,FC-DTVC Series Dual-Band Thermal High-Speed Dome | perimeter intelligence | electro optical surveillance | radar vision fusion system | N-TET,true,true,true,false,true,0.738,未对上广告关键词库,否,,,,,,,,检查是否需要从关键词库补长尾词；低商业价值页可不强制广告词映射,H2 未命中关键词,FC-DTVC Series Dual-Band Thermal High-Speed Dome | N-TET,"N-TET FC-DTVC Series Dual-Band Thermal High-Speed Dome for industrial operators, combining FC-DTVC Series Dual-Band Thermal High-Speed Dome, perimeter intelligence, electro optical surveillance workflows with field-ready deployment and supp",.next/server/app/es/products/fc-dtvc-dual-band-thermal-ptz.html
/es/products/fc-h-smart-phone-detection-gate,es,/en/products/fc-h-smart-phone-detection-gate,product_detail,normal,strong,85,Smart Phone detección Gate FC-H,5,Smart Phone detección Gate FC-H | security screening equipment | X-ray baggage scanner | walk-through metal detector | N-TET,true,true,true,false,true,0.797,未对上广告关键词库,否,,,,,,,,检查是否需要从关键词库补长尾词；低商业价值页可不强制广告词映射,H2 未命中关键词,Smart Phone detección Gate FC-H | N-TET,"N-TET Smart Phone detección Gate FC-H for industrial operators, combining Smart Phone detección Gate FC-H, security screening equipment, X-ray baggage scanner workflows with field-ready deployment and support.",.next/server/app/es/products/fc-h-smart-phone-detection-gate.html
/es/products/fc-h-smart-phone-detection-gate-29in,es,/en/products/fc-h-smart-phone-detection-gate-29in,product_detail,normal,partial,65,Smart Phone detección Gate FC-H 29-inch Display,5,Smart Phone detección Gate FC-H 29-inch Display | security screening equipment | X-ray baggage scanner | walk-through metal detector | N-TET,true,true,false,false,true,0.338,未对上广告关键词库,否,,,,,,,,检查是否需要从关键词库补长尾词；低商业价值页可不强制广告词映射,H1 未命中关键词; H2 未命中关键词,Smart Phone detección Gate FC-H (29-inch Display) | N-TET,"N-TET Smart Phone detección Gate FC-H (29-inch Display) for industrial operators, combining Smart Phone detección Gate FC-H 29-inch Display, security screening equipment, X-ray baggage scanner workflows with field-ready deployment and suppo",.next/server/app/es/products/fc-h-smart-phone-detection-gate-29in.html
/es/products/fc-pd500-personal-radiation-dose-alarm,es,/en/products/fc-pd500-personal-radiation-dose-alarm,product_detail,normal,strong,85,FC-PD500 X-γ Personal Radiation Dose Alarm,5,FC-PD500 X-γ Personal Radiation Dose Alarm | security screening equipment | X-ray baggage scanner | walk-through metal detector | N-TET,true,true,true,false,true,0.887,未对上广告关键词库,否,,,,,,,,检查是否需要从关键词库补长尾词；低商业价值页可不强制广告词映射,H2 未命中关键词,FC-PD500 X-γ Personal Radiation Dose Alarm | N-TET,"N-TET FC-PD500 X-γ Personal Radiation Dose Alarm for industrial operators, combining FC-PD500 X-γ Personal Radiation Dose Alarm, security screening equipment, X-ray baggage scanner workflows with field-ready deployment and support.",.next/server/app/es/products/fc-pd500-personal-radiation-dose-alarm.html
/es/products/fc-rc-series-hd-laser-camera,es,/en/products/fc-rc-series-hd-laser-camera,product_detail,normal,strong,85,FC-RC Series HD Long-Range Laser Camera,5,FC-RC Series HD Long-Range Laser Camera | perimeter intelligence | electro optical surveillance | radar vision fusion system | N-TET,true,true,true,false,true,0.750,未对上广告关键词库,否,,,,,,,,检查是否需要从关键词库补长尾词；低商业价值页可不强制广告词映射,H2 未命中关键词,FC-RC Series HD Long-Range Laser Camera | N-TET,"N-TET FC-RC Series HD Long-Range Laser Camera for industrial operators, combining FC-RC Series HD Long-Range Laser Camera, perimeter intelligence, electro optical surveillance workflows with field-ready deployment and support.",.next/server/app/es/products/fc-rc-series-hd-laser-camera.html
/es/products/fc-rds500-4r-radar-vision-sentinel,es,/en/products/fc-rds500-4r-radar-vision-sentinel,product_detail,normal,strong,85,FC-RDS500-4R Radar-Vision Fusion sistema,5,FC-RDS500-4R Radar-Vision Fusion sistema | perimeter intelligence | electro optical surveillance | radar vision fusion system | N-TET,true,true,true,false,true,0.737,未对上广告关键词库,否,,,,,,,,检查是否需要从关键词库补长尾词；低商业价值页可不强制广告词映射,H2 未命中关键词,FC-RDS500-4R Radar-Vision Fusion sistema | N-TET,"N-TET FC-RDS500-4R Radar-Vision Fusion sistema for industrial operators, combining FC-RDS500-4R Radar-Vision Fusion sistema, perimeter intelligence, electro optical surveillance workflows with field-ready deployment and support.",.next/server/app/es/products/fc-rds500-4r-radar-vision-sentinel.html
/es/products/fc-sljc-01-water-conservancy-monitoring-drone,es,/en/products/fc-sljc-01-water-conservancy-monitoring-drone,product_detail,normal,strong,85,water conservancy monitoring UAV,8,water conservancy monitoring UAV | dam inspection UAV | river lake UAV monitoring | flood monitoring drone | Gestión hídrica monitoreo UAV | industrial UAV systems | UAV inspection drone | emergency response UAV,true,true,true,false,true,0.620,命中关键词库但未规划,是,Water Conservancy Monitoring UAV,7938,Water Conservancy & River-Lake Monitoring,water conservancy monitoring UAV | dam inspection UAV | flood monitoring drone,ads_cluster_name | ads_upload_detail | cleaned_master,,,补入关键词规划表，明确主落地页和辅助词,H2 未命中关键词,Gestión hídrica monitoreo UAV | N-TET,"N-TET Gestión hídrica monitoreo UAV for industrial operators, combining water conservancy monitoring UAV, dam inspection UAV, river lake UAV monitoring workflows with field-ready deployment and support.",.next/server/app/es/products/fc-sljc-01-water-conservancy-monitoring-drone.html
/es/products/fc-smart-swing-turnstile,es,/en/products/fc-smart-swing-turnstile,product_detail,normal,strong,85,Deluxe Smart Swing Turnstile,5,Deluxe Smart Swing Turnstile | security screening equipment | X-ray baggage scanner | walk-through metal detector | N-TET,true,true,true,false,true,0.945,未对上广告关键词库,否,,,,,,,,检查是否需要从关键词库补长尾词；低商业价值页可不强制广告词映射,H2 未命中关键词,Deluxe Smart Swing Turnstile | N-TET,"N-TET Deluxe Smart Swing Turnstile for industrial operators, combining Deluxe Smart Swing Turnstile, security screening equipment, X-ray baggage scanner workflows with field-ready deployment and support.",.next/server/app/es/products/fc-smart-swing-turnstile.html
/es/products/fc-ttvc-intelligent-multi-band-camera,es,/en/products/fc-ttvc-intelligent-multi-band-camera,product_detail,normal,strong,85,FC-TTVC Series Intelligent Multi-Band Camera,5,FC-TTVC Series Intelligent Multi-Band Camera | perimeter intelligence | electro optical surveillance | radar vision fusion system | N-TET,true,true,true,false,true,0.870,未对上广告关键词库,否,,,,,,,,检查是否需要从关键词库补长尾词；低商业价值页可不强制广告词映射,H2 未命中关键词,FC-TTVC Series Intelligent Multi-Band Camera | N-TET,"N-TET FC-TTVC Series Intelligent Multi-Band Camera for industrial operators, combining FC-TTVC Series Intelligent Multi-Band Camera, perimeter intelligence, electro optical surveillance workflows with field-ready deployment and support.",.next/server/app/es/products/fc-ttvc-intelligent-multi-band-camera.html
/es/products/fc-yjtx-01-emergency-communication-drone,es,/en/products/fc-yjtx-01-emergency-communication-drone,product_detail,normal,strong,85,emergency communication UAV,8,emergency communication UAV | disaster response communication drone | tethered communication UAV | public safety UAV communications | Emergencia comunicación cautivo UAV | industrial UAV systems | UAV inspection drone | emergency response UAV,true,true,true,false,true,0.611,命中关键词库但未规划,是,Emergency Communication UAV,4006,,emergency communication UAV | disaster response communication drone,ads_cluster_name | ads_upload_detail,,,补入关键词规划表，明确主落地页和辅助词,H2 未命中关键词,Emergencia comunicación cautivo UAV | N-TET,"N-TET Emergencia comunicación cautivo UAV for industrial operators, combining emergency communication UAV, disaster response communication drone, tethered communication UAV workflows with field-ready deployment and support.",.next/server/app/es/products/fc-yjtx-01-emergency-communication-drone.html
/es/products/fc-yjxf-01-aerial-firefighting-drone,es,/en/products/fc-yjxf-01-aerial-firefighting-drone,product_detail,normal,strong,85,firefighting drone,8,firefighting drone | drone fire fighting | drone for fire fighting | high-rise firefighting UAV | High-Rise apoyo contra incendios cautivo UAV | industrial UAV systems | UAV inspection drone | emergency response UAV,true,true,true,false,true,0.614,命中关键词库但未规划,是,Firefighting UAV | High-Rise Firefighting UAV,894 | 1166,Emergency Rescue & Disaster Response,firefighting drone | drone fire fighting | drone for fire fighting | high-rise firefighting UAV,ads_upload_detail | cleaned_master | ads_cluster_name,,,补入关键词规划表，明确主落地页和辅助词,H2 未命中关键词,High-Rise apoyo contra incendios cautivo UAV | N-TET,"N-TET High-Rise apoyo contra incendios cautivo UAV for industrial operators, combining firefighting drone, drone fire fighting, drone for fire fighting workflows with field-ready deployment and support.",.next/server/app/es/products/fc-yjxf-01-aerial-firefighting-drone.html
/es/products/fc-yjzc-01-emergency-reconnaissance-drone,es,/en/products/fc-yjzc-01-emergency-reconnaissance-drone,product_detail,normal,strong,85,search and rescue drone,8,search and rescue drone | drone rescue | emergency reconnaissance drone | disaster response UAV | Emergencia Response dron | industrial UAV systems | UAV inspection drone | emergency response UAV,true,true,true,false,true,0.618,命中关键词库但未规划,是,Search & Rescue UAV,7038,Emergency Rescue & Disaster Response,search and rescue drone | drone rescue | disaster response UAV,ads_upload_detail | cleaned_master,,,补入关键词规划表，明确主落地页和辅助词,H2 未命中关键词,Emergencia Response dron | N-TET,"N-TET Emergencia Response dron for industrial operators, combining search and rescue drone, drone rescue, emergency reconnaissance drone workflows with field-ready deployment and support.",.next/server/app/es/products/fc-yjzc-01-emergency-reconnaissance-drone.html
/es/products/fc-yjzm-01-emergency-lighting-drone,es,/en/products/fc-yjzm-01-emergency-lighting-drone,product_detail,normal,strong,85,drone lighting,8,drone lighting | UAV lighting | tethered lighting UAV | emergency lighting drone | Cautivo iluminación UAV | industrial UAV systems | UAV inspection drone | emergency response UAV,true,true,true,false,true,0.621,命中关键词库但未规划,是,Tethered Lighting UAV,1860,Emergency Rescue & Disaster Response,drone lighting | UAV lighting | tethered lighting UAV,ads_upload_detail | cleaned_master | ads_cluster_name,,,补入关键词规划表，明确主落地页和辅助词,H2 未命中关键词,Cautivo iluminación UAV | N-TET,"N-TET Cautivo iluminación UAV for industrial operators, combining drone lighting, UAV lighting, tethered lighting UAV workflows with field-ready deployment and support.",.next/server/app/es/products/fc-yjzm-01-emergency-lighting-drone.html
/es/products/fc-yqxj-01-utility-inspection-drone,es,/en/products/fc-yqxj-01-utility-inspection-drone,product_detail,normal,strong,85,pipeline inspection drones,8,pipeline inspection drones | UAV pipeline inspection | oil and gas drone inspection | drone pipeline inspection | Oil & Gas Pipeline inspección dron | industrial UAV systems | UAV inspection drone | emergency response UAV,true,true,true,false,true,0.611,继承英文页面映射,是,Utility Inspection UAV | Pipeline Inspection UAV,234 | 1388,General Drone/UAV Broad | Infrastructure Protection,pipeline inspection drones | UAV pipeline inspection | oil and gas drone inspection | drone pipeline inspection,ads_upload_detail | cleaned_master,P2,产品详情页,保持映射，后续做 E-E-A-T 和内链增强,H2 未命中关键词,Oil & Gas Pipeline inspección dron | N-TET,"N-TET Oil & Gas Pipeline inspección dron for industrial operators, combining pipeline inspection drones, UAV pipeline inspection, oil and gas drone inspection workflows with field-ready deployment and support.",.next/server/app/es/products/fc-yqxj-01-utility-inspection-drone.html
/es/products/fc1500-handheld-liquid-detector,es,/en/products/fc1500-handheld-liquid-detector,product_detail,normal,strong,85,Handheld Liquid Detector FC1500,5,Handheld Liquid Detector FC1500 | security screening equipment | X-ray baggage scanner | walk-through metal detector | N-TET,true,true,true,false,true,0.982,未对上广告关键词库,否,,,,,,,,检查是否需要从关键词库补长尾词；低商业价值页可不强制广告词映射,H2 未命中关键词,Handheld Liquid Detector FC1500 | N-TET,"N-TET Handheld Liquid Detector FC1500 for industrial operators, combining Handheld Liquid Detector FC1500, security screening equipment, X-ray baggage scanner workflows with field-ready deployment and support.",.next/server/app/es/products/fc1500-handheld-liquid-detector.html
/es/products/fc1500b-desktop-liquid-security-inspector,es,/en/products/fc1500b-desktop-liquid-security-inspector,product_detail,normal,strong,85,Desktop Liquid seguridad Inspector FC1500B,5,Desktop Liquid seguridad Inspector FC1500B | security screening equipment | X-ray baggage scanner | walk-through metal detector | N-TET,true,true,true,false,true,0.954,未对上广告关键词库,否,,,,,,,,检查是否需要从关键词库补长尾词；低商业价值页可不强制广告词映射,H2 未命中关键词,Desktop Liquid seguridad Inspector FC1500B | N-TET,"N-TET Desktop Liquid seguridad Inspector FC1500B for industrial operators, combining Desktop Liquid seguridad Inspector FC1500B, security screening equipment, X-ray baggage scanner workflows with field-ready deployment and support.",.next/server/app/es/products/fc1500b-desktop-liquid-security-inspector.html
/es/products/fc1800b-portable-explosives-and-narcotics-detector,es,/en/products/fc1800b-portable-explosives-and-narcotics-detector,product_detail,normal,strong,85,Portable Explosives & Narcotics Detector FC1800B,5,Portable Explosives & Narcotics Detector FC1800B | security screening equipment | X-ray baggage scanner | walk-through metal detector | N-TET,true,true,true,false,true,0.978,未对上广告关键词库,否,,,,,,,,检查是否需要从关键词库补长尾词；低商业价值页可不强制广告词映射,H2 未命中关键词,Portable Explosives & Narcotics Detector FC1800B | N-TET,"N-TET Portable Explosives & Narcotics Detector FC1800B for industrial operators, combining Portable Explosives & Narcotics Detector FC1800B, security screening equipment, X-ray baggage scanner workflows with field-ready deployment and suppo",.next/server/app/es/products/fc1800b-portable-explosives-and-narcotics-detector.html
/es/products/fc1800t-desktop-explosives-narcotics-detector,es,/en/products/fc1800t-desktop-explosives-narcotics-detector,product_detail,normal,strong,85,Desktop Explosives & Narcotics Detector FC1800T,5,Desktop Explosives & Narcotics Detector FC1800T | security screening equipment | X-ray baggage scanner | walk-through metal detector | N-TET,true,true,true,false,true,0.962,未对上广告关键词库,否,,,,,,,,检查是否需要从关键词库补长尾词；低商业价值页可不强制广告词映射,H2 未命中关键词,Desktop Explosives & Narcotics Detector FC1800T | N-TET,"N-TET Desktop Explosives & Narcotics Detector FC1800T for industrial operators, combining Desktop Explosives & Narcotics Detector FC1800T, security screening equipment, X-ray baggage scanner workflows with field-ready deployment and support",.next/server/app/es/products/fc1800t-desktop-explosives-narcotics-detector.html
/es/products/fc2088-handheld-metal-detector,es,/en/products/fc2088-handheld-metal-detector,product_detail,normal,strong,85,Handheld Metal Detector FC2088,5,Handheld Metal Detector FC2088 | security screening equipment | X-ray baggage scanner | walk-through metal detector | N-TET,true,true,true,false,true,0.985,未对上广告关键词库,否,,,,,,,,检查是否需要从关键词库补长尾词；低商业价值页可不强制广告词映射,H2 未命中关键词,Handheld Metal Detector FC2088 | N-TET,"N-TET Handheld Metal Detector FC2088 for industrial operators, combining Handheld Metal Detector FC2088, security screening equipment, X-ray baggage scanner workflows with field-ready deployment and support.",.next/server/app/es/products/fc2088-handheld-metal-detector.html
/es/products/fc4028-neutron-ambient-dose-rate-meter,es,/en/products/fc4028-neutron-ambient-dose-rate-meter,product_detail,normal,partial,65,FC4028 Neutron Ambient Dose Equivalent Rate Meter,5,FC4028 Neutron Ambient Dose Equivalent Rate Meter | security screening equipment | X-ray baggage scanner | walk-through metal detector | N-TET,true,true,false,false,true,0.286,未对上广告关键词库,否,,,,,,,,检查是否需要从关键词库补长尾词；低商业价值页可不强制广告词映射,H1 未命中关键词; H2 未命中关键词,FC4028 Neutron Ambient Dose Equivalent (Rate) Meter | N-TET,"N-TET FC4028 Neutron Ambient Dose Equivalent (Rate) Meter for industrial operators, combining FC4028 Neutron Ambient Dose Equivalent Rate Meter, security screening equipment, X-ray baggage scanner workflows with field-ready deployment and s",.next/server/app/es/products/fc4028-neutron-ambient-dose-rate-meter.html
/es/products/fc5030-compact-x-ray-baggage-scanner,es,/en/products/fc5030-compact-x-ray-baggage-scanner,product_detail,normal,strong,85,X-Ray Baggage Scanner FC5030,5,X-Ray Baggage Scanner FC5030 | security screening equipment | X-ray baggage scanner | walk-through metal detector | N-TET,true,true,true,false,true,1.566,未对上广告关键词库,否,,,,,,,,检查是否需要从关键词库补长尾词；低商业价值页可不强制广告词映射,H2 未命中关键词,X-Ray Baggage Scanner FC5030 | N-TET,"N-TET X-Ray Baggage Scanner FC5030 for industrial operators, combining X-Ray Baggage Scanner FC5030, security screening equipment, X-ray baggage scanner workflows with field-ready deployment and support.",.next/server/app/es/products/fc5030-compact-x-ray-baggage-scanner.html
/es/products/fc6550-standard-x-ray-baggage-scanner,es,/en/products/fc6550-standard-x-ray-baggage-scanner,product_detail,normal,strong,85,X-Ray Baggage Scanner FC6550,5,X-Ray Baggage Scanner FC6550 | security screening equipment | X-ray baggage scanner | walk-through metal detector | N-TET,true,true,true,false,true,1.544,未对上广告关键词库,否,,,,,,,,检查是否需要从关键词库补长尾词；低商业价值页可不强制广告词映射,H2 未命中关键词,X-Ray Baggage Scanner FC6550 | N-TET,"N-TET X-Ray Baggage Scanner FC6550 for industrial operators, combining X-Ray Baggage Scanner FC6550, security screening equipment, X-ray baggage scanner workflows with field-ready deployment and support.",.next/server/app/es/products/fc6550-standard-x-ray-baggage-scanner.html
/es/products/fc6550d-dual-view-baggage-scanner,es,/en/products/fc6550d-dual-view-baggage-scanner,product_detail,normal,strong,85,Dual-View X-Ray Baggage Scanner FC6550D,5,Dual-View X-Ray Baggage Scanner FC6550D | security screening equipment | X-ray baggage scanner | walk-through metal detector | N-TET,true,true,true,false,true,1.557,未对上广告关键词库,否,,,,,,,,检查是否需要从关键词库补长尾词；低商业价值页可不强制广告词映射,H2 未命中关键词,Dual-View X-Ray Baggage Scanner FC6550D | N-TET,"N-TET Dual-View X-Ray Baggage Scanner FC6550D for industrial operators, combining Dual-View X-Ray Baggage Scanner FC6550D, security screening equipment, X-ray baggage scanner workflows with field-ready deployment and support.",.next/server/app/es/products/fc6550d-dual-view-baggage-scanner.html
/es/products/fc902-personal-radiation-dose-alarm,es,/en/products/fc902-personal-radiation-dose-alarm,product_detail,normal,strong,85,X-γ Radiation Dose Alarm FC902,5,X-γ Radiation Dose Alarm FC902 | security screening equipment | X-ray baggage scanner | walk-through metal detector | N-TET,true,true,true,false,true,0.880,未对上广告关键词库,否,,,,,,,,检查是否需要从关键词库补长尾词；低商业价值页可不强制广告词映射,H2 未命中关键词,X-γ Radiation Dose Alarm FC902 | N-TET,"N-TET X-γ Radiation Dose Alarm FC902 for industrial operators, combining X-γ Radiation Dose Alarm FC902, security screening equipment, X-ray baggage scanner workflows with field-ready deployment and support.",.next/server/app/es/products/fc902-personal-radiation-dose-alarm.html
/es/products/handheld-rf-detection-system-mini,es,/en/products/handheld-rf-detection-system-mini,product_detail,normal,strong,85,Handheld RF detección sistema,5,Handheld RF detección sistema | low altitude monitoring equipment | drone detection equipment | airspace monitoring system | N-TET,true,true,true,false,true,0.958,命中关键词库但未规划,是,,,Drone Detection & Airspace Monitoring,drone detection equipment,cleaned_master,,,补入关键词规划表，明确主落地页和辅助词,H2 未命中关键词,Handheld RF detección sistema | N-TET,"N-TET Handheld RF detección sistema for industrial operators, combining Handheld RF detección sistema, low altitude monitoring equipment, drone detection equipment workflows with field-ready deployment and support.",.next/server/app/es/products/handheld-rf-detection-system-mini.html
/es/products/intelligent-mobile-cabin-hospital,es,/en/products/intelligent-mobile-cabin-hospital,product_detail,normal,strong,85,Intelligent Mobile Cabin Hospital,5,Intelligent Mobile Cabin Hospital | field hospital system | containerized medical rescue system | emergency medical shelter | N-TET,true,true,true,false,true,1.018,未对上广告关键词库,否,,,,,,,,检查是否需要从关键词库补长尾词；低商业价值页可不强制广告词映射,H2 未命中关键词,Intelligent Mobile Cabin Hospital | N-TET,"N-TET Intelligent Mobile Cabin Hospital for industrial operators, combining Intelligent Mobile Cabin Hospital, field hospital system, containerized medical rescue system workflows with field-ready deployment and support.",.next/server/app/es/products/intelligent-mobile-cabin-hospital.html
/es/products/low-altitude-3d-pulse-doppler-radar,es,/en/products/low-altitude-3d-pulse-doppler-radar,product_detail,normal,partial,65,Baja altitud detección Radar X-Band,5,Baja altitud detección Radar X-Band | low altitude monitoring equipment | drone detection equipment | airspace monitoring system | N-TET,true,true,false,false,true,0.361,命中关键词库但未规划,是,,,Drone Detection & Airspace Monitoring,drone detection equipment,cleaned_master,,,补入关键词规划表，明确主落地页和辅助词,H1 未命中关键词; H2 未命中关键词,Baja altitud detección Radar (X-Band) | N-TET,"N-TET Baja altitud detección Radar (X-Band) for industrial operators, combining Baja altitud detección Radar X-Band, low altitude monitoring equipment, drone detection equipment workflows with field-ready deployment and support.",.next/server/app/es/products/low-altitude-3d-pulse-doppler-radar.html
/es/products/low-altitude-detection-radar-ku-band,es,/en/products/low-altitude-detection-radar-ku-band,product_detail,neutral_seo,partial,65,Baja altitud detección Radar Ku-Band,5,Baja altitud detección Radar Ku-Band | low altitude monitoring equipment | drone detection equipment | airspace monitoring system | N-TET,true,true,false,false,true,0.366,命中关键词库但未规划,是,,,Drone Detection & Airspace Monitoring,drone detection equipment,cleaned_master,,,补入关键词规划表，明确主落地页和辅助词,H1 未命中关键词; H2 未命中关键词,Baja altitud detección Radar (Ku-Band) | N-TET,"N-TET Baja altitud detección Radar (Ku-Band) for industrial operators, combining Baja altitud detección Radar Ku-Band, low altitude monitoring equipment, drone detection equipment workflows with field-ready deployment and support.",.next/server/app/es/products/low-altitude-detection-radar-ku-band.html
/es/products/multi-rotor-20kg-payload-uav,es,/en/products/multi-rotor-20kg-payload-uav,product_detail,normal,strong,85,20kg carga útil multirrotor UAV,5,20kg carga útil multirrotor UAV | industrial UAV systems | UAV inspection drone | emergency response UAV | N-TET,true,true,true,false,true,0.973,未对上广告关键词库,否,,,,,,,,检查是否需要从关键词库补长尾词；低商业价值页可不强制广告词映射,H2 未命中关键词,20kg carga útil multirrotor UAV | N-TET,"N-TET 20kg carga útil multirrotor UAV for industrial operators, combining 20kg carga útil multirrotor UAV, industrial UAV systems, UAV inspection drone workflows with field-ready deployment and support.",.next/server/app/es/products/multi-rotor-20kg-payload-uav.html
/es/products/multi-rotor-3kg-payload-uav,es,/en/products/multi-rotor-3kg-payload-uav,product_detail,normal,strong,85,3kg carga útil multirrotor UAV,5,3kg carga útil multirrotor UAV | industrial UAV systems | UAV inspection drone | emergency response UAV | N-TET,true,true,true,false,true,0.977,未对上广告关键词库,否,,,,,,,,检查是否需要从关键词库补长尾词；低商业价值页可不强制广告词映射,H2 未命中关键词,3kg carga útil multirrotor UAV | N-TET,"N-TET 3kg carga útil multirrotor UAV for industrial operators, combining 3kg carga útil multirrotor UAV, industrial UAV systems, UAV inspection drone workflows with field-ready deployment and support.",.next/server/app/es/products/multi-rotor-3kg-payload-uav.html
/es/products/multi-rotor-50kg-payload-uav,es,/en/products/multi-rotor-50kg-payload-uav,product_detail,normal,strong,85,50kg carga útil multirrotor UAV,5,50kg carga útil multirrotor UAV | industrial UAV systems | UAV inspection drone | emergency response UAV | N-TET,true,true,true,false,true,0.972,未对上广告关键词库,否,,,,,,,,检查是否需要从关键词库补长尾词；低商业价值页可不强制广告词映射,H2 未命中关键词,50kg carga útil multirrotor UAV | N-TET,"N-TET 50kg carga útil multirrotor UAV for industrial operators, combining 50kg carga útil multirrotor UAV, industrial UAV systems, UAV inspection drone workflows with field-ready deployment and support.",.next/server/app/es/products/multi-rotor-50kg-payload-uav.html
/es/products/multi-rotor-8kg-payload-uav,es,/en/products/multi-rotor-8kg-payload-uav,product_detail,normal,strong,85,8kg carga útil multirrotor UAV,5,8kg carga útil multirrotor UAV | industrial UAV systems | UAV inspection drone | emergency response UAV | N-TET,true,true,true,false,true,0.980,未对上广告关键词库,否,,,,,,,,检查是否需要从关键词库补长尾词；低商业价值页可不强制广告词映射,H2 未命中关键词,8kg carga útil multirrotor UAV | N-TET,"N-TET 8kg carga útil multirrotor UAV for industrial operators, combining 8kg carga útil multirrotor UAV, industrial UAV systems, UAV inspection drone workflows with field-ready deployment and support.",.next/server/app/es/products/multi-rotor-8kg-payload-uav.html
/es/products/portable-rf-detection-case,es,/en/products/portable-rf-detection-case,product_detail,neutral_seo,strong,85,Hand-carried RF detección sistema,5,Hand-carried RF detección sistema | low altitude monitoring equipment | drone detection equipment | airspace monitoring system | N-TET,true,true,true,false,true,1.011,命中关键词库但未规划,是,,,Drone Detection & Airspace Monitoring,drone detection equipment,cleaned_master,,,补入关键词规划表，明确主落地页和辅助词,H2 未命中关键词,Hand-carried RF detección sistema | N-TET,"N-TET Hand-carried RF detección sistema for industrial operators, combining Hand-carried RF detección sistema, low altitude monitoring equipment, drone detection equipment workflows with field-ready deployment and support.",.next/server/app/es/products/portable-rf-detection-case.html
/es/products/power-tower-inspection-drone,es,/en/products/power-tower-inspection-drone,product_detail,normal,strong,85,drone power line inspection,8,drone power line inspection | power line inspection drone | drones for utility inspection | transmission tower inspection UAV | Eléctrica Tower inspección UAV | industrial UAV systems | UAV inspection drone | emergency response UAV,true,true,true,false,true,0.589,命中关键词库但未规划,是,Power Line & Transmission Tower Inspection UAV | Utility Inspection UAV,4938 | 234,Power Line & Utility Inspection,drone power line inspection | power line inspection drone | drones for utility inspection | transmission tower inspection UAV,cleaned_master | ads_upload_detail,,,补入关键词规划表，明确主落地页和辅助词,H2 未命中关键词,Eléctrica Tower inspección UAV | N-TET,"N-TET Eléctrica Tower inspección UAV for industrial operators, combining drone power line inspection, power line inspection drone, drones for utility inspection workflows with field-ready deployment and support.",.next/server/app/es/products/power-tower-inspection-drone.html
/es/products/smart-substation-autonomous-inspection-system,es,/en/products/smart-substation-autonomous-inspection-system,product_detail,normal,strong,85,smart substation autonomous inspection,8,smart substation autonomous inspection | substation inspection drone | power utility UAV inspection | autonomous UAV inspection | Smart subestación Autonomous UAV inspección sistema | industrial UAV systems | UAV inspection drone | emergency response UAV,true,true,true,false,true,0.604,命中关键词库但未规划,是,Smart Substation Autonomous Inspection,5200,,smart substation autonomous inspection | substation inspection drone,ads_cluster_name | ads_upload_detail,,,补入关键词规划表，明确主落地页和辅助词,H2 未命中关键词,Smart subestación Autonomous UAV inspección sistema | N-TET,"N-TET Smart subestación Autonomous UAV inspección sistema for industrial operators, combining smart substation autonomous inspection, substation inspection drone, power utility UAV inspection workflows with field-ready deployment and suppor",.next/server/app/es/products/smart-substation-autonomous-inspection-system.html
/es/products/stationary-rf-detection-system,es,/en/products/stationary-rf-detection-system,product_detail,neutral_seo,strong,85,Stationary RF detección sistema,5,Stationary RF detección sistema | low altitude monitoring equipment | drone detection equipment | airspace monitoring system | N-TET,true,true,true,false,true,0.988,命中关键词库但未规划,是,,,Drone Detection & Airspace Monitoring,drone detection equipment,cleaned_master,,,补入关键词规划表，明确主落地页和辅助词,H2 未命中关键词,Stationary RF detección sistema | N-TET,"N-TET Stationary RF detección sistema for industrial operators, combining Stationary RF detección sistema, low altitude monitoring equipment, drone detection equipment workflows with field-ready deployment and support.",.next/server/app/es/products/stationary-rf-detection-system.html
/es/products/uav-remote-id-monitoring-system,es,/en/products/uav-remote-id-monitoring-system,product_detail,neutral_seo,strong,85,UAV remoto ID monitoreo sistema,5,UAV remoto ID monitoreo sistema | low altitude monitoring equipment | drone detection equipment | airspace monitoring system | N-TET,true,true,true,false,true,0.993,命中关键词库但未规划,是,,,Drone Detection & Airspace Monitoring,drone detection equipment,cleaned_master,,,补入关键词规划表，明确主落地页和辅助词,H2 未命中关键词,UAV remoto ID monitoreo sistema | N-TET,"N-TET UAV remoto ID monitoreo sistema for industrial operators, combining UAV remoto ID monitoreo sistema, low altitude monitoring equipment, drone detection equipment workflows with field-ready deployment and support.",.next/server/app/es/products/uav-remote-id-monitoring-system.html
/es/products/vtol-135kg-mtow-uav,es,/en/products/vtol-135kg-mtow-uav,product_detail,normal,strong,85,135kg MTOW VTOL ala fija UAV,5,135kg MTOW VTOL ala fija UAV | industrial UAV systems | UAV inspection drone | emergency response UAV | N-TET,true,true,true,false,true,0.989,未对上广告关键词库,否,,,,,,,,检查是否需要从关键词库补长尾词；低商业价值页可不强制广告词映射,H2 未命中关键词,135kg MTOW VTOL ala fija UAV | N-TET,"N-TET 135kg MTOW VTOL ala fija UAV for industrial operators, combining 135kg MTOW VTOL ala fija UAV, industrial UAV systems, UAV inspection drone workflows with field-ready deployment and support.",.next/server/app/es/products/vtol-135kg-mtow-uav.html
/es/products/vtol-14kg-mtow-uav,es,/en/products/vtol-14kg-mtow-uav,product_detail,normal,strong,85,14kg MTOW VTOL ala fija UAV,5,14kg MTOW VTOL ala fija UAV | industrial UAV systems | UAV inspection drone | emergency response UAV | N-TET,true,true,true,false,true,0.994,未对上广告关键词库,否,,,,,,,,检查是否需要从关键词库补长尾词；低商业价值页可不强制广告词映射,H2 未命中关键词,14kg MTOW VTOL ala fija UAV | N-TET,"N-TET 14kg MTOW VTOL ala fija UAV for industrial operators, combining 14kg MTOW VTOL ala fija UAV, industrial UAV systems, UAV inspection drone workflows with field-ready deployment and support.",.next/server/app/es/products/vtol-14kg-mtow-uav.html
/es/products/vtol-26kg-mtow-uav,es,/en/products/vtol-26kg-mtow-uav,product_detail,normal,strong,85,26kg MTOW VTOL ala fija UAV,5,26kg MTOW VTOL ala fija UAV | industrial UAV systems | UAV inspection drone | emergency response UAV | N-TET,true,true,true,false,true,0.993,未对上广告关键词库,否,,,,,,,,检查是否需要从关键词库补长尾词；低商业价值页可不强制广告词映射,H2 未命中关键词,26kg MTOW VTOL ala fija UAV | N-TET,"N-TET 26kg MTOW VTOL ala fija UAV for industrial operators, combining 26kg MTOW VTOL ala fija UAV, industrial UAV systems, UAV inspection drone workflows with field-ready deployment and support.",.next/server/app/es/products/vtol-26kg-mtow-uav.html
/es/products/vtol-40kg-mtow-uav,es,/en/products/vtol-40kg-mtow-uav,product_detail,normal,strong,85,40kg MTOW VTOL ala fija UAV,5,40kg MTOW VTOL ala fija UAV | industrial UAV systems | UAV inspection drone | emergency response UAV | N-TET,true,true,true,false,true,0.990,未对上广告关键词库,否,,,,,,,,检查是否需要从关键词库补长尾词；低商业价值页可不强制广告词映射,H2 未命中关键词,40kg MTOW VTOL ala fija UAV | N-TET,"N-TET 40kg MTOW VTOL ala fija UAV for industrial operators, combining 40kg MTOW VTOL ala fija UAV, industrial UAV systems, UAV inspection drone workflows with field-ready deployment and support.",.next/server/app/es/products/vtol-40kg-mtow-uav.html
/es/products/vtol-64kg-mtow-uav,es,/en/products/vtol-64kg-mtow-uav,product_detail,normal,strong,85,64kg MTOW VTOL ala fija UAV,5,64kg MTOW VTOL ala fija UAV | industrial UAV systems | UAV inspection drone | emergency response UAV | N-TET,true,true,true,false,true,0.999,未对上广告关键词库,否,,,,,,,,检查是否需要从关键词库补长尾词；低商业价值页可不强制广告词映射,H2 未命中关键词,64kg MTOW VTOL ala fija UAV | N-TET,"N-TET 64kg MTOW VTOL ala fija UAV for industrial operators, combining 64kg MTOW VTOL ala fija UAV, industrial UAV systems, UAV inspection drone workflows with field-ready deployment and support.",.next/server/app/es/products/vtol-64kg-mtow-uav.html
/es/solutions,es,/en/solutions,solution_index,normal,strong,85,soluciones UAV,4,soluciones UAV | dron de búsqueda y rescate | dron contra incendios | inspección de líneas eléctricas con UAV,true,true,true,false,true,0.208,命中关键词库但未规划,是,,,General Drone/UAV Broad,soluciones UAV,cleaned_master,,,补入关键词规划表，明确主落地页和辅助词,H2 未命中关键词,Soluciones UAV industriales | N-TET,"Soluciones UAV para inspección, patrullaje, apoyo de emergencia y monitoreo del espacio aéreo de baja altitud.",.next/server/app/es/solutions.html
/es/solutions/airport-low-altitude-monitoring,es,/en/solutions/airport-low-altitude-monitoring,solution_detail,normal,strong,85,Aeropuerto espacio aéreo monitoreo Application,2,Aeropuerto espacio aéreo monitoreo Application | N-TET,true,true,true,false,true,1.221,未对上广告关键词库,否,,,,,,,,检查是否需要从关键词库补长尾词；低商业价值页可不强制广告词映射,H2 未命中关键词,Aeropuerto espacio aéreo monitoreo Application | N-TET,"Aeropuerto espacio aéreo monitoreo Application de N-TET para operaciones UAV, con integración práctica, registros operativos y soporte de despliegue para equipos técnicos.",.next/server/app/es/solutions/airport-low-altitude-monitoring.html
/es/solutions/airport-security-protection,es,/en/solutions/airport-security-protection,solution_detail,neutral_seo,strong,85,Aeropuerto seguridad Protection,2,Aeropuerto seguridad Protection | N-TET,true,true,true,false,true,0.826,未对上广告关键词库,否,,,,,,,,检查是否需要从关键词库补长尾词；低商业价值页可不强制广告词映射,H2 未命中关键词,Aeropuerto seguridad Protection | N-TET,"Aeropuerto seguridad Protection de N-TET para seguridad de sitio, con integración práctica, registros operativos y soporte de despliegue para equipos técnicos.",.next/server/app/es/solutions/airport-security-protection.html
/es/solutions/category/01_BorderPatrol,es,/en/solutions/category/01_BorderPatrol,solution_category,normal,weak,30,border patrol drones,6,border patrol drones | border patrol UAV | UAV border patrol | maritime patrol UAV | coastal monitoring drone | land based maritime surveillance,true,false,false,false,false,0.000,继承英文页面映射,是,Border Patrol UAV | Maritime & Coastal Patrol UAV,950 | 4120,Border & Coastal Patrol,border patrol drones | border patrol UAV | UAV border patrol | maritime patrol UAV,cleaned_master | ads_cluster_name | ads_upload_detail,P1,方案栏目页,按规划主词优化 title、description、H1、H2、首段和正文小节,description 未命中关键词; H1 未命中关键词; H2 未命中关键词; 正文未命中精确关键词短语,Border Patrol UAV & Coastal Monitoring Solutions | N-TET,"UAV and electro-optical monitoring solutions for border patrol, coastal surveillance, maritime patrol, port inspection, and wide-area security operations.",.next/server/app/es/solutions/category/01_BorderPatrol.html
/es/solutions/category/02_InfrastructureProtection,es,/en/solutions/category/02_InfrastructureProtection,solution_category,normal,weak,15,drone power line inspection,6,drone power line inspection | pipeline inspection drones | oil and gas drone inspection | chemical plant monitoring | water conservancy monitoring UAV | low altitude monitoring equipment,false,false,false,false,false,0.000,继承英文页面映射,是,Industrial Facility Inspection UAV | Pipeline Inspection UAV | Water Conservancy Monitoring UAV,6354 | 1388 | 7938,Power Line & Utility Inspection | General Drone/UAV Broad | Infrastructure Protection,drone power line inspection | pipeline inspection drones | oil and gas drone inspection | water conservancy monitoring UAV,cleaned_master | ads_upload_detail | ads_cluster_name,P0,方案栏目页,按规划主词优化 title、description、H1、H2、首段和正文小节,title 未命中关键词; description 未命中关键词; H1 未命中关键词; H2 未命中关键词; 正文未命中精确关键词短语,Critical Infrastructure UAV Monitoring Solutions | N-TET,"UAV and low-altitude monitoring solutions for power lines, substations, oil and gas facilities, pipelines, chemical plants, dams, and water conservancy sites.",.next/server/app/es/solutions/category/02_InfrastructureProtection.html
/es/solutions/category/03_KeyAreaSecurity,es,/en/solutions/category/03_KeyAreaSecurity,solution_category,normal,weak,30,airport airspace monitoring,6,airport airspace monitoring | event security monitoring | key area security | smart security screening | low altitude monitoring equipment | electro optical surveillance,true,false,false,false,false,0.000,未对上广告关键词库,否,,,,,,,,人工判定是否需要关键词库映射,description 未命中关键词; H1 未命中关键词; H2 未命中关键词; 正文未命中精确关键词短语,Key Area Security & Airspace Monitoring Solutions | N-TET,"Integrated security screening, electro-optical surveillance, and low-altitude monitoring for airports, events, judicial facilities, and transport hubs.",.next/server/app/es/solutions/category/03_KeyAreaSecurity.html
/es/solutions/category/04_EmergencyRescue,es,/en/solutions/category/04_EmergencyRescue,solution_category,normal,weak,15,search and rescue drone,6,search and rescue drone | firefighting drone | emergency communication UAV | drone lighting | emergency response drone | disaster response UAV,false,false,false,false,false,0.000,命中关键词库但未规划,是,Search & Rescue UAV | Firefighting UAV | Emergency Communication UAV | Tethered Lighting UAV,7038 | 894 | 4006 | 1860,Emergency Rescue & Disaster Response,search and rescue drone | firefighting drone | emergency communication UAV | drone lighting | emergency response drone | disaster response UAV,ads_upload_detail | cleaned_master | ads_cluster_name,,,补入关键词规划表，明确主落地页和辅助词,title 未命中关键词; description 未命中关键词; H1 未命中关键词; H2 未命中关键词; 正文未命中精确关键词短语,"Emergency Rescue UAV Solutions | Search, Firefighting & Lighting","Emergency UAV solutions for search and rescue, high-rise firefighting, disaster-site reconnaissance, emergency communication, and tethered lighting support.",.next/server/app/es/solutions/category/04_EmergencyRescue.html
/es/solutions/chemical-plant-protection,es,/en/solutions/chemical-plant-protection,solution_detail,neutral_seo,weak,30,pipeline inspection drones,6,pipeline inspection drones | UAV pipeline inspection | oil and gas drone inspection | drone inspection for oil and gas | drone pipeline inspection | chemical plant monitoring,true,false,false,false,false,0.000,继承英文页面映射,是,Pipeline Inspection UAV | Chemical & Petrochemical Plant UAV,1388 | 1096,General Drone/UAV Broad | Infrastructure Protection,pipeline inspection drones | UAV pipeline inspection | oil and gas drone inspection | drone inspection for oil and gas | drone pipeline inspection,ads_upload_detail | cleaned_master,P0,方案详情页,按规划主词优化 title、description、H1、H2、首段和正文小节,description 未命中关键词; H1 未命中关键词; H2 未命中关键词; 正文未命中精确关键词短语,Pipeline Inspection Drone & Chemical Plant Monitoring Solution,"UAV and airspace monitoring solution for chemical plants, oil and gas sites, pipelines, and industrial facilities requiring inspection and event awareness.",.next/server/app/es/solutions/chemical-plant-protection.html
/es/solutions/disaster-site-search-rescue-reconnaissance-uav-solution,es,/en/solutions/disaster-site-search-rescue-reconnaissance-uav-solution,solution_detail,normal,weak,45,thermal drones for search and rescue,6,thermal drones for search and rescue | search and rescue drone | drone rescue | drones for search and rescue | search and rescue thermal drone | search and rescue UAV,true,true,false,false,false,0.000,继承英文页面映射,是,Search & Rescue UAV,7038,Emergency Rescue & Disaster Response,thermal drones for search and rescue | search and rescue drone | drone rescue | drones for search and rescue | search and rescue thermal drone | search and rescue UAV,ads_upload_detail | cleaned_master,P0,方案详情页,按规划主词优化 title、description、H1、H2、首段和正文小节,H1 未命中关键词; H2 未命中关键词; 正文未命中精确关键词短语,Search and Rescue Drone Solution | Thermal UAV Reconnaissance,"Search and rescue UAV solution for emergency teams using thermal drones, aerial reconnaissance, disaster-site monitoring, and rescue coordination workflows.",.next/server/app/es/solutions/disaster-site-search-rescue-reconnaissance-uav-solution.html
/es/solutions/emergency-communication-uav,es,/en/solutions/emergency-communication-uav,solution_detail,normal,strong,85,Emergencia comunicación UAV,2,Emergencia comunicación UAV | N-TET,true,true,true,false,true,1.018,未对上广告关键词库,否,,,,,,,,检查是否需要从关键词库补长尾词；低商业价值页可不强制广告词映射,H2 未命中关键词,Emergencia comunicación UAV | N-TET,"Emergencia comunicación UAV de N-TET para respuesta de emergencia, comunicación temporal, operaciones UAV, con integración práctica, registros operativos y soporte de despliegue para equipos técnicos.",.next/server/app/es/solutions/emergency-communication-uav.html
/es/solutions/emergency-communication-uav-solution,es,/en/solutions/emergency-communication-uav-solution,solution_detail,normal,strong,85,Emergencia comunicación UAV solución,2,Emergencia comunicación UAV solución | N-TET,true,true,true,false,true,0.842,未对上广告关键词库,否,,,,,,,,检查是否需要从关键词库补长尾词；低商业价值页可不强制广告词映射,H2 未命中关键词,Emergencia comunicación UAV solución | N-TET,"Emergencia comunicación UAV solución de N-TET para comunicación temporal, con integración práctica, registros operativos y soporte de despliegue para equipos técnicos.",.next/server/app/es/solutions/emergency-communication-uav-solution.html
/es/solutions/emergency-lighting-uav,es,/en/solutions/emergency-lighting-uav,solution_detail,normal,strong,85,Emergencia iluminación UAV,2,Emergencia iluminación UAV | N-TET,true,true,true,false,true,1.026,未对上广告关键词库,否,,,,,,,,检查是否需要从关键词库补长尾词；低商业价值页可不强制广告词映射,H2 未命中关键词,Emergencia iluminación UAV | N-TET,"Emergencia iluminación UAV de N-TET para iluminación operativa, infraestructura eléctrica, con integración práctica, registros operativos y soporte de despliegue para equipos técnicos.",.next/server/app/es/solutions/emergency-lighting-uav.html
/es/solutions/emergency-reconnaissance-uav,es,/en/solutions/emergency-reconnaissance-uav,solution_detail,normal,strong,85,Emergencia reconocimiento UAV,2,Emergencia reconocimiento UAV | N-TET,true,true,true,false,true,1.024,未对上广告关键词库,否,,,,,,,,检查是否需要从关键词库补长尾词；低商业价值页可不强制广告词映射,H2 未命中关键词,Emergencia reconocimiento UAV | N-TET,"Emergencia reconocimiento UAV de N-TET para operaciones UAV, con integración práctica, registros operativos y soporte de despliegue para equipos técnicos.",.next/server/app/es/solutions/emergency-reconnaissance-uav.html
/es/solutions/emergency-search-rescue-uav-solution,es,/en/solutions/emergency-search-rescue-uav-solution,solution_detail,normal,strong,85,Emergencia búsqueda & rescate UAV solución,2,Emergencia búsqueda & rescate UAV solución | N-TET,true,true,true,false,true,0.823,未对上广告关键词库,否,,,,,,,,检查是否需要从关键词库补长尾词；低商业价值页可不强制广告词映射,H2 未命中关键词,Emergencia búsqueda & rescate UAV solución | N-TET,"Emergencia búsqueda & rescate UAV solución de N-TET para operaciones UAV, gestión hídrica, con integración práctica, registros operativos y soporte de despliegue para equipos técnicos.",.next/server/app/es/solutions/emergency-search-rescue-uav-solution.html
/es/solutions/high-rise-firefighting-uav-solution,es,/en/solutions/high-rise-firefighting-uav-solution,solution_detail,normal,strong,85,High-Rise apoyo contra incendios UAV solución,2,High-Rise apoyo contra incendios UAV solución | N-TET,true,true,true,false,true,0.814,未对上广告关键词库,否,,,,,,,,检查是否需要从关键词库补长尾词；低商业价值页可不强制广告词映射,H2 未命中关键词,High-Rise apoyo contra incendios UAV solución | N-TET,"High-Rise apoyo contra incendios UAV solución de N-TET para operaciones UAV, gestión hídrica, con integración práctica, registros operativos y soporte de despliegue para equipos técnicos.",.next/server/app/es/solutions/high-rise-firefighting-uav-solution.html
/es/solutions/hydroelectric-dam-protection,es,/en/solutions/hydroelectric-dam-protection,solution_detail,neutral_seo,strong,85,Presa hidroeléctrica Protection,2,Presa hidroeléctrica Protection | N-TET,true,true,true,false,true,0.572,未对上广告关键词库,否,,,,,,,,检查是否需要从关键词库补长尾词；低商业价值页可不强制广告词映射,H2 未命中关键词,Presa hidroeléctrica Protection | N-TET,"Presa hidroeléctrica Protection de N-TET para inspección, seguridad de sitio, infraestructura eléctrica, con integración práctica, registros operativos y soporte de despliegue para equipos técnicos.",.next/server/app/es/solutions/hydroelectric-dam-protection.html
/es/solutions/judicial-sector-security,es,/en/solutions/judicial-sector-security,solution_detail,neutral_seo,strong,85,Sector judicial seguridad Protection,2,Sector judicial seguridad Protection | N-TET,true,true,true,false,true,0.712,未对上广告关键词库,否,,,,,,,,检查是否需要从关键词库补长尾词；低商业价值页可不强制广告词映射,H2 未命中关键词,Sector judicial seguridad Protection | N-TET,"Sector judicial seguridad Protection de N-TET para inspección, monitoreo, seguridad de sitio, con integración práctica, registros operativos y soporte de despliegue para equipos técnicos.",.next/server/app/es/solutions/judicial-sector-security.html
/es/solutions/land-based-maritime-surveillance,es,/en/solutions/land-based-maritime-surveillance,solution_detail,normal,strong,85,Land-based marítimo vigilancia & Early Warning,2,Land-based marítimo vigilancia & Early Warning | N-TET,true,true,true,false,true,1.028,未对上广告关键词库,否,,,,,,,,检查是否需要从关键词库补长尾词；低商业价值页可不强制广告词映射,H2 未命中关键词,Land-based marítimo vigilancia & Early Warning | N-TET,"Land-based marítimo vigilancia & Early Warning de N-TET para monitoreo, seguridad de sitio, con integración práctica, registros operativos y soporte de despliegue para equipos técnicos.",.next/server/app/es/solutions/land-based-maritime-surveillance.html
/es/solutions/night-emergency-lighting-support-uav-solution,es,/en/solutions/night-emergency-lighting-support-uav-solution,solution_detail,normal,partial,65,drone lighting,6,drone lighting | UAV lighting | tethered lighting UAV | UAV lighting system | emergency lighting drone | drone lighting company,true,true,false,false,true,0.095,继承英文页面映射,是,Tethered Lighting UAV,1860,Emergency Rescue & Disaster Response,drone lighting | UAV lighting | tethered lighting UAV | UAV lighting system,ads_upload_detail | cleaned_master | ads_cluster_name,P1,方案详情页,按规划主词优化 title、description、H1、H2、首段和正文小节,H1 未命中关键词; H2 未命中关键词,Tethered Lighting UAV Solution | Emergency Drone Lighting,"Tethered lighting UAV solution for night emergency work, rescue scenes, repair sites, command posts, and temporary area illumination.",.next/server/app/es/solutions/night-emergency-lighting-support-uav-solution.html
/es/solutions/oil-production-base-protection,es,/en/solutions/oil-production-base-protection,solution_detail,normal,strong,85,Base de producción petrolera Protection,2,Base de producción petrolera Protection | N-TET,true,true,true,false,true,0.570,继承英文页面映射,是,Oil & Gas Facility Inspection UAV,4480,,,,P0,方案详情页,保持映射，后续做 E-E-A-T 和内链增强,H2 未命中关键词,Base de producción petrolera Protection | N-TET,"Base de producción petrolera Protection de N-TET para seguridad de sitio, con integración práctica, registros operativos y soporte de despliegue para equipos técnicos.",.next/server/app/es/solutions/oil-production-base-protection.html
/es/solutions/post-disaster-emergency-communication-support-uav-solution,es,/en/solutions/post-disaster-emergency-communication-support-uav-solution,solution_detail,normal,partial,65,emergency communication UAV,5,emergency communication UAV | disaster response communication drone | tethered communication UAV | public safety UAV communications | emergency communication drone,true,true,false,false,true,0.096,继承英文页面映射,是,Emergency Communication UAV,4006,,emergency communication UAV | disaster response communication drone,ads_cluster_name | ads_upload_detail,P1,方案详情页,按规划主词优化 title、description、H1、H2、首段和正文小节,H1 未命中关键词; H2 未命中关键词,Emergency Communication UAV Solution for Disaster Response,"Emergency communication UAV solution for disaster response agencies, command centers, field rescue teams, and temporary network support after incidents.",.next/server/app/es/solutions/post-disaster-emergency-communication-support-uav-solution.html
/es/solutions/power-generation-facility-low-altitude-monitoring,es,/en/solutions/power-generation-facility-low-altitude-monitoring,solution_detail,normal,strong,85,Eléctrica Generation Facility espacio aéreo monitoreo,2,Eléctrica Generation Facility espacio aéreo monitoreo | N-TET,true,true,true,false,true,1.214,未对上广告关键词库,否,,,,,,,,检查是否需要从关键词库补长尾词；低商业价值页可不强制广告词映射,H2 未命中关键词,Eléctrica Generation Facility espacio aéreo monitoreo | N-TET,"Eléctrica Generation Facility espacio aéreo monitoreo de N-TET para infraestructura eléctrica, con integración práctica, registros operativos y soporte de despliegue para equipos técnicos.",.next/server/app/es/solutions/power-generation-facility-low-altitude-monitoring.html
/es/solutions/power-line-uav-intelligent-inspection-solution,es,/en/solutions/power-line-uav-intelligent-inspection-solution,solution_detail,normal,weak,15,drones for utility inspection,6,drones for utility inspection | drone power line inspection | utility inspection drone | drone cell tower inspection | power line inspection drone | UAV power line inspection,false,false,false,false,false,0.000,继承英文页面映射,是,Power Line & Transmission Tower Inspection UAV | Cell Tower Inspection UAV | Utility Inspection UAV,4938 | 10 | 234,Power Line & Utility Inspection,drones for utility inspection | drone power line inspection | utility inspection drone | drone cell tower inspection | power line inspection drone | UAV power line inspection,ads_upload_detail | cleaned_master,P0 | P2,方案详情页,按规划主词优化 title、description、H1、H2、首段和正文小节,title 未命中关键词; description 未命中关键词; H1 未命中关键词; H2 未命中关键词; 正文未命中精确关键词短语,Power Line UAV Inspection Solution | Utility Inspection Drones,"UAV inspection solution for power lines, utility corridors, transmission towers, and cell towers with aerial inspection workflows for maintenance teams.",.next/server/app/es/solutions/power-line-uav-intelligent-inspection-solution.html
/es/solutions/power-tower-inspection-uav-solution,es,/en/solutions/power-tower-inspection-uav-solution,solution_detail,normal,strong,85,Eléctrica Tower inspección UAV solución,2,Eléctrica Tower inspección UAV solución | N-TET,true,true,true,false,true,0.821,未对上广告关键词库,否,,,,,,,,检查是否需要从关键词库补长尾词；低商业价值页可不强制广告词映射,H2 未命中关键词,Eléctrica Tower inspección UAV solución | N-TET,"Eléctrica Tower inspección UAV solución de N-TET para inspección, patrullaje, operaciones UAV, con integración práctica, registros operativos y soporte de despliegue para equipos técnicos.",.next/server/app/es/solutions/power-tower-inspection-uav-solution.html
/es/solutions/smart-substation-autonomous-inspection-solution,es,/en/solutions/smart-substation-autonomous-inspection-solution,solution_detail,normal,strong,85,Smart subestación Autonomous UAV inspección solución,2,Smart subestación Autonomous UAV inspección solución | N-TET,true,true,true,false,true,0.801,未对上广告关键词库,否,,,,,,,,检查是否需要从关键词库补长尾词；低商业价值页可不强制广告词映射,H2 未命中关键词,Smart subestación Autonomous UAV inspección solución | N-TET,"Smart subestación Autonomous UAV inspección solución de N-TET para inspección, patrullaje, operaciones UAV, con integración práctica, registros operativos y soporte de despliegue para equipos técnicos.",.next/server/app/es/solutions/smart-substation-autonomous-inspection-solution.html
/es/solutions/smart-substation-unattended-uav-inspection-solution,es,/en/solutions/smart-substation-unattended-uav-inspection-solution,solution_detail,normal,weak,45,smart substation autonomous inspection,5,smart substation autonomous inspection | substation inspection drone | power utility UAV inspection | autonomous UAV inspection | UAV inspection system,true,true,false,false,false,0.000,继承英文页面映射,是,Smart Substation Autonomous Inspection,5200,General Drone/UAV Broad,smart substation autonomous inspection | substation inspection drone | UAV inspection system,ads_cluster_name | ads_upload_detail | cleaned_master,P1,方案详情页,按规划主词优化 title、description、H1、H2、首段和正文小节,H1 未命中关键词; H2 未命中关键词; 正文未命中精确关键词短语,Smart Substation Autonomous UAV Inspection Solution | N-TET,"Autonomous UAV inspection solution for smart substations, power utilities, unattended inspection routes, thermal checks, and operation records.",.next/server/app/es/solutions/smart-substation-unattended-uav-inspection-solution.html
/es/solutions/sports-event-security,es,/en/solutions/sports-event-security,solution_detail,neutral_seo,strong,85,Large evento deportivo seguridad Protection,2,Large evento deportivo seguridad Protection | N-TET,true,true,true,false,true,0.584,未对上广告关键词库,否,,,,,,,,检查是否需要从关键词库补长尾词；低商业价值页可不强制广告词映射,H2 未命中关键词,Large evento deportivo seguridad Protection | N-TET,"Large evento deportivo seguridad Protection de N-TET para inspección, seguridad de sitio, con integración práctica, registros operativos y soporte de despliegue para equipos técnicos.",.next/server/app/es/solutions/sports-event-security.html
/es/solutions/tethered-lighting-uav-solution,es,/en/solutions/tethered-lighting-uav-solution,solution_detail,normal,strong,85,Cautivo iluminación UAV solución,2,Cautivo iluminación UAV solución | N-TET,true,true,true,false,true,0.820,未对上广告关键词库,否,,,,,,,,检查是否需要从关键词库补长尾词；低商业价值页可不强制广告词映射,H2 未命中关键词,Cautivo iluminación UAV solución | N-TET,"Cautivo iluminación UAV solución de N-TET para respuesta de emergencia, iluminación operativa, con integración práctica, registros operativos y soporte de despliegue para equipos técnicos.",.next/server/app/es/solutions/tethered-lighting-uav-solution.html
/es/solutions/uav-maritime-emergency-rescue,es,/en/solutions/uav-maritime-emergency-rescue,solution_detail,normal,strong,85,UAV marítimo emergencia rescate,2,UAV marítimo emergencia rescate | N-TET,true,true,true,false,true,1.016,未对上广告关键词库,否,,,,,,,,检查是否需要从关键词库补长尾词；低商业价值页可不强制广告词映射,H2 未命中关键词,UAV marítimo emergencia rescate | N-TET,"UAV marítimo emergencia rescate de N-TET para respuesta de emergencia, operaciones UAV, con integración práctica, registros operativos y soporte de despliegue para equipos técnicos.",.next/server/app/es/solutions/uav-maritime-emergency-rescue.html
/es/solutions/uav-maritime-patrol,es,/en/solutions/uav-maritime-patrol,solution_detail,normal,weak,45,border patrol drones,6,border patrol drones | border patrol UAV | UAV border patrol | drones for border patrol | maritime patrol UAV | coastal monitoring drone,true,true,false,false,false,0.000,继承英文页面映射,是,Maritime & Coastal Patrol UAV | Border Patrol UAV,4120 | 950,Border & Coastal Patrol,border patrol drones | border patrol UAV | UAV border patrol | drones for border patrol | maritime patrol UAV,cleaned_master | ads_cluster_name | ads_upload_detail,P0,方案详情页,按规划主词优化 title、description、H1、H2、首段和正文小节,H1 未命中关键词; H2 未命中关键词; 正文未命中精确关键词短语,Border Patrol UAV & Maritime Coastal Monitoring Solution,"Border patrol UAV solution for coastal monitoring, maritime patrol, port inspection, routine patrol routes, and wide-area surveillance operations.",.next/server/app/es/solutions/uav-maritime-patrol.html
/es/solutions/urban-high-rise-firefighting-emergency-uav-solution,es,/en/solutions/urban-high-rise-firefighting-emergency-uav-solution,solution_detail,normal,weak,45,firefighting drone,6,firefighting drone | drone fire fighting | drone for fire fighting | fire fighting drones | drones firefighting | high-rise firefighting UAV,true,true,false,false,false,0.000,继承英文页面映射,是,High-Rise Firefighting UAV | Firefighting UAV,1166 | 894,Emergency Rescue & Disaster Response,firefighting drone | drone fire fighting | drone for fire fighting | fire fighting drones | drones firefighting | high-rise firefighting UAV,ads_upload_detail | cleaned_master | ads_cluster_name,P1,方案详情页,按规划主词优化 title、description、H1、H2、首段和正文小节,H1 未命中关键词; H2 未命中关键词; 正文未命中精确关键词短语,Firefighting Drone Solution for High-Rise Emergency Response,"High-rise firefighting UAV solution using tethered aerial platforms, emergency monitoring, rescue support, and persistent visual awareness for incident teams.",.next/server/app/es/solutions/urban-high-rise-firefighting-emergency-uav-solution.html
/es/solutions/water-conservancy-monitoring-uav-solution,es,/en/solutions/water-conservancy-monitoring-uav-solution,solution_detail,normal,strong,85,Gestión hídrica monitoreo UAV solución,2,Gestión hídrica monitoreo UAV solución | N-TET,true,true,true,false,true,0.822,未对上广告关键词库,否,,,,,,,,检查是否需要从关键词库补长尾词；低商业价值页可不强制广告词映射,H2 未命中关键词,Gestión hídrica monitoreo UAV solución | N-TET,"Gestión hídrica monitoreo UAV solución de N-TET para inspección, monitoreo, operaciones UAV, con integración práctica, registros operativos y soporte de despliegue para equipos técnicos.",.next/server/app/es/solutions/water-conservancy-monitoring-uav-solution.html
/es/solutions/water-conservancy-river-lake-uav-monitoring-solution,es,/en/solutions/water-conservancy-river-lake-uav-monitoring-solution,solution_detail,normal,weak,30,water conservancy monitoring UAV,5,water conservancy monitoring UAV | dam inspection UAV | using UAV to monitor water quality in lakes | river lake UAV monitoring | flood monitoring drone,true,false,false,false,false,0.000,继承英文页面映射,是,Water Conservancy Monitoring UAV,7938,Water Conservancy & River-Lake Monitoring,water conservancy monitoring UAV | dam inspection UAV | using UAV to monitor water quality in lakes | flood monitoring drone,ads_cluster_name | ads_upload_detail | cleaned_master,P0,方案详情页,按规划主词优化 title、description、H1、H2、首段和正文小节,description 未命中关键词; H1 未命中关键词; H2 未命中关键词; 正文未命中精确关键词短语,Water Conservancy Monitoring UAV Solution | River & Lake Patrol,"Water conservancy UAV monitoring solution for dams, rivers, lakes, flood areas, water-quality observation, and infrastructure inspection teams.",.next/server/app/es/solutions/water-conservancy-river-lake-uav-monitoring-solution.html
/ru,ru,/en,home,normal,weak,30,industrial UAV systems,6,industrial UAV systems | low altitude monitoring | UAV inspection drone | emergency response UAV | drone detection equipment | security screening systems,true,false,false,false,false,0.000,命中关键词库但未规划,是,,,Drone Detection & Airspace Monitoring,drone detection equipment,cleaned_master,,,补入关键词规划表，明确主落地页和辅助词,description 未命中关键词; H1 未命中关键词; H2 未命中关键词; 正文未命中精确关键词短语,Industrial UAV Systems & Low-Altitude Monitoring | N-TET,"N-TET builds industrial UAV platforms, low-altitude monitoring equipment, emergency response drones, inspection systems, and security screening solutions for infrastructure operators.",.next/server/app/ru.html
/ru/about,ru,/en/about,brand,normal,weak,45,industrial UAV manufacturer,5,industrial UAV manufacturer | low altitude monitoring manufacturer | UAV system supplier | security equipment manufacturer | N-TET,true,true,false,false,false,0.000,命中关键词库但未规划,是,,,Industrial UAV Systems,industrial UAV manufacturer,cleaned_master,,,补入关键词规划表，明确主落地页和辅助词,H1 未命中关键词; H2 未命中关键词; 正文未命中精确关键词短语,About N-TET | Industrial UAV & Monitoring Systems Manufacturer,"Learn about N-TET engineering, R&D, and manufacturing capabilities for industrial UAV systems, low-altitude monitoring equipment, and security technologies.",.next/server/app/ru/about.html
/ru/accessories,ru,/en/accessories,accessory_index,normal,weak,30,drone accessories,8,drone accessories | UAV components | UAV gimbal | UAV engine | UAV data link | drone propellers | UAV motors | flight controller,true,false,false,false,false,0.000,命中关键词库但未规划,是,,,General Drone/UAV Broad,drone accessories | UAV components | UAV gimbal | UAV engine | UAV data link | drone propellers | UAV motors,cleaned_master,,,补入关键词规划表，明确主落地页和辅助词,description 未命中关键词; H1 未命中关键词; H2 未命中关键词; 正文未命中精确关键词短语,Drone Accessories & UAV Components | N-TET,"Browse N-TET UAV accessories including electro-optical gimbals, UAV engines, data links, propellers, motors, batteries, remote controllers, and flight controllers.",.next/server/app/ru/accessories.html
/ru/accessories/fc-bt1,ru,/en/accessories/fc-bt1,accessory_detail,normal,partial,70,Твердотельная батарея для БПЛА FC-BT1,4,Твердотельная батарея для БПЛА FC-BT1 | drone accessories | UAV components | industrial UAV parts,true,false,true,false,true,0.178,命中关键词库但未规划,是,,,General Drone/UAV Broad,drone accessories | UAV components,cleaned_master,,,补入关键词规划表，明确主落地页和辅助词,description 未命中关键词; H2 未命中关键词,Твердотельная батарея для БПЛА FC-BT1 | N-TET Drone Accessories,"FC-BT1 — серия твердотельных литий-ионных батарей 280Wh/kg, 4.2V 10C с емкостью 16Ah-30Ah для инспекционных, картографических, VTOL и мультикоптерных промышленных БПЛА, роботов и безэкипажных судов.",.next/server/app/ru/accessories/fc-bt1.html
/ru/accessories/fc-bt2,ru,/en/accessories/fc-bt2,accessory_detail,normal,partial,70,Твердотельная батарея для БПЛА FC-BT2,4,Твердотельная батарея для БПЛА FC-BT2 | drone accessories | UAV components | industrial UAV parts,true,false,true,false,true,0.205,命中关键词库但未规划,是,,,General Drone/UAV Broad,drone accessories | UAV components,cleaned_master,,,补入关键词规划表，明确主落地页和辅助词,description 未命中关键词; H2 未命中关键词,Твердотельная батарея для БПЛА FC-BT2 | N-TET Drone Accessories,"FC-BT2 — обновленная серия на базе FC-BT1 с удельной энергией 310Wh/kg, улучшенной устойчивостью к ветру и безопасностью посадки для инспекционных, картографических, VTOL и мультикоптерных промышленных БПЛА.",.next/server/app/ru/accessories/fc-bt2.html
/ru/accessories/fc-bt3,ru,/en/accessories/fc-bt3,accessory_detail,normal,partial,70,Высоковольтная твердотельная батарея для БПЛА FC-BT3,4,Высоковольтная твердотельная батарея для БПЛА FC-BT3 | drone accessories | UAV components | industrial UAV parts,true,false,true,false,true,0.198,命中关键词库但未规划,是,,,General Drone/UAV Broad,drone accessories | UAV components,cleaned_master,,,补入关键词规划表，明确主落地页和辅助词,description 未命中关键词; H2 未命中关键词,Высоковольтная твердотельная батарея для БПЛА FC-BT3 | N-TET Drone Accessories,FC-BT3 — высоковольтная твердотельная серия 4.35V с более высоким разрядным током и меньшей просадкой напряжения для тяжелых VTOL-платформ и аппаратов с разной нагрузкой в вертикальном взлете и горизонтальном полете.,.next/server/app/ru/accessories/fc-bt3.html
/ru/accessories/fc-bt4,ru,/en/accessories/fc-bt4,accessory_detail,normal,partial,70,Высокоэнергетическая твердотельная батарея для БПЛА FC-BT4,4,Высокоэнергетическая твердотельная батарея для БПЛА FC-BT4 | drone accessories | UAV components | industrial UAV parts,true,false,true,false,true,0.130,命中关键词库但未规划,是,,,General Drone/UAV Broad,drone accessories | UAV components,cleaned_master,,,补入关键词规划表，明确主落地页和辅助词,description 未命中关键词; H2 未命中关键词,Высокоэнергетическая твердотельная батарея для БПЛА FC-BT4 | N-TET Drone Accessories,"FC-BT4 — твердотельная серия с удельной энергией 340Wh/kg, сочетающая низкую просадку напряжения, безопасность, длительный срок службы и экономичность для разведывательных, солнечных, картографических, охранных и дальнолетных БПЛА.",.next/server/app/ru/accessories/fc-bt4.html
/ru/accessories/fc-btg,ru,/en/accessories/fc-btg,accessory_detail,normal,partial,70,Учебная твердотельная батарея для БПЛА FC-BTG,4,Учебная твердотельная батарея для БПЛА FC-BTG | drone accessories | UAV components | industrial UAV parts,true,false,true,false,true,0.263,命中关键词库但未规划,是,,,General Drone/UAV Broad,drone accessories | UAV components,cleaned_master,,,补入关键词规划表，明确主落地页和辅助词,description 未命中关键词; H2 未命中关键词,Учебная твердотельная батарея для БПЛА FC-BTG | N-TET Drone Accessories,"FC-BTG — экономичная серия твердотельных батарей для обучения, логистики и энергетических работ, включающая конфигурации FC-BTG-TG1 и FC-BTG-TG3 со стабильной отдачей, длительным полетом и адаптацией к учебной практике.",.next/server/app/ru/accessories/fc-btg.html
/ru/accessories/fc-c2d-propeller,ru,/en/accessories/fc-c2d-propeller,accessory_detail,normal,partial,70,Пропеллер БПЛА FC-C2D,4,Пропеллер БПЛА FC-C2D | drone accessories | UAV components | industrial UAV parts,true,false,true,false,true,0.331,命中关键词库但未规划,是,,,General Drone/UAV Broad,drone accessories | UAV components,cleaned_master,,,补入关键词规划表，明确主落地页和辅助词,description 未命中关键词; H2 未命中关键词,Пропеллер БПЛА FC-C2D | N-TET Drone Accessories,Диапазон размеров: 11~42 дюймов; максимальная тяга: 12.42kgf (7000RPM); пиковая эффективность винта: 11.08gf/W (2821RPM).,.next/server/app/ru/accessories/fc-c2d-propeller.html
/ru/accessories/fc-c2e-propeller,ru,/en/accessories/fc-c2e-propeller,accessory_detail,normal,partial,70,Пропеллер БПЛА FC-C2E,4,Пропеллер БПЛА FC-C2E | drone accessories | UAV components | industrial UAV parts,true,false,true,false,true,0.345,命中关键词库但未规划,是,,,General Drone/UAV Broad,drone accessories | UAV components,cleaned_master,,,补入关键词规划表，明确主落地页和辅助词,description 未命中关键词; H2 未命中关键词,Пропеллер БПЛА FC-C2E | N-TET Drone Accessories,Диапазон размеров: 8~32 дюймов; максимальная тяга: 10.84kgf (6261RPM); пиковая эффективность винта: 10.83gf/W (3442RPM).,.next/server/app/ru/accessories/fc-c2e-propeller.html
/ru/accessories/fc-c2t-propeller,ru,/en/accessories/fc-c2t-propeller,accessory_detail,normal,partial,70,Пропеллер БПЛА FC-C2T,4,Пропеллер БПЛА FC-C2T | drone accessories | UAV components | industrial UAV parts,true,false,true,false,true,0.334,命中关键词库但未规划,是,,,General Drone/UAV Broad,drone accessories | UAV components,cleaned_master,,,补入关键词规划表，明确主落地页和辅助词,description 未命中关键词; H2 未命中关键词,Пропеллер БПЛА FC-C2T | N-TET Drone Accessories,Диапазон размеров: 14~46 дюймов; максимальная тяга: 24.99kgf (7850RPM); пиковая эффективность винта: 8.49gf/W (3036RPM).,.next/server/app/ru/accessories/fc-c2t-propeller.html
/ru/accessories/fc-c2u-propeller,ru,/en/accessories/fc-c2u-propeller,accessory_detail,normal,partial,70,Пропеллер БПЛА FC-C2U,4,Пропеллер БПЛА FC-C2U | drone accessories | UAV components | industrial UAV parts,true,false,true,false,true,0.336,命中关键词库但未规划,是,,,General Drone/UAV Broad,drone accessories | UAV components,cleaned_master,,,补入关键词规划表，明确主落地页和辅助词,description 未命中关键词; H2 未命中关键词,Пропеллер БПЛА FC-C2U | N-TET Drone Accessories,Диапазон размеров: 16~47 дюймов; максимальная тяга: 38.70kgf (7279RPM); пиковая эффективность винта: 12.63gf/W (2309RPM).,.next/server/app/ru/accessories/fc-c2u-propeller.html
/ru/accessories/fc-c2ud-propeller,ru,/en/accessories/fc-c2ud-propeller,accessory_detail,normal,partial,70,Пропеллер БПЛА FC-C2UD,4,Пропеллер БПЛА FC-C2UD | drone accessories | UAV components | industrial UAV parts,true,false,true,false,true,0.325,命中关键词库但未规划,是,,,General Drone/UAV Broad,drone accessories | UAV components,cleaned_master,,,补入关键词规划表，明确主落地页和辅助词,description 未命中关键词; H2 未命中关键词,Пропеллер БПЛА FC-C2UD | N-TET Drone Accessories,Диапазон размеров: 18~40 дюймов; максимальная тяга: 37.65kgf (7838RPM); пиковая эффективность винта: 6.64gf/W (3720RPM).,.next/server/app/ru/accessories/fc-c2ud-propeller.html
/ru/accessories/fc-fdj-111,ru,/en/accessories/fc-fdj-111,accessory_detail,normal,strong,85,Двигатель БПЛА FC-FDJ-111,4,Двигатель БПЛА FC-FDJ-111 | drone accessories | UAV components | industrial UAV parts,true,true,true,false,true,0.545,命中关键词库但未规划,是,,,General Drone/UAV Broad,drone accessories | UAV components,cleaned_master,,,补入关键词规划表，明确主落地页和辅助词,H2 未命中关键词,Двигатель БПЛА FC-FDJ-111 | N-TET Drone Accessories,"Двигатель БПЛА FC-FDJ-111: рабочий объем 111.2cm3, мощность/характеристика 11.2HP/7500rpm, статическая тяга 25.5kg/высота 100м.",.next/server/app/ru/accessories/fc-fdj-111.html
/ru/accessories/fc-fdj-120,ru,/en/accessories/fc-fdj-120,accessory_detail,normal,strong,85,Двигатель БПЛА FC-FDJ-120,4,Двигатель БПЛА FC-FDJ-120 | drone accessories | UAV components | industrial UAV parts,true,true,true,false,true,0.553,命中关键词库但未规划,是,,,General Drone/UAV Broad,drone accessories | UAV components,cleaned_master,,,补入关键词规划表，明确主落地页和辅助词,H2 未命中关键词,Двигатель БПЛА FC-FDJ-120 | N-TET Drone Accessories,"Двигатель БПЛА FC-FDJ-120: рабочий объем 120cm3, мощность/характеристика 12HP/7500rpm, статическая тяга 26.5kg/высота 100м.",.next/server/app/ru/accessories/fc-fdj-120.html
/ru/accessories/fc-fdj-120hd,ru,/en/accessories/fc-fdj-120hd,accessory_detail,normal,strong,85,Двигатель БПЛА FC-FDJ-120HD,4,Двигатель БПЛА FC-FDJ-120HD | drone accessories | UAV components | industrial UAV parts,true,true,true,false,true,0.570,命中关键词库但未规划,是,,,General Drone/UAV Broad,drone accessories | UAV components,cleaned_master,,,补入关键词规划表，明确主落地页和辅助词,H2 未命中关键词,Двигатель БПЛА FC-FDJ-120HD | N-TET Drone Accessories,"Двигатель БПЛА FC-FDJ-120HD: рабочий объем 120cm3, мощность/характеристика 7.35KW(0высота)/8000rpm.",.next/server/app/ru/accessories/fc-fdj-120hd.html
/ru/accessories/fc-fdj-170,ru,/en/accessories/fc-fdj-170,accessory_detail,normal,strong,85,Двигатель БПЛА FC-FDJ-170,4,Двигатель БПЛА FC-FDJ-170 | drone accessories | UAV components | industrial UAV parts,true,true,true,false,true,0.558,命中关键词库但未规划,是,,,General Drone/UAV Broad,drone accessories | UAV components,cleaned_master,,,补入关键词规划表，明确主落地页和辅助词,H2 未命中关键词,Двигатель БПЛА FC-FDJ-170 | N-TET Drone Accessories,"Двигатель БПЛА FC-FDJ-170: рабочий объем 170cm3, мощность/характеристика 17.5HP/7500rpm, статическая тяга 35kg/высота 100м.",.next/server/app/ru/accessories/fc-fdj-170.html
/ru/accessories/fc-fdj-200,ru,/en/accessories/fc-fdj-200,accessory_detail,normal,strong,85,Двигатель БПЛА FC-FDJ-200,4,Двигатель БПЛА FC-FDJ-200 | drone accessories | UAV components | industrial UAV parts,true,true,true,false,true,0.564,命中关键词库但未规划,是,,,General Drone/UAV Broad,drone accessories | UAV components,cleaned_master,,,补入关键词规划表，明确主落地页和辅助词,H2 未命中关键词,Двигатель БПЛА FC-FDJ-200 | N-TET Drone Accessories,"Двигатель БПЛА FC-FDJ-200: рабочий объем 200CC, мощность/характеристика 20HP/7500rpm.",.next/server/app/ru/accessories/fc-fdj-200.html
/ru/accessories/fc-fdj-222,ru,/en/accessories/fc-fdj-222,accessory_detail,normal,strong,85,Двигатель БПЛА FC-FDJ-222,4,Двигатель БПЛА FC-FDJ-222 | drone accessories | UAV components | industrial UAV parts,true,true,true,false,true,0.553,命中关键词库但未规划,是,,,General Drone/UAV Broad,drone accessories | UAV components,cleaned_master,,,补入关键词规划表，明确主落地页和辅助词,H2 未命中关键词,Двигатель БПЛА FC-FDJ-222 | N-TET Drone Accessories,"Двигатель БПЛА FC-FDJ-222: рабочий объем 222.5cm3, мощность/характеристика 21.5HP/7500rpm, статическая тяга 51kg/высота 100м.",.next/server/app/ru/accessories/fc-fdj-222.html
/ru/accessories/fc-fdj-430,ru,/en/accessories/fc-fdj-430,accessory_detail,normal,strong,85,Двигатель БПЛА FC-FDJ-430,4,Двигатель БПЛА FC-FDJ-430 | drone accessories | UAV components | industrial UAV parts,true,true,true,false,true,0.494,命中关键词库但未规划,是,,,General Drone/UAV Broad,drone accessories | UAV components,cleaned_master,,,补入关键词规划表，明确主落地页和辅助词,H2 未命中关键词,Двигатель БПЛА FC-FDJ-430 | N-TET Drone Accessories,"Двигатель БПЛА FC-FDJ-430: рабочий объем 430.8cc, мощность/характеристика 42HP at 6800 RPM, статическая тяга 110kg.",.next/server/app/ru/accessories/fc-fdj-430.html
/ru/accessories/fc-fdj-55,ru,/en/accessories/fc-fdj-55,accessory_detail,normal,strong,85,Двигатель БПЛА FC-FDJ-55,4,Двигатель БПЛА FC-FDJ-55 | drone accessories | UAV components | industrial UAV parts,true,true,true,false,true,0.543,命中关键词库但未规划,是,,,General Drone/UAV Broad,drone accessories | UAV components,cleaned_master,,,补入关键词规划表，明确主落地页和辅助词,H2 未命中关键词,Двигатель БПЛА FC-FDJ-55 | N-TET Drone Accessories,"Двигатель БПЛА FC-FDJ-55: рабочий объем 55.6cm3, мощность/характеристика 5.5HP/8500rpm, статическая тяга 14.5kg/высота 100м.",.next/server/app/ru/accessories/fc-fdj-55.html
/ru/accessories/fc-fdj-60,ru,/en/accessories/fc-fdj-60,accessory_detail,normal,strong,85,Двигатель БПЛА FC-FDJ-60,4,Двигатель БПЛА FC-FDJ-60 | drone accessories | UAV components | industrial UAV parts,true,true,true,false,true,0.553,命中关键词库但未规划,是,,,General Drone/UAV Broad,drone accessories | UAV components,cleaned_master,,,补入关键词规划表，明确主落地页和辅助词,H2 未命中关键词,Двигатель БПЛА FC-FDJ-60 | N-TET Drone Accessories,"Двигатель БПЛА FC-FDJ-60: рабочий объем 61cm3, мощность/характеристика 7HP/8500rpm, статическая тяга 15.2kg/высота 100м.",.next/server/app/ru/accessories/fc-fdj-60.html
/ru/accessories/fc-fdj-61,ru,/en/accessories/fc-fdj-61,accessory_detail,normal,strong,85,Двигатель БПЛА FC-FDJ-61,4,Двигатель БПЛА FC-FDJ-61 | drone accessories | UAV components | industrial UAV parts,true,true,true,false,true,0.554,命中关键词库但未规划,是,,,General Drone/UAV Broad,drone accessories | UAV components,cleaned_master,,,补入关键词规划表，明确主落地页和辅助词,H2 未命中关键词,Двигатель БПЛА FC-FDJ-61 | N-TET Drone Accessories,"Двигатель БПЛА FC-FDJ-61: рабочий объем 60cm3, мощность/характеристика 6HP/7500rpm, статическая тяга 15kg/высота 100м.",.next/server/app/ru/accessories/fc-fdj-61.html
/ru/accessories/fc-fdj-70hd,ru,/en/accessories/fc-fdj-70hd,accessory_detail,normal,strong,85,Двигатель БПЛА FC-FDJ-70HD,4,Двигатель БПЛА FC-FDJ-70HD | drone accessories | UAV components | industrial UAV parts,true,true,true,false,true,0.569,命中关键词库但未规划,是,,,General Drone/UAV Broad,drone accessories | UAV components,cleaned_master,,,补入关键词规划表，明确主落地页和辅助词,H2 未命中关键词,Двигатель БПЛА FC-FDJ-70HD | N-TET Drone Accessories,"Двигатель БПЛА FC-FDJ-70HD: рабочий объем 70cm3, мощность/характеристика 4.2KW(0высота)/8300rpm.",.next/server/app/ru/accessories/fc-fdj-70hd.html
/ru/accessories/fc-fdj-85,ru,/en/accessories/fc-fdj-85,accessory_detail,normal,strong,85,Двигатель БПЛА FC-FDJ-85,4,Двигатель БПЛА FC-FDJ-85 | drone accessories | UAV components | industrial UAV parts,true,true,true,false,true,0.554,命中关键词库但未规划,是,,,General Drone/UAV Broad,drone accessories | UAV components,cleaned_master,,,补入关键词规划表，明确主落地页和辅助词,H2 未命中关键词,Двигатель БПЛА FC-FDJ-85 | N-TET Drone Accessories,"Двигатель БПЛА FC-FDJ-85: рабочий объем 85cm3, мощность/характеристика 8.5HP/9000rpm, статическая тяга 21kg/высота 100м.",.next/server/app/ru/accessories/fc-fdj-85.html
/ru/accessories/fc-l10tr-three-light-gimbal,ru,/en/accessories/fc-l10tr-three-light-gimbal,accessory_detail,normal,strong,85,FC-L10TR электрооптический подвес,4,FC-L10TR электрооптический подвес | drone accessories | UAV components | industrial UAV parts,true,true,true,false,true,0.400,命中关键词库但未规划,是,,,General Drone/UAV Broad,drone accessories | UAV components,cleaned_master,,,补入关键词规划表，明确主落地页和辅助词,H2 未命中关键词,FC-L10TR электрооптический подвес | N-TET Drone Accessories,"FC-L10TR электрооптический подвес: 10x непрерывный оптический зум + тепловизор + лазерный дальномер 905nm; лазерное измерение 5m-1500m, вес <=800g.",.next/server/app/ru/accessories/fc-l10tr-three-light-gimbal.html
/ru/accessories/fc-l40-smart-optical-pod,ru,/en/accessories/fc-l40-smart-optical-pod,accessory_detail,normal,strong,85,FC-L40 электрооптический подвес,4,FC-L40 электрооптический подвес | drone accessories | UAV components | industrial UAV parts,true,true,true,false,true,0.437,命中关键词库但未规划,是,,,General Drone/UAV Broad,drone accessories | UAV components,cleaned_master,,,补入关键词规划表，明确主落地页和辅助词,H2 未命中关键词,FC-L40 электрооптический подвес | N-TET Drone Accessories,"FC-L40 электрооптический подвес: 40x оптический зум в видимом свете; вес <=1kg, габариты <=Phi115mm x 175mm.",.next/server/app/ru/accessories/fc-l40-smart-optical-pod.html
/ru/accessories/fc-l40t-dual-light-gimbal,ru,/en/accessories/fc-l40t-dual-light-gimbal,accessory_detail,normal,strong,85,FC-L40T электрооптический подвес,4,FC-L40T электрооптический подвес | drone accessories | UAV components | industrial UAV parts,true,true,true,false,true,0.412,命中关键词库但未规划,是,,,General Drone/UAV Broad,drone accessories | UAV components,cleaned_master,,,补入关键词规划表，明确主落地页和辅助词,H2 未命中关键词,FC-L40T электрооптический подвес | N-TET Drone Accessories,"FC-L40T электрооптический подвес: видимый свет 1920x1080, диапазон зума 40x 4.25-170mm; тепловизор 640x512, вес <=1.1kg.",.next/server/app/ru/accessories/fc-l40t-dual-light-gimbal.html
/ru/accessories/fc-l40tr-smart-optical-pod,ru,/en/accessories/fc-l40tr-smart-optical-pod,accessory_detail,normal,strong,85,FC-L40TR электрооптический подвес,4,FC-L40TR электрооптический подвес | drone accessories | UAV components | industrial UAV parts,true,true,true,false,true,0.403,命中关键词库但未规划,是,,,General Drone/UAV Broad,drone accessories | UAV components,cleaned_master,,,补入关键词规划表，明确主落地页和辅助词,H2 未命中关键词,FC-L40TR электрооптический подвес | N-TET Drone Accessories,"FC-L40TR электрооптический подвес: 40x видимый свет + тепловизор 640x512 + лазерный дальномер 1535nm; лазерное измерение 20m-3000m, вес <=1.3kg.",.next/server/app/ru/accessories/fc-l40tr-smart-optical-pod.html
/ru/accessories/fc-l50-smart-optical-pod,ru,/en/accessories/fc-l50-smart-optical-pod,accessory_detail,normal,strong,85,FC-L50 электрооптический подвес,4,FC-L50 электрооптический подвес | drone accessories | UAV components | industrial UAV parts,true,true,true,false,true,0.440,命中关键词库但未规划,是,,,General Drone/UAV Broad,drone accessories | UAV components,cleaned_master,,,补入关键词规划表，明确主落地页和辅助词,H2 未命中关键词,FC-L50 электрооптический подвес | N-TET Drone Accessories,"FC-L50 электрооптический подвес: неохлаждаемый ИК-модуль 1280 x 1024; тепловизионное фокусное расстояние 50mm, вес <=1.5kg.",.next/server/app/ru/accessories/fc-l50-smart-optical-pod.html
/ru/accessories/fc-ln100-dual-light-gimbal,ru,/en/accessories/fc-ln100-dual-light-gimbal,accessory_detail,normal,strong,85,FC-LN100 электрооптический подвес,4,FC-LN100 электрооптический подвес | drone accessories | UAV components | industrial UAV parts,true,true,true,false,true,0.414,命中关键词库但未规划,是,,,General Drone/UAV Broad,drone accessories | UAV components,cleaned_master,,,补入关键词规划表，明确主落地页和辅助词,H2 未命中关键词,FC-LN100 электрооптический подвес | N-TET Drone Accessories,"FC-LN100 электрооптический подвес: 4K видимый свет с фиксированным фокусом + тепловизор 640x512; вес <=260g, среднее энергопотребление 10w.",.next/server/app/ru/accessories/fc-ln100-dual-light-gimbal.html
/ru/accessories/fc-ln95-dual-light-gimbal,ru,/en/accessories/fc-ln95-dual-light-gimbal,accessory_detail,normal,strong,85,FC-LN95 электрооптический подвес,4,FC-LN95 электрооптический подвес | drone accessories | UAV components | industrial UAV parts,true,true,true,false,true,0.397,命中关键词库但未规划,是,,,General Drone/UAV Broad,drone accessories | UAV components,cleaned_master,,,补入关键词规划表，明确主落地页和辅助词,H2 未命中关键词,FC-LN95 электрооптический подвес | N-TET Drone Accessories,"FC-LN95 электрооптический подвес: две камеры видимого света с фиксированным фокусом, разрешение 3840x2160; вес <=260g, габариты <=Phi64mm x 90mm.",.next/server/app/ru/accessories/fc-ln95-dual-light-gimbal.html
/ru/accessories/fc-max-5330,ru,/en/accessories/fc-max-5330,accessory_detail,normal,strong,85,Двигатель БПЛА FC-MAX 5330,4,Двигатель БПЛА FC-MAX 5330 | drone accessories | UAV components | industrial UAV parts,true,true,true,false,true,0.150,命中关键词库但未规划,是,,,General Drone/UAV Broad,drone accessories | UAV components,cleaned_master,,,补入关键词规划表，明确主落地页和辅助词,H2 未命中关键词,Двигатель БПЛА FC-MAX 5330 | N-TET Drone Accessories,Двигатель БПЛА FC-MAX 5330 ключевые параметры: Макс. тяга: 11 kg / 11.5 kg; Номинальное рабочее напряжение: 12S; Значение KV: 220 KV / 260 KV.,.next/server/app/ru/accessories/fc-max-5330.html
/ru/accessories/fc-mesh-100,ru,/en/accessories/fc-mesh-100,accessory_detail,normal,partial,70,FC-Mesh-100 канал передачи данных БПЛА,4,FC-Mesh-100 канал передачи данных БПЛА | drone accessories | UAV components | industrial UAV parts,true,false,true,false,true,0.300,命中关键词库但未规划,是,,,General Drone/UAV Broad,drone accessories | UAV components,cleaned_master,,,补入关键词规划表，明确主落地页和辅助词,description 未命中关键词; H2 未命中关键词,FC-Mesh-100 канал передачи данных БПЛА | N-TET Drone Accessories,"FC-Mesh-100 — бортовая самоорганизующаяся радиостанция для многоточечной связи БПЛА, ретрансляции и координации воздух-земля.",.next/server/app/ru/accessories/fc-mesh-100.html
/ru/accessories/fc-mini-l10tr-smart-optical-pod,ru,/en/accessories/fc-mini-l10tr-smart-optical-pod,accessory_detail,normal,strong,85,FC-MiniL10TR электрооптический подвес,4,FC-MiniL10TR электрооптический подвес | drone accessories | UAV components | industrial UAV parts,true,true,true,false,true,0.397,命中关键词库但未规划,是,,,General Drone/UAV Broad,drone accessories | UAV components,cleaned_master,,,补入关键词规划表，明确主落地页和辅助词,H2 未命中关键词,FC-MiniL10TR электрооптический подвес | N-TET Drone Accessories,"FC-MiniL10TR электрооптический подвес: 48MP видимый свет с 10x гибридным зумом + ИК + лазерный дальномер; вес <=400g, габариты <=95mm x 97mm x 147mm.",.next/server/app/ru/accessories/fc-mini-l10tr-smart-optical-pod.html
/ru/accessories/fc-pab-propeller,ru,/en/accessories/fc-pab-propeller,accessory_detail,normal,partial,70,Пропеллер БПЛА FC-PAB,4,Пропеллер БПЛА FC-PAB | drone accessories | UAV components | industrial UAV parts,true,false,true,false,true,0.332,命中关键词库但未规划,是,,,General Drone/UAV Broad,drone accessories | UAV components,cleaned_master,,,补入关键词规划表，明确主落地页和辅助词,description 未命中关键词; H2 未命中关键词,Пропеллер БПЛА FC-PAB | N-TET Drone Accessories,Диапазон размеров: 15.2~36.2 дюймов; максимальная тяга: 26.41kgf (4817RPM); пиковая эффективность винта: 17.52gf/W (1476RPM).,.next/server/app/ru/accessories/fc-pab-propeller.html
/ru/accessories/fc-pad-propeller,ru,/en/accessories/fc-pad-propeller,accessory_detail,normal,partial,70,Пропеллер БПЛА FC-PAD,4,Пропеллер БПЛА FC-PAD | drone accessories | UAV components | industrial UAV parts,true,false,true,false,true,0.333,命中关键词库但未规划,是,,,General Drone/UAV Broad,drone accessories | UAV components,cleaned_master,,,补入关键词规划表，明确主落地页和辅助词,description 未命中关键词; H2 未命中关键词,Пропеллер БПЛА FC-PAD | N-TET Drone Accessories,Диапазон размеров: 18.3~46.3 дюймов; максимальная тяга: 25.10kgf (4663RPM); пиковая эффективность винта: 13.99gf/W (1825RPM).,.next/server/app/ru/accessories/fc-pad-propeller.html
/ru/accessories/fc-pae-propeller,ru,/en/accessories/fc-pae-propeller,accessory_detail,normal,partial,70,Пропеллер БПЛА FC-PAE,4,Пропеллер БПЛА FC-PAE | drone accessories | UAV components | industrial UAV parts,true,false,true,false,true,0.333,命中关键词库但未规划,是,,,General Drone/UAV Broad,drone accessories | UAV components,cleaned_master,,,补入关键词规划表，明确主落地页和辅助词,description 未命中关键词; H2 未命中关键词,Пропеллер БПЛА FC-PAE | N-TET Drone Accessories,Диапазон размеров: 18.3~32.3 дюймов; максимальная тяга: 6.42kgf (6520RPM); пиковая эффективность винта: 20.14gf/W (1820RPM).,.next/server/app/ru/accessories/fc-pae-propeller.html
/ru/accessories/fc-pbf-propeller,ru,/en/accessories/fc-pbf-propeller,accessory_detail,normal,partial,70,Пропеллер БПЛА FC-PBF,4,Пропеллер БПЛА FC-PBF | drone accessories | UAV components | industrial UAV parts,true,false,true,false,true,0.346,命中关键词库但未规划,是,,,General Drone/UAV Broad,drone accessories | UAV components,cleaned_master,,,补入关键词规划表，明确主落地页和辅助词,description 未命中关键词; H2 未命中关键词,Пропеллер БПЛА FC-PBF | N-TET Drone Accessories,Диапазон размеров: 16.1~48.1 дюймов; максимальная тяга: 43.52kgf (3373RPM); пиковая эффективность винта: 13.97gf/W (1385RPM).,.next/server/app/ru/accessories/fc-pbf-propeller.html
/ru/accessories/fc-rm10x,ru,/en/accessories/fc-rm10x,accessory_detail,normal,strong,85,Двигатель БПЛА FC-RM10X,4,Двигатель БПЛА FC-RM10X | drone accessories | UAV components | industrial UAV parts,true,true,true,false,true,0.348,命中关键词库但未规划,是,,,General Drone/UAV Broad,drone accessories | UAV components,cleaned_master,,,补入关键词规划表，明确主落地页和辅助词,H2 未命中关键词,Двигатель БПЛА FC-RM10X | N-TET Drone Accessories,Двигатель БПЛА FC-RM10X ключевые параметры: Макс. тяга: 12081g/ось @48Vуровень моря; Рекомендуемая взлетная масса: 4500-6000g/ось @48Vуровень моря.,.next/server/app/ru/accessories/fc-rm10x.html
/ru/accessories/fc-rm30,ru,/en/accessories/fc-rm30,accessory_detail,normal,strong,85,Двигатель БПЛА FC-RM30,4,Двигатель БПЛА FC-RM30 | drone accessories | UAV components | industrial UAV parts,true,true,true,false,true,0.130,命中关键词库但未规划,是,,,General Drone/UAV Broad,drone accessories | UAV components,cleaned_master,,,补入关键词规划表，明确主落地页和辅助词,H2 未命中关键词,Двигатель БПЛА FC-RM30 | N-TET Drone Accessories,Двигатель БПЛА FC-RM30 ключевые параметры: Макс. тяга: 74.7 kg / 69.6 kg; Номинальное рабочее напряжение: 96S / 24S; Значение KV: 10 KV / 43 KV.,.next/server/app/ru/accessories/fc-rm30.html
/ru/accessories/fc-sjl-100,ru,/en/accessories/fc-sjl-100,accessory_detail,normal,partial,70,FC-SJL-100 канал передачи данных БПЛА,4,FC-SJL-100 канал передачи данных БПЛА | drone accessories | UAV components | industrial UAV parts,true,false,true,false,true,0.324,命中关键词库但未规划,是,,,General Drone/UAV Broad,drone accessories | UAV components,cleaned_master,,,补入关键词规划表，明确主落地页和辅助词,description 未命中关键词; H2 未命中关键词,FC-SJL-100 канал передачи данных БПЛА | N-TET Drone Accessories,FC-SJL-100 обеспечивает передачу видео и данных воздух-земля на 100 км+ с интерфейсной компоновкой J30J для БПЛА и роботизированных платформ.,.next/server/app/ru/accessories/fc-sjl-100.html
/ru/accessories/fc-sjl-200,ru,/en/accessories/fc-sjl-200,accessory_detail,normal,partial,70,FC-SJL-200 канал передачи данных БПЛА,4,FC-SJL-200 канал передачи данных БПЛА | drone accessories | UAV components | industrial UAV parts,true,false,true,false,true,0.323,命中关键词库但未规划,是,,,General Drone/UAV Broad,drone accessories | UAV components,cleaned_master,,,补入关键词规划表，明确主落地页和辅助词,description 未命中关键词; H2 未命中关键词,FC-SJL-200 канал передачи данных БПЛА | N-TET Drone Accessories,"FC-SJL-200 — радиостанция сверхдальней передачи видео и данных БПЛА с дальностью 200 км+ для интегрированных каналов видео, телеметрии и управления.",.next/server/app/ru/accessories/fc-sjl-200.html
/ru/accessories/fc-sjl-30,ru,/en/accessories/fc-sjl-30,accessory_detail,normal,partial,70,FC-SJL-30 канал передачи данных БПЛА,4,FC-SJL-30 канал передачи данных БПЛА | drone accessories | UAV components | industrial UAV parts,true,false,true,false,true,0.315,命中关键词库但未规划,是,,,General Drone/UAV Broad,drone accessories | UAV components,cleaned_master,,,补入关键词规划表，明确主落地页和辅助词,description 未命中关键词; H2 未命中关键词,FC-SJL-30 канал передачи данных БПЛА | N-TET Drone Accessories,"FC-SJL-30 — компактная радиостанция передачи видео и данных БПЛА для воздушно-наземных каналов HD-видео, аудио, телеметрии и управления на дальности 30 км+.",.next/server/app/ru/accessories/fc-sjl-30.html
/ru/accessories/fc-sjl-380,ru,/en/accessories/fc-sjl-380,accessory_detail,normal,partial,70,FC-SJL-380 канал передачи данных БПЛА,4,FC-SJL-380 канал передачи данных БПЛА | drone accessories | UAV components | industrial UAV parts,true,false,true,false,true,0.322,命中关键词库但未规划,是,,,General Drone/UAV Broad,drone accessories | UAV components,cleaned_master,,,补入关键词规划表，明确主落地页和辅助词,description 未命中关键词; H2 未命中关键词,FC-SJL-380 канал передачи данных БПЛА | N-TET Drone Accessories,FC-SJL-380 поддерживает сверхдальнюю передачу видео и данных БПЛА на 380 км+ для распределенных сетей и каналов управления воздух-земля.,.next/server/app/ru/accessories/fc-sjl-380.html
/ru/accessories/fc-sjl-50,ru,/en/accessories/fc-sjl-50,accessory_detail,normal,partial,70,FC-SJL-50 канал передачи данных БПЛА,4,FC-SJL-50 канал передачи данных БПЛА | drone accessories | UAV components | industrial UAV parts,true,false,true,false,true,0.316,命中关键词库但未规划,是,,,General Drone/UAV Broad,drone accessories | UAV components,cleaned_master,,,补入关键词规划表，明确主落地页和辅助词,description 未命中关键词; H2 未命中关键词,FC-SJL-50 канал передачи данных БПЛА | N-TET Drone Accessories,"FC-SJL-50 — легкая радиостанция передачи видео и данных БПЛА для HD-видео, телеметрии и управления на дальности 50 км+.",.next/server/app/ru/accessories/fc-sjl-50.html
/ru/accessories/fc-u10-pro,ru,/en/accessories/fc-u10-pro,accessory_detail,normal,partial,70,Полетный контроллер FC-U10-PRO,4,Полетный контроллер FC-U10-PRO | drone accessories | UAV components | industrial UAV parts,true,false,true,false,true,0.386,命中关键词库但未规划,是,,,General Drone/UAV Broad,drone accessories | UAV components,cleaned_master,,,补入关键词规划表，明确主落地页和辅助词,description 未命中关键词; H2 未命中关键词,Полетный контроллер FC-U10-PRO | N-TET Drone Accessories,"FC-U10-PRO оснащен высокоточным модулем RTK, поддерживает питание 16V-120V, платформы до 16 роторов и резервное питание UPS для тяжелых БПЛА.",.next/server/app/ru/accessories/fc-u10-pro.html
/ru/accessories/fc-u110,ru,/en/accessories/fc-u110,accessory_detail,normal,strong,85,Двигатель БПЛА FC-U110,4,Двигатель БПЛА FC-U110 | drone accessories | UAV components | industrial UAV parts,true,true,true,false,true,0.137,命中关键词库但未规划,是,,,General Drone/UAV Broad,drone accessories | UAV components,cleaned_master,,,补入关键词规划表，明确主落地页和辅助词,H2 未命中关键词,Двигатель БПЛА FC-U110 | N-TET Drone Accessories,Двигатель БПЛА FC-U110 ключевые параметры: Макс. тяга: 45.5 kg; Номинальное рабочее напряжение: 12-14S; Значение KV: 140 KV.,.next/server/app/ru/accessories/fc-u110.html
/ru/accessories/fc-u12,ru,/en/accessories/fc-u12,accessory_detail,normal,partial,70,Полетный контроллер FC-U12,4,Полетный контроллер FC-U12 | drone accessories | UAV components | industrial UAV parts,true,false,true,false,true,0.387,命中关键词库但未规划,是,,,General Drone/UAV Broad,drone accessories | UAV components,cleaned_master,,,补入关键词规划表，明确主落地页和辅助词,description 未命中关键词; H2 未命中关键词,Полетный контроллер FC-U12 | N-TET Drone Accessories,FC-U12 — компактный и простой в использовании полетный контроллер для малых и средних БПЛА с плотной компоновкой и расширяемыми каналами управления внешними устройствами.,.next/server/app/ru/accessories/fc-u12.html
/ru/accessories/fc-u8013,ru,/en/accessories/fc-u8013,accessory_detail,normal,strong,85,Двигатель БПЛА FC-U8013,4,Двигатель БПЛА FC-U8013 | drone accessories | UAV components | industrial UAV parts,true,true,true,false,true,0.412,命中关键词库但未规划,是,,,General Drone/UAV Broad,drone accessories | UAV components,cleaned_master,,,补入关键词规划表，明确主落地页和辅助词,H2 未命中关键词,Двигатель БПЛА FC-U8013 | N-TET Drone Accessories,Двигатель БПЛА FC-U8013 ключевые параметры: Макс. тяга: 14.5 kg / 15 kg / 16.3 kg; Номинальное рабочее напряжение: 12S; Значение KV: 135KV / 150KV / 170KV.,.next/server/app/ru/accessories/fc-u8013.html
/ru/accessories/fc-u9-ag,ru,/en/accessories/fc-u9-ag,accessory_detail,normal,partial,70,Аграрный полетный контроллер FC-U9-AG,4,Аграрный полетный контроллер FC-U9-AG | drone accessories | UAV components | industrial UAV parts,true,false,true,false,true,0.368,命中关键词库但未规划,是,,,General Drone/UAV Broad,drone accessories | UAV components,cleaned_master,,,补入关键词规划表，明确主落地页和辅助词,description 未命中关键词; H2 未命中关键词,Аграрный полетный контроллер FC-U9-AG | N-TET Drone Accessories,"FC-U9-AG — профессиональная система управления полетом аграрных БПЛА для опрыскивания, разбрасывания, очистки и транспортировки грузов, с богатыми интерфейсами и простым управлением через приложение.",.next/server/app/ru/accessories/fc-u9-ag.html
/ru/accessories/fc-w2u-propeller,ru,/en/accessories/fc-w2u-propeller,accessory_detail,normal,partial,70,Пропеллер БПЛА FC-W2U,4,Пропеллер БПЛА FC-W2U | drone accessories | UAV components | industrial UAV parts,true,false,true,false,true,0.361,命中关键词库但未规划,是,,,General Drone/UAV Broad,drone accessories | UAV components,cleaned_master,,,补入关键词规划表，明确主落地页和辅助词,description 未命中关键词; H2 未命中关键词,Пропеллер БПЛА FC-W2U | N-TET Drone Accessories,Диапазон размеров: 24~40 дюймов; максимальная тяга: 68.92kgf (5353RPM); пиковая эффективность винта: 7.11gf/W (2354RPM).,.next/server/app/ru/accessories/fc-w2u-propeller.html
/ru/accessories/fc-x8030,ru,/en/accessories/fc-x8030,accessory_detail,normal,strong,85,Двигатель БПЛА FC-X8030,4,Двигатель БПЛА FC-X8030 | drone accessories | UAV components | industrial UAV parts,true,true,true,false,true,0.164,命中关键词库但未规划,是,,,General Drone/UAV Broad,drone accessories | UAV components,cleaned_master,,,补入关键词规划表，明确主落地页和辅助词,H2 未命中关键词,Двигатель БПЛА FC-X8030 | N-TET Drone Accessories,Двигатель БПЛА FC-X8030 ключевые параметры: Макс. тяга: 22.7 kg / 21.5 kg; Номинальное рабочее напряжение: 12S; Значение KV: 160 KV / 190 KV.,.next/server/app/ru/accessories/fc-x8030.html
/ru/accessories/fc-xh14,ru,/en/accessories/fc-xh14,accessory_detail,normal,strong,85,Двигатель БПЛА FC-XH14,4,Двигатель БПЛА FC-XH14 | drone accessories | UAV components | industrial UAV parts,true,true,true,false,true,0.291,命中关键词库但未规划,是,,,General Drone/UAV Broad,drone accessories | UAV components,cleaned_master,,,补入关键词规划表，明确主落地页和辅助词,H2 未命中关键词,Двигатель БПЛА FC-XH14 | N-TET Drone Accessories,Двигатель БПЛА FC-XH14 ключевые параметры: Макс. тяга: 110 kg/ось（92V/108，уровень моря）; Рекомендуемая батарея: 24-28S （Lipo）.,.next/server/app/ru/accessories/fc-xh14.html
/ru/accessories/fc-yk15-remote-controller,ru,/en/accessories/fc-yk15-remote-controller,accessory_detail,normal,partial,70,Пульт управления БПЛА FC-YK15,4,Пульт управления БПЛА FC-YK15 | drone accessories | UAV components | industrial UAV parts,true,false,true,false,true,0.326,命中关键词库但未规划,是,,,General Drone/UAV Broad,drone accessories | UAV components,cleaned_master,,,补入关键词规划表，明确主落地页和辅助词,description 未命中关键词; H2 未命中关键词,Пульт управления БПЛА FC-YK15 | N-TET Drone Accessories,"FC-YK15 - компактная ручная наземная станция с малой задержкой, трехкомпонентной HD-видеопередачей, интеграцией Android и двумя каналами 1080P для БПЛА, беспилотных машин, безэкипажных катеров и робототехнических платформ.",.next/server/app/ru/accessories/fc-yk15-remote-controller.html
/ru/accessories/fc-yk24-remote-controller,ru,/en/accessories/fc-yk24-remote-controller,accessory_detail,normal,partial,70,Пульт управления БПЛА FC-YK24,4,Пульт управления БПЛА FC-YK24 | drone accessories | UAV components | industrial UAV parts,true,false,true,false,true,0.290,命中关键词库但未规划,是,,,General Drone/UAV Broad,drone accessories | UAV components,cleaned_master,,,补入关键词规划表，明确主落地页和辅助词,description 未命中关键词; H2 未命中关键词,Пульт управления БПЛА FC-YK24 | N-TET Drone Accessories,"FC-YK24 - 16-канальный пульт для авиационных моделей с устойчивым управлением на 15 km за пределами прямой видимости, беспроводным сопряжением, настройкой приемника, OTA-обновлением, управлением несколькими аппаратами, ретрансляцией и беспр",.next/server/app/ru/accessories/fc-yk24-remote-controller.html
/ru/accessories/fc-yk32-remote-controller,ru,/en/accessories/fc-yk32-remote-controller,accessory_detail,normal,partial,70,Пульт управления БПЛА FC-YK32,4,Пульт управления БПЛА FC-YK32 | drone accessories | UAV components | industrial UAV parts,true,false,true,false,true,0.326,命中关键词库但未规划,是,,,General Drone/UAV Broad,drone accessories | UAV components,cleaned_master,,,补入关键词规划表，明确主落地页和辅助词,description 未命中关键词; H2 未命中关键词,Пульт управления БПЛА FC-YK32 | N-TET Drone Accessories,"FC-YK32 - промышленная ручная наземная станция, объединяющая дистанционное управление, передачу данных и беспроводную HD-видеопередачу, с дальностью до 15KM, двойным управлением, ретрансляцией и отображением телеметрии OSD.",.next/server/app/ru/accessories/fc-yk32-remote-controller.html
/ru/accessories/fc-ykrc7-remote-controller,ru,/en/accessories/fc-ykrc7-remote-controller,accessory_detail,normal,partial,70,Пульт управления БПЛА FC-YKRC7,4,Пульт управления БПЛА FC-YKRC7 | drone accessories | UAV components | industrial UAV parts,true,false,true,false,true,0.255,命中关键词库但未规划,是,,,General Drone/UAV Broad,drone accessories | UAV components,cleaned_master,,,补入关键词规划表，明确主落地页和辅助词,description 未命中关键词; H2 未命中关键词,Пульт управления БПЛА FC-YKRC7 | N-TET Drone Accessories,"FC-YKRC7 - высокопроизводительная ручная наземная станция с видеопередачей до 40KM, интеллектуальной двухдиапазонной связью 2.4G/5G и 7-дюймовым HD-экраном высокой яркости для управления промышленными мобильными платформами.",.next/server/app/ru/accessories/fc-ykrc7-remote-controller.html
/ru/cases,ru,/en/cases,case_index,normal,weak,45,UAV inspection cases,5,UAV inspection cases | power line UAV patrol | low altitude monitoring case | water conservancy UAV patrol | refinery monitoring case,true,true,false,false,false,0.000,未对上广告关键词库,否,,,,,,,,人工判定是否需要关键词库映射,H1 未命中关键词; H2 未命中关键词; 正文未命中精确关键词短语,UAV Inspection Cases & Low Altitude Monitoring Case | N-TET,"Review UAV inspection cases, power line UAV patrol references, water conservancy UAV patrol work, and low altitude monitoring case examples from N-TET deployments.",.next/server/app/ru/cases.html
/ru/cases/anhui-flood-season-uav-patrol,ru,/en/cases/anhui-flood-season-uav-patrol,case_detail,normal,strong,85,Аварийный паводковый патруль БПЛА в Аньхое,2,Аварийный паводковый патруль БПЛА в Аньхое | N-TET,true,true,true,false,true,0.493,未对上广告关键词库,否,,,,,,,,检查是否需要从关键词库补长尾词；低商业价值页可不强制广告词映射,H2 未命中关键词,Аварийный паводковый патруль БПЛА в Аньхое | N-TET,Аварийный паводковый патруль БПЛА в Аньхое Для обеспечения безопасности линий электропередачи в летний паводковый сезон State Grid применил наши VTOL БПЛА самолетного типа для специального аварийного патрулирования плотного энергетического,.next/server/app/ru/cases/anhui-flood-season-uav-patrol.html
/ru/cases/brazil-refinery-low-altitude-monitoring,ru,/en/cases/brazil-refinery-low-altitude-monitoring,case_detail,normal,partial,70,Проект защиты нефтеперерабатывающего завода в Бразилии от БПЛА,2,Проект защиты нефтеперерабатывающего завода в Бразилии от БПЛА | N-TET,true,false,true,false,true,0.326,未对上广告关键词库,否,,,,,,,,检查是否需要从关键词库补长尾词；低商业价值页可不强制广告词映射,description 未命中关键词; H2 未命中关键词,Проект защиты нефтеперерабатывающего завода в Бразилии от БПЛА | N-TET,2025 Кейс защиты НПЗ в Бразилии Используемое оборудование: Стационарная система спектрального обнаружения Стационарная система согласованного реагирования Платформа управления Описание проекта: В 2025 году была успешно поставлена интегриров,.next/server/app/ru/cases/brazil-refinery-low-altitude-monitoring.html
/ru/cases/ice-snow-emergency-uav-inspection,ru,/en/cases/ice-snow-emergency-uav-inspection,case_detail,normal,strong,85,Аварийная инспекция БПЛА при снеголедовых бедствиях,2,Аварийная инспекция БПЛА при снеголедовых бедствиях | N-TET,true,true,true,false,true,0.454,未对上广告关键词库,否,,,,,,,,检查是否需要从关键词库补长尾词；低商业价值页可不强制广告词映射,H2 未命中关键词,Аварийная инспекция БПЛА при снеголедовых бедствиях | N-TET,"Аварийная инспекция БПЛА при снеголедовых бедствиях В условиях сильного холода -15 C State Grid использовал наши VTOL БПЛА с LiDAR для инспекции 400 км коридоров ЛЭП 500 кВ, включая линию Яньпин и линии Пинцзи I и II. Работы велись с пяти п",.next/server/app/ru/cases/ice-snow-emergency-uav-inspection.html
/ru/cases/lidar-tree-obstruction-uav-inspection,ru,/en/cases/lidar-tree-obstruction-uav-inspection,case_detail,normal,strong,85,Инспекция древесных помех с LiDAR-БПЛА,2,Инспекция древесных помех с LiDAR-БПЛА | N-TET,true,true,true,false,true,0.496,未对上广告关键词库,否,,,,,,,,检查是否需要从关键词库补长尾词；低商业价值页可不强制广告词映射,H2 未命中关键词,Инспекция древесных помех с LiDAR-БПЛА | N-TET,Инспекция древесных помех с LiDAR-БПЛА Зимой 2024 года одна из компаний Southern Grid использовала VTOL БПЛА с интегрированной системой LiDAR для воздушного сканирования в рамках специальной проверки рисков древесных помех. Миссия получила,.next/server/app/ru/cases/lidar-tree-obstruction-uav-inspection.html
/ru/cases/nigeria-factory-low-altitude-monitoring,ru,/en/cases/nigeria-factory-low-altitude-monitoring,case_detail,normal,partial,70,Защита промышленного комплекса в Нигерии от БПЛА,2,Защита промышленного комплекса в Нигерии от БПЛА | N-TET,true,false,true,false,true,0.331,未对上广告关键词库,否,,,,,,,,检查是否需要从关键词库补长尾词；低商业价值页可不强制广告词映射,description 未命中关键词; H2 未命中关键词,Защита промышленного комплекса в Нигерии от БПЛА | N-TET,2025 Кейс защиты промышленной группы в Нигерии Используемое оборудование: Системы обнаружения спектра Модули проверки данных воздушной обстановки Командная платформа Описание проекта: В 2025 году была развернута индивидуальная система управ,.next/server/app/ru/cases/nigeria-factory-low-altitude-monitoring.html
/ru/cases/pakistan-power-plant-low-altitude-monitoring,ru,/en/cases/pakistan-power-plant-low-altitude-monitoring,case_detail,normal,partial,70,Проект защиты электростанции в Пакистане от БПЛА,2,Проект защиты электростанции в Пакистане от БПЛА | N-TET,true,false,true,false,true,0.323,未对上广告关键词库,否,,,,,,,,检查是否需要从关键词库补长尾词；低商业价值页可不强制广告词映射,description 未命中关键词; H2 未命中关键词,Проект защиты электростанции в Пакистане от БПЛА | N-TET,2024 Кейс защиты электростанции в Пакистане Используемое оборудование: Стационарная система радиочастотного обнаружения Система проверки данных воздушной обстановки Программное обеспечение платформы управления Описание проекта: В 2024 году,.next/server/app/ru/cases/pakistan-power-plant-low-altitude-monitoring.html
/ru/cases/southern-grid-wildfire-uav-inspection,ru,/en/cases/southern-grid-wildfire-uav-inspection,case_detail,normal,strong,85,Пожарно-профилактическая инспекция Southern Grid с БПЛА,2,Пожарно-профилактическая инспекция Southern Grid с БПЛА | N-TET,true,true,true,false,true,0.472,未对上广告关键词库,否,,,,,,,,检查是否需要从关键词库补长尾词；低商业价值页可不强制广告词映射,H2 未命中关键词,Пожарно-профилактическая инспекция Southern Grid с БПЛА | N-TET,Пожарно-профилактическая инспекция Southern Grid с БПЛА В весенний период высокого риска лесных пожаров такие угрозы могут серьезно повлиять на устойчивую работу электросетей и нормальное электроснабжение. Для усиления безопасности коридоро,.next/server/app/ru/cases/southern-grid-wildfire-uav-inspection.html
/ru/cases/wildfire-emergency-transmission-line-uav-patrol,ru,/en/cases/wildfire-emergency-transmission-line-uav-patrol,case_detail,normal,strong,85,Аварийный пожарный патруль ЛЭП с БПЛА,2,Аварийный пожарный патруль ЛЭП с БПЛА | N-TET,true,true,true,false,true,0.452,未对上广告关键词库,否,,,,,,,,检查是否需要从关键词库补长尾词；低商业价值页可不强制广告词映射,H2 未命中关键词,Аварийный пожарный патруль ЛЭП с БПЛА | N-TET,"Аварийный пожарный патруль ЛЭП с БПЛА В 2025 году наша энергетическая команда VTOL БПЛА успешно выполнила инспекционную задачу State Grid по коридорам ЛЭП в 13 регионах, включая Хунань, Шаньдун, Шаньси, Хэбэй и Аньхой. Команда проводила еже",.next/server/app/ru/cases/wildfire-emergency-transmission-line-uav-patrol.html
/ru/cases/zhaoqing-long-distance-power-line-uav-inspection,ru,/en/cases/zhaoqing-long-distance-power-line-uav-inspection,case_detail,normal,strong,85,Дальняя инспекция ЛЭП с БПЛА в Чжаоцине,2,Дальняя инспекция ЛЭП с БПЛА в Чжаоцине | N-TET,true,true,true,false,true,0.458,未对上广告关键词库,否,,,,,,,,检查是否需要从关键词库补长尾词；低商业价值页可不强制广告词映射,H2 未命中关键词,Дальняя инспекция ЛЭП с БПЛА в Чжаоцине | N-TET,"Дальняя инспекция ЛЭП с БПЛА в Чжаоцине Во время инспекции линии 110 кВ в Чжаоцине наше решение показало высокую эффективность и удобство применения. Линия имеет общую длину 37,9 км, среднюю высоту опор 35 м, 112 опор и максимальный перепад",.next/server/app/ru/cases/zhaoqing-long-distance-power-line-uav-inspection.html
/ru/contact,ru,/en/contact,conversion,normal,weak,45,industrial UAV quote,5,industrial UAV quote | UAV system supplier | drone inspection solution | emergency response UAV | low altitude monitoring equipment,true,true,false,false,false,0.000,继承英文页面映射,是,Industrial UAV Quote,conversion,,,,P2,转化页,按规划主词优化 title、description、H1、H2、首段和正文小节,H1 未命中关键词; H2 未命中关键词; 正文未命中精确关键词短语,Industrial UAV Quote & UAV System Supplier Contact | N-TET,"Request an industrial UAV quote from N-TET, a UAV system supplier for drone inspection solution planning, emergency response UAV projects, and low altitude monitoring equipment.",.next/server/app/ru/contact.html
/ru/media,ru,/en/media,media_index,normal,weak,45,industrial UAV news,5,industrial UAV news | low altitude economy | tethered UAV surveillance | industrial UAV redundancy | border surveillance UAV network,true,true,false,false,false,0.000,未对上广告关键词库,否,,,,,,,,人工判定是否需要关键词库映射,H1 未命中关键词; H2 未命中关键词; 正文未命中精确关键词短语,Industrial UAV News & Low Altitude Economy Updates | N-TET,"Read industrial UAV news from N-TET on low altitude economy trends, tethered UAV surveillance, industrial UAV redundancy, and border surveillance UAV network planning.",.next/server/app/ru/media.html
/ru/media/border-surveillance-uav-network-2026,ru,/en/media/border-surveillance-uav-network-2026,media_detail,normal,partial,70,Сети БПЛА и EO/IR улучшают обзорность удаленного патрулирования,2,Сети БПЛА и EO/IR улучшают обзорность удаленного патрулирования | N-TET,true,false,true,false,true,0.354,未对上广告关键词库,否,,,,,,,,检查是否需要从关键词库补长尾词；低商业价值页可不强制广告词映射,description 未命中关键词; H2 未命中关键词,Сети БПЛА и EO/IR улучшают обзорность удаленного патрулирования | N-TET,"UAV and EO/IR networks help remote patrol teams reduce visibility gaps with clearer imagery, better routing, and faster situational updates. Operational value Programs work suitable when sensor feeds, data retention rules, weather planning,",.next/server/app/ru/media/border-surveillance-uav-network-2026.html
/ru/media/industrial-uav-redundancy-2026,ru,/en/media/industrial-uav-redundancy-2026,media_detail,normal,partial,70,Двойное резервирование управления полетом: как промышленные БПЛА достигают надежности миссионного уровня,2,Двойное резервирование управления полетом: как промышленные БПЛА достигают надежности миссионного уровня | N-TET,true,false,true,false,true,0.342,未对上广告关键词库,否,,,,,,,,检查是否需要从关键词库补长尾词；低商业价值页可不强制广告词映射,description 未命中关键词; H2 未命中关键词,Двойное резервирование управления полетом: как промышленные БПЛА достигают надежности миссионного уровня | N-TET,Промышленные беспилотники стали стандартом для инспекции электросетей и мониторинга трубопроводов. В таких задачах надежность становится критическим фактором. Архитектуры с двойным резервированием управления полетом теперь являются базовым,.next/server/app/ru/media/industrial-uav-redundancy-2026.html
/ru/media/low-altitude-economy-2026-outlook,ru,/en/media/low-altitude-economy-2026-outlook,media_detail,normal,partial,70,Экономика малых высот Китая: прогноз на 2026 год с оборотом в 2 трлн юаней,2,Экономика малых высот Китая: прогноз на 2026 год с оборотом в 2 трлн юаней | N-TET,true,false,true,false,true,0.343,未对上广告关键词库,否,,,,,,,,检查是否需要从关键词库补长尾词；低商业价值页可不强制广告词映射,description 未命中关键词; H2 未命中关键词,Экономика малых высот Китая: прогноз на 2026 год с оборотом в 2 трлн юаней | N-TET,"Экономика малых высот охватывает логистику, аэрофотосъемку и экстренные службы на высотах до 1000 метров. В Китае этот сектор стал стратегическим направлением, с прогнозируемым объемом в 2 триллиона юаней к 2030 году. Факторы роста Развитие",.next/server/app/ru/media/low-altitude-economy-2026-outlook.html
/ru/media/tethered-uav-persistent-surveillance-2026,ru,/en/media/tethered-uav-persistent-surveillance-2026,media_detail,normal,partial,70,Привязные БПЛА: непрерывное воздушное наблюдение для мероприятий и удаленных объектов,2,Привязные БПЛА: непрерывное воздушное наблюдение для мероприятий и удаленных объектов | N-TET,true,false,true,false,true,0.340,未对上广告关键词库,否,,,,,,,,检查是否需要从关键词库补长尾词；低商业价值页可不强制广告词映射,description 未命中关键词; H2 未命中关键词,Привязные БПЛА: непрерывное воздушное наблюдение для мероприятий и удаленных объектов | N-TET,"Tethered UAVs provide continuous aerial monitoring by receiving power and sending data through a ground cable. This makes them suitable for large events, utility work zones, and emergency command posts that need stable visibility for many h",.next/server/app/ru/media/tethered-uav-persistent-surveillance-2026.html
/ru/products,ru,/en/products,product_index,normal,weak,45,industrial UAV systems,6,industrial UAV systems | UAV inspection drone | tethered UAV | emergency response drone | low altitude monitoring equipment | security screening equipment,true,true,false,false,false,0.000,继承英文页面映射,是,Industrial UAV Systems,core,General Drone/UAV Broad | Emergency Rescue & Disaster Response,tethered UAV | emergency response drone,cleaned_master,P2,产品栏目页,按规划主词优化 title、description、H1、H2、首段和正文小节,H1 未命中关键词; H2 未命中关键词; 正文未命中精确关键词短语,Industrial UAV Systems & Monitoring Equipment | N-TET Products,"Explore N-TET industrial UAV systems, tethered emergency drones, inspection UAVs, low-altitude monitoring equipment, and security screening products for operational teams.",.next/server/app/ru/products.html
/ru/products/bailey-bridge,ru,/en/products/bailey-bridge,product_detail,normal,strong,85,Стальной модульный мост Бейли,5,Стальной модульный мост Бейли | engineering materials | Bailey steel bridge | infrastructure support equipment | N-TET,true,true,true,false,true,0.277,未对上广告关键词库,否,,,,,,,,检查是否需要从关键词库补长尾词；低商业价值页可不强制广告词映射,H2 未命中关键词,Стальной модульный мост Бейли | N-TET,"N-TET Стальной модульный мост Бейли for industrial operators, combining Стальной модульный мост Бейли, engineering materials, Bailey steel bridge workflows with field-ready deployment and support.",.next/server/app/ru/products/bailey-bridge.html
/ru/products/composite-electro-optical-tracking-system,ru,/en/products/composite-electro-optical-tracking-system,product_detail,neutral_seo,weak,45,Оптико-электронная система обнаружения и слежения ОЭС,5,Оптико-электронная система обнаружения и слежения ОЭС | low altitude monitoring equipment | drone detection equipment | airspace monitoring system | N-TET,true,true,false,false,false,0.000,命中关键词库但未规划,是,,,Drone Detection & Airspace Monitoring,drone detection equipment,cleaned_master,,,补入关键词规划表，明确主落地页和辅助词,H1 未命中关键词; H2 未命中关键词; 正文未命中精确关键词短语,Оптико-электронная система обнаружения и слежения (ОЭС) | N-TET,"N-TET Оптико-электронная система обнаружения и слежения (ОЭС) for industrial operators, combining Оптико-электронная система обнаружения и слежения ОЭС, low altitude monitoring equipment, drone detection equipment workflows with field-ready",.next/server/app/ru/products/composite-electro-optical-tracking-system.html
/ru/products/containerized-medical-rescue-system,ru,/en/products/containerized-medical-rescue-system,product_detail,normal,strong,85,Контейнерная система медицинской помощи,5,Контейнерная система медицинской помощи | field hospital system | containerized medical rescue system | emergency medical shelter | N-TET,true,true,true,false,true,0.291,未对上广告关键词库,否,,,,,,,,检查是否需要从关键词库补长尾词；低商业价值页可不强制广告词映射,H2 未命中关键词,Контейнерная система медицинской помощи | N-TET,"N-TET Контейнерная система медицинской помощи for industrial operators, combining Контейнерная система медицинской помощи, field hospital system, containerized medical rescue system workflows with field-ready deployment and support.",.next/server/app/ru/products/containerized-medical-rescue-system.html
/ru/products/emergency-search-rescue-drone,ru,/en/products/emergency-search-rescue-drone,product_detail,normal,strong,85,thermal drones for search and rescue,8,thermal drones for search and rescue | search and rescue drone | search and rescue UAV | drone rescue | БПЛА для аварийного поиска и спасения | industrial UAV systems | UAV inspection drone | emergency response UAV,true,true,true,false,true,0.689,命中关键词库但未规划,是,Search & Rescue UAV,7038,Emergency Rescue & Disaster Response,thermal drones for search and rescue | search and rescue drone | search and rescue UAV | drone rescue,ads_upload_detail | cleaned_master,,,补入关键词规划表，明确主落地页和辅助词,H2 未命中关键词,БПЛА для аварийного поиска и спасения | N-TET,"N-TET БПЛА для аварийного поиска и спасения for industrial operators, combining thermal drones for search and rescue, search and rescue drone, search and rescue UAV workflows with field-ready deployment and support.",.next/server/app/ru/products/emergency-search-rescue-drone.html
/ru/products/fbg-g15-fc06-explosion-containment-vessel,ru,/en/products/fbg-g15-fc06-explosion-containment-vessel,product_detail,normal,strong,85,Взрывозащитный контейнер FBG-G1.5-FC06,5,Взрывозащитный контейнер FBG-G1.5-FC06 | security screening equipment | X-ray baggage scanner | walk-through metal detector | N-TET,true,true,true,false,true,0.266,未对上广告关键词库,否,,,,,,,,检查是否需要从关键词库补长尾词；低商业价值页可不强制广告词映射,H2 未命中关键词,Взрывозащитный контейнер FBG-G1.5-FC06 | N-TET,"N-TET Взрывозащитный контейнер FBG-G1.5-FC06 for industrial operators, combining Взрывозащитный контейнер FBG-G1.5-FC06, security screening equipment, X-ray baggage scanner workflows with field-ready deployment and support.",.next/server/app/ru/products/fbg-g15-fc06-explosion-containment-vessel.html
/ru/products/fbt-fc09-explosion-protection-blanket,ru,/en/products/fbt-fc09-explosion-protection-blanket,product_detail,normal,strong,85,Взрывозащитное одеяло FBT-FC09,5,Взрывозащитное одеяло FBT-FC09 | security screening equipment | X-ray baggage scanner | walk-through metal detector | N-TET,true,true,true,false,true,0.275,未对上广告关键词库,否,,,,,,,,检查是否需要从关键词库补长尾词；低商业价值页可不强制广告词映射,H2 未命中关键词,Взрывозащитное одеяло FBT-FC09 | N-TET,"N-TET Взрывозащитное одеяло FBT-FC09 for industrial operators, combining Взрывозащитное одеяло FBT-FC09, security screening equipment, X-ray baggage scanner workflows with field-ready deployment and support.",.next/server/app/ru/products/fbt-fc09-explosion-protection-blanket.html
/ru/products/fc-3000-ferromagnetic-detection-column,ru,/en/products/fc-3000-ferromagnetic-detection-column,product_detail,normal,strong,85,Интеллектуальная система ферромагнитного детектирования FC-3000,5,Интеллектуальная система ферромагнитного детектирования FC-3000 | security screening equipment | X-ray baggage scanner | walk-through metal detector | N-TET,true,true,true,false,true,0.272,未对上广告关键词库,否,,,,,,,,检查是否需要从关键词库补长尾词；低商业价值页可不强制广告词映射,H2 未命中关键词,Интеллектуальная система ферромагнитного детектирования FC-3000 | N-TET,"N-TET Интеллектуальная система ферромагнитного детектирования FC-3000 for industrial operators, combining Интеллектуальная система ферромагнитного детектирования FC-3000, security screening equipment, X-ray baggage scanner workflows with fi",.next/server/app/ru/products/fc-3000-ferromagnetic-detection-column.html
/ru/products/fc-c-deluxe-walk-through-metal-detector,ru,/en/products/fc-c-deluxe-walk-through-metal-detector,product_detail,normal,weak,45,Арочный металлодетектор FC-C Делюкс,5,Арочный металлодетектор FC-C Делюкс | security screening equipment | X-ray baggage scanner | walk-through metal detector | N-TET,true,true,false,false,false,0.000,未对上广告关键词库,否,,,,,,,,检查是否需要从关键词库补长尾词；低商业价值页可不强制广告词映射,H1 未命中关键词; H2 未命中关键词; 正文未命中精确关键词短语,Арочный металлодетектор FC-C (Делюкс) | N-TET,"N-TET Арочный металлодетектор FC-C (Делюкс) for industrial operators, combining Арочный металлодетектор FC-C Делюкс, security screening equipment, X-ray baggage scanner workflows with field-ready deployment and support.",.next/server/app/ru/products/fc-c-deluxe-walk-through-metal-detector.html
/ru/products/fc-c-lcd-walk-through-metal-detector,ru,/en/products/fc-c-lcd-walk-through-metal-detector,product_detail,normal,strong,85,Арочный металлодетектор FC-C ЖК-экран,6,Арочный металлодетектор FC-C ЖК-экран | 12 зон | security screening equipment | X-ray baggage scanner | walk-through metal detector | N-TET,true,true,true,false,true,0.262,未对上广告关键词库,否,,,,,,,,检查是否需要从关键词库补长尾词；低商业价值页可不强制广告词映射,H2 未命中关键词,"Арочный металлодетектор FC-C (ЖК-экран, 12 зон) | N-TET","N-TET Арочный металлодетектор FC-C (ЖК-экран, 12 зон) for industrial operators, combining Арочный металлодетектор FC-C ЖК-экран, 12 зон, security screening equipment, X-ray baggage scanner workflows with field-ready deployment and support.",.next/server/app/ru/products/fc-c-lcd-walk-through-metal-detector.html
/ru/products/fc-dlxj-01-power-grid-inspection-drone,ru,/en/products/fc-dlxj-01-power-grid-inspection-drone,product_detail,normal,weak,30,drone power line inspection,8,drone power line inspection | power line inspection drone | UAV power line inspection | utility inspection drone | БПЛА для инспекции электросетей FC-DLXJ-01 VTOL | industrial UAV systems | UAV inspection drone | emergency response UAV,false,true,false,false,false,0.000,命中关键词库但未规划,是,Power Line & Transmission Tower Inspection UAV | Utility Inspection UAV,4938 | 234,Power Line & Utility Inspection,drone power line inspection | power line inspection drone | UAV power line inspection | utility inspection drone,cleaned_master | ads_upload_detail,,,补入关键词规划表，明确主落地页和辅助词,title 未命中关键词; H1 未命中关键词; H2 未命中关键词; 正文未命中精确关键词短语,БПЛА для инспекции электросетей FC-DLXJ-01 (VTOL) | N-TET,"N-TET БПЛА для инспекции электросетей FC-DLXJ-01 (VTOL) for industrial operators, combining drone power line inspection, power line inspection drone, UAV power line inspection workflows with field-ready deployment and support.",.next/server/app/ru/products/fc-dlxj-01-power-grid-inspection-drone.html
/ru/products/fc-dma-long-range-optical-turntable,ru,/en/products/fc-dma-long-range-optical-turntable,product_detail,normal,strong,85,Мультиспектральная оптико-электронная поворотная платформа FC-DMA,5,Мультиспектральная оптико-электронная поворотная платформа FC-DMA | perimeter intelligence | electro optical surveillance | radar vision fusion system | N-TET,true,true,true,false,true,0.182,未对上广告关键词库,否,,,,,,,,检查是否需要从关键词库补长尾词；低商业价值页可不强制广告词映射,H2 未命中关键词,Мультиспектральная оптико-электронная поворотная платформа FC-DMA | N-TET,"N-TET Мультиспектральная оптико-электронная поворотная платформа FC-DMA for industrial operators, combining Мультиспектральная оптико-электронная поворотная платформа FC-DMA, perimeter intelligence, electro optical surveillance workflows wi",.next/server/app/ru/products/fc-dma-long-range-optical-turntable.html
/ru/products/fc-dms10-smart-electronic-sentinel,ru,/en/products/fc-dms10-smart-electronic-sentinel,product_detail,normal,strong,85,Интеллектуальный электронный часовой серии FC-DMS10,5,Интеллектуальный электронный часовой серии FC-DMS10 | perimeter intelligence | electro optical surveillance | radar vision fusion system | N-TET,true,true,true,false,true,0.342,未对上广告关键词库,否,,,,,,,,检查是否需要从关键词库补长尾词；低商业价值页可不强制广告词映射,H2 未命中关键词,Интеллектуальный электронный часовой серии FC-DMS10 | N-TET,"N-TET Интеллектуальный электронный часовой серии FC-DMS10 for industrial operators, combining Интеллектуальный электронный часовой серии FC-DMS10, perimeter intelligence, electro optical surveillance workflows with field-ready deployment an",.next/server/app/ru/products/fc-dms10-smart-electronic-sentinel.html
/ru/products/fc-dtvc-dual-band-thermal-ptz,ru,/en/products/fc-dtvc-dual-band-thermal-ptz,product_detail,normal,strong,85,Двухспектральная тепловизионная скоростная купольная камера FC-DTVC,5,Двухспектральная тепловизионная скоростная купольная камера FC-DTVC | perimeter intelligence | electro optical surveillance | radar vision fusion system | N-TET,true,true,true,false,true,0.207,未对上广告关键词库,否,,,,,,,,检查是否需要从关键词库补长尾词；低商业价值页可不强制广告词映射,H2 未命中关键词,Двухспектральная тепловизионная скоростная купольная камера FC-DTVC | N-TET,"N-TET Двухспектральная тепловизионная скоростная купольная камера FC-DTVC for industrial operators, combining Двухспектральная тепловизионная скоростная купольная камера FC-DTVC, perimeter intelligence, electro optical surveillance workflow",.next/server/app/ru/products/fc-dtvc-dual-band-thermal-ptz.html
/ru/products/fc-h-smart-phone-detection-gate,ru,/en/products/fc-h-smart-phone-detection-gate,product_detail,normal,strong,85,Интеллектуальная рамка обнаружения смартфонов FC-H,5,Интеллектуальная рамка обнаружения смартфонов FC-H | security screening equipment | X-ray baggage scanner | walk-through metal detector | N-TET,true,true,true,false,true,0.293,未对上广告关键词库,否,,,,,,,,检查是否需要从关键词库补长尾词；低商业价值页可不强制广告词映射,H2 未命中关键词,Интеллектуальная рамка обнаружения смартфонов FC-H | N-TET,"N-TET Интеллектуальная рамка обнаружения смартфонов FC-H for industrial operators, combining Интеллектуальная рамка обнаружения смартфонов FC-H, security screening equipment, X-ray baggage scanner workflows with field-ready deployment and s",.next/server/app/ru/products/fc-h-smart-phone-detection-gate.html
/ru/products/fc-h-smart-phone-detection-gate-29in,ru,/en/products/fc-h-smart-phone-detection-gate-29in,product_detail,normal,weak,45,Интеллектуальная рамка для обнаружения мобильных телефонов FC-H 29 дюймов,5,Интеллектуальная рамка для обнаружения мобильных телефонов FC-H 29 дюймов | security screening equipment | X-ray baggage scanner | walk-through metal detector | N-TET,true,true,false,false,false,0.000,未对上广告关键词库,否,,,,,,,,检查是否需要从关键词库补长尾词；低商业价值页可不强制广告词映射,H1 未命中关键词; H2 未命中关键词; 正文未命中精确关键词短语,Интеллектуальная рамка для обнаружения мобильных телефонов FC-H (29 дюймов) | N-TET,"N-TET Интеллектуальная рамка для обнаружения мобильных телефонов FC-H (29 дюймов) for industrial operators, combining Интеллектуальная рамка для обнаружения мобильных телефонов FC-H 29 дюймов, security screening equipment, X-ray baggage sca",.next/server/app/ru/products/fc-h-smart-phone-detection-gate-29in.html
/ru/products/fc-pd500-personal-radiation-dose-alarm,ru,/en/products/fc-pd500-personal-radiation-dose-alarm,product_detail,normal,strong,85,Индивидуальный сигнализатор дозы X-γ излучения FC-PD500,5,Индивидуальный сигнализатор дозы X-γ излучения FC-PD500 | security screening equipment | X-ray baggage scanner | walk-through metal detector | N-TET,true,true,true,false,true,0.247,未对上广告关键词库,否,,,,,,,,检查是否需要从关键词库补长尾词；低商业价值页可不强制广告词映射,H2 未命中关键词,Индивидуальный сигнализатор дозы X-γ излучения FC-PD500 | N-TET,"N-TET Индивидуальный сигнализатор дозы X-γ излучения FC-PD500 for industrial operators, combining Индивидуальный сигнализатор дозы X-γ излучения FC-PD500, security screening equipment, X-ray baggage scanner workflows with field-ready deploy",.next/server/app/ru/products/fc-pd500-personal-radiation-dose-alarm.html
/ru/products/fc-rc-series-hd-laser-camera,ru,/en/products/fc-rc-series-hd-laser-camera,product_detail,normal,strong,85,Лазерная HD-камера дальнего действия серии FC-RC,5,Лазерная HD-камера дальнего действия серии FC-RC | perimeter intelligence | electro optical surveillance | radar vision fusion system | N-TET,true,true,true,false,true,0.206,未对上广告关键词库,否,,,,,,,,检查是否需要从关键词库补长尾词；低商业价值页可不强制广告词映射,H2 未命中关键词,Лазерная HD-камера дальнего действия серии FC-RC | N-TET,"N-TET Лазерная HD-камера дальнего действия серии FC-RC for industrial operators, combining Лазерная HD-камера дальнего действия серии FC-RC, perimeter intelligence, electro optical surveillance workflows with field-ready deployment and supp",.next/server/app/ru/products/fc-rc-series-hd-laser-camera.html
/ru/products/fc-rds500-4r-radar-vision-sentinel,ru,/en/products/fc-rds500-4r-radar-vision-sentinel,product_detail,normal,strong,85,Интеллектуальная система Radar-Vision Fusion FC-RDS500-4R,5,Интеллектуальная система Radar-Vision Fusion FC-RDS500-4R | perimeter intelligence | electro optical surveillance | radar vision fusion system | N-TET,true,true,true,false,true,0.200,未对上广告关键词库,否,,,,,,,,检查是否需要从关键词库补长尾词；低商业价值页可不强制广告词映射,H2 未命中关键词,Интеллектуальная система Radar-Vision Fusion FC-RDS500-4R | N-TET,"N-TET Интеллектуальная система Radar-Vision Fusion FC-RDS500-4R for industrial operators, combining Интеллектуальная система Radar-Vision Fusion FC-RDS500-4R, perimeter intelligence, electro optical surveillance workflows with field-ready d",.next/server/app/ru/products/fc-rds500-4r-radar-vision-sentinel.html
/ru/products/fc-sljc-01-water-conservancy-monitoring-drone,ru,/en/products/fc-sljc-01-water-conservancy-monitoring-drone,product_detail,normal,strong,85,water conservancy monitoring UAV,8,water conservancy monitoring UAV | dam inspection UAV | river lake UAV monitoring | flood monitoring drone | БПЛА для мониторинга водного хозяйства | industrial UAV systems | UAV inspection drone | emergency response UAV,true,true,true,false,true,0.559,命中关键词库但未规划,是,Water Conservancy Monitoring UAV,7938,Water Conservancy & River-Lake Monitoring,water conservancy monitoring UAV | dam inspection UAV | flood monitoring drone,ads_cluster_name | ads_upload_detail | cleaned_master,,,补入关键词规划表，明确主落地页和辅助词,H2 未命中关键词,БПЛА для мониторинга водного хозяйства | N-TET,"N-TET БПЛА для мониторинга водного хозяйства for industrial operators, combining water conservancy monitoring UAV, dam inspection UAV, river lake UAV monitoring workflows with field-ready deployment and support.",.next/server/app/ru/products/fc-sljc-01-water-conservancy-monitoring-drone.html
/ru/products/fc-smart-swing-turnstile,ru,/en/products/fc-smart-swing-turnstile,product_detail,normal,strong,85,Интеллектуальный турникет-калитку класса люкс,5,Интеллектуальный турникет-калитку класса люкс | security screening equipment | X-ray baggage scanner | walk-through metal detector | N-TET,true,true,true,false,true,0.254,未对上广告关键词库,否,,,,,,,,检查是否需要从关键词库补长尾词；低商业价值页可不强制广告词映射,H2 未命中关键词,Интеллектуальный турникет-калитку класса люкс | N-TET,"N-TET Интеллектуальный турникет-калитку класса люкс for industrial operators, combining Интеллектуальный турникет-калитку класса люкс, security screening equipment, X-ray baggage scanner workflows with field-ready deployment and support.",.next/server/app/ru/products/fc-smart-swing-turnstile.html
/ru/products/fc-ttvc-intelligent-multi-band-camera,ru,/en/products/fc-ttvc-intelligent-multi-band-camera,product_detail,normal,strong,85,Интеллектуальная мультиспектральная камера серии FC-TTVC,5,Интеллектуальная мультиспектральная камера серии FC-TTVC | perimeter intelligence | electro optical surveillance | radar vision fusion system | N-TET,true,true,true,false,true,0.215,未对上广告关键词库,否,,,,,,,,检查是否需要从关键词库补长尾词；低商业价值页可不强制广告词映射,H2 未命中关键词,Интеллектуальная мультиспектральная камера серии FC-TTVC | N-TET,"N-TET Интеллектуальная мультиспектральная камера серии FC-TTVC for industrial operators, combining Интеллектуальная мультиспектральная камера серии FC-TTVC, perimeter intelligence, electro optical surveillance workflows with field-ready dep",.next/server/app/ru/products/fc-ttvc-intelligent-multi-band-camera.html
/ru/products/fc-yjtx-01-emergency-communication-drone,ru,/en/products/fc-yjtx-01-emergency-communication-drone,product_detail,normal,strong,85,emergency communication UAV,8,emergency communication UAV | disaster response communication drone | tethered communication UAV | public safety UAV communications | Привязной БПЛА для аварийной связи | industrial UAV systems | UAV inspection drone | emergency response UAV,true,true,true,false,true,0.176,命中关键词库但未规划,是,Emergency Communication UAV,4006,,emergency communication UAV | disaster response communication drone,ads_cluster_name | ads_upload_detail,,,补入关键词规划表，明确主落地页和辅助词,H2 未命中关键词,Привязной БПЛА для аварийной связи | N-TET,"N-TET Привязной БПЛА для аварийной связи for industrial operators, combining emergency communication UAV, disaster response communication drone, tethered communication UAV workflows with field-ready deployment and support.",.next/server/app/ru/products/fc-yjtx-01-emergency-communication-drone.html
/ru/products/fc-yjxf-01-aerial-firefighting-drone,ru,/en/products/fc-yjxf-01-aerial-firefighting-drone,product_detail,normal,strong,85,firefighting drone,8,firefighting drone | drone fire fighting | drone for fire fighting | high-rise firefighting UAV | Привязной БПЛА для тушения высотных пожаров | industrial UAV systems | UAV inspection drone | emergency response UAV,true,true,true,false,true,0.138,命中关键词库但未规划,是,Firefighting UAV | High-Rise Firefighting UAV,894 | 1166,Emergency Rescue & Disaster Response,firefighting drone | drone fire fighting | drone for fire fighting | high-rise firefighting UAV,ads_upload_detail | cleaned_master | ads_cluster_name,,,补入关键词规划表，明确主落地页和辅助词,H2 未命中关键词,Привязной БПЛА для тушения высотных пожаров | N-TET,"N-TET Привязной БПЛА для тушения высотных пожаров for industrial operators, combining firefighting drone, drone fire fighting, drone for fire fighting workflows with field-ready deployment and support.",.next/server/app/ru/products/fc-yjxf-01-aerial-firefighting-drone.html
/ru/products/fc-yjzc-01-emergency-reconnaissance-drone,ru,/en/products/fc-yjzc-01-emergency-reconnaissance-drone,product_detail,normal,strong,85,search and rescue drone,8,search and rescue drone | drone rescue | emergency reconnaissance drone | disaster response UAV | БПЛА для экстренного реагирования и разведки FC-YJZC-01 | industrial UAV systems | UAV inspection drone | emergency response UAV,true,true,true,false,true,0.281,命中关键词库但未规划,是,Search & Rescue UAV,7038,Emergency Rescue & Disaster Response,search and rescue drone | drone rescue | disaster response UAV,ads_upload_detail | cleaned_master,,,补入关键词规划表，明确主落地页和辅助词,H2 未命中关键词,БПЛА для экстренного реагирования и разведки FC-YJZC-01 | N-TET,"N-TET БПЛА для экстренного реагирования и разведки FC-YJZC-01 for industrial operators, combining search and rescue drone, drone rescue, emergency reconnaissance drone workflows with field-ready deployment and support.",.next/server/app/ru/products/fc-yjzc-01-emergency-reconnaissance-drone.html
/ru/products/fc-yjzm-01-emergency-lighting-drone,ru,/en/products/fc-yjzm-01-emergency-lighting-drone,product_detail,normal,strong,85,drone lighting,8,drone lighting | UAV lighting | tethered lighting UAV | emergency lighting drone | Привязной БПЛА для освещения | industrial UAV systems | UAV inspection drone | emergency response UAV,true,true,true,false,true,0.162,命中关键词库但未规划,是,Tethered Lighting UAV,1860,Emergency Rescue & Disaster Response,drone lighting | UAV lighting | tethered lighting UAV,ads_upload_detail | cleaned_master | ads_cluster_name,,,补入关键词规划表，明确主落地页和辅助词,H2 未命中关键词,Привязной БПЛА для освещения | N-TET,"N-TET Привязной БПЛА для освещения for industrial operators, combining drone lighting, UAV lighting, tethered lighting UAV workflows with field-ready deployment and support.",.next/server/app/ru/products/fc-yjzm-01-emergency-lighting-drone.html
/ru/products/fc-yqxj-01-utility-inspection-drone,ru,/en/products/fc-yqxj-01-utility-inspection-drone,product_detail,normal,weak,30,pipeline inspection drones,8,pipeline inspection drones | UAV pipeline inspection | oil and gas drone inspection | drone pipeline inspection | БПЛА для инспекции нефтегазопроводов FC-YQXJ-01 VTOL | industrial UAV systems | UAV inspection drone | emergency response UAV,false,true,false,false,false,0.000,继承英文页面映射,是,Utility Inspection UAV | Pipeline Inspection UAV,234 | 1388,General Drone/UAV Broad | Infrastructure Protection,pipeline inspection drones | UAV pipeline inspection | oil and gas drone inspection | drone pipeline inspection,ads_upload_detail | cleaned_master,P2,产品详情页,按规划主词优化 title、description、H1、H2、首段和正文小节,title 未命中关键词; H1 未命中关键词; H2 未命中关键词; 正文未命中精确关键词短语,БПЛА для инспекции нефтегазопроводов FC-YQXJ-01 (VTOL) | N-TET,"N-TET БПЛА для инспекции нефтегазопроводов FC-YQXJ-01 (VTOL) for industrial operators, combining pipeline inspection drones, UAV pipeline inspection, oil and gas drone inspection workflows with field-ready deployment and support.",.next/server/app/ru/products/fc-yqxj-01-utility-inspection-drone.html
/ru/products/fc1500-handheld-liquid-detector,ru,/en/products/fc1500-handheld-liquid-detector,product_detail,normal,strong,85,Портативный детектор опасных жидкостей FC1500,5,Портативный детектор опасных жидкостей FC1500 | security screening equipment | X-ray baggage scanner | walk-through metal detector | N-TET,true,true,true,false,true,0.266,未对上广告关键词库,否,,,,,,,,检查是否需要从关键词库补长尾词；低商业价值页可不强制广告词映射,H2 未命中关键词,Портативный детектор опасных жидкостей FC1500 | N-TET,"N-TET Портативный детектор опасных жидкостей FC1500 for industrial operators, combining Портативный детектор опасных жидкостей FC1500, security screening equipment, X-ray baggage scanner workflows with field-ready deployment and support.",.next/server/app/ru/products/fc1500-handheld-liquid-detector.html
/ru/products/fc1500b-desktop-liquid-security-inspector,ru,/en/products/fc1500b-desktop-liquid-security-inspector,product_detail,normal,strong,85,Настольный детектор опасных жидкостей FC1500B,5,Настольный детектор опасных жидкостей FC1500B | security screening equipment | X-ray baggage scanner | walk-through metal detector | N-TET,true,true,true,false,true,0.264,未对上广告关键词库,否,,,,,,,,检查是否需要从关键词库补长尾词；低商业价值页可不强制广告词映射,H2 未命中关键词,Настольный детектор опасных жидкостей FC1500B | N-TET,"N-TET Настольный детектор опасных жидкостей FC1500B for industrial operators, combining Настольный детектор опасных жидкостей FC1500B, security screening equipment, X-ray baggage scanner workflows with field-ready deployment and support.",.next/server/app/ru/products/fc1500b-desktop-liquid-security-inspector.html
/ru/products/fc1800b-portable-explosives-and-narcotics-detector,ru,/en/products/fc1800b-portable-explosives-and-narcotics-detector,product_detail,normal,strong,85,Портативный детектор следов взрывчатых веществ и наркотиков FC1800B,5,Портативный детектор следов взрывчатых веществ и наркотиков FC1800B | security screening equipment | X-ray baggage scanner | walk-through metal detector | N-TET,true,true,true,false,true,0.271,未对上广告关键词库,否,,,,,,,,检查是否需要从关键词库补长尾词；低商业价值页可不强制广告词映射,H2 未命中关键词,Портативный детектор следов взрывчатых веществ и наркотиков FC1800B | N-TET,"N-TET Портативный детектор следов взрывчатых веществ и наркотиков FC1800B for industrial operators, combining Портативный детектор следов взрывчатых веществ и наркотиков FC1800B, security screening equipment, X-ray baggage scanner workflows",.next/server/app/ru/products/fc1800b-portable-explosives-and-narcotics-detector.html
/ru/products/fc1800t-desktop-explosives-narcotics-detector,ru,/en/products/fc1800t-desktop-explosives-narcotics-detector,product_detail,normal,strong,85,Настольный детектор следов взрывчатых веществ и наркотиков FC1800T,5,Настольный детектор следов взрывчатых веществ и наркотиков FC1800T | security screening equipment | X-ray baggage scanner | walk-through metal detector | N-TET,true,true,true,false,true,0.269,未对上广告关键词库,否,,,,,,,,检查是否需要从关键词库补长尾词；低商业价值页可不强制广告词映射,H2 未命中关键词,Настольный детектор следов взрывчатых веществ и наркотиков FC1800T | N-TET,"N-TET Настольный детектор следов взрывчатых веществ и наркотиков FC1800T for industrial operators, combining Настольный детектор следов взрывчатых веществ и наркотиков FC1800T, security screening equipment, X-ray baggage scanner workflows w",.next/server/app/ru/products/fc1800t-desktop-explosives-narcotics-detector.html
/ru/products/fc2088-handheld-metal-detector,ru,/en/products/fc2088-handheld-metal-detector,product_detail,normal,strong,85,Ручной металлодетектор FC2088,5,Ручной металлодетектор FC2088 | security screening equipment | X-ray baggage scanner | walk-through metal detector | N-TET,true,true,true,false,true,0.278,未对上广告关键词库,否,,,,,,,,检查是否需要从关键词库补长尾词；低商业价值页可不强制广告词映射,H2 未命中关键词,Ручной металлодетектор FC2088 | N-TET,"N-TET Ручной металлодетектор FC2088 for industrial operators, combining Ручной металлодетектор FC2088, security screening equipment, X-ray baggage scanner workflows with field-ready deployment and support.",.next/server/app/ru/products/fc2088-handheld-metal-detector.html
/ru/products/fc4028-neutron-ambient-dose-rate-meter,ru,/en/products/fc4028-neutron-ambient-dose-rate-meter,product_detail,normal,strong,85,Измеритель мощности амбиентного эквивалента дозы нейтронного излучения FC4028,5,Измеритель мощности амбиентного эквивалента дозы нейтронного излучения FC4028 | security screening equipment | X-ray baggage scanner | walk-through metal detector | N-TET,true,true,true,false,true,0.203,未对上广告关键词库,否,,,,,,,,检查是否需要从关键词库补长尾词；低商业价值页可不强制广告词映射,H2 未命中关键词,Измеритель мощности амбиентного эквивалента дозы нейтронного излучения FC4028 | N-TET,"N-TET Измеритель мощности амбиентного эквивалента дозы нейтронного излучения FC4028 for industrial operators, combining Измеритель мощности амбиентного эквивалента дозы нейтронного излучения FC4028, security screening equipment, X-ray bagga",.next/server/app/ru/products/fc4028-neutron-ambient-dose-rate-meter.html
/ru/products/fc5030-compact-x-ray-baggage-scanner,ru,/en/products/fc5030-compact-x-ray-baggage-scanner,product_detail,normal,strong,85,Малогабаритный рентгенотелевизионный интроскоп FC5030,5,Малогабаритный рентгенотелевизионный интроскоп FC5030 | security screening equipment | X-ray baggage scanner | walk-through metal detector | N-TET,true,true,true,false,true,0.261,未对上广告关键词库,否,,,,,,,,检查是否需要从关键词库补长尾词；低商业价值页可不强制广告词映射,H2 未命中关键词,Малогабаритный рентгенотелевизионный интроскоп FC5030 | N-TET,"N-TET Малогабаритный рентгенотелевизионный интроскоп FC5030 for industrial operators, combining Малогабаритный рентгенотелевизионный интроскоп FC5030, security screening equipment, X-ray baggage scanner workflows with field-ready deployment",.next/server/app/ru/products/fc5030-compact-x-ray-baggage-scanner.html
/ru/products/fc6550-standard-x-ray-baggage-scanner,ru,/en/products/fc6550-standard-x-ray-baggage-scanner,product_detail,normal,weak,45,Рентгенотелевизионная установка FC6550 Стандартная,5,Рентгенотелевизионная установка FC6550 Стандартная | security screening equipment | X-ray baggage scanner | walk-through metal detector | N-TET,true,true,false,false,false,0.000,未对上广告关键词库,否,,,,,,,,检查是否需要从关键词库补长尾词；低商业价值页可不强制广告词映射,H1 未命中关键词; H2 未命中关键词; 正文未命中精确关键词短语,Рентгенотелевизионная установка FC6550 (Стандартная) | N-TET,"N-TET Рентгенотелевизионная установка FC6550 (Стандартная) for industrial operators, combining Рентгенотелевизионная установка FC6550 Стандартная, security screening equipment, X-ray baggage scanner workflows with field-ready deployment and",.next/server/app/ru/products/fc6550-standard-x-ray-baggage-scanner.html
/ru/products/fc6550d-dual-view-baggage-scanner,ru,/en/products/fc6550d-dual-view-baggage-scanner,product_detail,normal,strong,85,Двухпроекционный рентгеновский интроскоп FC6550D,5,Двухпроекционный рентгеновский интроскоп FC6550D | security screening equipment | X-ray baggage scanner | walk-through metal detector | N-TET,true,true,true,false,true,0.257,未对上广告关键词库,否,,,,,,,,检查是否需要从关键词库补长尾词；低商业价值页可不强制广告词映射,H2 未命中关键词,Двухпроекционный рентгеновский интроскоп FC6550D | N-TET,"N-TET Двухпроекционный рентгеновский интроскоп FC6550D for industrial operators, combining Двухпроекционный рентгеновский интроскоп FC6550D, security screening equipment, X-ray baggage scanner workflows with field-ready deployment and suppo",.next/server/app/ru/products/fc6550d-dual-view-baggage-scanner.html
/ru/products/fc902-personal-radiation-dose-alarm,ru,/en/products/fc902-personal-radiation-dose-alarm,product_detail,normal,strong,85,Индивидуальный сигнализатор дозы рентгеновского и гамма-излучения FC902,5,Индивидуальный сигнализатор дозы рентгеновского и гамма-излучения FC902 | security screening equipment | X-ray baggage scanner | walk-through metal detector | N-TET,true,true,true,false,true,0.246,未对上广告关键词库,否,,,,,,,,检查是否需要从关键词库补长尾词；低商业价值页可不强制广告词映射,H2 未命中关键词,Индивидуальный сигнализатор дозы рентгеновского и гамма-излучения FC902 | N-TET,"N-TET Индивидуальный сигнализатор дозы рентгеновского и гамма-излучения FC902 for industrial operators, combining Индивидуальный сигнализатор дозы рентгеновского и гамма-излучения FC902, security screening equipment, X-ray baggage scanner w",.next/server/app/ru/products/fc902-personal-radiation-dose-alarm.html
/ru/products/handheld-rf-detection-system-mini,ru,/en/products/handheld-rf-detection-system-mini,product_detail,normal,strong,85,Малогабаритный переносной радиочастотный обнаружитель БПЛА,5,Малогабаритный переносной радиочастотный обнаружитель БПЛА | low altitude monitoring equipment | drone detection equipment | airspace monitoring system | N-TET,true,true,true,false,true,0.266,命中关键词库但未规划,是,,,Drone Detection & Airspace Monitoring,drone detection equipment,cleaned_master,,,补入关键词规划表，明确主落地页和辅助词,H2 未命中关键词,Малогабаритный переносной радиочастотный обнаружитель БПЛА | N-TET,"N-TET Малогабаритный переносной радиочастотный обнаружитель БПЛА for industrial operators, combining Малогабаритный переносной радиочастотный обнаружитель БПЛА, low altitude monitoring equipment, drone detection equipment workflows with fie",.next/server/app/ru/products/handheld-rf-detection-system-mini.html
/ru/products/intelligent-mobile-cabin-hospital,ru,/en/products/intelligent-mobile-cabin-hospital,product_detail,normal,strong,85,Интеллектуальный мобильный многофункциональный госпиталь,5,Интеллектуальный мобильный многофункциональный госпиталь | field hospital system | containerized medical rescue system | emergency medical shelter | N-TET,true,true,true,false,true,0.304,未对上广告关键词库,否,,,,,,,,检查是否需要从关键词库补长尾词；低商业价值页可不强制广告词映射,H2 未命中关键词,Интеллектуальный мобильный многофункциональный госпиталь | N-TET,"N-TET Интеллектуальный мобильный многофункциональный госпиталь for industrial operators, combining Интеллектуальный мобильный многофункциональный госпиталь, field hospital system, containerized medical rescue system workflows with field-rea",.next/server/app/ru/products/intelligent-mobile-cabin-hospital.html
/ru/products/low-altitude-3d-pulse-doppler-radar,ru,/en/products/low-altitude-3d-pulse-doppler-radar,product_detail,normal,weak,45,Радар обнаружения маловысотных целей X-диапазон,5,Радар обнаружения маловысотных целей X-диапазон | low altitude monitoring equipment | drone detection equipment | airspace monitoring system | N-TET,true,true,false,false,false,0.000,命中关键词库但未规划,是,,,Drone Detection & Airspace Monitoring,drone detection equipment,cleaned_master,,,补入关键词规划表，明确主落地页和辅助词,H1 未命中关键词; H2 未命中关键词; 正文未命中精确关键词短语,Радар обнаружения маловысотных целей (X-диапазон) | N-TET,"N-TET Радар обнаружения маловысотных целей (X-диапазон) for industrial operators, combining Радар обнаружения маловысотных целей X-диапазон, low altitude monitoring equipment, drone detection equipment workflows with field-ready deployment",.next/server/app/ru/products/low-altitude-3d-pulse-doppler-radar.html
/ru/products/low-altitude-detection-radar-ku-band,ru,/en/products/low-altitude-detection-radar-ku-band,product_detail,neutral_seo,weak,45,РЛС обнаружения маловысотных целей Ku-диапазон,5,РЛС обнаружения маловысотных целей Ku-диапазон | low altitude monitoring equipment | drone detection equipment | airspace monitoring system | N-TET,true,true,false,false,false,0.000,命中关键词库但未规划,是,,,Drone Detection & Airspace Monitoring,drone detection equipment,cleaned_master,,,补入关键词规划表，明确主落地页和辅助词,H1 未命中关键词; H2 未命中关键词; 正文未命中精确关键词短语,РЛС обнаружения маловысотных целей (Ku-диапазон) | N-TET,"N-TET РЛС обнаружения маловысотных целей (Ku-диапазон) for industrial operators, combining РЛС обнаружения маловысотных целей Ku-диапазон, low altitude monitoring equipment, drone detection equipment workflows with field-ready deployment an",.next/server/app/ru/products/low-altitude-detection-radar-ku-band.html
/ru/products/multi-rotor-20kg-payload-uav,ru,/en/products/multi-rotor-20kg-payload-uav,product_detail,normal,strong,85,Мультироторный БПЛА с нагрузкой 20 kg,5,Мультироторный БПЛА с нагрузкой 20 kg | industrial UAV systems | UAV inspection drone | emergency response UAV | N-TET,true,true,true,false,true,0.309,未对上广告关键词库,否,,,,,,,,检查是否需要从关键词库补长尾词；低商业价值页可不强制广告词映射,H2 未命中关键词,Мультироторный БПЛА с нагрузкой 20 kg | N-TET,"N-TET Мультироторный БПЛА с нагрузкой 20 kg for industrial operators, combining Мультироторный БПЛА с нагрузкой 20 kg, industrial UAV systems, UAV inspection drone workflows with field-ready deployment and support.",.next/server/app/ru/products/multi-rotor-20kg-payload-uav.html
/ru/products/multi-rotor-3kg-payload-uav,ru,/en/products/multi-rotor-3kg-payload-uav,product_detail,normal,strong,85,Мультироторный БПЛА с нагрузкой 3 kg,5,Мультироторный БПЛА с нагрузкой 3 kg | industrial UAV systems | UAV inspection drone | emergency response UAV | N-TET,true,true,true,false,true,0.266,未对上广告关键词库,否,,,,,,,,检查是否需要从关键词库补长尾词；低商业价值页可不强制广告词映射,H2 未命中关键词,Мультироторный БПЛА с нагрузкой 3 kg | N-TET,"N-TET Мультироторный БПЛА с нагрузкой 3 kg for industrial operators, combining Мультироторный БПЛА с нагрузкой 3 kg, industrial UAV systems, UAV inspection drone workflows with field-ready deployment and support.",.next/server/app/ru/products/multi-rotor-3kg-payload-uav.html
/ru/products/multi-rotor-50kg-payload-uav,ru,/en/products/multi-rotor-50kg-payload-uav,product_detail,normal,strong,85,Мультироторный БПЛА с нагрузкой 50 kg,5,Мультироторный БПЛА с нагрузкой 50 kg | industrial UAV systems | UAV inspection drone | emergency response UAV | N-TET,true,true,true,false,true,0.291,未对上广告关键词库,否,,,,,,,,检查是否需要从关键词库补长尾词；低商业价值页可不强制广告词映射,H2 未命中关键词,Мультироторный БПЛА с нагрузкой 50 kg | N-TET,"N-TET Мультироторный БПЛА с нагрузкой 50 kg for industrial operators, combining Мультироторный БПЛА с нагрузкой 50 kg, industrial UAV systems, UAV inspection drone workflows with field-ready deployment and support.",.next/server/app/ru/products/multi-rotor-50kg-payload-uav.html
/ru/products/multi-rotor-8kg-payload-uav,ru,/en/products/multi-rotor-8kg-payload-uav,product_detail,normal,strong,85,Мультироторный БПЛА с нагрузкой 8 kg,5,Мультироторный БПЛА с нагрузкой 8 kg | industrial UAV systems | UAV inspection drone | emergency response UAV | N-TET,true,true,true,false,true,0.312,未对上广告关键词库,否,,,,,,,,检查是否需要从关键词库补长尾词；低商业价值页可不强制广告词映射,H2 未命中关键词,Мультироторный БПЛА с нагрузкой 8 kg | N-TET,"N-TET Мультироторный БПЛА с нагрузкой 8 kg for industrial operators, combining Мультироторный БПЛА с нагрузкой 8 kg, industrial UAV systems, UAV inspection drone workflows with field-ready deployment and support.",.next/server/app/ru/products/multi-rotor-8kg-payload-uav.html
/ru/products/portable-rf-detection-case,ru,/en/products/portable-rf-detection-case,product_detail,neutral_seo,weak,45,Переносная кейс система радиочастотного обнаружения БПЛА,5,Переносная кейс система радиочастотного обнаружения БПЛА | low altitude monitoring equipment | drone detection equipment | airspace monitoring system | N-TET,true,true,false,false,false,0.000,命中关键词库但未规划,是,,,Drone Detection & Airspace Monitoring,drone detection equipment,cleaned_master,,,补入关键词规划表，明确主落地页和辅助词,H1 未命中关键词; H2 未命中关键词; 正文未命中精确关键词短语,Переносная (кейс) система радиочастотного обнаружения БПЛА | N-TET,"N-TET Переносная (кейс) система радиочастотного обнаружения БПЛА for industrial operators, combining Переносная кейс система радиочастотного обнаружения БПЛА, low altitude monitoring equipment, drone detection equipment workflows with field",.next/server/app/ru/products/portable-rf-detection-case.html
/ru/products/power-tower-inspection-drone,ru,/en/products/power-tower-inspection-drone,product_detail,normal,strong,85,drone power line inspection,8,drone power line inspection | power line inspection drone | drones for utility inspection | transmission tower inspection UAV | БПЛА для инспекции опор ЛЭП | industrial UAV systems | UAV inspection drone | emergency response UAV,true,true,true,false,true,0.522,命中关键词库但未规划,是,Power Line & Transmission Tower Inspection UAV | Utility Inspection UAV,4938 | 234,Power Line & Utility Inspection,drone power line inspection | power line inspection drone | drones for utility inspection | transmission tower inspection UAV,cleaned_master | ads_upload_detail,,,补入关键词规划表，明确主落地页和辅助词,H2 未命中关键词,БПЛА для инспекции опор ЛЭП | N-TET,"N-TET БПЛА для инспекции опор ЛЭП for industrial operators, combining drone power line inspection, power line inspection drone, drones for utility inspection workflows with field-ready deployment and support.",.next/server/app/ru/products/power-tower-inspection-drone.html
/ru/products/smart-substation-autonomous-inspection-system,ru,/en/products/smart-substation-autonomous-inspection-system,product_detail,normal,strong,85,smart substation autonomous inspection,8,smart substation autonomous inspection | substation inspection drone | power utility UAV inspection | autonomous UAV inspection | Автономная система инспекции умной подстанции с БПЛА | industrial UAV systems | UAV inspection drone | emergency response UAV,true,true,true,false,true,0.403,命中关键词库但未规划,是,Smart Substation Autonomous Inspection,5200,,smart substation autonomous inspection | substation inspection drone,ads_cluster_name | ads_upload_detail,,,补入关键词规划表，明确主落地页和辅助词,H2 未命中关键词,Автономная система инспекции умной подстанции с БПЛА | N-TET,"N-TET Автономная система инспекции умной подстанции с БПЛА for industrial operators, combining smart substation autonomous inspection, substation inspection drone, power utility UAV inspection workflows with field-ready deployment and suppo",.next/server/app/ru/products/smart-substation-autonomous-inspection-system.html
/ru/products/stationary-rf-detection-system,ru,/en/products/stationary-rf-detection-system,product_detail,neutral_seo,strong,85,Стационарная система радиочастотного обнаружения БПЛА,5,Стационарная система радиочастотного обнаружения БПЛА | low altitude monitoring equipment | drone detection equipment | airspace monitoring system | N-TET,true,true,true,false,true,0.264,命中关键词库但未规划,是,,,Drone Detection & Airspace Monitoring,drone detection equipment,cleaned_master,,,补入关键词规划表，明确主落地页和辅助词,H2 未命中关键词,Стационарная система радиочастотного обнаружения БПЛА | N-TET,"N-TET Стационарная система радиочастотного обнаружения БПЛА for industrial operators, combining Стационарная система радиочастотного обнаружения БПЛА, low altitude monitoring equipment, drone detection equipment workflows with field-ready d",.next/server/app/ru/products/stationary-rf-detection-system.html
/ru/products/uav-remote-id-monitoring-system,ru,/en/products/uav-remote-id-monitoring-system,product_detail,neutral_seo,weak,45,Система мониторинга удаленной идентификации БПЛА Remote ID,5,Система мониторинга удаленной идентификации БПЛА Remote ID | low altitude monitoring equipment | drone detection equipment | airspace monitoring system | N-TET,true,true,false,false,false,0.000,命中关键词库但未规划,是,,,Drone Detection & Airspace Monitoring,drone detection equipment,cleaned_master,,,补入关键词规划表，明确主落地页和辅助词,H1 未命中关键词; H2 未命中关键词; 正文未命中精确关键词短语,Система мониторинга удаленной идентификации БПЛА (Remote ID) | N-TET,"N-TET Система мониторинга удаленной идентификации БПЛА (Remote ID) for industrial operators, combining Система мониторинга удаленной идентификации БПЛА Remote ID, low altitude monitoring equipment, drone detection equipment workflows with f",.next/server/app/ru/products/uav-remote-id-monitoring-system.html
/ru/products/vtol-135kg-mtow-uav,ru,/en/products/vtol-135kg-mtow-uav,product_detail,normal,strong,85,VTOL БПЛА с максимальной взлетной массой 135 kg,5,VTOL БПЛА с максимальной взлетной массой 135 kg | industrial UAV systems | UAV inspection drone | emergency response UAV | N-TET,true,true,true,false,true,0.317,未对上广告关键词库,否,,,,,,,,检查是否需要从关键词库补长尾词；低商业价值页可不强制广告词映射,H2 未命中关键词,VTOL БПЛА с максимальной взлетной массой 135 kg | N-TET,"N-TET VTOL БПЛА с максимальной взлетной массой 135 kg for industrial operators, combining VTOL БПЛА с максимальной взлетной массой 135 kg, industrial UAV systems, UAV inspection drone workflows with field-ready deployment and support.",.next/server/app/ru/products/vtol-135kg-mtow-uav.html
/ru/products/vtol-14kg-mtow-uav,ru,/en/products/vtol-14kg-mtow-uav,product_detail,normal,strong,85,VTOL БПЛА с максимальной взлетной массой 14 kg,5,VTOL БПЛА с максимальной взлетной массой 14 kg | industrial UAV systems | UAV inspection drone | emergency response UAV | N-TET,true,true,true,false,true,0.318,未对上广告关键词库,否,,,,,,,,检查是否需要从关键词库补长尾词；低商业价值页可不强制广告词映射,H2 未命中关键词,VTOL БПЛА с максимальной взлетной массой 14 kg | N-TET,"N-TET VTOL БПЛА с максимальной взлетной массой 14 kg for industrial operators, combining VTOL БПЛА с максимальной взлетной массой 14 kg, industrial UAV systems, UAV inspection drone workflows with field-ready deployment and support.",.next/server/app/ru/products/vtol-14kg-mtow-uav.html
/ru/products/vtol-26kg-mtow-uav,ru,/en/products/vtol-26kg-mtow-uav,product_detail,normal,strong,85,VTOL БПЛА с максимальной взлетной массой 26 kg,5,VTOL БПЛА с максимальной взлетной массой 26 kg | industrial UAV systems | UAV inspection drone | emergency response UAV | N-TET,true,true,true,false,true,0.318,未对上广告关键词库,否,,,,,,,,检查是否需要从关键词库补长尾词；低商业价值页可不强制广告词映射,H2 未命中关键词,VTOL БПЛА с максимальной взлетной массой 26 kg | N-TET,"N-TET VTOL БПЛА с максимальной взлетной массой 26 kg for industrial operators, combining VTOL БПЛА с максимальной взлетной массой 26 kg, industrial UAV systems, UAV inspection drone workflows with field-ready deployment and support.",.next/server/app/ru/products/vtol-26kg-mtow-uav.html
/ru/products/vtol-40kg-mtow-uav,ru,/en/products/vtol-40kg-mtow-uav,product_detail,normal,strong,85,VTOL БПЛА с максимальной взлетной массой 40 kg,5,VTOL БПЛА с максимальной взлетной массой 40 kg | industrial UAV systems | UAV inspection drone | emergency response UAV | N-TET,true,true,true,false,true,0.317,未对上广告关键词库,否,,,,,,,,检查是否需要从关键词库补长尾词；低商业价值页可不强制广告词映射,H2 未命中关键词,VTOL БПЛА с максимальной взлетной массой 40 kg | N-TET,"N-TET VTOL БПЛА с максимальной взлетной массой 40 kg for industrial operators, combining VTOL БПЛА с максимальной взлетной массой 40 kg, industrial UAV systems, UAV inspection drone workflows with field-ready deployment and support.",.next/server/app/ru/products/vtol-40kg-mtow-uav.html
/ru/products/vtol-64kg-mtow-uav,ru,/en/products/vtol-64kg-mtow-uav,product_detail,normal,strong,85,VTOL БПЛА с максимальной взлетной массой 64 kg,5,VTOL БПЛА с максимальной взлетной массой 64 kg | industrial UAV systems | UAV inspection drone | emergency response UAV | N-TET,true,true,true,false,true,0.321,未对上广告关键词库,否,,,,,,,,检查是否需要从关键词库补长尾词；低商业价值页可不强制广告词映射,H2 未命中关键词,VTOL БПЛА с максимальной взлетной массой 64 kg | N-TET,"N-TET VTOL БПЛА с максимальной взлетной массой 64 kg for industrial operators, combining VTOL БПЛА с максимальной взлетной массой 64 kg, industrial UAV systems, UAV inspection drone workflows with field-ready deployment and support.",.next/server/app/ru/products/vtol-64kg-mtow-uav.html
/ru/solutions,ru,/en/solutions,solution_index,normal,weak,45,UAV inspection solutions,7,UAV inspection solutions | search and rescue drone | firefighting drone | drone power line inspection | pipeline inspection drones | water conservancy monitoring UAV | tethered lighting UAV,true,true,false,false,false,0.000,命中关键词库但未规划,是,Search & Rescue UAV | Firefighting UAV | Pipeline Inspection UAV | Water Conservancy Monitoring UAV | Tethered Lighting UAV,7038 | 894 | 1388 | 7938 | 1860,Emergency Rescue & Disaster Response | Power Line & Utility Inspection | General Drone/UAV Broad,search and rescue drone | firefighting drone | drone power line inspection | pipeline inspection drones | water conservancy monitoring UAV | tethered lighting UAV,ads_upload_detail | cleaned_master | ads_cluster_name,,,补入关键词规划表，明确主落地页和辅助词,H1 未命中关键词; H2 未命中关键词; 正文未命中精确关键词短语,UAV Inspection Solutions & Emergency Response Drone | N-TET,"N-TET UAV inspection solutions for power line inspection, pipeline inspection drones, search and rescue drone work, firefighting drone support, and tethered lighting UAV operations.",.next/server/app/ru/solutions.html
/ru/solutions/airport-low-altitude-monitoring,ru,/en/solutions/airport-low-altitude-monitoring,solution_detail,normal,partial,70,Защита аэропортов от БПЛА,2,Защита аэропортов от БПЛА | N-TET,true,false,true,false,true,0.289,未对上广告关键词库,否,,,,,,,,检查是否需要从关键词库补长尾词；低商业价值页可不强制广告词映射,description 未命中关键词; H2 未命中关键词,Защита аэропортов от БПЛА | N-TET,"Круглосуточная охрана чувствительных зон аэропорта и глиссад посадки для предотвращения вмешательства несанкционированных БПЛА в процессы взлета и посадки. Система объединяет радиочастотное обнаружение, согласованное реагирование и навигаци",.next/server/app/ru/solutions/airport-low-altitude-monitoring.html
/ru/solutions/airport-security-protection,ru,/en/solutions/airport-security-protection,solution_detail,neutral_seo,partial,70,Безопасность аэропортов,2,Безопасность аэропортов | N-TET,true,false,true,false,true,0.357,未对上广告关键词库,否,,,,,,,,检查是否需要从关键词库补长尾词；低商业价值页可不强制广告词映射,description 未命中关键词; H2 未命中关键词,Безопасность аэропортов | N-TET,"Аэропорты как транспортные узлы требуют высочайшей эффективности досмотра при огромном пассажиропотоке. Данное решение использует оптико-электронный мониторинг, обнаружение БПЛА и системы скоростного сканирования (двухпроекционные) для повы",.next/server/app/ru/solutions/airport-security-protection.html
/ru/solutions/category/01_BorderPatrol,ru,/en/solutions/category/01_BorderPatrol,solution_category,normal,weak,30,border patrol drones,6,border patrol drones | border patrol UAV | UAV border patrol | maritime patrol UAV | coastal monitoring drone | land based maritime surveillance,true,false,false,false,false,0.000,继承英文页面映射,是,Border Patrol UAV | Maritime & Coastal Patrol UAV,950 | 4120,Border & Coastal Patrol,border patrol drones | border patrol UAV | UAV border patrol | maritime patrol UAV,cleaned_master | ads_cluster_name | ads_upload_detail,P1,方案栏目页,按规划主词优化 title、description、H1、H2、首段和正文小节,description 未命中关键词; H1 未命中关键词; H2 未命中关键词; 正文未命中精确关键词短语,Border Patrol UAV & Coastal Monitoring Solutions | N-TET,"UAV and electro-optical monitoring solutions for border patrol, coastal surveillance, maritime patrol, port inspection, and wide-area security operations.",.next/server/app/ru/solutions/category/01_BorderPatrol.html
/ru/solutions/category/02_InfrastructureProtection,ru,/en/solutions/category/02_InfrastructureProtection,solution_category,normal,weak,15,drone power line inspection,6,drone power line inspection | pipeline inspection drones | oil and gas drone inspection | chemical plant monitoring | water conservancy monitoring UAV | low altitude monitoring equipment,false,false,false,false,false,0.000,继承英文页面映射,是,Industrial Facility Inspection UAV | Pipeline Inspection UAV | Water Conservancy Monitoring UAV,6354 | 1388 | 7938,Power Line & Utility Inspection | General Drone/UAV Broad | Infrastructure Protection,drone power line inspection | pipeline inspection drones | oil and gas drone inspection | water conservancy monitoring UAV,cleaned_master | ads_upload_detail | ads_cluster_name,P0,方案栏目页,按规划主词优化 title、description、H1、H2、首段和正文小节,title 未命中关键词; description 未命中关键词; H1 未命中关键词; H2 未命中关键词; 正文未命中精确关键词短语,Critical Infrastructure UAV Monitoring Solutions | N-TET,"UAV and low-altitude monitoring solutions for power lines, substations, oil and gas facilities, pipelines, chemical plants, dams, and water conservancy sites.",.next/server/app/ru/solutions/category/02_InfrastructureProtection.html
/ru/solutions/category/03_KeyAreaSecurity,ru,/en/solutions/category/03_KeyAreaSecurity,solution_category,normal,weak,30,airport airspace monitoring,6,airport airspace monitoring | event security monitoring | key area security | smart security screening | low altitude monitoring equipment | electro optical surveillance,true,false,false,false,false,0.000,未对上广告关键词库,否,,,,,,,,人工判定是否需要关键词库映射,description 未命中关键词; H1 未命中关键词; H2 未命中关键词; 正文未命中精确关键词短语,Key Area Security & Airspace Monitoring Solutions | N-TET,"Integrated security screening, electro-optical surveillance, and low-altitude monitoring for airports, events, judicial facilities, and transport hubs.",.next/server/app/ru/solutions/category/03_KeyAreaSecurity.html
/ru/solutions/category/04_EmergencyRescue,ru,/en/solutions/category/04_EmergencyRescue,solution_category,normal,weak,15,search and rescue drone,6,search and rescue drone | firefighting drone | emergency communication UAV | drone lighting | emergency response drone | disaster response UAV,false,false,false,false,false,0.000,命中关键词库但未规划,是,Search & Rescue UAV | Firefighting UAV | Emergency Communication UAV | Tethered Lighting UAV,7038 | 894 | 4006 | 1860,Emergency Rescue & Disaster Response,search and rescue drone | firefighting drone | emergency communication UAV | drone lighting | emergency response drone | disaster response UAV,ads_upload_detail | cleaned_master | ads_cluster_name,,,补入关键词规划表，明确主落地页和辅助词,title 未命中关键词; description 未命中关键词; H1 未命中关键词; H2 未命中关键词; 正文未命中精确关键词短语,"Emergency Rescue UAV Solutions | Search, Firefighting & Lighting","Emergency UAV solutions for search and rescue, high-rise firefighting, disaster-site reconnaissance, emergency communication, and tethered lighting support.",.next/server/app/ru/solutions/category/04_EmergencyRescue.html
/ru/solutions/chemical-plant-protection,ru,/en/solutions/chemical-plant-protection,solution_detail,neutral_seo,weak,30,pipeline inspection drones,6,pipeline inspection drones | UAV pipeline inspection | oil and gas drone inspection | drone inspection for oil and gas | drone pipeline inspection | chemical plant monitoring,true,false,false,false,false,0.000,继承英文页面映射,是,Pipeline Inspection UAV | Chemical & Petrochemical Plant UAV,1388 | 1096,General Drone/UAV Broad | Infrastructure Protection,pipeline inspection drones | UAV pipeline inspection | oil and gas drone inspection | drone inspection for oil and gas | drone pipeline inspection,ads_upload_detail | cleaned_master,P0,方案详情页,按规划主词优化 title、description、H1、H2、首段和正文小节,description 未命中关键词; H1 未命中关键词; H2 未命中关键词; 正文未命中精确关键词短语,Pipeline Inspection Drone & Chemical Plant Monitoring Solution,"UAV and airspace monitoring solution for chemical plants, oil and gas sites, pipelines, and industrial facilities requiring inspection and event awareness.",.next/server/app/ru/solutions/chemical-plant-protection.html
/ru/solutions/disaster-site-search-rescue-reconnaissance-uav-solution,ru,/en/solutions/disaster-site-search-rescue-reconnaissance-uav-solution,solution_detail,normal,weak,45,thermal drones for search and rescue,6,thermal drones for search and rescue | search and rescue drone | drone rescue | drones for search and rescue | search and rescue thermal drone | search and rescue UAV,true,true,false,false,false,0.000,继承英文页面映射,是,Search & Rescue UAV,7038,Emergency Rescue & Disaster Response,thermal drones for search and rescue | search and rescue drone | drone rescue | drones for search and rescue | search and rescue thermal drone | search and rescue UAV,ads_upload_detail | cleaned_master,P0,方案详情页,按规划主词优化 title、description、H1、H2、首段和正文小节,H1 未命中关键词; H2 未命中关键词; 正文未命中精确关键词短语,Search and Rescue Drone Solution | Thermal UAV Reconnaissance,"Search and rescue UAV solution for emergency teams using thermal drones, aerial reconnaissance, disaster-site monitoring, and rescue coordination workflows.",.next/server/app/ru/solutions/disaster-site-search-rescue-reconnaissance-uav-solution.html
/ru/solutions/emergency-communication-uav,ru,/en/solutions/emergency-communication-uav,solution_detail,normal,strong,85,БПЛА экстренной связи,2,БПЛА экстренной связи | N-TET,true,true,true,false,true,0.444,未对上广告关键词库,否,,,,,,,,检查是否需要从关键词库补长尾词；低商业价值页可不强制广告词映射,H2 未命中关键词,БПЛА экстренной связи | N-TET,"БПЛА экстренной связи оснащен интегрированной высотной базовой станцией и использует спутниковые каналы для передачи данных на большие расстояния. Позволяет быстро восстановить покрытие 4G/5G в зонах бедствий, создавая эксклюзивную частную",.next/server/app/ru/solutions/emergency-communication-uav.html
/ru/solutions/emergency-communication-uav-solution,ru,/en/solutions/emergency-communication-uav-solution,solution_detail,normal,partial,70,Решение БПЛА для аварийной связи,2,Решение БПЛА для аварийной связи | N-TET,true,false,true,false,true,0.307,未对上广告关键词库,否,,,,,,,,检查是否需要从关键词库补长尾词；低商业价值页可不强制广告词映射,description 未命中关键词; H2 未命中关键词,Решение БПЛА для аварийной связи | N-TET,"Воздушное коммуникационное решение для отключения сети после ЧС, удаленных зон без сигнала и временного обеспечения связи, позволяющее быстро восстановить публичное покрытие или развернуть спасательную частную сеть.",.next/server/app/ru/solutions/emergency-communication-uav-solution.html
/ru/solutions/emergency-lighting-uav,ru,/en/solutions/emergency-lighting-uav,solution_detail,normal,partial,70,БПЛА аварийного освещения,2,БПЛА аварийного освещения | N-TET,true,false,true,false,true,0.306,未对上广告关键词库,否,,,,,,,,检查是否需要从关键词库补长尾词；低商业价值页可不强制广告词映射,description 未命中关键词; H2 未命中关键词,БПЛА аварийного освещения | N-TET,"Оснащен мощными светодиодными модулями высокой яркости, легко развертывается и обеспечивает непрерывное освещение больших площадей под любым углом без слепых зон. Работает в привязном режиме с постоянным питанием, что позволяет длительное в",.next/server/app/ru/solutions/emergency-lighting-uav.html
/ru/solutions/emergency-reconnaissance-uav,ru,/en/solutions/emergency-reconnaissance-uav,solution_detail,normal,partial,70,БПЛА экстренной разведки,2,БПЛА экстренной разведки | N-TET,true,false,true,false,true,0.301,未对上广告关键词库,否,,,,,,,,检查是否需要从关键词库补长尾词；低商业价值页可不强制广告词映射,description 未命中关键词; H2 未命中关键词,БПЛА экстренной разведки | N-TET,"Гибкий и быстрый в развертывании дрон, способный преодолевать препятствия в виде завалов дорог и горно-лесистой местности. Оснащен HD-камерами и тепловизорами для широкомасштабного патрулирования и передачи видео в реальном времени для поис",.next/server/app/ru/solutions/emergency-reconnaissance-uav.html
/ru/solutions/emergency-search-rescue-uav-solution,ru,/en/solutions/emergency-search-rescue-uav-solution,solution_detail,normal,partial,70,Решение поисково-спасательного БПЛА,2,Решение поисково-спасательного БПЛА | N-TET,true,false,true,false,true,0.305,未对上广告关键词库,否,,,,,,,,检查是否需要从关键词库补长尾词；低商业价值页可不强制广告词映射,description 未命中关键词; H2 未命中关键词,Решение поисково-спасательного БПЛА | N-TET,"Быстро развертываемое решение БПЛА для разведки ЧС, поиска людей, определения целей, доставки грузов и координации командования при паводках, землетрясениях, в лесах, на воде и в удаленных районах.",.next/server/app/ru/solutions/emergency-search-rescue-uav-solution.html
/ru/solutions/high-rise-firefighting-uav-solution,ru,/en/solutions/high-rise-firefighting-uav-solution,solution_detail,normal,partial,70,Решение БПЛА для тушения высотных пожаров,2,Решение БПЛА для тушения высотных пожаров | N-TET,true,false,true,false,true,0.297,未对上广告关键词库,否,,,,,,,,检查是否需要从关键词库补长尾词；低商业价值页可不强制广告词映射,description 未命中关键词; H2 未命中关键词,Решение БПЛА для тушения высотных пожаров | N-TET,"Решение с привязным БПЛА для высотных зданий, плотной городской застройки и промышленных парков: подача воды или состава с высоты, вскрытие окон, дымоудаление, тепловизионная разведка и связь с командным пунктом.",.next/server/app/ru/solutions/high-rise-firefighting-uav-solution.html
/ru/solutions/hydroelectric-dam-protection,ru,/en/solutions/hydroelectric-dam-protection,solution_detail,neutral_seo,partial,70,Защита гидроэлектрических плотин,2,Защита гидроэлектрических плотин | N-TET,true,false,true,false,true,0.263,未对上广告关键词库,否,,,,,,,,检查是否需要从关键词库补长尾词；低商业价值页可不强制广告词映射,description 未命中关键词; H2 未命中关键词,Защита гидроэлектрических плотин | N-TET,"Процесс низковысотной безопасности для гидроэлектрических плотин, водохранилищ, машинных залов, водосбросов и инспекционных маршрутов. Он основан на логике защиты критической инфраструктуры и охватывает наблюдение, подтверждение цели, сопро",.next/server/app/ru/solutions/hydroelectric-dam-protection.html
/ru/solutions/judicial-sector-security,ru,/en/solutions/judicial-sector-security,solution_detail,neutral_seo,partial,70,Безопасность судебного сектора,2,Безопасность судебного сектора | N-TET,true,false,true,false,true,0.290,未对上广告关键词库,否,,,,,,,,检查是否需要从关键词库补长尾词；低商业价值页可不强制广告词映射,description 未命中关键词; H2 未命中关键词,Безопасность судебного сектора | N-TET,"Судебный сектор связан с управлением секретной информацией и лицами высокого риска. Наше решение строит комплексную систему защиты, объединяя оптико-электронный мониторинг, мониторинг низковысотной активности и интеллектуальные терминалы до",.next/server/app/ru/solutions/judicial-sector-security.html
/ru/solutions/land-based-maritime-surveillance,ru,/en/solutions/land-based-maritime-surveillance,solution_detail,normal,partial,70,Береговое наблюдение и раннее предупреждение,2,Береговое наблюдение и раннее предупреждение | N-TET,true,false,true,false,true,0.321,未对上广告关键词库,否,,,,,,,,检查是否需要从关键词库补长尾词；低商业价值页可不强制广告词映射,description 未命中关键词; H2 未命中关键词,Береговое наблюдение и раннее предупреждение | N-TET,"Интегрированная система морской обороны, объединяющая радарные и оптико-электронные данные для круглосуточного контроля акватории и предотвращения незаконной деятельности. Преодолевает ограничения традиционных методов наблюдения, обеспечива",.next/server/app/ru/solutions/land-based-maritime-surveillance.html
/ru/solutions/night-emergency-lighting-support-uav-solution,ru,/en/solutions/night-emergency-lighting-support-uav-solution,solution_detail,normal,partial,65,drone lighting,6,drone lighting | UAV lighting | tethered lighting UAV | UAV lighting system | emergency lighting drone | drone lighting company,true,true,false,false,true,0.117,继承英文页面映射,是,Tethered Lighting UAV,1860,Emergency Rescue & Disaster Response,drone lighting | UAV lighting | tethered lighting UAV | UAV lighting system,ads_upload_detail | cleaned_master | ads_cluster_name,P1,方案详情页,按规划主词优化 title、description、H1、H2、首段和正文小节,H1 未命中关键词; H2 未命中关键词,Tethered Lighting UAV Solution | Emergency Drone Lighting,"Tethered lighting UAV solution for night emergency work, rescue scenes, repair sites, command posts, and temporary area illumination.",.next/server/app/ru/solutions/night-emergency-lighting-support-uav-solution.html
/ru/solutions/oil-production-base-protection,ru,/en/solutions/oil-production-base-protection,solution_detail,normal,partial,70,Охрана нефтедобывающих баз,2,Охрана нефтедобывающих баз | N-TET,true,false,true,false,true,0.266,继承英文页面映射,是,Oil & Gas Facility Inspection UAV,4480,,,,P0,方案详情页,按规划主词优化 title、description、H1、H2、首段和正文小节,description 未命中关键词; H2 未命中关键词,Охрана нефтедобывающих баз | N-TET,"A low-altitude protection solution for oil production bases, tank farms, pipeline stations, and petrochemical facilities. It organizes outer perimeter detection, warning-zone verification, optical tracking confirmation, and core-area linkag",.next/server/app/ru/solutions/oil-production-base-protection.html
/ru/solutions/post-disaster-emergency-communication-support-uav-solution,ru,/en/solutions/post-disaster-emergency-communication-support-uav-solution,solution_detail,normal,weak,45,emergency communication UAV,5,emergency communication UAV | disaster response communication drone | tethered communication UAV | public safety UAV communications | emergency communication drone,true,true,false,false,false,0.000,继承英文页面映射,是,Emergency Communication UAV,4006,,emergency communication UAV | disaster response communication drone,ads_cluster_name | ads_upload_detail,P1,方案详情页,按规划主词优化 title、description、H1、H2、首段和正文小节,H1 未命中关键词; H2 未命中关键词; 正文未命中精确关键词短语,Emergency Communication UAV Solution for Disaster Response,"Emergency communication UAV solution for disaster response agencies, command centers, field rescue teams, and temporary network support after incidents.",.next/server/app/ru/solutions/post-disaster-emergency-communication-support-uav-solution.html
/ru/solutions/power-generation-facility-low-altitude-monitoring,ru,/en/solutions/power-generation-facility-low-altitude-monitoring,solution_detail,normal,partial,70,Защита энергетических объектов от БПЛА,2,Защита энергетических объектов от БПЛА | N-TET,true,false,true,false,true,0.296,未对上广告关键词库,否,,,,,,,,检查是否需要从关键词库补长尾词；低商业价值页可不强制广告词映射,description 未命中关键词; H2 未命中关键词,Защита энергетических объектов от БПЛА | N-TET,"Специализированное решение для тепловых и атомных электростанций, а также ключевых подстанций. Автоматически обнаруживает несанкционированную съемку и разведку, предотвращая повреждение линий электропередач. Система включает стационарные и",.next/server/app/ru/solutions/power-generation-facility-low-altitude-monitoring.html
/ru/solutions/power-line-uav-intelligent-inspection-solution,ru,/en/solutions/power-line-uav-intelligent-inspection-solution,solution_detail,normal,weak,15,drones for utility inspection,6,drones for utility inspection | drone power line inspection | utility inspection drone | drone cell tower inspection | power line inspection drone | UAV power line inspection,false,false,false,false,false,0.000,继承英文页面映射,是,Power Line & Transmission Tower Inspection UAV | Cell Tower Inspection UAV | Utility Inspection UAV,4938 | 10 | 234,Power Line & Utility Inspection,drones for utility inspection | drone power line inspection | utility inspection drone | drone cell tower inspection | power line inspection drone | UAV power line inspection,ads_upload_detail | cleaned_master,P0 | P2,方案详情页,按规划主词优化 title、description、H1、H2、首段和正文小节,title 未命中关键词; description 未命中关键词; H1 未命中关键词; H2 未命中关键词; 正文未命中精确关键词短语,Power Line UAV Inspection Solution | Utility Inspection Drones,"UAV inspection solution for power lines, utility corridors, transmission towers, and cell towers with aerial inspection workflows for maintenance teams.",.next/server/app/ru/solutions/power-line-uav-intelligent-inspection-solution.html
/ru/solutions/power-tower-inspection-uav-solution,ru,/en/solutions/power-tower-inspection-uav-solution,solution_detail,normal,partial,70,Решение БПЛА для инспекции опор ЛЭП,2,Решение БПЛА для инспекции опор ЛЭП | N-TET,true,false,true,false,true,0.296,未对上广告关键词库,否,,,,,,,,检查是否需要从关键词库补长尾词；低商业价值页可不强制广告词映射,description 未命中关键词; H2 未命中关键词,Решение БПЛА для инспекции опор ЛЭП | N-TET,"Решение на базе БПЛА для эксплуатации линий электропередачи: плановые обходы, локализация неисправностей, аварийные осмотры, контроль древесных помех и выпуск отчетов.",.next/server/app/ru/solutions/power-tower-inspection-uav-solution.html
/ru/solutions/smart-substation-autonomous-inspection-solution,ru,/en/solutions/smart-substation-autonomous-inspection-solution,solution_detail,normal,partial,70,Решение автономной инспекции подстанций с БПЛА,2,Решение автономной инспекции подстанций с БПЛА | N-TET,true,false,true,false,true,0.296,未对上广告关键词库,否,,,,,,,,检查是否需要从关键词库补长尾词；低商业价值页可不强制广告词映射,description 未命中关键词; H2 未命中关键词,Решение автономной инспекции подстанций с БПЛА | N-TET,"Решение автономной инспекции подстанций, объединяющее док-станцию БПЛА, промышленную платформу, мультисенсорные нагрузки, аналитику ИИ и систему управления для автономных обходов, теплового контроля, распознавания дефектов и закрытия заявок",.next/server/app/ru/solutions/smart-substation-autonomous-inspection-solution.html
/ru/solutions/smart-substation-unattended-uav-inspection-solution,ru,/en/solutions/smart-substation-unattended-uav-inspection-solution,solution_detail,normal,weak,45,smart substation autonomous inspection,5,smart substation autonomous inspection | substation inspection drone | power utility UAV inspection | autonomous UAV inspection | UAV inspection system,true,true,false,false,false,0.000,继承英文页面映射,是,Smart Substation Autonomous Inspection,5200,General Drone/UAV Broad,smart substation autonomous inspection | substation inspection drone | UAV inspection system,ads_cluster_name | ads_upload_detail | cleaned_master,P1,方案详情页,按规划主词优化 title、description、H1、H2、首段和正文小节,H1 未命中关键词; H2 未命中关键词; 正文未命中精确关键词短语,Smart Substation Autonomous UAV Inspection Solution | N-TET,"Autonomous UAV inspection solution for smart substations, power utilities, unattended inspection routes, thermal checks, and operation records.",.next/server/app/ru/solutions/smart-substation-unattended-uav-inspection-solution.html
/ru/solutions/sports-event-security,ru,/en/solutions/sports-event-security,solution_detail,neutral_seo,partial,70,Безопасность крупных спортивных мероприятий,2,Безопасность крупных спортивных мероприятий | N-TET,true,false,true,false,true,0.220,未对上广告关键词库,否,,,,,,,,检查是否需要从关键词库补长尾词；低商业价值页可不强制广告词映射,description 未命中关键词; H2 未命中关键词,Безопасность крупных спортивных мероприятий | N-TET,"Защита мероприятий и выставок с числом участников более 10 000 человек. Решение проблем высокой плотности людей, управления потоками и слепых зон в безопасности. Объединяет предупреждение о БПЛА с интеллектуальными терминалами досмотра для",.next/server/app/ru/solutions/sports-event-security.html
/ru/solutions/tethered-lighting-uav-solution,ru,/en/solutions/tethered-lighting-uav-solution,solution_detail,normal,partial,70,Решение привязного осветительного БПЛА,2,Решение привязного осветительного БПЛА | N-TET,true,false,true,false,true,0.307,未对上广告关键词库,否,,,,,,,,检查是否需要从关键词库补长尾词；低商业价值页可不强制广告词映射,description 未命中关键词; H2 未命中关键词,Решение привязного осветительного БПЛА | N-TET,"Решение длительного воздушного освещения для ночных спасательных работ, аварийного ремонта, эвакуации и временных площадок за счет непрерывной подсветки с высоты.",.next/server/app/ru/solutions/tethered-lighting-uav-solution.html
/ru/solutions/uav-maritime-emergency-rescue,ru,/en/solutions/uav-maritime-emergency-rescue,solution_detail,normal,partial,70,Аварийно-спасательные операции БПЛА на море,2,Аварийно-спасательные операции БПЛА на море | N-TET,true,false,true,false,true,0.308,未对上广告关键词库,否,,,,,,,,检查是否需要从关键词库补长尾词；低商业价值页可不强制广告词映射,description 未命中关键词; H2 未命中关键词,Аварийно-спасательные операции БПЛА на море | N-TET,"Быстрое реагирование на чрезвычайные ситуации в море: разведка, передача панорамного изображения в реальном времени, поиск пострадавших с помощью ИК-датчиков и точная доставка спасательных средств (жилетов, аптечек) в кратчайшие сроки.",.next/server/app/ru/solutions/uav-maritime-emergency-rescue.html
/ru/solutions/uav-maritime-patrol,ru,/en/solutions/uav-maritime-patrol,solution_detail,normal,weak,45,border patrol drones,6,border patrol drones | border patrol UAV | UAV border patrol | drones for border patrol | maritime patrol UAV | coastal monitoring drone,true,true,false,false,false,0.000,继承英文页面映射,是,Maritime & Coastal Patrol UAV | Border Patrol UAV,4120 | 950,Border & Coastal Patrol,border patrol drones | border patrol UAV | UAV border patrol | drones for border patrol | maritime patrol UAV,cleaned_master | ads_cluster_name | ads_upload_detail,P0,方案详情页,按规划主词优化 title、description、H1、H2、首段和正文小节,H1 未命中关键词; H2 未命中关键词; 正文未命中精确关键词短语,Border Patrol UAV & Maritime Coastal Monitoring Solution,"Border patrol UAV solution for coastal monitoring, maritime patrol, port inspection, routine patrol routes, and wide-area surveillance operations.",.next/server/app/ru/solutions/uav-maritime-patrol.html
/ru/solutions/urban-high-rise-firefighting-emergency-uav-solution,ru,/en/solutions/urban-high-rise-firefighting-emergency-uav-solution,solution_detail,normal,weak,45,firefighting drone,6,firefighting drone | drone fire fighting | drone for fire fighting | fire fighting drones | drones firefighting | high-rise firefighting UAV,true,true,false,false,false,0.000,继承英文页面映射,是,High-Rise Firefighting UAV | Firefighting UAV,1166 | 894,Emergency Rescue & Disaster Response,firefighting drone | drone fire fighting | drone for fire fighting | fire fighting drones | drones firefighting | high-rise firefighting UAV,ads_upload_detail | cleaned_master | ads_cluster_name,P1,方案详情页,按规划主词优化 title、description、H1、H2、首段和正文小节,H1 未命中关键词; H2 未命中关键词; 正文未命中精确关键词短语,Firefighting Drone Solution for High-Rise Emergency Response,"High-rise firefighting UAV solution using tethered aerial platforms, emergency monitoring, rescue support, and persistent visual awareness for incident teams.",.next/server/app/ru/solutions/urban-high-rise-firefighting-emergency-uav-solution.html
/ru/solutions/water-conservancy-monitoring-uav-solution,ru,/en/solutions/water-conservancy-monitoring-uav-solution,solution_detail,normal,partial,70,Решение БПЛА для мониторинга водного хозяйства,2,Решение БПЛА для мониторинга водного хозяйства | N-TET,true,false,true,false,true,0.300,未对上广告关键词库,否,,,,,,,,检查是否需要从关键词库补长尾词；低商业价值页可不强制广告词映射,description 未命中关键词; H2 未命中关键词,Решение БПЛА для мониторинга водного хозяйства | N-TET,"Решение БПЛА для мониторинга рек, озер, водохранилищ, паводковых задач, инспекции гидротехнических объектов, отбора проб воды, поиска источников загрязнения и фиксации доказательств.",.next/server/app/ru/solutions/water-conservancy-monitoring-uav-solution.html
/ru/solutions/water-conservancy-river-lake-uav-monitoring-solution,ru,/en/solutions/water-conservancy-river-lake-uav-monitoring-solution,solution_detail,normal,weak,30,water conservancy monitoring UAV,5,water conservancy monitoring UAV | dam inspection UAV | using UAV to monitor water quality in lakes | river lake UAV monitoring | flood monitoring drone,true,false,false,false,false,0.000,继承英文页面映射,是,Water Conservancy Monitoring UAV,7938,Water Conservancy & River-Lake Monitoring,water conservancy monitoring UAV | dam inspection UAV | using UAV to monitor water quality in lakes | flood monitoring drone,ads_cluster_name | ads_upload_detail | cleaned_master,P0,方案详情页,按规划主词优化 title、description、H1、H2、首段和正文小节,description 未命中关键词; H1 未命中关键词; H2 未命中关键词; 正文未命中精确关键词短语,Water Conservancy Monitoring UAV Solution | River & Lake Patrol,"Water conservancy UAV monitoring solution for dams, rivers, lakes, flood areas, water-quality observation, and infrastructure inspection teams.",.next/server/app/ru/solutions/water-conservancy-river-lake-uav-monitoring-solution.html
