route,locale,audit_status,audit_score,primary_keyword,seo_keywords,current_title,current_h1,current_h2,title_hit,description_hit,h1_hit,h2_hit,body_hit,keyword_density_pct,next_action
/es,es,strong,85,sistemas UAV industriales,sistemas UAV industriales | monitoreo de baja altitud | dron de inspección UAV | UAV de emergencia,Sistemas UAV industriales para operaciones de baja altitud | N-TET,Sistemas UAV industriales para operaciones de baja altitud,Nuestras soluciones | Centro de productos | UAV para monitoreo hídrico | Centro de casos | Acerca de nosotros | Últimas noticias | Nuestras soluciones | Centro de productos | Centro de casos | Acerca de nosotros | Últimas noticias,true,true,true,false,true,0.618,保持当前本地化关键词落地
/es/about,es,strong,100,fabricante UAV industrial,fabricante UAV industrial | proveedor de sistemas UAV | fabricante de monitoreo de baja altitud | fabricante de equipos de seguridad,Perfil de fabricante UAV industrial | N-TET,Perfil de fabricante UAV industrial,Capacidades como fabricante UAV industrial | Equipo de I+D | Perfil de la empresa | Equipo de I+D | Solicitar solución y cotización,true,true,true,true,true,0.235,保持当前本地化关键词落地
/es/accessories,es,strong,80,accesorios para drones,accesorios para drones | componentes UAV | gimbal UAV | motor UAV | enlace de datos UAV,Accesorios para drones y componentes UAV | N-TET,Accesorios para drones y componentes UAV,Controladores de vuelo | Motores UAV | Hélices UAV | Baterías UAV | Gimbals electro-ópticos | Motores UAV | Enlaces de datos UAV | Controles remotos UAV | Solicitar solución y cotización,true,true,true,false,true,4.027,保持当前本地化关键词落地
/es/accessories/fc-bt1,es,strong,85,Batería de estado sólido para UAV FC-BT1,Batería de estado sólido para UAV FC-BT1 | drone accessories | UAV components | industrial UAV parts,Batería de estado sólido para UAV FC-BT1 | N-TET Drone Accessories,Batería de estado sólido para UAV FC-BT1,Batería de estado sólido para UAV FC-BT1 Technical Specifications | Solicitar solución y cotización | Resumen | Especificaciones técnicas | Solicitar solución y cotización,true,false,true,true,true,0.181,保持当前本地化关键词落地
/es/accessories/fc-bt2,es,strong,85,Batería de estado sólido para UAV FC-BT2,Batería de estado sólido para UAV FC-BT2 | drone accessories | UAV components | industrial UAV parts,Batería de estado sólido para UAV FC-BT2 | N-TET Drone Accessories,Batería de estado sólido para UAV FC-BT2,Batería de estado sólido para UAV FC-BT2 Technical Specifications | Solicitar solución y cotización | Resumen | Especificaciones técnicas | Solicitar solución y cotización,true,false,true,true,true,0.207,保持当前本地化关键词落地
/es/accessories/fc-bt3,es,strong,85,Batería de estado sólido de alto voltaje para UAV FC-BT3,Batería de estado sólido de alto voltaje para UAV FC-BT3 | drone accessories | UAV components | industrial UAV parts,Batería de estado sólido de alto voltaje para UAV FC-BT3 | N-TET Drone Accessories,Batería de estado sólido de alto voltaje para UAV FC-BT3,Batería de estado sólido de alto voltaje para UAV FC-BT3 Technical Specifications | Solicitar solución y cotización | Resumen | Especificaciones técnicas | Solicitar solución y cotización,true,false,true,true,true,0.199,保持当前本地化关键词落地
/es/accessories/fc-bt4,es,strong,85,Batería de estado sólido de alta energía para UAV FC-BT4,Batería de estado sólido de alta energía para UAV FC-BT4 | drone accessories | UAV components | industrial UAV parts,Batería de estado sólido de alta energía para UAV FC-BT4 | N-TET Drone Accessories,Batería de estado sólido de alta energía para UAV FC-BT4,Batería de estado sólido de alta energía para UAV FC-BT4 Technical Specifications | Solicitar solución y cotización | Resumen | Especificaciones técnicas | Solicitar solución y cotización,true,false,true,true,true,0.134,保持当前本地化关键词落地
/es/accessories/fc-btg,es,strong,85,Batería de estado sólido para formación UAV FC-BTG,Batería de estado sólido para formación UAV FC-BTG | drone accessories | UAV components | industrial UAV parts,Batería de estado sólido para formación UAV FC-BTG | N-TET Drone Accessories,Batería de estado sólido para formación UAV FC-BTG,Batería de estado sólido para formación UAV FC-BTG Technical Specifications | Solicitar solución y cotización | Resumen | Especificaciones técnicas | Solicitar solución y cotización,true,false,true,true,true,0.261,保持当前本地化关键词落地
/es/accessories/fc-c2d-propeller,es,strong,85,Hélice UAV FC-C2D,Hélice UAV FC-C2D | drone accessories | UAV components | industrial UAV parts,Hélice UAV FC-C2D | N-TET Drone Accessories,Hélice UAV FC-C2D,Hélice UAV FC-C2D Technical Specifications | Solicitar solución y cotización | Resumen | Especificaciones técnicas | Solicitar solución y cotización,true,false,true,true,true,0.329,保持当前本地化关键词落地
/es/accessories/fc-c2e-propeller,es,strong,85,Hélice UAV FC-C2E,Hélice UAV FC-C2E | drone accessories | UAV components | industrial UAV parts,Hélice UAV FC-C2E | N-TET Drone Accessories,Hélice UAV FC-C2E,Hélice UAV FC-C2E Technical Specifications | Solicitar solución y cotización | Resumen | Especificaciones técnicas | Solicitar solución y cotización,true,false,true,true,true,0.338,保持当前本地化关键词落地
/es/accessories/fc-c2t-propeller,es,strong,85,Hélice UAV FC-C2T,Hélice UAV FC-C2T | drone accessories | UAV components | industrial UAV parts,Hélice UAV FC-C2T | N-TET Drone Accessories,Hélice UAV FC-C2T,Hélice UAV FC-C2T Technical Specifications | Solicitar solución y cotización | Resumen | Especificaciones técnicas | Solicitar solución y cotización,true,false,true,true,true,0.332,保持当前本地化关键词落地
/es/accessories/fc-c2u-propeller,es,strong,85,Hélice UAV FC-C2U,Hélice UAV FC-C2U | drone accessories | UAV components | industrial UAV parts,Hélice UAV FC-C2U | N-TET Drone Accessories,Hélice UAV FC-C2U,Hélice UAV FC-C2U Technical Specifications | Solicitar solución y cotización | Resumen | Especificaciones técnicas | Solicitar solución y cotización,true,false,true,true,true,0.336,保持当前本地化关键词落地
/es/accessories/fc-c2ud-propeller,es,strong,85,Hélice UAV FC-C2UD,Hélice UAV FC-C2UD | drone accessories | UAV components | industrial UAV parts,Hélice UAV FC-C2UD | N-TET Drone Accessories,Hélice UAV FC-C2UD,Hélice UAV FC-C2UD Technical Specifications | Solicitar solución y cotización | Resumen | Especificaciones técnicas | Solicitar solución y cotización,true,false,true,true,true,0.323,保持当前本地化关键词落地
/es/accessories/fc-fdj-111,es,strong,100,Motor UAV FC-FDJ-111,Motor UAV FC-FDJ-111 | drone accessories | UAV components | industrial UAV parts,Motor UAV FC-FDJ-111 | N-TET Drone Accessories,Motor UAV FC-FDJ-111,Motor UAV FC-FDJ-111 Technical Specifications | Solicitar solución y cotización | Resumen | Especificaciones técnicas | Solicitar solución y cotización,true,true,true,true,true,0.511,保持当前本地化关键词落地
/es/accessories/fc-fdj-120,es,strong,100,Motor UAV FC-FDJ-120,Motor UAV FC-FDJ-120 | drone accessories | UAV components | industrial UAV parts,Motor UAV FC-FDJ-120 | N-TET Drone Accessories,Motor UAV FC-FDJ-120,Motor UAV FC-FDJ-120 Technical Specifications | Solicitar solución y cotización | Resumen | Especificaciones técnicas | Solicitar solución y cotización,true,true,true,true,true,0.517,保持当前本地化关键词落地
/es/accessories/fc-fdj-120hd,es,strong,100,Motor UAV FC-FDJ-120HD,Motor UAV FC-FDJ-120HD | drone accessories | UAV components | industrial UAV parts,Motor UAV FC-FDJ-120HD | N-TET Drone Accessories,Motor UAV FC-FDJ-120HD,Motor UAV FC-FDJ-120HD Technical Specifications | Solicitar solución y cotización | Resumen | Especificaciones técnicas | Solicitar solución y cotización,true,true,true,true,true,0.519,保持当前本地化关键词落地
/es/accessories/fc-fdj-170,es,strong,100,Motor UAV FC-FDJ-170,Motor UAV FC-FDJ-170 | drone accessories | UAV components | industrial UAV parts,Motor UAV FC-FDJ-170 | N-TET Drone Accessories,Motor UAV FC-FDJ-170,Motor UAV FC-FDJ-170 Technical Specifications | Solicitar solución y cotización | Resumen | Especificaciones técnicas | Solicitar solución y cotización,true,true,true,true,true,0.520,保持当前本地化关键词落地
/es/accessories/fc-fdj-200,es,strong,100,Motor UAV FC-FDJ-200,Motor UAV FC-FDJ-200 | drone accessories | UAV components | industrial UAV parts,Motor UAV FC-FDJ-200 | N-TET Drone Accessories,Motor UAV FC-FDJ-200,Motor UAV FC-FDJ-200 Technical Specifications | Solicitar solución y cotización | Resumen | Especificaciones técnicas | Solicitar solución y cotización,true,true,true,true,true,0.518,保持当前本地化关键词落地
/es/accessories/fc-fdj-222,es,strong,100,Motor UAV FC-FDJ-222,Motor UAV FC-FDJ-222 | drone accessories | UAV components | industrial UAV parts,Motor UAV FC-FDJ-222 | N-TET Drone Accessories,Motor UAV FC-FDJ-222,Motor UAV FC-FDJ-222 Technical Specifications | Solicitar solución y cotización | Resumen | Especificaciones técnicas | Solicitar solución y cotización,true,true,true,true,true,0.516,保持当前本地化关键词落地
/es/accessories/fc-fdj-430,es,strong,100,Motor UAV FC-FDJ-430,Motor UAV FC-FDJ-430 | drone accessories | UAV components | industrial UAV parts,Motor UAV FC-FDJ-430 | N-TET Drone Accessories,Motor UAV FC-FDJ-430,Motor UAV FC-FDJ-430 Technical Specifications | Solicitar solución y cotización | Resumen | Especificaciones técnicas | Solicitar solución y cotización,true,true,true,true,true,0.466,保持当前本地化关键词落地
/es/accessories/fc-fdj-55,es,strong,100,Motor UAV FC-FDJ-55,Motor UAV FC-FDJ-55 | drone accessories | UAV components | industrial UAV parts,Motor UAV FC-FDJ-55 | N-TET Drone Accessories,Motor UAV FC-FDJ-55,Motor UAV FC-FDJ-55 Technical Specifications | Solicitar solución y cotización | Resumen | Especificaciones técnicas | Solicitar solución y cotización,true,true,true,true,true,0.509,保持当前本地化关键词落地
/es/accessories/fc-fdj-60,es,strong,100,Motor UAV FC-FDJ-60,Motor UAV FC-FDJ-60 | drone accessories | UAV components | industrial UAV parts,Motor UAV FC-FDJ-60 | N-TET Drone Accessories,Motor UAV FC-FDJ-60,Motor UAV FC-FDJ-60 Technical Specifications | Solicitar solución y cotización | Resumen | Especificaciones técnicas | Solicitar solución y cotización,true,true,true,true,true,0.517,保持当前本地化关键词落地
/es/accessories/fc-fdj-61,es,strong,100,Motor UAV FC-FDJ-61,Motor UAV FC-FDJ-61 | drone accessories | UAV components | industrial UAV parts,Motor UAV FC-FDJ-61 | N-TET Drone Accessories,Motor UAV FC-FDJ-61,Motor UAV FC-FDJ-61 Technical Specifications | Solicitar solución y cotización | Resumen | Especificaciones técnicas | Solicitar solución y cotización,true,true,true,true,true,0.518,保持当前本地化关键词落地
/es/accessories/fc-fdj-70hd,es,strong,100,Motor UAV FC-FDJ-70HD,Motor UAV FC-FDJ-70HD | drone accessories | UAV components | industrial UAV parts,Motor UAV FC-FDJ-70HD | N-TET Drone Accessories,Motor UAV FC-FDJ-70HD,Motor UAV FC-FDJ-70HD Technical Specifications | Solicitar solución y cotización | Resumen | Especificaciones técnicas | Solicitar solución y cotización,true,true,true,true,true,0.518,保持当前本地化关键词落地
/es/accessories/fc-fdj-85,es,strong,100,Motor UAV FC-FDJ-85,Motor UAV FC-FDJ-85 | drone accessories | UAV components | industrial UAV parts,Motor UAV FC-FDJ-85 | N-TET Drone Accessories,Motor UAV FC-FDJ-85,Motor UAV FC-FDJ-85 Technical Specifications | Solicitar solución y cotización | Resumen | Especificaciones técnicas | Solicitar solución y cotización,true,true,true,true,true,0.518,保持当前本地化关键词落地
/es/accessories/fc-l10tr-three-light-gimbal,es,strong,100,FC-L10TR gimbal electro-optico,FC-L10TR gimbal electro-optico | drone accessories | UAV components | industrial UAV parts,FC-L10TR gimbal electro-optico | N-TET Drone Accessories,FC-L10TR gimbal electro-optico,FC-L10TR gimbal electro-optico Technical Specifications | Solicitar solución y cotización | Resumen | Especificaciones técnicas | Solicitar solución y cotización,true,true,true,true,true,0.322,保持当前本地化关键词落地
/es/accessories/fc-l40-smart-optical-pod,es,strong,100,FC-L40 gimbal electro-optico,FC-L40 gimbal electro-optico | drone accessories | UAV components | industrial UAV parts,FC-L40 gimbal electro-optico | N-TET Drone Accessories,FC-L40 gimbal electro-optico,FC-L40 gimbal electro-optico Technical Specifications | Solicitar solución y cotización | Resumen | Especificaciones técnicas | Solicitar solución y cotización,true,true,true,true,true,0.357,保持当前本地化关键词落地
/es/accessories/fc-l40t-dual-light-gimbal,es,strong,100,FC-L40T gimbal electro-optico,FC-L40T gimbal electro-optico | drone accessories | UAV components | industrial UAV parts,FC-L40T gimbal electro-optico | N-TET Drone Accessories,FC-L40T gimbal electro-optico,FC-L40T gimbal electro-optico Technical Specifications | Solicitar solución y cotización | Resumen | Especificaciones técnicas | Solicitar solución y cotización,true,true,true,true,true,0.333,保持当前本地化关键词落地
/es/accessories/fc-l40tr-smart-optical-pod,es,strong,100,FC-L40TR gimbal electro-optico,FC-L40TR gimbal electro-optico | drone accessories | UAV components | industrial UAV parts,FC-L40TR gimbal electro-optico | N-TET Drone Accessories,FC-L40TR gimbal electro-optico,FC-L40TR gimbal electro-optico Technical Specifications | Solicitar solución y cotización | Resumen | Especificaciones técnicas | Solicitar solución y cotización,true,true,true,true,true,0.323,保持当前本地化关键词落地
/es/accessories/fc-l50-smart-optical-pod,es,strong,100,FC-L50 gimbal electro-optico,FC-L50 gimbal electro-optico | drone accessories | UAV components | industrial UAV parts,FC-L50 gimbal electro-optico | N-TET Drone Accessories,FC-L50 gimbal electro-optico,FC-L50 gimbal electro-optico Technical Specifications | Solicitar solución y cotización | Resumen | Especificaciones técnicas | Solicitar solución y cotización,true,true,true,true,true,0.352,保持当前本地化关键词落地
/es/accessories/fc-ln100-dual-light-gimbal,es,strong,100,FC-LN100 gimbal electro-optico,FC-LN100 gimbal electro-optico | drone accessories | UAV components | industrial UAV parts,FC-LN100 gimbal electro-optico | N-TET Drone Accessories,FC-LN100 gimbal electro-optico,FC-LN100 gimbal electro-optico Technical Specifications | Solicitar solución y cotización | Resumen | Especificaciones técnicas | Solicitar solución y cotización,true,true,true,true,true,0.335,保持当前本地化关键词落地
/es/accessories/fc-ln95-dual-light-gimbal,es,strong,100,FC-LN95 gimbal electro-optico,FC-LN95 gimbal electro-optico | drone accessories | UAV components | industrial UAV parts,FC-LN95 gimbal electro-optico | N-TET Drone Accessories,FC-LN95 gimbal electro-optico,FC-LN95 gimbal electro-optico Technical Specifications | Solicitar solución y cotización | Resumen | Especificaciones técnicas | Solicitar solución y cotización,true,true,true,true,true,0.317,保持当前本地化关键词落地
/es/accessories/fc-max-5330,es,strong,100,Motor UAV FC-MAX 5330,Motor UAV FC-MAX 5330 | drone accessories | UAV components | industrial UAV parts,Motor UAV FC-MAX 5330 | N-TET Drone Accessories,Motor UAV FC-MAX 5330,Motor UAV FC-MAX 5330 Technical Specifications | Solicitar solución y cotización | Resumen | Especificaciones técnicas | Solicitar solución y cotización,true,true,true,true,true,0.157,保持当前本地化关键词落地
/es/accessories/fc-mesh-100,es,strong,85,FC-Mesh-100 enlace de datos UAV,FC-Mesh-100 enlace de datos UAV | drone accessories | UAV components | industrial UAV parts,FC-Mesh-100 enlace de datos UAV | N-TET Drone Accessories,FC-Mesh-100 enlace de datos UAV,FC-Mesh-100 enlace de datos UAV Technical Specifications | Solicitar solución y cotización | Resumen | Especificaciones técnicas | Solicitar solución y cotización,true,false,true,true,true,0.286,保持当前本地化关键词落地
/es/accessories/fc-mini-l10tr-smart-optical-pod,es,strong,100,FC-MiniL10TR gimbal electro-optico,FC-MiniL10TR gimbal electro-optico | drone accessories | UAV components | industrial UAV parts,FC-MiniL10TR gimbal electro-optico | N-TET Drone Accessories,FC-MiniL10TR gimbal electro-optico,FC-MiniL10TR gimbal electro-optico Technical Specifications | Solicitar solución y cotización | Resumen | Especificaciones técnicas | Solicitar solución y cotización,true,true,true,true,true,0.327,保持当前本地化关键词落地
/es/accessories/fc-pab-propeller,es,strong,85,Hélice UAV FC-PAB,Hélice UAV FC-PAB | drone accessories | UAV components | industrial UAV parts,Hélice UAV FC-PAB | N-TET Drone Accessories,Hélice UAV FC-PAB,Hélice UAV FC-PAB Technical Specifications | Solicitar solución y cotización | Resumen | Especificaciones técnicas | Solicitar solución y cotización,true,false,true,true,true,0.330,保持当前本地化关键词落地
/es/accessories/fc-pad-propeller,es,strong,85,Hélice UAV FC-PAD,Hélice UAV FC-PAD | drone accessories | UAV components | industrial UAV parts,Hélice UAV FC-PAD | N-TET Drone Accessories,Hélice UAV FC-PAD,Hélice UAV FC-PAD Technical Specifications | Solicitar solución y cotización | Resumen | Especificaciones técnicas | Solicitar solución y cotización,true,false,true,true,true,0.332,保持当前本地化关键词落地
/es/accessories/fc-pae-propeller,es,strong,85,Hélice UAV FC-PAE,Hélice UAV FC-PAE | drone accessories | UAV components | industrial UAV parts,Hélice UAV FC-PAE | N-TET Drone Accessories,Hélice UAV FC-PAE,Hélice UAV FC-PAE Technical Specifications | Solicitar solución y cotización | Resumen | Especificaciones técnicas | Solicitar solución y cotización,true,false,true,true,true,0.333,保持当前本地化关键词落地
/es/accessories/fc-pbf-propeller,es,strong,85,Hélice UAV FC-PBF,Hélice UAV FC-PBF | drone accessories | UAV components | industrial UAV parts,Hélice UAV FC-PBF | N-TET Drone Accessories,Hélice UAV FC-PBF,Hélice UAV FC-PBF Technical Specifications | Solicitar solución y cotización | Resumen | Especificaciones técnicas | Solicitar solución y cotización,true,false,true,true,true,0.344,保持当前本地化关键词落地
/es/accessories/fc-rm10x,es,strong,100,Motor UAV FC-RM10X,Motor UAV FC-RM10X | drone accessories | UAV components | industrial UAV parts,Motor UAV FC-RM10X | N-TET Drone Accessories,Motor UAV FC-RM10X,Motor UAV FC-RM10X Technical Specifications | Solicitar solución y cotización | Resumen | Especificaciones técnicas | Solicitar solución y cotización,true,true,true,true,true,0.339,保持当前本地化关键词落地
/es/accessories/fc-rm30,es,strong,100,Motor UAV FC-RM30,Motor UAV FC-RM30 | drone accessories | UAV components | industrial UAV parts,Motor UAV FC-RM30 | N-TET Drone Accessories,Motor UAV FC-RM30,Motor UAV FC-RM30 Technical Specifications | Solicitar solución y cotización | Resumen | Especificaciones técnicas | Solicitar solución y cotización,true,true,true,true,true,0.138,保持当前本地化关键词落地
/es/accessories/fc-sjl-100,es,strong,85,FC-SJL-100 enlace de datos UAV,FC-SJL-100 enlace de datos UAV | drone accessories | UAV components | industrial UAV parts,FC-SJL-100 enlace de datos UAV | N-TET Drone Accessories,FC-SJL-100 enlace de datos UAV,FC-SJL-100 enlace de datos UAV Technical Specifications | Solicitar solución y cotización | Resumen | Especificaciones técnicas | Solicitar solución y cotización,true,false,true,true,true,0.305,保持当前本地化关键词落地
/es/accessories/fc-sjl-200,es,strong,85,FC-SJL-200 enlace de datos UAV,FC-SJL-200 enlace de datos UAV | drone accessories | UAV components | industrial UAV parts,FC-SJL-200 enlace de datos UAV | N-TET Drone Accessories,FC-SJL-200 enlace de datos UAV,FC-SJL-200 enlace de datos UAV Technical Specifications | Solicitar solución y cotización | Resumen | Especificaciones técnicas | Solicitar solución y cotización,true,false,true,true,true,0.303,保持当前本地化关键词落地
/es/accessories/fc-sjl-30,es,strong,85,FC-SJL-30 enlace de datos UAV,FC-SJL-30 enlace de datos UAV | drone accessories | UAV components | industrial UAV parts,FC-SJL-30 enlace de datos UAV | N-TET Drone Accessories,FC-SJL-30 enlace de datos UAV,FC-SJL-30 enlace de datos UAV Technical Specifications | Solicitar solución y cotización | Resumen | Especificaciones técnicas | Solicitar solución y cotización,true,false,true,true,true,0.294,保持当前本地化关键词落地
/es/accessories/fc-sjl-380,es,strong,85,FC-SJL-380 enlace de datos UAV,FC-SJL-380 enlace de datos UAV | drone accessories | UAV components | industrial UAV parts,FC-SJL-380 enlace de datos UAV | N-TET Drone Accessories,FC-SJL-380 enlace de datos UAV,FC-SJL-380 enlace de datos UAV Technical Specifications | Solicitar solución y cotización | Resumen | Especificaciones técnicas | Solicitar solución y cotización,true,false,true,true,true,0.304,保持当前本地化关键词落地
/es/accessories/fc-sjl-50,es,strong,85,FC-SJL-50 enlace de datos UAV,FC-SJL-50 enlace de datos UAV | drone accessories | UAV components | industrial UAV parts,FC-SJL-50 enlace de datos UAV | N-TET Drone Accessories,FC-SJL-50 enlace de datos UAV,FC-SJL-50 enlace de datos UAV Technical Specifications | Solicitar solución y cotización | Resumen | Especificaciones técnicas | Solicitar solución y cotización,true,false,true,true,true,0.299,保持当前本地化关键词落地
/es/accessories/fc-u10-pro,es,strong,85,Controlador de vuelo FC-U10-PRO,Controlador de vuelo FC-U10-PRO | drone accessories | UAV components | industrial UAV parts,Controlador de vuelo FC-U10-PRO | N-TET Drone Accessories,Controlador de vuelo FC-U10-PRO,Controlador de vuelo FC-U10-PRO Technical Specifications | Solicitar solución y cotización | Resumen | Especificaciones técnicas | Solicitar solución y cotización,true,false,true,true,true,0.368,保持当前本地化关键词落地
/es/accessories/fc-u110,es,strong,100,Motor UAV FC-U110,Motor UAV FC-U110 | drone accessories | UAV components | industrial UAV parts,Motor UAV FC-U110 | N-TET Drone Accessories,Motor UAV FC-U110,Motor UAV FC-U110 Technical Specifications | Solicitar solución y cotización | Resumen | Especificaciones técnicas | Solicitar solución y cotización,true,true,true,true,true,0.145,保持当前本地化关键词落地
/es/accessories/fc-u12,es,strong,85,Controlador de vuelo FC-U12,Controlador de vuelo FC-U12 | drone accessories | UAV components | industrial UAV parts,Controlador de vuelo FC-U12 | N-TET Drone Accessories,Controlador de vuelo FC-U12,Controlador de vuelo FC-U12 Technical Specifications | Solicitar solución y cotización | Resumen | Especificaciones técnicas | Solicitar solución y cotización,true,false,true,true,true,0.378,保持当前本地化关键词落地
/es/accessories/fc-u8013,es,strong,100,Motor UAV FC-U8013,Motor UAV FC-U8013 | drone accessories | UAV components | industrial UAV parts,Motor UAV FC-U8013 | N-TET Drone Accessories,Motor UAV FC-U8013,Motor UAV FC-U8013 Technical Specifications | Solicitar solución y cotización | Resumen | Especificaciones técnicas | Solicitar solución y cotización,true,true,true,true,true,0.390,保持当前本地化关键词落地
/es/accessories/fc-u9-ag,es,strong,85,Controlador de vuelo agrícola FC-U9-AG,Controlador de vuelo agrícola FC-U9-AG | drone accessories | UAV components | industrial UAV parts,Controlador de vuelo agrícola FC-U9-AG | N-TET Drone Accessories,Controlador de vuelo agrícola FC-U9-AG,Controlador de vuelo agrícola FC-U9-AG Technical Specifications | Solicitar solución y cotización | Resumen | Especificaciones técnicas | Solicitar solución y cotización,true,false,true,true,true,0.356,保持当前本地化关键词落地
/es/accessories/fc-w2u-propeller,es,strong,85,Hélice UAV FC-W2U,Hélice UAV FC-W2U | drone accessories | UAV components | industrial UAV parts,Hélice UAV FC-W2U | N-TET Drone Accessories,Hélice UAV FC-W2U,Hélice UAV FC-W2U Technical Specifications | Solicitar solución y cotización | Resumen | Especificaciones técnicas | Solicitar solución y cotización,true,false,true,true,true,0.358,保持当前本地化关键词落地
/es/accessories/fc-x8030,es,strong,100,Motor UAV FC-X8030,Motor UAV FC-X8030 | drone accessories | UAV components | industrial UAV parts,Motor UAV FC-X8030 | N-TET Drone Accessories,Motor UAV FC-X8030,Motor UAV FC-X8030 Technical Specifications | Solicitar solución y cotización | Resumen | Especificaciones técnicas | Solicitar solución y cotización,true,true,true,true,true,0.172,保持当前本地化关键词落地
/es/accessories/fc-xh14,es,strong,100,Motor UAV FC-XH14,Motor UAV FC-XH14 | drone accessories | UAV components | industrial UAV parts,Motor UAV FC-XH14 | N-TET Drone Accessories,Motor UAV FC-XH14,Motor UAV FC-XH14 Technical Specifications | Solicitar solución y cotización | Resumen | Especificaciones técnicas | Solicitar solución y cotización,true,true,true,true,true,0.291,保持当前本地化关键词落地
/es/accessories/fc-yk15-remote-controller,es,strong,85,Control remoto para UAV FC-YK15,Control remoto para UAV FC-YK15 | drone accessories | UAV components | industrial UAV parts,Control remoto para UAV FC-YK15 | N-TET Drone Accessories,Control remoto para UAV FC-YK15,Control remoto para UAV FC-YK15 Technical Specifications | Solicitar solución y cotización | Resumen | Especificaciones técnicas | Solicitar solución y cotización,true,false,true,true,true,0.315,保持当前本地化关键词落地
/es/accessories/fc-yk24-remote-controller,es,strong,85,Control remoto para UAV FC-YK24,Control remoto para UAV FC-YK24 | drone accessories | UAV components | industrial UAV parts,Control remoto para UAV FC-YK24 | N-TET Drone Accessories,Control remoto para UAV FC-YK24,Control remoto para UAV FC-YK24 Technical Specifications | Solicitar solución y cotización | Resumen | Especificaciones técnicas | Solicitar solución y cotización,true,false,true,true,true,0.277,保持当前本地化关键词落地
/es/accessories/fc-yk32-remote-controller,es,strong,85,Control remoto para UAV FC-YK32,Control remoto para UAV FC-YK32 | drone accessories | UAV components | industrial UAV parts,Control remoto para UAV FC-YK32 | N-TET Drone Accessories,Control remoto para UAV FC-YK32,Control remoto para UAV FC-YK32 Technical Specifications | Solicitar solución y cotización | Resumen | Especificaciones técnicas | Solicitar solución y cotización,true,false,true,true,true,0.313,保持当前本地化关键词落地
/es/accessories/fc-ykrc7-remote-controller,es,strong,85,Control remoto para UAV FC-YKRC7,Control remoto para UAV FC-YKRC7 | drone accessories | UAV components | industrial UAV parts,Control remoto para UAV FC-YKRC7 | N-TET Drone Accessories,Control remoto para UAV FC-YKRC7,Control remoto para UAV FC-YKRC7 Technical Specifications | Solicitar solución y cotización | Resumen | Especificaciones técnicas | Solicitar solución y cotización,true,false,true,true,true,0.250,保持当前本地化关键词落地
/es/cases,es,strong,100,casos UAV,casos UAV | patrullaje UAV | monitoreo de baja altitud | inspección UAV,Casos UAV de inspección y monitoreo | N-TET,Casos UAV de inspección y monitoreo,Casos UAV por región y escenario | Solicitar solución y cotización | Solicitar solución y cotización,true,true,true,true,true,0.623,保持当前本地化关键词落地
/es/cases/anhui-flood-season-uav-patrol,es,strong,100,Anhui Flood-Season emergencia UAV patrullaje,Anhui Flood-Season emergencia UAV patrullaje | N-TET,Anhui Flood-Season emergencia UAV patrullaje | N-TET,Anhui Flood-Season emergencia UAV patrullaje,Anhui Flood-Season emergencia UAV patrullaje Project Overview | Equipos relacionados | Solicitar solución y cotización | Resumen | Equipos relacionados | Solicitar solución y cotización,true,true,true,true,true,0.814,保持当前本地化关键词落地
/es/cases/brazil-refinery-low-altitude-monitoring,es,strong,100,Espacio aéreo monitoreo Case of a Refinery in Brazil,Espacio aéreo monitoreo Case of a Refinery in Brazil | N-TET,Espacio aéreo monitoreo Case of a Refinery in Brazil | N-TET,Espacio aéreo monitoreo Case of a Refinery in Brazil,Espacio aéreo monitoreo Case of a Refinery in Brazil Project Overview | Equipos relacionados | Solicitar solución y cotización | Resumen | Equipos relacionados | Solicitar solución y cotización,true,true,true,true,true,0.786,保持当前本地化关键词落地
/es/cases/ice-snow-emergency-uav-inspection,es,strong,100,Ice and Snow Disaster emergencia UAV inspección,Ice and Snow Disaster emergencia UAV inspección | N-TET,Ice and Snow Disaster emergencia UAV inspección | N-TET,Ice and Snow Disaster emergencia UAV inspección,Ice and Snow Disaster emergencia UAV inspección Project Overview | Equipos relacionados | Solicitar solución y cotización | Resumen | Equipos relacionados | Solicitar solución y cotización,true,true,true,true,true,0.804,保持当前本地化关键词落地
/es/cases/lidar-tree-obstruction-uav-inspection,es,strong,100,LiDAR Tree-Obstruction UAV inspección,LiDAR Tree-Obstruction UAV inspección | N-TET,LiDAR Tree-Obstruction UAV inspección | N-TET,LiDAR Tree-Obstruction UAV inspección,LiDAR Tree-Obstruction UAV inspección Project Overview | Equipos relacionados | Solicitar solución y cotización | Resumen | Equipos relacionados | Solicitar solución y cotización,true,true,true,true,true,0.820,保持当前本地化关键词落地
/es/cases/nigeria-factory-low-altitude-monitoring,es,strong,100,Espacio aéreo monitoreo Case of a Group Factory in Nigeria,Espacio aéreo monitoreo Case of a Group Factory in Nigeria | N-TET,Espacio aéreo monitoreo Case of a Group Factory in Nigeria | N-TET,Espacio aéreo monitoreo Case of a Group Factory in Nigeria,Espacio aéreo monitoreo Case of a Group Factory in Nigeria Project Overview | Equipos relacionados | Solicitar solución y cotización | Resumen | Equipos relacionados | Solicitar solución y cotización,true,true,true,true,true,0.783,保持当前本地化关键词落地
/es/cases/pakistan-power-plant-low-altitude-monitoring,es,strong,100,Espacio aéreo monitoreo Case of a eléctrica Plant in Pakistan,Espacio aéreo monitoreo Case of a eléctrica Plant in Pakistan | N-TET,Espacio aéreo monitoreo Case of a eléctrica Plant in Pakistan | N-TET,Espacio aéreo monitoreo Case of a eléctrica Plant in Pakistan,Espacio aéreo monitoreo Case of a eléctrica Plant in Pakistan Project Overview | Equipos relacionados | Solicitar solución y cotización | Resumen | Equipos relacionados | Solicitar solución y cotización,true,true,true,true,true,0.782,保持当前本地化关键词落地
/es/cases/southern-grid-wildfire-uav-inspection,es,strong,100,Southern red eléctrica Wildfire Prevention UAV inspección,Southern red eléctrica Wildfire Prevention UAV inspección | N-TET,Southern red eléctrica Wildfire Prevention UAV inspección | N-TET,Southern red eléctrica Wildfire Prevention UAV inspección,Southern red eléctrica Wildfire Prevention UAV inspección Project Overview | Equipos relacionados | Solicitar solución y cotización | Resumen | Equipos relacionados | Solicitar solución y cotización,true,true,true,true,true,0.805,保持当前本地化关键词落地
/es/cases/wildfire-emergency-transmission-line-uav-patrol,es,strong,100,Wildfire emergencia Transmission-línea UAV patrullaje,Wildfire emergencia Transmission-línea UAV patrullaje | N-TET,Wildfire emergencia Transmission-línea UAV patrullaje | N-TET,Wildfire emergencia Transmission-línea UAV patrullaje,Wildfire emergencia Transmission-línea UAV patrullaje Project Overview | Equipos relacionados | Solicitar solución y cotización | Resumen | Equipos relacionados | Solicitar solución y cotización,true,true,true,true,true,0.814,保持当前本地化关键词落地
/es/cases/zhaoqing-long-distance-power-line-uav-inspection,es,strong,100,Zhaoqing Long-Distance eléctrica-línea UAV inspección,Zhaoqing Long-Distance eléctrica-línea UAV inspección | N-TET,Zhaoqing Long-Distance eléctrica-línea UAV inspección | N-TET,Zhaoqing Long-Distance eléctrica-línea UAV inspección,Zhaoqing Long-Distance eléctrica-línea UAV inspección Project Overview | Equipos relacionados | Solicitar solución y cotización | Resumen | Equipos relacionados | Solicitar solución y cotización,true,true,true,true,true,0.814,保持当前本地化关键词落地
/es/contact,es,strong,100,cotización UAV industrial,cotización UAV industrial | proveedor UAV | solución de inspección con drones | monitoreo de baja altitud,Cotización UAV industrial | N-TET,Cotización UAV industrial,Cotización UAV industrial y consulta de proyecto | Solicitar solución y cotización | Solicitar solución y cotización,true,true,true,true,true,0.442,保持当前本地化关键词落地
/es/media,es,strong,100,noticias UAV industriales,noticias UAV industriales | economía de baja altitud | UAV cautivo | monitoreo de infraestructura,Noticias UAV industriales | N-TET,Noticias UAV industriales,Noticias UAV industriales y economía de baja altitud | Último | Solicitar solución y cotización | Solicitar solución y cotización,true,true,true,true,true,0.769,保持当前本地化关键词落地
/es/media/border-surveillance-uav-network-2026,es,strong,85,UAV and EO/IR Networks Improve remoto patrullaje Visibility,UAV and EO/IR Networks Improve remoto patrullaje Visibility | N-TET,UAV and EO/IR Networks Improve remoto patrullaje Visibility | N-TET,UAV and EO/IR Networks Improve remoto patrullaje Visibility,Solicitar solución y cotización | Solicitar solución y cotización,true,true,true,false,true,0.715,保持当前本地化关键词落地
/es/media/industrial-uav-redundancy-2026,es,strong,85,Dual-Redundant vuelo Control: How industrial UAV Achieve Mission-Grade Reliability,Dual-Redundant vuelo Control: How industrial UAV Achieve Mission-Grade Reliability | N-TET,Dual-Redundant vuelo Control: How industrial UAV Achieve Mission-Grade Reliability | N-TET,Dual-Redundant vuelo Control: How industrial UAV Achieve Mission-Grade Reliability,Solicitar solución y cotización | Solicitar solución y cotización,true,true,true,false,true,0.715,保持当前本地化关键词落地
/es/media/low-altitude-economy-2026-outlook,es,strong,85,China's baja altitud Economy: 2026 Outlook on a Two-Trillion-RMB Trajectory,China's baja altitud Economy: 2026 Outlook on a Two-Trillion-RMB Trajectory | N-TET,China's baja altitud Economy: 2026 Outlook on a Two-Trillion-RMB Trajectory | N-TET,China's baja altitud Economy: 2026 Outlook on a Two-Trillion-RMB Trajectory,Solicitar solución y cotización | Solicitar solución y cotización,true,true,true,false,true,0.712,保持当前本地化关键词落地
/es/media/tethered-uav-persistent-surveillance-2026,es,strong,85,Cautivo UAV: Continuous Aerial monitoreo for Events and remoto Sites,Cautivo UAV: Continuous Aerial monitoreo for Events and remoto Sites | N-TET,Cautivo UAV: Continuous Aerial monitoreo for Events and remoto Sites | N-TET,Cautivo UAV: Continuous Aerial monitoreo for Events and remoto Sites,Solicitar solución y cotización | Solicitar solución y cotización,true,true,true,false,true,0.712,保持当前本地化关键词落地
/es/products,es,partial,65,sistemas UAV industriales,sistemas UAV industriales | dron de inspección UAV | UAV de emergencia | equipos de monitoreo de baja altitud,Sistemas UAV industriales y equipos de monitoreo | N-TET,Centro de tecnología y equipos,Sistemas UAV y drones | Solicitar solución y cotización,true,true,false,false,true,0.164,优先把主关键词写入 H1
/es/products/bailey-bridge,es,strong,100,Bailey Steel Bridge Overview,Bailey Steel Bridge Overview | engineering materials | Bailey steel bridge | infrastructure support equipment | N-TET,Bailey Steel Bridge Overview | N-TET,Bailey Steel Bridge Overview,Bailey Steel Bridge Overview Technical Specifications | Solicitar solución y cotización | Resumen | Especificaciones técnicas | Solicitar solución y cotización,true,true,true,true,true,1.741,保持当前本地化关键词落地
/es/products/composite-electro-optical-tracking-system,es,strong,100,Electro-Optical EO seguimiento sistema,Electro-Optical EO seguimiento sistema | low altitude monitoring equipment | drone detection equipment | airspace monitoring system | N-TET,Electro-Optical (EO) seguimiento sistema | N-TET,Electro-Optical EO seguimiento sistema,Electro-Optical EO seguimiento sistema Technical Specifications | Solicitar solución y cotización | Resumen | Especificaciones técnicas | Solicitar solución y cotización,true,true,true,true,true,0.537,保持当前本地化关键词落地
/es/products/containerized-medical-rescue-system,es,strong,100,Containerized Medical rescate sistema,Containerized Medical rescate sistema | field hospital system | containerized medical rescue system | emergency medical shelter | N-TET,Containerized Medical rescate sistema | N-TET,Containerized Medical rescate sistema,Containerized Medical rescate sistema Technical Specifications | Solicitar solución y cotización | Resumen | Especificaciones técnicas | Solicitar solución y cotización,true,true,true,true,true,1.064,保持当前本地化关键词落地
/es/products/emergency-search-rescue-drone,es,strong,100,thermal drones for search and rescue,thermal drones for search and rescue | search and rescue drone | search and rescue UAV | drone rescue | Emergencia búsqueda & rescate dron | industrial UAV systems | UAV inspection drone | emergency response UAV,Emergencia búsqueda & rescate dron | N-TET,Emergencia búsqueda & rescate dron,Emergencia búsqueda & rescate dron Technical Specifications | Solicitar solución y cotización | Resumen | Especificaciones técnicas | Solicitar solución y cotización,true,true,true,true,true,0.678,保持当前本地化关键词落地
/es/products/fbg-g15-fc06-explosion-containment-vessel,es,strong,100,Explosion Containment Vessel FBG-G1.5-FC06,Explosion Containment Vessel FBG-G1.5-FC06 | security screening equipment | X-ray baggage scanner | walk-through metal detector | N-TET,Explosion Containment Vessel FBG-G1.5-FC06 | N-TET,Explosion Containment Vessel FBG-G1.5-FC06,Explosion Containment Vessel FBG-G1.5-FC06 Technical Specifications | Solicitar solución y cotización | Resumen | Especificaciones técnicas | Solicitar solución y cotización,true,true,true,true,true,1.045,保持当前本地化关键词落地
/es/products/fbt-fc09-explosion-protection-blanket,es,strong,100,Explosion Protection Blanket FBT-FC09,Explosion Protection Blanket FBT-FC09 | security screening equipment | X-ray baggage scanner | walk-through metal detector | N-TET,Explosion Protection Blanket FBT-FC09 | N-TET,Explosion Protection Blanket FBT-FC09,Explosion Protection Blanket FBT-FC09 Technical Specifications | Solicitar solución y cotización | Resumen | Especificaciones técnicas | Solicitar solución y cotización,true,true,true,true,true,1.046,保持当前本地化关键词落地
/es/products/fc-3000-ferromagnetic-detection-column,es,strong,100,Intelligent Ferromagnetic detección sistema FC-3000,Intelligent Ferromagnetic detección sistema FC-3000 | security screening equipment | X-ray baggage scanner | walk-through metal detector | N-TET,Intelligent Ferromagnetic detección sistema FC-3000 | N-TET,Intelligent Ferromagnetic detección sistema FC-3000,Intelligent Ferromagnetic detección sistema FC-3000 Technical Specifications | Solicitar solución y cotización | Resumen | Especificaciones técnicas | Solicitar solución y cotización,true,true,true,true,true,0.966,保持当前本地化关键词落地
/es/products/fc-c-deluxe-walk-through-metal-detector,es,strong,100,Walk-Through Metal Detector FC-C Deluxe,Walk-Through Metal Detector FC-C Deluxe | security screening equipment | X-ray baggage scanner | walk-through metal detector | N-TET,Walk-Through Metal Detector FC-C (Deluxe) | N-TET,Walk-Through Metal Detector FC-C Deluxe,Walk-Through Metal Detector FC-C Deluxe Technical Specifications | Solicitar solución y cotización | Resumen | Especificaciones técnicas | Solicitar solución y cotización,true,true,true,true,true,1.170,保持当前本地化关键词落地
/es/products/fc-c-lcd-walk-through-metal-detector,es,strong,100,Walk-Through Metal Detector FC-C LCD,Walk-Through Metal Detector FC-C LCD | 12-Zone | security screening equipment | X-ray baggage scanner | walk-through metal detector | N-TET,"Walk-Through Metal Detector FC-C (LCD, 12-Zone) | N-TET","Walk-Through Metal Detector FC-C LCD, 12-Zone","Walk-Through Metal Detector FC-C LCD, 12-Zone Technical Specifications | Solicitar solución y cotización | Resumen | Especificaciones técnicas | Solicitar solución y cotización",true,true,true,true,true,1.796,保持当前本地化关键词落地
/es/products/fc-dlxj-01-power-grid-inspection-drone,es,strong,100,drone power line inspection,drone power line inspection | power line inspection drone | UAV power line inspection | utility inspection drone | Eléctrica red eléctrica inspección dron | industrial UAV systems | UAV inspection drone | emergency response UAV,Eléctrica red eléctrica inspección dron | N-TET,Eléctrica red eléctrica inspección dron,Eléctrica red eléctrica inspección dron Technical Specifications | Solicitar solución y cotización | Resumen | Especificaciones técnicas | Solicitar solución y cotización,true,true,true,true,true,0.670,保持当前本地化关键词落地
/es/products/fc-dma-long-range-optical-turntable,es,strong,100,FC-DMA Multi-Spectral EO/IR PTZ Turret,FC-DMA Multi-Spectral EO/IR PTZ Turret | perimeter intelligence | electro optical surveillance | radar vision fusion system | N-TET,FC-DMA Multi-Spectral EO/IR PTZ Turret | N-TET,FC-DMA Multi-Spectral EO/IR PTZ Turret,FC-DMA Multi-Spectral EO/IR PTZ Turret Technical Specifications | Solicitar solución y cotización | Resumen | Especificaciones técnicas | Solicitar solución y cotización,true,true,true,true,true,0.710,保持当前本地化关键词落地
/es/products/fc-dms10-smart-electronic-sentinel,es,strong,100,FC-DMS10 Series Smart Electronic Sentinel,FC-DMS10 Series Smart Electronic Sentinel | perimeter intelligence | electro optical surveillance | radar vision fusion system | N-TET,FC-DMS10 Series Smart Electronic Sentinel | N-TET,FC-DMS10 Series Smart Electronic Sentinel,FC-DMS10 Series Smart Electronic Sentinel Technical Specifications | Solicitar solución y cotización | Resumen | Especificaciones técnicas | Solicitar solución y cotización,true,true,true,true,true,0.853,保持当前本地化关键词落地
/es/products/fc-dtvc-dual-band-thermal-ptz,es,strong,100,FC-DTVC Series Dual-Band Thermal High-Speed Dome,FC-DTVC Series Dual-Band Thermal High-Speed Dome | perimeter intelligence | electro optical surveillance | radar vision fusion system | N-TET,FC-DTVC Series Dual-Band Thermal High-Speed Dome | N-TET,FC-DTVC Series Dual-Band Thermal High-Speed Dome,FC-DTVC Series Dual-Band Thermal High-Speed Dome Technical Specifications | Solicitar solución y cotización | Resumen | Especificaciones técnicas | Solicitar solución y cotización,true,true,true,true,true,0.782,保持当前本地化关键词落地
/es/products/fc-h-smart-phone-detection-gate,es,strong,100,Smart Phone detección Gate FC-H,Smart Phone detección Gate FC-H | security screening equipment | X-ray baggage scanner | walk-through metal detector | N-TET,Smart Phone detección Gate FC-H | N-TET,Smart Phone detección Gate FC-H,Smart Phone detección Gate FC-H Technical Specifications | Solicitar solución y cotización | Resumen | Especificaciones técnicas | Solicitar solución y cotización,true,true,true,true,true,0.845,保持当前本地化关键词落地
/es/products/fc-h-smart-phone-detection-gate-29in,es,strong,100,Smart Phone detección Gate FC-H 29-inch Display,Smart Phone detección Gate FC-H 29-inch Display | security screening equipment | X-ray baggage scanner | walk-through metal detector | N-TET,Smart Phone detección Gate FC-H (29-inch Display) | N-TET,Smart Phone detección Gate FC-H 29-inch Display,Smart Phone detección Gate FC-H 29-inch Display Technical Specifications | Solicitar solución y cotización | Resumen | Especificaciones técnicas | Solicitar solución y cotización,true,true,true,true,true,0.505,保持当前本地化关键词落地
/es/products/fc-pd500-personal-radiation-dose-alarm,es,strong,100,FC-PD500 X-γ Personal Radiation Dose Alarm,FC-PD500 X-γ Personal Radiation Dose Alarm | security screening equipment | X-ray baggage scanner | walk-through metal detector | N-TET,FC-PD500 X-γ Personal Radiation Dose Alarm | N-TET,FC-PD500 X-γ Personal Radiation Dose Alarm,FC-PD500 X-γ Personal Radiation Dose Alarm Technical Specifications | Solicitar solución y cotización | Resumen | Especificaciones técnicas | Solicitar solución y cotización,true,true,true,true,true,0.939,保持当前本地化关键词落地
/es/products/fc-rc-series-hd-laser-camera,es,strong,100,FC-RC Series HD Long-Range Laser Camera,FC-RC Series HD Long-Range Laser Camera | perimeter intelligence | electro optical surveillance | radar vision fusion system | N-TET,FC-RC Series HD Long-Range Laser Camera | N-TET,FC-RC Series HD Long-Range Laser Camera,FC-RC Series HD Long-Range Laser Camera Technical Specifications | Solicitar solución y cotización | Resumen | Especificaciones técnicas | Solicitar solución y cotización,true,true,true,true,true,0.794,保持当前本地化关键词落地
/es/products/fc-rds500-4r-radar-vision-sentinel,es,strong,100,FC-RDS500-4R Radar-Vision Fusion sistema,FC-RDS500-4R Radar-Vision Fusion sistema | perimeter intelligence | electro optical surveillance | radar vision fusion system | N-TET,FC-RDS500-4R Radar-Vision Fusion sistema | N-TET,FC-RDS500-4R Radar-Vision Fusion sistema,FC-RDS500-4R Radar-Vision Fusion sistema Technical Specifications | Solicitar solución y cotización | Resumen | Especificaciones técnicas | Solicitar solución y cotización,true,true,true,true,true,0.781,保持当前本地化关键词落地
/es/products/fc-sljc-01-water-conservancy-monitoring-drone,es,strong,100,water conservancy monitoring UAV,water conservancy monitoring UAV | dam inspection UAV | river lake UAV monitoring | flood monitoring drone | Gestión hídrica monitoreo UAV | industrial UAV systems | UAV inspection drone | emergency response UAV,Gestión hídrica monitoreo UAV | N-TET,Gestión hídrica monitoreo UAV,Gestión hídrica monitoreo UAV Technical Specifications | Solicitar solución y cotización | Resumen | Especificaciones técnicas | Solicitar solución y cotización,true,true,true,true,true,0.680,保持当前本地化关键词落地
/es/products/fc-smart-swing-turnstile,es,strong,100,Deluxe Smart Swing Turnstile,Deluxe Smart Swing Turnstile | security screening equipment | X-ray baggage scanner | walk-through metal detector | N-TET,Deluxe Smart Swing Turnstile | N-TET,Deluxe Smart Swing Turnstile,Deluxe Smart Swing Turnstile Technical Specifications | Solicitar solución y cotización | Resumen | Especificaciones técnicas | Solicitar solución y cotización,true,true,true,true,true,1.001,保持当前本地化关键词落地
/es/products/fc-ttvc-intelligent-multi-band-camera,es,strong,100,FC-TTVC Series Intelligent Multi-Band Camera,FC-TTVC Series Intelligent Multi-Band Camera | perimeter intelligence | electro optical surveillance | radar vision fusion system | N-TET,FC-TTVC Series Intelligent Multi-Band Camera | N-TET,FC-TTVC Series Intelligent Multi-Band Camera,FC-TTVC Series Intelligent Multi-Band Camera Technical Specifications | Solicitar solución y cotización | Resumen | Especificaciones técnicas | Solicitar solución y cotización,true,true,true,true,true,0.916,保持当前本地化关键词落地
/es/products/fc-yjtx-01-emergency-communication-drone,es,strong,100,emergency communication UAV,emergency communication UAV | disaster response communication drone | tethered communication UAV | public safety UAV communications | Emergencia comunicación cautivo UAV | industrial UAV systems | UAV inspection drone | emergency response UAV,Emergencia comunicación cautivo UAV | N-TET,Emergencia comunicación cautivo UAV,Emergencia comunicación cautivo UAV Technical Specifications | Solicitar solución y cotización | Resumen | Especificaciones técnicas | Solicitar solución y cotización,true,true,true,true,true,0.670,保持当前本地化关键词落地
/es/products/fc-yjxf-01-aerial-firefighting-drone,es,strong,100,firefighting drone,firefighting drone | drone fire fighting | drone for fire fighting | high-rise firefighting UAV | High-Rise apoyo contra incendios cautivo UAV | industrial UAV systems | UAV inspection drone | emergency response UAV,High-Rise apoyo contra incendios cautivo UAV | N-TET,High-Rise apoyo contra incendios cautivo UAV,High-Rise apoyo contra incendios cautivo UAV Technical Specifications | Solicitar solución y cotización | Resumen | Especificaciones técnicas | Solicitar solución y cotización,true,true,true,true,true,0.673,保持当前本地化关键词落地
/es/products/fc-yjzc-01-emergency-reconnaissance-drone,es,strong,100,search and rescue drone,search and rescue drone | drone rescue | emergency reconnaissance drone | disaster response UAV | Emergencia Response dron | industrial UAV systems | UAV inspection drone | emergency response UAV,Emergencia Response dron | N-TET,Emergencia Response dron,Emergencia Response dron Technical Specifications | Solicitar solución y cotización | Resumen | Especificaciones técnicas | Solicitar solución y cotización,true,true,true,true,true,0.679,保持当前本地化关键词落地
/es/products/fc-yjzm-01-emergency-lighting-drone,es,strong,100,drone lighting,drone lighting | UAV lighting | tethered lighting UAV | emergency lighting drone | Cautivo iluminación UAV | industrial UAV systems | UAV inspection drone | emergency response UAV,Cautivo iluminación UAV | N-TET,Cautivo iluminación UAV,Cautivo iluminación UAV Technical Specifications | Solicitar solución y cotización | Resumen | Especificaciones técnicas | Solicitar solución y cotización,true,true,true,true,true,0.682,保持当前本地化关键词落地
/es/products/fc-yqxj-01-utility-inspection-drone,es,strong,100,pipeline inspection drones,pipeline inspection drones | UAV pipeline inspection | oil and gas drone inspection | drone pipeline inspection | Oil & Gas Pipeline inspección dron | industrial UAV systems | UAV inspection drone | emergency response UAV,Oil & Gas Pipeline inspección dron | N-TET,Oil & Gas Pipeline inspección dron,Oil & Gas Pipeline inspección dron Technical Specifications | Solicitar solución y cotización | Resumen | Especificaciones técnicas | Solicitar solución y cotización,true,true,true,true,true,0.670,保持当前本地化关键词落地
/es/products/fc1500-handheld-liquid-detector,es,strong,100,Handheld Liquid Detector FC1500,Handheld Liquid Detector FC1500 | security screening equipment | X-ray baggage scanner | walk-through metal detector | N-TET,Handheld Liquid Detector FC1500 | N-TET,Handheld Liquid Detector FC1500,Handheld Liquid Detector FC1500 Technical Specifications | Solicitar solución y cotización | Resumen | Especificaciones técnicas | Solicitar solución y cotización,true,true,true,true,true,1.040,保持当前本地化关键词落地
/es/products/fc1500b-desktop-liquid-security-inspector,es,strong,100,Desktop Liquid seguridad Inspector FC1500B,Desktop Liquid seguridad Inspector FC1500B | security screening equipment | X-ray baggage scanner | walk-through metal detector | N-TET,Desktop Liquid seguridad Inspector FC1500B | N-TET,Desktop Liquid seguridad Inspector FC1500B,Desktop Liquid seguridad Inspector FC1500B Technical Specifications | Solicitar solución y cotización | Resumen | Especificaciones técnicas | Solicitar solución y cotización,true,true,true,true,true,1.010,保持当前本地化关键词落地
/es/products/fc1800b-portable-explosives-and-narcotics-detector,es,strong,100,Portable Explosives & Narcotics Detector FC1800B,Portable Explosives & Narcotics Detector FC1800B | security screening equipment | X-ray baggage scanner | walk-through metal detector | N-TET,Portable Explosives & Narcotics Detector FC1800B | N-TET,Portable Explosives & Narcotics Detector FC1800B,Portable Explosives & Narcotics Detector FC1800B Technical Specifications | Solicitar solución y cotización | Resumen | Especificaciones técnicas | Solicitar solución y cotización,true,true,true,true,true,1.036,保持当前本地化关键词落地
/es/products/fc1800t-desktop-explosives-narcotics-detector,es,strong,100,Desktop Explosives & Narcotics Detector FC1800T,Desktop Explosives & Narcotics Detector FC1800T | security screening equipment | X-ray baggage scanner | walk-through metal detector | N-TET,Desktop Explosives & Narcotics Detector FC1800T | N-TET,Desktop Explosives & Narcotics Detector FC1800T,Desktop Explosives & Narcotics Detector FC1800T Technical Specifications | Solicitar solución y cotización | Resumen | Especificaciones técnicas | Solicitar solución y cotización,true,true,true,true,true,1.019,保持当前本地化关键词落地
/es/products/fc2088-handheld-metal-detector,es,strong,100,Handheld Metal Detector FC2088,Handheld Metal Detector FC2088 | security screening equipment | X-ray baggage scanner | walk-through metal detector | N-TET,Handheld Metal Detector FC2088 | N-TET,Handheld Metal Detector FC2088,Handheld Metal Detector FC2088 Technical Specifications | Solicitar solución y cotización | Resumen | Especificaciones técnicas | Solicitar solución y cotización,true,true,true,true,true,1.044,保持当前本地化关键词落地
/es/products/fc4028-neutron-ambient-dose-rate-meter,es,strong,100,FC4028 Neutron Ambient Dose Equivalent Rate Meter,FC4028 Neutron Ambient Dose Equivalent Rate Meter | security screening equipment | X-ray baggage scanner | walk-through metal detector | N-TET,FC4028 Neutron Ambient Dose Equivalent (Rate) Meter | N-TET,FC4028 Neutron Ambient Dose Equivalent Rate Meter,FC4028 Neutron Ambient Dose Equivalent Rate Meter Technical Specifications | Solicitar solución y cotización | Resumen | Especificaciones técnicas | Solicitar solución y cotización,true,true,true,true,true,0.427,保持当前本地化关键词落地
/es/products/fc5030-compact-x-ray-baggage-scanner,es,strong,100,X-Ray Baggage Scanner FC5030,X-Ray Baggage Scanner FC5030 | security screening equipment | X-ray baggage scanner | walk-through metal detector | N-TET,X-Ray Baggage Scanner FC5030 | N-TET,X-Ray Baggage Scanner FC5030,X-Ray Baggage Scanner FC5030 Technical Specifications | Solicitar solución y cotización | Resumen | Especificaciones técnicas | Solicitar solución y cotización,true,true,true,true,true,1.683,保持当前本地化关键词落地
/es/products/fc6550-standard-x-ray-baggage-scanner,es,strong,100,X-Ray Baggage Scanner FC6550,X-Ray Baggage Scanner FC6550 | security screening equipment | X-ray baggage scanner | walk-through metal detector | N-TET,X-Ray Baggage Scanner FC6550 | N-TET,X-Ray Baggage Scanner FC6550,X-Ray Baggage Scanner FC6550 Technical Specifications | Solicitar solución y cotización | Resumen | Especificaciones técnicas | Solicitar solución y cotización,true,true,true,true,true,1.659,保持当前本地化关键词落地
/es/products/fc6550d-dual-view-baggage-scanner,es,strong,100,Dual-View X-Ray Baggage Scanner FC6550D,Dual-View X-Ray Baggage Scanner FC6550D | security screening equipment | X-ray baggage scanner | walk-through metal detector | N-TET,Dual-View X-Ray Baggage Scanner FC6550D | N-TET,Dual-View X-Ray Baggage Scanner FC6550D,Dual-View X-Ray Baggage Scanner FC6550D Technical Specifications | Solicitar solución y cotización | Resumen | Especificaciones técnicas | Solicitar solución y cotización,true,true,true,true,true,1.672,保持当前本地化关键词落地
/es/products/fc902-personal-radiation-dose-alarm,es,strong,100,X-γ Radiation Dose Alarm FC902,X-γ Radiation Dose Alarm FC902 | security screening equipment | X-ray baggage scanner | walk-through metal detector | N-TET,X-γ Radiation Dose Alarm FC902 | N-TET,X-γ Radiation Dose Alarm FC902,X-γ Radiation Dose Alarm FC902 Technical Specifications | Solicitar solución y cotización | Resumen | Especificaciones técnicas | Solicitar solución y cotización,true,true,true,true,true,0.933,保持当前本地化关键词落地
/es/products/handheld-rf-detection-system-mini,es,strong,100,Handheld RF detección sistema,Handheld RF detección sistema | low altitude monitoring equipment | drone detection equipment | airspace monitoring system | N-TET,Handheld RF detección sistema | N-TET,Handheld RF detección sistema,Handheld RF detección sistema Technical Specifications | Solicitar solución y cotización | Resumen | Especificaciones técnicas | Solicitar solución y cotización,true,true,true,true,true,1.016,保持当前本地化关键词落地
/es/products/intelligent-mobile-cabin-hospital,es,strong,100,Intelligent Mobile Cabin Hospital,Intelligent Mobile Cabin Hospital | field hospital system | containerized medical rescue system | emergency medical shelter | N-TET,Intelligent Mobile Cabin Hospital | N-TET,Intelligent Mobile Cabin Hospital,Intelligent Mobile Cabin Hospital Technical Specifications | Solicitar solución y cotización | Resumen | Especificaciones técnicas | Solicitar solución y cotización,true,true,true,true,true,1.079,保持当前本地化关键词落地
/es/products/low-altitude-3d-pulse-doppler-radar,es,strong,100,Baja altitud detección Radar X-Band,Baja altitud detección Radar X-Band | low altitude monitoring equipment | drone detection equipment | airspace monitoring system | N-TET,Baja altitud detección Radar (X-Band) | N-TET,Baja altitud detección Radar X-Band,Baja altitud detección Radar X-Band Technical Specifications | Solicitar solución y cotización | Resumen | Especificaciones técnicas | Solicitar solución y cotización,true,true,true,true,true,0.541,保持当前本地化关键词落地
/es/products/low-altitude-detection-radar-ku-band,es,strong,100,Baja altitud detección Radar Ku-Band,Baja altitud detección Radar Ku-Band | low altitude monitoring equipment | drone detection equipment | airspace monitoring system | N-TET,Baja altitud detección Radar (Ku-Band) | N-TET,Baja altitud detección Radar Ku-Band,Baja altitud detección Radar Ku-Band Technical Specifications | Solicitar solución y cotización | Resumen | Especificaciones técnicas | Solicitar solución y cotización,true,true,true,true,true,0.548,保持当前本地化关键词落地
/es/products/multi-rotor-20kg-payload-uav,es,strong,100,20kg carga útil multirrotor UAV,20kg carga útil multirrotor UAV | industrial UAV systems | UAV inspection drone | emergency response UAV | N-TET,20kg carga útil multirrotor UAV | N-TET,20kg carga útil multirrotor UAV,20kg carga útil multirrotor UAV Technical Specifications | Solicitar solución y cotización | Resumen | Especificaciones técnicas | Solicitar solución y cotización,true,true,true,true,true,1.031,保持当前本地化关键词落地
/es/products/multi-rotor-3kg-payload-uav,es,strong,100,3kg carga útil multirrotor UAV,3kg carga útil multirrotor UAV | industrial UAV systems | UAV inspection drone | emergency response UAV | N-TET,3kg carga útil multirrotor UAV | N-TET,3kg carga útil multirrotor UAV,3kg carga útil multirrotor UAV Technical Specifications | Solicitar solución y cotización | Resumen | Especificaciones técnicas | Solicitar solución y cotización,true,true,true,true,true,1.035,保持当前本地化关键词落地
/es/products/multi-rotor-50kg-payload-uav,es,strong,100,50kg carga útil multirrotor UAV,50kg carga útil multirrotor UAV | industrial UAV systems | UAV inspection drone | emergency response UAV | N-TET,50kg carga útil multirrotor UAV | N-TET,50kg carga útil multirrotor UAV,50kg carga útil multirrotor UAV Technical Specifications | Solicitar solución y cotización | Resumen | Especificaciones técnicas | Solicitar solución y cotización,true,true,true,true,true,1.030,保持当前本地化关键词落地
/es/products/multi-rotor-8kg-payload-uav,es,strong,100,8kg carga útil multirrotor UAV,8kg carga útil multirrotor UAV | industrial UAV systems | UAV inspection drone | emergency response UAV | N-TET,8kg carga útil multirrotor UAV | N-TET,8kg carga útil multirrotor UAV,8kg carga útil multirrotor UAV Technical Specifications | Solicitar solución y cotización | Resumen | Especificaciones técnicas | Solicitar solución y cotización,true,true,true,true,true,1.038,保持当前本地化关键词落地
/es/products/portable-rf-detection-case,es,strong,100,Hand-carried RF detección sistema,Hand-carried RF detección sistema | low altitude monitoring equipment | drone detection equipment | airspace monitoring system | N-TET,Hand-carried RF detección sistema | N-TET,Hand-carried RF detección sistema,Hand-carried RF detección sistema Technical Specifications | Solicitar solución y cotización | Resumen | Especificaciones técnicas | Solicitar solución y cotización,true,true,true,true,true,1.072,保持当前本地化关键词落地
/es/products/power-tower-inspection-drone,es,strong,100,drone power line inspection,drone power line inspection | power line inspection drone | drones for utility inspection | transmission tower inspection UAV | Eléctrica Tower inspección UAV | industrial UAV systems | UAV inspection drone | emergency response UAV,Eléctrica Tower inspección UAV | N-TET,Eléctrica Tower inspección UAV,Eléctrica Tower inspección UAV Technical Specifications | Solicitar solución y cotización | Resumen | Especificaciones técnicas | Solicitar solución y cotización,true,true,true,true,true,0.646,保持当前本地化关键词落地
/es/products/smart-substation-autonomous-inspection-system,es,strong,100,smart substation autonomous inspection,smart substation autonomous inspection | substation inspection drone | power utility UAV inspection | autonomous UAV inspection | Smart subestación Autonomous UAV inspección sistema | industrial UAV systems | UAV inspection drone | emergency response UAV,Smart subestación Autonomous UAV inspección sistema | N-TET,Smart subestación Autonomous UAV inspección sistema,Smart subestación Autonomous UAV inspección sistema Technical Specifications | Solicitar solución y cotización | Resumen | Especificaciones técnicas | Solicitar solución y cotización,true,true,true,true,true,0.662,保持当前本地化关键词落地
/es/products/stationary-rf-detection-system,es,strong,100,Stationary RF detección sistema,Stationary RF detección sistema | low altitude monitoring equipment | drone detection equipment | airspace monitoring system | N-TET,Stationary RF detección sistema | N-TET,Stationary RF detección sistema,Stationary RF detección sistema Technical Specifications | Solicitar solución y cotización | Resumen | Especificaciones técnicas | Solicitar solución y cotización,true,true,true,true,true,1.047,保持当前本地化关键词落地
/es/products/uav-remote-id-monitoring-system,es,strong,100,UAV remoto ID monitoreo sistema,UAV remoto ID monitoreo sistema | low altitude monitoring equipment | drone detection equipment | airspace monitoring system | N-TET,UAV remoto ID monitoreo sistema | N-TET,UAV remoto ID monitoreo sistema,UAV remoto ID monitoreo sistema Technical Specifications | Solicitar solución y cotización | Resumen | Especificaciones técnicas | Solicitar solución y cotización,true,true,true,true,true,1.051,保持当前本地化关键词落地
/es/products/vtol-135kg-mtow-uav,es,strong,100,135kg MTOW VTOL ala fija UAV,135kg MTOW VTOL ala fija UAV | industrial UAV systems | UAV inspection drone | emergency response UAV | N-TET,135kg MTOW VTOL ala fija UAV | N-TET,135kg MTOW VTOL ala fija UAV,135kg MTOW VTOL ala fija UAV Technical Specifications | Solicitar solución y cotización | Resumen | Especificaciones técnicas | Solicitar solución y cotización,true,true,true,true,true,1.047,保持当前本地化关键词落地
/es/products/vtol-14kg-mtow-uav,es,strong,100,14kg MTOW VTOL ala fija UAV,14kg MTOW VTOL ala fija UAV | industrial UAV systems | UAV inspection drone | emergency response UAV | N-TET,14kg MTOW VTOL ala fija UAV | N-TET,14kg MTOW VTOL ala fija UAV,14kg MTOW VTOL ala fija UAV Technical Specifications | Solicitar solución y cotización | Resumen | Especificaciones técnicas | Solicitar solución y cotización,true,true,true,true,true,1.052,保持当前本地化关键词落地
/es/products/vtol-26kg-mtow-uav,es,strong,100,26kg MTOW VTOL ala fija UAV,26kg MTOW VTOL ala fija UAV | industrial UAV systems | UAV inspection drone | emergency response UAV | N-TET,26kg MTOW VTOL ala fija UAV | N-TET,26kg MTOW VTOL ala fija UAV,26kg MTOW VTOL ala fija UAV Technical Specifications | Solicitar solución y cotización | Resumen | Especificaciones técnicas | Solicitar solución y cotización,true,true,true,true,true,1.051,保持当前本地化关键词落地
/es/products/vtol-40kg-mtow-uav,es,strong,100,40kg MTOW VTOL ala fija UAV,40kg MTOW VTOL ala fija UAV | industrial UAV systems | UAV inspection drone | emergency response UAV | N-TET,40kg MTOW VTOL ala fija UAV | N-TET,40kg MTOW VTOL ala fija UAV,40kg MTOW VTOL ala fija UAV Technical Specifications | Solicitar solución y cotización | Resumen | Especificaciones técnicas | Solicitar solución y cotización,true,true,true,true,true,1.048,保持当前本地化关键词落地
/es/products/vtol-64kg-mtow-uav,es,strong,100,64kg MTOW VTOL ala fija UAV,64kg MTOW VTOL ala fija UAV | industrial UAV systems | UAV inspection drone | emergency response UAV | N-TET,64kg MTOW VTOL ala fija UAV | N-TET,64kg MTOW VTOL ala fija UAV,64kg MTOW VTOL ala fija UAV Technical Specifications | Solicitar solución y cotización | Resumen | Especificaciones técnicas | Solicitar solución y cotización,true,true,true,true,true,1.057,保持当前本地化关键词落地
/es/solutions,es,strong,100,soluciones de inspección UAV,soluciones de inspección UAV | dron de búsqueda y rescate | dron contra incendios | inspección de líneas eléctricas con UAV,Soluciones de inspección UAV | N-TET,Soluciones de inspección UAV,Soluciones de inspección UAV para equipos industriales | Inspección y patrullaje UAV | Respuesta de emergencia UAV | Protección de infraestructura crítica | Seguridad de áreas clave | Solicitar solución y cotización | Inspección y patrullaje UAV | Respuesta de emergencia UAV | Protección de infraestructura crítica | Seguridad de áreas clave | Solicitar solución y cotización,true,true,true,true,true,0.406,保持当前本地化关键词落地
/es/solutions/airport-low-altitude-monitoring,es,strong,100,Aeropuerto espacio aéreo monitoreo Application,Aeropuerto espacio aéreo monitoreo Application | N-TET,Aeropuerto espacio aéreo monitoreo Application | N-TET,Aeropuerto espacio aéreo monitoreo Application,Aeropuerto espacio aéreo monitoreo Application Workflow | Especificaciones técnicas | Equipos relacionados | Solicitar solución y cotización | Resumen | Especificaciones técnicas | Equipos relacionados | Solicitar solución y cotización,true,true,true,true,true,1.280,保持当前本地化关键词落地
/es/solutions/airport-security-protection,es,strong,100,Aeropuerto seguridad Protection,Aeropuerto seguridad Protection | N-TET,Aeropuerto seguridad Protection | N-TET,Aeropuerto seguridad Protection,Aeropuerto seguridad Protection Workflow | Especificaciones técnicas | Equipos relacionados | Solicitar solución y cotización | Resumen | Especificaciones técnicas | Equipos relacionados | Solicitar solución y cotización,true,true,true,true,true,0.872,保持当前本地化关键词落地
/es/solutions/category/01_BorderPatrol,es,strong,100,UAV de patrullaje fronterizo,UAV de patrullaje fronterizo | UAV de patrullaje marítimo | dron de monitoreo costero | vigilancia marítima terrestre,Soluciones UAV de patrullaje fronterizo | N-TET,Soluciones UAV de patrullaje fronterizo,UAV de patrullaje fronterizo y monitoreo costero | Soluciones UAV industriales | Productos recomendados | Solicitar solución y cotización | Necesidades de la industria | Soluciones UAV industriales | Productos recomendados | Solicitar solución y cotización,true,true,true,true,true,0.427,保持当前本地化关键词落地
/es/solutions/category/02_InfrastructureProtection,es,strong,85,UAV de inspección de instalaciones industriales,UAV de inspección de instalaciones industriales | inspección con drones para petróleo y gas | drones de inspección de tuberías | monitoreo de plantas químicas,Soluciones UAV de inspección de instalaciones industriales | N-TET,Soluciones UAV de inspección de instalaciones industriales,Escenarios de inspección UAV de instalaciones industriales | Soluciones UAV industriales | Productos recomendados | Solicitar solución y cotización | Necesidades de la industria | Soluciones UAV industriales | Productos recomendados | Solicitar solución y cotización,true,true,true,false,true,0.342,保持当前本地化关键词落地
/es/solutions/category/03_KeyAreaSecurity,es,strong,100,monitoreo aéreo aeroportuario,monitoreo aéreo aeroportuario | monitoreo de seguridad para eventos | seguridad de áreas clave | equipos de monitoreo de baja altitud,Monitoreo aéreo aeroportuario y seguridad de áreas clave | N-TET,Monitoreo aéreo aeroportuario y seguridad de áreas clave,Escenarios de monitoreo aéreo aeroportuario | Soluciones UAV industriales | Productos recomendados | Solicitar solución y cotización | Necesidades de la industria | Soluciones UAV industriales | Productos recomendados | Solicitar solución y cotización,true,true,true,true,true,0.722,保持当前本地化关键词落地
/es/solutions/category/04_EmergencyRescue,es,strong,100,dron de búsqueda y rescate,dron de búsqueda y rescate | dron contra incendios | UAV de comunicación de emergencia | dron de iluminación,Soluciones de dron de búsqueda y rescate | N-TET,Soluciones de dron de búsqueda y rescate,Flujos de trabajo con dron de búsqueda y rescate | Soluciones UAV industriales | Productos recomendados | Solicitar solución y cotización | Necesidades de la industria | Soluciones UAV industriales | Productos recomendados | Solicitar solución y cotización,true,true,true,true,true,0.499,保持当前本地化关键词落地
/es/solutions/chemical-plant-protection,es,strong,100,drones de inspección de tuberías,drones de inspección de tuberías | monitoreo de plantas químicas | inspección de tuberías con UAV | inspección con drones para petróleo y gas,Drones de inspección de tuberías para monitoreo de plantas químicas | N-TET,Drones de inspección de tuberías para monitoreo de plantas químicas,Drones de inspección de tuberías y monitoreo de plantas | A Neutral Low-Altitude Risk Process for Chemical Sites | Módulos de la solución | Equipos relacionados | Solicitar solución y cotización | Resumen | Necesidades de la industria | A Neutral Low-Altitude Risk Process for Chemical Sites | Módulos de la solución | Equipos relacionados | Solicitar solución y cotización,true,true,true,true,true,0.420,保持当前本地化关键词落地
/es/solutions/disaster-site-search-rescue-reconnaissance-uav-solution,es,strong,100,dron de búsqueda y rescate,dron de búsqueda y rescate | drones térmicos para búsqueda y rescate | UAV de búsqueda y rescate | dron de rescate,Solución de dron de búsqueda y rescate | N-TET,Solución de dron de búsqueda y rescate,Flujo de trabajo de dron de búsqueda y rescate | How UAVs Upgrade Emergency Reconnaissance | Módulos de la solución | Equipos relacionados | Casos relacionados | Solicitar solución y cotización | Resumen | Necesidades de la industria | How UAVs Upgrade Emergency Reconnaissance | Módulos de la solución | Equipos relacionados | Casos relacionados | Solicitar solución y cotización,true,true,true,true,true,0.376,保持当前本地化关键词落地
/es/solutions/emergency-communication-uav,es,strong,100,Emergencia comunicación UAV,Emergencia comunicación UAV | N-TET,Emergencia comunicación UAV | N-TET,Emergencia comunicación UAV,Emergencia comunicación UAV Workflow | Especificaciones técnicas | Equipos relacionados | Solicitar solución y cotización | Resumen | Especificaciones técnicas | Equipos relacionados | Solicitar solución y cotización,true,true,true,true,true,1.082,保持当前本地化关键词落地
/es/solutions/emergency-communication-uav-solution,es,strong,85,Emergencia comunicación UAV solución,Emergencia comunicación UAV solución | N-TET,Emergencia comunicación UAV solución | N-TET,Emergencia comunicación UAV solución,Equipos relacionados | Solicitar solución y cotización | Resumen | Especificaciones técnicas | Equipos relacionados | Solicitar solución y cotización,true,true,true,false,true,0.842,保持当前本地化关键词落地
/es/solutions/emergency-lighting-uav,es,strong,100,Emergencia iluminación UAV,Emergencia iluminación UAV | N-TET,Emergencia iluminación UAV | N-TET,Emergencia iluminación UAV,Emergencia iluminación UAV Workflow | Especificaciones técnicas | Equipos relacionados | Solicitar solución y cotización | Resumen | Especificaciones técnicas | Equipos relacionados | Solicitar solución y cotización,true,true,true,true,true,1.090,保持当前本地化关键词落地
/es/solutions/emergency-reconnaissance-uav,es,strong,100,Emergencia reconocimiento UAV,Emergencia reconocimiento UAV | N-TET,Emergencia reconocimiento UAV | N-TET,Emergencia reconocimiento UAV,Emergencia reconocimiento UAV Workflow | Especificaciones técnicas | Equipos relacionados | Solicitar solución y cotización | Resumen | Especificaciones técnicas | Equipos relacionados | Solicitar solución y cotización,true,true,true,true,true,1.088,保持当前本地化关键词落地
/es/solutions/emergency-search-rescue-uav-solution,es,strong,85,Emergencia búsqueda & rescate UAV solución,Emergencia búsqueda & rescate UAV solución | N-TET,Emergencia búsqueda & rescate UAV solución | N-TET,Emergencia búsqueda & rescate UAV solución,Equipos relacionados | Casos relacionados | Solicitar solución y cotización | Resumen | Especificaciones técnicas | Equipos relacionados | Casos relacionados | Solicitar solución y cotización,true,true,true,false,true,0.823,保持当前本地化关键词落地
/es/solutions/high-rise-firefighting-uav-solution,es,strong,85,High-Rise apoyo contra incendios UAV solución,High-Rise apoyo contra incendios UAV solución | N-TET,High-Rise apoyo contra incendios UAV solución | N-TET,High-Rise apoyo contra incendios UAV solución,Equipos relacionados | Solicitar solución y cotización | Resumen | Especificaciones técnicas | Equipos relacionados | Solicitar solución y cotización,true,true,true,false,true,0.814,保持当前本地化关键词落地
/es/solutions/hydroelectric-dam-protection,es,strong,100,Presa hidroeléctrica Protection,Presa hidroeléctrica Protection | N-TET,Presa hidroeléctrica Protection | N-TET,Presa hidroeléctrica Protection,Presa hidroeléctrica Protection Workflow | Low-Altitude Security Workflow for Dam Operations | Módulos de la solución | Equipos relacionados | Solicitar solución y cotización | Resumen | Necesidades de la industria | Low-Altitude Security Workflow for Dam Operations | Módulos de la solución | Equipos relacionados | Solicitar solución y cotización,true,true,true,true,true,0.620,保持当前本地化关键词落地
/es/solutions/judicial-sector-security,es,strong,100,Sector judicial seguridad Protection,Sector judicial seguridad Protection | N-TET,Sector judicial seguridad Protection | N-TET,Sector judicial seguridad Protection,Sector judicial seguridad Protection Workflow | Especificaciones técnicas | Equipos relacionados | Solicitar solución y cotización | Resumen | Especificaciones técnicas | Equipos relacionados | Solicitar solución y cotización,true,true,true,true,true,0.756,保持当前本地化关键词落地
/es/solutions/land-based-maritime-surveillance,es,strong,100,Land-based marítimo vigilancia & Early Warning,Land-based marítimo vigilancia & Early Warning | N-TET,Land-based marítimo vigilancia & Early Warning | N-TET,Land-based marítimo vigilancia & Early Warning,Land-based marítimo vigilancia & Early Warning Workflow | Especificaciones técnicas | Equipos relacionados | Solicitar solución y cotización | Resumen | Especificaciones técnicas | Equipos relacionados | Solicitar solución y cotización,true,true,true,true,true,1.090,保持当前本地化关键词落地
/es/solutions/night-emergency-lighting-support-uav-solution,es,strong,85,UAV de iluminación cautivo,UAV de iluminación cautivo | dron de iluminación | sistema de iluminación UAV | dron de iluminación de emergencia,Solución UAV de iluminación cautivo | N-TET,Solución UAV de iluminación cautivo,Flujo de iluminación UAV cautivo | Cómo los UAV mejoran la eficiencia operativa | Módulos de la solución | Equipos relacionados | Casos relacionados | Solicitar solución y cotización | Resumen | Necesidades de la industria | Cómo los UAV mejoran la operación | Módulos de la solución | Equipos relacionados | Casos relacionados | Solicitar solución y cotización,true,true,true,false,true,0.329,保持当前本地化关键词落地
/es/solutions/oil-production-base-protection,es,strong,100,oil and gas drone inspection,oil and gas drone inspection | industrial facility inspection UAV | pipeline corridor inspection | oil production site monitoring,Oil and Gas Drone Inspection Solution | N-TET,Oil and Gas Drone Inspection Solution,Oil and Gas Drone Inspection Workflow | Layered Low-Altitude Protection for Oil Production Sites | Módulos de la solución | Equipos relacionados | Solicitar solución y cotización | Resumen | Necesidades de la industria | Layered Low-Altitude Protection for Oil Production Sites | Módulos de la solución | Equipos relacionados | Solicitar solución y cotización,true,true,true,true,true,0.281,保持当前本地化关键词落地
/es/solutions/post-disaster-emergency-communication-support-uav-solution,es,strong,100,UAV de comunicación de emergencia,UAV de comunicación de emergencia | dron de comunicación para respuesta a desastres | UAV de comunicación cautivo | comunicaciones UAV de seguridad pública,Solución UAV de comunicación de emergencia | N-TET,Solución UAV de comunicación de emergencia,Flujo UAV de comunicación de emergencia | Cómo los UAV mejoran la eficiencia operativa | Módulos de la solución | Equipos relacionados | Casos relacionados | Solicitar solución y cotización | Resumen | Necesidades de la industria | Cómo los UAV mejoran la operación | Módulos de la solución | Equipos relacionados | Casos relacionados | Solicitar solución y cotización,true,true,true,true,true,0.376,保持当前本地化关键词落地
/es/solutions/power-generation-facility-low-altitude-monitoring,es,strong,100,Eléctrica Generation Facility espacio aéreo monitoreo,Eléctrica Generation Facility espacio aéreo monitoreo | N-TET,Eléctrica Generation Facility espacio aéreo monitoreo | N-TET,Eléctrica Generation Facility espacio aéreo monitoreo,Eléctrica Generation Facility espacio aéreo monitoreo Workflow | Especificaciones técnicas | Equipos relacionados | Solicitar solución y cotización | Resumen | Especificaciones técnicas | Equipos relacionados | Solicitar solución y cotización,true,true,true,true,true,1.272,保持当前本地化关键词落地
/es/solutions/power-line-uav-intelligent-inspection-solution,es,strong,85,dron para inspección de líneas eléctricas,dron para inspección de líneas eléctricas | inspección de líneas eléctricas con UAV | dron de inspección de torres | dron de inspección de servicios públicos,Solución de dron para inspección de líneas eléctricas | N-TET,Solución de dron para inspección de líneas eléctricas,Flujo de inspección de líneas eléctricas con dron | Cómo los UAV mejoran la eficiencia operativa | Módulos de la solución | Solicitar solución y cotización | Resumen | Necesidades de la industria | Cómo los UAV mejoran la operación | Módulos de la solución | Solicitar solución y cotización,true,true,true,false,true,0.271,保持当前本地化关键词落地
/es/solutions/power-tower-inspection-uav-solution,es,strong,85,Eléctrica Tower inspección UAV solución,Eléctrica Tower inspección UAV solución | N-TET,Eléctrica Tower inspección UAV solución | N-TET,Eléctrica Tower inspección UAV solución,Equipos relacionados | Casos relacionados | Solicitar solución y cotización | Resumen | Especificaciones técnicas | Equipos relacionados | Casos relacionados | Solicitar solución y cotización,true,true,true,false,true,0.821,保持当前本地化关键词落地
/es/solutions/smart-substation-autonomous-inspection-solution,es,strong,85,Smart subestación Autonomous UAV inspección solución,Smart subestación Autonomous UAV inspección solución | N-TET,Smart subestación Autonomous UAV inspección solución | N-TET,Smart subestación Autonomous UAV inspección solución,Equipos relacionados | Casos relacionados | Solicitar solución y cotización | Resumen | Especificaciones técnicas | Equipos relacionados | Casos relacionados | Solicitar solución y cotización,true,true,true,false,true,0.801,保持当前本地化关键词落地
/es/solutions/smart-substation-unattended-uav-inspection-solution,es,strong,100,inspección autónoma de subestaciones inteligentes,inspección autónoma de subestaciones inteligentes | dron de inspección de subestaciones | inspección UAV de servicios eléctricos | inspección autónoma UAV,Solución de inspección autónoma de subestaciones inteligentes | N-TET,Solución de inspección autónoma de subestaciones inteligentes,Flujo de inspección autónoma de subestaciones inteligentes | How UAVs Upgrade Substation Inspection | Módulos de la solución | Equipos relacionados | Casos relacionados | Solicitar solución y cotización | Resumen | Necesidades de la industria | How UAVs Upgrade Substation Inspection | Módulos de la solución | Equipos relacionados | Casos relacionados | Solicitar solución y cotización,true,true,true,true,true,0.464,保持当前本地化关键词落地
/es/solutions/sports-event-security,es,strong,100,Large evento deportivo seguridad Protection,Large evento deportivo seguridad Protection | N-TET,Large evento deportivo seguridad Protection | N-TET,Large evento deportivo seguridad Protection,Large evento deportivo seguridad Protection Workflow | How Integrated Monitoring and Screening Support Large Events | Módulos de la solución | Equipos relacionados | Solicitar solución y cotización | Resumen | Necesidades de la industria | How Integrated Monitoring and Screening Support Large Events | Módulos de la solución | Equipos relacionados | Solicitar solución y cotización,true,true,true,true,true,0.632,保持当前本地化关键词落地
/es/solutions/tethered-lighting-uav-solution,es,strong,85,Cautivo iluminación UAV solución,Cautivo iluminación UAV solución | N-TET,Cautivo iluminación UAV solución | N-TET,Cautivo iluminación UAV solución,Equipos relacionados | Casos relacionados | Solicitar solución y cotización | Resumen | Especificaciones técnicas | Equipos relacionados | Casos relacionados | Solicitar solución y cotización,true,true,true,false,true,0.820,保持当前本地化关键词落地
/es/solutions/uav-maritime-emergency-rescue,es,strong,100,UAV marítimo emergencia rescate,UAV marítimo emergencia rescate | N-TET,UAV marítimo emergencia rescate | N-TET,UAV marítimo emergencia rescate,UAV marítimo emergencia rescate Workflow | Especificaciones técnicas | Equipos relacionados | Solicitar solución y cotización | Resumen | Especificaciones técnicas | Equipos relacionados | Solicitar solución y cotización,true,true,true,true,true,1.079,保持当前本地化关键词落地
/es/solutions/uav-maritime-patrol,es,strong,100,UAV de patrullaje marítimo,UAV de patrullaje marítimo | dron de monitoreo costero | UAV de patrullaje fronterizo | UAV para patrullaje fronterizo,Solución UAV de patrullaje marítimo | N-TET,Solución UAV de patrullaje marítimo,Flujo UAV de patrullaje marítimo | Cómo los UAV mejoran la eficiencia operativa | Módulos de la solución | Equipos relacionados | Casos relacionados | Solicitar solución y cotización | Resumen | Necesidades de la industria | Cómo los UAV mejoran la operación | Módulos de la solución | Equipos relacionados | Casos relacionados | Solicitar solución y cotización,true,true,true,true,true,0.347,保持当前本地化关键词落地
/es/solutions/urban-high-rise-firefighting-emergency-uav-solution,es,strong,100,dron contra incendios,dron contra incendios | UAV contra incendios en edificios altos | dron para combatir incendios | drones contra incendios,Solución de dron contra incendios | N-TET,Solución de dron contra incendios,Flujo de trabajo con dron contra incendios | Cómo los UAV mejoran la eficiencia operativa | Módulos de la solución | Equipos relacionados | Casos relacionados | Solicitar solución y cotización | Resumen | Necesidades de la industria | Cómo los UAV mejoran la operación | Módulos de la solución | Equipos relacionados | Casos relacionados | Solicitar solución y cotización,true,true,true,true,true,0.317,保持当前本地化关键词落地
/es/solutions/water-conservancy-monitoring-uav-solution,es,strong,85,Gestión hídrica monitoreo UAV solución,Gestión hídrica monitoreo UAV solución | N-TET,Gestión hídrica monitoreo UAV solución | N-TET,Gestión hídrica monitoreo UAV solución,Equipos relacionados | Casos relacionados | Solicitar solución y cotización | Resumen | Especificaciones técnicas | Equipos relacionados | Casos relacionados | Solicitar solución y cotización,true,true,true,false,true,0.822,保持当前本地化关键词落地
/es/solutions/water-conservancy-river-lake-uav-monitoring-solution,es,strong,85,UAV de monitoreo de recursos hídricos,UAV de monitoreo de recursos hídricos | UAV de inspección de presas | monitoreo UAV de ríos y lagos | dron de monitoreo de inundaciones,Solución UAV de monitoreo de recursos hídricos | N-TET,Solución UAV de monitoreo de recursos hídricos,Flujo de monitoreo UAV de recursos hídricos | Cómo los UAV mejoran la eficiencia operativa | Módulos de la solución | Equipos relacionados | Casos relacionados | Solicitar solución y cotización | Resumen | Necesidades de la industria | Cómo los UAV mejoran la operación | Módulos de la solución | Equipos relacionados | Casos relacionados | Solicitar solución y cotización,true,true,true,false,true,0.256,保持当前本地化关键词落地
/ru,ru,strong,85,промышленные БПЛА,промышленные БПЛА | мониторинг низкой высоты | инспекционный БПЛА | аварийный БПЛА,Промышленные БПЛА для низковысотных операций | N-TET,Промышленные БПЛА для низковысотных операций,Решения | Продукты | Дрон для мониторинга водных ресурсов | Кейсы | О компании | Новости | Решения | Продукты | Кейсы | О компании | Новости,true,true,true,false,true,0.530,保持当前本地化关键词落地
/ru/about,ru,strong,100,производитель промышленных БПЛА,производитель промышленных БПЛА | поставщик систем БПЛА | производитель систем мониторинга низкой высоты | производитель оборудования безопасности,N-TET: производитель промышленных БПЛА,N-TET: производитель промышленных БПЛА,производитель промышленных БПЛА: возможности | Команда R&D | Профиль компании | Команда R&D | Запросить решение и КП,true,true,true,true,true,0.361,保持当前本地化关键词落地
/ru/accessories,ru,strong,80,аксессуары для БПЛА,аксессуары для БПЛА | компоненты БПЛА | подвес БПЛА | двигатель БПЛА | канал передачи данных БПЛА,Аксессуары и компоненты БПЛА | N-TET,Аксессуары и компоненты БПЛА,Полетные контроллеры | Электродвигатели БПЛА | Пропеллеры БПЛА | Аккумуляторы БПЛА | Электрооптические подвесы | Двигатели БПЛА | Каналы передачи данных БПЛА | Пульты управления БПЛА | Запросить решение и КП,true,true,true,false,true,4.810,保持当前本地化关键词落地
/ru/accessories/fc-bt1,ru,strong,85,Твердотельная батарея для БПЛА FC-BT1,Твердотельная батарея для БПЛА FC-BT1 | drone accessories | UAV components | industrial UAV parts,Твердотельная батарея для БПЛА FC-BT1 | N-TET Drone Accessories,Твердотельная батарея для БПЛА FC-BT1,Твердотельная батарея для БПЛА FC-BT1 Technical Specifications | Запросить решение и КП | Обзор | Технические характеристики | Запросить решение и КП,true,false,true,true,true,0.203,保持当前本地化关键词落地
/ru/accessories/fc-bt2,ru,strong,85,Твердотельная батарея для БПЛА FC-BT2,Твердотельная батарея для БПЛА FC-BT2 | drone accessories | UAV components | industrial UAV parts,Твердотельная батарея для БПЛА FC-BT2 | N-TET Drone Accessories,Твердотельная батарея для БПЛА FC-BT2,Твердотельная батарея для БПЛА FC-BT2 Technical Specifications | Запросить решение и КП | Обзор | Технические характеристики | Запросить решение и КП,true,false,true,true,true,0.234,保持当前本地化关键词落地
/ru/accessories/fc-bt3,ru,strong,85,Высоковольтная твердотельная батарея для БПЛА FC-BT3,Высоковольтная твердотельная батарея для БПЛА FC-BT3 | drone accessories | UAV components | industrial UAV parts,Высоковольтная твердотельная батарея для БПЛА FC-BT3 | N-TET Drone Accessories,Высоковольтная твердотельная батарея для БПЛА FC-BT3,Высоковольтная твердотельная батарея для БПЛА FC-BT3 Technical Specifications | Запросить решение и КП | Обзор | Технические характеристики | Запросить решение и КП,true,false,true,true,true,0.226,保持当前本地化关键词落地
/ru/accessories/fc-bt4,ru,strong,85,Высокоэнергетическая твердотельная батарея для БПЛА FC-BT4,Высокоэнергетическая твердотельная батарея для БПЛА FC-BT4 | drone accessories | UAV components | industrial UAV parts,Высокоэнергетическая твердотельная батарея для БПЛА FC-BT4 | N-TET Drone Accessories,Высокоэнергетическая твердотельная батарея для БПЛА FC-BT4,Высокоэнергетическая твердотельная батарея для БПЛА FC-BT4 Technical Specifications | Запросить решение и КП | Обзор | Технические характеристики | Запросить решение и КП,true,false,true,true,true,0.148,保持当前本地化关键词落地
/ru/accessories/fc-btg,ru,strong,85,Учебная твердотельная батарея для БПЛА FC-BTG,Учебная твердотельная батарея для БПЛА FC-BTG | drone accessories | UAV components | industrial UAV parts,Учебная твердотельная батарея для БПЛА FC-BTG | N-TET Drone Accessories,Учебная твердотельная батарея для БПЛА FC-BTG,Учебная твердотельная батарея для БПЛА FC-BTG Technical Specifications | Запросить решение и КП | Обзор | Технические характеристики | Запросить решение и КП,true,false,true,true,true,0.300,保持当前本地化关键词落地
/ru/accessories/fc-c2d-propeller,ru,strong,85,Пропеллер БПЛА FC-C2D,Пропеллер БПЛА FC-C2D | drone accessories | UAV components | industrial UAV parts,Пропеллер БПЛА FC-C2D | N-TET Drone Accessories,Пропеллер БПЛА FC-C2D,Пропеллер БПЛА FC-C2D Technical Specifications | Запросить решение и КП | Обзор | Технические характеристики | Запросить решение и КП,true,false,true,true,true,0.396,保持当前本地化关键词落地
/ru/accessories/fc-c2e-propeller,ru,strong,85,Пропеллер БПЛА FC-C2E,Пропеллер БПЛА FC-C2E | drone accessories | UAV components | industrial UAV parts,Пропеллер БПЛА FC-C2E | N-TET Drone Accessories,Пропеллер БПЛА FC-C2E,Пропеллер БПЛА FC-C2E Technical Specifications | Запросить решение и КП | Обзор | Технические характеристики | Запросить решение и КП,true,false,true,true,true,0.413,保持当前本地化关键词落地
/ru/accessories/fc-c2t-propeller,ru,strong,85,Пропеллер БПЛА FC-C2T,Пропеллер БПЛА FC-C2T | drone accessories | UAV components | industrial UAV parts,Пропеллер БПЛА FC-C2T | N-TET Drone Accessories,Пропеллер БПЛА FC-C2T,Пропеллер БПЛА FC-C2T Technical Specifications | Запросить решение и КП | Обзор | Технические характеристики | Запросить решение и КП,true,false,true,true,true,0.400,保持当前本地化关键词落地
/ru/accessories/fc-c2u-propeller,ru,strong,85,Пропеллер БПЛА FC-C2U,Пропеллер БПЛА FC-C2U | drone accessories | UAV components | industrial UAV parts,Пропеллер БПЛА FC-C2U | N-TET Drone Accessories,Пропеллер БПЛА FC-C2U,Пропеллер БПЛА FC-C2U Technical Specifications | Запросить решение и КП | Обзор | Технические характеристики | Запросить решение и КП,true,false,true,true,true,0.403,保持当前本地化关键词落地
/ru/accessories/fc-c2ud-propeller,ru,strong,85,Пропеллер БПЛА FC-C2UD,Пропеллер БПЛА FC-C2UD | drone accessories | UAV components | industrial UAV parts,Пропеллер БПЛА FC-C2UD | N-TET Drone Accessories,Пропеллер БПЛА FC-C2UD,Пропеллер БПЛА FC-C2UD Technical Specifications | Запросить решение и КП | Обзор | Технические характеристики | Запросить решение и КП,true,false,true,true,true,0.389,保持当前本地化关键词落地
/ru/accessories/fc-fdj-111,ru,strong,100,Двигатель БПЛА FC-FDJ-111,Двигатель БПЛА FC-FDJ-111 | drone accessories | UAV components | industrial UAV parts,Двигатель БПЛА FC-FDJ-111 | N-TET Drone Accessories,Двигатель БПЛА FC-FDJ-111,Двигатель БПЛА FC-FDJ-111 Technical Specifications | Запросить решение и КП | Обзор | Технические характеристики | Запросить решение и КП,true,true,true,true,true,0.621,保持当前本地化关键词落地
/ru/accessories/fc-fdj-120,ru,strong,100,Двигатель БПЛА FC-FDJ-120,Двигатель БПЛА FC-FDJ-120 | drone accessories | UAV components | industrial UAV parts,Двигатель БПЛА FC-FDJ-120 | N-TET Drone Accessories,Двигатель БПЛА FC-FDJ-120,Двигатель БПЛА FC-FDJ-120 Technical Specifications | Запросить решение и КП | Обзор | Технические характеристики | Запросить решение и КП,true,true,true,true,true,0.631,保持当前本地化关键词落地
/ru/accessories/fc-fdj-120hd,ru,strong,100,Двигатель БПЛА FC-FDJ-120HD,Двигатель БПЛА FC-FDJ-120HD | drone accessories | UAV components | industrial UAV parts,Двигатель БПЛА FC-FDJ-120HD | N-TET Drone Accessories,Двигатель БПЛА FC-FDJ-120HD,Двигатель БПЛА FC-FDJ-120HD Technical Specifications | Запросить решение и КП | Обзор | Технические характеристики | Запросить решение и КП,true,true,true,true,true,0.649,保持当前本地化关键词落地
/ru/accessories/fc-fdj-170,ru,strong,100,Двигатель БПЛА FC-FDJ-170,Двигатель БПЛА FC-FDJ-170 | drone accessories | UAV components | industrial UAV parts,Двигатель БПЛА FC-FDJ-170 | N-TET Drone Accessories,Двигатель БПЛА FC-FDJ-170,Двигатель БПЛА FC-FDJ-170 Technical Specifications | Запросить решение и КП | Обзор | Технические характеристики | Запросить решение и КП,true,true,true,true,true,0.636,保持当前本地化关键词落地
/ru/accessories/fc-fdj-200,ru,strong,100,Двигатель БПЛА FC-FDJ-200,Двигатель БПЛА FC-FDJ-200 | drone accessories | UAV components | industrial UAV parts,Двигатель БПЛА FC-FDJ-200 | N-TET Drone Accessories,Двигатель БПЛА FC-FDJ-200,Двигатель БПЛА FC-FDJ-200 Technical Specifications | Запросить решение и КП | Обзор | Технические характеристики | Запросить решение и КП,true,true,true,true,true,0.643,保持当前本地化关键词落地
/ru/accessories/fc-fdj-222,ru,strong,100,Двигатель БПЛА FC-FDJ-222,Двигатель БПЛА FC-FDJ-222 | drone accessories | UAV components | industrial UAV parts,Двигатель БПЛА FC-FDJ-222 | N-TET Drone Accessories,Двигатель БПЛА FC-FDJ-222,Двигатель БПЛА FC-FDJ-222 Technical Specifications | Запросить решение и КП | Обзор | Технические характеристики | Запросить решение и КП,true,true,true,true,true,0.631,保持当前本地化关键词落地
/ru/accessories/fc-fdj-430,ru,strong,100,Двигатель БПЛА FC-FDJ-430,Двигатель БПЛА FC-FDJ-430 | drone accessories | UAV components | industrial UAV parts,Двигатель БПЛА FC-FDJ-430 | N-TET Drone Accessories,Двигатель БПЛА FC-FDJ-430,Двигатель БПЛА FC-FDJ-430 Technical Specifications | Запросить решение и КП | Обзор | Технические характеристики | Запросить решение и КП,true,true,true,true,true,0.563,保持当前本地化关键词落地
/ru/accessories/fc-fdj-55,ru,strong,100,Двигатель БПЛА FC-FDJ-55,Двигатель БПЛА FC-FDJ-55 | drone accessories | UAV components | industrial UAV parts,Двигатель БПЛА FC-FDJ-55 | N-TET Drone Accessories,Двигатель БПЛА FC-FDJ-55,Двигатель БПЛА FC-FDJ-55 Technical Specifications | Запросить решение и КП | Обзор | Технические характеристики | Запросить решение и КП,true,true,true,true,true,0.619,保持当前本地化关键词落地
/ru/accessories/fc-fdj-60,ru,strong,100,Двигатель БПЛА FC-FDJ-60,Двигатель БПЛА FC-FDJ-60 | drone accessories | UAV components | industrial UAV parts,Двигатель БПЛА FC-FDJ-60 | N-TET Drone Accessories,Двигатель БПЛА FC-FDJ-60,Двигатель БПЛА FC-FDJ-60 Technical Specifications | Запросить решение и КП | Обзор | Технические характеристики | Запросить решение и КП,true,true,true,true,true,0.631,保持当前本地化关键词落地
/ru/accessories/fc-fdj-61,ru,strong,100,Двигатель БПЛА FC-FDJ-61,Двигатель БПЛА FC-FDJ-61 | drone accessories | UAV components | industrial UAV parts,Двигатель БПЛА FC-FDJ-61 | N-TET Drone Accessories,Двигатель БПЛА FC-FDJ-61,Двигатель БПЛА FC-FDJ-61 Technical Specifications | Запросить решение и КП | Обзор | Технические характеристики | Запросить решение и КП,true,true,true,true,true,0.632,保持当前本地化关键词落地
/ru/accessories/fc-fdj-70hd,ru,strong,100,Двигатель БПЛА FC-FDJ-70HD,Двигатель БПЛА FC-FDJ-70HD | drone accessories | UAV components | industrial UAV parts,Двигатель БПЛА FC-FDJ-70HD | N-TET Drone Accessories,Двигатель БПЛА FC-FDJ-70HD,Двигатель БПЛА FC-FDJ-70HD Technical Specifications | Запросить решение и КП | Обзор | Технические характеристики | Запросить решение и КП,true,true,true,true,true,0.648,保持当前本地化关键词落地
/ru/accessories/fc-fdj-85,ru,strong,100,Двигатель БПЛА FC-FDJ-85,Двигатель БПЛА FC-FDJ-85 | drone accessories | UAV components | industrial UAV parts,Двигатель БПЛА FC-FDJ-85 | N-TET Drone Accessories,Двигатель БПЛА FC-FDJ-85,Двигатель БПЛА FC-FDJ-85 Technical Specifications | Запросить решение и КП | Обзор | Технические характеристики | Запросить решение и КП,true,true,true,true,true,0.632,保持当前本地化关键词落地
/ru/accessories/fc-l10tr-three-light-gimbal,ru,strong,100,FC-L10TR электрооптический подвес,FC-L10TR электрооптический подвес | drone accessories | UAV components | industrial UAV parts,FC-L10TR электрооптический подвес | N-TET Drone Accessories,FC-L10TR электрооптический подвес,FC-L10TR электрооптический подвес Technical Specifications | Запросить решение и КП | Обзор | Технические характеристики | Запросить решение и КП,true,true,true,true,true,0.456,保持当前本地化关键词落地
/ru/accessories/fc-l40-smart-optical-pod,ru,strong,100,FC-L40 электрооптический подвес,FC-L40 электрооптический подвес | drone accessories | UAV components | industrial UAV parts,FC-L40 электрооптический подвес | N-TET Drone Accessories,FC-L40 электрооптический подвес,FC-L40 электрооптический подвес Technical Specifications | Запросить решение и КП | Обзор | Технические характеристики | Запросить решение и КП,true,true,true,true,true,0.498,保持当前本地化关键词落地
/ru/accessories/fc-l40t-dual-light-gimbal,ru,strong,100,FC-L40T электрооптический подвес,FC-L40T электрооптический подвес | drone accessories | UAV components | industrial UAV parts,FC-L40T электрооптический подвес | N-TET Drone Accessories,FC-L40T электрооптический подвес,FC-L40T электрооптический подвес Technical Specifications | Запросить решение и КП | Обзор | Технические характеристики | Запросить решение и КП,true,true,true,true,true,0.471,保持当前本地化关键词落地
/ru/accessories/fc-l40tr-smart-optical-pod,ru,strong,100,FC-L40TR электрооптический подвес,FC-L40TR электрооптический подвес | drone accessories | UAV components | industrial UAV parts,FC-L40TR электрооптический подвес | N-TET Drone Accessories,FC-L40TR электрооптический подвес,FC-L40TR электрооптический подвес Technical Specifications | Запросить решение и КП | Обзор | Технические характеристики | Запросить решение и КП,true,true,true,true,true,0.459,保持当前本地化关键词落地
/ru/accessories/fc-l50-smart-optical-pod,ru,strong,100,FC-L50 электрооптический подвес,FC-L50 электрооптический подвес | drone accessories | UAV components | industrial UAV parts,FC-L50 электрооптический подвес | N-TET Drone Accessories,FC-L50 электрооптический подвес,FC-L50 электрооптический подвес Technical Specifications | Запросить решение и КП | Обзор | Технические характеристики | Запросить решение и КП,true,true,true,true,true,0.502,保持当前本地化关键词落地
/ru/accessories/fc-ln100-dual-light-gimbal,ru,strong,100,FC-LN100 электрооптический подвес,FC-LN100 электрооптический подвес | drone accessories | UAV components | industrial UAV parts,FC-LN100 электрооптический подвес | N-TET Drone Accessories,FC-LN100 электрооптический подвес,FC-LN100 электрооптический подвес Technical Specifications | Запросить решение и КП | Обзор | Технические характеристики | Запросить решение и КП,true,true,true,true,true,0.473,保持当前本地化关键词落地
/ru/accessories/fc-ln95-dual-light-gimbal,ru,strong,100,FC-LN95 электрооптический подвес,FC-LN95 электрооптический подвес | drone accessories | UAV components | industrial UAV parts,FC-LN95 электрооптический подвес | N-TET Drone Accessories,FC-LN95 электрооптический подвес,FC-LN95 электрооптический подвес Technical Specifications | Запросить решение и КП | Обзор | Технические характеристики | Запросить решение и КП,true,true,true,true,true,0.452,保持当前本地化关键词落地
/ru/accessories/fc-max-5330,ru,strong,100,Двигатель БПЛА FC-MAX 5330,Двигатель БПЛА FC-MAX 5330 | drone accessories | UAV components | industrial UAV parts,Двигатель БПЛА FC-MAX 5330 | N-TET Drone Accessories,Двигатель БПЛА FC-MAX 5330,Двигатель БПЛА FC-MAX 5330 Technical Specifications | Запросить решение и КП | Обзор | Технические характеристики | Запросить решение и КП,true,true,true,true,true,0.171,保持当前本地化关键词落地
/ru/accessories/fc-mesh-100,ru,strong,85,FC-Mesh-100 канал передачи данных БПЛА,FC-Mesh-100 канал передачи данных БПЛА | drone accessories | UAV components | industrial UAV parts,FC-Mesh-100 канал передачи данных БПЛА | N-TET Drone Accessories,FC-Mesh-100 канал передачи данных БПЛА,FC-Mesh-100 канал передачи данных БПЛА Technical Specifications | Запросить решение и КП | Обзор | Технические характеристики | Запросить решение и КП,true,false,true,true,true,0.358,保持当前本地化关键词落地
/ru/accessories/fc-mini-l10tr-smart-optical-pod,ru,strong,100,FC-MiniL10TR электрооптический подвес,FC-MiniL10TR электрооптический подвес | drone accessories | UAV components | industrial UAV parts,FC-MiniL10TR электрооптический подвес | N-TET Drone Accessories,FC-MiniL10TR электрооптический подвес,FC-MiniL10TR электрооптический подвес Technical Specifications | Запросить решение и КП | Обзор | Технические характеристики | Запросить решение и КП,true,true,true,true,true,0.453,保持当前本地化关键词落地
/ru/accessories/fc-pab-propeller,ru,strong,85,Пропеллер БПЛА FC-PAB,Пропеллер БПЛА FC-PAB | drone accessories | UAV components | industrial UAV parts,Пропеллер БПЛА FC-PAB | N-TET Drone Accessories,Пропеллер БПЛА FC-PAB,Пропеллер БПЛА FC-PAB Technical Specifications | Запросить решение и КП | Обзор | Технические характеристики | Запросить решение и КП,true,false,true,true,true,0.398,保持当前本地化关键词落地
/ru/accessories/fc-pad-propeller,ru,strong,85,Пропеллер БПЛА FC-PAD,Пропеллер БПЛА FC-PAD | drone accessories | UAV components | industrial UAV parts,Пропеллер БПЛА FC-PAD | N-TET Drone Accessories,Пропеллер БПЛА FC-PAD,Пропеллер БПЛА FC-PAD Technical Specifications | Запросить решение и КП | Обзор | Технические характеристики | Запросить решение и КП,true,false,true,true,true,0.399,保持当前本地化关键词落地
/ru/accessories/fc-pae-propeller,ru,strong,85,Пропеллер БПЛА FC-PAE,Пропеллер БПЛА FC-PAE | drone accessories | UAV components | industrial UAV parts,Пропеллер БПЛА FC-PAE | N-TET Drone Accessories,Пропеллер БПЛА FC-PAE,Пропеллер БПЛА FC-PAE Technical Specifications | Запросить решение и КП | Обзор | Технические характеристики | Запросить решение и КП,true,false,true,true,true,0.398,保持当前本地化关键词落地
/ru/accessories/fc-pbf-propeller,ru,strong,85,Пропеллер БПЛА FC-PBF,Пропеллер БПЛА FC-PBF | drone accessories | UAV components | industrial UAV parts,Пропеллер БПЛА FC-PBF | N-TET Drone Accessories,Пропеллер БПЛА FC-PBF,Пропеллер БПЛА FC-PBF Technical Specifications | Запросить решение и КП | Обзор | Технические характеристики | Запросить решение и КП,true,false,true,true,true,0.414,保持当前本地化关键词落地
/ru/accessories/fc-rm10x,ru,strong,100,Двигатель БПЛА FC-RM10X,Двигатель БПЛА FC-RM10X | drone accessories | UAV components | industrial UAV parts,Двигатель БПЛА FC-RM10X | N-TET Drone Accessories,Двигатель БПЛА FC-RM10X,Двигатель БПЛА FC-RM10X Technical Specifications | Запросить решение и КП | Обзор | Технические характеристики | Запросить решение и КП,true,true,true,true,true,0.397,保持当前本地化关键词落地
/ru/accessories/fc-rm30,ru,strong,100,Двигатель БПЛА FC-RM30,Двигатель БПЛА FC-RM30 | drone accessories | UAV components | industrial UAV parts,Двигатель БПЛА FC-RM30 | N-TET Drone Accessories,Двигатель БПЛА FC-RM30,Двигатель БПЛА FC-RM30 Technical Specifications | Запросить решение и КП | Обзор | Технические характеристики | Запросить решение и КП,true,true,true,true,true,0.149,保持当前本地化关键词落地
/ru/accessories/fc-sjl-100,ru,strong,85,FC-SJL-100 канал передачи данных БПЛА,FC-SJL-100 канал передачи данных БПЛА | drone accessories | UAV components | industrial UAV parts,FC-SJL-100 канал передачи данных БПЛА | N-TET Drone Accessories,FC-SJL-100 канал передачи данных БПЛА,FC-SJL-100 канал передачи данных БПЛА Technical Specifications | Запросить решение и КП | Обзор | Технические характеристики | Запросить решение и КП,true,false,true,true,true,0.388,保持当前本地化关键词落地
/ru/accessories/fc-sjl-200,ru,strong,85,FC-SJL-200 канал передачи данных БПЛА,FC-SJL-200 канал передачи данных БПЛА | drone accessories | UAV components | industrial UAV parts,FC-SJL-200 канал передачи данных БПЛА | N-TET Drone Accessories,FC-SJL-200 канал передачи данных БПЛА,FC-SJL-200 канал передачи данных БПЛА Technical Specifications | Запросить решение и КП | Обзор | Технические характеристики | Запросить решение и КП,true,false,true,true,true,0.387,保持当前本地化关键词落地
/ru/accessories/fc-sjl-30,ru,strong,85,FC-SJL-30 канал передачи данных БПЛА,FC-SJL-30 канал передачи данных БПЛА | drone accessories | UAV components | industrial UAV parts,FC-SJL-30 канал передачи данных БПЛА | N-TET Drone Accessories,FC-SJL-30 канал передачи данных БПЛА,FC-SJL-30 канал передачи данных БПЛА Technical Specifications | Запросить решение и КП | Обзор | Технические характеристики | Запросить решение и КП,true,false,true,true,true,0.376,保持当前本地化关键词落地
/ru/accessories/fc-sjl-380,ru,strong,85,FC-SJL-380 канал передачи данных БПЛА,FC-SJL-380 канал передачи данных БПЛА | drone accessories | UAV components | industrial UAV parts,FC-SJL-380 канал передачи данных БПЛА | N-TET Drone Accessories,FC-SJL-380 канал передачи данных БПЛА,FC-SJL-380 канал передачи данных БПЛА Technical Specifications | Запросить решение и КП | Обзор | Технические характеристики | Запросить решение и КП,true,false,true,true,true,0.385,保持当前本地化关键词落地
/ru/accessories/fc-sjl-50,ru,strong,85,FC-SJL-50 канал передачи данных БПЛА,FC-SJL-50 канал передачи данных БПЛА | drone accessories | UAV components | industrial UAV parts,FC-SJL-50 канал передачи данных БПЛА | N-TET Drone Accessories,FC-SJL-50 канал передачи данных БПЛА,FC-SJL-50 канал передачи данных БПЛА Technical Specifications | Запросить решение и КП | Обзор | Технические характеристики | Запросить решение и КП,true,false,true,true,true,0.378,保持当前本地化关键词落地
/ru/accessories/fc-u10-pro,ru,strong,85,Полетный контроллер FC-U10-PRO,Полетный контроллер FC-U10-PRO | drone accessories | UAV components | industrial UAV parts,Полетный контроллер FC-U10-PRO | N-TET Drone Accessories,Полетный контроллер FC-U10-PRO,Полетный контроллер FC-U10-PRO Technical Specifications | Запросить решение и КП | Обзор | Технические характеристики | Запросить решение и КП,true,false,true,true,true,0.462,保持当前本地化关键词落地
/ru/accessories/fc-u110,ru,strong,100,Двигатель БПЛА FC-U110,Двигатель БПЛА FC-U110 | drone accessories | UAV components | industrial UAV parts,Двигатель БПЛА FC-U110 | N-TET Drone Accessories,Двигатель БПЛА FC-U110,Двигатель БПЛА FC-U110 Technical Specifications | Запросить решение и КП | Обзор | Технические характеристики | Запросить решение и КП,true,true,true,true,true,0.157,保持当前本地化关键词落地
/ru/accessories/fc-u12,ru,strong,85,Полетный контроллер FC-U12,Полетный контроллер FC-U12 | drone accessories | UAV components | industrial UAV parts,Полетный контроллер FC-U12 | N-TET Drone Accessories,Полетный контроллер FC-U12,Полетный контроллер FC-U12 Technical Specifications | Запросить решение и КП | Обзор | Технические характеристики | Запросить решение и КП,true,false,true,true,true,0.463,保持当前本地化关键词落地
/ru/accessories/fc-u8013,ru,strong,100,Двигатель БПЛА FC-U8013,Двигатель БПЛА FC-U8013 | drone accessories | UAV components | industrial UAV parts,Двигатель БПЛА FC-U8013 | N-TET Drone Accessories,Двигатель БПЛА FC-U8013,Двигатель БПЛА FC-U8013 Technical Specifications | Запросить решение и КП | Обзор | Технические характеристики | Запросить решение и КП,true,true,true,true,true,0.471,保持当前本地化关键词落地
/ru/accessories/fc-u9-ag,ru,strong,85,Аграрный полетный контроллер FC-U9-AG,Аграрный полетный контроллер FC-U9-AG | drone accessories | UAV components | industrial UAV parts,Аграрный полетный контроллер FC-U9-AG | N-TET Drone Accessories,Аграрный полетный контроллер FC-U9-AG,Аграрный полетный контроллер FC-U9-AG Technical Specifications | Запросить решение и КП | Обзор | Технические характеристики | Запросить решение и КП,true,false,true,true,true,0.440,保持当前本地化关键词落地
/ru/accessories/fc-w2u-propeller,ru,strong,85,Пропеллер БПЛА FC-W2U,Пропеллер БПЛА FC-W2U | drone accessories | UAV components | industrial UAV parts,Пропеллер БПЛА FC-W2U | N-TET Drone Accessories,Пропеллер БПЛА FC-W2U,Пропеллер БПЛА FC-W2U Technical Specifications | Запросить решение и КП | Обзор | Технические характеристики | Запросить решение и КП,true,false,true,true,true,0.432,保持当前本地化关键词落地
/ru/accessories/fc-x8030,ru,strong,100,Двигатель БПЛА FC-X8030,Двигатель БПЛА FC-X8030 | drone accessories | UAV components | industrial UAV parts,Двигатель БПЛА FC-X8030 | N-TET Drone Accessories,Двигатель БПЛА FC-X8030,Двигатель БПЛА FC-X8030 Technical Specifications | Запросить решение и КП | Обзор | Технические характеристики | Запросить решение и КП,true,true,true,true,true,0.188,保持当前本地化关键词落地
/ru/accessories/fc-xh14,ru,strong,100,Двигатель БПЛА FC-XH14,Двигатель БПЛА FC-XH14 | drone accessories | UAV components | industrial UAV parts,Двигатель БПЛА FC-XH14 | N-TET Drone Accessories,Двигатель БПЛА FC-XH14,Двигатель БПЛА FC-XH14 Technical Specifications | Запросить решение и КП | Обзор | Технические характеристики | Запросить решение и КП,true,true,true,true,true,0.332,保持当前本地化关键词落地
/ru/accessories/fc-yk15-remote-controller,ru,strong,85,Пульт управления БПЛА FC-YK15,Пульт управления БПЛА FC-YK15 | drone accessories | UAV components | industrial UAV parts,Пульт управления БПЛА FC-YK15 | N-TET Drone Accessories,Пульт управления БПЛА FC-YK15,Пульт управления БПЛА FC-YK15 Technical Specifications | Запросить решение и КП | Обзор | Технические характеристики | Запросить решение и КП,true,false,true,true,true,0.390,保持当前本地化关键词落地
/ru/accessories/fc-yk24-remote-controller,ru,strong,85,Пульт управления БПЛА FC-YK24,Пульт управления БПЛА FC-YK24 | drone accessories | UAV components | industrial UAV parts,Пульт управления БПЛА FC-YK24 | N-TET Drone Accessories,Пульт управления БПЛА FC-YK24,Пульт управления БПЛА FC-YK24 Technical Specifications | Запросить решение и КП | Обзор | Технические характеристики | Запросить решение и КП,true,false,true,true,true,0.347,保持当前本地化关键词落地
/ru/accessories/fc-yk32-remote-controller,ru,strong,85,Пульт управления БПЛА FC-YK32,Пульт управления БПЛА FC-YK32 | drone accessories | UAV components | industrial UAV parts,Пульт управления БПЛА FC-YK32 | N-TET Drone Accessories,Пульт управления БПЛА FC-YK32,Пульт управления БПЛА FC-YK32 Technical Specifications | Запросить решение и КП | Обзор | Технические характеристики | Запросить решение и КП,true,false,true,true,true,0.390,保持当前本地化关键词落地
/ru/accessories/fc-ykrc7-remote-controller,ru,strong,85,Пульт управления БПЛА FC-YKRC7,Пульт управления БПЛА FC-YKRC7 | drone accessories | UAV components | industrial UAV parts,Пульт управления БПЛА FC-YKRC7 | N-TET Drone Accessories,Пульт управления БПЛА FC-YKRC7,Пульт управления БПЛА FC-YKRC7 Technical Specifications | Запросить решение и КП | Обзор | Технические характеристики | Запросить решение и КП,true,false,true,true,true,0.305,保持当前本地化关键词落地
/ru/cases,ru,strong,100,кейсы БПЛА,кейсы БПЛА | патрулирование БПЛА | мониторинг низкой высоты | инспекция БПЛА,Кейсы БПЛА для инспекции и мониторинга | N-TET,Кейсы БПЛА для инспекции и мониторинга,Кейсы БПЛА по регионам и сценариям | Запросить решение и КП | Запросить решение и КП,true,true,true,true,true,0.775,保持当前本地化关键词落地
/ru/cases/anhui-flood-season-uav-patrol,ru,strong,100,Аварийный паводковый патруль БПЛА в Аньхое,Аварийный паводковый патруль БПЛА в Аньхое | N-TET,Аварийный паводковый патруль БПЛА в Аньхое | N-TET,Аварийный паводковый патруль БПЛА в Аньхое,Аварийный паводковый патруль БПЛА в Аньхое Project Overview | Связанное оборудование | Запросить решение и КП | Обзор | Связанное оборудование | Запросить решение и КП,true,true,true,true,true,0.572,保持当前本地化关键词落地
/ru/cases/brazil-refinery-low-altitude-monitoring,ru,strong,85,Проект защиты нефтеперерабатывающего завода в Бразилии от БПЛА,Проект защиты нефтеперерабатывающего завода в Бразилии от БПЛА | N-TET,Проект защиты нефтеперерабатывающего завода в Бразилии от БПЛА | N-TET,Проект защиты нефтеперерабатывающего завода в Бразилии от БПЛА,Проект защиты нефтеперерабатывающего завода в Бразилии от БПЛА Project Overview | Связанное оборудование | Запросить решение и КП | Обзор | Связанное оборудование | Запросить решение и КП,true,false,true,true,true,0.404,保持当前本地化关键词落地
/ru/cases/ice-snow-emergency-uav-inspection,ru,strong,100,Аварийная инспекция БПЛА при снеголедовых бедствиях,Аварийная инспекция БПЛА при снеголедовых бедствиях | N-TET,Аварийная инспекция БПЛА при снеголедовых бедствиях | N-TET,Аварийная инспекция БПЛА при снеголедовых бедствиях,Аварийная инспекция БПЛА при снеголедовых бедствиях Project Overview | Связанное оборудование | Запросить решение и КП | Обзор | Связанное оборудование | Запросить решение и КП,true,true,true,true,true,0.527,保持当前本地化关键词落地
/ru/cases/lidar-tree-obstruction-uav-inspection,ru,strong,100,Инспекция древесных помех с LiDAR-БПЛА,Инспекция древесных помех с LiDAR-БПЛА | N-TET,Инспекция древесных помех с LiDAR-БПЛА | N-TET,Инспекция древесных помех с LiDAR-БПЛА,Инспекция древесных помех с LiDAR-БПЛА Project Overview | Связанное оборудование | Запросить решение и КП | Обзор | Связанное оборудование | Запросить решение и КП,true,true,true,true,true,0.576,保持当前本地化关键词落地
/ru/cases/nigeria-factory-low-altitude-monitoring,ru,strong,85,Защита промышленного комплекса в Нигерии от БПЛА,Защита промышленного комплекса в Нигерии от БПЛА | N-TET,Защита промышленного комплекса в Нигерии от БПЛА | N-TET,Защита промышленного комплекса в Нигерии от БПЛА,Защита промышленного комплекса в Нигерии от БПЛА Project Overview | Связанное оборудование | Запросить решение и КП | Обзор | Связанное оборудование | Запросить решение и КП,true,false,true,true,true,0.411,保持当前本地化关键词落地
/ru/cases/pakistan-power-plant-low-altitude-monitoring,ru,strong,85,Проект защиты электростанции в Пакистане от БПЛА,Проект защиты электростанции в Пакистане от БПЛА | N-TET,Проект защиты электростанции в Пакистане от БПЛА | N-TET,Проект защиты электростанции в Пакистане от БПЛА,Проект защиты электростанции в Пакистане от БПЛА Project Overview | Связанное оборудование | Запросить решение и КП | Обзор | Связанное оборудование | Запросить решение и КП,true,false,true,true,true,0.401,保持当前本地化关键词落地
/ru/cases/southern-grid-wildfire-uav-inspection,ru,strong,100,Пожарно-профилактическая инспекция Southern Grid с БПЛА,Пожарно-профилактическая инспекция Southern Grid с БПЛА | N-TET,Пожарно-профилактическая инспекция Southern Grid с БПЛА | N-TET,Пожарно-профилактическая инспекция Southern Grid с БПЛА,Пожарно-профилактическая инспекция Southern Grid с БПЛА Project Overview | Связанное оборудование | Запросить решение и КП | Обзор | Связанное оборудование | Запросить решение и КП,true,true,true,true,true,0.548,保持当前本地化关键词落地
/ru/cases/wildfire-emergency-transmission-line-uav-patrol,ru,strong,100,Аварийный пожарный патруль ЛЭП с БПЛА,Аварийный пожарный патруль ЛЭП с БПЛА | N-TET,Аварийный пожарный патруль ЛЭП с БПЛА | N-TET,Аварийный пожарный патруль ЛЭП с БПЛА,Аварийный пожарный патруль ЛЭП с БПЛА Project Overview | Связанное оборудование | Запросить решение и КП | Обзор | Связанное оборудование | Запросить решение и КП,true,true,true,true,true,0.525,保持当前本地化关键词落地
/ru/cases/zhaoqing-long-distance-power-line-uav-inspection,ru,strong,100,Дальняя инспекция ЛЭП с БПЛА в Чжаоцине,Дальняя инспекция ЛЭП с БПЛА в Чжаоцине | N-TET,Дальняя инспекция ЛЭП с БПЛА в Чжаоцине | N-TET,Дальняя инспекция ЛЭП с БПЛА в Чжаоцине,Дальняя инспекция ЛЭП с БПЛА в Чжаоцине Project Overview | Связанное оборудование | Запросить решение и КП | Обзор | Связанное оборудование | Запросить решение и КП,true,true,true,true,true,0.531,保持当前本地化关键词落地
/ru/contact,ru,strong,100,запрос цены на промышленный БПЛА,запрос цены на промышленный БПЛА | поставщик БПЛА | решение для инспекции дронами | оборудование мониторинга низкой высоты,Запрос цены на промышленный БПЛА | N-TET,Запрос цены на промышленный БПЛА,Запрос цены на промышленный БПЛА и консультация | Запросить решение и КП | Запросить решение и КП,true,true,true,true,true,0.369,保持当前本地化关键词落地
/ru/media,ru,strong,100,новости промышленных БПЛА,новости промышленных БПЛА | низковысотная экономика | привязной БПЛА | мониторинг инфраструктуры,Новости промышленных БПЛА | N-TET,Новости промышленных БПЛА,Новости промышленных БПЛА и низковысотной экономики | Последнее | Запросить решение и КП | Запросить решение и КП,true,true,true,true,true,0.864,保持当前本地化关键词落地
/ru/media/border-surveillance-uav-network-2026,ru,partial,70,Сети БПЛА и EO/IR улучшают обзорность удаленного патрулирования,Сети БПЛА и EO/IR улучшают обзорность удаленного патрулирования | N-TET,Сети БПЛА и EO/IR улучшают обзорность удаленного патрулирования | N-TET,Сети БПЛА и EO/IR улучшают обзорность удаленного патрулирования,Запросить решение и КП | Запросить решение и КП,true,false,true,false,true,0.354,把主/辅助关键词自然写入 H2
/ru/media/industrial-uav-redundancy-2026,ru,partial,70,Двойное резервирование управления полетом: как промышленные БПЛА достигают надежности миссионного уровня,Двойное резервирование управления полетом: как промышленные БПЛА достигают надежности миссионного уровня | N-TET,Двойное резервирование управления полетом: как промышленные БПЛА достигают надежности миссионного уровня | N-TET,Двойное резервирование управления полетом: как промышленные БПЛА достигают надежности миссионного уровня,Запросить решение и КП | Запросить решение и КП,true,false,true,false,true,0.342,把主/辅助关键词自然写入 H2
/ru/media/low-altitude-economy-2026-outlook,ru,partial,70,Экономика малых высот Китая: прогноз на 2026 год с оборотом в 2 трлн юаней,Экономика малых высот Китая: прогноз на 2026 год с оборотом в 2 трлн юаней | N-TET,Экономика малых высот Китая: прогноз на 2026 год с оборотом в 2 трлн юаней | N-TET,Экономика малых высот Китая: прогноз на 2026 год с оборотом в 2 трлн юаней,Запросить решение и КП | Запросить решение и КП,true,false,true,false,true,0.343,把主/辅助关键词自然写入 H2
/ru/media/tethered-uav-persistent-surveillance-2026,ru,partial,70,Привязные БПЛА: непрерывное воздушное наблюдение для мероприятий и удаленных объектов,Привязные БПЛА: непрерывное воздушное наблюдение для мероприятий и удаленных объектов | N-TET,Привязные БПЛА: непрерывное воздушное наблюдение для мероприятий и удаленных объектов | N-TET,Привязные БПЛА: непрерывное воздушное наблюдение для мероприятий и удаленных объектов,Запросить решение и КП | Запросить решение и КП,true,false,true,false,true,0.340,把主/辅助关键词自然写入 H2
/ru/products,ru,partial,65,промышленные БПЛА,промышленные БПЛА | инспекционный БПЛА | аварийный БПЛА | оборудование мониторинга низкой высоты,Промышленные БПЛА и оборудование мониторинга | N-TET,Центр технологий и оборудования,БПЛА и беспилотные системы | Запросить решение и КП,true,true,false,false,true,0.307,优先把主关键词写入 H1
/ru/products/bailey-bridge,ru,strong,100,Стальной модульный мост Бейли,Стальной модульный мост Бейли | engineering materials | Bailey steel bridge | infrastructure support equipment | N-TET,Стальной модульный мост Бейли | N-TET,Стальной модульный мост Бейли,Стальной модульный мост Бейли Technical Specifications | Запросить решение и КП | Обзор | Технические характеристики | Запросить решение и КП,true,true,true,true,true,0.345,保持当前本地化关键词落地
/ru/products/composite-electro-optical-tracking-system,ru,strong,100,Оптико-электронная система обнаружения и слежения ОЭС,Оптико-электронная система обнаружения и слежения ОЭС | low altitude monitoring equipment | drone detection equipment | airspace monitoring system | N-TET,Оптико-электронная система обнаружения и слежения (ОЭС) | N-TET,Оптико-электронная система обнаружения и слежения ОЭС,Оптико-электронная система обнаружения и слежения ОЭС Technical Specifications | Запросить решение и КП | Обзор | Технические характеристики | Запросить решение и КП,true,true,true,true,true,0.190,保持当前本地化关键词落地
/ru/products/containerized-medical-rescue-system,ru,strong,100,Контейнерная система медицинской помощи,Контейнерная система медицинской помощи | field hospital system | containerized medical rescue system | emergency medical shelter | N-TET,Контейнерная система медицинской помощи | N-TET,Контейнерная система медицинской помощи,Контейнерная система медицинской помощи Technical Specifications | Запросить решение и КП | Обзор | Технические характеристики | Запросить решение и КП,true,true,true,true,true,0.363,保持当前本地化关键词落地
/ru/products/emergency-search-rescue-drone,ru,strong,100,thermal drones for search and rescue,thermal drones for search and rescue | search and rescue drone | search and rescue UAV | drone rescue | БПЛА для аварийного поиска и спасения | industrial UAV systems | UAV inspection drone | emergency response UAV,БПЛА для аварийного поиска и спасения | N-TET,БПЛА для аварийного поиска и спасения,БПЛА для аварийного поиска и спасения Technical Specifications | Запросить решение и КП | Обзор | Технические характеристики | Запросить решение и КП,true,true,true,true,true,0.744,保持当前本地化关键词落地
/ru/products/fbg-g15-fc06-explosion-containment-vessel,ru,strong,100,Взрывозащитный контейнер FBG-G1.5-FC06,Взрывозащитный контейнер FBG-G1.5-FC06 | security screening equipment | X-ray baggage scanner | walk-through metal detector | N-TET,Взрывозащитный контейнер FBG-G1.5-FC06 | N-TET,Взрывозащитный контейнер FBG-G1.5-FC06,Взрывозащитный контейнер FBG-G1.5-FC06 Technical Specifications | Запросить решение и КП | Обзор | Технические характеристики | Запросить решение и КП,true,true,true,true,true,0.332,保持当前本地化关键词落地
/ru/products/fbt-fc09-explosion-protection-blanket,ru,strong,100,Взрывозащитное одеяло FBT-FC09,Взрывозащитное одеяло FBT-FC09 | security screening equipment | X-ray baggage scanner | walk-through metal detector | N-TET,Взрывозащитное одеяло FBT-FC09 | N-TET,Взрывозащитное одеяло FBT-FC09,Взрывозащитное одеяло FBT-FC09 Technical Specifications | Запросить решение и КП | Обзор | Технические характеристики | Запросить решение и КП,true,true,true,true,true,0.343,保持当前本地化关键词落地
/ru/products/fc-3000-ferromagnetic-detection-column,ru,strong,100,Интеллектуальная система ферромагнитного детектирования FC-3000,Интеллектуальная система ферромагнитного детектирования FC-3000 | security screening equipment | X-ray baggage scanner | walk-through metal detector | N-TET,Интеллектуальная система ферромагнитного детектирования FC-3000 | N-TET,Интеллектуальная система ферромагнитного детектирования FC-3000,Интеллектуальная система ферромагнитного детектирования FC-3000 Technical Specifications | Запросить решение и КП | Обзор | Технические характеристики | Запросить решение и КП,true,true,true,true,true,0.339,保持当前本地化关键词落地
/ru/products/fc-c-deluxe-walk-through-metal-detector,ru,strong,100,Арочный металлодетектор FC-C Делюкс,Арочный металлодетектор FC-C Делюкс | security screening equipment | X-ray baggage scanner | walk-through metal detector | N-TET,Арочный металлодетектор FC-C (Делюкс) | N-TET,Арочный металлодетектор FC-C Делюкс,Арочный металлодетектор FC-C Делюкс Technical Specifications | Запросить решение и КП | Обзор | Технические характеристики | Запросить решение и КП,true,true,true,true,true,0.196,保持当前本地化关键词落地
/ru/products/fc-c-lcd-walk-through-metal-detector,ru,strong,100,Арочный металлодетектор FC-C ЖК-экран,Арочный металлодетектор FC-C ЖК-экран | 12 зон | security screening equipment | X-ray baggage scanner | walk-through metal detector | N-TET,"Арочный металлодетектор FC-C (ЖК-экран, 12 зон) | N-TET","Арочный металлодетектор FC-C ЖК-экран, 12 зон","Арочный металлодетектор FC-C ЖК-экран, 12 зон Technical Specifications | Запросить решение и КП | Обзор | Технические характеристики | Запросить решение и КП",true,true,true,true,true,0.521,保持当前本地化关键词落地
/ru/products/fc-dlxj-01-power-grid-inspection-drone,ru,strong,85,drone power line inspection,drone power line inspection | power line inspection drone | UAV power line inspection | utility inspection drone | БПЛА для инспекции электросетей FC-DLXJ-01 VTOL | industrial UAV systems | UAV inspection drone | emergency response UAV,БПЛА для инспекции электросетей FC-DLXJ-01 (VTOL) | N-TET,БПЛА для инспекции электросетей FC-DLXJ-01 VTOL,БПЛА для инспекции электросетей FC-DLXJ-01 VTOL Technical Specifications | Запросить решение и КП | Обзор | Технические характеристики | Запросить решение и КП,false,true,true,true,true,0.211,保持当前本地化关键词落地
/ru/products/fc-dma-long-range-optical-turntable,ru,strong,100,Мультиспектральная оптико-электронная поворотная платформа FC-DMA,Мультиспектральная оптико-электронная поворотная платформа FC-DMA | perimeter intelligence | electro optical surveillance | radar vision fusion system | N-TET,Мультиспектральная оптико-электронная поворотная платформа FC-DMA | N-TET,Мультиспектральная оптико-электронная поворотная платформа FC-DMA,Мультиспектральная оптико-электронная поворотная платформа FC-DMA Technical Specifications | Запросить решение и КП | Обзор | Технические характеристики | Запросить решение и КП,true,true,true,true,true,0.227,保持当前本地化关键词落地
/ru/products/fc-dms10-smart-electronic-sentinel,ru,strong,100,Интеллектуальный электронный часовой серии FC-DMS10,Интеллектуальный электронный часовой серии FC-DMS10 | perimeter intelligence | electro optical surveillance | radar vision fusion system | N-TET,Интеллектуальный электронный часовой серии FC-DMS10 | N-TET,Интеллектуальный электронный часовой серии FC-DMS10,Интеллектуальный электронный часовой серии FC-DMS10 Technical Specifications | Запросить решение и КП | Обзор | Технические характеристики | Запросить решение и КП,true,true,true,true,true,0.398,保持当前本地化关键词落地
/ru/products/fc-dtvc-dual-band-thermal-ptz,ru,strong,100,Двухспектральная тепловизионная скоростная купольная камера FC-DTVC,Двухспектральная тепловизионная скоростная купольная камера FC-DTVC | perimeter intelligence | electro optical surveillance | radar vision fusion system | N-TET,Двухспектральная тепловизионная скоростная купольная камера FC-DTVC | N-TET,Двухспектральная тепловизионная скоростная купольная камера FC-DTVC,Двухспектральная тепловизионная скоростная купольная камера FC-DTVC Technical Specifications | Запросить решение и КП | Обзор | Технические характеристики | Запросить решение и КП,true,true,true,true,true,0.258,保持当前本地化关键词落地
/ru/products/fc-h-smart-phone-detection-gate,ru,strong,100,Интеллектуальная рамка обнаружения смартфонов FC-H,Интеллектуальная рамка обнаружения смартфонов FC-H | security screening equipment | X-ray baggage scanner | walk-through metal detector | N-TET,Интеллектуальная рамка обнаружения смартфонов FC-H | N-TET,Интеллектуальная рамка обнаружения смартфонов FC-H,Интеллектуальная рамка обнаружения смартфонов FC-H Technical Specifications | Запросить решение и КП | Обзор | Технические характеристики | Запросить решение и КП,true,true,true,true,true,0.341,保持当前本地化关键词落地
/ru/products/fc-h-smart-phone-detection-gate-29in,ru,strong,100,Интеллектуальная рамка для обнаружения мобильных телефонов FC-H 29 дюймов,Интеллектуальная рамка для обнаружения мобильных телефонов FC-H 29 дюймов | security screening equipment | X-ray baggage scanner | walk-through metal detector | N-TET,Интеллектуальная рамка для обнаружения мобильных телефонов FC-H (29 дюймов) | N-TET,Интеллектуальная рамка для обнаружения мобильных телефонов FC-H 29 дюймов,Интеллектуальная рамка для обнаружения мобильных телефонов FC-H 29 дюймов Technical Specifications | Запросить решение и КП | Обзор | Технические характеристики | Запросить решение и КП,true,true,true,true,true,0.192,保持当前本地化关键词落地
/ru/products/fc-pd500-personal-radiation-dose-alarm,ru,strong,100,Индивидуальный сигнализатор дозы X-γ излучения FC-PD500,Индивидуальный сигнализатор дозы X-γ излучения FC-PD500 | security screening equipment | X-ray baggage scanner | walk-through metal detector | N-TET,Индивидуальный сигнализатор дозы X-γ излучения FC-PD500 | N-TET,Индивидуальный сигнализатор дозы X-γ излучения FC-PD500,Индивидуальный сигнализатор дозы X-γ излучения FC-PD500 Technical Specifications | Запросить решение и КП | Обзор | Технические характеристики | Запросить решение и КП,true,true,true,true,true,0.307,保持当前本地化关键词落地
/ru/products/fc-rc-series-hd-laser-camera,ru,strong,100,Лазерная HD-камера дальнего действия серии FC-RC,Лазерная HD-камера дальнего действия серии FC-RC | perimeter intelligence | electro optical surveillance | radar vision fusion system | N-TET,Лазерная HD-камера дальнего действия серии FC-RC | N-TET,Лазерная HD-камера дальнего действия серии FC-RC,Лазерная HD-камера дальнего действия серии FC-RC Technical Specifications | Запросить решение и КП | Обзор | Технические характеристики | Запросить решение и КП,true,true,true,true,true,0.257,保持当前本地化关键词落地
/ru/products/fc-rds500-4r-radar-vision-sentinel,ru,strong,100,Интеллектуальная система Radar-Vision Fusion FC-RDS500-4R,Интеллектуальная система Radar-Vision Fusion FC-RDS500-4R | perimeter intelligence | electro optical surveillance | radar vision fusion system | N-TET,Интеллектуальная система Radar-Vision Fusion FC-RDS500-4R | N-TET,Интеллектуальная система Radar-Vision Fusion FC-RDS500-4R,Интеллектуальная система Radar-Vision Fusion FC-RDS500-4R Technical Specifications | Запросить решение и КП | Обзор | Технические характеристики | Запросить решение и КП,true,true,true,true,true,0.249,保持当前本地化关键词落地
/ru/products/fc-sljc-01-water-conservancy-monitoring-drone,ru,strong,100,water conservancy monitoring UAV,water conservancy monitoring UAV | dam inspection UAV | river lake UAV monitoring | flood monitoring drone | БПЛА для мониторинга водного хозяйства | industrial UAV systems | UAV inspection drone | emergency response UAV,БПЛА для мониторинга водного хозяйства | N-TET,БПЛА для мониторинга водного хозяйства,БПЛА для мониторинга водного хозяйства Technical Specifications | Запросить решение и КП | Обзор | Технические характеристики | Запросить решение и КП,true,true,true,true,true,0.613,保持当前本地化关键词落地
/ru/products/fc-smart-swing-turnstile,ru,strong,100,Интеллектуальный турникет-калитку класса люкс,Интеллектуальный турникет-калитку класса люкс | security screening equipment | X-ray baggage scanner | walk-through metal detector | N-TET,Интеллектуальный турникет-калитку класса люкс | N-TET,Интеллектуальный турникет-калитку класса люкс,Интеллектуальный турникет-калитку класса люкс Technical Specifications | Запросить решение и КП | Обзор | Технические характеристики | Запросить решение и КП,true,true,true,true,true,0.316,保持当前本地化关键词落地
/ru/products/fc-ttvc-intelligent-multi-band-camera,ru,strong,100,Интеллектуальная мультиспектральная камера серии FC-TTVC,Интеллектуальная мультиспектральная камера серии FC-TTVC | perimeter intelligence | electro optical surveillance | radar vision fusion system | N-TET,Интеллектуальная мультиспектральная камера серии FC-TTVC | N-TET,Интеллектуальная мультиспектральная камера серии FC-TTVC,Интеллектуальная мультиспектральная камера серии FC-TTVC Technical Specifications | Запросить решение и КП | Обзор | Технические характеристики | Запросить решение и КП,true,true,true,true,true,0.268,保持当前本地化关键词落地
/ru/products/fc-yjtx-01-emergency-communication-drone,ru,strong,100,emergency communication UAV,emergency communication UAV | disaster response communication drone | tethered communication UAV | public safety UAV communications | Привязной БПЛА для аварийной связи | industrial UAV systems | UAV inspection drone | emergency response UAV,Привязной БПЛА для аварийной связи | N-TET,Привязной БПЛА для аварийной связи,Привязной БПЛА для аварийной связи Technical Specifications | Запросить решение и КП | Обзор | Технические характеристики | Запросить решение и КП,true,true,true,true,true,0.211,保持当前本地化关键词落地
/ru/products/fc-yjxf-01-aerial-firefighting-drone,ru,strong,100,firefighting drone,firefighting drone | drone fire fighting | drone for fire fighting | high-rise firefighting UAV | Привязной БПЛА для тушения высотных пожаров | industrial UAV systems | UAV inspection drone | emergency response UAV,Привязной БПЛА для тушения высотных пожаров | N-TET,Привязной БПЛА для тушения высотных пожаров,Привязной БПЛА для тушения высотных пожаров Technical Specifications | Запросить решение и КП | Обзор | Технические характеристики | Запросить решение и КП,true,true,true,true,true,0.172,保持当前本地化关键词落地
/ru/products/fc-yjzc-01-emergency-reconnaissance-drone,ru,strong,100,search and rescue drone,search and rescue drone | drone rescue | emergency reconnaissance drone | disaster response UAV | БПЛА для экстренного реагирования и разведки FC-YJZC-01 | industrial UAV systems | UAV inspection drone | emergency response UAV,БПЛА для экстренного реагирования и разведки FC-YJZC-01 | N-TET,БПЛА для экстренного реагирования и разведки FC-YJZC-01,БПЛА для экстренного реагирования и разведки FC-YJZC-01 Technical Specifications | Запросить решение и КП | Обзор | Технические характеристики | Запросить решение и КП,true,true,true,true,true,0.349,保持当前本地化关键词落地
/ru/products/fc-yjzm-01-emergency-lighting-drone,ru,strong,100,drone lighting,drone lighting | UAV lighting | tethered lighting UAV | emergency lighting drone | Привязной БПЛА для освещения | industrial UAV systems | UAV inspection drone | emergency response UAV,Привязной БПЛА для освещения | N-TET,Привязной БПЛА для освещения,Привязной БПЛА для освещения Technical Specifications | Запросить решение и КП | Обзор | Технические характеристики | Запросить решение и КП,true,true,true,true,true,0.202,保持当前本地化关键词落地
/ru/products/fc-yqxj-01-utility-inspection-drone,ru,strong,85,pipeline inspection drones,pipeline inspection drones | UAV pipeline inspection | oil and gas drone inspection | drone pipeline inspection | БПЛА для инспекции нефтегазопроводов FC-YQXJ-01 VTOL | industrial UAV systems | UAV inspection drone | emergency response UAV,БПЛА для инспекции нефтегазопроводов FC-YQXJ-01 (VTOL) | N-TET,БПЛА для инспекции нефтегазопроводов FC-YQXJ-01 VTOL,БПЛА для инспекции нефтегазопроводов FC-YQXJ-01 VTOL Technical Specifications | Запросить решение и КП | Обзор | Технические характеристики | Запросить решение и КП,false,true,true,true,true,0.209,保持当前本地化关键词落地
/ru/products/fc1500-handheld-liquid-detector,ru,strong,100,Портативный детектор опасных жидкостей FC1500,Портативный детектор опасных жидкостей FC1500 | security screening equipment | X-ray baggage scanner | walk-through metal detector | N-TET,Портативный детектор опасных жидкостей FC1500 | N-TET,Портативный детектор опасных жидкостей FC1500,Портативный детектор опасных жидкостей FC1500 Technical Specifications | Запросить решение и КП | Обзор | Технические характеристики | Запросить решение и КП,true,true,true,true,true,0.332,保持当前本地化关键词落地
/ru/products/fc1500b-desktop-liquid-security-inspector,ru,strong,100,Настольный детектор опасных жидкостей FC1500B,Настольный детектор опасных жидкостей FC1500B | security screening equipment | X-ray baggage scanner | walk-through metal detector | N-TET,Настольный детектор опасных жидкостей FC1500B | N-TET,Настольный детектор опасных жидкостей FC1500B,Настольный детектор опасных жидкостей FC1500B Technical Specifications | Запросить решение и КП | Обзор | Технические характеристики | Запросить решение и КП,true,true,true,true,true,0.329,保持当前本地化关键词落地
/ru/products/fc1800b-portable-explosives-and-narcotics-detector,ru,strong,100,Портативный детектор следов взрывчатых веществ и наркотиков FC1800B,Портативный детектор следов взрывчатых веществ и наркотиков FC1800B | security screening equipment | X-ray baggage scanner | walk-through metal detector | N-TET,Портативный детектор следов взрывчатых веществ и наркотиков FC1800B | N-TET,Портативный детектор следов взрывчатых веществ и наркотиков FC1800B,Портативный детектор следов взрывчатых веществ и наркотиков FC1800B Technical Specifications | Запросить решение и КП | Обзор | Технические характеристики | Запросить решение и КП,true,true,true,true,true,0.337,保持当前本地化关键词落地
/ru/products/fc1800t-desktop-explosives-narcotics-detector,ru,strong,100,Настольный детектор следов взрывчатых веществ и наркотиков FC1800T,Настольный детектор следов взрывчатых веществ и наркотиков FC1800T | security screening equipment | X-ray baggage scanner | walk-through metal detector | N-TET,Настольный детектор следов взрывчатых веществ и наркотиков FC1800T | N-TET,Настольный детектор следов взрывчатых веществ и наркотиков FC1800T,Настольный детектор следов взрывчатых веществ и наркотиков FC1800T Technical Specifications | Запросить решение и КП | Обзор | Технические характеристики | Запросить решение и КП,true,true,true,true,true,0.335,保持当前本地化关键词落地
/ru/products/fc2088-handheld-metal-detector,ru,strong,100,Ручной металлодетектор FC2088,Ручной металлодетектор FC2088 | security screening equipment | X-ray baggage scanner | walk-through metal detector | N-TET,Ручной металлодетектор FC2088 | N-TET,Ручной металлодетектор FC2088,Ручной металлодетектор FC2088 Technical Specifications | Запросить решение и КП | Обзор | Технические характеристики | Запросить решение и КП,true,true,true,true,true,0.347,保持当前本地化关键词落地
/ru/products/fc4028-neutron-ambient-dose-rate-meter,ru,strong,100,Измеритель мощности амбиентного эквивалента дозы нейтронного излучения FC4028,Измеритель мощности амбиентного эквивалента дозы нейтронного излучения FC4028 | security screening equipment | X-ray baggage scanner | walk-through metal detector | N-TET,Измеритель мощности амбиентного эквивалента дозы нейтронного излучения FC4028 | N-TET,Измеритель мощности амбиентного эквивалента дозы нейтронного излучения FC4028,Измеритель мощности амбиентного эквивалента дозы нейтронного излучения FC4028 Technical Specifications | Запросить решение и КП | Обзор | Технические характеристики | Запросить решение и КП,true,true,true,true,true,0.253,保持当前本地化关键词落地
/ru/products/fc5030-compact-x-ray-baggage-scanner,ru,strong,100,Малогабаритный рентгенотелевизионный интроскоп FC5030,Малогабаритный рентгенотелевизионный интроскоп FC5030 | security screening equipment | X-ray baggage scanner | walk-through metal detector | N-TET,Малогабаритный рентгенотелевизионный интроскоп FC5030 | N-TET,Малогабаритный рентгенотелевизионный интроскоп FC5030,Малогабаритный рентгенотелевизионный интроскоп FC5030 Technical Specifications | Запросить решение и КП | Обзор | Технические характеристики | Запросить решение и КП,true,true,true,true,true,0.325,保持当前本地化关键词落地
/ru/products/fc6550-standard-x-ray-baggage-scanner,ru,strong,100,Рентгенотелевизионная установка FC6550 Стандартная,Рентгенотелевизионная установка FC6550 Стандартная | security screening equipment | X-ray baggage scanner | walk-through metal detector | N-TET,Рентгенотелевизионная установка FC6550 (Стандартная) | N-TET,Рентгенотелевизионная установка FC6550 Стандартная,Рентгенотелевизионная установка FC6550 Стандартная Technical Specifications | Запросить решение и КП | Обзор | Технические характеристики | Запросить решение и КП,true,true,true,true,true,0.208,保持当前本地化关键词落地
/ru/products/fc6550d-dual-view-baggage-scanner,ru,strong,100,Двухпроекционный рентгеновский интроскоп FC6550D,Двухпроекционный рентгеновский интроскоп FC6550D | security screening equipment | X-ray baggage scanner | walk-through metal detector | N-TET,Двухпроекционный рентгеновский интроскоп FC6550D | N-TET,Двухпроекционный рентгеновский интроскоп FC6550D,Двухпроекционный рентгеновский интроскоп FC6550D Technical Specifications | Запросить решение и КП | Обзор | Технические характеристики | Запросить решение и КП,true,true,true,true,true,0.320,保持当前本地化关键词落地
/ru/products/fc902-personal-radiation-dose-alarm,ru,strong,100,Индивидуальный сигнализатор дозы рентгеновского и гамма-излучения FC902,Индивидуальный сигнализатор дозы рентгеновского и гамма-излучения FC902 | security screening equipment | X-ray baggage scanner | walk-through metal detector | N-TET,Индивидуальный сигнализатор дозы рентгеновского и гамма-излучения FC902 | N-TET,Индивидуальный сигнализатор дозы рентгеновского и гамма-излучения FC902,Индивидуальный сигнализатор дозы рентгеновского и гамма-излучения FC902 Technical Specifications | Запросить решение и КП | Обзор | Технические характеристики | Запросить решение и КП,true,true,true,true,true,0.306,保持当前本地化关键词落地
/ru/products/handheld-rf-detection-system-mini,ru,strong,100,Малогабаритный переносной радиочастотный обнаружитель БПЛА,Малогабаритный переносной радиочастотный обнаружитель БПЛА | low altitude monitoring equipment | drone detection equipment | airspace monitoring system | N-TET,Малогабаритный переносной радиочастотный обнаружитель БПЛА | N-TET,Малогабаритный переносной радиочастотный обнаружитель БПЛА,Малогабаритный переносной радиочастотный обнаружитель БПЛА Technical Specifications | Запросить решение и КП | Обзор | Технические характеристики | Запросить решение и КП,true,true,true,true,true,0.331,保持当前本地化关键词落地
/ru/products/intelligent-mobile-cabin-hospital,ru,strong,100,Интеллектуальный мобильный многофункциональный госпиталь,Интеллектуальный мобильный многофункциональный госпиталь | field hospital system | containerized medical rescue system | emergency medical shelter | N-TET,Интеллектуальный мобильный многофункциональный госпиталь | N-TET,Интеллектуальный мобильный многофункциональный госпиталь,Интеллектуальный мобильный многофункциональный госпиталь Technical Specifications | Запросить решение и КП | Обзор | Технические характеристики | Запросить решение и КП,true,true,true,true,true,0.379,保持当前本地化关键词落地
/ru/products/low-altitude-3d-pulse-doppler-radar,ru,strong,100,Радар обнаружения маловысотных целей X-диапазон,Радар обнаружения маловысотных целей X-диапазон | low altitude monitoring equipment | drone detection equipment | airspace monitoring system | N-TET,Радар обнаружения маловысотных целей (X-диапазон) | N-TET,Радар обнаружения маловысотных целей X-диапазон,Радар обнаружения маловысотных целей X-диапазон Technical Specifications | Запросить решение и КП | Обзор | Технические характеристики | Запросить решение и КП,true,true,true,true,true,0.199,保持当前本地化关键词落地
/ru/products/low-altitude-detection-radar-ku-band,ru,strong,100,РЛС обнаружения маловысотных целей Ku-диапазон,РЛС обнаружения маловысотных целей Ku-диапазон | low altitude monitoring equipment | drone detection equipment | airspace monitoring system | N-TET,РЛС обнаружения маловысотных целей (Ku-диапазон) | N-TET,РЛС обнаружения маловысотных целей Ku-диапазон,РЛС обнаружения маловысотных целей Ku-диапазон Technical Specifications | Запросить решение и КП | Обзор | Технические характеристики | Запросить решение и КП,true,true,true,true,true,0.201,保持当前本地化关键词落地
/ru/products/multi-rotor-20kg-payload-uav,ru,strong,100,Мультироторный БПЛА с нагрузкой 20 kg,Мультироторный БПЛА с нагрузкой 20 kg | industrial UAV systems | UAV inspection drone | emergency response UAV | N-TET,Мультироторный БПЛА с нагрузкой 20 kg | N-TET,Мультироторный БПЛА с нагрузкой 20 kg,Мультироторный БПЛА с нагрузкой 20 kg Technical Specifications | Запросить решение и КП | Обзор | Технические характеристики | Запросить решение и КП,true,true,true,true,true,0.385,保持当前本地化关键词落地
/ru/products/multi-rotor-3kg-payload-uav,ru,strong,100,Мультироторный БПЛА с нагрузкой 3 kg,Мультироторный БПЛА с нагрузкой 3 kg | industrial UAV systems | UAV inspection drone | emergency response UAV | N-TET,Мультироторный БПЛА с нагрузкой 3 kg | N-TET,Мультироторный БПЛА с нагрузкой 3 kg,Мультироторный БПЛА с нагрузкой 3 kg Technical Specifications | Запросить решение и КП | Обзор | Технические характеристики | Запросить решение и КП,true,true,true,true,true,0.331,保持当前本地化关键词落地
/ru/products/multi-rotor-50kg-payload-uav,ru,strong,100,Мультироторный БПЛА с нагрузкой 50 kg,Мультироторный БПЛА с нагрузкой 50 kg | industrial UAV systems | UAV inspection drone | emergency response UAV | N-TET,Мультироторный БПЛА с нагрузкой 50 kg | N-TET,Мультироторный БПЛА с нагрузкой 50 kg,Мультироторный БПЛА с нагрузкой 50 kg Technical Specifications | Запросить решение и КП | Обзор | Технические характеристики | Запросить решение и КП,true,true,true,true,true,0.362,保持当前本地化关键词落地
/ru/products/multi-rotor-8kg-payload-uav,ru,strong,100,Мультироторный БПЛА с нагрузкой 8 kg,Мультироторный БПЛА с нагрузкой 8 kg | industrial UAV systems | UAV inspection drone | emergency response UAV | N-TET,Мультироторный БПЛА с нагрузкой 8 kg | N-TET,Мультироторный БПЛА с нагрузкой 8 kg,Мультироторный БПЛА с нагрузкой 8 kg Technical Specifications | Запросить решение и КП | Обзор | Технические характеристики | Запросить решение и КП,true,true,true,true,true,0.389,保持当前本地化关键词落地
/ru/products/portable-rf-detection-case,ru,strong,100,Переносная кейс система радиочастотного обнаружения БПЛА,Переносная кейс система радиочастотного обнаружения БПЛА | low altitude monitoring equipment | drone detection equipment | airspace monitoring system | N-TET,Переносная (кейс) система радиочастотного обнаружения БПЛА | N-TET,Переносная кейс система радиочастотного обнаружения БПЛА,Переносная кейс система радиочастотного обнаружения БПЛА Technical Specifications | Запросить решение и КП | Обзор | Технические характеристики | Запросить решение и КП,true,true,true,true,true,0.205,保持当前本地化关键词落地
/ru/products/power-tower-inspection-drone,ru,strong,100,drone power line inspection,drone power line inspection | power line inspection drone | drones for utility inspection | transmission tower inspection UAV | БПЛА для инспекции опор ЛЭП | industrial UAV systems | UAV inspection drone | emergency response UAV,БПЛА для инспекции опор ЛЭП | N-TET,БПЛА для инспекции опор ЛЭП,БПЛА для инспекции опор ЛЭП Technical Specifications | Запросить решение и КП | Обзор | Технические характеристики | Запросить решение и КП,true,true,true,true,true,0.572,保持当前本地化关键词落地
/ru/products/smart-substation-autonomous-inspection-system,ru,strong,100,smart substation autonomous inspection,smart substation autonomous inspection | substation inspection drone | power utility UAV inspection | autonomous UAV inspection | Автономная система инспекции умной подстанции с БПЛА | industrial UAV systems | UAV inspection drone | emergency response UAV,Автономная система инспекции умной подстанции с БПЛА | N-TET,Автономная система инспекции умной подстанции с БПЛА,Автономная система инспекции умной подстанции с БПЛА Technical Specifications | Запросить решение и КП | Обзор | Технические характеристики | Запросить решение и КП,true,true,true,true,true,0.452,保持当前本地化关键词落地
/ru/products/stationary-rf-detection-system,ru,strong,100,Стационарная система радиочастотного обнаружения БПЛА,Стационарная система радиочастотного обнаружения БПЛА | low altitude monitoring equipment | drone detection equipment | airspace monitoring system | N-TET,Стационарная система радиочастотного обнаружения БПЛА | N-TET,Стационарная система радиочастотного обнаружения БПЛА,Стационарная система радиочастотного обнаружения БПЛА Technical Specifications | Запросить решение и КП | Обзор | Технические характеристики | Запросить решение и КП,true,true,true,true,true,0.329,保持当前本地化关键词落地
/ru/products/uav-remote-id-monitoring-system,ru,strong,100,Система мониторинга удаленной идентификации БПЛА Remote ID,Система мониторинга удаленной идентификации БПЛА Remote ID | low altitude monitoring equipment | drone detection equipment | airspace monitoring system | N-TET,Система мониторинга удаленной идентификации БПЛА (Remote ID) | N-TET,Система мониторинга удаленной идентификации БПЛА Remote ID,Система мониторинга удаленной идентификации БПЛА Remote ID Technical Specifications | Запросить решение и КП | Обзор | Технические характеристики | Запросить решение и КП,true,true,true,true,true,0.205,保持当前本地化关键词落地
/ru/products/vtol-135kg-mtow-uav,ru,strong,100,VTOL БПЛА с максимальной взлетной массой 135 kg,VTOL БПЛА с максимальной взлетной массой 135 kg | industrial UAV systems | UAV inspection drone | emergency response UAV | N-TET,VTOL БПЛА с максимальной взлетной массой 135 kg | N-TET,VTOL БПЛА с максимальной взлетной массой 135 kg,VTOL БПЛА с максимальной взлетной массой 135 kg Technical Specifications | Запросить решение и КП | Обзор | Технические характеристики | Запросить решение и КП,true,true,true,true,true,0.394,保持当前本地化关键词落地
/ru/products/vtol-14kg-mtow-uav,ru,strong,100,VTOL БПЛА с максимальной взлетной массой 14 kg,VTOL БПЛА с максимальной взлетной массой 14 kg | industrial UAV systems | UAV inspection drone | emergency response UAV | N-TET,VTOL БПЛА с максимальной взлетной массой 14 kg | N-TET,VTOL БПЛА с максимальной взлетной массой 14 kg,VTOL БПЛА с максимальной взлетной массой 14 kg Technical Specifications | Запросить решение и КП | Обзор | Технические характеристики | Запросить решение и КП,true,true,true,true,true,0.395,保持当前本地化关键词落地
/ru/products/vtol-26kg-mtow-uav,ru,strong,100,VTOL БПЛА с максимальной взлетной массой 26 kg,VTOL БПЛА с максимальной взлетной массой 26 kg | industrial UAV systems | UAV inspection drone | emergency response UAV | N-TET,VTOL БПЛА с максимальной взлетной массой 26 kg | N-TET,VTOL БПЛА с максимальной взлетной массой 26 kg,VTOL БПЛА с максимальной взлетной массой 26 kg Technical Specifications | Запросить решение и КП | Обзор | Технические характеристики | Запросить решение и КП,true,true,true,true,true,0.395,保持当前本地化关键词落地
/ru/products/vtol-40kg-mtow-uav,ru,strong,100,VTOL БПЛА с максимальной взлетной массой 40 kg,VTOL БПЛА с максимальной взлетной массой 40 kg | industrial UAV systems | UAV inspection drone | emergency response UAV | N-TET,VTOL БПЛА с максимальной взлетной массой 40 kg | N-TET,VTOL БПЛА с максимальной взлетной массой 40 kg,VTOL БПЛА с максимальной взлетной массой 40 kg Technical Specifications | Запросить решение и КП | Обзор | Технические характеристики | Запросить решение и КП,true,true,true,true,true,0.394,保持当前本地化关键词落地
/ru/products/vtol-64kg-mtow-uav,ru,strong,100,VTOL БПЛА с максимальной взлетной массой 64 kg,VTOL БПЛА с максимальной взлетной массой 64 kg | industrial UAV systems | UAV inspection drone | emergency response UAV | N-TET,VTOL БПЛА с максимальной взлетной массой 64 kg | N-TET,VTOL БПЛА с максимальной взлетной массой 64 kg,VTOL БПЛА с максимальной взлетной массой 64 kg Technical Specifications | Запросить решение и КП | Обзор | Технические характеристики | Запросить решение и КП,true,true,true,true,true,0.398,保持当前本地化关键词落地
/ru/solutions,ru,strong,100,решения для инспекции БПЛА,решения для инспекции БПЛА | БПЛА для поиска и спасения | пожарный БПЛА | инспекция линий электропередачи БПЛА,Решения для инспекции БПЛА | N-TET,Решения для инспекции БПЛА,Решения для инспекции БПЛА для промышленных команд | Инспекция и патрулирование БПЛА | Аварийное применение БПЛА | Защита инфраструктуры | Безопасность важных объектов | Запросить решение и КП | Инспекция и патрулирование БПЛА | Аварийное применение БПЛА | Защита инфраструктуры | Безопасность важных объектов | Запросить решение и КП,true,true,true,true,true,0.490,保持当前本地化关键词落地
/ru/solutions/airport-low-altitude-monitoring,ru,strong,85,Защита аэропортов от БПЛА,Защита аэропортов от БПЛА | N-TET,Защита аэропортов от БПЛА | N-TET,Защита аэропортов от БПЛА,Защита аэропортов от БПЛА Workflow | Технические характеристики | Связанное оборудование | Запросить решение и КП | Обзор | Технические характеристики | Связанное оборудование | Запросить решение и КП,true,false,true,true,true,0.360,保持当前本地化关键词落地
/ru/solutions/airport-security-protection,ru,strong,85,Безопасность аэропортов,Безопасность аэропортов | N-TET,Безопасность аэропортов | N-TET,Безопасность аэропортов,Безопасность аэропортов Workflow | Технические характеристики | Связанное оборудование | Запросить решение и КП | Обзор | Технические характеристики | Связанное оборудование | Запросить решение и КП,true,false,true,true,true,0.428,保持当前本地化关键词落地
/ru/solutions/category/01_BorderPatrol,ru,strong,100,БПЛА для пограничного патрулирования,БПЛА для пограничного патрулирования | БПЛА для морского патрулирования | дрон для прибрежного мониторинга | наземное морское наблюдение,Решения БПЛА для пограничного патрулирования | N-TET,Решения БПЛА для пограничного патрулирования,БПЛА для пограничного патрулирования и прибрежного мониторинга | Промышленные решения на базе БПЛА | Рекомендуемые продукты | Запросить решение и КП | Потребности отрасли | Промышленные решения на базе БПЛА | Рекомендуемые продукты | Запросить решение и КП,true,true,true,true,true,0.641,保持当前本地化关键词落地
/ru/solutions/category/02_InfrastructureProtection,ru,strong,85,БПЛА для инспекции промышленных объектов,БПЛА для инспекции промышленных объектов | инспекция нефти и газа дронами | БПЛА для инспекции трубопроводов | мониторинг химических заводов,Решения БПЛА для инспекции промышленных объектов | N-TET,Решения БПЛА для инспекции промышленных объектов,Сценарии инспекции промышленных объектов БПЛА | Промышленные решения на базе БПЛА | Рекомендуемые продукты | Запросить решение и КП | Потребности отрасли | Промышленные решения на базе БПЛА | Рекомендуемые продукты | Запросить решение и КП,true,true,true,false,true,0.375,保持当前本地化关键词落地
/ru/solutions/category/03_KeyAreaSecurity,ru,strong,85,мониторинг воздушного пространства аэропорта,мониторинг воздушного пространства аэропорта | мониторинг безопасности мероприятий | безопасность ключевых зон | оборудование мониторинга низкой высоты,Мониторинг воздушного пространства аэропорта и безопасность ключевых зон | N-TET,Мониторинг воздушного пространства аэропорта и безопасность ключевых зон,Сценарии мониторинга воздушного пространства аэропорта | Промышленные решения на базе БПЛА | Рекомендуемые продукты | Запросить решение и КП | Потребности отрасли | Промышленные решения на базе БПЛА | Рекомендуемые продукты | Запросить решение и КП,true,true,true,false,true,0.546,保持当前本地化关键词落地
/ru/solutions/category/04_EmergencyRescue,ru,strong,100,БПЛА для поиска и спасения,БПЛА для поиска и спасения | пожарный БПЛА | БПЛА аварийной связи | БПЛА для освещения,Решения БПЛА для поиска и спасения | N-TET,Решения БПЛА для поиска и спасения,Рабочие процессы БПЛА для поиска и спасения | Промышленные решения на базе БПЛА | Рекомендуемые продукты | Запросить решение и КП | Потребности отрасли | Промышленные решения на базе БПЛА | Рекомендуемые продукты | Запросить решение и КП,true,true,true,true,true,0.698,保持当前本地化关键词落地
/ru/solutions/chemical-plant-protection,ru,strong,100,БПЛА для инспекции трубопроводов,БПЛА для инспекции трубопроводов | мониторинг химических заводов | инспекция трубопроводов БПЛА | инспекция нефти и газа дронами,БПЛА для инспекции трубопроводов и мониторинга химических заводов | N-TET,БПЛА для инспекции трубопроводов и мониторинга химических заводов,БПЛА для инспекции трубопроводов и мониторинга объекта | A Neutral Low-Altitude Risk Process for Chemical Sites | Модули решения | Связанное оборудование | Запросить решение и КП | Обзор | Отраслевые проблемы | A Neutral Low-Altitude Risk Process for Chemical Sites | Модули решения | Связанное оборудование | Запросить решение и КП,true,true,true,true,true,0.372,保持当前本地化关键词落地
/ru/solutions/disaster-site-search-rescue-reconnaissance-uav-solution,ru,strong,100,БПЛА для поиска и спасения,БПЛА для поиска и спасения | тепловизионные дроны для поиска и спасения | поисково-спасательный БПЛА | спасательный дрон,Решение БПЛА для поиска и спасения | N-TET,Решение БПЛА для поиска и спасения,Рабочий процесс БПЛА для поиска и спасения | How UAVs Upgrade Emergency Reconnaissance | Модули решения | Связанное оборудование | Связанные кейсы | Запросить решение и КП | Обзор | Отраслевые проблемы | How UAVs Upgrade Emergency Reconnaissance | Модули решения | Связанное оборудование | Связанные кейсы | Запросить решение и КП,true,true,true,true,true,0.433,保持当前本地化关键词落地
/ru/solutions/emergency-communication-uav,ru,strong,100,БПЛА экстренной связи,БПЛА экстренной связи | N-TET,БПЛА экстренной связи | N-TET,БПЛА экстренной связи,БПЛА экстренной связи Workflow | Технические характеристики | Связанное оборудование | Запросить решение и КП | Обзор | Технические характеристики | Связанное оборудование | Запросить решение и КП,true,true,true,true,true,0.518,保持当前本地化关键词落地
/ru/solutions/emergency-communication-uav-solution,ru,partial,70,Решение БПЛА для аварийной связи,Решение БПЛА для аварийной связи | N-TET,Решение БПЛА для аварийной связи | N-TET,Решение БПЛА для аварийной связи,Связанное оборудование | Запросить решение и КП | Обзор | Отраслевые задачи | Как БПЛА повышают эффективность | Решение | Связанное оборудование | Связанные проекты | Технические характеристики | Связанное оборудование | Запросить решение и КП,true,false,true,false,true,0.307,把主/辅助关键词自然写入 H2
/ru/solutions/emergency-lighting-uav,ru,strong,85,БПЛА аварийного освещения,БПЛА аварийного освещения | N-TET,БПЛА аварийного освещения | N-TET,БПЛА аварийного освещения,БПЛА аварийного освещения Workflow | Технические характеристики | Связанное оборудование | Запросить решение и КП | Обзор | Технические характеристики | Связанное оборудование | Запросить решение и КП,true,false,true,true,true,0.382,保持当前本地化关键词落地
/ru/solutions/emergency-reconnaissance-uav,ru,strong,85,БПЛА экстренной разведки,БПЛА экстренной разведки | N-TET,БПЛА экстренной разведки | N-TET,БПЛА экстренной разведки,БПЛА экстренной разведки Workflow | Технические характеристики | Связанное оборудование | Запросить решение и КП | Обзор | Технические характеристики | Связанное оборудование | Запросить решение и КП,true,false,true,true,true,0.376,保持当前本地化关键词落地
/ru/solutions/emergency-search-rescue-uav-solution,ru,partial,70,Решение поисково-спасательного БПЛА,Решение поисково-спасательного БПЛА | N-TET,Решение поисково-спасательного БПЛА | N-TET,Решение поисково-спасательного БПЛА,Связанное оборудование | Связанные кейсы | Запросить решение и КП | Обзор | Отраслевые задачи | Как БПЛА повышают эффективность | Решение | Связанное оборудование | Связанные проекты | Технические характеристики | Связанное оборудование | Связанные кейсы | Запросить решение и КП,true,false,true,false,true,0.305,把主/辅助关键词自然写入 H2
/ru/solutions/high-rise-firefighting-uav-solution,ru,partial,70,Решение БПЛА для тушения высотных пожаров,Решение БПЛА для тушения высотных пожаров | N-TET,Решение БПЛА для тушения высотных пожаров | N-TET,Решение БПЛА для тушения высотных пожаров,Связанное оборудование | Запросить решение и КП | Обзор | Отраслевые задачи | Как БПЛА повышают эффективность | Решение | Связанное оборудование | Связанные проекты | Технические характеристики | Связанное оборудование | Запросить решение и КП,true,false,true,false,true,0.297,把主/辅助关键词自然写入 H2
/ru/solutions/hydroelectric-dam-protection,ru,strong,85,Защита гидроэлектрических плотин,Защита гидроэлектрических плотин | N-TET,Защита гидроэлектрических плотин | N-TET,Защита гидроэлектрических плотин,Защита гидроэлектрических плотин Workflow | ??????? ????????????? ???????????? ??? ??????? | Модули решения | Связанное оборудование | Запросить решение и КП | Обзор | Отраслевые проблемы | ??????? ????????????? ???????????? ??? ??????? | Модули решения | Связанное оборудование | Запросить решение и КП,true,false,true,true,true,0.329,保持当前本地化关键词落地
/ru/solutions/judicial-sector-security,ru,strong,85,Безопасность судебного сектора,Безопасность судебного сектора | N-TET,Безопасность судебного сектора | N-TET,Безопасность судебного сектора,Безопасность судебного сектора Workflow | Технические характеристики | Связанное оборудование | Запросить решение и КП | Обзор | Технические характеристики | Связанное оборудование | Запросить решение и КП,true,false,true,true,true,0.362,保持当前本地化关键词落地
/ru/solutions/land-based-maritime-surveillance,ru,strong,85,Береговое наблюдение и раннее предупреждение,Береговое наблюдение и раннее предупреждение | N-TET,Береговое наблюдение и раннее предупреждение | N-TET,Береговое наблюдение и раннее предупреждение,Береговое наблюдение и раннее предупреждение Workflow | Технические характеристики | Связанное оборудование | Запросить решение и КП | Обзор | Технические характеристики | Связанное оборудование | Запросить решение и КП,true,false,true,true,true,0.399,保持当前本地化关键词落地
/ru/solutions/night-emergency-lighting-support-uav-solution,ru,strong,100,привязной БПЛА для освещения,привязной БПЛА для освещения | дрон для освещения | система освещения БПЛА | дрон аварийного освещения,привязной БПЛА для освещения: решение | N-TET,привязной БПЛА для освещения: решение,привязной БПЛА для освещения: рабочий процесс | Как БПЛА повышают эффективность работ | Модули решения | Связанное оборудование | Связанные кейсы | Запросить решение и КП | Обзор | Отраслевые проблемы | Как БПЛА повышают эффективность работ | Модули решения | Связанное оборудование | Связанные кейсы | Запросить решение и КП,true,true,true,true,true,0.520,保持当前本地化关键词落地
/ru/solutions/oil-production-base-protection,ru,strong,100,oil and gas drone inspection,oil and gas drone inspection | industrial facility inspection UAV | pipeline corridor inspection | oil production site monitoring,Oil and Gas Drone Inspection Solution | N-TET,Oil and Gas Drone Inspection Solution,Oil and Gas Drone Inspection Workflow | Layered Low-Altitude Protection for Oil Production Sites | Модули решения | Связанное оборудование | Запросить решение и КП | Обзор | Отраслевые проблемы | Layered Low-Altitude Protection for Oil Production Sites | Модули решения | Связанное оборудование | Запросить решение и КП,true,true,true,true,true,0.313,保持当前本地化关键词落地
/ru/solutions/post-disaster-emergency-communication-support-uav-solution,ru,strong,100,БПЛА аварийной связи,БПЛА аварийной связи | дрон связи для ликвидации последствий | привязной БПЛА связи | связь общественной безопасности БПЛА,Решение БПЛА аварийной связи | N-TET,Решение БПЛА аварийной связи,Рабочий процесс БПЛА аварийной связи | Как БПЛА повышают эффективность работ | Модули решения | Связанное оборудование | Связанные кейсы | Запросить решение и КП | Обзор | Отраслевые проблемы | Как БПЛА повышают эффективность работ | Модули решения | Связанное оборудование | Связанные кейсы | Запросить решение и КП,true,true,true,true,true,0.505,保持当前本地化关键词落地
/ru/solutions/power-generation-facility-low-altitude-monitoring,ru,strong,85,Защита энергетических объектов от БПЛА,Защита энергетических объектов от БПЛА | N-TET,Защита энергетических объектов от БПЛА | N-TET,Защита энергетических объектов от БПЛА,Защита энергетических объектов от БПЛА Workflow | Технические характеристики | Связанное оборудование | Запросить решение и КП | Обзор | Технические характеристики | Связанное оборудование | Запросить решение и КП,true,false,true,true,true,0.369,保持当前本地化关键词落地
/ru/solutions/power-line-uav-intelligent-inspection-solution,ru,strong,85,БПЛА для инспекции линий электропередачи,БПЛА для инспекции линий электропередачи | инспекция линий электропередачи БПЛА | дрон для инспекции опор | БПЛА для инспекции коммунальных объектов,Решение БПЛА для инспекции линий электропередачи | N-TET,Решение БПЛА для инспекции линий электропередачи,Рабочий процесс инспекции линий электропередачи БПЛА | Как БПЛА повышают эффективность работ | Модули решения | Запросить решение и КП | Обзор | Отраслевые проблемы | Как БПЛА повышают эффективность работ | Модули решения | Запросить решение и КП,true,true,true,false,true,0.327,保持当前本地化关键词落地
/ru/solutions/power-tower-inspection-uav-solution,ru,partial,70,Решение БПЛА для инспекции опор ЛЭП,Решение БПЛА для инспекции опор ЛЭП | N-TET,Решение БПЛА для инспекции опор ЛЭП | N-TET,Решение БПЛА для инспекции опор ЛЭП,Связанное оборудование | Связанные кейсы | Запросить решение и КП | Обзор | Отраслевые задачи | Как БПЛА повышают эффективность | Решение | Связанное оборудование | Связанные проекты | Технические характеристики | Связанное оборудование | Связанные кейсы | Запросить решение и КП,true,false,true,false,true,0.296,把主/辅助关键词自然写入 H2
/ru/solutions/smart-substation-autonomous-inspection-solution,ru,partial,70,Решение автономной инспекции подстанций с БПЛА,Решение автономной инспекции подстанций с БПЛА | N-TET,Решение автономной инспекции подстанций с БПЛА | N-TET,Решение автономной инспекции подстанций с БПЛА,Связанное оборудование | Связанные кейсы | Запросить решение и КП | Обзор | Отраслевые задачи | Как БПЛА повышают эффективность | Решение | Связанное оборудование | Связанные проекты | Технические характеристики | Связанное оборудование | Связанные кейсы | Запросить решение и КП,true,false,true,false,true,0.296,把主/辅助关键词自然写入 H2
/ru/solutions/smart-substation-unattended-uav-inspection-solution,ru,strong,100,автономная инспекция умных подстанций,автономная инспекция умных подстанций | дрон для инспекции подстанций | инспекция энергетических объектов БПЛА | автономная инспекция БПЛА,автономная инспекция умных подстанций: решение | N-TET,автономная инспекция умных подстанций: решение,автономная инспекция умных подстанций: рабочий процесс | How UAVs Upgrade Substation Inspection | Модули решения | Связанное оборудование | Связанные кейсы | Запросить решение и КП | Обзор | Отраслевые проблемы | How UAVs Upgrade Substation Inspection | Модули решения | Связанное оборудование | Связанные кейсы | Запросить решение и КП,true,true,true,true,true,0.422,保持当前本地化关键词落地
/ru/solutions/sports-event-security,ru,strong,85,Безопасность крупных спортивных мероприятий,Безопасность крупных спортивных мероприятий | N-TET,Безопасность крупных спортивных мероприятий | N-TET,Безопасность крупных спортивных мероприятий,Безопасность крупных спортивных мероприятий Workflow | How Integrated Monitoring and Screening Support Large Events | Модули решения | Связанное оборудование | Запросить решение и КП | Обзор | Отраслевые проблемы | How Integrated Monitoring and Screening Support Large Events | Модули решения | Связанное оборудование | Запросить решение и КП,true,false,true,true,true,0.275,保持当前本地化关键词落地
/ru/solutions/tethered-lighting-uav-solution,ru,partial,70,Решение привязного осветительного БПЛА,Решение привязного осветительного БПЛА | N-TET,Решение привязного осветительного БПЛА | N-TET,Решение привязного осветительного БПЛА,Связанное оборудование | Связанные кейсы | Запросить решение и КП | Обзор | Отраслевые задачи | Как БПЛА повышают эффективность | Решение | Связанное оборудование | Связанные проекты | Технические характеристики | Связанное оборудование | Связанные кейсы | Запросить решение и КП,true,false,true,false,true,0.307,把主/辅助关键词自然写入 H2
/ru/solutions/uav-maritime-emergency-rescue,ru,strong,85,Аварийно-спасательные операции БПЛА на море,Аварийно-спасательные операции БПЛА на море | N-TET,Аварийно-спасательные операции БПЛА на море | N-TET,Аварийно-спасательные операции БПЛА на море,Аварийно-спасательные операции БПЛА на море Workflow | Технические характеристики | Связанное оборудование | Запросить решение и КП | Обзор | Технические характеристики | Связанное оборудование | Запросить решение и КП,true,false,true,true,true,0.383,保持当前本地化关键词落地
/ru/solutions/uav-maritime-patrol,ru,strong,85,БПЛА для морского патрулирования,БПЛА для морского патрулирования | дрон для прибрежного мониторинга | БПЛА для пограничного патрулирования | БПЛА для охраны границ,Решение БПЛА для морского патрулирования | N-TET,Решение БПЛА для морского патрулирования,Рабочий процесс морского патрулирования БПЛА | Как БПЛА повышают эффективность работ | Модули решения | Связанное оборудование | Связанные кейсы | Запросить решение и КП | Обзор | Отраслевые проблемы | Как БПЛА повышают эффективность работ | Модули решения | Связанное оборудование | Связанные кейсы | Запросить решение и КП,true,true,true,false,true,0.538,保持当前本地化关键词落地
/ru/solutions/urban-high-rise-firefighting-emergency-uav-solution,ru,strong,100,пожарный БПЛА,пожарный БПЛА | БПЛА для тушения высотных зданий | дрон для пожаротушения | пожарные дроны,пожарный БПЛА: решение | N-TET,пожарный БПЛА: решение,пожарный БПЛА: рабочий процесс | Как БПЛА повышают эффективность работ | Модули решения | Связанное оборудование | Связанные кейсы | Запросить решение и КП | Обзор | Отраслевые проблемы | Как БПЛА повышают эффективность работ | Модули решения | Связанное оборудование | Связанные кейсы | Запросить решение и КП,true,true,true,true,true,0.439,保持当前本地化关键词落地
/ru/solutions/water-conservancy-monitoring-uav-solution,ru,partial,70,Решение БПЛА для мониторинга водного хозяйства,Решение БПЛА для мониторинга водного хозяйства | N-TET,Решение БПЛА для мониторинга водного хозяйства | N-TET,Решение БПЛА для мониторинга водного хозяйства,Связанное оборудование | Связанные кейсы | Запросить решение и КП | Обзор | Отраслевые задачи | Как БПЛА повышают эффективность | Решение | Связанное оборудование | Связанные проекты | Технические характеристики | Связанное оборудование | Связанные кейсы | Запросить решение и КП,true,false,true,false,true,0.300,把主/辅助关键词自然写入 H2
/ru/solutions/water-conservancy-river-lake-uav-monitoring-solution,ru,strong,85,БПЛА для мониторинга водного хозяйства,БПЛА для мониторинга водного хозяйства | БПЛА для инспекции дамб | мониторинг рек и озер БПЛА | дрон для мониторинга паводков,Решение БПЛА для мониторинга водного хозяйства | N-TET,Решение БПЛА для мониторинга водного хозяйства,Рабочий процесс мониторинга водного хозяйства БПЛА | Как БПЛА повышают эффективность работ | Модули решения | Связанное оборудование | Связанные кейсы | Запросить решение и КП | Обзор | Отраслевые проблемы | Как БПЛА повышают эффективность работ | Модули решения | Связанное оборудование | Связанные кейсы | Запросить решение и КП,true,true,true,false,true,0.473,保持当前本地化关键词落地
