route,locale,audit_status,audit_score,primary_keyword,seo_keywords,current_title,current_h1,current_h2,title_hit,description_hit,h1_hit,h2_hit,body_hit,keyword_density_pct,next_action
/ar,ar,strong,85,أنظمة UAV صناعية,أنظمة UAV صناعية | أنظمة الطائرات بدون طيار الصناعية | مراقبة الارتفاعات المنخفضة | طائرة UAV للتفتيش | طائرة UAV للاستجابة الطارئة,أنظمة الطائرات بدون طيار الصناعية لعمليات الارتفاع المنخفض | N-TET,أنظمة UAV صناعية لعمليات المجال منخفض الارتفاع,حلولنا | مركز المنتجات | طائرة UAV لمراقبة المياه | مركز الحالات | من نحن | آخر الأخبار | حلولنا | مركز المنتجات | مركز الحالات | من نحن | آخر الأخبار,true,true,true,false,true,0.309,保持当前本地化关键词落地
/ar/about,ar,partial,70,مكامل أنظمة UAV الصناعية,مكامل أنظمة UAV الصناعية | مزود أنظمة UAV | مزود حلول مراقبة الارتفاع المنخفض | مكامل تقنيات الأمن,ملف مكامل أنظمة UAV الصناعية | N-TET,ملف مكامل أنظمة UAV الصناعية,قدرات تكامل أنظمة UAV الصناعية | فريق البحث والتطوير | نبذة عن الشركة | فريق البحث والتطوير | اطلب الحل وعرض السعر,true,false,true,false,true,0.060,把主/辅助关键词自然写入 H2
/ar/accessories,ar,partial,60,ملحقات الطائرات بدون طيار,ملحقات الطائرات بدون طيار | مكونات UAV | حامل UAV | محرك UAV | رابط بيانات UAV,ملحقات الطائرات بدون طيار ومكونات UAV | N-TET,ملحقات ومكونات UAV,Drone Accessories and UAV Components for Industrial Platforms | وحدات التحكم بالطيران | محركات UAV | مراوح UAV | بطاريات UAV | حوامل كهروبصرية | محركات UAV | روابط بيانات UAV | وحدات تحكم UAV عن بُعد | Drone Accessories FAQ | اطلب الحل وعرض السعر,true,true,false,false,true,3.804,优先把主关键词写入 H1
/ar/accessories/fc-bt1,ar,strong,100,بطارية UAV صلبة FC-BT1,بطارية UAV صلبة FC-BT1 | drone accessories | UAV components | industrial UAV parts,بطارية UAV صلبة FC-BT1 | N-TET Drone Accessories,بطارية UAV صلبة FC-BT1,بطارية UAV صلبة FC-BT1 Technical Specifications | اطلب الحل وعرض السعر | نظرة عامة | المواصفات الفنية | اطلب الحل وعرض السعر | ????? ??? ???,true,true,true,true,true,0.562,保持当前本地化关键词落地
/ar/accessories/fc-bt2,ar,strong,100,بطارية UAV صلبة FC-BT2,بطارية UAV صلبة FC-BT2 | drone accessories | UAV components | industrial UAV parts,بطارية UAV صلبة FC-BT2 | N-TET Drone Accessories,بطارية UAV صلبة FC-BT2,بطارية UAV صلبة FC-BT2 Technical Specifications | اطلب الحل وعرض السعر | نظرة عامة | المواصفات الفنية | اطلب الحل وعرض السعر | ????? ??? ???,true,true,true,true,true,0.602,保持当前本地化关键词落地
/ar/accessories/fc-bt3,ar,strong,100,بطارية UAV صلبة عالية الجهد FC-BT3,بطارية UAV صلبة عالية الجهد FC-BT3 | drone accessories | UAV components | industrial UAV parts,بطارية UAV صلبة عالية الجهد FC-BT3 | N-TET Drone Accessories,بطارية UAV صلبة عالية الجهد FC-BT3,بطارية UAV صلبة عالية الجهد FC-BT3 Technical Specifications | اطلب الحل وعرض السعر | نظرة عامة | المواصفات الفنية | اطلب الحل وعرض السعر | ????? ??? ???,true,true,true,true,true,0.680,保持当前本地化关键词落地
/ar/accessories/fc-bt4,ar,strong,100,بطارية UAV صلبة عالية الطاقة FC-BT4,بطارية UAV صلبة عالية الطاقة FC-BT4 | drone accessories | UAV components | industrial UAV parts,بطارية UAV صلبة عالية الطاقة FC-BT4 | N-TET Drone Accessories,بطارية UAV صلبة عالية الطاقة FC-BT4,بطارية UAV صلبة عالية الطاقة FC-BT4 Technical Specifications | اطلب الحل وعرض السعر | نظرة عامة | المواصفات الفنية | اطلب الحل وعرض السعر | ????? ??? ???,true,true,true,true,true,0.457,保持当前本地化关键词落地
/ar/accessories/fc-btg,ar,strong,100,بطارية UAV تدريبية صلبة FC-BTG,بطارية UAV تدريبية صلبة FC-BTG | drone accessories | UAV components | industrial UAV parts,بطارية UAV تدريبية صلبة FC-BTG | N-TET Drone Accessories,بطارية UAV تدريبية صلبة FC-BTG,بطارية UAV تدريبية صلبة FC-BTG Technical Specifications | اطلب الحل وعرض السعر | نظرة عامة | المواصفات الفنية | اطلب الحل وعرض السعر | ????? ??? ???,true,true,true,true,true,0.649,保持当前本地化关键词落地
/ar/accessories/fc-c2d-propeller,ar,strong,100,مروحة UAV FC-C2D,مروحة UAV FC-C2D | drone accessories | UAV components | industrial UAV parts,مروحة UAV FC-C2D | N-TET Drone Accessories,مروحة UAV FC-C2D,مروحة UAV FC-C2D Technical Specifications | اطلب الحل وعرض السعر | نظرة عامة | المواصفات الفنية | اطلب الحل وعرض السعر | ????? ??? ???,true,true,true,true,true,0.651,保持当前本地化关键词落地
/ar/accessories/fc-c2e-propeller,ar,strong,100,مروحة UAV FC-C2E,مروحة UAV FC-C2E | drone accessories | UAV components | industrial UAV parts,مروحة UAV FC-C2E | N-TET Drone Accessories,مروحة UAV FC-C2E,مروحة UAV FC-C2E Technical Specifications | اطلب الحل وعرض السعر | نظرة عامة | المواصفات الفنية | اطلب الحل وعرض السعر | ????? ??? ???,true,true,true,true,true,0.692,保持当前本地化关键词落地
/ar/accessories/fc-c2t-propeller,ar,strong,100,مروحة UAV FC-C2T,مروحة UAV FC-C2T | drone accessories | UAV components | industrial UAV parts,مروحة UAV FC-C2T | N-TET Drone Accessories,مروحة UAV FC-C2T,مروحة UAV FC-C2T Technical Specifications | اطلب الحل وعرض السعر | نظرة عامة | المواصفات الفنية | اطلب الحل وعرض السعر | ????? ??? ???,true,true,true,true,true,0.654,保持当前本地化关键词落地
/ar/accessories/fc-c2u-propeller,ar,strong,100,مروحة UAV FC-C2U,مروحة UAV FC-C2U | drone accessories | UAV components | industrial UAV parts,مروحة UAV FC-C2U | N-TET Drone Accessories,مروحة UAV FC-C2U,مروحة UAV FC-C2U Technical Specifications | اطلب الحل وعرض السعر | نظرة عامة | المواصفات الفنية | اطلب الحل وعرض السعر | ????? ??? ???,true,true,true,true,true,0.654,保持当前本地化关键词落地
/ar/accessories/fc-c2ud-propeller,ar,strong,100,مروحة UAV FC-C2UD,مروحة UAV FC-C2UD | drone accessories | UAV components | industrial UAV parts,مروحة UAV FC-C2UD | N-TET Drone Accessories,مروحة UAV FC-C2UD,مروحة UAV FC-C2UD Technical Specifications | اطلب الحل وعرض السعر | نظرة عامة | المواصفات الفنية | اطلب الحل وعرض السعر | ????? ??? ???,true,true,true,true,true,0.651,保持当前本地化关键词落地
/ar/accessories/fc-fdj-111,ar,strong,100,محرك UAV FC-FDJ-111,محرك UAV FC-FDJ-111 | drone accessories | UAV components | industrial UAV parts,محرك UAV FC-FDJ-111 | N-TET Drone Accessories,محرك UAV FC-FDJ-111,محرك UAV FC-FDJ-111 Technical Specifications | اطلب الحل وعرض السعر | نظرة عامة | المواصفات الفنية | اطلب الحل وعرض السعر | ????? ??? ???,true,true,true,true,true,0.784,保持当前本地化关键词落地
/ar/accessories/fc-fdj-120,ar,strong,100,محرك UAV FC-FDJ-120,محرك UAV FC-FDJ-120 | drone accessories | UAV components | industrial UAV parts,محرك UAV FC-FDJ-120 | N-TET Drone Accessories,محرك UAV FC-FDJ-120,محرك UAV FC-FDJ-120 Technical Specifications | اطلب الحل وعرض السعر | نظرة عامة | المواصفات الفنية | اطلب الحل وعرض السعر | ????? ??? ???,true,true,true,true,true,0.785,保持当前本地化关键词落地
/ar/accessories/fc-fdj-120hd,ar,strong,100,محرك UAV FC-FDJ-120HD,محرك UAV FC-FDJ-120HD | drone accessories | UAV components | industrial UAV parts,محرك UAV FC-FDJ-120HD | N-TET Drone Accessories,محرك UAV FC-FDJ-120HD,محرك UAV FC-FDJ-120HD Technical Specifications | اطلب الحل وعرض السعر | نظرة عامة | المواصفات الفنية | اطلب الحل وعرض السعر | ????? ??? ???,true,true,true,true,true,0.800,保持当前本地化关键词落地
/ar/accessories/fc-fdj-170,ar,strong,100,محرك UAV FC-FDJ-170,محرك UAV FC-FDJ-170 | drone accessories | UAV components | industrial UAV parts,محرك UAV FC-FDJ-170 | N-TET Drone Accessories,محرك UAV FC-FDJ-170,محرك UAV FC-FDJ-170 Technical Specifications | اطلب الحل وعرض السعر | نظرة عامة | المواصفات الفنية | اطلب الحل وعرض السعر | ????? ??? ???,true,true,true,true,true,0.791,保持当前本地化关键词落地
/ar/accessories/fc-fdj-200,ar,strong,100,محرك UAV FC-FDJ-200,محرك UAV FC-FDJ-200 | drone accessories | UAV components | industrial UAV parts,محرك UAV FC-FDJ-200 | N-TET Drone Accessories,محرك UAV FC-FDJ-200,محرك UAV FC-FDJ-200 Technical Specifications | اطلب الحل وعرض السعر | نظرة عامة | المواصفات الفنية | اطلب الحل وعرض السعر | ????? ??? ???,true,true,true,true,true,0.806,保持当前本地化关键词落地
/ar/accessories/fc-fdj-222,ar,strong,100,محرك UAV FC-FDJ-222,محرك UAV FC-FDJ-222 | drone accessories | UAV components | industrial UAV parts,محرك UAV FC-FDJ-222 | N-TET Drone Accessories,محرك UAV FC-FDJ-222,محرك UAV FC-FDJ-222 Technical Specifications | اطلب الحل وعرض السعر | نظرة عامة | المواصفات الفنية | اطلب الحل وعرض السعر | ????? ??? ???,true,true,true,true,true,0.787,保持当前本地化关键词落地
/ar/accessories/fc-fdj-430,ar,strong,100,محرك UAV FC-FDJ-430,محرك UAV FC-FDJ-430 | drone accessories | UAV components | industrial UAV parts,محرك UAV FC-FDJ-430 | N-TET Drone Accessories,محرك UAV FC-FDJ-430,محرك UAV FC-FDJ-430 Technical Specifications | اطلب الحل وعرض السعر | نظرة عامة | المواصفات الفنية | اطلب الحل وعرض السعر | ????? ??? ???,true,true,true,true,true,0.780,保持当前本地化关键词落地
/ar/accessories/fc-fdj-55,ar,strong,100,محرك UAV FC-FDJ-55,محرك UAV FC-FDJ-55 | drone accessories | UAV components | industrial UAV parts,محرك UAV FC-FDJ-55 | N-TET Drone Accessories,محرك UAV FC-FDJ-55,محرك UAV FC-FDJ-55 Technical Specifications | اطلب الحل وعرض السعر | نظرة عامة | المواصفات الفنية | اطلب الحل وعرض السعر | ????? ??? ???,true,true,true,true,true,0.784,保持当前本地化关键词落地
/ar/accessories/fc-fdj-60,ar,strong,100,محرك UAV FC-FDJ-60,محرك UAV FC-FDJ-60 | drone accessories | UAV components | industrial UAV parts,محرك UAV FC-FDJ-60 | N-TET Drone Accessories,محرك UAV FC-FDJ-60,محرك UAV FC-FDJ-60 Technical Specifications | اطلب الحل وعرض السعر | نظرة عامة | المواصفات الفنية | اطلب الحل وعرض السعر | ????? ??? ???,true,true,true,true,true,0.785,保持当前本地化关键词落地
/ar/accessories/fc-fdj-61,ar,strong,100,محرك UAV FC-FDJ-61,محرك UAV FC-FDJ-61 | drone accessories | UAV components | industrial UAV parts,محرك UAV FC-FDJ-61 | N-TET Drone Accessories,محرك UAV FC-FDJ-61,محرك UAV FC-FDJ-61 Technical Specifications | اطلب الحل وعرض السعر | نظرة عامة | المواصفات الفنية | اطلب الحل وعرض السعر | ????? ??? ???,true,true,true,true,true,0.787,保持当前本地化关键词落地
/ar/accessories/fc-fdj-70hd,ar,strong,100,محرك UAV FC-FDJ-70HD,محرك UAV FC-FDJ-70HD | drone accessories | UAV components | industrial UAV parts,محرك UAV FC-FDJ-70HD | N-TET Drone Accessories,محرك UAV FC-FDJ-70HD,محرك UAV FC-FDJ-70HD Technical Specifications | اطلب الحل وعرض السعر | نظرة عامة | المواصفات الفنية | اطلب الحل وعرض السعر | ????? ??? ???,true,true,true,true,true,0.800,保持当前本地化关键词落地
/ar/accessories/fc-fdj-85,ar,strong,100,محرك UAV FC-FDJ-85,محرك UAV FC-FDJ-85 | drone accessories | UAV components | industrial UAV parts,محرك UAV FC-FDJ-85 | N-TET Drone Accessories,محرك UAV FC-FDJ-85,محرك UAV FC-FDJ-85 Technical Specifications | اطلب الحل وعرض السعر | نظرة عامة | المواصفات الفنية | اطلب الحل وعرض السعر | ????? ??? ???,true,true,true,true,true,0.789,保持当前本地化关键词落地
/ar/accessories/fc-l10tr-three-light-gimbal,ar,strong,100,حامل كهروبصري FC-L10TR,حامل كهروبصري FC-L10TR | drone accessories | UAV components | industrial UAV parts,حامل كهروبصري FC-L10TR | N-TET Drone Accessories,حامل كهروبصري FC-L10TR,حامل كهروبصري FC-L10TR Technical Specifications | اطلب الحل وعرض السعر | نظرة عامة | المواصفات الفنية | اطلب الحل وعرض السعر | ????? ??? ???,true,true,true,true,true,0.751,保持当前本地化关键词落地
/ar/accessories/fc-l40-smart-optical-pod,ar,strong,100,حامل كهروبصري FC-L40,حامل كهروبصري FC-L40 | drone accessories | UAV components | industrial UAV parts,حامل كهروبصري FC-L40 | N-TET Drone Accessories,حامل كهروبصري FC-L40,حامل كهروبصري FC-L40 Technical Specifications | اطلب الحل وعرض السعر | نظرة عامة | المواصفات الفنية | اطلب الحل وعرض السعر | ????? ??? ???,true,true,true,true,true,0.770,保持当前本地化关键词落地
/ar/accessories/fc-l40t-dual-light-gimbal,ar,strong,100,حامل كهروبصري FC-L40T,حامل كهروبصري FC-L40T | drone accessories | UAV components | industrial UAV parts,حامل كهروبصري FC-L40T | N-TET Drone Accessories,حامل كهروبصري FC-L40T,حامل كهروبصري FC-L40T Technical Specifications | اطلب الحل وعرض السعر | نظرة عامة | المواصفات الفنية | اطلب الحل وعرض السعر | ????? ??? ???,true,true,true,true,true,0.759,保持当前本地化关键词落地
/ar/accessories/fc-l40tr-smart-optical-pod,ar,strong,100,حامل كهروبصري FC-L40TR,حامل كهروبصري FC-L40TR | drone accessories | UAV components | industrial UAV parts,حامل كهروبصري FC-L40TR | N-TET Drone Accessories,حامل كهروبصري FC-L40TR,حامل كهروبصري FC-L40TR Technical Specifications | اطلب الحل وعرض السعر | نظرة عامة | المواصفات الفنية | اطلب الحل وعرض السعر | ????? ??? ???,true,true,true,true,true,0.752,保持当前本地化关键词落地
/ar/accessories/fc-l50-smart-optical-pod,ar,strong,100,حامل كهروبصري FC-L50,حامل كهروبصري FC-L50 | drone accessories | UAV components | industrial UAV parts,حامل كهروبصري FC-L50 | N-TET Drone Accessories,حامل كهروبصري FC-L50,حامل كهروبصري FC-L50 Technical Specifications | اطلب الحل وعرض السعر | نظرة عامة | المواصفات الفنية | اطلب الحل وعرض السعر | ????? ??? ???,true,true,true,true,true,0.764,保持当前本地化关键词落地
/ar/accessories/fc-ln100-dual-light-gimbal,ar,strong,100,حامل كهروبصري FC-LN100,حامل كهروبصري FC-LN100 | drone accessories | UAV components | industrial UAV parts,حامل كهروبصري FC-LN100 | N-TET Drone Accessories,حامل كهروبصري FC-LN100,حامل كهروبصري FC-LN100 Technical Specifications | اطلب الحل وعرض السعر | نظرة عامة | المواصفات الفنية | اطلب الحل وعرض السعر | ????? ??? ???,true,true,true,true,true,0.751,保持当前本地化关键词落地
/ar/accessories/fc-ln95-dual-light-gimbal,ar,strong,100,حامل كهروبصري FC-LN95,حامل كهروبصري FC-LN95 | drone accessories | UAV components | industrial UAV parts,حامل كهروبصري FC-LN95 | N-TET Drone Accessories,حامل كهروبصري FC-LN95,حامل كهروبصري FC-LN95 Technical Specifications | اطلب الحل وعرض السعر | نظرة عامة | المواصفات الفنية | اطلب الحل وعرض السعر | ????? ??? ???,true,true,true,true,true,0.772,保持当前本地化关键词落地
/ar/accessories/fc-max-5330,ar,strong,100,محرك UAV FC-MAX 5330,محرك UAV FC-MAX 5330 | drone accessories | UAV components | industrial UAV parts,محرك UAV FC-MAX 5330 | N-TET Drone Accessories,محرك UAV FC-MAX 5330,محرك UAV FC-MAX 5330 Technical Specifications | اطلب الحل وعرض السعر | نظرة عامة | المواصفات الفنية | اطلب الحل وعرض السعر | ????? ??? ???,true,true,true,true,true,0.158,保持当前本地化关键词落地
/ar/accessories/fc-mesh-100,ar,strong,100,رابط بيانات UAV FC-Mesh-100,رابط بيانات UAV FC-Mesh-100 | drone accessories | UAV components | industrial UAV parts,رابط بيانات UAV FC-Mesh-100 | N-TET Drone Accessories,رابط بيانات UAV FC-Mesh-100,رابط بيانات UAV FC-Mesh-100 Technical Specifications | اطلب الحل وعرض السعر | نظرة عامة | المواصفات الفنية | اطلب الحل وعرض السعر | ????? ??? ???,true,true,true,true,true,0.789,保持当前本地化关键词落地
/ar/accessories/fc-mini-l10tr-smart-optical-pod,ar,strong,100,حامل كهروبصري FC-MiniL10TR,حامل كهروبصري FC-MiniL10TR | drone accessories | UAV components | industrial UAV parts,حامل كهروبصري FC-MiniL10TR | N-TET Drone Accessories,حامل كهروبصري FC-MiniL10TR,حامل كهروبصري FC-MiniL10TR Technical Specifications | اطلب الحل وعرض السعر | نظرة عامة | المواصفات الفنية | اطلب الحل وعرض السعر | ????? ??? ???,true,true,true,true,true,0.768,保持当前本地化关键词落地
/ar/accessories/fc-pab-propeller,ar,strong,100,مروحة UAV FC-PAB,مروحة UAV FC-PAB | drone accessories | UAV components | industrial UAV parts,مروحة UAV FC-PAB | N-TET Drone Accessories,مروحة UAV FC-PAB,مروحة UAV FC-PAB Technical Specifications | اطلب الحل وعرض السعر | نظرة عامة | المواصفات الفنية | اطلب الحل وعرض السعر | ????? ??? ???,true,true,true,true,true,0.653,保持当前本地化关键词落地
/ar/accessories/fc-pad-propeller,ar,strong,100,مروحة UAV FC-PAD,مروحة UAV FC-PAD | drone accessories | UAV components | industrial UAV parts,مروحة UAV FC-PAD | N-TET Drone Accessories,مروحة UAV FC-PAD,مروحة UAV FC-PAD Technical Specifications | اطلب الحل وعرض السعر | نظرة عامة | المواصفات الفنية | اطلب الحل وعرض السعر | ????? ??? ???,true,true,true,true,true,0.653,保持当前本地化关键词落地
/ar/accessories/fc-pae-propeller,ar,strong,100,مروحة UAV FC-PAE,مروحة UAV FC-PAE | drone accessories | UAV components | industrial UAV parts,مروحة UAV FC-PAE | N-TET Drone Accessories,مروحة UAV FC-PAE,مروحة UAV FC-PAE Technical Specifications | اطلب الحل وعرض السعر | نظرة عامة | المواصفات الفنية | اطلب الحل وعرض السعر | ????? ??? ???,true,true,true,true,true,0.649,保持当前本地化关键词落地
/ar/accessories/fc-pbf-propeller,ar,strong,100,مروحة UAV FC-PBF,مروحة UAV FC-PBF | drone accessories | UAV components | industrial UAV parts,مروحة UAV FC-PBF | N-TET Drone Accessories,مروحة UAV FC-PBF,مروحة UAV FC-PBF Technical Specifications | اطلب الحل وعرض السعر | نظرة عامة | المواصفات الفنية | اطلب الحل وعرض السعر | ????? ??? ???,true,true,true,true,true,0.690,保持当前本地化关键词落地
/ar/accessories/fc-rm10x,ar,strong,100,محرك UAV FC-RM10X,محرك UAV FC-RM10X | drone accessories | UAV components | industrial UAV parts,محرك UAV FC-RM10X | N-TET Drone Accessories,محرك UAV FC-RM10X,محرك UAV FC-RM10X Technical Specifications | اطلب الحل وعرض السعر | نظرة عامة | المواصفات الفنية | اطلب الحل وعرض السعر | ????? ??? ???,true,true,true,true,true,0.451,保持当前本地化关键词落地
/ar/accessories/fc-rm30,ar,strong,100,محرك UAV FC-RM30,محرك UAV FC-RM30 | drone accessories | UAV components | industrial UAV parts,محرك UAV FC-RM30 | N-TET Drone Accessories,محرك UAV FC-RM30,محرك UAV FC-RM30 Technical Specifications | اطلب الحل وعرض السعر | نظرة عامة | المواصفات الفنية | اطلب الحل وعرض السعر | ????? ??? ???,true,true,true,true,true,0.134,保持当前本地化关键词落地
/ar/accessories/fc-sjl-100,ar,strong,100,رابط بيانات UAV FC-SJL-100,رابط بيانات UAV FC-SJL-100 | drone accessories | UAV components | industrial UAV parts,رابط بيانات UAV FC-SJL-100 | N-TET Drone Accessories,رابط بيانات UAV FC-SJL-100,رابط بيانات UAV FC-SJL-100 Technical Specifications | اطلب الحل وعرض السعر | نظرة عامة | المواصفات الفنية | اطلب الحل وعرض السعر | ????? ??? ???,true,true,true,true,true,0.792,保持当前本地化关键词落地
/ar/accessories/fc-sjl-200,ar,strong,100,رابط بيانات UAV FC-SJL-200,رابط بيانات UAV FC-SJL-200 | drone accessories | UAV components | industrial UAV parts,رابط بيانات UAV FC-SJL-200 | N-TET Drone Accessories,رابط بيانات UAV FC-SJL-200,رابط بيانات UAV FC-SJL-200 Technical Specifications | اطلب الحل وعرض السعر | نظرة عامة | المواصفات الفنية | اطلب الحل وعرض السعر | ????? ??? ???,true,true,true,true,true,0.784,保持当前本地化关键词落地
/ar/accessories/fc-sjl-30,ar,strong,100,رابط بيانات UAV FC-SJL-30,رابط بيانات UAV FC-SJL-30 | drone accessories | UAV components | industrial UAV parts,رابط بيانات UAV FC-SJL-30 | N-TET Drone Accessories,رابط بيانات UAV FC-SJL-30,رابط بيانات UAV FC-SJL-30 Technical Specifications | اطلب الحل وعرض السعر | نظرة عامة | المواصفات الفنية | اطلب الحل وعرض السعر | ????? ??? ???,true,true,true,true,true,0.792,保持当前本地化关键词落地
/ar/accessories/fc-sjl-380,ar,strong,100,رابط بيانات UAV FC-SJL-380,رابط بيانات UAV FC-SJL-380 | drone accessories | UAV components | industrial UAV parts,رابط بيانات UAV FC-SJL-380 | N-TET Drone Accessories,رابط بيانات UAV FC-SJL-380,رابط بيانات UAV FC-SJL-380 Technical Specifications | اطلب الحل وعرض السعر | نظرة عامة | المواصفات الفنية | اطلب الحل وعرض السعر | ????? ??? ???,true,true,true,true,true,0.788,保持当前本地化关键词落地
/ar/accessories/fc-sjl-50,ar,strong,100,رابط بيانات UAV FC-SJL-50,رابط بيانات UAV FC-SJL-50 | drone accessories | UAV components | industrial UAV parts,رابط بيانات UAV FC-SJL-50 | N-TET Drone Accessories,رابط بيانات UAV FC-SJL-50,رابط بيانات UAV FC-SJL-50 Technical Specifications | اطلب الحل وعرض السعر | نظرة عامة | المواصفات الفنية | اطلب الحل وعرض السعر | ????? ??? ???,true,true,true,true,true,0.789,保持当前本地化关键词落地
/ar/accessories/fc-u10-pro,ar,strong,100,وحدة تحكم بالطيران FC-U10-PRO,وحدة تحكم بالطيران FC-U10-PRO | drone accessories | UAV components | industrial UAV parts,وحدة تحكم بالطيران FC-U10-PRO | N-TET Drone Accessories,وحدة تحكم بالطيران FC-U10-PRO,وحدة تحكم بالطيران FC-U10-PRO Technical Specifications | اطلب الحل وعرض السعر | نظرة عامة | المواصفات الفنية | اطلب الحل وعرض السعر | ????? ??? ???,true,true,true,true,true,0.801,保持当前本地化关键词落地
/ar/accessories/fc-u110,ar,strong,100,محرك UAV FC-U110,محرك UAV FC-U110 | drone accessories | UAV components | industrial UAV parts,محرك UAV FC-U110 | N-TET Drone Accessories,محرك UAV FC-U110,محرك UAV FC-U110 Technical Specifications | اطلب الحل وعرض السعر | نظرة عامة | المواصفات الفنية | اطلب الحل وعرض السعر | ????? ??? ???,true,true,true,true,true,0.142,保持当前本地化关键词落地
/ar/accessories/fc-u12,ar,strong,100,وحدة تحكم بالطيران FC-U12,وحدة تحكم بالطيران FC-U12 | drone accessories | UAV components | industrial UAV parts,وحدة تحكم بالطيران FC-U12 | N-TET Drone Accessories,وحدة تحكم بالطيران FC-U12,وحدة تحكم بالطيران FC-U12 Technical Specifications | اطلب الحل وعرض السعر | نظرة عامة | المواصفات الفنية | اطلب الحل وعرض السعر | ????? ??? ???,true,true,true,true,true,0.804,保持当前本地化关键词落地
/ar/accessories/fc-u8013,ar,strong,100,محرك UAV FC-U8013,محرك UAV FC-U8013 | drone accessories | UAV components | industrial UAV parts,محرك UAV FC-U8013 | N-TET Drone Accessories,محرك UAV FC-U8013,محرك UAV FC-U8013 Technical Specifications | اطلب الحل وعرض السعر | نظرة عامة | المواصفات الفنية | اطلب الحل وعرض السعر | ????? ??? ???,true,true,true,true,true,0.730,保持当前本地化关键词落地
/ar/accessories/fc-u9-ag,ar,strong,100,وحدة تحكم بالطيران الزراعي FC-U9-AG,وحدة تحكم بالطيران الزراعي FC-U9-AG | drone accessories | UAV components | industrial UAV parts,وحدة تحكم بالطيران الزراعي FC-U9-AG | N-TET Drone Accessories,وحدة تحكم بالطيران الزراعي FC-U9-AG,وحدة تحكم بالطيران الزراعي FC-U9-AG Technical Specifications | اطلب الحل وعرض السعر | نظرة عامة | المواصفات الفنية | اطلب الحل وعرض السعر | ????? ??? ???,true,true,true,true,true,0.786,保持当前本地化关键词落地
/ar/accessories/fc-w2u-propeller,ar,strong,100,مروحة UAV FC-W2U,مروحة UAV FC-W2U | drone accessories | UAV components | industrial UAV parts,مروحة UAV FC-W2U | N-TET Drone Accessories,مروحة UAV FC-W2U,مروحة UAV FC-W2U Technical Specifications | اطلب الحل وعرض السعر | نظرة عامة | المواصفات الفنية | اطلب الحل وعرض السعر | ????? ??? ???,true,true,true,true,true,0.692,保持当前本地化关键词落地
/ar/accessories/fc-x8030,ar,strong,100,محرك UAV FC-X8030,محرك UAV FC-X8030 | drone accessories | UAV components | industrial UAV parts,محرك UAV FC-X8030 | N-TET Drone Accessories,محرك UAV FC-X8030,محرك UAV FC-X8030 Technical Specifications | اطلب الحل وعرض السعر | نظرة عامة | المواصفات الفنية | اطلب الحل وعرض السعر | ????? ??? ???,true,true,true,true,true,0.174,保持当前本地化关键词落地
/ar/accessories/fc-xh14,ar,strong,100,محرك UAV FC-XH14,محرك UAV FC-XH14 | drone accessories | UAV components | industrial UAV parts,محرك UAV FC-XH14 | N-TET Drone Accessories,محرك UAV FC-XH14,محرك UAV FC-XH14 Technical Specifications | اطلب الحل وعرض السعر | نظرة عامة | المواصفات الفنية | اطلب الحل وعرض السعر | ????? ??? ???,true,true,true,true,true,0.329,保持当前本地化关键词落地
/ar/accessories/fc-yk15-remote-controller,ar,strong,100,وحدة تحكم عن بُعد UAV FC-YK15,وحدة تحكم عن بُعد UAV FC-YK15 | drone accessories | UAV components | industrial UAV parts,وحدة تحكم عن بُعد UAV FC-YK15 | N-TET Drone Accessories,وحدة تحكم عن بُعد UAV FC-YK15,وحدة تحكم عن بُعد UAV FC-YK15 Technical Specifications | اطلب الحل وعرض السعر | نظرة عامة | المواصفات الفنية | اطلب الحل وعرض السعر | ????? ??? ???,true,true,true,true,true,0.774,保持当前本地化关键词落地
/ar/accessories/fc-yk24-remote-controller,ar,strong,100,وحدة تحكم عن بُعد UAV FC-YK24,وحدة تحكم عن بُعد UAV FC-YK24 | drone accessories | UAV components | industrial UAV parts,وحدة تحكم عن بُعد UAV FC-YK24 | N-TET Drone Accessories,وحدة تحكم عن بُعد UAV FC-YK24,وحدة تحكم عن بُعد UAV FC-YK24 Technical Specifications | اطلب الحل وعرض السعر | نظرة عامة | المواصفات الفنية | اطلب الحل وعرض السعر | ????? ??? ???,true,true,true,true,true,0.769,保持当前本地化关键词落地
/ar/accessories/fc-yk32-remote-controller,ar,strong,100,وحدة تحكم عن بُعد UAV FC-YK32,وحدة تحكم عن بُعد UAV FC-YK32 | drone accessories | UAV components | industrial UAV parts,وحدة تحكم عن بُعد UAV FC-YK32 | N-TET Drone Accessories,وحدة تحكم عن بُعد UAV FC-YK32,وحدة تحكم عن بُعد UAV FC-YK32 Technical Specifications | اطلب الحل وعرض السعر | نظرة عامة | المواصفات الفنية | اطلب الحل وعرض السعر | ????? ??? ???,true,true,true,true,true,0.770,保持当前本地化关键词落地
/ar/accessories/fc-ykrc7-remote-controller,ar,strong,100,وحدة تحكم عن بُعد UAV FC-YKRC7,وحدة تحكم عن بُعد UAV FC-YKRC7 | drone accessories | UAV components | industrial UAV parts,وحدة تحكم عن بُعد UAV FC-YKRC7 | N-TET Drone Accessories,وحدة تحكم عن بُعد UAV FC-YKRC7,وحدة تحكم عن بُعد UAV FC-YKRC7 Technical Specifications | اطلب الحل وعرض السعر | نظرة عامة | المواصفات الفنية | اطلب الحل وعرض السعر | ????? ??? ???,true,true,true,true,true,0.767,保持当前本地化关键词落地
/ar/cases,ar,strong,85,حالات تفتيش ومراقبة UAV,حالات تفتيش ومراقبة UAV | حالات استخدام UAV | دوريات UAV | مراقبة الارتفاع المنخفض | تفتيش UAV,حالات تفتيش ومراقبة UAV | N-TET,حالات تفتيش ومراقبة UAV,حالات UAV حسب المنطقة والسيناريو | اطلب الحل وعرض السعر | اطلب الحل وعرض السعر,true,true,true,false,true,1.243,保持当前本地化关键词落地
/ar/cases/anhui-flood-season-uav-patrol,ar,strong,100,دوريات UAV طارئة خلال موسم الفيضانات في آنهوي,دوريات UAV طارئة خلال موسم الفيضانات في آنهوي | N-TET,دوريات UAV طارئة خلال موسم الفيضانات في آنهوي | N-TET,دوريات UAV طارئة خلال موسم الفيضانات في آنهوي,دوريات UAV طارئة خلال موسم الفيضانات في آنهوي Project Overview | معدات ذات صلة | اطلب الحل وعرض السعر | نظرة عامة | معدات ذات صلة | اطلب الحل وعرض السعر | ????? ??? ???,true,true,true,true,true,0.597,保持当前本地化关键词落地
/ar/cases/brazil-refinery-low-altitude-monitoring,ar,strong,100,حالة مراقبة المجال الجوي لمصفاة في البرازيل,حالة مراقبة المجال الجوي لمصفاة في البرازيل | N-TET,حالة مراقبة المجال الجوي لمصفاة في البرازيل | N-TET,حالة مراقبة المجال الجوي لمصفاة في البرازيل,حالة مراقبة المجال الجوي لمصفاة في البرازيل Project Overview | معدات ذات صلة | اطلب الحل وعرض السعر | نظرة عامة | معدات ذات صلة | اطلب الحل وعرض السعر | ????? ??? ???,true,true,true,true,true,0.628,保持当前本地化关键词落地
/ar/cases/ice-snow-emergency-uav-inspection,ar,strong,100,تفتيش UAV طارئ أثناء كوارث الجليد والثلوج,تفتيش UAV طارئ أثناء كوارث الجليد والثلوج | N-TET,تفتيش UAV طارئ أثناء كوارث الجليد والثلوج | N-TET,تفتيش UAV طارئ أثناء كوارث الجليد والثلوج,تفتيش UAV طارئ أثناء كوارث الجليد والثلوج Project Overview | معدات ذات صلة | اطلب الحل وعرض السعر | نظرة عامة | معدات ذات صلة | اطلب الحل وعرض السعر | ????? ??? ???,true,true,true,true,true,0.582,保持当前本地化关键词落地
/ar/cases/lidar-tree-obstruction-uav-inspection,ar,strong,100,تفتيش UAV بتقنية لايدار لعوائق الأشجار,تفتيش UAV بتقنية لايدار لعوائق الأشجار | N-TET,تفتيش UAV بتقنية لايدار لعوائق الأشجار | N-TET,تفتيش UAV بتقنية لايدار لعوائق الأشجار,تفتيش UAV بتقنية لايدار لعوائق الأشجار Project Overview | معدات ذات صلة | اطلب الحل وعرض السعر | نظرة عامة | معدات ذات صلة | اطلب الحل وعرض السعر | ????? ??? ???,true,true,true,true,true,0.598,保持当前本地化关键词落地
/ar/cases/nigeria-factory-low-altitude-monitoring,ar,strong,100,حالة مراقبة المجال الجوي لمصنع صناعي في نيجيريا,حالة مراقبة المجال الجوي لمصنع صناعي في نيجيريا | N-TET,حالة مراقبة المجال الجوي لمصنع صناعي في نيجيريا | N-TET,حالة مراقبة المجال الجوي لمصنع صناعي في نيجيريا,حالة مراقبة المجال الجوي لمصنع صناعي في نيجيريا Project Overview | معدات ذات صلة | اطلب الحل وعرض السعر | نظرة عامة | معدات ذات صلة | اطلب الحل وعرض السعر | ????? ??? ???,true,true,true,true,true,0.623,保持当前本地化关键词落地
/ar/cases/pakistan-power-plant-low-altitude-monitoring,ar,strong,100,حالة مراقبة المجال الجوي لمحطة طاقة في باكستان,حالة مراقبة المجال الجوي لمحطة طاقة في باكستان | N-TET,حالة مراقبة المجال الجوي لمحطة طاقة في باكستان | N-TET,حالة مراقبة المجال الجوي لمحطة طاقة في باكستان,حالة مراقبة المجال الجوي لمحطة طاقة في باكستان Project Overview | معدات ذات صلة | اطلب الحل وعرض السعر | نظرة عامة | معدات ذات صلة | اطلب الحل وعرض السعر | ????? ??? ???,true,true,true,true,true,0.620,保持当前本地化关键词落地
/ar/cases/southern-grid-wildfire-uav-inspection,ar,strong,100,تفتيش UAV للوقاية من حرائق الغابات في شبكة الكهرباء الجنوبية,تفتيش UAV للوقاية من حرائق الغابات في شبكة الكهرباء الجنوبية | N-TET,تفتيش UAV للوقاية من حرائق الغابات في شبكة الكهرباء الجنوبية | N-TET,تفتيش UAV للوقاية من حرائق الغابات في شبكة الكهرباء الجنوبية,تفتيش UAV للوقاية من حرائق الغابات في شبكة الكهرباء الجنوبية Project Overview | معدات ذات صلة | اطلب الحل وعرض السعر | نظرة عامة | معدات ذات صلة | اطلب الحل وعرض السعر | ????? ??? ???,true,true,true,true,true,0.582,保持当前本地化关键词落地
/ar/cases/wildfire-emergency-transmission-line-uav-patrol,ar,strong,100,دوريات UAV طارئة لخطوط النقل أثناء حرائق الغابات,دوريات UAV طارئة لخطوط النقل أثناء حرائق الغابات | N-TET,دوريات UAV طارئة لخطوط النقل أثناء حرائق الغابات | N-TET,دوريات UAV طارئة لخطوط النقل أثناء حرائق الغابات,دوريات UAV طارئة لخطوط النقل أثناء حرائق الغابات Project Overview | معدات ذات صلة | اطلب الحل وعرض السعر | نظرة عامة | معدات ذات صلة | اطلب الحل وعرض السعر | ????? ??? ???,true,true,true,true,true,0.584,保持当前本地化关键词落地
/ar/cases/zhaoqing-long-distance-power-line-uav-inspection,ar,strong,100,تفتيش UAV بعيد المدى لخطوط الطاقة في تشاوتشينغ,تفتيش UAV بعيد المدى لخطوط الطاقة في تشاوتشينغ | N-TET,تفتيش UAV بعيد المدى لخطوط الطاقة في تشاوتشينغ | N-TET,تفتيش UAV بعيد المدى لخطوط الطاقة في تشاوتشينغ,تفتيش UAV بعيد المدى لخطوط الطاقة في تشاوتشينغ Project Overview | معدات ذات صلة | اطلب الحل وعرض السعر | نظرة عامة | معدات ذات صلة | اطلب الحل وعرض السعر | ????? ??? ???,true,true,true,true,true,0.589,保持当前本地化关键词落地
/ar/contact,ar,strong,100,عرض سعر UAV صناعي,عرض سعر UAV صناعي | مزود UAV | حل تفتيش بالطائرات بدون طيار | معدات مراقبة الارتفاع المنخفض,طلب عرض سعر UAV صناعي | N-TET,طلب عرض سعر UAV صناعي,عرض سعر UAV صناعي واستشارة مشروع | اطلب الحل وعرض السعر | اطلب الحل وعرض السعر,true,true,true,true,true,0.504,保持当前本地化关键词落地
/ar/media,ar,strong,100,أخبار UAV الصناعية,أخبار UAV الصناعية | اقتصاد الارتفاع المنخفض | UAV مربوط | مراقبة البنية التحتية,أخبار UAV الصناعية | N-TET,أخبار UAV الصناعية,أخبار UAV الصناعية واقتصاد الارتفاع المنخفض | الأحدث | اطلب الحل وعرض السعر | اطلب الحل وعرض السعر,true,true,true,true,true,0.472,保持当前本地化关键词落地
/ar/media/border-surveillance-uav-network-2026,ar,strong,85,شبكات UAV وEO/IR تعزز وضوح الدوريات عن بُعد,شبكات UAV وEO/IR تعزز وضوح الدوريات عن بُعد | N-TET,شبكات UAV وEO/IR تعزز وضوح الدوريات عن بُعد | N-TET,شبكات UAV وEO/IR تعزز وضوح الدوريات عن بُعد,?????? ??????? ??????? ??????? | اطلب الحل وعرض السعر | ?????? ??????? ??????? ??????? | اطلب الحل وعرض السعر | ????? ??? ???,true,true,true,false,true,1.154,保持当前本地化关键词落地
/ar/media/industrial-uav-redundancy-2026,ar,strong,85,التحكم المزدوج الاحتياطي في الطيران: كيف تحقق UAV الصناعية موثوقية تشغيلية عالية,التحكم المزدوج الاحتياطي في الطيران: كيف تحقق UAV الصناعية موثوقية تشغيلية عالية | N-TET,التحكم المزدوج الاحتياطي في الطيران: كيف تحقق UAV الصناعية موثوقية تشغيلية عالية | N-TET,التحكم المزدوج الاحتياطي في الطيران: كيف تحقق UAV الصناعية موثوقية تشغيلية عالية,?????? ??????? ??????? ??????? | اطلب الحل وعرض السعر | ?????? ??????? ??????? ??????? | اطلب الحل وعرض السعر | ????? ??? ???,true,true,true,false,true,1.145,保持当前本地化关键词落地
/ar/media/low-altitude-economy-2026-outlook,ar,strong,85,اقتصاد المجال منخفض الارتفاع في الصين: توقعات 2026 لمسار نمو كبير,اقتصاد المجال منخفض الارتفاع في الصين: توقعات 2026 لمسار نمو كبير | N-TET,اقتصاد المجال منخفض الارتفاع في الصين: توقعات 2026 لمسار نمو كبير | N-TET,اقتصاد المجال منخفض الارتفاع في الصين: توقعات 2026 لمسار نمو كبير,?????? ??????? ??????? ??????? | اطلب الحل وعرض السعر | ?????? ??????? ??????? ??????? | اطلب الحل وعرض السعر | ????? ??? ???,true,true,true,false,true,1.151,保持当前本地化关键词落地
/ar/media/power-line-inspection-drone-guide-2026,ar,strong,85,Power Line Inspection Drone: UAV Workflows for Utility Corridors and Transmission Towers,Power Line Inspection Drone: UAV Workflows for Utility Corridors and Transmission Towers | N-TET,Power Line Inspection Drone: UAV Workflows for Utility Corridors and Transmission Towers | N-TET,Power Line Inspection Drone: UAV Workflows for Utility Corridors and Transmission Towers,"?????? ??????? ??????? ??????? | What is a power line inspection drone? | Why utilities use drones for power line inspection | Power line drone inspection workflow | Which UAV platform fits each inspection task? | Payload selection: visible-light, thermal infrared, and LiDAR | What should a utility inspection report include? | N-TET system fit: corridor, tower, and substation inspection | Deployment checklist before procurement | FAQ | اطلب الحل وعرض السعر | ?????? ??????? ??????? ??????? | What is a power line inspection drone? | Why utilities use drones for power line inspection | Power line drone inspection workflow | Which UAV platform fits each inspection task? | Payload selection: visible-light, thermal infrared, and LiDAR | What should a utility inspection report include? | N-TET system fit: corridor, tower, and substation inspection | Deployment checklist before procurement | FAQ | اطلب الحل وعرض السعر | ????? ??? ???",true,false,true,true,true,0.515,保持当前本地化关键词落地
/ar/media/tethered-uav-persistent-surveillance-2026,ar,strong,85,UAV المربوطة: مراقبة جوية مستمرة للفعاليات والمواقع البعيدة,UAV المربوطة: مراقبة جوية مستمرة للفعاليات والمواقع البعيدة | N-TET,UAV المربوطة: مراقبة جوية مستمرة للفعاليات والمواقع البعيدة | N-TET,UAV المربوطة: مراقبة جوية مستمرة للفعاليات والمواقع البعيدة,?????? ??????? ??????? ??????? | اطلب الحل وعرض السعر | ?????? ??????? ??????? ??????? | اطلب الحل وعرض السعر | ????? ??? ???,true,true,true,false,true,1.173,保持当前本地化关键词落地
/ar/products,ar,strong,100,أنظمة UAV الصناعية,أنظمة UAV الصناعية | طائرة UAV للتفتيش | طائرة UAV للطوارئ | معدات مراقبة الارتفاع المنخفض,أنظمة UAV الصناعية ومعدات المراقبة | N-TET,أنظمة UAV الصناعية ومعدات المراقبة,أنظمة UAV الصناعية ومعدات المراقبة وملاءمة المشروع | أنظمة UAV والطائرات بدون طيار | الأسئلة الشائعة لاختيار المنتجات | اطلب الحل وعرض السعر,true,true,true,true,true,0.232,保持当前本地化关键词落地
/ar/products/bailey-bridge,ar,strong,100,جسر بيلي فولاذي مسبق التجهيز,جسر بيلي فولاذي مسبق التجهيز | engineering materials | Bailey steel bridge | infrastructure support equipment | N-TET,جسر بيلي فولاذي مسبق التجهيز | N-TET,جسر بيلي فولاذي مسبق التجهيز,جسر بيلي فولاذي مسبق التجهيز Technical Specifications | اطلب الحل وعرض السعر | نظرة عامة | المواصفات الفنية | اطلب الحل وعرض السعر | ????? ??? ???,true,true,true,true,true,1.426,保持当前本地化关键词落地
/ar/products/composite-electro-optical-tracking-system,ar,strong,100,نظام تتبع كهروبصري EO,نظام تتبع كهروبصري EO | low altitude monitoring equipment | drone detection equipment | airspace monitoring system | N-TET,نظام تتبع كهروبصري EO | N-TET,نظام تتبع كهروبصري EO,نظام تتبع كهروبصري EO Technical Specifications | اطلب الحل وعرض السعر | نظرة عامة | المواصفات الفنية | اطلب الحل وعرض السعر | ????? ??? ???,true,true,true,true,true,0.952,保持当前本地化关键词落地
/ar/products/containerized-medical-rescue-system,ar,strong,100,نظام مستشفى ميداني متنقل,نظام مستشفى ميداني متنقل | field hospital system | containerized medical rescue system | emergency medical shelter | N-TET,نظام مستشفى ميداني متنقل | N-TET,نظام مستشفى ميداني متنقل,نظام مستشفى ميداني متنقل Technical Specifications | اطلب الحل وعرض السعر | نظرة عامة | المواصفات الفنية | اطلب الحل وعرض السعر | ????? ??? ???,true,true,true,true,true,1.444,保持当前本地化关键词落地
/ar/products/emergency-search-rescue-drone,ar,strong,100,thermal drones for search and rescue,thermal drones for search and rescue | search and rescue drone | search and rescue UAV | drone rescue | منصة UAV صناعية | industrial UAV systems | UAV inspection drone | emergency response UAV,منصة UAV صناعية | N-TET,منصة UAV صناعية,منصة UAV صناعية Technical Specifications | اطلب الحل وعرض السعر | نظرة عامة | المواصفات الفنية | اطلب الحل وعرض السعر | ????? ??? ???,true,true,true,true,true,1.614,保持当前本地化关键词落地
/ar/products/fbg-g15-fc06-explosion-containment-vessel,ar,strong,100,وعاء احتواء الانفجار FBG-G1.5-FC06,وعاء احتواء الانفجار FBG-G1.5-FC06 | security screening equipment | X-ray baggage scanner | walk-through metal detector | N-TET,وعاء احتواء الانفجار FBG-G1.5-FC06 | N-TET,وعاء احتواء الانفجار FBG-G1.5-FC06,وعاء احتواء الانفجار FBG-G1.5-FC06 Technical Specifications | اطلب الحل وعرض السعر | نظرة عامة | المواصفات الفنية | اطلب الحل وعرض السعر | ????? ??? ???,true,true,true,true,true,1.227,保持当前本地化关键词落地
/ar/products/fbt-fc09-explosion-protection-blanket,ar,strong,100,غطاء حماية من الانفجار FBT-FC09,غطاء حماية من الانفجار FBT-FC09 | security screening equipment | X-ray baggage scanner | walk-through metal detector | N-TET,غطاء حماية من الانفجار FBT-FC09 | N-TET,غطاء حماية من الانفجار FBT-FC09,غطاء حماية من الانفجار FBT-FC09 Technical Specifications | اطلب الحل وعرض السعر | نظرة عامة | المواصفات الفنية | اطلب الحل وعرض السعر | ????? ??? ???,true,true,true,true,true,1.204,保持当前本地化关键词落地
/ar/products/fc-3000-ferromagnetic-detection-column,ar,strong,100,ذكي كشف نظام FC 3000,ذكي كشف نظام FC 3000 | security screening equipment | X-ray baggage scanner | walk-through metal detector | N-TET,ذكي كشف نظام FC 3000 | N-TET,ذكي كشف نظام FC 3000,ذكي كشف نظام FC 3000 Technical Specifications | اطلب الحل وعرض السعر | نظرة عامة | المواصفات الفنية | اطلب الحل وعرض السعر | ????? ??? ???,true,true,true,true,true,1.179,保持当前本地化关键词落地
/ar/products/fc-c-deluxe-walk-through-metal-detector,ar,strong,100,كاشف معادن أمني,كاشف معادن أمني | security screening equipment | X-ray baggage scanner | walk-through metal detector | N-TET,كاشف معادن أمني | N-TET,كاشف معادن أمني,كاشف معادن أمني Technical Specifications | اطلب الحل وعرض السعر | نظرة عامة | المواصفات الفنية | اطلب الحل وعرض السعر | ????? ??? ???,true,true,true,true,true,1.182,保持当前本地化关键词落地
/ar/products/fc-c-lcd-walk-through-metal-detector,ar,strong,100,كاشف معادن أمني,كاشف معادن أمني | security screening equipment | X-ray baggage scanner | walk-through metal detector | N-TET,كاشف معادن أمني | N-TET,كاشف معادن أمني,كاشف معادن أمني Technical Specifications | اطلب الحل وعرض السعر | نظرة عامة | المواصفات الفنية | اطلب الحل وعرض السعر | ????? ??? ???,true,true,true,true,true,1.065,保持当前本地化关键词落地
/ar/products/fc-dlxj-01-power-grid-inspection-drone,ar,strong,100,drone power line inspection,drone power line inspection | power line inspection drone | UAV power line inspection | utility inspection drone | طائرة UAV لتفتيش شبكة الكهرباء | industrial UAV systems | UAV inspection drone | emergency response UAV,طائرة UAV لتفتيش شبكة الكهرباء | N-TET,طائرة UAV لتفتيش شبكة الكهرباء,طائرة UAV لتفتيش شبكة الكهرباء Technical Specifications | اطلب الحل وعرض السعر | نظرة عامة | المواصفات الفنية | اطلب الحل وعرض السعر | ????? ??? ???,true,true,true,true,true,0.722,保持当前本地化关键词落地
/ar/products/fc-dma-long-range-optical-turntable,ar,strong,100,برج PTZ كهروبصري متعدد الأطياف FC-DMA EO/IR PTZ,برج PTZ كهروبصري متعدد الأطياف FC-DMA EO/IR PTZ | perimeter intelligence | electro optical surveillance | radar vision fusion system | N-TET,برج PTZ كهروبصري متعدد الأطياف FC-DMA EO/IR PTZ | N-TET,برج PTZ كهروبصري متعدد الأطياف FC-DMA EO/IR PTZ,برج PTZ كهروبصري متعدد الأطياف FC-DMA EO/IR PTZ Technical Specifications | اطلب الحل وعرض السعر | نظرة عامة | المواصفات الفنية | اطلب الحل وعرض السعر | ????? ??? ???,true,true,true,true,true,0.793,保持当前本地化关键词落地
/ar/products/fc-dms10-smart-electronic-sentinel,ar,strong,100,FC DMS10 ذكي,FC DMS10 ذكي | perimeter intelligence | electro optical surveillance | radar vision fusion system | N-TET,FC DMS10 ذكي | N-TET,FC DMS10 ذكي,FC DMS10 ذكي Technical Specifications | اطلب الحل وعرض السعر | نظرة عامة | المواصفات الفنية | اطلب الحل وعرض السعر | ????? ??? ???,true,true,true,true,true,0.900,保持当前本地化关键词落地
/ar/products/fc-dtvc-dual-band-thermal-ptz,ar,strong,100,FC DTVC حراري السرعة,FC DTVC حراري السرعة | perimeter intelligence | electro optical surveillance | radar vision fusion system | N-TET,FC DTVC حراري السرعة | N-TET,FC DTVC حراري السرعة,FC DTVC حراري السرعة Technical Specifications | اطلب الحل وعرض السعر | نظرة عامة | المواصفات الفنية | اطلب الحل وعرض السعر | ????? ??? ???,true,true,true,true,true,0.799,保持当前本地化关键词落地
/ar/products/fc-h-smart-phone-detection-gate,ar,strong,100,بوابة ذكية لكشف الهواتف,بوابة ذكية لكشف الهواتف | security screening equipment | X-ray baggage scanner | walk-through metal detector | N-TET,بوابة ذكية لكشف الهواتف | N-TET,بوابة ذكية لكشف الهواتف,بوابة ذكية لكشف الهواتف Technical Specifications | اطلب الحل وعرض السعر | نظرة عامة | المواصفات الفنية | اطلب الحل وعرض السعر | ????? ??? ???,true,true,true,true,true,1.206,保持当前本地化关键词落地
/ar/products/fc-h-smart-phone-detection-gate-29in,ar,strong,100,بوابة ذكية لكشف الهواتف,بوابة ذكية لكشف الهواتف | security screening equipment | X-ray baggage scanner | walk-through metal detector | N-TET,بوابة ذكية لكشف الهواتف | N-TET,بوابة ذكية لكشف الهواتف,بوابة ذكية لكشف الهواتف Technical Specifications | اطلب الحل وعرض السعر | نظرة عامة | المواصفات الفنية | اطلب الحل وعرض السعر | ????? ??? ???,true,true,true,true,true,1.102,保持当前本地化关键词落地
/ar/products/fc-pd500-personal-radiation-dose-alarm,ar,strong,100,منبه جرعة إشعاع شخصية FC-PD500 X-,منبه جرعة إشعاع شخصية FC-PD500 X- | security screening equipment | X-ray baggage scanner | walk-through metal detector | N-TET,منبه جرعة إشعاع شخصية FC-PD500 X- | N-TET,منبه جرعة إشعاع شخصية FC-PD500 X-,منبه جرعة إشعاع شخصية FC-PD500 X- Technical Specifications | اطلب الحل وعرض السعر | نظرة عامة | المواصفات الفنية | اطلب الحل وعرض السعر | ????? ??? ???,true,true,true,true,true,0.868,保持当前本地化关键词落地
/ar/products/fc-rc-series-hd-laser-camera,ar,strong,100,FC RC HD مدى ليزر كاميرا,FC RC HD مدى ليزر كاميرا | perimeter intelligence | electro optical surveillance | radar vision fusion system | N-TET,FC RC HD مدى ليزر كاميرا | N-TET,FC RC HD مدى ليزر كاميرا,FC RC HD مدى ليزر كاميرا Technical Specifications | اطلب الحل وعرض السعر | نظرة عامة | المواصفات الفنية | اطلب الحل وعرض السعر | ????? ??? ???,true,true,true,true,true,0.967,保持当前本地化关键词落地
/ar/products/fc-rds500-4r-radar-vision-sentinel,ar,strong,100,نظام دمج الرادار والرؤية,نظام دمج الرادار والرؤية | perimeter intelligence | electro optical surveillance | radar vision fusion system | N-TET,نظام دمج الرادار والرؤية | N-TET,نظام دمج الرادار والرؤية,نظام دمج الرادار والرؤية Technical Specifications | اطلب الحل وعرض السعر | نظرة عامة | المواصفات الفنية | اطلب الحل وعرض السعر | ????? ??? ???,true,true,true,true,true,0.990,保持当前本地化关键词落地
/ar/products/fc-sljc-01-water-conservancy-monitoring-drone,ar,strong,100,water conservancy monitoring UAV,water conservancy monitoring UAV | dam inspection UAV | river lake UAV monitoring | flood monitoring drone | طائرة UAV لمراقبة المياه والأنهار | industrial UAV systems | UAV inspection drone | emergency response UAV,طائرة UAV لمراقبة المياه والأنهار | N-TET,طائرة UAV لمراقبة المياه والأنهار,طائرة UAV لمراقبة المياه والأنهار Technical Specifications | اطلب الحل وعرض السعر | نظرة عامة | المواصفات الفنية | اطلب الحل وعرض السعر | ????? ??? ???,true,true,true,true,true,0.786,保持当前本地化关键词落地
/ar/products/fc-smart-swing-turnstile,ar,strong,100,ذكي,ذكي | security screening equipment | X-ray baggage scanner | walk-through metal detector | N-TET,ذكي | N-TET,ذكي,ذكي Technical Specifications | اطلب الحل وعرض السعر | نظرة عامة | المواصفات الفنية | اطلب الحل وعرض السعر | ????? ??? ???,true,true,true,true,true,1.441,保持当前本地化关键词落地
/ar/products/fc-ttvc-intelligent-multi-band-camera,ar,strong,100,FC TTVC ذكي كاميرا,FC TTVC ذكي كاميرا | perimeter intelligence | electro optical surveillance | radar vision fusion system | N-TET,FC TTVC ذكي كاميرا | N-TET,FC TTVC ذكي كاميرا,FC TTVC ذكي كاميرا Technical Specifications | اطلب الحل وعرض السعر | نظرة عامة | المواصفات الفنية | اطلب الحل وعرض السعر | ????? ??? ???,true,true,true,true,true,1.436,保持当前本地化关键词落地
/ar/products/fc-yjtx-01-emergency-communication-drone,ar,strong,100,emergency communication UAV,emergency communication UAV | disaster response communication drone | tethered communication UAV | public safety UAV communications | منصة UAV مربوطة للاتصالات الطارئة | industrial UAV systems | UAV inspection drone | emergency response UAV,منصة UAV مربوطة للاتصالات الطارئة | N-TET,منصة UAV مربوطة للاتصالات الطارئة,منصة UAV مربوطة للاتصالات الطارئة Technical Specifications | اطلب الحل وعرض السعر | نظرة عامة | المواصفات الفنية | اطلب الحل وعرض السعر | ????? ??? ???,true,true,true,true,true,0.802,保持当前本地化关键词落地
/ar/products/fc-yjxf-01-aerial-firefighting-drone,ar,strong,100,firefighting drone,firefighting drone | drone fire fighting | drone for fire fighting | high-rise firefighting UAV | منصة UAV مربوطة لدعم إطفاء المباني العالية | industrial UAV systems | UAV inspection drone | emergency response UAV,منصة UAV مربوطة لدعم إطفاء المباني العالية | N-TET,منصة UAV مربوطة لدعم إطفاء المباني العالية,منصة UAV مربوطة لدعم إطفاء المباني العالية Technical Specifications | اطلب الحل وعرض السعر | نظرة عامة | المواصفات الفنية | اطلب الحل وعرض السعر | ????? ??? ???,true,true,true,true,true,0.771,保持当前本地化关键词落地
/ar/products/fc-yjzc-01-emergency-reconnaissance-drone,ar,strong,100,search and rescue drone,search and rescue drone | drone rescue | emergency reconnaissance drone | disaster response UAV | طائرة بدون طيار للاستجابة الطارئة | industrial UAV systems | UAV inspection drone | emergency response UAV,طائرة بدون طيار للاستجابة الطارئة | N-TET,طائرة بدون طيار للاستجابة الطارئة,طائرة بدون طيار للاستجابة الطارئة Technical Specifications | اطلب الحل وعرض السعر | نظرة عامة | المواصفات الفنية | اطلب الحل وعرض السعر | ????? ??? ???,true,true,true,true,true,0.721,保持当前本地化关键词落地
/ar/products/fc-yjzm-01-emergency-lighting-drone,ar,strong,100,drone lighting,drone lighting | UAV lighting | tethered lighting UAV | emergency lighting drone | منصة UAV مربوطة للإضاءة الطارئة | industrial UAV systems | UAV inspection drone | emergency response UAV,منصة UAV مربوطة للإضاءة الطارئة | N-TET,منصة UAV مربوطة للإضاءة الطارئة,منصة UAV مربوطة للإضاءة الطارئة Technical Specifications | اطلب الحل وعرض السعر | نظرة عامة | المواصفات الفنية | اطلب الحل وعرض السعر | ????? ??? ???,true,true,true,true,true,0.787,保持当前本地化关键词落地
/ar/products/fc-yqxj-01-utility-inspection-drone,ar,strong,100,pipeline inspection drones,pipeline inspection drones | UAV pipeline inspection | oil and gas drone inspection | drone pipeline inspection | طائرة UAV لتفتيش خطوط النفط والغاز | industrial UAV systems | UAV inspection drone | emergency response UAV,طائرة UAV لتفتيش خطوط النفط والغاز | N-TET,طائرة UAV لتفتيش خطوط النفط والغاز,طائرة UAV لتفتيش خطوط النفط والغاز Technical Specifications | اطلب الحل وعرض السعر | نظرة عامة | المواصفات الفنية | اطلب الحل وعرض السعر | ????? ??? ???,true,true,true,true,true,0.713,保持当前本地化关键词落地
/ar/products/fc1500-handheld-liquid-detector,ar,strong,100,يدوي سوائل الكاشف FC1500,يدوي سوائل الكاشف FC1500 | security screening equipment | X-ray baggage scanner | walk-through metal detector | N-TET,يدوي سوائل الكاشف FC1500 | N-TET,يدوي سوائل الكاشف FC1500,يدوي سوائل الكاشف FC1500 Technical Specifications | اطلب الحل وعرض السعر | نظرة عامة | المواصفات الفنية | اطلب الحل وعرض السعر | ????? ??? ???,true,true,true,true,true,1.057,保持当前本地化关键词落地
/ar/products/fc1500b-desktop-liquid-security-inspector,ar,strong,100,سوائل أمن FC1500B,سوائل أمن FC1500B | security screening equipment | X-ray baggage scanner | walk-through metal detector | N-TET,سوائل أمن FC1500B | N-TET,سوائل أمن FC1500B,سوائل أمن FC1500B Technical Specifications | اطلب الحل وعرض السعر | نظرة عامة | المواصفات الفنية | اطلب الحل وعرض السعر | ????? ??? ???,true,true,true,true,true,1.180,保持当前本地化关键词落地
/ar/products/fc1800b-portable-explosives-and-narcotics-detector,ar,strong,100,محمول متفجرات مواد مخدرة الكاشف FC1800B,محمول متفجرات مواد مخدرة الكاشف FC1800B | security screening equipment | X-ray baggage scanner | walk-through metal detector | N-TET,محمول متفجرات مواد مخدرة الكاشف FC1800B | N-TET,محمول متفجرات مواد مخدرة الكاشف FC1800B,محمول متفجرات مواد مخدرة الكاشف FC1800B Technical Specifications | اطلب الحل وعرض السعر | نظرة عامة | المواصفات الفنية | اطلب الحل وعرض السعر | ????? ??? ???,true,true,true,true,true,0.928,保持当前本地化关键词落地
/ar/products/fc1800t-desktop-explosives-narcotics-detector,ar,strong,100,متفجرات مواد مخدرة الكاشف FC1800T,متفجرات مواد مخدرة الكاشف FC1800T | security screening equipment | X-ray baggage scanner | walk-through metal detector | N-TET,متفجرات مواد مخدرة الكاشف FC1800T | N-TET,متفجرات مواد مخدرة الكاشف FC1800T,متفجرات مواد مخدرة الكاشف FC1800T Technical Specifications | اطلب الحل وعرض السعر | نظرة عامة | المواصفات الفنية | اطلب الحل وعرض السعر | ????? ??? ???,true,true,true,true,true,1.296,保持当前本地化关键词落地
/ar/products/fc2088-handheld-metal-detector,ar,strong,100,كاشف معادن أمني,كاشف معادن أمني | security screening equipment | X-ray baggage scanner | walk-through metal detector | N-TET,كاشف معادن أمني | N-TET,كاشف معادن أمني,كاشف معادن أمني Technical Specifications | اطلب الحل وعرض السعر | نظرة عامة | المواصفات الفنية | اطلب الحل وعرض السعر | ????? ??? ???,true,true,true,true,true,1.458,保持当前本地化关键词落地
/ar/products/fc4028-neutron-ambient-dose-rate-meter,ar,strong,100,FC4028 جرعة,FC4028 جرعة | security screening equipment | X-ray baggage scanner | walk-through metal detector | N-TET,FC4028 جرعة | N-TET,FC4028 جرعة,FC4028 جرعة Technical Specifications | اطلب الحل وعرض السعر | نظرة عامة | المواصفات الفنية | اطلب الحل وعرض السعر | ????? ??? ???,true,true,true,true,true,0.983,保持当前本地化关键词落地
/ar/products/fc5030-compact-x-ray-baggage-scanner,ar,strong,100,ماسح أمني بالأشعة X للأمتعة والطرود,ماسح أمني بالأشعة X للأمتعة والطرود | security screening equipment | X-ray baggage scanner | walk-through metal detector | N-TET,ماسح أمني بالأشعة X للأمتعة والطرود | N-TET,ماسح أمني بالأشعة X للأمتعة والطرود,ماسح أمني بالأشعة X للأمتعة والطرود Technical Specifications | اطلب الحل وعرض السعر | نظرة عامة | المواصفات الفنية | اطلب الحل وعرض السعر | ????? ??? ???,true,true,true,true,true,1.223,保持当前本地化关键词落地
/ar/products/fc6550-standard-x-ray-baggage-scanner,ar,strong,100,ماسح أمني بالأشعة X للأمتعة والطرود,ماسح أمني بالأشعة X للأمتعة والطرود | security screening equipment | X-ray baggage scanner | walk-through metal detector | N-TET,ماسح أمني بالأشعة X للأمتعة والطرود | N-TET,ماسح أمني بالأشعة X للأمتعة والطرود,ماسح أمني بالأشعة X للأمتعة والطرود Technical Specifications | اطلب الحل وعرض السعر | نظرة عامة | المواصفات الفنية | اطلب الحل وعرض السعر | ????? ??? ???,true,true,true,true,true,1.212,保持当前本地化关键词落地
/ar/products/fc6550d-dual-view-baggage-scanner,ar,strong,100,ماسح أمني بالأشعة X للأمتعة والطرود,ماسح أمني بالأشعة X للأمتعة والطرود | security screening equipment | X-ray baggage scanner | walk-through metal detector | N-TET,ماسح أمني بالأشعة X للأمتعة والطرود | N-TET,ماسح أمني بالأشعة X للأمتعة والطرود,ماسح أمني بالأشعة X للأمتعة والطرود Technical Specifications | اطلب الحل وعرض السعر | نظرة عامة | المواصفات الفنية | اطلب الحل وعرض السعر | ????? ??? ???,true,true,true,true,true,1.117,保持当前本地化关键词落地
/ar/products/fc902-personal-radiation-dose-alarm,ar,strong,100,منبه جرعة إشعاع شخصية X- FC902,منبه جرعة إشعاع شخصية X- FC902 | security screening equipment | X-ray baggage scanner | walk-through metal detector | N-TET,منبه جرعة إشعاع شخصية X- FC902 | N-TET,منبه جرعة إشعاع شخصية X- FC902,منبه جرعة إشعاع شخصية X- FC902 Technical Specifications | اطلب الحل وعرض السعر | نظرة عامة | المواصفات الفنية | اطلب الحل وعرض السعر | ????? ??? ???,true,true,true,true,true,0.979,保持当前本地化关键词落地
/ar/products/handheld-rf-detection-system-mini,ar,strong,100,جهاز يدوي لكشف ترددات RF,جهاز يدوي لكشف ترددات RF | low altitude monitoring equipment | drone detection equipment | airspace monitoring system | N-TET,جهاز يدوي لكشف ترددات RF | N-TET,جهاز يدوي لكشف ترددات RF,جهاز يدوي لكشف ترددات RF Technical Specifications | اطلب الحل وعرض السعر | نظرة عامة | المواصفات الفنية | اطلب الحل وعرض السعر | ????? ??? ???,true,true,true,true,true,1.036,保持当前本地化关键词落地
/ar/products/intelligent-mobile-cabin-hospital,ar,strong,100,ذكي متنقل كابينة مستشفى,ذكي متنقل كابينة مستشفى | field hospital system | containerized medical rescue system | emergency medical shelter | N-TET,ذكي متنقل كابينة مستشفى | N-TET,ذكي متنقل كابينة مستشفى,ذكي متنقل كابينة مستشفى Technical Specifications | اطلب الحل وعرض السعر | نظرة عامة | المواصفات الفنية | اطلب الحل وعرض السعر | ????? ??? ???,true,true,true,true,true,1.243,保持当前本地化关键词落地
/ar/products/low-altitude-3d-pulse-doppler-radar,ar,strong,100,منخفض الارتفاع كشف رادار X,منخفض الارتفاع كشف رادار X | low altitude monitoring equipment | drone detection equipment | airspace monitoring system | N-TET,منخفض الارتفاع كشف رادار X | N-TET,منخفض الارتفاع كشف رادار X,منخفض الارتفاع كشف رادار X Technical Specifications | اطلب الحل وعرض السعر | نظرة عامة | المواصفات الفنية | اطلب الحل وعرض السعر | ????? ??? ???,true,true,true,true,true,1.028,保持当前本地化关键词落地
/ar/products/low-altitude-detection-radar-ku-band,ar,strong,100,منخفض الارتفاع كشف رادار,منخفض الارتفاع كشف رادار | low altitude monitoring equipment | drone detection equipment | airspace monitoring system | N-TET,منخفض الارتفاع كشف رادار | N-TET,منخفض الارتفاع كشف رادار,منخفض الارتفاع كشف رادار Technical Specifications | اطلب الحل وعرض السعر | نظرة عامة | المواصفات الفنية | اطلب الحل وعرض السعر | ????? ??? ???,true,true,true,true,true,1.178,保持当前本地化关键词落地
/ar/products/multi-rotor-20kg-payload-uav,ar,strong,100,منصة UAV صناعية,منصة UAV صناعية | industrial UAV systems | UAV inspection drone | emergency response UAV | N-TET,منصة UAV صناعية | N-TET,منصة UAV صناعية,منصة UAV صناعية Technical Specifications | اطلب الحل وعرض السعر | نظرة عامة | المواصفات الفنية | اطلب الحل وعرض السعر | ????? ??? ???,true,true,true,true,true,1.912,保持当前本地化关键词落地
/ar/products/multi-rotor-3kg-payload-uav,ar,strong,100,منصة UAV صناعية,منصة UAV صناعية | industrial UAV systems | UAV inspection drone | emergency response UAV | N-TET,منصة UAV صناعية | N-TET,منصة UAV صناعية,منصة UAV صناعية Technical Specifications | اطلب الحل وعرض السعر | نظرة عامة | المواصفات الفنية | اطلب الحل وعرض السعر | ????? ??? ???,true,true,true,true,true,1.909,保持当前本地化关键词落地
/ar/products/multi-rotor-50kg-payload-uav,ar,strong,100,منصة UAV صناعية,منصة UAV صناعية | industrial UAV systems | UAV inspection drone | emergency response UAV | N-TET,منصة UAV صناعية | N-TET,منصة UAV صناعية,منصة UAV صناعية Technical Specifications | اطلب الحل وعرض السعر | نظرة عامة | المواصفات الفنية | اطلب الحل وعرض السعر | ????? ??? ???,true,true,true,true,true,1.929,保持当前本地化关键词落地
/ar/products/multi-rotor-8kg-payload-uav,ar,strong,100,منصة UAV صناعية,منصة UAV صناعية | industrial UAV systems | UAV inspection drone | emergency response UAV | N-TET,منصة UAV صناعية | N-TET,منصة UAV صناعية,منصة UAV صناعية Technical Specifications | اطلب الحل وعرض السعر | نظرة عامة | المواصفات الفنية | اطلب الحل وعرض السعر | ????? ??? ???,true,true,true,true,true,1.917,保持当前本地化关键词落地
/ar/products/portable-rf-detection-case,ar,strong,100,نظام محمول لكشف ترددات RF,نظام محمول لكشف ترددات RF | low altitude monitoring equipment | drone detection equipment | airspace monitoring system | N-TET,نظام محمول لكشف ترددات RF | N-TET,نظام محمول لكشف ترددات RF,نظام محمول لكشف ترددات RF Technical Specifications | اطلب الحل وعرض السعر | نظرة عامة | المواصفات الفنية | اطلب الحل وعرض السعر | ????? ??? ???,true,true,true,true,true,1.115,保持当前本地化关键词落地
/ar/products/power-tower-inspection-drone,ar,strong,100,drone power line inspection,drone power line inspection | power line inspection drone | drones for utility inspection | transmission tower inspection UAV | طائرة UAV لتفتيش أبراج الطاقة | industrial UAV systems | UAV inspection drone | emergency response UAV,طائرة UAV لتفتيش أبراج الطاقة | N-TET,طائرة UAV لتفتيش أبراج الطاقة,طائرة UAV لتفتيش أبراج الطاقة Technical Specifications | اطلب الحل وعرض السعر | نظرة عامة | المواصفات الفنية | اطلب الحل وعرض السعر | ????? ??? ???,true,true,true,true,true,0.781,保持当前本地化关键词落地
/ar/products/smart-substation-autonomous-inspection-system,ar,strong,100,smart substation autonomous inspection,smart substation autonomous inspection | substation inspection drone | power utility UAV inspection | autonomous UAV inspection | طائرة UAV للتفتيش الميداني | industrial UAV systems | UAV inspection drone | emergency response UAV,طائرة UAV للتفتيش الميداني | N-TET,طائرة UAV للتفتيش الميداني,طائرة UAV للتفتيش الميداني Technical Specifications | اطلب الحل وعرض السعر | نظرة عامة | المواصفات الفنية | اطلب الحل وعرض السعر | ????? ??? ???,true,true,true,true,true,0.721,保持当前本地化关键词落地
/ar/products/stationary-rf-detection-system,ar,strong,100,نظام ثابت لكشف ترددات RF,نظام ثابت لكشف ترددات RF | low altitude monitoring equipment | drone detection equipment | airspace monitoring system | N-TET,نظام ثابت لكشف ترددات RF | N-TET,نظام ثابت لكشف ترددات RF,نظام ثابت لكشف ترددات RF Technical Specifications | اطلب الحل وعرض السعر | نظرة عامة | المواصفات الفنية | اطلب الحل وعرض السعر | ????? ??? ???,true,true,true,true,true,1.042,保持当前本地化关键词落地
/ar/products/uav-remote-id-monitoring-system,ar,strong,100,نظام التعريف عن بُعد للطائرات بدون طيار,نظام التعريف عن بُعد للطائرات بدون طيار | low altitude monitoring equipment | drone detection equipment | airspace monitoring system | N-TET,نظام التعريف عن بُعد للطائرات بدون طيار | N-TET,نظام التعريف عن بُعد للطائرات بدون طيار,نظام التعريف عن بُعد للطائرات بدون طيار Technical Specifications | اطلب الحل وعرض السعر | نظرة عامة | المواصفات الفنية | اطلب الحل وعرض السعر | ????? ??? ???,true,true,true,true,true,1.083,保持当前本地化关键词落地
/ar/products/vtol-135kg-mtow-uav,ar,strong,100,منصة UAV صناعية,منصة UAV صناعية | industrial UAV systems | UAV inspection drone | emergency response UAV | N-TET,منصة UAV صناعية | N-TET,منصة UAV صناعية,منصة UAV صناعية Technical Specifications | اطلب الحل وعرض السعر | نظرة عامة | المواصفات الفنية | اطلب الحل وعرض السعر | ????? ??? ???,true,true,true,true,true,1.929,保持当前本地化关键词落地
/ar/products/vtol-14kg-mtow-uav,ar,strong,100,منصة UAV صناعية,منصة UAV صناعية | industrial UAV systems | UAV inspection drone | emergency response UAV | N-TET,منصة UAV صناعية | N-TET,منصة UAV صناعية,منصة UAV صناعية Technical Specifications | اطلب الحل وعرض السعر | نظرة عامة | المواصفات الفنية | اطلب الحل وعرض السعر | ????? ??? ???,true,true,true,true,true,1.953,保持当前本地化关键词落地
/ar/products/vtol-26kg-mtow-uav,ar,strong,100,منصة UAV صناعية,منصة UAV صناعية | industrial UAV systems | UAV inspection drone | emergency response UAV | N-TET,منصة UAV صناعية | N-TET,منصة UAV صناعية,منصة UAV صناعية Technical Specifications | اطلب الحل وعرض السعر | نظرة عامة | المواصفات الفنية | اطلب الحل وعرض السعر | ????? ??? ???,true,true,true,true,true,1.937,保持当前本地化关键词落地
/ar/products/vtol-40kg-mtow-uav,ar,strong,100,منصة UAV صناعية,منصة UAV صناعية | industrial UAV systems | UAV inspection drone | emergency response UAV | N-TET,منصة UAV صناعية | N-TET,منصة UAV صناعية,منصة UAV صناعية Technical Specifications | اطلب الحل وعرض السعر | نظرة عامة | المواصفات الفنية | اطلب الحل وعرض السعر | ????? ??? ???,true,true,true,true,true,1.935,保持当前本地化关键词落地
/ar/products/vtol-64kg-mtow-uav,ar,strong,100,منصة UAV صناعية,منصة UAV صناعية | industrial UAV systems | UAV inspection drone | emergency response UAV | N-TET,منصة UAV صناعية | N-TET,منصة UAV صناعية,منصة UAV صناعية Technical Specifications | اطلب الحل وعرض السعر | نظرة عامة | المواصفات الفنية | اطلب الحل وعرض السعر | ????? ??? ???,true,true,true,true,true,1.929,保持当前本地化关键词落地
/ar/solutions,ar,strong,100,حلول تفتيش UAV,حلول تفتيش UAV | طائرة بحث وإنقاذ | طائرة مكافحة حرائق | تفتيش خطوط الكهرباء باستخدام UAV,حلول تفتيش UAV | N-TET,حلول تفتيش UAV,حلول تفتيش UAV للفرق الصناعية | طائرة UAV للتفتيش الميداني | منصة UAV صناعية | حماية البنية التحتية الحرجة | أمن المناطق الحيوية | اطلب الحل وعرض السعر | طائرة UAV للتفتيش الميداني | منصة UAV صناعية | حماية البنية التحتية الحرجة | أمن المناطق الحيوية | اطلب الحل وعرض السعر,true,true,true,true,true,0.464,保持当前本地化关键词落地
/ar/solutions/airport-low-altitude-monitoring,ar,strong,100,تطبيق مراقبة المجال الجوي للمطارات,تطبيق مراقبة المجال الجوي للمطارات | N-TET,تطبيق مراقبة المجال الجوي للمطارات | N-TET,تطبيق مراقبة المجال الجوي للمطارات,تطبيق مراقبة المجال الجوي للمطارات Workflow | المواصفات الفنية | معدات ذات صلة | الأسئلة الشائعة حول الحل | اطلب الحل وعرض السعر | نظرة عامة | المواصفات الفنية | معدات ذات صلة | الأسئلة الشائعة حول الحل | اطلب الحل وعرض السعر | ????? ??? ???,true,true,true,true,true,1.197,保持当前本地化关键词落地
/ar/solutions/airport-security-protection,ar,strong,100,حل أمني متكامل للمطارات,حل أمني متكامل للمطارات | N-TET,حل أمني متكامل للمطارات | N-TET,حل أمني متكامل للمطارات,حل أمني متكامل للمطارات Workflow | المواصفات الفنية | معدات ذات صلة | الأسئلة الشائعة حول الحل | اطلب الحل وعرض السعر | نظرة عامة | المواصفات الفنية | معدات ذات صلة | الأسئلة الشائعة حول الحل | اطلب الحل وعرض السعر | ????? ??? ???,true,true,true,true,true,1.600,保持当前本地化关键词落地
/ar/solutions/category/01_BorderPatrol,ar,strong,100,UAV لدوريات الحدود,UAV لدوريات الحدود | UAV للدوريات البحرية | طائرة لمراقبة السواحل | مراقبة بحرية برية,حلول UAV لدوريات الحدود | N-TET,حلول UAV لدوريات الحدود,UAV لدوريات الحدود ومراقبة السواحل | حلول UAV صناعية | منتجات موصى بها | الأسئلة الشائعة حول الحل | اطلب الحل وعرض السعر | احتياجات القطاع | حلول UAV صناعية | منتجات موصى بها | اطلب الحل وعرض السعر,true,true,true,true,true,0.751,保持当前本地化关键词落地
/ar/solutions/category/02_InfrastructureProtection,ar,strong,85,UAV لتفتيش المنشآت الصناعية,UAV لتفتيش المنشآت الصناعية | تفتيش النفط والغاز بالطائرات بدون طيار | طائرات تفتيش خطوط الأنابيب | مراقبة المصانع الكيميائية,حلول UAV لتفتيش المنشآت الصناعية | N-TET,حلول UAV لتفتيش المنشآت الصناعية,سيناريوهات تفتيش المنشآت الصناعية باستخدام UAV | حلول UAV صناعية | منتجات موصى بها | الأسئلة الشائعة حول الحل | اطلب الحل وعرض السعر | احتياجات القطاع | حلول UAV صناعية | منتجات موصى بها | اطلب الحل وعرض السعر,true,true,true,false,true,0.625,保持当前本地化关键词落地
/ar/solutions/category/03_KeyAreaSecurity,ar,strong,100,مراقبة المجال الجوي للمطارات,مراقبة المجال الجوي للمطارات | مراقبة أمن الفعاليات | أمن المناطق الرئيسية | معدات مراقبة الارتفاع المنخفض,مراقبة المجال الجوي للمطارات وأمن المناطق الرئيسية | N-TET,مراقبة المجال الجوي للمطارات وأمن المناطق الرئيسية,سيناريوهات مراقبة المجال الجوي للمطارات | حلول UAV صناعية | منتجات موصى بها | الأسئلة الشائعة حول الحل | اطلب الحل وعرض السعر | احتياجات القطاع | حلول UAV صناعية | منتجات موصى بها | اطلب الحل وعرض السعر,true,true,true,true,true,0.738,保持当前本地化关键词落地
/ar/solutions/category/04_EmergencyRescue,ar,strong,85,طائرات البحث والإنقاذ والطوارئ,طائرات البحث والإنقاذ والطوارئ | طائرة بحث وإنقاذ | طائرة مكافحة حرائق | UAV للاتصالات الطارئة | طائرة إضاءة,حلول طائرات البحث والإنقاذ والطوارئ | N-TET,حلول طائرات البحث والإنقاذ والطوارئ,سير عمل UAV للبحث والإنقاذ والطوارئ | حلول UAV صناعية | منتجات موصى بها | الأسئلة الشائعة حول الحل | اطلب الحل وعرض السعر | احتياجات القطاع | حلول UAV صناعية | منتجات موصى بها | اطلب الحل وعرض السعر,true,true,true,false,true,0.759,保持当前本地化关键词落地
/ar/solutions/chemical-plant-protection,ar,strong,100,طائرات تفتيش خطوط الأنابيب,طائرات تفتيش خطوط الأنابيب | مراقبة المصانع الكيميائية | تفتيش خطوط الأنابيب باستخدام UAV | تفتيش النفط والغاز بالطائرات بدون طيار,طائرات تفتيش خطوط الأنابيب لمراقبة المصانع الكيميائية | N-TET,طائرات تفتيش خطوط الأنابيب لمراقبة المصانع الكيميائية,طائرات تفتيش خطوط الأنابيب ومراقبة المنشآت | A Neutral Low-Altitude Risk Process for Chemical Sites | وحدات الحل | معدات ذات صلة | الأسئلة الشائعة حول الحل | اطلب الحل وعرض السعر | نظرة عامة | احتياجات القطاع | A Neutral Low-Altitude Risk Process for Chemical Sites | وحدات الحل | معدات ذات صلة | الأسئلة الشائعة حول الحل | اطلب الحل وعرض السعر | ????? ??? ???,true,true,true,true,true,0.828,保持当前本地化关键词落地
/ar/solutions/disaster-site-search-rescue-reconnaissance-uav-solution,ar,strong,100,طائرة البحث والإنقاذ,طائرة البحث والإنقاذ | طائرة بحث وإنقاذ | طائرات حرارية للبحث والإنقاذ | UAV للبحث والإنقاذ | طائرة إنقاذ,حل طائرة البحث والإنقاذ | N-TET,حل طائرة البحث والإنقاذ,سير عمل طائرة البحث والإنقاذ | How UAVs Upgrade Emergency Reconnaissance | وحدات الحل | معدات ذات صلة | حالات ذات صلة | الأسئلة الشائعة حول الحل | اطلب الحل وعرض السعر | نظرة عامة | احتياجات القطاع | How UAVs Upgrade Emergency Reconnaissance | وحدات الحل | معدات ذات صلة | حالات ذات صلة | الأسئلة الشائعة حول الحل | اطلب الحل وعرض السعر | ????? ??? ???,true,true,true,true,true,0.898,保持当前本地化关键词落地
/ar/solutions/emergency-communication-uav,ar,strong,100,طائرة UAV للاتصالات الطارئة,طائرة UAV للاتصالات الطارئة | N-TET,طائرة UAV للاتصالات الطارئة | N-TET,طائرة UAV للاتصالات الطارئة,طائرة UAV للاتصالات الطارئة Workflow | المواصفات الفنية | معدات ذات صلة | الأسئلة الشائعة حول الحل | اطلب الحل وعرض السعر | نظرة عامة | المواصفات الفنية | معدات ذات صلة | الأسئلة الشائعة حول الحل | اطلب الحل وعرض السعر | ????? ??? ???,true,true,true,true,true,1.326,保持当前本地化关键词落地
/ar/solutions/emergency-communication-uav-solution,ar,strong,85,منصة UAV للاتصالات الطارئة,منصة UAV للاتصالات الطارئة | N-TET,منصة UAV للاتصالات الطارئة | N-TET,منصة UAV للاتصالات الطارئة,معدات ذات صلة | الأسئلة الشائعة حول الحل | اطلب الحل وعرض السعر | نظرة عامة | المواصفات الفنية | معدات ذات صلة | الأسئلة الشائعة حول الحل | اطلب الحل وعرض السعر | ????? ??? ???,true,true,true,false,true,1.094,保持当前本地化关键词落地
/ar/solutions/emergency-lighting-uav,ar,strong,100,طائرة UAV للإضاءة الطارئة,طائرة UAV للإضاءة الطارئة | N-TET,طائرة UAV للإضاءة الطارئة | N-TET,طائرة UAV للإضاءة الطارئة,طائرة UAV للإضاءة الطارئة Workflow | المواصفات الفنية | معدات ذات صلة | الأسئلة الشائعة حول الحل | اطلب الحل وعرض السعر | نظرة عامة | المواصفات الفنية | معدات ذات صلة | الأسئلة الشائعة حول الحل | اطلب الحل وعرض السعر | ????? ??? ???,true,true,true,true,true,1.251,保持当前本地化关键词落地
/ar/solutions/emergency-reconnaissance-uav,ar,strong,100,منصة UAV صناعية,منصة UAV صناعية | N-TET,منصة UAV صناعية | N-TET,منصة UAV صناعية,منصة UAV صناعية Workflow | المواصفات الفنية | معدات ذات صلة | الأسئلة الشائعة حول الحل | اطلب الحل وعرض السعر | نظرة عامة | المواصفات الفنية | معدات ذات صلة | الأسئلة الشائعة حول الحل | اطلب الحل وعرض السعر | ????? ??? ???,true,true,true,true,true,1.984,保持当前本地化关键词落地
/ar/solutions/emergency-search-rescue-uav-solution,ar,strong,85,منصة UAV صناعية,منصة UAV صناعية | N-TET,منصة UAV صناعية | N-TET,منصة UAV صناعية,معدات ذات صلة | حالات ذات صلة | الأسئلة الشائعة حول الحل | اطلب الحل وعرض السعر | نظرة عامة | المواصفات الفنية | معدات ذات صلة | حالات ذات صلة | الأسئلة الشائعة حول الحل | اطلب الحل وعرض السعر | ????? ??? ???,true,true,true,false,true,1.978,保持当前本地化关键词落地
/ar/solutions/high-rise-firefighting-uav-solution,ar,strong,85,منصة UAV لدعم الإطفاء والإنقاذ,منصة UAV لدعم الإطفاء والإنقاذ | N-TET,منصة UAV لدعم الإطفاء والإنقاذ | N-TET,منصة UAV لدعم الإطفاء والإنقاذ,معدات ذات صلة | الأسئلة الشائعة حول الحل | اطلب الحل وعرض السعر | نظرة عامة | المواصفات الفنية | معدات ذات صلة | الأسئلة الشائعة حول الحل | اطلب الحل وعرض السعر | ????? ??? ???,true,true,true,false,true,1.072,保持当前本地化关键词落地
/ar/solutions/hydroelectric-dam-protection,ar,strong,100,حل مراقبة للسدود الكهرومائية,حل مراقبة للسدود الكهرومائية | N-TET,حل مراقبة للسدود الكهرومائية | N-TET,حل مراقبة للسدود الكهرومائية,حل مراقبة للسدود الكهرومائية Workflow | Low-Altitude Security Workflow for Dam Operations | وحدات الحل | معدات ذات صلة | الأسئلة الشائعة حول الحل | اطلب الحل وعرض السعر | نظرة عامة | احتياجات القطاع | Low-Altitude Security Workflow for Dam Operations | وحدات الحل | معدات ذات صلة | الأسئلة الشائعة حول الحل | اطلب الحل وعرض السعر | ????? ??? ???,true,true,true,true,true,0.811,保持当前本地化关键词落地
/ar/solutions/judicial-sector-security,ar,strong,100,حل أمني للمنشآت القضائية,حل أمني للمنشآت القضائية | N-TET,حل أمني للمنشآت القضائية | N-TET,حل أمني للمنشآت القضائية,حل أمني للمنشآت القضائية Workflow | المواصفات الفنية | معدات ذات صلة | الأسئلة الشائعة حول الحل | اطلب الحل وعرض السعر | نظرة عامة | المواصفات الفنية | معدات ذات صلة | الأسئلة الشائعة حول الحل | اطلب الحل وعرض السعر | ????? ??? ???,true,true,true,true,true,1.557,保持当前本地化关键词落地
/ar/solutions/land-based-maritime-surveillance,ar,strong,100,مراقبة بحرية أرضية وإنذار مبكر,مراقبة بحرية أرضية وإنذار مبكر | N-TET,مراقبة بحرية أرضية وإنذار مبكر | N-TET,مراقبة بحرية أرضية وإنذار مبكر,مراقبة بحرية أرضية وإنذار مبكر Workflow | المواصفات الفنية | معدات ذات صلة | الأسئلة الشائعة حول الحل | اطلب الحل وعرض السعر | نظرة عامة | المواصفات الفنية | معدات ذات صلة | الأسئلة الشائعة حول الحل | اطلب الحل وعرض السعر | ????? ??? ???,true,true,true,true,true,1.336,保持当前本地化关键词落地
/ar/solutions/night-emergency-lighting-support-uav-solution,ar,strong,100,UAV مربوط للإضاءة,UAV مربوط للإضاءة | طائرة إضاءة | نظام إضاءة UAV | طائرة إضاءة طارئة,حل UAV مربوط للإضاءة | N-TET,حل UAV مربوط للإضاءة,سير عمل UAV مربوط للإضاءة | كيف ترفع الطائرات بدون طيار كفاءة العمليات | وحدات الحل | معدات ذات صلة | حالات ذات صلة | الأسئلة الشائعة حول الحل | اطلب الحل وعرض السعر | نظرة عامة | احتياجات القطاع | كيف ترفع الطائرات بدون طيار كفاءة العمليات | وحدات الحل | معدات ذات صلة | حالات ذات صلة | الأسئلة الشائعة حول الحل | اطلب الحل وعرض السعر | ????? ??? ???,true,true,true,true,true,0.994,保持当前本地化关键词落地
/ar/solutions/oil-production-base-protection,ar,strong,100,oil and gas drone inspection,oil and gas drone inspection | industrial facility inspection UAV | pipeline corridor inspection | oil production site monitoring,Oil and Gas Drone Inspection Solution | N-TET,Oil and Gas Drone Inspection Solution,Oil and Gas Drone Inspection Workflow | Layered Low-Altitude Protection for Oil Production Sites | وحدات الحل | معدات ذات صلة | الأسئلة الشائعة حول الحل | اطلب الحل وعرض السعر | نظرة عامة | احتياجات القطاع | Layered Low-Altitude Protection for Oil Production Sites | وحدات الحل | معدات ذات صلة | الأسئلة الشائعة حول الحل | اطلب الحل وعرض السعر | ????? ??? ???,true,true,true,true,true,0.792,保持当前本地化关键词落地
/ar/solutions/post-disaster-emergency-communication-support-uav-solution,ar,strong,100,UAV للاتصالات الطارئة,UAV للاتصالات الطارئة | طائرة اتصالات للاستجابة للكوارث | UAV مربوط للاتصالات | اتصالات UAV للسلامة العامة,حل UAV للاتصالات الطارئة | N-TET,حل UAV للاتصالات الطارئة,سير عمل UAV للاتصالات الطارئة | كيف ترفع الطائرات بدون طيار كفاءة العمليات | وحدات الحل | معدات ذات صلة | حالات ذات صلة | الأسئلة الشائعة حول الحل | اطلب الحل وعرض السعر | نظرة عامة | احتياجات القطاع | كيف ترفع الطائرات بدون طيار كفاءة العمليات | وحدات الحل | معدات ذات صلة | حالات ذات صلة | الأسئلة الشائعة حول الحل | اطلب الحل وعرض السعر | ????? ??? ???,true,true,true,true,true,0.910,保持当前本地化关键词落地
/ar/solutions/power-generation-facility-low-altitude-monitoring,ar,strong,100,مراقبة المجال الجوي لمنشآت توليد الطاقة,مراقبة المجال الجوي لمنشآت توليد الطاقة | N-TET,مراقبة المجال الجوي لمنشآت توليد الطاقة | N-TET,مراقبة المجال الجوي لمنشآت توليد الطاقة,مراقبة المجال الجوي لمنشآت توليد الطاقة Workflow | المواصفات الفنية | معدات ذات صلة | الأسئلة الشائعة حول الحل | اطلب الحل وعرض السعر | نظرة عامة | المواصفات الفنية | معدات ذات صلة | الأسئلة الشائعة حول الحل | اطلب الحل وعرض السعر | ????? ??? ???,true,true,true,true,true,1.308,保持当前本地化关键词落地
/ar/solutions/power-line-uav-intelligent-inspection-solution,ar,strong,100,تفتيش خطوط الكهرباء بالطائرات بدون طيار,تفتيش خطوط الكهرباء بالطائرات بدون طيار | طائرة تفتيش خطوط الكهرباء | تفتيش خطوط الكهرباء باستخدام UAV | طائرات تفتيش المرافق,حل تفتيش خطوط الكهرباء بالطائرات بدون طيار | N-TET,حل تفتيش خطوط الكهرباء بالطائرات بدون طيار,سير عمل تفتيش خطوط الكهرباء باستخدام UAV | كيف ترفع الطائرات بدون طيار كفاءة العمليات | وحدات الحل | الأسئلة الشائعة حول الحل | اطلب الحل وعرض السعر | نظرة عامة | احتياجات القطاع | كيف ترفع الطائرات بدون طيار كفاءة العمليات | وحدات الحل | الأسئلة الشائعة حول الحل | اطلب الحل وعرض السعر | ????? ??? ???,true,true,true,true,true,0.833,保持当前本地化关键词落地
/ar/solutions/power-tower-inspection-uav-solution,ar,strong,85,طائرة UAV للتفتيش الميداني,طائرة UAV للتفتيش الميداني | N-TET,طائرة UAV للتفتيش الميداني | N-TET,طائرة UAV للتفتيش الميداني,معدات ذات صلة | حالات ذات صلة | الأسئلة الشائعة حول الحل | اطلب الحل وعرض السعر | نظرة عامة | المواصفات الفنية | معدات ذات صلة | حالات ذات صلة | الأسئلة الشائعة حول الحل | اطلب الحل وعرض السعر | ????? ??? ???,true,true,true,false,true,1.172,保持当前本地化关键词落地
/ar/solutions/smart-substation-autonomous-inspection-solution,ar,strong,85,طائرة UAV للتفتيش الميداني,طائرة UAV للتفتيش الميداني | N-TET,طائرة UAV للتفتيش الميداني | N-TET,طائرة UAV للتفتيش الميداني,معدات ذات صلة | حالات ذات صلة | الأسئلة الشائعة حول الحل | اطلب الحل وعرض السعر | نظرة عامة | المواصفات الفنية | معدات ذات صلة | حالات ذات صلة | الأسئلة الشائعة حول الحل | اطلب الحل وعرض السعر | ????? ??? ???,true,true,true,false,true,1.181,保持当前本地化关键词落地
/ar/solutions/smart-substation-unattended-uav-inspection-solution,ar,strong,100,التفتيش الذاتي للمحطات الفرعية الذكية,التفتيش الذاتي للمحطات الفرعية الذكية | تفتيش ذاتي للمحطات الفرعية الذكية | طائرة تفتيش المحطات الفرعية | تفتيش مرافق الطاقة باستخدام UAV | تفتيش UAV ذاتي,حل التفتيش الذاتي للمحطات الفرعية الذكية | N-TET,حل التفتيش الذاتي للمحطات الفرعية الذكية,سير عمل التفتيش الذاتي للمحطات الفرعية الذكية | How UAVs Upgrade Substation Inspection | وحدات الحل | معدات ذات صلة | حالات ذات صلة | الأسئلة الشائعة حول الحل | اطلب الحل وعرض السعر | نظرة عامة | احتياجات القطاع | How UAVs Upgrade Substation Inspection | وحدات الحل | معدات ذات صلة | حالات ذات صلة | الأسئلة الشائعة حول الحل | اطلب الحل وعرض السعر | ????? ??? ???,true,true,true,true,true,0.892,保持当前本地化关键词落地
/ar/solutions/sports-event-security,ar,strong,100,حل أمني للفعاليات الرياضية الكبرى,حل أمني للفعاليات الرياضية الكبرى | N-TET,حل أمني للفعاليات الرياضية الكبرى | N-TET,حل أمني للفعاليات الرياضية الكبرى,حل أمني للفعاليات الرياضية الكبرى Workflow | How Integrated Monitoring and Screening Support Large Events | وحدات الحل | معدات ذات صلة | الأسئلة الشائعة حول الحل | اطلب الحل وعرض السعر | نظرة عامة | احتياجات القطاع | How Integrated Monitoring and Screening Support Large Events | وحدات الحل | معدات ذات صلة | الأسئلة الشائعة حول الحل | اطلب الحل وعرض السعر | ????? ??? ???,true,true,true,true,true,0.776,保持当前本地化关键词落地
/ar/solutions/tethered-lighting-uav-solution,ar,strong,85,منصة UAV للإضاءة الطارئة,منصة UAV للإضاءة الطارئة | N-TET,منصة UAV للإضاءة الطارئة | N-TET,منصة UAV للإضاءة الطارئة,معدات ذات صلة | حالات ذات صلة | الأسئلة الشائعة حول الحل | اطلب الحل وعرض السعر | نظرة عامة | المواصفات الفنية | معدات ذات صلة | حالات ذات صلة | الأسئلة الشائعة حول الحل | اطلب الحل وعرض السعر | ????? ??? ???,true,true,true,false,true,1.134,保持当前本地化关键词落地
/ar/solutions/uav-maritime-emergency-rescue,ar,strong,100,إنقاذ بحري طارئ باستخدام UAV,إنقاذ بحري طارئ باستخدام UAV | N-TET,إنقاذ بحري طارئ باستخدام UAV | N-TET,إنقاذ بحري طارئ باستخدام UAV,إنقاذ بحري طارئ باستخدام UAV Workflow | المواصفات الفنية | معدات ذات صلة | الأسئلة الشائعة حول الحل | اطلب الحل وعرض السعر | نظرة عامة | المواصفات الفنية | معدات ذات صلة | الأسئلة الشائعة حول الحل | اطلب الحل وعرض السعر | ????? ??? ???,true,true,true,true,true,1.232,保持当前本地化关键词落地
/ar/solutions/uav-maritime-patrol,ar,strong,100,UAV للدوريات البحرية,UAV للدوريات البحرية | طائرة لمراقبة السواحل | UAV لدوريات الحدود | UAV لمراقبة الحدود,حل UAV للدوريات البحرية | N-TET,حل UAV للدوريات البحرية,سير عمل UAV للدوريات البحرية | كيف ترفع الطائرات بدون طيار كفاءة العمليات | وحدات الحل | معدات ذات صلة | حالات ذات صلة | الأسئلة الشائعة حول الحل | اطلب الحل وعرض السعر | نظرة عامة | احتياجات القطاع | كيف ترفع الطائرات بدون طيار كفاءة العمليات | وحدات الحل | معدات ذات صلة | حالات ذات صلة | الأسئلة الشائعة حول الحل | اطلب الحل وعرض السعر | ????? ??? ???,true,true,true,true,true,0.876,保持当前本地化关键词落地
/ar/solutions/urban-high-rise-firefighting-emergency-uav-solution,ar,strong,100,طائرة مكافحة الحرائق,طائرة مكافحة الحرائق | طائرة مكافحة حرائق | UAV لمكافحة حرائق المباني العالية | طائرة لإطفاء الحرائق | طائرات مكافحة حرائق,حل طائرة مكافحة الحرائق | N-TET,حل طائرة مكافحة الحرائق,سير عمل طائرة مكافحة الحرائق | كيف ترفع الطائرات بدون طيار كفاءة العمليات | وحدات الحل | معدات ذات صلة | حالات ذات صلة | الأسئلة الشائعة حول الحل | اطلب الحل وعرض السعر | نظرة عامة | احتياجات القطاع | كيف ترفع الطائرات بدون طيار كفاءة العمليات | وحدات الحل | معدات ذات صلة | حالات ذات صلة | الأسئلة الشائعة حول الحل | اطلب الحل وعرض السعر | ????? ??? ???,true,true,true,true,true,0.841,保持当前本地化关键词落地
/ar/solutions/water-conservancy-monitoring-uav-solution,ar,strong,85,طائرة UAV لمراقبة المياه,طائرة UAV لمراقبة المياه | N-TET,طائرة UAV لمراقبة المياه | N-TET,طائرة UAV لمراقبة المياه,معدات ذات صلة | حالات ذات صلة | الأسئلة الشائعة حول الحل | اطلب الحل وعرض السعر | نظرة عامة | المواصفات الفنية | معدات ذات صلة | حالات ذات صلة | الأسئلة الشائعة حول الحل | اطلب الحل وعرض السعر | ????? ??? ???,true,true,true,false,true,1.242,保持当前本地化关键词落地
/ar/solutions/water-conservancy-river-lake-uav-monitoring-solution,ar,strong,85,UAV لمراقبة الموارد المائية,UAV لمراقبة الموارد المائية | UAV لتفتيش السدود | مراقبة الأنهار والبحيرات باستخدام UAV | طائرة مراقبة الفيضانات,حل UAV لمراقبة الموارد المائية | N-TET,حل UAV لمراقبة الموارد المائية,سير عمل مراقبة الموارد المائية باستخدام UAV | كيف ترفع الطائرات بدون طيار كفاءة العمليات | وحدات الحل | معدات ذات صلة | حالات ذات صلة | الأسئلة الشائعة حول الحل | اطلب الحل وعرض السعر | نظرة عامة | احتياجات القطاع | كيف ترفع الطائرات بدون طيار كفاءة العمليات | وحدات الحل | معدات ذات صلة | حالات ذات صلة | الأسئلة الشائعة حول الحل | اطلب الحل وعرض السعر | ????? ??? ???,true,true,true,false,true,0.742,保持当前本地化关键词落地
/es,es,strong,85,sistemas UAV industriales,sistemas UAV industriales | monitoreo de baja altitud | dron de inspección UAV | UAV de emergencia | equipos de monitoreo aéreo,Sistemas UAV industriales y monitoreo de baja altitud | N-TET,Sistemas UAV industriales para operaciones de baja altitud,Nuestras soluciones | Centro de productos | UAV para monitoreo hídrico | Centro de casos | Acerca de nosotros | Últimas noticias | Nuestras soluciones | Centro de productos | Centro de casos | Acerca de nosotros | Últimas noticias,true,true,true,false,true,0.608,保持当前本地化关键词落地
/es/about,es,strong,85,integrador de sistemas UAV industriales,integrador de sistemas UAV industriales | proveedor de sistemas UAV | monitoreo de baja altitud | N-TET,Acerca de N-TET | Integrador de sistemas UAV industriales,Perfil de integrador de sistemas UAV industriales,Capacidades de integración de sistemas UAV industriales | Equipo de I+D | Perfil de la empresa | Equipo de I+D | Solicitar solución y cotización,true,true,true,false,true,1.161,保持当前本地化关键词落地
/es/accessories,es,strong,80,accesorios para drones,accesorios para drones | componentes UAV | gimbal UAV | motor UAV | enlace de datos UAV,Accesorios para drones y componentes UAV | N-TET,Accesorios para drones y componentes UAV,Accesorios para drones y componentes UAV para plataformas industriales | Controladores de vuelo | Motores UAV | Hélices UAV | Baterías UAV | Gimbals electro-ópticos | Motores UAV | Enlaces de datos UAV | Controles remotos UAV | FAQ de accesorios para drones | Solicitar solución y cotización,true,false,true,true,true,3.898,保持当前本地化关键词落地
/es/accessories/fc-bt1,es,strong,85,Batería de estado sólido para UAV FC-BT1,Batería de estado sólido para UAV FC-BT1 | drone accessories | UAV components | industrial UAV parts,Batería de estado sólido para UAV FC-BT1 | N-TET Drone Accessories,Batería de estado sólido para UAV FC-BT1,Batería de estado sólido para UAV FC-BT1 Technical Specifications | Solicitar solución y cotización | Resumen | Especificaciones técnicas | Solicitar solución y cotización | Paginas relacionadas,true,false,true,true,true,0.180,保持当前本地化关键词落地
/es/accessories/fc-bt2,es,strong,85,Batería de estado sólido para UAV FC-BT2,Batería de estado sólido para UAV FC-BT2 | drone accessories | UAV components | industrial UAV parts,Batería de estado sólido para UAV FC-BT2 | N-TET Drone Accessories,Batería de estado sólido para UAV FC-BT2,Batería de estado sólido para UAV FC-BT2 Technical Specifications | Solicitar solución y cotización | Resumen | Especificaciones técnicas | Solicitar solución y cotización | Paginas relacionadas,true,false,true,true,true,0.206,保持当前本地化关键词落地
/es/accessories/fc-bt3,es,strong,85,Batería de estado sólido de alto voltaje para UAV FC-BT3,Batería de estado sólido de alto voltaje para UAV FC-BT3 | drone accessories | UAV components | industrial UAV parts,Batería de estado sólido de alto voltaje para UAV FC-BT3 | N-TET Drone Accessories,Batería de estado sólido de alto voltaje para UAV FC-BT3,Batería de estado sólido de alto voltaje para UAV FC-BT3 Technical Specifications | Solicitar solución y cotización | Resumen | Especificaciones técnicas | Solicitar solución y cotización | Paginas relacionadas,true,false,true,true,true,0.199,保持当前本地化关键词落地
/es/accessories/fc-bt4,es,strong,85,Batería de estado sólido de alta energía para UAV FC-BT4,Batería de estado sólido de alta energía para UAV FC-BT4 | drone accessories | UAV components | industrial UAV parts,Batería de estado sólido de alta energía para UAV FC-BT4 | N-TET Drone Accessories,Batería de estado sólido de alta energía para UAV FC-BT4,Batería de estado sólido de alta energía para UAV FC-BT4 Technical Specifications | Solicitar solución y cotización | Resumen | Especificaciones técnicas | Solicitar solución y cotización | Paginas relacionadas,true,false,true,true,true,0.133,保持当前本地化关键词落地
/es/accessories/fc-btg,es,strong,85,Batería de estado sólido para formación UAV FC-BTG,Batería de estado sólido para formación UAV FC-BTG | drone accessories | UAV components | industrial UAV parts,Batería de estado sólido para formación UAV FC-BTG | N-TET Drone Accessories,Batería de estado sólido para formación UAV FC-BTG,Batería de estado sólido para formación UAV FC-BTG Technical Specifications | Solicitar solución y cotización | Resumen | Especificaciones técnicas | Solicitar solución y cotización | Paginas relacionadas,true,false,true,true,true,0.260,保持当前本地化关键词落地
/es/accessories/fc-c2d-propeller,es,strong,85,Hélice UAV FC-C2D,Hélice UAV FC-C2D | drone accessories | UAV components | industrial UAV parts,Hélice UAV FC-C2D | N-TET Drone Accessories,Hélice UAV FC-C2D,Hélice UAV FC-C2D Technical Specifications | Solicitar solución y cotización | Resumen | Especificaciones técnicas | Solicitar solución y cotización | Paginas relacionadas,true,false,true,true,true,0.328,保持当前本地化关键词落地
/es/accessories/fc-c2e-propeller,es,strong,85,Hélice UAV FC-C2E,Hélice UAV FC-C2E | drone accessories | UAV components | industrial UAV parts,Hélice UAV FC-C2E | N-TET Drone Accessories,Hélice UAV FC-C2E,Hélice UAV FC-C2E Technical Specifications | Solicitar solución y cotización | Resumen | Especificaciones técnicas | Solicitar solución y cotización | Paginas relacionadas,true,false,true,true,true,0.336,保持当前本地化关键词落地
/es/accessories/fc-c2t-propeller,es,strong,85,Hélice UAV FC-C2T,Hélice UAV FC-C2T | drone accessories | UAV components | industrial UAV parts,Hélice UAV FC-C2T | N-TET Drone Accessories,Hélice UAV FC-C2T,Hélice UAV FC-C2T Technical Specifications | Solicitar solución y cotización | Resumen | Especificaciones técnicas | Solicitar solución y cotización | Paginas relacionadas,true,false,true,true,true,0.330,保持当前本地化关键词落地
/es/accessories/fc-c2u-propeller,es,strong,85,Hélice UAV FC-C2U,Hélice UAV FC-C2U | drone accessories | UAV components | industrial UAV parts,Hélice UAV FC-C2U | N-TET Drone Accessories,Hélice UAV FC-C2U,Hélice UAV FC-C2U Technical Specifications | Solicitar solución y cotización | Resumen | Especificaciones técnicas | Solicitar solución y cotización | Paginas relacionadas,true,false,true,true,true,0.334,保持当前本地化关键词落地
/es/accessories/fc-c2ud-propeller,es,strong,85,Hélice UAV FC-C2UD,Hélice UAV FC-C2UD | drone accessories | UAV components | industrial UAV parts,Hélice UAV FC-C2UD | N-TET Drone Accessories,Hélice UAV FC-C2UD,Hélice UAV FC-C2UD Technical Specifications | Solicitar solución y cotización | Resumen | Especificaciones técnicas | Solicitar solución y cotización | Paginas relacionadas,true,false,true,true,true,0.321,保持当前本地化关键词落地
/es/accessories/fc-fdj-111,es,strong,100,Motor UAV FC-FDJ-111,Motor UAV FC-FDJ-111 | drone accessories | UAV components | industrial UAV parts,Motor UAV FC-FDJ-111 | N-TET Drone Accessories,Motor UAV FC-FDJ-111,Motor UAV FC-FDJ-111 Technical Specifications | Solicitar solución y cotización | Resumen | Especificaciones técnicas | Solicitar solución y cotización | Paginas relacionadas,true,true,true,true,true,0.507,保持当前本地化关键词落地
/es/accessories/fc-fdj-120,es,strong,100,Motor UAV FC-FDJ-120,Motor UAV FC-FDJ-120 | drone accessories | UAV components | industrial UAV parts,Motor UAV FC-FDJ-120 | N-TET Drone Accessories,Motor UAV FC-FDJ-120,Motor UAV FC-FDJ-120 Technical Specifications | Solicitar solución y cotización | Resumen | Especificaciones técnicas | Solicitar solución y cotización | Paginas relacionadas,true,true,true,true,true,0.513,保持当前本地化关键词落地
/es/accessories/fc-fdj-120hd,es,strong,100,Motor UAV FC-FDJ-120HD,Motor UAV FC-FDJ-120HD | drone accessories | UAV components | industrial UAV parts,Motor UAV FC-FDJ-120HD | N-TET Drone Accessories,Motor UAV FC-FDJ-120HD,Motor UAV FC-FDJ-120HD Technical Specifications | Solicitar solución y cotización | Resumen | Especificaciones técnicas | Solicitar solución y cotización | Paginas relacionadas,true,true,true,true,true,0.515,保持当前本地化关键词落地
/es/accessories/fc-fdj-170,es,strong,100,Motor UAV FC-FDJ-170,Motor UAV FC-FDJ-170 | drone accessories | UAV components | industrial UAV parts,Motor UAV FC-FDJ-170 | N-TET Drone Accessories,Motor UAV FC-FDJ-170,Motor UAV FC-FDJ-170 Technical Specifications | Solicitar solución y cotización | Resumen | Especificaciones técnicas | Solicitar solución y cotización | Paginas relacionadas,true,true,true,true,true,0.517,保持当前本地化关键词落地
/es/accessories/fc-fdj-200,es,strong,100,Motor UAV FC-FDJ-200,Motor UAV FC-FDJ-200 | drone accessories | UAV components | industrial UAV parts,Motor UAV FC-FDJ-200 | N-TET Drone Accessories,Motor UAV FC-FDJ-200,Motor UAV FC-FDJ-200 Technical Specifications | Solicitar solución y cotización | Resumen | Especificaciones técnicas | Solicitar solución y cotización | Paginas relacionadas,true,true,true,true,true,0.514,保持当前本地化关键词落地
/es/accessories/fc-fdj-222,es,strong,100,Motor UAV FC-FDJ-222,Motor UAV FC-FDJ-222 | drone accessories | UAV components | industrial UAV parts,Motor UAV FC-FDJ-222 | N-TET Drone Accessories,Motor UAV FC-FDJ-222,Motor UAV FC-FDJ-222 Technical Specifications | Solicitar solución y cotización | Resumen | Especificaciones técnicas | Solicitar solución y cotización | Paginas relacionadas,true,true,true,true,true,0.512,保持当前本地化关键词落地
/es/accessories/fc-fdj-430,es,strong,100,Motor UAV FC-FDJ-430,Motor UAV FC-FDJ-430 | drone accessories | UAV components | industrial UAV parts,Motor UAV FC-FDJ-430 | N-TET Drone Accessories,Motor UAV FC-FDJ-430,Motor UAV FC-FDJ-430 Technical Specifications | Solicitar solución y cotización | Resumen | Especificaciones técnicas | Solicitar solución y cotización | Paginas relacionadas,true,true,true,true,true,0.463,保持当前本地化关键词落地
/es/accessories/fc-fdj-55,es,strong,100,Motor UAV FC-FDJ-55,Motor UAV FC-FDJ-55 | drone accessories | UAV components | industrial UAV parts,Motor UAV FC-FDJ-55 | N-TET Drone Accessories,Motor UAV FC-FDJ-55,Motor UAV FC-FDJ-55 Technical Specifications | Solicitar solución y cotización | Resumen | Especificaciones técnicas | Solicitar solución y cotización | Paginas relacionadas,true,true,true,true,true,0.506,保持当前本地化关键词落地
/es/accessories/fc-fdj-60,es,strong,100,Motor UAV FC-FDJ-60,Motor UAV FC-FDJ-60 | drone accessories | UAV components | industrial UAV parts,Motor UAV FC-FDJ-60 | N-TET Drone Accessories,Motor UAV FC-FDJ-60,Motor UAV FC-FDJ-60 Technical Specifications | Solicitar solución y cotización | Resumen | Especificaciones técnicas | Solicitar solución y cotización | Paginas relacionadas,true,true,true,true,true,0.513,保持当前本地化关键词落地
/es/accessories/fc-fdj-61,es,strong,100,Motor UAV FC-FDJ-61,Motor UAV FC-FDJ-61 | drone accessories | UAV components | industrial UAV parts,Motor UAV FC-FDJ-61 | N-TET Drone Accessories,Motor UAV FC-FDJ-61,Motor UAV FC-FDJ-61 Technical Specifications | Solicitar solución y cotización | Resumen | Especificaciones técnicas | Solicitar solución y cotización | Paginas relacionadas,true,true,true,true,true,0.514,保持当前本地化关键词落地
/es/accessories/fc-fdj-70hd,es,strong,100,Motor UAV FC-FDJ-70HD,Motor UAV FC-FDJ-70HD | drone accessories | UAV components | industrial UAV parts,Motor UAV FC-FDJ-70HD | N-TET Drone Accessories,Motor UAV FC-FDJ-70HD,Motor UAV FC-FDJ-70HD Technical Specifications | Solicitar solución y cotización | Resumen | Especificaciones técnicas | Solicitar solución y cotización | Paginas relacionadas,true,true,true,true,true,0.515,保持当前本地化关键词落地
/es/accessories/fc-fdj-85,es,strong,100,Motor UAV FC-FDJ-85,Motor UAV FC-FDJ-85 | drone accessories | UAV components | industrial UAV parts,Motor UAV FC-FDJ-85 | N-TET Drone Accessories,Motor UAV FC-FDJ-85,Motor UAV FC-FDJ-85 Technical Specifications | Solicitar solución y cotización | Resumen | Especificaciones técnicas | Solicitar solución y cotización | Paginas relacionadas,true,true,true,true,true,0.514,保持当前本地化关键词落地
/es/accessories/fc-l10tr-three-light-gimbal,es,strong,100,FC-L10TR gimbal electro-optico,FC-L10TR gimbal electro-optico | drone accessories | UAV components | industrial UAV parts,FC-L10TR gimbal electro-optico | N-TET Drone Accessories,FC-L10TR gimbal electro-optico,FC-L10TR gimbal electro-optico Technical Specifications | Solicitar solución y cotización | Resumen | Especificaciones técnicas | Solicitar solución y cotización | Paginas relacionadas,true,true,true,true,true,0.320,保持当前本地化关键词落地
/es/accessories/fc-l40-smart-optical-pod,es,strong,100,FC-L40 gimbal electro-optico,FC-L40 gimbal electro-optico | drone accessories | UAV components | industrial UAV parts,FC-L40 gimbal electro-optico | N-TET Drone Accessories,FC-L40 gimbal electro-optico,FC-L40 gimbal electro-optico Technical Specifications | Solicitar solución y cotización | Resumen | Especificaciones técnicas | Solicitar solución y cotización | Paginas relacionadas,true,true,true,true,true,0.355,保持当前本地化关键词落地
/es/accessories/fc-l40t-dual-light-gimbal,es,strong,100,FC-L40T gimbal electro-optico,FC-L40T gimbal electro-optico | drone accessories | UAV components | industrial UAV parts,FC-L40T gimbal electro-optico | N-TET Drone Accessories,FC-L40T gimbal electro-optico,FC-L40T gimbal electro-optico Technical Specifications | Solicitar solución y cotización | Resumen | Especificaciones técnicas | Solicitar solución y cotización | Paginas relacionadas,true,true,true,true,true,0.331,保持当前本地化关键词落地
/es/accessories/fc-l40tr-smart-optical-pod,es,strong,100,FC-L40TR gimbal electro-optico,FC-L40TR gimbal electro-optico | drone accessories | UAV components | industrial UAV parts,FC-L40TR gimbal electro-optico | N-TET Drone Accessories,FC-L40TR gimbal electro-optico,FC-L40TR gimbal electro-optico Technical Specifications | Solicitar solución y cotización | Resumen | Especificaciones técnicas | Solicitar solución y cotización | Paginas relacionadas,true,true,true,true,true,0.321,保持当前本地化关键词落地
/es/accessories/fc-l50-smart-optical-pod,es,strong,100,FC-L50 gimbal electro-optico,FC-L50 gimbal electro-optico | drone accessories | UAV components | industrial UAV parts,FC-L50 gimbal electro-optico | N-TET Drone Accessories,FC-L50 gimbal electro-optico,FC-L50 gimbal electro-optico Technical Specifications | Solicitar solución y cotización | Resumen | Especificaciones técnicas | Solicitar solución y cotización | Paginas relacionadas,true,true,true,true,true,0.350,保持当前本地化关键词落地
/es/accessories/fc-ln100-dual-light-gimbal,es,strong,100,FC-LN100 gimbal electro-optico,FC-LN100 gimbal electro-optico | drone accessories | UAV components | industrial UAV parts,FC-LN100 gimbal electro-optico | N-TET Drone Accessories,FC-LN100 gimbal electro-optico,FC-LN100 gimbal electro-optico Technical Specifications | Solicitar solución y cotización | Resumen | Especificaciones técnicas | Solicitar solución y cotización | Paginas relacionadas,true,true,true,true,true,0.334,保持当前本地化关键词落地
/es/accessories/fc-ln95-dual-light-gimbal,es,strong,100,FC-LN95 gimbal electro-optico,FC-LN95 gimbal electro-optico | drone accessories | UAV components | industrial UAV parts,FC-LN95 gimbal electro-optico | N-TET Drone Accessories,FC-LN95 gimbal electro-optico,FC-LN95 gimbal electro-optico Technical Specifications | Solicitar solución y cotización | Resumen | Especificaciones técnicas | Solicitar solución y cotización | Paginas relacionadas,true,true,true,true,true,0.316,保持当前本地化关键词落地
/es/accessories/fc-max-5330,es,strong,100,Motor UAV FC-MAX 5330,Motor UAV FC-MAX 5330 | drone accessories | UAV components | industrial UAV parts,Motor UAV FC-MAX 5330 | N-TET Drone Accessories,Motor UAV FC-MAX 5330,Motor UAV FC-MAX 5330 Technical Specifications | Solicitar solución y cotización | Resumen | Especificaciones técnicas | Solicitar solución y cotización | Paginas relacionadas,true,true,true,true,true,0.156,保持当前本地化关键词落地
/es/accessories/fc-mesh-100,es,strong,85,FC-Mesh-100 enlace de datos UAV,FC-Mesh-100 enlace de datos UAV | drone accessories | UAV components | industrial UAV parts,FC-Mesh-100 enlace de datos UAV | N-TET Drone Accessories,FC-Mesh-100 enlace de datos UAV,FC-Mesh-100 enlace de datos UAV Technical Specifications | Solicitar solución y cotización | Resumen | Especificaciones técnicas | Solicitar solución y cotización | Paginas relacionadas,true,false,true,true,true,0.285,保持当前本地化关键词落地
/es/accessories/fc-mini-l10tr-smart-optical-pod,es,strong,100,FC-MiniL10TR gimbal electro-optico,FC-MiniL10TR gimbal electro-optico | drone accessories | UAV components | industrial UAV parts,FC-MiniL10TR gimbal electro-optico | N-TET Drone Accessories,FC-MiniL10TR gimbal electro-optico,FC-MiniL10TR gimbal electro-optico Technical Specifications | Solicitar solución y cotización | Resumen | Especificaciones técnicas | Solicitar solución y cotización | Paginas relacionadas,true,true,true,true,true,0.325,保持当前本地化关键词落地
/es/accessories/fc-pab-propeller,es,strong,85,Hélice UAV FC-PAB,Hélice UAV FC-PAB | drone accessories | UAV components | industrial UAV parts,Hélice UAV FC-PAB | N-TET Drone Accessories,Hélice UAV FC-PAB,Hélice UAV FC-PAB Technical Specifications | Solicitar solución y cotización | Resumen | Especificaciones técnicas | Solicitar solución y cotización | Paginas relacionadas,true,false,true,true,true,0.328,保持当前本地化关键词落地
/es/accessories/fc-pad-propeller,es,strong,85,Hélice UAV FC-PAD,Hélice UAV FC-PAD | drone accessories | UAV components | industrial UAV parts,Hélice UAV FC-PAD | N-TET Drone Accessories,Hélice UAV FC-PAD,Hélice UAV FC-PAD Technical Specifications | Solicitar solución y cotización | Resumen | Especificaciones técnicas | Solicitar solución y cotización | Paginas relacionadas,true,false,true,true,true,0.330,保持当前本地化关键词落地
/es/accessories/fc-pae-propeller,es,strong,85,Hélice UAV FC-PAE,Hélice UAV FC-PAE | drone accessories | UAV components | industrial UAV parts,Hélice UAV FC-PAE | N-TET Drone Accessories,Hélice UAV FC-PAE,Hélice UAV FC-PAE Technical Specifications | Solicitar solución y cotización | Resumen | Especificaciones técnicas | Solicitar solución y cotización | Paginas relacionadas,true,false,true,true,true,0.331,保持当前本地化关键词落地
/es/accessories/fc-pbf-propeller,es,strong,85,Hélice UAV FC-PBF,Hélice UAV FC-PBF | drone accessories | UAV components | industrial UAV parts,Hélice UAV FC-PBF | N-TET Drone Accessories,Hélice UAV FC-PBF,Hélice UAV FC-PBF Technical Specifications | Solicitar solución y cotización | Resumen | Especificaciones técnicas | Solicitar solución y cotización | Paginas relacionadas,true,false,true,true,true,0.342,保持当前本地化关键词落地
/es/accessories/fc-rm10x,es,strong,100,Motor UAV FC-RM10X,Motor UAV FC-RM10X | drone accessories | UAV components | industrial UAV parts,Motor UAV FC-RM10X | N-TET Drone Accessories,Motor UAV FC-RM10X,Motor UAV FC-RM10X Technical Specifications | Solicitar solución y cotización | Resumen | Especificaciones técnicas | Solicitar solución y cotización | Paginas relacionadas,true,true,true,true,true,0.338,保持当前本地化关键词落地
/es/accessories/fc-rm30,es,strong,100,Motor UAV FC-RM30,Motor UAV FC-RM30 | drone accessories | UAV components | industrial UAV parts,Motor UAV FC-RM30 | N-TET Drone Accessories,Motor UAV FC-RM30,Motor UAV FC-RM30 Technical Specifications | Solicitar solución y cotización | Resumen | Especificaciones técnicas | Solicitar solución y cotización | Paginas relacionadas,true,true,true,true,true,0.138,保持当前本地化关键词落地
/es/accessories/fc-sjl-100,es,strong,85,FC-SJL-100 enlace de datos UAV,FC-SJL-100 enlace de datos UAV | drone accessories | UAV components | industrial UAV parts,FC-SJL-100 enlace de datos UAV | N-TET Drone Accessories,FC-SJL-100 enlace de datos UAV,FC-SJL-100 enlace de datos UAV Technical Specifications | Solicitar solución y cotización | Resumen | Especificaciones técnicas | Solicitar solución y cotización | Paginas relacionadas,true,false,true,true,true,0.303,保持当前本地化关键词落地
/es/accessories/fc-sjl-200,es,strong,85,FC-SJL-200 enlace de datos UAV,FC-SJL-200 enlace de datos UAV | drone accessories | UAV components | industrial UAV parts,FC-SJL-200 enlace de datos UAV | N-TET Drone Accessories,FC-SJL-200 enlace de datos UAV,FC-SJL-200 enlace de datos UAV Technical Specifications | Solicitar solución y cotización | Resumen | Especificaciones técnicas | Solicitar solución y cotización | Paginas relacionadas,true,false,true,true,true,0.302,保持当前本地化关键词落地
/es/accessories/fc-sjl-30,es,strong,85,FC-SJL-30 enlace de datos UAV,FC-SJL-30 enlace de datos UAV | drone accessories | UAV components | industrial UAV parts,FC-SJL-30 enlace de datos UAV | N-TET Drone Accessories,FC-SJL-30 enlace de datos UAV,FC-SJL-30 enlace de datos UAV Technical Specifications | Solicitar solución y cotización | Resumen | Especificaciones técnicas | Solicitar solución y cotización | Paginas relacionadas,true,false,true,true,true,0.292,保持当前本地化关键词落地
/es/accessories/fc-sjl-380,es,strong,85,FC-SJL-380 enlace de datos UAV,FC-SJL-380 enlace de datos UAV | drone accessories | UAV components | industrial UAV parts,FC-SJL-380 enlace de datos UAV | N-TET Drone Accessories,FC-SJL-380 enlace de datos UAV,FC-SJL-380 enlace de datos UAV Technical Specifications | Solicitar solución y cotización | Resumen | Especificaciones técnicas | Solicitar solución y cotización | Paginas relacionadas,true,false,true,true,true,0.302,保持当前本地化关键词落地
/es/accessories/fc-sjl-50,es,strong,85,FC-SJL-50 enlace de datos UAV,FC-SJL-50 enlace de datos UAV | drone accessories | UAV components | industrial UAV parts,FC-SJL-50 enlace de datos UAV | N-TET Drone Accessories,FC-SJL-50 enlace de datos UAV,FC-SJL-50 enlace de datos UAV Technical Specifications | Solicitar solución y cotización | Resumen | Especificaciones técnicas | Solicitar solución y cotización | Paginas relacionadas,true,false,true,true,true,0.297,保持当前本地化关键词落地
/es/accessories/fc-u10-pro,es,strong,85,Controlador de vuelo FC-U10-PRO,Controlador de vuelo FC-U10-PRO | drone accessories | UAV components | industrial UAV parts,Controlador de vuelo FC-U10-PRO | N-TET Drone Accessories,Controlador de vuelo FC-U10-PRO,Controlador de vuelo FC-U10-PRO Technical Specifications | Solicitar solución y cotización | Resumen | Especificaciones técnicas | Solicitar solución y cotización | Paginas relacionadas,true,false,true,true,true,0.366,保持当前本地化关键词落地
/es/accessories/fc-u110,es,strong,100,Motor UAV FC-U110,Motor UAV FC-U110 | drone accessories | UAV components | industrial UAV parts,Motor UAV FC-U110 | N-TET Drone Accessories,Motor UAV FC-U110,Motor UAV FC-U110 Technical Specifications | Solicitar solución y cotización | Resumen | Especificaciones técnicas | Solicitar solución y cotización | Paginas relacionadas,true,true,true,true,true,0.145,保持当前本地化关键词落地
/es/accessories/fc-u12,es,strong,85,Controlador de vuelo FC-U12,Controlador de vuelo FC-U12 | drone accessories | UAV components | industrial UAV parts,Controlador de vuelo FC-U12 | N-TET Drone Accessories,Controlador de vuelo FC-U12,Controlador de vuelo FC-U12 Technical Specifications | Solicitar solución y cotización | Resumen | Especificaciones técnicas | Solicitar solución y cotización | Paginas relacionadas,true,false,true,true,true,0.376,保持当前本地化关键词落地
/es/accessories/fc-u8013,es,strong,100,Motor UAV FC-U8013,Motor UAV FC-U8013 | drone accessories | UAV components | industrial UAV parts,Motor UAV FC-U8013 | N-TET Drone Accessories,Motor UAV FC-U8013,Motor UAV FC-U8013 Technical Specifications | Solicitar solución y cotización | Resumen | Especificaciones técnicas | Solicitar solución y cotización | Paginas relacionadas,true,true,true,true,true,0.388,保持当前本地化关键词落地
/es/accessories/fc-u9-ag,es,strong,85,Controlador de vuelo agrícola FC-U9-AG,Controlador de vuelo agrícola FC-U9-AG | drone accessories | UAV components | industrial UAV parts,Controlador de vuelo agrícola FC-U9-AG | N-TET Drone Accessories,Controlador de vuelo agrícola FC-U9-AG,Controlador de vuelo agrícola FC-U9-AG Technical Specifications | Solicitar solución y cotización | Resumen | Especificaciones técnicas | Solicitar solución y cotización | Paginas relacionadas,true,false,true,true,true,0.353,保持当前本地化关键词落地
/es/accessories/fc-w2u-propeller,es,strong,85,Hélice UAV FC-W2U,Hélice UAV FC-W2U | drone accessories | UAV components | industrial UAV parts,Hélice UAV FC-W2U | N-TET Drone Accessories,Hélice UAV FC-W2U,Hélice UAV FC-W2U Technical Specifications | Solicitar solución y cotización | Resumen | Especificaciones técnicas | Solicitar solución y cotización | Paginas relacionadas,true,false,true,true,true,0.355,保持当前本地化关键词落地
/es/accessories/fc-x8030,es,strong,100,Motor UAV FC-X8030,Motor UAV FC-X8030 | drone accessories | UAV components | industrial UAV parts,Motor UAV FC-X8030 | N-TET Drone Accessories,Motor UAV FC-X8030,Motor UAV FC-X8030 Technical Specifications | Solicitar solución y cotización | Resumen | Especificaciones técnicas | Solicitar solución y cotización | Paginas relacionadas,true,true,true,true,true,0.172,保持当前本地化关键词落地
/es/accessories/fc-xh14,es,strong,100,Motor UAV FC-XH14,Motor UAV FC-XH14 | drone accessories | UAV components | industrial UAV parts,Motor UAV FC-XH14 | N-TET Drone Accessories,Motor UAV FC-XH14,Motor UAV FC-XH14 Technical Specifications | Solicitar solución y cotización | Resumen | Especificaciones técnicas | Solicitar solución y cotización | Paginas relacionadas,true,true,true,true,true,0.289,保持当前本地化关键词落地
/es/accessories/fc-yk15-remote-controller,es,strong,85,Control remoto para UAV FC-YK15,Control remoto para UAV FC-YK15 | drone accessories | UAV components | industrial UAV parts,Control remoto para UAV FC-YK15 | N-TET Drone Accessories,Control remoto para UAV FC-YK15,Control remoto para UAV FC-YK15 Technical Specifications | Solicitar solución y cotización | Resumen | Especificaciones técnicas | Solicitar solución y cotización | Paginas relacionadas,true,false,true,true,true,0.313,保持当前本地化关键词落地
/es/accessories/fc-yk24-remote-controller,es,strong,85,Control remoto para UAV FC-YK24,Control remoto para UAV FC-YK24 | drone accessories | UAV components | industrial UAV parts,Control remoto para UAV FC-YK24 | N-TET Drone Accessories,Control remoto para UAV FC-YK24,Control remoto para UAV FC-YK24 Technical Specifications | Solicitar solución y cotización | Resumen | Especificaciones técnicas | Solicitar solución y cotización | Paginas relacionadas,true,false,true,true,true,0.276,保持当前本地化关键词落地
/es/accessories/fc-yk32-remote-controller,es,strong,85,Control remoto para UAV FC-YK32,Control remoto para UAV FC-YK32 | drone accessories | UAV components | industrial UAV parts,Control remoto para UAV FC-YK32 | N-TET Drone Accessories,Control remoto para UAV FC-YK32,Control remoto para UAV FC-YK32 Technical Specifications | Solicitar solución y cotización | Resumen | Especificaciones técnicas | Solicitar solución y cotización | Paginas relacionadas,true,false,true,true,true,0.311,保持当前本地化关键词落地
/es/accessories/fc-ykrc7-remote-controller,es,strong,85,Control remoto para UAV FC-YKRC7,Control remoto para UAV FC-YKRC7 | drone accessories | UAV components | industrial UAV parts,Control remoto para UAV FC-YKRC7 | N-TET Drone Accessories,Control remoto para UAV FC-YKRC7,Control remoto para UAV FC-YKRC7 Technical Specifications | Solicitar solución y cotización | Resumen | Especificaciones técnicas | Solicitar solución y cotización | Paginas relacionadas,true,false,true,true,true,0.249,保持当前本地化关键词落地
/es/cases,es,strong,85,casos UAV,casos UAV | patrullaje UAV | monitoreo de baja altitud | inspección UAV,Casos de despliegue UAV | N-TET,Casos UAV de inspección y monitoreo,Casos UAV por región y escenario | Solicitar solución y cotización | Solicitar solución y cotización,false,true,true,true,true,0.622,保持当前本地化关键词落地
/es/cases/anhui-flood-season-uav-patrol,es,strong,100,Anhui Flood-Season emergencia UAV patrullaje,Anhui Flood-Season emergencia UAV patrullaje | N-TET,Anhui Flood-Season emergencia UAV patrullaje | N-TET,Anhui Flood-Season emergencia UAV patrullaje,Anhui Flood-Season emergencia UAV patrullaje Project Overview | Equipos relacionados | Solicitar solución y cotización | Resumen | Equipos relacionados | Solicitar solución y cotización | Paginas relacionadas,true,true,true,true,true,0.808,保持当前本地化关键词落地
/es/cases/brazil-refinery-low-altitude-monitoring,es,strong,100,Espacio aéreo monitoreo Case of a Refinery in Brazil,Espacio aéreo monitoreo Case of a Refinery in Brazil | N-TET,Espacio aéreo monitoreo Case of a Refinery in Brazil | N-TET,Espacio aéreo monitoreo Case of a Refinery in Brazil,Espacio aéreo monitoreo Case of a Refinery in Brazil Project Overview | Equipos relacionados | Solicitar solución y cotización | Resumen | Equipos relacionados | Solicitar solución y cotización | Paginas relacionadas,true,true,true,true,true,0.780,保持当前本地化关键词落地
/es/cases/ice-snow-emergency-uav-inspection,es,strong,100,Ice and Snow Disaster emergencia UAV inspección,Ice and Snow Disaster emergencia UAV inspección | N-TET,Ice and Snow Disaster emergencia UAV inspección | N-TET,Ice and Snow Disaster emergencia UAV inspección,Ice and Snow Disaster emergencia UAV inspección Project Overview | Equipos relacionados | Solicitar solución y cotización | Resumen | Equipos relacionados | Solicitar solución y cotización | Paginas relacionadas,true,true,true,true,true,0.798,保持当前本地化关键词落地
/es/cases/lidar-tree-obstruction-uav-inspection,es,strong,100,LiDAR Tree-Obstruction UAV inspección,LiDAR Tree-Obstruction UAV inspección | N-TET,LiDAR Tree-Obstruction UAV inspección | N-TET,LiDAR Tree-Obstruction UAV inspección,LiDAR Tree-Obstruction UAV inspección Project Overview | Equipos relacionados | Solicitar solución y cotización | Resumen | Equipos relacionados | Solicitar solución y cotización | Paginas relacionadas,true,true,true,true,true,0.814,保持当前本地化关键词落地
/es/cases/nigeria-factory-low-altitude-monitoring,es,strong,100,Espacio aéreo monitoreo Case of a Group Factory in Nigeria,Espacio aéreo monitoreo Case of a Group Factory in Nigeria | N-TET,Espacio aéreo monitoreo Case of a Group Factory in Nigeria | N-TET,Espacio aéreo monitoreo Case of a Group Factory in Nigeria,Espacio aéreo monitoreo Case of a Group Factory in Nigeria Project Overview | Equipos relacionados | Solicitar solución y cotización | Resumen | Equipos relacionados | Solicitar solución y cotización | Paginas relacionadas,true,true,true,true,true,0.777,保持当前本地化关键词落地
/es/cases/pakistan-power-plant-low-altitude-monitoring,es,strong,100,Espacio aéreo monitoreo Case of a eléctrica Plant in Pakistan,Espacio aéreo monitoreo Case of a eléctrica Plant in Pakistan | N-TET,Espacio aéreo monitoreo Case of a eléctrica Plant in Pakistan | N-TET,Espacio aéreo monitoreo Case of a eléctrica Plant in Pakistan,Espacio aéreo monitoreo Case of a eléctrica Plant in Pakistan Project Overview | Equipos relacionados | Solicitar solución y cotización | Resumen | Equipos relacionados | Solicitar solución y cotización | Paginas relacionadas,true,true,true,true,true,0.776,保持当前本地化关键词落地
/es/cases/southern-grid-wildfire-uav-inspection,es,strong,100,Southern red eléctrica Wildfire Prevention UAV inspección,Southern red eléctrica Wildfire Prevention UAV inspección | N-TET,Southern red eléctrica Wildfire Prevention UAV inspección | N-TET,Southern red eléctrica Wildfire Prevention UAV inspección,Southern red eléctrica Wildfire Prevention UAV inspección Project Overview | Equipos relacionados | Solicitar solución y cotización | Resumen | Equipos relacionados | Solicitar solución y cotización | Paginas relacionadas,true,true,true,true,true,0.799,保持当前本地化关键词落地
/es/cases/wildfire-emergency-transmission-line-uav-patrol,es,strong,100,Wildfire emergencia Transmission-línea UAV patrullaje,Wildfire emergencia Transmission-línea UAV patrullaje | N-TET,Wildfire emergencia Transmission-línea UAV patrullaje | N-TET,Wildfire emergencia Transmission-línea UAV patrullaje,Wildfire emergencia Transmission-línea UAV patrullaje Project Overview | Equipos relacionados | Solicitar solución y cotización | Resumen | Equipos relacionados | Solicitar solución y cotización | Paginas relacionadas,true,true,true,true,true,0.808,保持当前本地化关键词落地
/es/cases/zhaoqing-long-distance-power-line-uav-inspection,es,strong,100,Zhaoqing Long-Distance eléctrica-línea UAV inspección,Zhaoqing Long-Distance eléctrica-línea UAV inspección | N-TET,Zhaoqing Long-Distance eléctrica-línea UAV inspección | N-TET,Zhaoqing Long-Distance eléctrica-línea UAV inspección,Zhaoqing Long-Distance eléctrica-línea UAV inspección Project Overview | Equipos relacionados | Solicitar solución y cotización | Resumen | Equipos relacionados | Solicitar solución y cotización | Paginas relacionadas,true,true,true,true,true,0.808,保持当前本地化关键词落地
/es/contact,es,strong,85,cotización UAV industrial,cotización UAV industrial | proveedor UAV | solución de inspección con drones | monitoreo de baja altitud,Contacto N-TET | Sistemas UAV industriales y monitoreo,Cotización UAV industrial,Cotización UAV industrial y consulta de proyecto | Solicitar solución y cotización | Solicitar solución y cotización,false,true,true,true,true,0.441,保持当前本地化关键词落地
/es/media,es,strong,85,noticias UAV industriales,noticias UAV industriales | economía de baja altitud | UAV cautivo | monitoreo de infraestructura,Noticias sobre UAV industriales y monitoreo de baja altitud | N-TET,Noticias UAV industriales,Noticias UAV industriales y economía de baja altitud | Último | Solicitar solución y cotización | Solicitar solución y cotización,false,true,true,true,true,0.749,保持当前本地化关键词落地
/es/media/border-surveillance-uav-network-2026,es,strong,85,UAV and EO/IR Networks Improve remoto patrullaje Visibility,UAV and EO/IR Networks Improve remoto patrullaje Visibility | N-TET,UAV and EO/IR Networks Improve remoto patrullaje Visibility | N-TET,UAV and EO/IR Networks Improve remoto patrullaje Visibility,Revision editorial y senales de proyecto | Solicitar solución y cotización | Revision editorial y senales de proyecto | Solicitar solución y cotización | Paginas relacionadas,true,true,true,false,true,1.061,保持当前本地化关键词落地
/es/media/industrial-uav-redundancy-2026,es,strong,85,Dual-Redundant vuelo Control: How industrial UAV Achieve Mission-Grade Reliability,Dual-Redundant vuelo Control: How industrial UAV Achieve Mission-Grade Reliability | N-TET,Dual-Redundant vuelo Control: How industrial UAV Achieve Mission-Grade Reliability | N-TET,Dual-Redundant vuelo Control: How industrial UAV Achieve Mission-Grade Reliability,Revision editorial y senales de proyecto | Solicitar solución y cotización | Revision editorial y senales de proyecto | Solicitar solución y cotización | Paginas relacionadas,true,true,true,false,true,1.001,保持当前本地化关键词落地
/es/media/low-altitude-economy-2026-outlook,es,strong,85,China's baja altitud Economy: 2026 Outlook on a Two-Trillion-RMB Trajectory,China's baja altitud Economy: 2026 Outlook on a Two-Trillion-RMB Trajectory | N-TET,China's baja altitud Economy: 2026 Outlook on a Two-Trillion-RMB Trajectory | N-TET,China's baja altitud Economy: 2026 Outlook on a Two-Trillion-RMB Trajectory,Revision editorial y senales de proyecto | Solicitar solución y cotización | Revision editorial y senales de proyecto | Solicitar solución y cotización | Paginas relacionadas,true,true,true,false,true,0.994,保持当前本地化关键词落地
/es/media/power-line-inspection-drone-guide-2026,es,strong,85,Power Line Inspection Drone: UAV Workflows for Utility Corridors and Transmission Towers,Power Line Inspection Drone: UAV Workflows for Utility Corridors and Transmission Towers | N-TET,Power Line Inspection Drone: UAV Workflows for Utility Corridors and Transmission Towers | N-TET,Power Line Inspection Drone: UAV Workflows for Utility Corridors and Transmission Towers,"Revision editorial y senales de proyecto | What is a power line inspection drone? | Why utilities use drones for power line inspection | Power line drone inspection workflow | Which UAV platform fits each inspection task? | Payload selection: visible-light, thermal infrared, and LiDAR | What should a utility inspection report include? | N-TET system fit: corridor, tower, and substation inspection | Deployment checklist before procurement | FAQ | Solicitar solución y cotización | Revision editorial y senales de proyecto | What is a power line inspection drone? | Why utilities use drones for power line inspection | Power line drone inspection workflow | Which UAV platform fits each inspection task? | Payload selection: visible-light, thermal infrared, and LiDAR | What should a utility inspection report include? | N-TET system fit: corridor, tower, and substation inspection | Deployment checklist before procurement | FAQ | Solicitar solución y cotización | Paginas relacionadas",true,false,true,true,true,0.503,保持当前本地化关键词落地
/es/media/tethered-uav-persistent-surveillance-2026,es,strong,85,Cautivo UAV: Continuous Aerial monitoreo for Events and remoto Sites,Cautivo UAV: Continuous Aerial monitoreo for Events and remoto Sites | N-TET,Cautivo UAV: Continuous Aerial monitoreo for Events and remoto Sites | N-TET,Cautivo UAV: Continuous Aerial monitoreo for Events and remoto Sites,Revision editorial y senales de proyecto | Solicitar solución y cotización | Revision editorial y senales de proyecto | Solicitar solución y cotización | Paginas relacionadas,true,true,true,false,true,1.055,保持当前本地化关键词落地
/es/products,es,strong,100,sistemas UAV industriales,sistemas UAV industriales | dron de inspección | UAV cautivo | dron de emergencia | equipos de monitoreo de baja altitud,Sistemas UAV industriales y equipos de monitoreo | Productos N-TET,Sistemas UAV industriales y equipos de monitoreo,"Sistemas UAV industriales, equipos de monitoreo y ajuste al proyecto | Sistemas UAV y drones | Preguntas frecuentes de selección de productos | Solicitar solución y cotización",true,true,true,true,true,0.788,保持当前本地化关键词落地
/es/products/bailey-bridge,es,strong,100,Bailey Steel Bridge Overview,Bailey Steel Bridge Overview | engineering materials | Bailey steel bridge | infrastructure support equipment | N-TET,Bailey Steel Bridge Overview | N-TET,Bailey Steel Bridge Overview,Bailey Steel Bridge Overview Technical Specifications | Solicitar solución y cotización | Resumen | Especificaciones técnicas | Solicitar solución y cotización | Paginas relacionadas,true,true,true,true,true,1.731,保持当前本地化关键词落地
/es/products/composite-electro-optical-tracking-system,es,strong,100,Electro-Optical EO seguimiento sistema,Electro-Optical EO seguimiento sistema | low altitude monitoring equipment | drone detection equipment | airspace monitoring system | N-TET,Electro-Optical (EO) seguimiento sistema | N-TET,Electro-Optical EO seguimiento sistema,Electro-Optical EO seguimiento sistema Technical Specifications | Solicitar solución y cotización | Resumen | Especificaciones técnicas | Solicitar solución y cotización | Paginas relacionadas,true,true,true,true,true,0.534,保持当前本地化关键词落地
/es/products/containerized-medical-rescue-system,es,strong,100,Containerized Medical rescate sistema,Containerized Medical rescate sistema | field hospital system | containerized medical rescue system | emergency medical shelter | N-TET,Containerized Medical rescate sistema | N-TET,Containerized Medical rescate sistema,Containerized Medical rescate sistema Technical Specifications | Solicitar solución y cotización | Resumen | Especificaciones técnicas | Solicitar solución y cotización | Paginas relacionadas,true,true,true,true,true,1.057,保持当前本地化关键词落地
/es/products/emergency-search-rescue-drone,es,strong,100,thermal drones for search and rescue,thermal drones for search and rescue | search and rescue drone | search and rescue UAV | drone rescue | Emergencia búsqueda & rescate dron | industrial UAV systems | UAV inspection drone | emergency response UAV,Emergencia búsqueda & rescate dron | N-TET,Emergencia búsqueda & rescate dron,Emergencia búsqueda & rescate dron Technical Specifications | Solicitar solución y cotización | Resumen | Especificaciones técnicas | Solicitar solución y cotización | Paginas relacionadas,true,true,true,true,true,0.674,保持当前本地化关键词落地
/es/products/fbg-g15-fc06-explosion-containment-vessel,es,strong,100,Explosion Containment Vessel FBG-G1.5-FC06,Explosion Containment Vessel FBG-G1.5-FC06 | security screening equipment | X-ray baggage scanner | walk-through metal detector | N-TET,Explosion Containment Vessel FBG-G1.5-FC06 | N-TET,Explosion Containment Vessel FBG-G1.5-FC06,Explosion Containment Vessel FBG-G1.5-FC06 Technical Specifications | Solicitar solución y cotización | Resumen | Especificaciones técnicas | Solicitar solución y cotización | Paginas relacionadas,true,true,true,true,true,1.038,保持当前本地化关键词落地
/es/products/fbt-fc09-explosion-protection-blanket,es,strong,100,Explosion Protection Blanket FBT-FC09,Explosion Protection Blanket FBT-FC09 | security screening equipment | X-ray baggage scanner | walk-through metal detector | N-TET,Explosion Protection Blanket FBT-FC09 | N-TET,Explosion Protection Blanket FBT-FC09,Explosion Protection Blanket FBT-FC09 Technical Specifications | Solicitar solución y cotización | Resumen | Especificaciones técnicas | Solicitar solución y cotización | Paginas relacionadas,true,true,true,true,true,1.039,保持当前本地化关键词落地
/es/products/fc-3000-ferromagnetic-detection-column,es,strong,100,Intelligent Ferromagnetic detección sistema FC-3000,Intelligent Ferromagnetic detección sistema FC-3000 | security screening equipment | X-ray baggage scanner | walk-through metal detector | N-TET,Intelligent Ferromagnetic detección sistema FC-3000 | N-TET,Intelligent Ferromagnetic detección sistema FC-3000,Intelligent Ferromagnetic detección sistema FC-3000 Technical Specifications | Solicitar solución y cotización | Resumen | Especificaciones técnicas | Solicitar solución y cotización | Paginas relacionadas,true,true,true,true,true,0.961,保持当前本地化关键词落地
/es/products/fc-c-deluxe-walk-through-metal-detector,es,strong,100,Walk-Through Metal Detector FC-C Deluxe,Walk-Through Metal Detector FC-C Deluxe | security screening equipment | X-ray baggage scanner | walk-through metal detector | N-TET,Walk-Through Metal Detector FC-C (Deluxe) | N-TET,Walk-Through Metal Detector FC-C Deluxe,Walk-Through Metal Detector FC-C Deluxe Technical Specifications | Solicitar solución y cotización | Resumen | Especificaciones técnicas | Solicitar solución y cotización | Paginas relacionadas,true,true,true,true,true,1.163,保持当前本地化关键词落地
/es/products/fc-c-lcd-walk-through-metal-detector,es,strong,100,Walk-Through Metal Detector FC-C LCD,Walk-Through Metal Detector FC-C LCD | 12-Zone | security screening equipment | X-ray baggage scanner | walk-through metal detector | N-TET,"Walk-Through Metal Detector FC-C (LCD, 12-Zone) | N-TET","Walk-Through Metal Detector FC-C LCD, 12-Zone","Walk-Through Metal Detector FC-C LCD, 12-Zone Technical Specifications | Solicitar solución y cotización | Resumen | Especificaciones técnicas | Solicitar solución y cotización | Paginas relacionadas",true,true,true,true,true,1.786,保持当前本地化关键词落地
/es/products/fc-dlxj-01-power-grid-inspection-drone,es,strong,100,drone power line inspection,drone power line inspection | power line inspection drone | UAV power line inspection | utility inspection drone | Eléctrica red eléctrica inspección dron | industrial UAV systems | UAV inspection drone | emergency response UAV,Eléctrica red eléctrica inspección dron | N-TET,Eléctrica red eléctrica inspección dron,Eléctrica red eléctrica inspección dron Technical Specifications | Solicitar solución y cotización | Resumen | Especificaciones técnicas | Solicitar solución y cotización | Paginas relacionadas,true,true,true,true,true,0.665,保持当前本地化关键词落地
/es/products/fc-dma-long-range-optical-turntable,es,strong,100,FC-DMA Multi-Spectral EO/IR PTZ Turret,FC-DMA Multi-Spectral EO/IR PTZ Turret | perimeter intelligence | electro optical surveillance | radar vision fusion system | N-TET,FC-DMA Multi-Spectral EO/IR PTZ Turret | N-TET,FC-DMA Multi-Spectral EO/IR PTZ Turret,FC-DMA Multi-Spectral EO/IR PTZ Turret Technical Specifications | Solicitar solución y cotización | Resumen | Especificaciones técnicas | Solicitar solución y cotización | Paginas relacionadas,true,true,true,true,true,0.707,保持当前本地化关键词落地
/es/products/fc-dms10-smart-electronic-sentinel,es,strong,100,FC-DMS10 Series Smart Electronic Sentinel,FC-DMS10 Series Smart Electronic Sentinel | perimeter intelligence | electro optical surveillance | radar vision fusion system | N-TET,FC-DMS10 Series Smart Electronic Sentinel | N-TET,FC-DMS10 Series Smart Electronic Sentinel,FC-DMS10 Series Smart Electronic Sentinel Technical Specifications | Solicitar solución y cotización | Resumen | Especificaciones técnicas | Solicitar solución y cotización | Paginas relacionadas,true,true,true,true,true,0.849,保持当前本地化关键词落地
/es/products/fc-dtvc-dual-band-thermal-ptz,es,strong,100,FC-DTVC Series Dual-Band Thermal High-Speed Dome,FC-DTVC Series Dual-Band Thermal High-Speed Dome | perimeter intelligence | electro optical surveillance | radar vision fusion system | N-TET,FC-DTVC Series Dual-Band Thermal High-Speed Dome | N-TET,FC-DTVC Series Dual-Band Thermal High-Speed Dome,FC-DTVC Series Dual-Band Thermal High-Speed Dome Technical Specifications | Solicitar solución y cotización | Resumen | Especificaciones técnicas | Solicitar solución y cotización | Paginas relacionadas,true,true,true,true,true,0.778,保持当前本地化关键词落地
/es/products/fc-h-smart-phone-detection-gate,es,strong,100,Smart Phone detección Gate FC-H,Smart Phone detección Gate FC-H | security screening equipment | X-ray baggage scanner | walk-through metal detector | N-TET,Smart Phone detección Gate FC-H | N-TET,Smart Phone detección Gate FC-H,Smart Phone detección Gate FC-H Technical Specifications | Solicitar solución y cotización | Resumen | Especificaciones técnicas | Solicitar solución y cotización | Paginas relacionadas,true,true,true,true,true,0.840,保持当前本地化关键词落地
/es/products/fc-h-smart-phone-detection-gate-29in,es,strong,100,Smart Phone detección Gate FC-H 29-inch Display,Smart Phone detección Gate FC-H 29-inch Display | security screening equipment | X-ray baggage scanner | walk-through metal detector | N-TET,Smart Phone detección Gate FC-H (29-inch Display) | N-TET,Smart Phone detección Gate FC-H 29-inch Display,Smart Phone detección Gate FC-H 29-inch Display Technical Specifications | Solicitar solución y cotización | Resumen | Especificaciones técnicas | Solicitar solución y cotización | Paginas relacionadas,true,true,true,true,true,0.503,保持当前本地化关键词落地
/es/products/fc-pd500-personal-radiation-dose-alarm,es,strong,100,FC-PD500 X-γ Personal Radiation Dose Alarm,FC-PD500 X-γ Personal Radiation Dose Alarm | security screening equipment | X-ray baggage scanner | walk-through metal detector | N-TET,FC-PD500 X-γ Personal Radiation Dose Alarm | N-TET,FC-PD500 X-γ Personal Radiation Dose Alarm,FC-PD500 X-γ Personal Radiation Dose Alarm Technical Specifications | Solicitar solución y cotización | Resumen | Especificaciones técnicas | Solicitar solución y cotización | Paginas relacionadas,true,true,true,true,true,0.934,保持当前本地化关键词落地
/es/products/fc-rc-series-hd-laser-camera,es,strong,100,FC-RC Series HD Long-Range Laser Camera,FC-RC Series HD Long-Range Laser Camera | perimeter intelligence | electro optical surveillance | radar vision fusion system | N-TET,FC-RC Series HD Long-Range Laser Camera | N-TET,FC-RC Series HD Long-Range Laser Camera,FC-RC Series HD Long-Range Laser Camera Technical Specifications | Solicitar solución y cotización | Resumen | Especificaciones técnicas | Solicitar solución y cotización | Paginas relacionadas,true,true,true,true,true,0.791,保持当前本地化关键词落地
/es/products/fc-rds500-4r-radar-vision-sentinel,es,strong,100,FC-RDS500-4R Radar-Vision Fusion sistema,FC-RDS500-4R Radar-Vision Fusion sistema | perimeter intelligence | electro optical surveillance | radar vision fusion system | N-TET,FC-RDS500-4R Radar-Vision Fusion sistema | N-TET,FC-RDS500-4R Radar-Vision Fusion sistema,FC-RDS500-4R Radar-Vision Fusion sistema Technical Specifications | Solicitar solución y cotización | Resumen | Especificaciones técnicas | Solicitar solución y cotización | Paginas relacionadas,true,true,true,true,true,0.778,保持当前本地化关键词落地
/es/products/fc-sljc-01-water-conservancy-monitoring-drone,es,strong,100,water conservancy monitoring UAV,water conservancy monitoring UAV | dam inspection UAV | river lake UAV monitoring | flood monitoring drone | Gestión hídrica monitoreo UAV | industrial UAV systems | UAV inspection drone | emergency response UAV,Gestión hídrica monitoreo UAV | N-TET,Gestión hídrica monitoreo UAV,Gestión hídrica monitoreo UAV Technical Specifications | Solicitar solución y cotización | Resumen | Especificaciones técnicas | Solicitar solución y cotización | Paginas relacionadas,true,true,true,true,true,0.676,保持当前本地化关键词落地
/es/products/fc-smart-swing-turnstile,es,strong,100,Deluxe Smart Swing Turnstile,Deluxe Smart Swing Turnstile | security screening equipment | X-ray baggage scanner | walk-through metal detector | N-TET,Deluxe Smart Swing Turnstile | N-TET,Deluxe Smart Swing Turnstile,Deluxe Smart Swing Turnstile Technical Specifications | Solicitar solución y cotización | Resumen | Especificaciones técnicas | Solicitar solución y cotización | Paginas relacionadas,true,true,true,true,true,0.995,保持当前本地化关键词落地
/es/products/fc-ttvc-intelligent-multi-band-camera,es,strong,100,FC-TTVC Series Intelligent Multi-Band Camera,FC-TTVC Series Intelligent Multi-Band Camera | perimeter intelligence | electro optical surveillance | radar vision fusion system | N-TET,FC-TTVC Series Intelligent Multi-Band Camera | N-TET,FC-TTVC Series Intelligent Multi-Band Camera,FC-TTVC Series Intelligent Multi-Band Camera Technical Specifications | Solicitar solución y cotización | Resumen | Especificaciones técnicas | Solicitar solución y cotización | Paginas relacionadas,true,true,true,true,true,0.911,保持当前本地化关键词落地
/es/products/fc-yjtx-01-emergency-communication-drone,es,strong,100,emergency communication UAV,emergency communication UAV | disaster response communication drone | tethered communication UAV | public safety UAV communications | Emergencia comunicación cautivo UAV | industrial UAV systems | UAV inspection drone | emergency response UAV,Emergencia comunicación cautivo UAV | N-TET,Emergencia comunicación cautivo UAV,Emergencia comunicación cautivo UAV Technical Specifications | Solicitar solución y cotización | Resumen | Especificaciones técnicas | Solicitar solución y cotización | Paginas relacionadas,true,true,true,true,true,0.666,保持当前本地化关键词落地
/es/products/fc-yjxf-01-aerial-firefighting-drone,es,strong,100,firefighting drone,firefighting drone | drone fire fighting | drone for fire fighting | high-rise firefighting UAV | High-Rise apoyo contra incendios cautivo UAV | industrial UAV systems | UAV inspection drone | emergency response UAV,High-Rise apoyo contra incendios cautivo UAV | N-TET,High-Rise apoyo contra incendios cautivo UAV,High-Rise apoyo contra incendios cautivo UAV Technical Specifications | Solicitar solución y cotización | Resumen | Especificaciones técnicas | Solicitar solución y cotización | Paginas relacionadas,true,true,true,true,true,0.669,保持当前本地化关键词落地
/es/products/fc-yjzc-01-emergency-reconnaissance-drone,es,strong,100,search and rescue drone,search and rescue drone | drone rescue | emergency reconnaissance drone | disaster response UAV | Emergencia Response dron | industrial UAV systems | UAV inspection drone | emergency response UAV,Emergencia Response dron | N-TET,Emergencia Response dron,Emergencia Response dron Technical Specifications | Solicitar solución y cotización | Resumen | Especificaciones técnicas | Solicitar solución y cotización | Paginas relacionadas,true,true,true,true,true,0.674,保持当前本地化关键词落地
/es/products/fc-yjzm-01-emergency-lighting-drone,es,strong,100,drone lighting,drone lighting | UAV lighting | tethered lighting UAV | emergency lighting drone | Cautivo iluminación UAV | industrial UAV systems | UAV inspection drone | emergency response UAV,Cautivo iluminación UAV | N-TET,Cautivo iluminación UAV,Cautivo iluminación UAV Technical Specifications | Solicitar solución y cotización | Resumen | Especificaciones técnicas | Solicitar solución y cotización | Paginas relacionadas,true,true,true,true,true,0.678,保持当前本地化关键词落地
/es/products/fc-yqxj-01-utility-inspection-drone,es,strong,100,pipeline inspection drones,pipeline inspection drones | UAV pipeline inspection | oil and gas drone inspection | drone pipeline inspection | Oil & Gas Pipeline inspección dron | industrial UAV systems | UAV inspection drone | emergency response UAV,Oil & Gas Pipeline inspección dron | N-TET,Oil & Gas Pipeline inspección dron,Oil & Gas Pipeline inspección dron Technical Specifications | Solicitar solución y cotización | Resumen | Especificaciones técnicas | Solicitar solución y cotización | Paginas relacionadas,true,true,true,true,true,0.665,保持当前本地化关键词落地
/es/products/fc1500-handheld-liquid-detector,es,strong,100,Handheld Liquid Detector FC1500,Handheld Liquid Detector FC1500 | security screening equipment | X-ray baggage scanner | walk-through metal detector | N-TET,Handheld Liquid Detector FC1500 | N-TET,Handheld Liquid Detector FC1500,Handheld Liquid Detector FC1500 Technical Specifications | Solicitar solución y cotización | Resumen | Especificaciones técnicas | Solicitar solución y cotización | Paginas relacionadas,true,true,true,true,true,1.034,保持当前本地化关键词落地
/es/products/fc1500b-desktop-liquid-security-inspector,es,strong,100,Desktop Liquid seguridad Inspector FC1500B,Desktop Liquid seguridad Inspector FC1500B | security screening equipment | X-ray baggage scanner | walk-through metal detector | N-TET,Desktop Liquid seguridad Inspector FC1500B | N-TET,Desktop Liquid seguridad Inspector FC1500B,Desktop Liquid seguridad Inspector FC1500B Technical Specifications | Solicitar solución y cotización | Resumen | Especificaciones técnicas | Solicitar solución y cotización | Paginas relacionadas,true,true,true,true,true,1.004,保持当前本地化关键词落地
/es/products/fc1800b-portable-explosives-and-narcotics-detector,es,strong,100,Portable Explosives & Narcotics Detector FC1800B,Portable Explosives & Narcotics Detector FC1800B | security screening equipment | X-ray baggage scanner | walk-through metal detector | N-TET,Portable Explosives & Narcotics Detector FC1800B | N-TET,Portable Explosives & Narcotics Detector FC1800B,Portable Explosives & Narcotics Detector FC1800B Technical Specifications | Solicitar solución y cotización | Resumen | Especificaciones técnicas | Solicitar solución y cotización | Paginas relacionadas,true,true,true,true,true,1.030,保持当前本地化关键词落地
/es/products/fc1800t-desktop-explosives-narcotics-detector,es,strong,100,Desktop Explosives & Narcotics Detector FC1800T,Desktop Explosives & Narcotics Detector FC1800T | security screening equipment | X-ray baggage scanner | walk-through metal detector | N-TET,Desktop Explosives & Narcotics Detector FC1800T | N-TET,Desktop Explosives & Narcotics Detector FC1800T,Desktop Explosives & Narcotics Detector FC1800T Technical Specifications | Solicitar solución y cotización | Resumen | Especificaciones técnicas | Solicitar solución y cotización | Paginas relacionadas,true,true,true,true,true,1.013,保持当前本地化关键词落地
/es/products/fc2088-handheld-metal-detector,es,strong,100,Handheld Metal Detector FC2088,Handheld Metal Detector FC2088 | security screening equipment | X-ray baggage scanner | walk-through metal detector | N-TET,Handheld Metal Detector FC2088 | N-TET,Handheld Metal Detector FC2088,Handheld Metal Detector FC2088 Technical Specifications | Solicitar solución y cotización | Resumen | Especificaciones técnicas | Solicitar solución y cotización | Paginas relacionadas,true,true,true,true,true,1.038,保持当前本地化关键词落地
/es/products/fc4028-neutron-ambient-dose-rate-meter,es,strong,100,FC4028 Neutron Ambient Dose Equivalent Rate Meter,FC4028 Neutron Ambient Dose Equivalent Rate Meter | security screening equipment | X-ray baggage scanner | walk-through metal detector | N-TET,FC4028 Neutron Ambient Dose Equivalent (Rate) Meter | N-TET,FC4028 Neutron Ambient Dose Equivalent Rate Meter,FC4028 Neutron Ambient Dose Equivalent Rate Meter Technical Specifications | Solicitar solución y cotización | Resumen | Especificaciones técnicas | Solicitar solución y cotización | Paginas relacionadas,true,true,true,true,true,0.425,保持当前本地化关键词落地
/es/products/fc5030-compact-x-ray-baggage-scanner,es,strong,100,X-Ray Baggage Scanner FC5030,X-Ray Baggage Scanner FC5030 | security screening equipment | X-ray baggage scanner | walk-through metal detector | N-TET,X-Ray Baggage Scanner FC5030 | N-TET,X-Ray Baggage Scanner FC5030,X-Ray Baggage Scanner FC5030 Technical Specifications | Solicitar solución y cotización | Resumen | Especificaciones técnicas | Solicitar solución y cotización | Paginas relacionadas,true,true,true,true,true,1.673,保持当前本地化关键词落地
/es/products/fc6550-standard-x-ray-baggage-scanner,es,strong,100,X-Ray Baggage Scanner FC6550,X-Ray Baggage Scanner FC6550 | security screening equipment | X-ray baggage scanner | walk-through metal detector | N-TET,X-Ray Baggage Scanner FC6550 | N-TET,X-Ray Baggage Scanner FC6550,X-Ray Baggage Scanner FC6550 Technical Specifications | Solicitar solución y cotización | Resumen | Especificaciones técnicas | Solicitar solución y cotización | Paginas relacionadas,true,true,true,true,true,1.649,保持当前本地化关键词落地
/es/products/fc6550d-dual-view-baggage-scanner,es,strong,100,Dual-View X-Ray Baggage Scanner FC6550D,Dual-View X-Ray Baggage Scanner FC6550D | security screening equipment | X-ray baggage scanner | walk-through metal detector | N-TET,Dual-View X-Ray Baggage Scanner FC6550D | N-TET,Dual-View X-Ray Baggage Scanner FC6550D,Dual-View X-Ray Baggage Scanner FC6550D Technical Specifications | Solicitar solución y cotización | Resumen | Especificaciones técnicas | Solicitar solución y cotización | Paginas relacionadas,true,true,true,true,true,1.662,保持当前本地化关键词落地
/es/products/fc902-personal-radiation-dose-alarm,es,strong,100,X-γ Radiation Dose Alarm FC902,X-γ Radiation Dose Alarm FC902 | security screening equipment | X-ray baggage scanner | walk-through metal detector | N-TET,X-γ Radiation Dose Alarm FC902 | N-TET,X-γ Radiation Dose Alarm FC902,X-γ Radiation Dose Alarm FC902 Technical Specifications | Solicitar solución y cotización | Resumen | Especificaciones técnicas | Solicitar solución y cotización | Paginas relacionadas,true,true,true,true,true,0.927,保持当前本地化关键词落地
/es/products/handheld-rf-detection-system-mini,es,strong,100,Handheld RF detección sistema,Handheld RF detección sistema | low altitude monitoring equipment | drone detection equipment | airspace monitoring system | N-TET,Handheld RF detección sistema | N-TET,Handheld RF detección sistema,Handheld RF detección sistema Technical Specifications | Solicitar solución y cotización | Resumen | Especificaciones técnicas | Solicitar solución y cotización | Paginas relacionadas,true,true,true,true,true,1.010,保持当前本地化关键词落地
/es/products/intelligent-mobile-cabin-hospital,es,strong,100,Intelligent Mobile Cabin Hospital,Intelligent Mobile Cabin Hospital | field hospital system | containerized medical rescue system | emergency medical shelter | N-TET,Intelligent Mobile Cabin Hospital | N-TET,Intelligent Mobile Cabin Hospital,Intelligent Mobile Cabin Hospital Technical Specifications | Solicitar solución y cotización | Resumen | Especificaciones técnicas | Solicitar solución y cotización | Paginas relacionadas,true,true,true,true,true,1.072,保持当前本地化关键词落地
/es/products/low-altitude-3d-pulse-doppler-radar,es,strong,100,Baja altitud detección Radar X-Band,Baja altitud detección Radar X-Band | low altitude monitoring equipment | drone detection equipment | airspace monitoring system | N-TET,Baja altitud detección Radar (X-Band) | N-TET,Baja altitud detección Radar X-Band,Baja altitud detección Radar X-Band Technical Specifications | Solicitar solución y cotización | Resumen | Especificaciones técnicas | Solicitar solución y cotización | Paginas relacionadas,true,true,true,true,true,0.537,保持当前本地化关键词落地
/es/products/low-altitude-detection-radar-ku-band,es,strong,100,Baja altitud detección Radar Ku-Band,Baja altitud detección Radar Ku-Band | low altitude monitoring equipment | drone detection equipment | airspace monitoring system | N-TET,Baja altitud detección Radar (Ku-Band) | N-TET,Baja altitud detección Radar Ku-Band,Baja altitud detección Radar Ku-Band Technical Specifications | Solicitar solución y cotización | Resumen | Especificaciones técnicas | Solicitar solución y cotización | Paginas relacionadas,true,true,true,true,true,0.544,保持当前本地化关键词落地
/es/products/multi-rotor-20kg-payload-uav,es,strong,100,20kg carga útil multirrotor UAV,20kg carga útil multirrotor UAV | industrial UAV systems | UAV inspection drone | emergency response UAV | N-TET,20kg carga útil multirrotor UAV | N-TET,20kg carga útil multirrotor UAV,20kg carga útil multirrotor UAV Technical Specifications | Solicitar solución y cotización | Resumen | Especificaciones técnicas | Solicitar solución y cotización | Paginas relacionadas,true,true,true,true,true,1.025,保持当前本地化关键词落地
/es/products/multi-rotor-3kg-payload-uav,es,strong,100,3kg carga útil multirrotor UAV,3kg carga útil multirrotor UAV | industrial UAV systems | UAV inspection drone | emergency response UAV | N-TET,3kg carga útil multirrotor UAV | N-TET,3kg carga útil multirrotor UAV,3kg carga útil multirrotor UAV Technical Specifications | Solicitar solución y cotización | Resumen | Especificaciones técnicas | Solicitar solución y cotización | Paginas relacionadas,true,true,true,true,true,1.028,保持当前本地化关键词落地
/es/products/multi-rotor-50kg-payload-uav,es,strong,100,50kg carga útil multirrotor UAV,50kg carga útil multirrotor UAV | industrial UAV systems | UAV inspection drone | emergency response UAV | N-TET,50kg carga útil multirrotor UAV | N-TET,50kg carga útil multirrotor UAV,50kg carga útil multirrotor UAV Technical Specifications | Solicitar solución y cotización | Resumen | Especificaciones técnicas | Solicitar solución y cotización | Paginas relacionadas,true,true,true,true,true,1.023,保持当前本地化关键词落地
/es/products/multi-rotor-8kg-payload-uav,es,strong,100,8kg carga útil multirrotor UAV,8kg carga útil multirrotor UAV | industrial UAV systems | UAV inspection drone | emergency response UAV | N-TET,8kg carga útil multirrotor UAV | N-TET,8kg carga útil multirrotor UAV,8kg carga útil multirrotor UAV Technical Specifications | Solicitar solución y cotización | Resumen | Especificaciones técnicas | Solicitar solución y cotización | Paginas relacionadas,true,true,true,true,true,1.032,保持当前本地化关键词落地
/es/products/portable-rf-detection-case,es,strong,100,Hand-carried RF detección sistema,Hand-carried RF detección sistema | low altitude monitoring equipment | drone detection equipment | airspace monitoring system | N-TET,Hand-carried RF detección sistema | N-TET,Hand-carried RF detección sistema,Hand-carried RF detección sistema Technical Specifications | Solicitar solución y cotización | Resumen | Especificaciones técnicas | Solicitar solución y cotización | Paginas relacionadas,true,true,true,true,true,1.065,保持当前本地化关键词落地
/es/products/power-tower-inspection-drone,es,strong,100,drone power line inspection,drone power line inspection | power line inspection drone | drones for utility inspection | transmission tower inspection UAV | Eléctrica Tower inspección UAV | industrial UAV systems | UAV inspection drone | emergency response UAV,Eléctrica Tower inspección UAV | N-TET,Eléctrica Tower inspección UAV,Eléctrica Tower inspección UAV Technical Specifications | Solicitar solución y cotización | Resumen | Especificaciones técnicas | Solicitar solución y cotización | Paginas relacionadas,true,true,true,true,true,0.643,保持当前本地化关键词落地
/es/products/smart-substation-autonomous-inspection-system,es,strong,100,smart substation autonomous inspection,smart substation autonomous inspection | substation inspection drone | power utility UAV inspection | autonomous UAV inspection | Smart subestación Autonomous UAV inspección sistema | industrial UAV systems | UAV inspection drone | emergency response UAV,Smart subestación Autonomous UAV inspección sistema | N-TET,Smart subestación Autonomous UAV inspección sistema,Smart subestación Autonomous UAV inspección sistema Technical Specifications | Solicitar solución y cotización | Resumen | Especificaciones técnicas | Solicitar solución y cotización | Paginas relacionadas,true,true,true,true,true,0.658,保持当前本地化关键词落地
/es/products/stationary-rf-detection-system,es,strong,100,Stationary RF detección sistema,Stationary RF detección sistema | low altitude monitoring equipment | drone detection equipment | airspace monitoring system | N-TET,Stationary RF detección sistema | N-TET,Stationary RF detección sistema,Stationary RF detección sistema Technical Specifications | Solicitar solución y cotización | Resumen | Especificaciones técnicas | Solicitar solución y cotización | Paginas relacionadas,true,true,true,true,true,1.040,保持当前本地化关键词落地
/es/products/uav-remote-id-monitoring-system,es,strong,100,UAV remoto ID monitoreo sistema,UAV remoto ID monitoreo sistema | low altitude monitoring equipment | drone detection equipment | airspace monitoring system | N-TET,UAV remoto ID monitoreo sistema | N-TET,UAV remoto ID monitoreo sistema,UAV remoto ID monitoreo sistema Technical Specifications | Solicitar solución y cotización | Resumen | Especificaciones técnicas | Solicitar solución y cotización | Paginas relacionadas,true,true,true,true,true,1.045,保持当前本地化关键词落地
/es/products/vtol-135kg-mtow-uav,es,strong,100,135kg MTOW VTOL ala fija UAV,135kg MTOW VTOL ala fija UAV | industrial UAV systems | UAV inspection drone | emergency response UAV | N-TET,135kg MTOW VTOL ala fija UAV | N-TET,135kg MTOW VTOL ala fija UAV,135kg MTOW VTOL ala fija UAV Technical Specifications | Solicitar solución y cotización | Resumen | Especificaciones técnicas | Solicitar solución y cotización | Paginas relacionadas,true,true,true,true,true,1.040,保持当前本地化关键词落地
/es/products/vtol-14kg-mtow-uav,es,strong,100,14kg MTOW VTOL ala fija UAV,14kg MTOW VTOL ala fija UAV | industrial UAV systems | UAV inspection drone | emergency response UAV | N-TET,14kg MTOW VTOL ala fija UAV | N-TET,14kg MTOW VTOL ala fija UAV,14kg MTOW VTOL ala fija UAV Technical Specifications | Solicitar solución y cotización | Resumen | Especificaciones técnicas | Solicitar solución y cotización | Paginas relacionadas,true,true,true,true,true,1.046,保持当前本地化关键词落地
/es/products/vtol-26kg-mtow-uav,es,strong,100,26kg MTOW VTOL ala fija UAV,26kg MTOW VTOL ala fija UAV | industrial UAV systems | UAV inspection drone | emergency response UAV | N-TET,26kg MTOW VTOL ala fija UAV | N-TET,26kg MTOW VTOL ala fija UAV,26kg MTOW VTOL ala fija UAV Technical Specifications | Solicitar solución y cotización | Resumen | Especificaciones técnicas | Solicitar solución y cotización | Paginas relacionadas,true,true,true,true,true,1.044,保持当前本地化关键词落地
/es/products/vtol-40kg-mtow-uav,es,strong,100,40kg MTOW VTOL ala fija UAV,40kg MTOW VTOL ala fija UAV | industrial UAV systems | UAV inspection drone | emergency response UAV | N-TET,40kg MTOW VTOL ala fija UAV | N-TET,40kg MTOW VTOL ala fija UAV,40kg MTOW VTOL ala fija UAV Technical Specifications | Solicitar solución y cotización | Resumen | Especificaciones técnicas | Solicitar solución y cotización | Paginas relacionadas,true,true,true,true,true,1.042,保持当前本地化关键词落地
/es/products/vtol-64kg-mtow-uav,es,strong,100,64kg MTOW VTOL ala fija UAV,64kg MTOW VTOL ala fija UAV | industrial UAV systems | UAV inspection drone | emergency response UAV | N-TET,64kg MTOW VTOL ala fija UAV | N-TET,64kg MTOW VTOL ala fija UAV,64kg MTOW VTOL ala fija UAV Technical Specifications | Solicitar solución y cotización | Resumen | Especificaciones técnicas | Solicitar solución y cotización | Paginas relacionadas,true,true,true,true,true,1.051,保持当前本地化关键词落地
/es/solutions,es,partial,65,soluciones UAV,soluciones UAV | dron de búsqueda y rescate | dron contra incendios | inspección de líneas eléctricas con UAV,Soluciones UAV industriales | N-TET,Soluciones de inspección UAV,Soluciones de inspección UAV para equipos industriales | Inspección y patrullaje UAV | Respuesta de emergencia UAV | Protección de infraestructura crítica | Seguridad de áreas clave | Solicitar solución y cotización | Inspección y patrullaje UAV | Respuesta de emergencia UAV | Protección de infraestructura crítica | Seguridad de áreas clave | Solicitar solución y cotización,true,true,false,false,true,0.337,优先把主关键词写入 H1
/es/solutions/airport-low-altitude-monitoring,es,strong,100,Aeropuerto espacio aéreo monitoreo Application,Aeropuerto espacio aéreo monitoreo Application | N-TET,Aeropuerto espacio aéreo monitoreo Application | N-TET,Aeropuerto espacio aéreo monitoreo Application,Aeropuerto espacio aéreo monitoreo Application Workflow | Especificaciones técnicas | Equipos relacionados | FAQ de la solucion | Solicitar solución y cotización | Resumen | Especificaciones técnicas | Equipos relacionados | FAQ de la solucion | Solicitar solución y cotización | Paginas relacionadas,true,true,true,true,true,1.483,保持当前本地化关键词落地
/es/solutions/airport-security-protection,es,strong,100,Aeropuerto seguridad Protection,Aeropuerto seguridad Protection | N-TET,Aeropuerto seguridad Protection | N-TET,Aeropuerto seguridad Protection,Aeropuerto seguridad Protection Workflow | Especificaciones técnicas | Equipos relacionados | FAQ de la solucion | Solicitar solución y cotización | Resumen | Especificaciones técnicas | Equipos relacionados | FAQ de la solucion | Solicitar solución y cotización | Paginas relacionadas,true,true,true,true,true,1.089,保持当前本地化关键词落地
/es/solutions/category/01_BorderPatrol,es,strong,100,UAV de patrullaje fronterizo,UAV de patrullaje fronterizo | UAV de patrullaje marítimo | dron de monitoreo costero | vigilancia marítima terrestre,Soluciones UAV de patrullaje fronterizo | N-TET,Soluciones UAV de patrullaje fronterizo,UAV de patrullaje fronterizo y monitoreo costero | Soluciones UAV industriales | Productos recomendados | FAQ de la solucion | Solicitar solución y cotización | Necesidades de la industria | Soluciones UAV industriales | Productos recomendados | Solicitar solución y cotización,true,true,true,true,true,0.723,保持当前本地化关键词落地
/es/solutions/category/02_InfrastructureProtection,es,strong,85,UAV de inspección de instalaciones industriales,UAV de inspección de instalaciones industriales | inspección con drones para petróleo y gas | drones de inspección de tuberías | monitoreo de plantas químicas,Soluciones UAV de inspección de instalaciones industriales | N-TET,Soluciones UAV de inspección de instalaciones industriales,Escenarios de inspección UAV de instalaciones industriales | Soluciones UAV industriales | Productos recomendados | FAQ de la solucion | Solicitar solución y cotización | Necesidades de la industria | Soluciones UAV industriales | Productos recomendados | Solicitar solución y cotización,true,true,true,false,true,0.624,保持当前本地化关键词落地
/es/solutions/category/03_KeyAreaSecurity,es,strong,100,monitoreo aéreo aeroportuario,monitoreo aéreo aeroportuario | monitoreo de seguridad para eventos | seguridad de áreas clave | equipos de monitoreo de baja altitud,Monitoreo aéreo aeroportuario y seguridad de áreas clave | N-TET,Monitoreo aéreo aeroportuario y seguridad de áreas clave,Escenarios de monitoreo aéreo aeroportuario | Soluciones UAV industriales | Productos recomendados | FAQ de la solucion | Solicitar solución y cotización | Necesidades de la industria | Soluciones UAV industriales | Productos recomendados | Solicitar solución y cotización,true,true,true,true,true,0.988,保持当前本地化关键词落地
/es/solutions/category/04_EmergencyRescue,es,strong,100,dron de búsqueda y rescate,dron de búsqueda y rescate | dron contra incendios | UAV de comunicación de emergencia | dron de iluminación,Soluciones de dron de búsqueda y rescate | N-TET,Soluciones de dron de búsqueda y rescate,Flujos de trabajo con dron de búsqueda y rescate | Soluciones UAV industriales | Productos recomendados | FAQ de la solucion | Solicitar solución y cotización | Necesidades de la industria | Soluciones UAV industriales | Productos recomendados | Solicitar solución y cotización,true,true,true,true,true,0.793,保持当前本地化关键词落地
/es/solutions/chemical-plant-protection,es,strong,100,drones de inspección de tuberías,drones de inspección de tuberías | monitoreo de plantas químicas | inspección de tuberías con UAV | inspección con drones para petróleo y gas,Drones de inspección de tuberías para monitoreo de plantas químicas | N-TET,Drones de inspección de tuberías para monitoreo de plantas químicas,Drones de inspección de tuberías y monitoreo de plantas | A Neutral Low-Altitude Risk Process for Chemical Sites | Módulos de la solución | Equipos relacionados | FAQ de la solucion | Solicitar solución y cotización | Resumen | Necesidades de la industria | A Neutral Low-Altitude Risk Process for Chemical Sites | Módulos de la solución | Equipos relacionados | FAQ de la solucion | Solicitar solución y cotización | Paginas relacionadas,true,true,true,true,true,0.847,保持当前本地化关键词落地
/es/solutions/disaster-site-search-rescue-reconnaissance-uav-solution,es,strong,100,dron de búsqueda y rescate,dron de búsqueda y rescate | drones térmicos para búsqueda y rescate | UAV de búsqueda y rescate | dron de rescate,Solución de dron de búsqueda y rescate | N-TET,Solución de dron de búsqueda y rescate,Flujo de trabajo de dron de búsqueda y rescate | How UAVs Upgrade Emergency Reconnaissance | Módulos de la solución | Equipos relacionados | Casos relacionados | FAQ de la solucion | Solicitar solución y cotización | Resumen | Necesidades de la industria | How UAVs Upgrade Emergency Reconnaissance | Módulos de la solución | Equipos relacionados | Casos relacionados | FAQ de la solucion | Solicitar solución y cotización | Paginas relacionadas,true,true,true,true,true,0.812,保持当前本地化关键词落地
/es/solutions/emergency-communication-uav,es,strong,100,Emergencia comunicación UAV,Emergencia comunicación UAV | N-TET,Emergencia comunicación UAV | N-TET,Emergencia comunicación UAV,Emergencia comunicación UAV Workflow | Especificaciones técnicas | Equipos relacionados | FAQ de la solucion | Solicitar solución y cotización | Resumen | Especificaciones técnicas | Equipos relacionados | FAQ de la solucion | Solicitar solución y cotización | Paginas relacionadas,true,true,true,true,true,1.336,保持当前本地化关键词落地
/es/solutions/emergency-communication-uav-solution,es,strong,85,Emergencia comunicación UAV solución,Emergencia comunicación UAV solución | N-TET,Emergencia comunicación UAV solución | N-TET,Emergencia comunicación UAV solución,Equipos relacionados | FAQ de la solucion | Solicitar solución y cotización | Resumen | Especificaciones técnicas | Equipos relacionados | FAQ de la solucion | Solicitar solución y cotización | Paginas relacionadas,true,true,true,false,true,1.134,保持当前本地化关键词落地
/es/solutions/emergency-lighting-uav,es,strong,100,Emergencia iluminación UAV,Emergencia iluminación UAV | N-TET,Emergencia iluminación UAV | N-TET,Emergencia iluminación UAV,Emergencia iluminación UAV Workflow | Especificaciones técnicas | Equipos relacionados | FAQ de la solucion | Solicitar solución y cotización | Resumen | Especificaciones técnicas | Equipos relacionados | FAQ de la solucion | Solicitar solución y cotización | Paginas relacionadas,true,true,true,true,true,1.345,保持当前本地化关键词落地
/es/solutions/emergency-reconnaissance-uav,es,strong,100,Emergencia reconocimiento UAV,Emergencia reconocimiento UAV | N-TET,Emergencia reconocimiento UAV | N-TET,Emergencia reconocimiento UAV,Emergencia reconocimiento UAV Workflow | Especificaciones técnicas | Equipos relacionados | FAQ de la solucion | Solicitar solución y cotización | Resumen | Especificaciones técnicas | Equipos relacionados | FAQ de la solucion | Solicitar solución y cotización | Paginas relacionadas,true,true,true,true,true,1.342,保持当前本地化关键词落地
/es/solutions/emergency-search-rescue-uav-solution,es,strong,85,Emergencia búsqueda & rescate UAV solución,Emergencia búsqueda & rescate UAV solución | N-TET,Emergencia búsqueda & rescate UAV solución | N-TET,Emergencia búsqueda & rescate UAV solución,Equipos relacionados | Casos relacionados | FAQ de la solucion | Solicitar solución y cotización | Resumen | Especificaciones técnicas | Equipos relacionados | Casos relacionados | FAQ de la solucion | Solicitar solución y cotización | Paginas relacionadas,true,true,true,false,true,1.108,保持当前本地化关键词落地
/es/solutions/high-rise-firefighting-uav-solution,es,strong,85,High-Rise apoyo contra incendios UAV solución,High-Rise apoyo contra incendios UAV solución | N-TET,High-Rise apoyo contra incendios UAV solución | N-TET,High-Rise apoyo contra incendios UAV solución,Equipos relacionados | FAQ de la solucion | Solicitar solución y cotización | Resumen | Especificaciones técnicas | Equipos relacionados | FAQ de la solucion | Solicitar solución y cotización | Paginas relacionadas,true,true,true,false,true,1.093,保持当前本地化关键词落地
/es/solutions/hydroelectric-dam-protection,es,strong,100,Presa hidroeléctrica Protection,Presa hidroeléctrica Protection | N-TET,Presa hidroeléctrica Protection | N-TET,Presa hidroeléctrica Protection,Presa hidroeléctrica Protection Workflow | Low-Altitude Security Workflow for Dam Operations | Módulos de la solución | Equipos relacionados | FAQ de la solucion | Solicitar solución y cotización | Resumen | Necesidades de la industria | Low-Altitude Security Workflow for Dam Operations | Módulos de la solución | Equipos relacionados | FAQ de la solucion | Solicitar solución y cotización | Paginas relacionadas,true,true,true,true,true,0.876,保持当前本地化关键词落地
/es/solutions/judicial-sector-security,es,strong,100,Sector judicial seguridad Protection,Sector judicial seguridad Protection | N-TET,Sector judicial seguridad Protection | N-TET,Sector judicial seguridad Protection,Sector judicial seguridad Protection Workflow | Especificaciones técnicas | Equipos relacionados | FAQ de la solucion | Solicitar solución y cotización | Resumen | Especificaciones técnicas | Equipos relacionados | FAQ de la solucion | Solicitar solución y cotización | Paginas relacionadas,true,true,true,true,true,0.978,保持当前本地化关键词落地
/es/solutions/land-based-maritime-surveillance,es,strong,100,Land-based marítimo vigilancia & Early Warning,Land-based marítimo vigilancia & Early Warning | N-TET,Land-based marítimo vigilancia & Early Warning | N-TET,Land-based marítimo vigilancia & Early Warning,Land-based marítimo vigilancia & Early Warning Workflow | Especificaciones técnicas | Equipos relacionados | FAQ de la solucion | Solicitar solución y cotización | Resumen | Especificaciones técnicas | Equipos relacionados | FAQ de la solucion | Solicitar solución y cotización | Paginas relacionadas,true,true,true,true,true,1.333,保持当前本地化关键词落地
/es/solutions/night-emergency-lighting-support-uav-solution,es,strong,85,UAV de iluminación cautivo,UAV de iluminación cautivo | dron de iluminación | sistema de iluminación UAV | dron de iluminación de emergencia,Solución UAV de iluminación cautivo | N-TET,Solución UAV de iluminación cautivo,Flujo de iluminación UAV cautivo | Cómo los UAV mejoran la eficiencia operativa | Módulos de la solución | Equipos relacionados | Casos relacionados | FAQ de la solucion | Solicitar solución y cotización | Resumen | Necesidades de la industria | Cómo los UAV mejoran la operación | Módulos de la solución | Equipos relacionados | Casos relacionados | FAQ de la solucion | Solicitar solución y cotización | Paginas relacionadas,true,true,true,false,true,0.856,保持当前本地化关键词落地
/es/solutions/oil-production-base-protection,es,strong,100,oil and gas drone inspection,oil and gas drone inspection | industrial facility inspection UAV | pipeline corridor inspection | oil production site monitoring,Oil and Gas Drone Inspection Solution | N-TET,Oil and Gas Drone Inspection Solution,Oil and Gas Drone Inspection Workflow | Layered Low-Altitude Protection for Oil Production Sites | Módulos de la solución | Equipos relacionados | FAQ de la solucion | Solicitar solución y cotización | Resumen | Necesidades de la industria | Layered Low-Altitude Protection for Oil Production Sites | Módulos de la solución | Equipos relacionados | FAQ de la solucion | Solicitar solución y cotización | Paginas relacionadas,true,true,true,true,true,0.731,保持当前本地化关键词落地
/es/solutions/post-disaster-emergency-communication-support-uav-solution,es,strong,100,UAV de comunicación de emergencia,UAV de comunicación de emergencia | dron de comunicación para respuesta a desastres | UAV de comunicación cautivo | comunicaciones UAV de seguridad pública,Solución UAV de comunicación de emergencia | N-TET,Solución UAV de comunicación de emergencia,Flujo UAV de comunicación de emergencia | Cómo los UAV mejoran la eficiencia operativa | Módulos de la solución | Equipos relacionados | Casos relacionados | FAQ de la solucion | Solicitar solución y cotización | Resumen | Necesidades de la industria | Cómo los UAV mejoran la operación | Módulos de la solución | Equipos relacionados | Casos relacionados | FAQ de la solucion | Solicitar solución y cotización | Paginas relacionadas,true,true,true,true,true,0.812,保持当前本地化关键词落地
/es/solutions/power-generation-facility-low-altitude-monitoring,es,strong,100,Eléctrica Generation Facility espacio aéreo monitoreo,Eléctrica Generation Facility espacio aéreo monitoreo | N-TET,Eléctrica Generation Facility espacio aéreo monitoreo | N-TET,Eléctrica Generation Facility espacio aéreo monitoreo,Eléctrica Generation Facility espacio aéreo monitoreo Workflow | Especificaciones técnicas | Equipos relacionados | FAQ de la solucion | Solicitar solución y cotización | Resumen | Especificaciones técnicas | Equipos relacionados | FAQ de la solucion | Solicitar solución y cotización | Paginas relacionadas,true,true,true,true,true,1.468,保持当前本地化关键词落地
/es/solutions/power-line-uav-intelligent-inspection-solution,es,strong,85,dron para inspección de líneas eléctricas,dron para inspección de líneas eléctricas | inspección de líneas eléctricas con UAV | dron de inspección de torres | dron de inspección de servicios públicos,Solución de dron para inspección de líneas eléctricas | N-TET,Solución de dron para inspección de líneas eléctricas,Flujo de inspección de líneas eléctricas con dron | Cómo los UAV mejoran la eficiencia operativa | Módulos de la solución | FAQ de la solucion | Solicitar solución y cotización | Resumen | Necesidades de la industria | Cómo los UAV mejoran la operación | Módulos de la solución | FAQ de la solucion | Solicitar solución y cotización | Paginas relacionadas,true,true,true,false,true,0.704,保持当前本地化关键词落地
/es/solutions/power-tower-inspection-uav-solution,es,strong,85,Eléctrica Tower inspección UAV solución,Eléctrica Tower inspección UAV solución | N-TET,Eléctrica Tower inspección UAV solución | N-TET,Eléctrica Tower inspección UAV solución,Equipos relacionados | Casos relacionados | FAQ de la solucion | Solicitar solución y cotización | Resumen | Especificaciones técnicas | Equipos relacionados | Casos relacionados | FAQ de la solucion | Solicitar solución y cotización | Paginas relacionadas,true,true,true,false,true,1.105,保持当前本地化关键词落地
/es/solutions/smart-substation-autonomous-inspection-solution,es,strong,85,Smart subestación Autonomous UAV inspección solución,Smart subestación Autonomous UAV inspección solución | N-TET,Smart subestación Autonomous UAV inspección solución | N-TET,Smart subestación Autonomous UAV inspección solución,Equipos relacionados | Casos relacionados | FAQ de la solucion | Solicitar solución y cotización | Resumen | Especificaciones técnicas | Equipos relacionados | Casos relacionados | FAQ de la solucion | Solicitar solución y cotización | Paginas relacionadas,true,true,true,false,true,1.079,保持当前本地化关键词落地
/es/solutions/smart-substation-unattended-uav-inspection-solution,es,strong,100,inspección autónoma de subestaciones inteligentes,inspección autónoma de subestaciones inteligentes | dron de inspección de subestaciones | inspección UAV de servicios eléctricos | inspección autónoma UAV,Solución de inspección autónoma de subestaciones inteligentes | N-TET,Solución de inspección autónoma de subestaciones inteligentes,Flujo de inspección autónoma de subestaciones inteligentes | How UAVs Upgrade Substation Inspection | Módulos de la solución | Equipos relacionados | Casos relacionados | FAQ de la solucion | Solicitar solución y cotización | Resumen | Necesidades de la industria | How UAVs Upgrade Substation Inspection | Módulos de la solución | Equipos relacionados | Casos relacionados | FAQ de la solucion | Solicitar solución y cotización | Paginas relacionadas,true,true,true,true,true,0.804,保持当前本地化关键词落地
/es/solutions/sports-event-security,es,strong,100,Large evento deportivo seguridad Protection,Large evento deportivo seguridad Protection | N-TET,Large evento deportivo seguridad Protection | N-TET,Large evento deportivo seguridad Protection,Large evento deportivo seguridad Protection Workflow | How Integrated Monitoring and Screening Support Large Events | Módulos de la solución | Equipos relacionados | FAQ de la solucion | Solicitar solución y cotización | Resumen | Necesidades de la industria | How Integrated Monitoring and Screening Support Large Events | Módulos de la solución | Equipos relacionados | FAQ de la solucion | Solicitar solución y cotización | Paginas relacionadas,true,true,true,true,true,0.885,保持当前本地化关键词落地
/es/solutions/tethered-lighting-uav-solution,es,strong,85,Cautivo iluminación UAV solución,Cautivo iluminación UAV solución | N-TET,Cautivo iluminación UAV solución | N-TET,Cautivo iluminación UAV solución,Equipos relacionados | Casos relacionados | FAQ de la solucion | Solicitar solución y cotización | Resumen | Especificaciones técnicas | Equipos relacionados | Casos relacionados | FAQ de la solucion | Solicitar solución y cotización | Paginas relacionadas,true,true,true,false,true,1.109,保持当前本地化关键词落地
/es/solutions/uav-maritime-emergency-rescue,es,strong,100,UAV marítimo emergencia rescate,UAV marítimo emergencia rescate | N-TET,UAV marítimo emergencia rescate | N-TET,UAV marítimo emergencia rescate,UAV marítimo emergencia rescate Workflow | Especificaciones técnicas | Equipos relacionados | FAQ de la solucion | Solicitar solución y cotización | Resumen | Especificaciones técnicas | Equipos relacionados | FAQ de la solucion | Solicitar solución y cotización | Paginas relacionadas,true,true,true,true,true,1.327,保持当前本地化关键词落地
/es/solutions/uav-maritime-patrol,es,strong,100,UAV de patrullaje marítimo,UAV de patrullaje marítimo | dron de monitoreo costero | UAV de patrullaje fronterizo | UAV para patrullaje fronterizo,Solución UAV de patrullaje marítimo | N-TET,Solución UAV de patrullaje marítimo,Flujo UAV de patrullaje marítimo | Cómo los UAV mejoran la eficiencia operativa | Módulos de la solución | Equipos relacionados | Casos relacionados | FAQ de la solucion | Solicitar solución y cotización | Resumen | Necesidades de la industria | Cómo los UAV mejoran la operación | Módulos de la solución | Equipos relacionados | Casos relacionados | FAQ de la solucion | Solicitar solución y cotización | Paginas relacionadas,true,true,true,true,true,0.811,保持当前本地化关键词落地
/es/solutions/urban-high-rise-firefighting-emergency-uav-solution,es,strong,100,dron contra incendios,dron contra incendios | UAV contra incendios en edificios altos | dron para combatir incendios | drones contra incendios,Solución de dron contra incendios | N-TET,Solución de dron contra incendios,Flujo de trabajo con dron contra incendios | Cómo los UAV mejoran la eficiencia operativa | Módulos de la solución | Equipos relacionados | Casos relacionados | FAQ de la solucion | Solicitar solución y cotización | Resumen | Necesidades de la industria | Cómo los UAV mejoran la operación | Módulos de la solución | Equipos relacionados | Casos relacionados | FAQ de la solucion | Solicitar solución y cotización | Paginas relacionadas,true,true,true,true,true,0.751,保持当前本地化关键词落地
/es/solutions/water-conservancy-monitoring-uav-solution,es,strong,85,Gestión hídrica monitoreo UAV solución,Gestión hídrica monitoreo UAV solución | N-TET,Gestión hídrica monitoreo UAV solución | N-TET,Gestión hídrica monitoreo UAV solución,Equipos relacionados | Casos relacionados | FAQ de la solucion | Solicitar solución y cotización | Resumen | Especificaciones técnicas | Equipos relacionados | Casos relacionados | FAQ de la solucion | Solicitar solución y cotización | Paginas relacionadas,true,true,true,false,true,1.107,保持当前本地化关键词落地
/es/solutions/water-conservancy-river-lake-uav-monitoring-solution,es,strong,85,UAV de monitoreo de recursos hídricos,UAV de monitoreo de recursos hídricos | UAV de inspección de presas | monitoreo UAV de ríos y lagos | dron de monitoreo de inundaciones,Solución UAV de monitoreo de recursos hídricos | N-TET,Solución UAV de monitoreo de recursos hídricos,Flujo de monitoreo UAV de recursos hídricos | Cómo los UAV mejoran la eficiencia operativa | Módulos de la solución | Equipos relacionados | Casos relacionados | FAQ de la solucion | Solicitar solución y cotización | Resumen | Necesidades de la industria | Cómo los UAV mejoran la operación | Módulos de la solución | Equipos relacionados | Casos relacionados | FAQ de la solucion | Solicitar solución y cotización | Paginas relacionadas,true,true,true,false,true,0.670,保持当前本地化关键词落地
/ru,ru,strong,85,промышленные БПЛА,промышленные БПЛА | мониторинг низкой высоты | инспекционный БПЛА | аварийный БПЛА,Промышленные БПЛА для низковысотных операций | N-TET,Промышленные БПЛА для низковысотных операций,Решения | Продукты | Дрон для мониторинга водных ресурсов | Кейсы | О компании | Новости | Решения | Продукты | Кейсы | О компании | Новости,true,true,true,false,true,0.520,保持当前本地化关键词落地
/ru/about,ru,strong,85,интегратор промышленных систем БПЛА,интегратор промышленных систем БПЛА | поставщик систем БПЛА | поставщик решений для мониторинга низкой высоты | интегратор технологий безопасности,N-TET: интегратор промышленных систем БПЛА,N-TET: интегратор промышленных систем БПЛА,Возможности интеграции промышленных систем БПЛА | Команда R&D | Профиль компании | Команда R&D | Запросить решение и КП,true,true,true,false,true,0.444,保持当前本地化关键词落地
/ru/accessories,ru,strong,95,аксессуары для БПЛА,аксессуары для БПЛА | компоненты БПЛА | подвес БПЛА | двигатель БПЛА | канал передачи данных БПЛА,Аксессуары и компоненты БПЛА | N-TET,Аксессуары и компоненты БПЛА,Аксессуары для дронов и компоненты БПЛА для промышленных платформ | Полетные контроллеры | Электродвигатели БПЛА | Пропеллеры БПЛА | Аккумуляторы БПЛА | Электрооптические подвесы | Двигатели БПЛА | Каналы передачи данных БПЛА | Пульты управления БПЛА | FAQ по аксессуарам для дронов | Запросить решение и КП,true,true,true,true,true,4.341,保持当前本地化关键词落地
/ru/accessories/fc-bt1,ru,strong,85,Твердотельная батарея для БПЛА FC-BT1,Твердотельная батарея для БПЛА FC-BT1 | drone accessories | UAV components | industrial UAV parts,Твердотельная батарея для БПЛА FC-BT1 | N-TET Drone Accessories,Твердотельная батарея для БПЛА FC-BT1,Твердотельная батарея для БПЛА FC-BT1 Technical Specifications | Запросить решение и КП | Обзор | Технические характеристики | Запросить решение и КП | Связанные страницы,true,false,true,true,true,0.203,保持当前本地化关键词落地
/ru/accessories/fc-bt2,ru,strong,85,Твердотельная батарея для БПЛА FC-BT2,Твердотельная батарея для БПЛА FC-BT2 | drone accessories | UAV components | industrial UAV parts,Твердотельная батарея для БПЛА FC-BT2 | N-TET Drone Accessories,Твердотельная батарея для БПЛА FC-BT2,Твердотельная батарея для БПЛА FC-BT2 Technical Specifications | Запросить решение и КП | Обзор | Технические характеристики | Запросить решение и КП | Связанные страницы,true,false,true,true,true,0.233,保持当前本地化关键词落地
/ru/accessories/fc-bt3,ru,strong,85,Высоковольтная твердотельная батарея для БПЛА FC-BT3,Высоковольтная твердотельная батарея для БПЛА FC-BT3 | drone accessories | UAV components | industrial UAV parts,Высоковольтная твердотельная батарея для БПЛА FC-BT3 | N-TET Drone Accessories,Высоковольтная твердотельная батарея для БПЛА FC-BT3,Высоковольтная твердотельная батарея для БПЛА FC-BT3 Technical Specifications | Запросить решение и КП | Обзор | Технические характеристики | Запросить решение и КП | Связанные страницы,true,false,true,true,true,0.225,保持当前本地化关键词落地
/ru/accessories/fc-bt4,ru,strong,85,Высокоэнергетическая твердотельная батарея для БПЛА FC-BT4,Высокоэнергетическая твердотельная батарея для БПЛА FC-BT4 | drone accessories | UAV components | industrial UAV parts,Высокоэнергетическая твердотельная батарея для БПЛА FC-BT4 | N-TET Drone Accessories,Высокоэнергетическая твердотельная батарея для БПЛА FC-BT4,Высокоэнергетическая твердотельная батарея для БПЛА FC-BT4 Technical Specifications | Запросить решение и КП | Обзор | Технические характеристики | Запросить решение и КП | Связанные страницы,true,false,true,true,true,0.148,保持当前本地化关键词落地
/ru/accessories/fc-btg,ru,strong,85,Учебная твердотельная батарея для БПЛА FC-BTG,Учебная твердотельная батарея для БПЛА FC-BTG | drone accessories | UAV components | industrial UAV parts,Учебная твердотельная батарея для БПЛА FC-BTG | N-TET Drone Accessories,Учебная твердотельная батарея для БПЛА FC-BTG,Учебная твердотельная батарея для БПЛА FC-BTG Technical Specifications | Запросить решение и КП | Обзор | Технические характеристики | Запросить решение и КП | Связанные страницы,true,false,true,true,true,0.299,保持当前本地化关键词落地
/ru/accessories/fc-c2d-propeller,ru,strong,85,Пропеллер БПЛА FC-C2D,Пропеллер БПЛА FC-C2D | drone accessories | UAV components | industrial UAV parts,Пропеллер БПЛА FC-C2D | N-TET Drone Accessories,Пропеллер БПЛА FC-C2D,Пропеллер БПЛА FC-C2D Technical Specifications | Запросить решение и КП | Обзор | Технические характеристики | Запросить решение и КП | Связанные страницы,true,false,true,true,true,0.394,保持当前本地化关键词落地
/ru/accessories/fc-c2e-propeller,ru,strong,85,Пропеллер БПЛА FC-C2E,Пропеллер БПЛА FC-C2E | drone accessories | UAV components | industrial UAV parts,Пропеллер БПЛА FC-C2E | N-TET Drone Accessories,Пропеллер БПЛА FC-C2E,Пропеллер БПЛА FC-C2E Technical Specifications | Запросить решение и КП | Обзор | Технические характеристики | Запросить решение и КП | Связанные страницы,true,false,true,true,true,0.411,保持当前本地化关键词落地
/ru/accessories/fc-c2t-propeller,ru,strong,85,Пропеллер БПЛА FC-C2T,Пропеллер БПЛА FC-C2T | drone accessories | UAV components | industrial UAV parts,Пропеллер БПЛА FC-C2T | N-TET Drone Accessories,Пропеллер БПЛА FC-C2T,Пропеллер БПЛА FC-C2T Technical Specifications | Запросить решение и КП | Обзор | Технические характеристики | Запросить решение и КП | Связанные страницы,true,false,true,true,true,0.398,保持当前本地化关键词落地
/ru/accessories/fc-c2u-propeller,ru,strong,85,Пропеллер БПЛА FC-C2U,Пропеллер БПЛА FC-C2U | drone accessories | UAV components | industrial UAV parts,Пропеллер БПЛА FC-C2U | N-TET Drone Accessories,Пропеллер БПЛА FC-C2U,Пропеллер БПЛА FC-C2U Technical Specifications | Запросить решение и КП | Обзор | Технические характеристики | Запросить решение и КП | Связанные страницы,true,false,true,true,true,0.400,保持当前本地化关键词落地
/ru/accessories/fc-c2ud-propeller,ru,strong,85,Пропеллер БПЛА FC-C2UD,Пропеллер БПЛА FC-C2UD | drone accessories | UAV components | industrial UAV parts,Пропеллер БПЛА FC-C2UD | N-TET Drone Accessories,Пропеллер БПЛА FC-C2UD,Пропеллер БПЛА FC-C2UD Technical Specifications | Запросить решение и КП | Обзор | Технические характеристики | Запросить решение и КП | Связанные страницы,true,false,true,true,true,0.387,保持当前本地化关键词落地
/ru/accessories/fc-fdj-111,ru,strong,100,Двигатель БПЛА FC-FDJ-111,Двигатель БПЛА FC-FDJ-111 | drone accessories | UAV components | industrial UAV parts,Двигатель БПЛА FC-FDJ-111 | N-TET Drone Accessories,Двигатель БПЛА FC-FDJ-111,Двигатель БПЛА FC-FDJ-111 Technical Specifications | Запросить решение и КП | Обзор | Технические характеристики | Запросить решение и КП | Связанные страницы,true,true,true,true,true,0.617,保持当前本地化关键词落地
/ru/accessories/fc-fdj-120,ru,strong,100,Двигатель БПЛА FC-FDJ-120,Двигатель БПЛА FC-FDJ-120 | drone accessories | UAV components | industrial UAV parts,Двигатель БПЛА FC-FDJ-120 | N-TET Drone Accessories,Двигатель БПЛА FC-FDJ-120,Двигатель БПЛА FC-FDJ-120 Technical Specifications | Запросить решение и КП | Обзор | Технические характеристики | Запросить решение и КП | Связанные страницы,true,true,true,true,true,0.626,保持当前本地化关键词落地
/ru/accessories/fc-fdj-120hd,ru,strong,100,Двигатель БПЛА FC-FDJ-120HD,Двигатель БПЛА FC-FDJ-120HD | drone accessories | UAV components | industrial UAV parts,Двигатель БПЛА FC-FDJ-120HD | N-TET Drone Accessories,Двигатель БПЛА FC-FDJ-120HD,Двигатель БПЛА FC-FDJ-120HD Technical Specifications | Запросить решение и КП | Обзор | Технические характеристики | Запросить решение и КП | Связанные страницы,true,true,true,true,true,0.645,保持当前本地化关键词落地
/ru/accessories/fc-fdj-170,ru,strong,100,Двигатель БПЛА FC-FDJ-170,Двигатель БПЛА FC-FDJ-170 | drone accessories | UAV components | industrial UAV parts,Двигатель БПЛА FC-FDJ-170 | N-TET Drone Accessories,Двигатель БПЛА FC-FDJ-170,Двигатель БПЛА FC-FDJ-170 Technical Specifications | Запросить решение и КП | Обзор | Технические характеристики | Запросить решение и КП | Связанные страницы,true,true,true,true,true,0.631,保持当前本地化关键词落地
/ru/accessories/fc-fdj-200,ru,strong,100,Двигатель БПЛА FC-FDJ-200,Двигатель БПЛА FC-FDJ-200 | drone accessories | UAV components | industrial UAV parts,Двигатель БПЛА FC-FDJ-200 | N-TET Drone Accessories,Двигатель БПЛА FC-FDJ-200,Двигатель БПЛА FC-FDJ-200 Technical Specifications | Запросить решение и КП | Обзор | Технические характеристики | Запросить решение и КП | Связанные страницы,true,true,true,true,true,0.638,保持当前本地化关键词落地
/ru/accessories/fc-fdj-222,ru,strong,100,Двигатель БПЛА FC-FDJ-222,Двигатель БПЛА FC-FDJ-222 | drone accessories | UAV components | industrial UAV parts,Двигатель БПЛА FC-FDJ-222 | N-TET Drone Accessories,Двигатель БПЛА FC-FDJ-222,Двигатель БПЛА FC-FDJ-222 Technical Specifications | Запросить решение и КП | Обзор | Технические характеристики | Запросить решение и КП | Связанные страницы,true,true,true,true,true,0.626,保持当前本地化关键词落地
/ru/accessories/fc-fdj-430,ru,strong,100,Двигатель БПЛА FC-FDJ-430,Двигатель БПЛА FC-FDJ-430 | drone accessories | UAV components | industrial UAV parts,Двигатель БПЛА FC-FDJ-430 | N-TET Drone Accessories,Двигатель БПЛА FC-FDJ-430,Двигатель БПЛА FC-FDJ-430 Technical Specifications | Запросить решение и КП | Обзор | Технические характеристики | Запросить решение и КП | Связанные страницы,true,true,true,true,true,0.560,保持当前本地化关键词落地
/ru/accessories/fc-fdj-55,ru,strong,100,Двигатель БПЛА FC-FDJ-55,Двигатель БПЛА FC-FDJ-55 | drone accessories | UAV components | industrial UAV parts,Двигатель БПЛА FC-FDJ-55 | N-TET Drone Accessories,Двигатель БПЛА FC-FDJ-55,Двигатель БПЛА FC-FDJ-55 Technical Specifications | Запросить решение и КП | Обзор | Технические характеристики | Запросить решение и КП | Связанные страницы,true,true,true,true,true,0.615,保持当前本地化关键词落地
/ru/accessories/fc-fdj-60,ru,strong,100,Двигатель БПЛА FC-FDJ-60,Двигатель БПЛА FC-FDJ-60 | drone accessories | UAV components | industrial UAV parts,Двигатель БПЛА FC-FDJ-60 | N-TET Drone Accessories,Двигатель БПЛА FC-FDJ-60,Двигатель БПЛА FC-FDJ-60 Technical Specifications | Запросить решение и КП | Обзор | Технические характеристики | Запросить решение и КП | Связанные страницы,true,true,true,true,true,0.626,保持当前本地化关键词落地
/ru/accessories/fc-fdj-61,ru,strong,100,Двигатель БПЛА FC-FDJ-61,Двигатель БПЛА FC-FDJ-61 | drone accessories | UAV components | industrial UAV parts,Двигатель БПЛА FC-FDJ-61 | N-TET Drone Accessories,Двигатель БПЛА FC-FDJ-61,Двигатель БПЛА FC-FDJ-61 Technical Specifications | Запросить решение и КП | Обзор | Технические характеристики | Запросить решение и КП | Связанные страницы,true,true,true,true,true,0.627,保持当前本地化关键词落地
/ru/accessories/fc-fdj-70hd,ru,strong,100,Двигатель БПЛА FC-FDJ-70HD,Двигатель БПЛА FC-FDJ-70HD | drone accessories | UAV components | industrial UAV parts,Двигатель БПЛА FC-FDJ-70HD | N-TET Drone Accessories,Двигатель БПЛА FC-FDJ-70HD,Двигатель БПЛА FC-FDJ-70HD Technical Specifications | Запросить решение и КП | Обзор | Технические характеристики | Запросить решение и КП | Связанные страницы,true,true,true,true,true,0.644,保持当前本地化关键词落地
/ru/accessories/fc-fdj-85,ru,strong,100,Двигатель БПЛА FC-FDJ-85,Двигатель БПЛА FC-FDJ-85 | drone accessories | UAV components | industrial UAV parts,Двигатель БПЛА FC-FDJ-85 | N-TET Drone Accessories,Двигатель БПЛА FC-FDJ-85,Двигатель БПЛА FC-FDJ-85 Technical Specifications | Запросить решение и КП | Обзор | Технические характеристики | Запросить решение и КП | Связанные страницы,true,true,true,true,true,0.627,保持当前本地化关键词落地
/ru/accessories/fc-l10tr-three-light-gimbal,ru,strong,100,FC-L10TR электрооптический подвес,FC-L10TR электрооптический подвес | drone accessories | UAV components | industrial UAV parts,FC-L10TR электрооптический подвес | N-TET Drone Accessories,FC-L10TR электрооптический подвес,FC-L10TR электрооптический подвес Technical Specifications | Запросить решение и КП | Обзор | Технические характеристики | Запросить решение и КП | Связанные страницы,true,true,true,true,true,0.454,保持当前本地化关键词落地
/ru/accessories/fc-l40-smart-optical-pod,ru,strong,100,FC-L40 электрооптический подвес,FC-L40 электрооптический подвес | drone accessories | UAV components | industrial UAV parts,FC-L40 электрооптический подвес | N-TET Drone Accessories,FC-L40 электрооптический подвес,FC-L40 электрооптический подвес Technical Specifications | Запросить решение и КП | Обзор | Технические характеристики | Запросить решение и КП | Связанные страницы,true,true,true,true,true,0.495,保持当前本地化关键词落地
/ru/accessories/fc-l40t-dual-light-gimbal,ru,strong,100,FC-L40T электрооптический подвес,FC-L40T электрооптический подвес | drone accessories | UAV components | industrial UAV parts,FC-L40T электрооптический подвес | N-TET Drone Accessories,FC-L40T электрооптический подвес,FC-L40T электрооптический подвес Technical Specifications | Запросить решение и КП | Обзор | Технические характеристики | Запросить решение и КП | Связанные страницы,true,true,true,true,true,0.468,保持当前本地化关键词落地
/ru/accessories/fc-l40tr-smart-optical-pod,ru,strong,100,FC-L40TR электрооптический подвес,FC-L40TR электрооптический подвес | drone accessories | UAV components | industrial UAV parts,FC-L40TR электрооптический подвес | N-TET Drone Accessories,FC-L40TR электрооптический подвес,FC-L40TR электрооптический подвес Technical Specifications | Запросить решение и КП | Обзор | Технические характеристики | Запросить решение и КП | Связанные страницы,true,true,true,true,true,0.457,保持当前本地化关键词落地
/ru/accessories/fc-l50-smart-optical-pod,ru,strong,100,FC-L50 электрооптический подвес,FC-L50 электрооптический подвес | drone accessories | UAV components | industrial UAV parts,FC-L50 электрооптический подвес | N-TET Drone Accessories,FC-L50 электрооптический подвес,FC-L50 электрооптический подвес Technical Specifications | Запросить решение и КП | Обзор | Технические характеристики | Запросить решение и КП | Связанные страницы,true,true,true,true,true,0.499,保持当前本地化关键词落地
/ru/accessories/fc-ln100-dual-light-gimbal,ru,strong,100,FC-LN100 электрооптический подвес,FC-LN100 электрооптический подвес | drone accessories | UAV components | industrial UAV parts,FC-LN100 электрооптический подвес | N-TET Drone Accessories,FC-LN100 электрооптический подвес,FC-LN100 электрооптический подвес Technical Specifications | Запросить решение и КП | Обзор | Технические характеристики | Запросить решение и КП | Связанные страницы,true,true,true,true,true,0.470,保持当前本地化关键词落地
/ru/accessories/fc-ln95-dual-light-gimbal,ru,strong,100,FC-LN95 электрооптический подвес,FC-LN95 электрооптический подвес | drone accessories | UAV components | industrial UAV parts,FC-LN95 электрооптический подвес | N-TET Drone Accessories,FC-LN95 электрооптический подвес,FC-LN95 электрооптический подвес Technical Specifications | Запросить решение и КП | Обзор | Технические характеристики | Запросить решение и КП | Связанные страницы,true,true,true,true,true,0.450,保持当前本地化关键词落地
/ru/accessories/fc-max-5330,ru,strong,100,Двигатель БПЛА FC-MAX 5330,Двигатель БПЛА FC-MAX 5330 | drone accessories | UAV components | industrial UAV parts,Двигатель БПЛА FC-MAX 5330 | N-TET Drone Accessories,Двигатель БПЛА FC-MAX 5330,Двигатель БПЛА FC-MAX 5330 Technical Specifications | Запросить решение и КП | Обзор | Технические характеристики | Запросить решение и КП | Связанные страницы,true,true,true,true,true,0.171,保持当前本地化关键词落地
/ru/accessories/fc-mesh-100,ru,strong,85,FC-Mesh-100 канал передачи данных БПЛА,FC-Mesh-100 канал передачи данных БПЛА | drone accessories | UAV components | industrial UAV parts,FC-Mesh-100 канал передачи данных БПЛА | N-TET Drone Accessories,FC-Mesh-100 канал передачи данных БПЛА,FC-Mesh-100 канал передачи данных БПЛА Technical Specifications | Запросить решение и КП | Обзор | Технические характеристики | Запросить решение и КП | Связанные страницы,true,false,true,true,true,0.357,保持当前本地化关键词落地
/ru/accessories/fc-mini-l10tr-smart-optical-pod,ru,strong,100,FC-MiniL10TR электрооптический подвес,FC-MiniL10TR электрооптический подвес | drone accessories | UAV components | industrial UAV parts,FC-MiniL10TR электрооптический подвес | N-TET Drone Accessories,FC-MiniL10TR электрооптический подвес,FC-MiniL10TR электрооптический подвес Technical Specifications | Запросить решение и КП | Обзор | Технические характеристики | Запросить решение и КП | Связанные страницы,true,true,true,true,true,0.451,保持当前本地化关键词落地
/ru/accessories/fc-pab-propeller,ru,strong,85,Пропеллер БПЛА FC-PAB,Пропеллер БПЛА FC-PAB | drone accessories | UAV components | industrial UAV parts,Пропеллер БПЛА FC-PAB | N-TET Drone Accessories,Пропеллер БПЛА FC-PAB,Пропеллер БПЛА FC-PAB Technical Specifications | Запросить решение и КП | Обзор | Технические характеристики | Запросить решение и КП | Связанные страницы,true,false,true,true,true,0.396,保持当前本地化关键词落地
/ru/accessories/fc-pad-propeller,ru,strong,85,Пропеллер БПЛА FC-PAD,Пропеллер БПЛА FC-PAD | drone accessories | UAV components | industrial UAV parts,Пропеллер БПЛА FC-PAD | N-TET Drone Accessories,Пропеллер БПЛА FC-PAD,Пропеллер БПЛА FC-PAD Technical Specifications | Запросить решение и КП | Обзор | Технические характеристики | Запросить решение и КП | Связанные страницы,true,false,true,true,true,0.397,保持当前本地化关键词落地
/ru/accessories/fc-pae-propeller,ru,strong,85,Пропеллер БПЛА FC-PAE,Пропеллер БПЛА FC-PAE | drone accessories | UAV components | industrial UAV parts,Пропеллер БПЛА FC-PAE | N-TET Drone Accessories,Пропеллер БПЛА FC-PAE,Пропеллер БПЛА FC-PAE Technical Specifications | Запросить решение и КП | Обзор | Технические характеристики | Запросить решение и КП | Связанные страницы,true,false,true,true,true,0.396,保持当前本地化关键词落地
/ru/accessories/fc-pbf-propeller,ru,strong,85,Пропеллер БПЛА FC-PBF,Пропеллер БПЛА FC-PBF | drone accessories | UAV components | industrial UAV parts,Пропеллер БПЛА FC-PBF | N-TET Drone Accessories,Пропеллер БПЛА FC-PBF,Пропеллер БПЛА FC-PBF Technical Specifications | Запросить решение и КП | Обзор | Технические характеристики | Запросить решение и КП | Связанные страницы,true,false,true,true,true,0.412,保持当前本地化关键词落地
/ru/accessories/fc-rm10x,ru,strong,100,Двигатель БПЛА FC-RM10X,Двигатель БПЛА FC-RM10X | drone accessories | UAV components | industrial UAV parts,Двигатель БПЛА FC-RM10X | N-TET Drone Accessories,Двигатель БПЛА FC-RM10X,Двигатель БПЛА FC-RM10X Technical Specifications | Запросить решение и КП | Обзор | Технические характеристики | Запросить решение и КП | Связанные страницы,true,true,true,true,true,0.395,保持当前本地化关键词落地
/ru/accessories/fc-rm30,ru,strong,100,Двигатель БПЛА FC-RM30,Двигатель БПЛА FC-RM30 | drone accessories | UAV components | industrial UAV parts,Двигатель БПЛА FC-RM30 | N-TET Drone Accessories,Двигатель БПЛА FC-RM30,Двигатель БПЛА FC-RM30 Technical Specifications | Запросить решение и КП | Обзор | Технические характеристики | Запросить решение и КП | Связанные страницы,true,true,true,true,true,0.149,保持当前本地化关键词落地
/ru/accessories/fc-sjl-100,ru,strong,85,FC-SJL-100 канал передачи данных БПЛА,FC-SJL-100 канал передачи данных БПЛА | drone accessories | UAV components | industrial UAV parts,FC-SJL-100 канал передачи данных БПЛА | N-TET Drone Accessories,FC-SJL-100 канал передачи данных БПЛА,FC-SJL-100 канал передачи данных БПЛА Technical Specifications | Запросить решение и КП | Обзор | Технические характеристики | Запросить решение и КП | Связанные страницы,true,false,true,true,true,0.385,保持当前本地化关键词落地
/ru/accessories/fc-sjl-200,ru,strong,85,FC-SJL-200 канал передачи данных БПЛА,FC-SJL-200 канал передачи данных БПЛА | drone accessories | UAV components | industrial UAV parts,FC-SJL-200 канал передачи данных БПЛА | N-TET Drone Accessories,FC-SJL-200 канал передачи данных БПЛА,FC-SJL-200 канал передачи данных БПЛА Technical Specifications | Запросить решение и КП | Обзор | Технические характеристики | Запросить решение и КП | Связанные страницы,true,false,true,true,true,0.384,保持当前本地化关键词落地
/ru/accessories/fc-sjl-30,ru,strong,85,FC-SJL-30 канал передачи данных БПЛА,FC-SJL-30 канал передачи данных БПЛА | drone accessories | UAV components | industrial UAV parts,FC-SJL-30 канал передачи данных БПЛА | N-TET Drone Accessories,FC-SJL-30 канал передачи данных БПЛА,FC-SJL-30 канал передачи данных БПЛА Technical Specifications | Запросить решение и КП | Обзор | Технические характеристики | Запросить решение и КП | Связанные страницы,true,false,true,true,true,0.374,保持当前本地化关键词落地
/ru/accessories/fc-sjl-380,ru,strong,85,FC-SJL-380 канал передачи данных БПЛА,FC-SJL-380 канал передачи данных БПЛА | drone accessories | UAV components | industrial UAV parts,FC-SJL-380 канал передачи данных БПЛА | N-TET Drone Accessories,FC-SJL-380 канал передачи данных БПЛА,FC-SJL-380 канал передачи данных БПЛА Technical Specifications | Запросить решение и КП | Обзор | Технические характеристики | Запросить решение и КП | Связанные страницы,true,false,true,true,true,0.383,保持当前本地化关键词落地
/ru/accessories/fc-sjl-50,ru,strong,85,FC-SJL-50 канал передачи данных БПЛА,FC-SJL-50 канал передачи данных БПЛА | drone accessories | UAV components | industrial UAV parts,FC-SJL-50 канал передачи данных БПЛА | N-TET Drone Accessories,FC-SJL-50 канал передачи данных БПЛА,FC-SJL-50 канал передачи данных БПЛА Technical Specifications | Запросить решение и КП | Обзор | Технические характеристики | Запросить решение и КП | Связанные страницы,true,false,true,true,true,0.376,保持当前本地化关键词落地
/ru/accessories/fc-u10-pro,ru,strong,85,Полетный контроллер FC-U10-PRO,Полетный контроллер FC-U10-PRO | drone accessories | UAV components | industrial UAV parts,Полетный контроллер FC-U10-PRO | N-TET Drone Accessories,Полетный контроллер FC-U10-PRO,Полетный контроллер FC-U10-PRO Technical Specifications | Запросить решение и КП | Обзор | Технические характеристики | Запросить решение и КП | Связанные страницы,true,false,true,true,true,0.458,保持当前本地化关键词落地
/ru/accessories/fc-u110,ru,strong,100,Двигатель БПЛА FC-U110,Двигатель БПЛА FC-U110 | drone accessories | UAV components | industrial UAV parts,Двигатель БПЛА FC-U110 | N-TET Drone Accessories,Двигатель БПЛА FC-U110,Двигатель БПЛА FC-U110 Technical Specifications | Запросить решение и КП | Обзор | Технические характеристики | Запросить решение и КП | Связанные страницы,true,true,true,true,true,0.157,保持当前本地化关键词落地
/ru/accessories/fc-u12,ru,strong,85,Полетный контроллер FC-U12,Полетный контроллер FC-U12 | drone accessories | UAV components | industrial UAV parts,Полетный контроллер FC-U12 | N-TET Drone Accessories,Полетный контроллер FC-U12,Полетный контроллер FC-U12 Technical Specifications | Запросить решение и КП | Обзор | Технические характеристики | Запросить решение и КП | Связанные страницы,true,false,true,true,true,0.460,保持当前本地化关键词落地
/ru/accessories/fc-u8013,ru,strong,100,Двигатель БПЛА FC-U8013,Двигатель БПЛА FC-U8013 | drone accessories | UAV components | industrial UAV parts,Двигатель БПЛА FC-U8013 | N-TET Drone Accessories,Двигатель БПЛА FC-U8013,Двигатель БПЛА FC-U8013 Technical Specifications | Запросить решение и КП | Обзор | Технические характеристики | Запросить решение и КП | Связанные страницы,true,true,true,true,true,0.468,保持当前本地化关键词落地
/ru/accessories/fc-u9-ag,ru,strong,85,Аграрный полетный контроллер FC-U9-AG,Аграрный полетный контроллер FC-U9-AG | drone accessories | UAV components | industrial UAV parts,Аграрный полетный контроллер FC-U9-AG | N-TET Drone Accessories,Аграрный полетный контроллер FC-U9-AG,Аграрный полетный контроллер FC-U9-AG Technical Specifications | Запросить решение и КП | Обзор | Технические характеристики | Запросить решение и КП | Связанные страницы,true,false,true,true,true,0.437,保持当前本地化关键词落地
/ru/accessories/fc-w2u-propeller,ru,strong,85,Пропеллер БПЛА FC-W2U,Пропеллер БПЛА FC-W2U | drone accessories | UAV components | industrial UAV parts,Пропеллер БПЛА FC-W2U | N-TET Drone Accessories,Пропеллер БПЛА FC-W2U,Пропеллер БПЛА FC-W2U Technical Specifications | Запросить решение и КП | Обзор | Технические характеристики | Запросить решение и КП | Связанные страницы,true,false,true,true,true,0.429,保持当前本地化关键词落地
/ru/accessories/fc-x8030,ru,strong,100,Двигатель БПЛА FC-X8030,Двигатель БПЛА FC-X8030 | drone accessories | UAV components | industrial UAV parts,Двигатель БПЛА FC-X8030 | N-TET Drone Accessories,Двигатель БПЛА FC-X8030,Двигатель БПЛА FC-X8030 Technical Specifications | Запросить решение и КП | Обзор | Технические характеристики | Запросить решение и КП | Связанные страницы,true,true,true,true,true,0.187,保持当前本地化关键词落地
/ru/accessories/fc-xh14,ru,strong,100,Двигатель БПЛА FC-XH14,Двигатель БПЛА FC-XH14 | drone accessories | UAV components | industrial UAV parts,Двигатель БПЛА FC-XH14 | N-TET Drone Accessories,Двигатель БПЛА FC-XH14,Двигатель БПЛА FC-XH14 Technical Specifications | Запросить решение и КП | Обзор | Технические характеристики | Запросить решение и КП | Связанные страницы,true,true,true,true,true,0.330,保持当前本地化关键词落地
/ru/accessories/fc-yk15-remote-controller,ru,strong,85,Пульт управления БПЛА FC-YK15,Пульт управления БПЛА FC-YK15 | drone accessories | UAV components | industrial UAV parts,Пульт управления БПЛА FC-YK15 | N-TET Drone Accessories,Пульт управления БПЛА FC-YK15,Пульт управления БПЛА FC-YK15 Technical Specifications | Запросить решение и КП | Обзор | Технические характеристики | Запросить решение и КП | Связанные страницы,true,false,true,true,true,0.388,保持当前本地化关键词落地
/ru/accessories/fc-yk24-remote-controller,ru,strong,85,Пульт управления БПЛА FC-YK24,Пульт управления БПЛА FC-YK24 | drone accessories | UAV components | industrial UAV parts,Пульт управления БПЛА FC-YK24 | N-TET Drone Accessories,Пульт управления БПЛА FC-YK24,Пульт управления БПЛА FC-YK24 Technical Specifications | Запросить решение и КП | Обзор | Технические характеристики | Запросить решение и КП | Связанные страницы,true,false,true,true,true,0.345,保持当前本地化关键词落地
/ru/accessories/fc-yk32-remote-controller,ru,strong,85,Пульт управления БПЛА FC-YK32,Пульт управления БПЛА FC-YK32 | drone accessories | UAV components | industrial UAV parts,Пульт управления БПЛА FC-YK32 | N-TET Drone Accessories,Пульт управления БПЛА FC-YK32,Пульт управления БПЛА FC-YK32 Technical Specifications | Запросить решение и КП | Обзор | Технические характеристики | Запросить решение и КП | Связанные страницы,true,false,true,true,true,0.388,保持当前本地化关键词落地
/ru/accessories/fc-ykrc7-remote-controller,ru,strong,85,Пульт управления БПЛА FC-YKRC7,Пульт управления БПЛА FC-YKRC7 | drone accessories | UAV components | industrial UAV parts,Пульт управления БПЛА FC-YKRC7 | N-TET Drone Accessories,Пульт управления БПЛА FC-YKRC7,Пульт управления БПЛА FC-YKRC7 Technical Specifications | Запросить решение и КП | Обзор | Технические характеристики | Запросить решение и КП | Связанные страницы,true,false,true,true,true,0.304,保持当前本地化关键词落地
/ru/cases,ru,strong,100,кейсы БПЛА,кейсы БПЛА | патрулирование БПЛА | мониторинг низкой высоты | инспекция БПЛА,Кейсы БПЛА для инспекции и мониторинга | N-TET,Кейсы БПЛА для инспекции и мониторинга,Кейсы БПЛА по регионам и сценариям | Запросить решение и КП | Запросить решение и КП,true,true,true,true,true,0.773,保持当前本地化关键词落地
/ru/cases/anhui-flood-season-uav-patrol,ru,strong,100,Аварийный паводковый патруль БПЛА в Аньхое,Аварийный паводковый патруль БПЛА в Аньхое | N-TET,Аварийный паводковый патруль БПЛА в Аньхое | N-TET,Аварийный паводковый патруль БПЛА в Аньхое,Аварийный паводковый патруль БПЛА в Аньхое Project Overview | Связанное оборудование | Запросить решение и КП | Обзор | Связанное оборудование | Запросить решение и КП | Связанные страницы,true,true,true,true,true,0.569,保持当前本地化关键词落地
/ru/cases/brazil-refinery-low-altitude-monitoring,ru,strong,85,Проект защиты нефтеперерабатывающего завода в Бразилии от БПЛА,Проект защиты нефтеперерабатывающего завода в Бразилии от БПЛА | N-TET,Проект защиты нефтеперерабатывающего завода в Бразилии от БПЛА | N-TET,Проект защиты нефтеперерабатывающего завода в Бразилии от БПЛА,Проект защиты нефтеперерабатывающего завода в Бразилии от БПЛА Project Overview | Связанное оборудование | Запросить решение и КП | Обзор | Связанное оборудование | Запросить решение и КП | Связанные страницы,true,false,true,true,true,0.402,保持当前本地化关键词落地
/ru/cases/ice-snow-emergency-uav-inspection,ru,strong,100,Аварийная инспекция БПЛА при снеголедовых бедствиях,Аварийная инспекция БПЛА при снеголедовых бедствиях | N-TET,Аварийная инспекция БПЛА при снеголедовых бедствиях | N-TET,Аварийная инспекция БПЛА при снеголедовых бедствиях,Аварийная инспекция БПЛА при снеголедовых бедствиях Project Overview | Связанное оборудование | Запросить решение и КП | Обзор | Связанное оборудование | Запросить решение и КП | Связанные страницы,true,true,true,true,true,0.524,保持当前本地化关键词落地
/ru/cases/lidar-tree-obstruction-uav-inspection,ru,strong,100,Инспекция древесных помех с LiDAR-БПЛА,Инспекция древесных помех с LiDAR-БПЛА | N-TET,Инспекция древесных помех с LiDAR-БПЛА | N-TET,Инспекция древесных помех с LiDAR-БПЛА,Инспекция древесных помех с LiDAR-БПЛА Project Overview | Связанное оборудование | Запросить решение и КП | Обзор | Связанное оборудование | Запросить решение и КП | Связанные страницы,true,true,true,true,true,0.572,保持当前本地化关键词落地
/ru/cases/nigeria-factory-low-altitude-monitoring,ru,strong,85,Защита промышленного комплекса в Нигерии от БПЛА,Защита промышленного комплекса в Нигерии от БПЛА | N-TET,Защита промышленного комплекса в Нигерии от БПЛА | N-TET,Защита промышленного комплекса в Нигерии от БПЛА,Защита промышленного комплекса в Нигерии от БПЛА Project Overview | Связанное оборудование | Запросить решение и КП | Обзор | Связанное оборудование | Запросить решение и КП | Связанные страницы,true,false,true,true,true,0.408,保持当前本地化关键词落地
/ru/cases/pakistan-power-plant-low-altitude-monitoring,ru,strong,85,Проект защиты электростанции в Пакистане от БПЛА,Проект защиты электростанции в Пакистане от БПЛА | N-TET,Проект защиты электростанции в Пакистане от БПЛА | N-TET,Проект защиты электростанции в Пакистане от БПЛА,Проект защиты электростанции в Пакистане от БПЛА Project Overview | Связанное оборудование | Запросить решение и КП | Обзор | Связанное оборудование | Запросить решение и КП | Связанные страницы,true,false,true,true,true,0.398,保持当前本地化关键词落地
/ru/cases/southern-grid-wildfire-uav-inspection,ru,strong,100,Пожарно-профилактическая инспекция Southern Grid с БПЛА,Пожарно-профилактическая инспекция Southern Grid с БПЛА | N-TET,Пожарно-профилактическая инспекция Southern Grid с БПЛА | N-TET,Пожарно-профилактическая инспекция Southern Grid с БПЛА,Пожарно-профилактическая инспекция Southern Grid с БПЛА Project Overview | Связанное оборудование | Запросить решение и КП | Обзор | Связанное оборудование | Запросить решение и КП | Связанные страницы,true,true,true,true,true,0.545,保持当前本地化关键词落地
/ru/cases/wildfire-emergency-transmission-line-uav-patrol,ru,strong,100,Аварийный пожарный патруль ЛЭП с БПЛА,Аварийный пожарный патруль ЛЭП с БПЛА | N-TET,Аварийный пожарный патруль ЛЭП с БПЛА | N-TET,Аварийный пожарный патруль ЛЭП с БПЛА,Аварийный пожарный патруль ЛЭП с БПЛА Project Overview | Связанное оборудование | Запросить решение и КП | Обзор | Связанное оборудование | Запросить решение и КП | Связанные страницы,true,true,true,true,true,0.522,保持当前本地化关键词落地
/ru/cases/zhaoqing-long-distance-power-line-uav-inspection,ru,strong,100,Дальняя инспекция ЛЭП с БПЛА в Чжаоцине,Дальняя инспекция ЛЭП с БПЛА в Чжаоцине | N-TET,Дальняя инспекция ЛЭП с БПЛА в Чжаоцине | N-TET,Дальняя инспекция ЛЭП с БПЛА в Чжаоцине,Дальняя инспекция ЛЭП с БПЛА в Чжаоцине Project Overview | Связанное оборудование | Запросить решение и КП | Обзор | Связанное оборудование | Запросить решение и КП | Связанные страницы,true,true,true,true,true,0.528,保持当前本地化关键词落地
/ru/contact,ru,strong,100,запрос цены на промышленный БПЛА,запрос цены на промышленный БПЛА | поставщик БПЛА | решение для инспекции дронами | оборудование мониторинга низкой высоты,Запрос цены на промышленный БПЛА | N-TET,Запрос цены на промышленный БПЛА,Запрос цены на промышленный БПЛА и консультация | Запросить решение и КП | Запросить решение и КП,true,true,true,true,true,0.369,保持当前本地化关键词落地
/ru/media,ru,strong,100,новости промышленных БПЛА,новости промышленных БПЛА | низковысотная экономика | привязной БПЛА | мониторинг инфраструктуры,Новости промышленных БПЛА | N-TET,Новости промышленных БПЛА,Новости промышленных БПЛА и низковысотной экономики | Последнее | Запросить решение и КП | Запросить решение и КП,true,true,true,true,true,0.840,保持当前本地化关键词落地
/ru/media/border-surveillance-uav-network-2026,ru,partial,70,Сети БПЛА и EO/IR улучшают обзорность удаленного патрулирования,Сети БПЛА и EO/IR улучшают обзорность удаленного патрулирования | N-TET,Сети БПЛА и EO/IR улучшают обзорность удаленного патрулирования | N-TET,Сети БПЛА и EO/IR улучшают обзорность удаленного патрулирования,Редакционная проверка и проектные сигналы | Запросить решение и КП | Редакционная проверка и проектные сигналы | Запросить решение и КП | Связанные страницы,true,false,true,false,true,0.690,把主/辅助关键词自然写入 H2
/ru/media/industrial-uav-redundancy-2026,ru,partial,70,Двойное резервирование управления полетом: как промышленные БПЛА достигают надежности миссионного уровня,Двойное резервирование управления полетом: как промышленные БПЛА достигают надежности миссионного уровня | N-TET,Двойное резервирование управления полетом: как промышленные БПЛА достигают надежности миссионного уровня | N-TET,Двойное резервирование управления полетом: как промышленные БПЛА достигают надежности миссионного уровня,Редакционная проверка и проектные сигналы | Запросить решение и КП | Редакционная проверка и проектные сигналы | Запросить решение и КП | Связанные страницы,true,false,true,false,true,0.673,把主/辅助关键词自然写入 H2
/ru/media/low-altitude-economy-2026-outlook,ru,partial,70,Экономика малых высот Китая: прогноз на 2026 год с оборотом в 2 трлн юаней,Экономика малых высот Китая: прогноз на 2026 год с оборотом в 2 трлн юаней | N-TET,Экономика малых высот Китая: прогноз на 2026 год с оборотом в 2 трлн юаней | N-TET,Экономика малых высот Китая: прогноз на 2026 год с оборотом в 2 трлн юаней,Редакционная проверка и проектные сигналы | Запросить решение и КП | Редакционная проверка и проектные сигналы | Запросить решение и КП | Связанные страницы,true,false,true,false,true,0.667,把主/辅助关键词自然写入 H2
/ru/media/power-line-inspection-drone-guide-2026,ru,strong,85,Power Line Inspection Drone: UAV Workflows for Utility Corridors and Transmission Towers,Power Line Inspection Drone: UAV Workflows for Utility Corridors and Transmission Towers | N-TET,Power Line Inspection Drone: UAV Workflows for Utility Corridors and Transmission Towers | N-TET,Power Line Inspection Drone: UAV Workflows for Utility Corridors and Transmission Towers,"Редакционная проверка и проектные сигналы | What is a power line inspection drone? | Why utilities use drones for power line inspection | Power line drone inspection workflow | Which UAV platform fits each inspection task? | Payload selection: visible-light, thermal infrared, and LiDAR | What should a utility inspection report include? | N-TET system fit: corridor, tower, and substation inspection | Deployment checklist before procurement | FAQ | Запросить решение и КП | Редакционная проверка и проектные сигналы | What is a power line inspection drone? | Why utilities use drones for power line inspection | Power line drone inspection workflow | Which UAV platform fits each inspection task? | Payload selection: visible-light, thermal infrared, and LiDAR | What should a utility inspection report include? | N-TET system fit: corridor, tower, and substation inspection | Deployment checklist before procurement | FAQ | Запросить решение и КП | Связанные страницы",true,false,true,true,true,0.492,保持当前本地化关键词落地
/ru/media/tethered-uav-persistent-surveillance-2026,ru,partial,70,Привязные БПЛА: непрерывное воздушное наблюдение для мероприятий и удаленных объектов,Привязные БПЛА: непрерывное воздушное наблюдение для мероприятий и удаленных объектов | N-TET,Привязные БПЛА: непрерывное воздушное наблюдение для мероприятий и удаленных объектов | N-TET,Привязные БПЛА: непрерывное воздушное наблюдение для мероприятий и удаленных объектов,Редакционная проверка и проектные сигналы | Запросить решение и КП | Редакционная проверка и проектные сигналы | Запросить решение и КП | Связанные страницы,true,false,true,false,true,0.665,把主/辅助关键词自然写入 H2
/ru/products,ru,strong,100,промышленные БПЛА,промышленные БПЛА | инспекционный БПЛА | аварийный БПЛА | оборудование мониторинга низкой высоты,Промышленные БПЛА и оборудование мониторинга | N-TET,Промышленные БПЛА и оборудование мониторинга,"промышленные БПЛА, оборудование мониторинга и соответствие проекту | БПЛА и беспилотные системы | FAQ по выбору продуктов | Запросить решение и КП",true,true,true,true,true,0.493,保持当前本地化关键词落地
/ru/products/bailey-bridge,ru,strong,100,Стальной модульный мост Бейли,Стальной модульный мост Бейли | engineering materials | Bailey steel bridge | infrastructure support equipment | N-TET,Стальной модульный мост Бейли | N-TET,Стальной модульный мост Бейли,Стальной модульный мост Бейли Technical Specifications | Запросить решение и КП | Обзор | Технические характеристики | Запросить решение и КП | Связанные страницы,true,true,true,true,true,0.343,保持当前本地化关键词落地
/ru/products/composite-electro-optical-tracking-system,ru,strong,100,Оптико-электронная система обнаружения и слежения ОЭС,Оптико-электронная система обнаружения и слежения ОЭС | low altitude monitoring equipment | drone detection equipment | airspace monitoring system | N-TET,Оптико-электронная система обнаружения и слежения (ОЭС) | N-TET,Оптико-электронная система обнаружения и слежения ОЭС,Оптико-электронная система обнаружения и слежения ОЭС Technical Specifications | Запросить решение и КП | Обзор | Технические характеристики | Запросить решение и КП | Связанные страницы,true,true,true,true,true,0.189,保持当前本地化关键词落地
/ru/products/containerized-medical-rescue-system,ru,strong,100,Контейнерная система медицинской помощи,Контейнерная система медицинской помощи | field hospital system | containerized medical rescue system | emergency medical shelter | N-TET,Контейнерная система медицинской помощи | N-TET,Контейнерная система медицинской помощи,Контейнерная система медицинской помощи Technical Specifications | Запросить решение и КП | Обзор | Технические характеристики | Запросить решение и КП | Связанные страницы,true,true,true,true,true,0.360,保持当前本地化关键词落地
/ru/products/emergency-search-rescue-drone,ru,strong,100,thermal drones for search and rescue,thermal drones for search and rescue | search and rescue drone | search and rescue UAV | drone rescue | БПЛА для аварийного поиска и спасения | industrial UAV systems | UAV inspection drone | emergency response UAV,БПЛА для аварийного поиска и спасения | N-TET,БПЛА для аварийного поиска и спасения,БПЛА для аварийного поиска и спасения Technical Specifications | Запросить решение и КП | Обзор | Технические характеристики | Запросить решение и КП | Связанные страницы,true,true,true,true,true,0.741,保持当前本地化关键词落地
/ru/products/fbg-g15-fc06-explosion-containment-vessel,ru,strong,100,Взрывозащитный контейнер FBG-G1.5-FC06,Взрывозащитный контейнер FBG-G1.5-FC06 | security screening equipment | X-ray baggage scanner | walk-through metal detector | N-TET,Взрывозащитный контейнер FBG-G1.5-FC06 | N-TET,Взрывозащитный контейнер FBG-G1.5-FC06,Взрывозащитный контейнер FBG-G1.5-FC06 Technical Specifications | Запросить решение и КП | Обзор | Технические характеристики | Запросить решение и КП | Связанные страницы,true,true,true,true,true,0.330,保持当前本地化关键词落地
/ru/products/fbt-fc09-explosion-protection-blanket,ru,strong,100,Взрывозащитное одеяло FBT-FC09,Взрывозащитное одеяло FBT-FC09 | security screening equipment | X-ray baggage scanner | walk-through metal detector | N-TET,Взрывозащитное одеяло FBT-FC09 | N-TET,Взрывозащитное одеяло FBT-FC09,Взрывозащитное одеяло FBT-FC09 Technical Specifications | Запросить решение и КП | Обзор | Технические характеристики | Запросить решение и КП | Связанные страницы,true,true,true,true,true,0.341,保持当前本地化关键词落地
/ru/products/fc-3000-ferromagnetic-detection-column,ru,strong,100,Интеллектуальная система ферромагнитного детектирования FC-3000,Интеллектуальная система ферромагнитного детектирования FC-3000 | security screening equipment | X-ray baggage scanner | walk-through metal detector | N-TET,Интеллектуальная система ферромагнитного детектирования FC-3000 | N-TET,Интеллектуальная система ферромагнитного детектирования FC-3000,Интеллектуальная система ферромагнитного детектирования FC-3000 Technical Specifications | Запросить решение и КП | Обзор | Технические характеристики | Запросить решение и КП | Связанные страницы,true,true,true,true,true,0.337,保持当前本地化关键词落地
/ru/products/fc-c-deluxe-walk-through-metal-detector,ru,strong,100,Арочный металлодетектор FC-C Делюкс,Арочный металлодетектор FC-C Делюкс | security screening equipment | X-ray baggage scanner | walk-through metal detector | N-TET,Арочный металлодетектор FC-C (Делюкс) | N-TET,Арочный металлодетектор FC-C Делюкс,Арочный металлодетектор FC-C Делюкс Technical Specifications | Запросить решение и КП | Обзор | Технические характеристики | Запросить решение и КП | Связанные страницы,true,true,true,true,true,0.195,保持当前本地化关键词落地
/ru/products/fc-c-lcd-walk-through-metal-detector,ru,strong,100,Арочный металлодетектор FC-C ЖК-экран,Арочный металлодетектор FC-C ЖК-экран | 12 зон | security screening equipment | X-ray baggage scanner | walk-through metal detector | N-TET,"Арочный металлодетектор FC-C (ЖК-экран, 12 зон) | N-TET","Арочный металлодетектор FC-C ЖК-экран, 12 зон","Арочный металлодетектор FC-C ЖК-экран, 12 зон Technical Specifications | Запросить решение и КП | Обзор | Технические характеристики | Запросить решение и КП | Связанные страницы",true,true,true,true,true,0.518,保持当前本地化关键词落地
/ru/products/fc-dlxj-01-power-grid-inspection-drone,ru,partial,70,drone power line inspection,drone power line inspection | power line inspection drone | UAV power line inspection | utility inspection drone | БПЛА для инспекции электросетей FC-DLXJ-01 VTOL | industrial UAV systems | UAV inspection drone | emergency response UAV,БПЛА для инспекции электросетей FC-DLXJ-01 (VTOL) | N-TET,БПЛА для инспекции электросетей FC-DLXJ-01 VTOL,БПЛА для инспекции электросетей FC-DLXJ-01 VTOL Technical Specifications | Запросить решение и КП | Обзор | Технические характеристики | Запросить решение и КП | Связанные страницы,false,false,true,true,true,0.210,复查 title、description 与关键词密度
/ru/products/fc-dma-long-range-optical-turntable,ru,strong,100,Мультиспектральная оптико-электронная поворотная платформа FC-DMA,Мультиспектральная оптико-электронная поворотная платформа FC-DMA | perimeter intelligence | electro optical surveillance | radar vision fusion system | N-TET,Мультиспектральная оптико-электронная поворотная платформа FC-DMA | N-TET,Мультиспектральная оптико-электронная поворотная платформа FC-DMA,Мультиспектральная оптико-электронная поворотная платформа FC-DMA Technical Specifications | Запросить решение и КП | Обзор | Технические характеристики | Запросить решение и КП | Связанные страницы,true,true,true,true,true,0.226,保持当前本地化关键词落地
/ru/products/fc-dms10-smart-electronic-sentinel,ru,strong,100,Интеллектуальный электронный часовой серии FC-DMS10,Интеллектуальный электронный часовой серии FC-DMS10 | perimeter intelligence | electro optical surveillance | radar vision fusion system | N-TET,Интеллектуальный электронный часовой серии FC-DMS10 | N-TET,Интеллектуальный электронный часовой серии FC-DMS10,Интеллектуальный электронный часовой серии FC-DMS10 Technical Specifications | Запросить решение и КП | Обзор | Технические характеристики | Запросить решение и КП | Связанные страницы,true,true,true,true,true,0.396,保持当前本地化关键词落地
/ru/products/fc-dtvc-dual-band-thermal-ptz,ru,strong,100,Двухспектральная тепловизионная скоростная купольная камера FC-DTVC,Двухспектральная тепловизионная скоростная купольная камера FC-DTVC | perimeter intelligence | electro optical surveillance | radar vision fusion system | N-TET,Двухспектральная тепловизионная скоростная купольная камера FC-DTVC | N-TET,Двухспектральная тепловизионная скоростная купольная камера FC-DTVC,Двухспектральная тепловизионная скоростная купольная камера FC-DTVC Technical Specifications | Запросить решение и КП | Обзор | Технические характеристики | Запросить решение и КП | Связанные страницы,true,true,true,true,true,0.257,保持当前本地化关键词落地
/ru/products/fc-h-smart-phone-detection-gate,ru,strong,100,Интеллектуальная рамка обнаружения смартфонов FC-H,Интеллектуальная рамка обнаружения смартфонов FC-H | security screening equipment | X-ray baggage scanner | walk-through metal detector | N-TET,Интеллектуальная рамка обнаружения смартфонов FC-H | N-TET,Интеллектуальная рамка обнаружения смартфонов FC-H,Интеллектуальная рамка обнаружения смартфонов FC-H Technical Specifications | Запросить решение и КП | Обзор | Технические характеристики | Запросить решение и КП | Связанные страницы,true,true,true,true,true,0.340,保持当前本地化关键词落地
/ru/products/fc-h-smart-phone-detection-gate-29in,ru,strong,100,Интеллектуальная рамка для обнаружения мобильных телефонов FC-H 29 дюймов,Интеллектуальная рамка для обнаружения мобильных телефонов FC-H 29 дюймов | security screening equipment | X-ray baggage scanner | walk-through metal detector | N-TET,Интеллектуальная рамка для обнаружения мобильных телефонов FC-H (29 дюймов) | N-TET,Интеллектуальная рамка для обнаружения мобильных телефонов FC-H 29 дюймов,Интеллектуальная рамка для обнаружения мобильных телефонов FC-H 29 дюймов Technical Specifications | Запросить решение и КП | Обзор | Технические характеристики | Запросить решение и КП | Связанные страницы,true,true,true,true,true,0.191,保持当前本地化关键词落地
/ru/products/fc-pd500-personal-radiation-dose-alarm,ru,strong,100,Индивидуальный сигнализатор дозы X-γ излучения FC-PD500,Индивидуальный сигнализатор дозы X-γ излучения FC-PD500 | security screening equipment | X-ray baggage scanner | walk-through metal detector | N-TET,Индивидуальный сигнализатор дозы X-γ излучения FC-PD500 | N-TET,Индивидуальный сигнализатор дозы X-γ излучения FC-PD500,Индивидуальный сигнализатор дозы X-γ излучения FC-PD500 Technical Specifications | Запросить решение и КП | Обзор | Технические характеристики | Запросить решение и КП | Связанные страницы,true,true,true,true,true,0.306,保持当前本地化关键词落地
/ru/products/fc-rc-series-hd-laser-camera,ru,strong,100,Лазерная HD-камера дальнего действия серии FC-RC,Лазерная HD-камера дальнего действия серии FC-RC | perimeter intelligence | electro optical surveillance | radar vision fusion system | N-TET,Лазерная HD-камера дальнего действия серии FC-RC | N-TET,Лазерная HD-камера дальнего действия серии FC-RC,Лазерная HD-камера дальнего действия серии FC-RC Technical Specifications | Запросить решение и КП | Обзор | Технические характеристики | Запросить решение и КП | Связанные страницы,true,true,true,true,true,0.256,保持当前本地化关键词落地
/ru/products/fc-rds500-4r-radar-vision-sentinel,ru,strong,100,Интеллектуальная система Radar-Vision Fusion FC-RDS500-4R,Интеллектуальная система Radar-Vision Fusion FC-RDS500-4R | perimeter intelligence | electro optical surveillance | radar vision fusion system | N-TET,Интеллектуальная система Radar-Vision Fusion FC-RDS500-4R | N-TET,Интеллектуальная система Radar-Vision Fusion FC-RDS500-4R,Интеллектуальная система Radar-Vision Fusion FC-RDS500-4R Technical Specifications | Запросить решение и КП | Обзор | Технические характеристики | Запросить решение и КП | Связанные страницы,true,true,true,true,true,0.248,保持当前本地化关键词落地
/ru/products/fc-sljc-01-water-conservancy-monitoring-drone,ru,strong,100,water conservancy monitoring UAV,water conservancy monitoring UAV | dam inspection UAV | river lake UAV monitoring | flood monitoring drone | БПЛА для мониторинга водного хозяйства | industrial UAV systems | UAV inspection drone | emergency response UAV,БПЛА для мониторинга водного хозяйства | N-TET,БПЛА для мониторинга водного хозяйства,БПЛА для мониторинга водного хозяйства Technical Specifications | Запросить решение и КП | Обзор | Технические характеристики | Запросить решение и КП | Связанные страницы,true,true,true,true,true,0.610,保持当前本地化关键词落地
/ru/products/fc-smart-swing-turnstile,ru,strong,100,Интеллектуальный турникет-калитку класса люкс,Интеллектуальный турникет-калитку класса люкс | security screening equipment | X-ray baggage scanner | walk-through metal detector | N-TET,Интеллектуальный турникет-калитку класса люкс | N-TET,Интеллектуальный турникет-калитку класса люкс,Интеллектуальный турникет-калитку класса люкс Technical Specifications | Запросить решение и КП | Обзор | Технические характеристики | Запросить решение и КП | Связанные страницы,true,true,true,true,true,0.315,保持当前本地化关键词落地
/ru/products/fc-ttvc-intelligent-multi-band-camera,ru,strong,100,Интеллектуальная мультиспектральная камера серии FC-TTVC,Интеллектуальная мультиспектральная камера серии FC-TTVC | perimeter intelligence | electro optical surveillance | radar vision fusion system | N-TET,Интеллектуальная мультиспектральная камера серии FC-TTVC | N-TET,Интеллектуальная мультиспектральная камера серии FC-TTVC,Интеллектуальная мультиспектральная камера серии FC-TTVC Technical Specifications | Запросить решение и КП | Обзор | Технические характеристики | Запросить решение и КП | Связанные страницы,true,true,true,true,true,0.267,保持当前本地化关键词落地
/ru/products/fc-yjtx-01-emergency-communication-drone,ru,strong,100,emergency communication UAV,emergency communication UAV | disaster response communication drone | tethered communication UAV | public safety UAV communications | Привязной БПЛА для аварийной связи | industrial UAV systems | UAV inspection drone | emergency response UAV,Привязной БПЛА для аварийной связи | N-TET,Привязной БПЛА для аварийной связи,Привязной БПЛА для аварийной связи Technical Specifications | Запросить решение и КП | Обзор | Технические характеристики | Запросить решение и КП | Связанные страницы,true,true,true,true,true,0.211,保持当前本地化关键词落地
/ru/products/fc-yjxf-01-aerial-firefighting-drone,ru,strong,100,firefighting drone,firefighting drone | drone fire fighting | drone for fire fighting | high-rise firefighting UAV | Привязной БПЛА для тушения высотных пожаров | industrial UAV systems | UAV inspection drone | emergency response UAV,Привязной БПЛА для тушения высотных пожаров | N-TET,Привязной БПЛА для тушения высотных пожаров,Привязной БПЛА для тушения высотных пожаров Technical Specifications | Запросить решение и КП | Обзор | Технические характеристики | Запросить решение и КП | Связанные страницы,true,true,true,true,true,0.172,保持当前本地化关键词落地
/ru/products/fc-yjzc-01-emergency-reconnaissance-drone,ru,strong,100,search and rescue drone,search and rescue drone | drone rescue | emergency reconnaissance drone | disaster response UAV | БПЛА для экстренного реагирования и разведки FC-YJZC-01 | industrial UAV systems | UAV inspection drone | emergency response UAV,БПЛА для экстренного реагирования и разведки FC-YJZC-01 | N-TET,БПЛА для экстренного реагирования и разведки FC-YJZC-01,БПЛА для экстренного реагирования и разведки FC-YJZC-01 Technical Specifications | Запросить решение и КП | Обзор | Технические характеристики | Запросить решение и КП | Связанные страницы,true,true,true,true,true,0.347,保持当前本地化关键词落地
/ru/products/fc-yjzm-01-emergency-lighting-drone,ru,strong,100,drone lighting,drone lighting | UAV lighting | tethered lighting UAV | emergency lighting drone | Привязной БПЛА для освещения | industrial UAV systems | UAV inspection drone | emergency response UAV,Привязной БПЛА для освещения | N-TET,Привязной БПЛА для освещения,Привязной БПЛА для освещения Technical Specifications | Запросить решение и КП | Обзор | Технические характеристики | Запросить решение и КП | Связанные страницы,true,true,true,true,true,0.202,保持当前本地化关键词落地
/ru/products/fc-yqxj-01-utility-inspection-drone,ru,partial,70,pipeline inspection drones,pipeline inspection drones | UAV pipeline inspection | oil and gas drone inspection | drone pipeline inspection | БПЛА для инспекции нефтегазопроводов FC-YQXJ-01 VTOL | industrial UAV systems | UAV inspection drone | emergency response UAV,БПЛА для инспекции нефтегазопроводов FC-YQXJ-01 (VTOL) | N-TET,БПЛА для инспекции нефтегазопроводов FC-YQXJ-01 VTOL,БПЛА для инспекции нефтегазопроводов FC-YQXJ-01 VTOL Technical Specifications | Запросить решение и КП | Обзор | Технические характеристики | Запросить решение и КП | Связанные страницы,false,false,true,true,true,0.208,复查 title、description 与关键词密度
/ru/products/fc1500-handheld-liquid-detector,ru,strong,100,Портативный детектор опасных жидкостей FC1500,Портативный детектор опасных жидкостей FC1500 | security screening equipment | X-ray baggage scanner | walk-through metal detector | N-TET,Портативный детектор опасных жидкостей FC1500 | N-TET,Портативный детектор опасных жидкостей FC1500,Портативный детектор опасных жидкостей FC1500 Technical Specifications | Запросить решение и КП | Обзор | Технические характеристики | Запросить решение и КП | Связанные страницы,true,true,true,true,true,0.330,保持当前本地化关键词落地
/ru/products/fc1500b-desktop-liquid-security-inspector,ru,strong,100,Настольный детектор опасных жидкостей FC1500B,Настольный детектор опасных жидкостей FC1500B | security screening equipment | X-ray baggage scanner | walk-through metal detector | N-TET,Настольный детектор опасных жидкостей FC1500B | N-TET,Настольный детектор опасных жидкостей FC1500B,Настольный детектор опасных жидкостей FC1500B Technical Specifications | Запросить решение и КП | Обзор | Технические характеристики | Запросить решение и КП | Связанные страницы,true,true,true,true,true,0.327,保持当前本地化关键词落地
/ru/products/fc1800b-portable-explosives-and-narcotics-detector,ru,strong,100,Портативный детектор следов взрывчатых веществ и наркотиков FC1800B,Портативный детектор следов взрывчатых веществ и наркотиков FC1800B | security screening equipment | X-ray baggage scanner | walk-through metal detector | N-TET,Портативный детектор следов взрывчатых веществ и наркотиков FC1800B | N-TET,Портативный детектор следов взрывчатых веществ и наркотиков FC1800B,Портативный детектор следов взрывчатых веществ и наркотиков FC1800B Technical Specifications | Запросить решение и КП | Обзор | Технические характеристики | Запросить решение и КП | Связанные страницы,true,true,true,true,true,0.335,保持当前本地化关键词落地
/ru/products/fc1800t-desktop-explosives-narcotics-detector,ru,strong,100,Настольный детектор следов взрывчатых веществ и наркотиков FC1800T,Настольный детектор следов взрывчатых веществ и наркотиков FC1800T | security screening equipment | X-ray baggage scanner | walk-through metal detector | N-TET,Настольный детектор следов взрывчатых веществ и наркотиков FC1800T | N-TET,Настольный детектор следов взрывчатых веществ и наркотиков FC1800T,Настольный детектор следов взрывчатых веществ и наркотиков FC1800T Technical Specifications | Запросить решение и КП | Обзор | Технические характеристики | Запросить решение и КП | Связанные страницы,true,true,true,true,true,0.333,保持当前本地化关键词落地
/ru/products/fc2088-handheld-metal-detector,ru,strong,100,Ручной металлодетектор FC2088,Ручной металлодетектор FC2088 | security screening equipment | X-ray baggage scanner | walk-through metal detector | N-TET,Ручной металлодетектор FC2088 | N-TET,Ручной металлодетектор FC2088,Ручной металлодетектор FC2088 Technical Specifications | Запросить решение и КП | Обзор | Технические характеристики | Запросить решение и КП | Связанные страницы,true,true,true,true,true,0.345,保持当前本地化关键词落地
/ru/products/fc4028-neutron-ambient-dose-rate-meter,ru,strong,100,Измеритель мощности амбиентного эквивалента дозы нейтронного излучения FC4028,Измеритель мощности амбиентного эквивалента дозы нейтронного излучения FC4028 | security screening equipment | X-ray baggage scanner | walk-through metal detector | N-TET,Измеритель мощности амбиентного эквивалента дозы нейтронного излучения FC4028 | N-TET,Измеритель мощности амбиентного эквивалента дозы нейтронного излучения FC4028,Измеритель мощности амбиентного эквивалента дозы нейтронного излучения FC4028 Technical Specifications | Запросить решение и КП | Обзор | Технические характеристики | Запросить решение и КП | Связанные страницы,true,true,true,true,true,0.252,保持当前本地化关键词落地
/ru/products/fc5030-compact-x-ray-baggage-scanner,ru,strong,100,Малогабаритный рентгенотелевизионный интроскоп FC5030,Малогабаритный рентгенотелевизионный интроскоп FC5030 | security screening equipment | X-ray baggage scanner | walk-through metal detector | N-TET,Малогабаритный рентгенотелевизионный интроскоп FC5030 | N-TET,Малогабаритный рентгенотелевизионный интроскоп FC5030,Малогабаритный рентгенотелевизионный интроскоп FC5030 Technical Specifications | Запросить решение и КП | Обзор | Технические характеристики | Запросить решение и КП | Связанные страницы,true,true,true,true,true,0.324,保持当前本地化关键词落地
/ru/products/fc6550-standard-x-ray-baggage-scanner,ru,strong,100,Рентгенотелевизионная установка FC6550 Стандартная,Рентгенотелевизионная установка FC6550 Стандартная | security screening equipment | X-ray baggage scanner | walk-through metal detector | N-TET,Рентгенотелевизионная установка FC6550 (Стандартная) | N-TET,Рентгенотелевизионная установка FC6550 Стандартная,Рентгенотелевизионная установка FC6550 Стандартная Technical Specifications | Запросить решение и КП | Обзор | Технические характеристики | Запросить решение и КП | Связанные страницы,true,true,true,true,true,0.207,保持当前本地化关键词落地
/ru/products/fc6550d-dual-view-baggage-scanner,ru,strong,100,Двухпроекционный рентгеновский интроскоп FC6550D,Двухпроекционный рентгеновский интроскоп FC6550D | security screening equipment | X-ray baggage scanner | walk-through metal detector | N-TET,Двухпроекционный рентгеновский интроскоп FC6550D | N-TET,Двухпроекционный рентгеновский интроскоп FC6550D,Двухпроекционный рентгеновский интроскоп FC6550D Technical Specifications | Запросить решение и КП | Обзор | Технические характеристики | Запросить решение и КП | Связанные страницы,true,true,true,true,true,0.319,保持当前本地化关键词落地
/ru/products/fc902-personal-radiation-dose-alarm,ru,strong,100,Индивидуальный сигнализатор дозы рентгеновского и гамма-излучения FC902,Индивидуальный сигнализатор дозы рентгеновского и гамма-излучения FC902 | security screening equipment | X-ray baggage scanner | walk-through metal detector | N-TET,Индивидуальный сигнализатор дозы рентгеновского и гамма-излучения FC902 | N-TET,Индивидуальный сигнализатор дозы рентгеновского и гамма-излучения FC902,Индивидуальный сигнализатор дозы рентгеновского и гамма-излучения FC902 Technical Specifications | Запросить решение и КП | Обзор | Технические характеристики | Запросить решение и КП | Связанные страницы,true,true,true,true,true,0.305,保持当前本地化关键词落地
/ru/products/handheld-rf-detection-system-mini,ru,strong,100,Малогабаритный переносной радиочастотный обнаружитель БПЛА,Малогабаритный переносной радиочастотный обнаружитель БПЛА | low altitude monitoring equipment | drone detection equipment | airspace monitoring system | N-TET,Малогабаритный переносной радиочастотный обнаружитель БПЛА | N-TET,Малогабаритный переносной радиочастотный обнаружитель БПЛА,Малогабаритный переносной радиочастотный обнаружитель БПЛА Technical Specifications | Запросить решение и КП | Обзор | Технические характеристики | Запросить решение и КП | Связанные страницы,true,true,true,true,true,0.329,保持当前本地化关键词落地
/ru/products/intelligent-mobile-cabin-hospital,ru,strong,100,Интеллектуальный мобильный многофункциональный госпиталь,Интеллектуальный мобильный многофункциональный госпиталь | field hospital system | containerized medical rescue system | emergency medical shelter | N-TET,Интеллектуальный мобильный многофункциональный госпиталь | N-TET,Интеллектуальный мобильный многофункциональный госпиталь,Интеллектуальный мобильный многофункциональный госпиталь Technical Specifications | Запросить решение и КП | Обзор | Технические характеристики | Запросить решение и КП | Связанные страницы,true,true,true,true,true,0.377,保持当前本地化关键词落地
/ru/products/low-altitude-3d-pulse-doppler-radar,ru,strong,100,Радар обнаружения маловысотных целей X-диапазон,Радар обнаружения маловысотных целей X-диапазон | low altitude monitoring equipment | drone detection equipment | airspace monitoring system | N-TET,Радар обнаружения маловысотных целей (X-диапазон) | N-TET,Радар обнаружения маловысотных целей X-диапазон,Радар обнаружения маловысотных целей X-диапазон Technical Specifications | Запросить решение и КП | Обзор | Технические характеристики | Запросить решение и КП | Связанные страницы,true,true,true,true,true,0.198,保持当前本地化关键词落地
/ru/products/low-altitude-detection-radar-ku-band,ru,strong,100,РЛС обнаружения маловысотных целей Ku-диапазон,РЛС обнаружения маловысотных целей Ku-диапазон | low altitude monitoring equipment | drone detection equipment | airspace monitoring system | N-TET,РЛС обнаружения маловысотных целей (Ku-диапазон) | N-TET,РЛС обнаружения маловысотных целей Ku-диапазон,РЛС обнаружения маловысотных целей Ku-диапазон Technical Specifications | Запросить решение и КП | Обзор | Технические характеристики | Запросить решение и КП | Связанные страницы,true,true,true,true,true,0.200,保持当前本地化关键词落地
/ru/products/multi-rotor-20kg-payload-uav,ru,strong,100,Мультироторный БПЛА с нагрузкой 20 kg,Мультироторный БПЛА с нагрузкой 20 kg | industrial UAV systems | UAV inspection drone | emergency response UAV | N-TET,Мультироторный БПЛА с нагрузкой 20 kg | N-TET,Мультироторный БПЛА с нагрузкой 20 kg,Мультироторный БПЛА с нагрузкой 20 kg Technical Specifications | Запросить решение и КП | Обзор | Технические характеристики | Запросить решение и КП | Связанные страницы,true,true,true,true,true,0.383,保持当前本地化关键词落地
/ru/products/multi-rotor-3kg-payload-uav,ru,strong,100,Мультироторный БПЛА с нагрузкой 3 kg,Мультироторный БПЛА с нагрузкой 3 kg | industrial UAV systems | UAV inspection drone | emergency response UAV | N-TET,Мультироторный БПЛА с нагрузкой 3 kg | N-TET,Мультироторный БПЛА с нагрузкой 3 kg,Мультироторный БПЛА с нагрузкой 3 kg Technical Specifications | Запросить решение и КП | Обзор | Технические характеристики | Запросить решение и КП | Связанные страницы,true,true,true,true,true,0.329,保持当前本地化关键词落地
/ru/products/multi-rotor-50kg-payload-uav,ru,strong,100,Мультироторный БПЛА с нагрузкой 50 kg,Мультироторный БПЛА с нагрузкой 50 kg | industrial UAV systems | UAV inspection drone | emergency response UAV | N-TET,Мультироторный БПЛА с нагрузкой 50 kg | N-TET,Мультироторный БПЛА с нагрузкой 50 kg,Мультироторный БПЛА с нагрузкой 50 kg Technical Specifications | Запросить решение и КП | Обзор | Технические характеристики | Запросить решение и КП | Связанные страницы,true,true,true,true,true,0.360,保持当前本地化关键词落地
/ru/products/multi-rotor-8kg-payload-uav,ru,strong,100,Мультироторный БПЛА с нагрузкой 8 kg,Мультироторный БПЛА с нагрузкой 8 kg | industrial UAV systems | UAV inspection drone | emergency response UAV | N-TET,Мультироторный БПЛА с нагрузкой 8 kg | N-TET,Мультироторный БПЛА с нагрузкой 8 kg,Мультироторный БПЛА с нагрузкой 8 kg Technical Specifications | Запросить решение и КП | Обзор | Технические характеристики | Запросить решение и КП | Связанные страницы,true,true,true,true,true,0.386,保持当前本地化关键词落地
/ru/products/portable-rf-detection-case,ru,strong,100,Переносная кейс система радиочастотного обнаружения БПЛА,Переносная кейс система радиочастотного обнаружения БПЛА | low altitude monitoring equipment | drone detection equipment | airspace monitoring system | N-TET,Переносная (кейс) система радиочастотного обнаружения БПЛА | N-TET,Переносная кейс система радиочастотного обнаружения БПЛА,Переносная кейс система радиочастотного обнаружения БПЛА Technical Specifications | Запросить решение и КП | Обзор | Технические характеристики | Запросить решение и КП | Связанные страницы,true,true,true,true,true,0.204,保持当前本地化关键词落地
/ru/products/power-tower-inspection-drone,ru,strong,100,drone power line inspection,drone power line inspection | power line inspection drone | drones for utility inspection | transmission tower inspection UAV | БПЛА для инспекции опор ЛЭП | industrial UAV systems | UAV inspection drone | emergency response UAV,БПЛА для инспекции опор ЛЭП | N-TET,БПЛА для инспекции опор ЛЭП,БПЛА для инспекции опор ЛЭП Technical Specifications | Запросить решение и КП | Обзор | Технические характеристики | Запросить решение и КП | Связанные страницы,true,true,true,true,true,0.570,保持当前本地化关键词落地
/ru/products/smart-substation-autonomous-inspection-system,ru,strong,100,smart substation autonomous inspection,smart substation autonomous inspection | substation inspection drone | power utility UAV inspection | autonomous UAV inspection | Автономная система инспекции умной подстанции с БПЛА | industrial UAV systems | UAV inspection drone | emergency response UAV,Автономная система инспекции умной подстанции с БПЛА | N-TET,Автономная система инспекции умной подстанции с БПЛА,Автономная система инспекции умной подстанции с БПЛА Technical Specifications | Запросить решение и КП | Обзор | Технические характеристики | Запросить решение и КП | Связанные страницы,true,true,true,true,true,0.450,保持当前本地化关键词落地
/ru/products/stationary-rf-detection-system,ru,strong,100,Стационарная система радиочастотного обнаружения БПЛА,Стационарная система радиочастотного обнаружения БПЛА | low altitude monitoring equipment | drone detection equipment | airspace monitoring system | N-TET,Стационарная система радиочастотного обнаружения БПЛА | N-TET,Стационарная система радиочастотного обнаружения БПЛА,Стационарная система радиочастотного обнаружения БПЛА Technical Specifications | Запросить решение и КП | Обзор | Технические характеристики | Запросить решение и КП | Связанные страницы,true,true,true,true,true,0.328,保持当前本地化关键词落地
/ru/products/uav-remote-id-monitoring-system,ru,strong,100,Система мониторинга удаленной идентификации БПЛА Remote ID,Система мониторинга удаленной идентификации БПЛА Remote ID | low altitude monitoring equipment | drone detection equipment | airspace monitoring system | N-TET,Система мониторинга удаленной идентификации БПЛА (Remote ID) | N-TET,Система мониторинга удаленной идентификации БПЛА Remote ID,Система мониторинга удаленной идентификации БПЛА Remote ID Technical Specifications | Запросить решение и КП | Обзор | Технические характеристики | Запросить решение и КП | Связанные страницы,true,true,true,true,true,0.204,保持当前本地化关键词落地
/ru/products/vtol-135kg-mtow-uav,ru,strong,100,VTOL БПЛА с максимальной взлетной массой 135 kg,VTOL БПЛА с максимальной взлетной массой 135 kg | industrial UAV systems | UAV inspection drone | emergency response UAV | N-TET,VTOL БПЛА с максимальной взлетной массой 135 kg | N-TET,VTOL БПЛА с максимальной взлетной массой 135 kg,VTOL БПЛА с максимальной взлетной массой 135 kg Technical Specifications | Запросить решение и КП | Обзор | Технические характеристики | Запросить решение и КП | Связанные страницы,true,true,true,true,true,0.392,保持当前本地化关键词落地
/ru/products/vtol-14kg-mtow-uav,ru,strong,100,VTOL БПЛА с максимальной взлетной массой 14 kg,VTOL БПЛА с максимальной взлетной массой 14 kg | industrial UAV systems | UAV inspection drone | emergency response UAV | N-TET,VTOL БПЛА с максимальной взлетной массой 14 kg | N-TET,VTOL БПЛА с максимальной взлетной массой 14 kg,VTOL БПЛА с максимальной взлетной массой 14 kg Technical Specifications | Запросить решение и КП | Обзор | Технические характеристики | Запросить решение и КП | Связанные страницы,true,true,true,true,true,0.392,保持当前本地化关键词落地
/ru/products/vtol-26kg-mtow-uav,ru,strong,100,VTOL БПЛА с максимальной взлетной массой 26 kg,VTOL БПЛА с максимальной взлетной массой 26 kg | industrial UAV systems | UAV inspection drone | emergency response UAV | N-TET,VTOL БПЛА с максимальной взлетной массой 26 kg | N-TET,VTOL БПЛА с максимальной взлетной массой 26 kg,VTOL БПЛА с максимальной взлетной массой 26 kg Technical Specifications | Запросить решение и КП | Обзор | Технические характеристики | Запросить решение и КП | Связанные страницы,true,true,true,true,true,0.393,保持当前本地化关键词落地
/ru/products/vtol-40kg-mtow-uav,ru,strong,100,VTOL БПЛА с максимальной взлетной массой 40 kg,VTOL БПЛА с максимальной взлетной массой 40 kg | industrial UAV systems | UAV inspection drone | emergency response UAV | N-TET,VTOL БПЛА с максимальной взлетной массой 40 kg | N-TET,VTOL БПЛА с максимальной взлетной массой 40 kg,VTOL БПЛА с максимальной взлетной массой 40 kg Technical Specifications | Запросить решение и КП | Обзор | Технические характеристики | Запросить решение и КП | Связанные страницы,true,true,true,true,true,0.392,保持当前本地化关键词落地
/ru/products/vtol-64kg-mtow-uav,ru,strong,100,VTOL БПЛА с максимальной взлетной массой 64 kg,VTOL БПЛА с максимальной взлетной массой 64 kg | industrial UAV systems | UAV inspection drone | emergency response UAV | N-TET,VTOL БПЛА с максимальной взлетной массой 64 kg | N-TET,VTOL БПЛА с максимальной взлетной массой 64 kg,VTOL БПЛА с максимальной взлетной массой 64 kg Technical Specifications | Запросить решение и КП | Обзор | Технические характеристики | Запросить решение и КП | Связанные страницы,true,true,true,true,true,0.396,保持当前本地化关键词落地
/ru/solutions,ru,strong,100,решения для инспекции БПЛА,решения для инспекции БПЛА | БПЛА для поиска и спасения | пожарный БПЛА | инспекция линий электропередачи БПЛА,Решения для инспекции БПЛА | N-TET,Решения для инспекции БПЛА,Решения для инспекции БПЛА для промышленных команд | Инспекция и патрулирование БПЛА | Аварийное применение БПЛА | Защита инфраструктуры | Безопасность важных объектов | Запросить решение и КП | Инспекция и патрулирование БПЛА | Аварийное применение БПЛА | Защита инфраструктуры | Безопасность важных объектов | Запросить решение и КП,true,true,true,true,true,0.489,保持当前本地化关键词落地
/ru/solutions/airport-low-altitude-monitoring,ru,strong,85,Защита аэропортов от БПЛА,Защита аэропортов от БПЛА | N-TET,Защита аэропортов от БПЛА | N-TET,Защита аэропортов от БПЛА,Защита аэропортов от БПЛА Workflow | Технические характеристики | Связанное оборудование | FAQ по решению | Запросить решение и КП | Обзор | Технические характеристики | Связанное оборудование | FAQ по решению | Запросить решение и КП | Связанные страницы,true,false,true,true,true,0.807,保持当前本地化关键词落地
/ru/solutions/airport-security-protection,ru,strong,85,Безопасность аэропортов,Безопасность аэропортов | N-TET,Безопасность аэропортов | N-TET,Безопасность аэропортов,Безопасность аэропортов Workflow | Технические характеристики | Связанное оборудование | FAQ по решению | Запросить решение и КП | Обзор | Технические характеристики | Связанное оборудование | FAQ по решению | Запросить решение и КП | Связанные страницы,true,false,true,true,true,0.870,保持当前本地化关键词落地
/ru/solutions/category/01_BorderPatrol,ru,strong,100,БПЛА для пограничного патрулирования,БПЛА для пограничного патрулирования | БПЛА для морского патрулирования | дрон для прибрежного мониторинга | наземное морское наблюдение,Решения БПЛА для пограничного патрулирования | N-TET,Решения БПЛА для пограничного патрулирования,БПЛА для пограничного патрулирования и прибрежного мониторинга | Промышленные решения на базе БПЛА | Рекомендуемые продукты | FAQ по решению | Запросить решение и КП | Потребности отрасли | Промышленные решения на базе БПЛА | Рекомендуемые продукты | Запросить решение и КП,true,true,true,true,true,0.987,保持当前本地化关键词落地
/ru/solutions/category/02_InfrastructureProtection,ru,strong,85,БПЛА для инспекции промышленных объектов,БПЛА для инспекции промышленных объектов | инспекция нефти и газа дронами | БПЛА для инспекции трубопроводов | мониторинг химических заводов,Решения БПЛА для инспекции промышленных объектов | N-TET,Решения БПЛА для инспекции промышленных объектов,Сценарии инспекции промышленных объектов БПЛА | Промышленные решения на базе БПЛА | Рекомендуемые продукты | FAQ по решению | Запросить решение и КП | Потребности отрасли | Промышленные решения на базе БПЛА | Рекомендуемые продукты | Запросить решение и КП,true,true,true,false,true,0.697,保持当前本地化关键词落地
/ru/solutions/category/03_KeyAreaSecurity,ru,strong,85,мониторинг воздушного пространства аэропорта,мониторинг воздушного пространства аэропорта | мониторинг безопасности мероприятий | безопасность ключевых зон | оборудование мониторинга низкой высоты,Мониторинг воздушного пространства аэропорта и безопасность ключевых зон | N-TET,Мониторинг воздушного пространства аэропорта и безопасность ключевых зон,Сценарии мониторинга воздушного пространства аэропорта | Промышленные решения на базе БПЛА | Рекомендуемые продукты | FAQ по решению | Запросить решение и КП | Потребности отрасли | Промышленные решения на базе БПЛА | Рекомендуемые продукты | Запросить решение и КП,true,true,true,false,true,0.886,保持当前本地化关键词落地
/ru/solutions/category/04_EmergencyRescue,ru,strong,100,БПЛА для поиска и спасения,БПЛА для поиска и спасения | пожарный БПЛА | БПЛА аварийной связи | БПЛА для освещения,Решения БПЛА для поиска и спасения | N-TET,Решения БПЛА для поиска и спасения,Рабочие процессы БПЛА для поиска и спасения | Промышленные решения на базе БПЛА | Рекомендуемые продукты | FAQ по решению | Запросить решение и КП | Потребности отрасли | Промышленные решения на базе БПЛА | Рекомендуемые продукты | Запросить решение и КП,true,true,true,true,true,1.034,保持当前本地化关键词落地
/ru/solutions/chemical-plant-protection,ru,strong,100,БПЛА для инспекции трубопроводов,БПЛА для инспекции трубопроводов | мониторинг химических заводов | инспекция трубопроводов БПЛА | инспекция нефти и газа дронами,БПЛА для инспекции трубопроводов и мониторинга химических заводов | N-TET,БПЛА для инспекции трубопроводов и мониторинга химических заводов,БПЛА для инспекции трубопроводов и мониторинга объекта | A Neutral Low-Altitude Risk Process for Chemical Sites | Модули решения | Связанное оборудование | FAQ по решению | Запросить решение и КП | Обзор | Отраслевые проблемы | A Neutral Low-Altitude Risk Process for Chemical Sites | Модули решения | Связанное оборудование | FAQ по решению | Запросить решение и КП | Связанные страницы,true,true,true,true,true,0.895,保持当前本地化关键词落地
/ru/solutions/disaster-site-search-rescue-reconnaissance-uav-solution,ru,strong,100,БПЛА для поиска и спасения,БПЛА для поиска и спасения | тепловизионные дроны для поиска и спасения | поисково-спасательный БПЛА | спасательный дрон,Решение БПЛА для поиска и спасения | N-TET,Решение БПЛА для поиска и спасения,Рабочий процесс БПЛА для поиска и спасения | How UAVs Upgrade Emergency Reconnaissance | Модули решения | Связанное оборудование | Связанные кейсы | FAQ по решению | Запросить решение и КП | Обзор | Отраслевые проблемы | How UAVs Upgrade Emergency Reconnaissance | Модули решения | Связанное оборудование | Связанные кейсы | FAQ по решению | Запросить решение и КП | Связанные страницы,true,true,true,true,true,1.022,保持当前本地化关键词落地
/ru/solutions/emergency-communication-uav,ru,strong,100,БПЛА экстренной связи,БПЛА экстренной связи | N-TET,БПЛА экстренной связи | N-TET,БПЛА экстренной связи,БПЛА экстренной связи Workflow | Технические характеристики | Связанное оборудование | FAQ по решению | Запросить решение и КП | Обзор | Технические характеристики | Связанное оборудование | FAQ по решению | Запросить решение и КП | Связанные страницы,true,true,true,true,true,0.957,保持当前本地化关键词落地
/ru/solutions/emergency-communication-uav-solution,ru,partial,70,Решение БПЛА для аварийной связи,Решение БПЛА для аварийной связи | N-TET,Решение БПЛА для аварийной связи | N-TET,Решение БПЛА для аварийной связи,Связанное оборудование | FAQ по решению | Запросить решение и КП | Обзор | Отраслевые задачи | Как БПЛА повышают эффективность | Решение | Связанное оборудование | Связанные проекты | Технические характеристики | Связанное оборудование | FAQ по решению | Запросить решение и КП | Связанные страницы,true,false,true,false,true,0.782,把主/辅助关键词自然写入 H2
/ru/solutions/emergency-lighting-uav,ru,strong,85,БПЛА аварийного освещения,БПЛА аварийного освещения | N-TET,БПЛА аварийного освещения | N-TET,БПЛА аварийного освещения,БПЛА аварийного освещения Workflow | Технические характеристики | Связанное оборудование | FAQ по решению | Запросить решение и КП | Обзор | Технические характеристики | Связанное оборудование | FAQ по решению | Запросить решение и КП | Связанные страницы,true,false,true,true,true,0.853,保持当前本地化关键词落地
/ru/solutions/emergency-reconnaissance-uav,ru,strong,85,БПЛА экстренной разведки,БПЛА экстренной разведки | N-TET,БПЛА экстренной разведки | N-TET,БПЛА экстренной разведки,БПЛА экстренной разведки Workflow | Технические характеристики | Связанное оборудование | FAQ по решению | Запросить решение и КП | Обзор | Технические характеристики | Связанное оборудование | FAQ по решению | Запросить решение и КП | Связанные страницы,true,false,true,true,true,0.841,保持当前本地化关键词落地
/ru/solutions/emergency-search-rescue-uav-solution,ru,partial,70,Решение поисково-спасательного БПЛА,Решение поисково-спасательного БПЛА | N-TET,Решение поисково-спасательного БПЛА | N-TET,Решение поисково-спасательного БПЛА,Связанное оборудование | Связанные кейсы | FAQ по решению | Запросить решение и КП | Обзор | Отраслевые задачи | Как БПЛА повышают эффективность | Решение | Связанное оборудование | Связанные проекты | Технические характеристики | Связанное оборудование | Связанные кейсы | FAQ по решению | Запросить решение и КП | Связанные страницы,true,false,true,false,true,0.785,把主/辅助关键词自然写入 H2
/ru/solutions/high-rise-firefighting-uav-solution,ru,partial,70,Решение БПЛА для тушения высотных пожаров,Решение БПЛА для тушения высотных пожаров | N-TET,Решение БПЛА для тушения высотных пожаров | N-TET,Решение БПЛА для тушения высотных пожаров,Связанное оборудование | FAQ по решению | Запросить решение и КП | Обзор | Отраслевые задачи | Как БПЛА повышают эффективность | Решение | Связанное оборудование | Связанные проекты | Технические характеристики | Связанное оборудование | FAQ по решению | Запросить решение и КП | Связанные страницы,true,false,true,false,true,0.756,把主/辅助关键词自然写入 H2
/ru/solutions/hydroelectric-dam-protection,ru,strong,85,Защита гидроэлектрических плотин,Защита гидроэлектрических плотин | N-TET,Защита гидроэлектрических плотин | N-TET,Защита гидроэлектрических плотин,Защита гидроэлектрических плотин Workflow | ??????? ????????????? ???????????? ??? ??????? | Модули решения | Связанное оборудование | FAQ по решению | Запросить решение и КП | Обзор | Отраслевые проблемы | ??????? ????????????? ???????????? ??? ??????? | Модули решения | Связанное оборудование | FAQ по решению | Запросить решение и КП | Связанные страницы,true,false,true,true,true,0.748,保持当前本地化关键词落地
/ru/solutions/judicial-sector-security,ru,strong,85,Безопасность судебного сектора,Безопасность судебного сектора | N-TET,Безопасность судебного сектора | N-TET,Безопасность судебного сектора,Безопасность судебного сектора Workflow | Технические характеристики | Связанное оборудование | FAQ по решению | Запросить решение и КП | Обзор | Технические характеристики | Связанное оборудование | FAQ по решению | Запросить решение и КП | Связанные страницы,true,false,true,true,true,0.814,保持当前本地化关键词落地
/ru/solutions/land-based-maritime-surveillance,ru,strong,85,Береговое наблюдение и раннее предупреждение,Береговое наблюдение и раннее предупреждение | N-TET,Береговое наблюдение и раннее предупреждение | N-TET,Береговое наблюдение и раннее предупреждение,Береговое наблюдение и раннее предупреждение Workflow | Технические характеристики | Связанное оборудование | FAQ по решению | Запросить решение и КП | Обзор | Технические характеристики | Связанное оборудование | FAQ по решению | Запросить решение и КП | Связанные страницы,true,false,true,true,true,0.876,保持当前本地化关键词落地
/ru/solutions/night-emergency-lighting-support-uav-solution,ru,strong,100,привязной БПЛА для освещения,привязной БПЛА для освещения | дрон для освещения | система освещения БПЛА | дрон аварийного освещения,привязной БПЛА для освещения: решение | N-TET,привязной БПЛА для освещения: решение,привязной БПЛА для освещения: рабочий процесс | Как БПЛА повышают эффективность работ | Модули решения | Связанное оборудование | Связанные кейсы | FAQ по решению | Запросить решение и КП | Обзор | Отраслевые проблемы | Как БПЛА повышают эффективность работ | Модули решения | Связанное оборудование | Связанные кейсы | FAQ по решению | Запросить решение и КП | Связанные страницы,true,true,true,true,true,1.068,保持当前本地化关键词落地
/ru/solutions/oil-production-base-protection,ru,strong,100,oil and gas drone inspection,oil and gas drone inspection | industrial facility inspection UAV | pipeline corridor inspection | oil production site monitoring,Oil and Gas Drone Inspection Solution | N-TET,Oil and Gas Drone Inspection Solution,Oil and Gas Drone Inspection Workflow | Layered Low-Altitude Protection for Oil Production Sites | Модули решения | Связанное оборудование | FAQ по решению | Запросить решение и КП | Обзор | Отраслевые проблемы | Layered Low-Altitude Protection for Oil Production Sites | Модули решения | Связанное оборудование | FAQ по решению | Запросить решение и КП | Связанные страницы,true,true,true,true,true,0.834,保持当前本地化关键词落地
/ru/solutions/post-disaster-emergency-communication-support-uav-solution,ru,strong,100,БПЛА аварийной связи,БПЛА аварийной связи | дрон связи для ликвидации последствий | привязной БПЛА связи | связь общественной безопасности БПЛА,Решение БПЛА аварийной связи | N-TET,Решение БПЛА аварийной связи,Рабочий процесс БПЛА аварийной связи | Как БПЛА повышают эффективность работ | Модули решения | Связанное оборудование | Связанные кейсы | FAQ по решению | Запросить решение и КП | Обзор | Отраслевые проблемы | Как БПЛА повышают эффективность работ | Модули решения | Связанное оборудование | Связанные кейсы | FAQ по решению | Запросить решение и КП | Связанные страницы,true,true,true,true,true,1.101,保持当前本地化关键词落地
/ru/solutions/power-generation-facility-low-altitude-monitoring,ru,strong,85,Защита энергетических объектов от БПЛА,Защита энергетических объектов от БПЛА | N-TET,Защита энергетических объектов от БПЛА | N-TET,Защита энергетических объектов от БПЛА,Защита энергетических объектов от БПЛА Workflow | Технические характеристики | Связанное оборудование | FAQ по решению | Запросить решение и КП | Обзор | Технические характеристики | Связанное оборудование | FAQ по решению | Запросить решение и КП | Связанные страницы,true,false,true,true,true,0.820,保持当前本地化关键词落地
/ru/solutions/power-line-uav-intelligent-inspection-solution,ru,strong,85,БПЛА для инспекции линий электропередачи,БПЛА для инспекции линий электропередачи | инспекция линий электропередачи БПЛА | дрон для инспекции опор | БПЛА для инспекции коммунальных объектов,Решение БПЛА для инспекции линий электропередачи | N-TET,Решение БПЛА для инспекции линий электропередачи,Рабочий процесс инспекции линий электропередачи БПЛА | Как БПЛА повышают эффективность работ | Модули решения | FAQ по решению | Запросить решение и КП | Обзор | Отраслевые проблемы | Как БПЛА повышают эффективность работ | Модули решения | FAQ по решению | Запросить решение и КП | Связанные страницы,true,true,true,false,true,0.865,保持当前本地化关键词落地
/ru/solutions/power-tower-inspection-uav-solution,ru,partial,70,Решение БПЛА для инспекции опор ЛЭП,Решение БПЛА для инспекции опор ЛЭП | N-TET,Решение БПЛА для инспекции опор ЛЭП | N-TET,Решение БПЛА для инспекции опор ЛЭП,Связанное оборудование | Связанные кейсы | FAQ по решению | Запросить решение и КП | Обзор | Отраслевые задачи | Как БПЛА повышают эффективность | Решение | Связанное оборудование | Связанные проекты | Технические характеристики | Связанное оборудование | Связанные кейсы | FAQ по решению | Запросить решение и КП | Связанные страницы,true,false,true,false,true,0.754,把主/辅助关键词自然写入 H2
/ru/solutions/smart-substation-autonomous-inspection-solution,ru,partial,70,Решение автономной инспекции подстанций с БПЛА,Решение автономной инспекции подстанций с БПЛА | N-TET,Решение автономной инспекции подстанций с БПЛА | N-TET,Решение автономной инспекции подстанций с БПЛА,Связанное оборудование | Связанные кейсы | FAQ по решению | Запросить решение и КП | Обзор | Отраслевые задачи | Как БПЛА повышают эффективность | Решение | Связанное оборудование | Связанные проекты | Технические характеристики | Связанное оборудование | Связанные кейсы | FAQ по решению | Запросить решение и КП | Связанные страницы,true,false,true,false,true,0.755,把主/辅助关键词自然写入 H2
/ru/solutions/smart-substation-unattended-uav-inspection-solution,ru,strong,100,автономная инспекция умных подстанций,автономная инспекция умных подстанций | дрон для инспекции подстанций | инспекция энергетических объектов БПЛА | автономная инспекция БПЛА,автономная инспекция умных подстанций: решение | N-TET,автономная инспекция умных подстанций: решение,автономная инспекция умных подстанций: рабочий процесс | How UAVs Upgrade Substation Inspection | Модули решения | Связанное оборудование | Связанные кейсы | FAQ по решению | Запросить решение и КП | Обзор | Отраслевые проблемы | How UAVs Upgrade Substation Inspection | Модули решения | Связанное оборудование | Связанные кейсы | FAQ по решению | Запросить решение и КП | Связанные страницы,true,true,true,true,true,1.002,保持当前本地化关键词落地
/ru/solutions/sports-event-security,ru,strong,85,Безопасность крупных спортивных мероприятий,Безопасность крупных спортивных мероприятий | N-TET,Безопасность крупных спортивных мероприятий | N-TET,Безопасность крупных спортивных мероприятий,Безопасность крупных спортивных мероприятий Workflow | How Integrated Monitoring and Screening Support Large Events | Модули решения | Связанное оборудование | FAQ по решению | Запросить решение и КП | Обзор | Отраслевые проблемы | How Integrated Monitoring and Screening Support Large Events | Модули решения | Связанное оборудование | FAQ по решению | Запросить решение и КП | Связанные страницы,true,false,true,true,true,0.636,保持当前本地化关键词落地
/ru/solutions/tethered-lighting-uav-solution,ru,partial,70,Решение привязного осветительного БПЛА,Решение привязного осветительного БПЛА | N-TET,Решение привязного осветительного БПЛА | N-TET,Решение привязного осветительного БПЛА,Связанное оборудование | Связанные кейсы | FAQ по решению | Запросить решение и КП | Обзор | Отраслевые задачи | Как БПЛА повышают эффективность | Решение | Связанное оборудование | Связанные проекты | Технические характеристики | Связанное оборудование | Связанные кейсы | FAQ по решению | Запросить решение и КП | Связанные страницы,true,false,true,false,true,0.786,把主/辅助关键词自然写入 H2
/ru/solutions/uav-maritime-emergency-rescue,ru,strong,85,Аварийно-спасательные операции БПЛА на море,Аварийно-спасательные операции БПЛА на море | N-TET,Аварийно-спасательные операции БПЛА на море | N-TET,Аварийно-спасательные операции БПЛА на море,Аварийно-спасательные операции БПЛА на море Workflow | Технические характеристики | Связанное оборудование | FAQ по решению | Запросить решение и КП | Обзор | Технические характеристики | Связанное оборудование | FAQ по решению | Запросить решение и КП | Связанные страницы,true,false,true,true,true,0.846,保持当前本地化关键词落地
/ru/solutions/uav-maritime-patrol,ru,strong,85,БПЛА для морского патрулирования,БПЛА для морского патрулирования | дрон для прибрежного мониторинга | БПЛА для пограничного патрулирования | БПЛА для охраны границ,Решение БПЛА для морского патрулирования | N-TET,Решение БПЛА для морского патрулирования,Рабочий процесс морского патрулирования БПЛА | Как БПЛА повышают эффективность работ | Модули решения | Связанное оборудование | Связанные кейсы | FAQ по решению | Запросить решение и КП | Обзор | Отраслевые проблемы | Как БПЛА повышают эффективность работ | Модули решения | Связанное оборудование | Связанные кейсы | FAQ по решению | Запросить решение и КП | Связанные страницы,true,true,true,false,true,1.097,保持当前本地化关键词落地
/ru/solutions/urban-high-rise-firefighting-emergency-uav-solution,ru,strong,100,пожарный БПЛА,пожарный БПЛА | БПЛА для тушения высотных зданий | дрон для пожаротушения | пожарные дроны,пожарный БПЛА: решение | N-TET,пожарный БПЛА: решение,пожарный БПЛА: рабочий процесс | Как БПЛА повышают эффективность работ | Модули решения | Связанное оборудование | Связанные кейсы | FAQ по решению | Запросить решение и КП | Обзор | Отраслевые проблемы | Как БПЛА повышают эффективность работ | Модули решения | Связанное оборудование | Связанные кейсы | FAQ по решению | Запросить решение и КП | Связанные страницы,true,true,true,true,true,1.045,保持当前本地化关键词落地
/ru/solutions/water-conservancy-monitoring-uav-solution,ru,partial,70,Решение БПЛА для мониторинга водного хозяйства,Решение БПЛА для мониторинга водного хозяйства | N-TET,Решение БПЛА для мониторинга водного хозяйства | N-TET,Решение БПЛА для мониторинга водного хозяйства,Связанное оборудование | Связанные кейсы | FAQ по решению | Запросить решение и КП | Обзор | Отраслевые задачи | Как БПЛА повышают эффективность | Решение | Связанное оборудование | Связанные проекты | Технические характеристики | Связанное оборудование | Связанные кейсы | FAQ по решению | Запросить решение и КП | Связанные страницы,true,false,true,false,true,0.762,把主/辅助关键词自然写入 H2
/ru/solutions/water-conservancy-river-lake-uav-monitoring-solution,ru,strong,85,БПЛА для мониторинга водного хозяйства,БПЛА для мониторинга водного хозяйства | БПЛА для инспекции дамб | мониторинг рек и озер БПЛА | дрон для мониторинга паводков,Решение БПЛА для мониторинга водного хозяйства | N-TET,Решение БПЛА для мониторинга водного хозяйства,Рабочий процесс мониторинга водного хозяйства БПЛА | Как БПЛА повышают эффективность работ | Модули решения | Связанное оборудование | Связанные кейсы | FAQ по решению | Запросить решение и КП | Обзор | Отраслевые проблемы | Как БПЛА повышают эффективность работ | Модули решения | Связанное оборудование | Связанные кейсы | FAQ по решению | Запросить решение и КП | Связанные страницы,true,true,true,false,true,1.030,保持当前本地化关键词落地
