route,locale,page_type,compliance_tier,audit_status,audit_score,target_source,target_cluster,primary_keyword,secondary_keywords,suggested_title,suggested_h1,suggested_h2,current_title_hit,current_h1_hit,current_h2_hit,current_body_hit,next_action
/en,en,home,normal,partial,70,google_ads_keyword_library_unplanned,Drone Detection & Airspace Monitoring,industrial UAV systems,low altitude monitoring | UAV inspection drone | emergency response UAV | drone detection equipment | security screening systems,Industrial UAV Systems | N-TET,Industrial UAV Systems,Industrial UAV Systems Overview,true,true,false,true,补入关键词规划表，再决定是否改页面
/en/about,en,brand,normal,weak,45,google_ads_keyword_library_unplanned,Industrial UAV Systems,industrial UAV manufacturer,low altitude monitoring manufacturer | UAV system supplier | security equipment manufacturer | N-TET,Industrial UAV Manufacturer | N-TET,Industrial UAV Manufacturer,Industrial UAV Manufacturer Overview,true,false,false,false,补入关键词规划表，再决定是否改页面
/en/accessories,en,accessory_index,normal,strong,80,google_ads_keyword_library_unplanned,General Drone/UAV Broad,drone accessories,UAV components | UAV gimbal | UAV engine | UAV data link | drone propellers | UAV motors,Drone Accessories | N-TET,Drone Accessories,Drone Accessories Technical Specifications,true,true,true,true,补入关键词规划表，再决定是否改页面
/en/accessories/fc-bt1,en,accessory_detail,normal,strong,85,google_ads_keyword_library_unplanned,General Drone/UAV Broad,FC-BT1 UAV Solid-State Battery,drone accessories | UAV components | industrial UAV parts,FC-BT1 UAV Solid-State Battery | N-TET,FC-BT1 UAV Solid-State Battery,FC-BT1 UAV Solid-State Battery Technical Specifications,true,true,true,true,补入关键词规划表，再决定是否改页面
/en/accessories/fc-bt2,en,accessory_detail,normal,strong,85,google_ads_keyword_library_unplanned,General Drone/UAV Broad,FC-BT2 UAV Solid-State Battery,drone accessories | UAV components | industrial UAV parts,FC-BT2 UAV Solid-State Battery | N-TET,FC-BT2 UAV Solid-State Battery,FC-BT2 UAV Solid-State Battery Technical Specifications,true,true,true,true,补入关键词规划表，再决定是否改页面
/en/accessories/fc-bt3,en,accessory_detail,normal,strong,85,google_ads_keyword_library_unplanned,General Drone/UAV Broad,FC-BT3 High-Voltage UAV Solid-State Battery,drone accessories | UAV components | industrial UAV parts,FC-BT3 High-Voltage UAV Solid-State Battery | N-TET,FC-BT3 High-Voltage UAV Solid-State Battery,FC-BT3 High-Voltage UAV Solid-State Battery Technical Specifications,true,true,true,true,补入关键词规划表，再决定是否改页面
/en/accessories/fc-bt4,en,accessory_detail,normal,strong,85,google_ads_keyword_library_unplanned,General Drone/UAV Broad,FC-BT4 High-Energy UAV Solid-State Battery,drone accessories | UAV components | industrial UAV parts,FC-BT4 High-Energy UAV Solid-State Battery | N-TET,FC-BT4 High-Energy UAV Solid-State Battery,FC-BT4 High-Energy UAV Solid-State Battery Technical Specifications,true,true,true,true,补入关键词规划表，再决定是否改页面
/en/accessories/fc-btg,en,accessory_detail,normal,strong,85,google_ads_keyword_library_unplanned,General Drone/UAV Broad,FC-BTG Training UAV Solid-State Battery,drone accessories | UAV components | industrial UAV parts,FC-BTG Training UAV Solid-State Battery | N-TET,FC-BTG Training UAV Solid-State Battery,FC-BTG Training UAV Solid-State Battery Technical Specifications,true,true,true,true,补入关键词规划表，再决定是否改页面
/en/accessories/fc-c2d-propeller,en,accessory_detail,normal,strong,85,google_ads_keyword_library_unplanned,General Drone/UAV Broad,FC-C2D UAV Propeller,drone accessories | UAV components | industrial UAV parts,FC-C2D UAV Propeller | N-TET,FC-C2D UAV Propeller,FC-C2D UAV Propeller Technical Specifications,true,true,true,true,补入关键词规划表，再决定是否改页面
/en/accessories/fc-c2e-propeller,en,accessory_detail,normal,strong,85,google_ads_keyword_library_unplanned,General Drone/UAV Broad,FC-C2E UAV Propeller,drone accessories | UAV components | industrial UAV parts,FC-C2E UAV Propeller | N-TET,FC-C2E UAV Propeller,FC-C2E UAV Propeller Technical Specifications,true,true,true,true,补入关键词规划表，再决定是否改页面
/en/accessories/fc-c2t-propeller,en,accessory_detail,normal,strong,85,google_ads_keyword_library_unplanned,General Drone/UAV Broad,FC-C2T UAV Propeller,drone accessories | UAV components | industrial UAV parts,FC-C2T UAV Propeller | N-TET,FC-C2T UAV Propeller,FC-C2T UAV Propeller Technical Specifications,true,true,true,true,补入关键词规划表，再决定是否改页面
/en/accessories/fc-c2u-propeller,en,accessory_detail,normal,strong,85,google_ads_keyword_library_unplanned,General Drone/UAV Broad,FC-C2U UAV Propeller,drone accessories | UAV components | industrial UAV parts,FC-C2U UAV Propeller | N-TET,FC-C2U UAV Propeller,FC-C2U UAV Propeller Technical Specifications,true,true,true,true,补入关键词规划表，再决定是否改页面
/en/accessories/fc-c2ud-propeller,en,accessory_detail,normal,strong,85,google_ads_keyword_library_unplanned,General Drone/UAV Broad,FC-C2UD UAV Propeller,drone accessories | UAV components | industrial UAV parts,FC-C2UD UAV Propeller | N-TET,FC-C2UD UAV Propeller,FC-C2UD UAV Propeller Technical Specifications,true,true,true,true,补入关键词规划表，再决定是否改页面
/en/accessories/fc-fdj-111,en,accessory_detail,normal,strong,100,google_ads_keyword_library_unplanned,General Drone/UAV Broad,FC-FDJ-111 UAV Engine,drone accessories | UAV components | industrial UAV parts,FC-FDJ-111 UAV Engine | N-TET,FC-FDJ-111 UAV Engine,FC-FDJ-111 UAV Engine Technical Specifications,true,true,true,true,补入关键词规划表，再决定是否改页面
/en/accessories/fc-fdj-120,en,accessory_detail,normal,strong,100,google_ads_keyword_library_unplanned,General Drone/UAV Broad,FC-FDJ-120 UAV Engine,drone accessories | UAV components | industrial UAV parts,FC-FDJ-120 UAV Engine | N-TET,FC-FDJ-120 UAV Engine,FC-FDJ-120 UAV Engine Technical Specifications,true,true,true,true,补入关键词规划表，再决定是否改页面
/en/accessories/fc-fdj-120hd,en,accessory_detail,normal,strong,100,google_ads_keyword_library_unplanned,General Drone/UAV Broad,FC-FDJ-120HD UAV Engine,drone accessories | UAV components | industrial UAV parts,FC-FDJ-120HD UAV Engine | N-TET,FC-FDJ-120HD UAV Engine,FC-FDJ-120HD UAV Engine Technical Specifications,true,true,true,true,补入关键词规划表，再决定是否改页面
/en/accessories/fc-fdj-170,en,accessory_detail,normal,strong,100,google_ads_keyword_library_unplanned,General Drone/UAV Broad,FC-FDJ-170 UAV Engine,drone accessories | UAV components | industrial UAV parts,FC-FDJ-170 UAV Engine | N-TET,FC-FDJ-170 UAV Engine,FC-FDJ-170 UAV Engine Technical Specifications,true,true,true,true,补入关键词规划表，再决定是否改页面
/en/accessories/fc-fdj-200,en,accessory_detail,normal,strong,100,google_ads_keyword_library_unplanned,General Drone/UAV Broad,FC-FDJ-200 UAV Engine,drone accessories | UAV components | industrial UAV parts,FC-FDJ-200 UAV Engine | N-TET,FC-FDJ-200 UAV Engine,FC-FDJ-200 UAV Engine Technical Specifications,true,true,true,true,补入关键词规划表，再决定是否改页面
/en/accessories/fc-fdj-222,en,accessory_detail,normal,strong,100,google_ads_keyword_library_unplanned,General Drone/UAV Broad,FC-FDJ-222 UAV Engine,drone accessories | UAV components | industrial UAV parts,FC-FDJ-222 UAV Engine | N-TET,FC-FDJ-222 UAV Engine,FC-FDJ-222 UAV Engine Technical Specifications,true,true,true,true,补入关键词规划表，再决定是否改页面
/en/accessories/fc-fdj-430,en,accessory_detail,normal,strong,100,google_ads_keyword_library_unplanned,General Drone/UAV Broad,FC-FDJ-430 UAV Engine,drone accessories | UAV components | industrial UAV parts,FC-FDJ-430 UAV Engine | N-TET,FC-FDJ-430 UAV Engine,FC-FDJ-430 UAV Engine Technical Specifications,true,true,true,true,补入关键词规划表，再决定是否改页面
/en/accessories/fc-fdj-55,en,accessory_detail,normal,strong,100,google_ads_keyword_library_unplanned,General Drone/UAV Broad,FC-FDJ-55 UAV Engine,drone accessories | UAV components | industrial UAV parts,FC-FDJ-55 UAV Engine | N-TET,FC-FDJ-55 UAV Engine,FC-FDJ-55 UAV Engine Technical Specifications,true,true,true,true,补入关键词规划表，再决定是否改页面
/en/accessories/fc-fdj-60,en,accessory_detail,normal,strong,100,google_ads_keyword_library_unplanned,General Drone/UAV Broad,FC-FDJ-60 UAV Engine,drone accessories | UAV components | industrial UAV parts,FC-FDJ-60 UAV Engine | N-TET,FC-FDJ-60 UAV Engine,FC-FDJ-60 UAV Engine Technical Specifications,true,true,true,true,补入关键词规划表，再决定是否改页面
/en/accessories/fc-fdj-61,en,accessory_detail,normal,strong,100,google_ads_keyword_library_unplanned,General Drone/UAV Broad,FC-FDJ-61 UAV Engine,drone accessories | UAV components | industrial UAV parts,FC-FDJ-61 UAV Engine | N-TET,FC-FDJ-61 UAV Engine,FC-FDJ-61 UAV Engine Technical Specifications,true,true,true,true,补入关键词规划表，再决定是否改页面
/en/accessories/fc-fdj-70hd,en,accessory_detail,normal,strong,100,google_ads_keyword_library_unplanned,General Drone/UAV Broad,FC-FDJ-70HD UAV Engine,drone accessories | UAV components | industrial UAV parts,FC-FDJ-70HD UAV Engine | N-TET,FC-FDJ-70HD UAV Engine,FC-FDJ-70HD UAV Engine Technical Specifications,true,true,true,true,补入关键词规划表，再决定是否改页面
/en/accessories/fc-fdj-85,en,accessory_detail,normal,strong,100,google_ads_keyword_library_unplanned,General Drone/UAV Broad,FC-FDJ-85 UAV Engine,drone accessories | UAV components | industrial UAV parts,FC-FDJ-85 UAV Engine | N-TET,FC-FDJ-85 UAV Engine,FC-FDJ-85 UAV Engine Technical Specifications,true,true,true,true,补入关键词规划表，再决定是否改页面
/en/accessories/fc-l10tr-three-light-gimbal,en,accessory_detail,normal,strong,100,google_ads_keyword_library_unplanned,General Drone/UAV Broad,FC-L10TR Electro-Optical Gimbal,drone accessories | UAV components | industrial UAV parts,FC-L10TR Electro-Optical Gimbal | N-TET,FC-L10TR Electro-Optical Gimbal,FC-L10TR Electro-Optical Gimbal Technical Specifications,true,true,true,true,补入关键词规划表，再决定是否改页面
/en/accessories/fc-l40-smart-optical-pod,en,accessory_detail,normal,strong,100,google_ads_keyword_library_unplanned,General Drone/UAV Broad,FC-L40 Electro-Optical Gimbal,drone accessories | UAV components | industrial UAV parts,FC-L40 Electro-Optical Gimbal | N-TET,FC-L40 Electro-Optical Gimbal,FC-L40 Electro-Optical Gimbal Technical Specifications,true,true,true,true,补入关键词规划表，再决定是否改页面
/en/accessories/fc-l40t-dual-light-gimbal,en,accessory_detail,normal,strong,100,google_ads_keyword_library_unplanned,General Drone/UAV Broad,FC-L40T Electro-Optical Gimbal,drone accessories | UAV components | industrial UAV parts,FC-L40T Electro-Optical Gimbal | N-TET,FC-L40T Electro-Optical Gimbal,FC-L40T Electro-Optical Gimbal Technical Specifications,true,true,true,true,补入关键词规划表，再决定是否改页面
/en/accessories/fc-l40tr-smart-optical-pod,en,accessory_detail,normal,strong,100,google_ads_keyword_library_unplanned,General Drone/UAV Broad,FC-L40TR Electro-Optical Gimbal,drone accessories | UAV components | industrial UAV parts,FC-L40TR Electro-Optical Gimbal | N-TET,FC-L40TR Electro-Optical Gimbal,FC-L40TR Electro-Optical Gimbal Technical Specifications,true,true,true,true,补入关键词规划表，再决定是否改页面
/en/accessories/fc-l50-smart-optical-pod,en,accessory_detail,normal,strong,100,google_ads_keyword_library_unplanned,General Drone/UAV Broad,FC-L50 Electro-Optical Gimbal,drone accessories | UAV components | industrial UAV parts,FC-L50 Electro-Optical Gimbal | N-TET,FC-L50 Electro-Optical Gimbal,FC-L50 Electro-Optical Gimbal Technical Specifications,true,true,true,true,补入关键词规划表，再决定是否改页面
/en/accessories/fc-ln100-dual-light-gimbal,en,accessory_detail,normal,strong,100,google_ads_keyword_library_unplanned,General Drone/UAV Broad,FC-LN100 Electro-Optical Gimbal,drone accessories | UAV components | industrial UAV parts,FC-LN100 Electro-Optical Gimbal | N-TET,FC-LN100 Electro-Optical Gimbal,FC-LN100 Electro-Optical Gimbal Technical Specifications,true,true,true,true,补入关键词规划表，再决定是否改页面
/en/accessories/fc-ln95-dual-light-gimbal,en,accessory_detail,normal,strong,100,google_ads_keyword_library_unplanned,General Drone/UAV Broad,FC-LN95 Electro-Optical Gimbal,drone accessories | UAV components | industrial UAV parts,FC-LN95 Electro-Optical Gimbal | N-TET,FC-LN95 Electro-Optical Gimbal,FC-LN95 Electro-Optical Gimbal Technical Specifications,true,true,true,true,补入关键词规划表，再决定是否改页面
/en/accessories/fc-max-5330,en,accessory_detail,normal,strong,100,google_ads_keyword_library_unplanned,General Drone/UAV Broad,FC-MAX 5330 UAV Motor,drone accessories | UAV components | industrial UAV parts,FC-MAX 5330 UAV Motor | N-TET,FC-MAX 5330 UAV Motor,FC-MAX 5330 UAV Motor Technical Specifications,true,true,true,true,补入关键词规划表，再决定是否改页面
/en/accessories/fc-mesh-100,en,accessory_detail,normal,strong,85,google_ads_keyword_library_unplanned,General Drone/UAV Broad,FC-Mesh-100 UAV Data Link,drone accessories | UAV components | industrial UAV parts,FC-Mesh-100 UAV Data Link | N-TET,FC-Mesh-100 UAV Data Link,FC-Mesh-100 UAV Data Link Technical Specifications,true,true,true,true,补入关键词规划表，再决定是否改页面
/en/accessories/fc-mini-l10tr-smart-optical-pod,en,accessory_detail,normal,strong,100,google_ads_keyword_library_unplanned,General Drone/UAV Broad,FC-MiniL10TR Electro-Optical Gimbal,drone accessories | UAV components | industrial UAV parts,FC-MiniL10TR Electro-Optical Gimbal | N-TET,FC-MiniL10TR Electro-Optical Gimbal,FC-MiniL10TR Electro-Optical Gimbal Technical Specifications,true,true,true,true,补入关键词规划表，再决定是否改页面
/en/accessories/fc-pab-propeller,en,accessory_detail,normal,strong,85,google_ads_keyword_library_unplanned,General Drone/UAV Broad,FC-PAB UAV Propeller,drone accessories | UAV components | industrial UAV parts,FC-PAB UAV Propeller | N-TET,FC-PAB UAV Propeller,FC-PAB UAV Propeller Technical Specifications,true,true,true,true,补入关键词规划表，再决定是否改页面
/en/accessories/fc-pad-propeller,en,accessory_detail,normal,strong,85,google_ads_keyword_library_unplanned,General Drone/UAV Broad,FC-PAD UAV Propeller,drone accessories | UAV components | industrial UAV parts,FC-PAD UAV Propeller | N-TET,FC-PAD UAV Propeller,FC-PAD UAV Propeller Technical Specifications,true,true,true,true,补入关键词规划表，再决定是否改页面
/en/accessories/fc-pae-propeller,en,accessory_detail,normal,strong,85,google_ads_keyword_library_unplanned,General Drone/UAV Broad,FC-PAE UAV Propeller,drone accessories | UAV components | industrial UAV parts,FC-PAE UAV Propeller | N-TET,FC-PAE UAV Propeller,FC-PAE UAV Propeller Technical Specifications,true,true,true,true,补入关键词规划表，再决定是否改页面
/en/accessories/fc-pbf-propeller,en,accessory_detail,normal,strong,85,google_ads_keyword_library_unplanned,General Drone/UAV Broad,FC-PBF UAV Propeller,drone accessories | UAV components | industrial UAV parts,FC-PBF UAV Propeller | N-TET,FC-PBF UAV Propeller,FC-PBF UAV Propeller Technical Specifications,true,true,true,true,补入关键词规划表，再决定是否改页面
/en/accessories/fc-rm10x,en,accessory_detail,normal,strong,100,google_ads_keyword_library_unplanned,General Drone/UAV Broad,FC-RM10X UAV Motor,drone accessories | UAV components | industrial UAV parts,FC-RM10X UAV Motor | N-TET,FC-RM10X UAV Motor,FC-RM10X UAV Motor Technical Specifications,true,true,true,true,补入关键词规划表，再决定是否改页面
/en/accessories/fc-rm30,en,accessory_detail,normal,strong,100,google_ads_keyword_library_unplanned,General Drone/UAV Broad,FC-RM30 UAV Motor,drone accessories | UAV components | industrial UAV parts,FC-RM30 UAV Motor | N-TET,FC-RM30 UAV Motor,FC-RM30 UAV Motor Technical Specifications,true,true,true,true,补入关键词规划表，再决定是否改页面
/en/accessories/fc-sjl-100,en,accessory_detail,normal,strong,85,google_ads_keyword_library_unplanned,General Drone/UAV Broad,FC-SJL-100 UAV Data Link,drone accessories | UAV components | industrial UAV parts,FC-SJL-100 UAV Data Link | N-TET,FC-SJL-100 UAV Data Link,FC-SJL-100 UAV Data Link Technical Specifications,true,true,true,true,补入关键词规划表，再决定是否改页面
/en/accessories/fc-sjl-200,en,accessory_detail,normal,strong,85,google_ads_keyword_library_unplanned,General Drone/UAV Broad,FC-SJL-200 UAV Data Link,drone accessories | UAV components | industrial UAV parts,FC-SJL-200 UAV Data Link | N-TET,FC-SJL-200 UAV Data Link,FC-SJL-200 UAV Data Link Technical Specifications,true,true,true,true,补入关键词规划表，再决定是否改页面
/en/accessories/fc-sjl-30,en,accessory_detail,normal,strong,85,google_ads_keyword_library_unplanned,General Drone/UAV Broad,FC-SJL-30 UAV Data Link,drone accessories | UAV components | industrial UAV parts,FC-SJL-30 UAV Data Link | N-TET,FC-SJL-30 UAV Data Link,FC-SJL-30 UAV Data Link Technical Specifications,true,true,true,true,补入关键词规划表，再决定是否改页面
/en/accessories/fc-sjl-380,en,accessory_detail,normal,strong,85,google_ads_keyword_library_unplanned,General Drone/UAV Broad,FC-SJL-380 UAV Data Link,drone accessories | UAV components | industrial UAV parts,FC-SJL-380 UAV Data Link | N-TET,FC-SJL-380 UAV Data Link,FC-SJL-380 UAV Data Link Technical Specifications,true,true,true,true,补入关键词规划表，再决定是否改页面
/en/accessories/fc-sjl-50,en,accessory_detail,normal,strong,85,google_ads_keyword_library_unplanned,General Drone/UAV Broad,FC-SJL-50 UAV Data Link,drone accessories | UAV components | industrial UAV parts,FC-SJL-50 UAV Data Link | N-TET,FC-SJL-50 UAV Data Link,FC-SJL-50 UAV Data Link Technical Specifications,true,true,true,true,补入关键词规划表，再决定是否改页面
/en/accessories/fc-u10-pro,en,accessory_detail,normal,strong,85,google_ads_keyword_library_unplanned,General Drone/UAV Broad,FC-U10-PRO Flight Controller,drone accessories | UAV components | industrial UAV parts,FC-U10-PRO Flight Controller | N-TET,FC-U10-PRO Flight Controller,FC-U10-PRO Flight Controller Technical Specifications,true,true,true,true,补入关键词规划表，再决定是否改页面
/en/accessories/fc-u110,en,accessory_detail,normal,strong,100,google_ads_keyword_library_unplanned,General Drone/UAV Broad,FC-U110 UAV Motor,drone accessories | UAV components | industrial UAV parts,FC-U110 UAV Motor | N-TET,FC-U110 UAV Motor,FC-U110 UAV Motor Technical Specifications,true,true,true,true,补入关键词规划表，再决定是否改页面
/en/accessories/fc-u12,en,accessory_detail,normal,strong,85,google_ads_keyword_library_unplanned,General Drone/UAV Broad,FC-U12 Flight Controller,drone accessories | UAV components | industrial UAV parts,FC-U12 Flight Controller | N-TET,FC-U12 Flight Controller,FC-U12 Flight Controller Technical Specifications,true,true,true,true,补入关键词规划表，再决定是否改页面
/en/accessories/fc-u8013,en,accessory_detail,normal,strong,100,google_ads_keyword_library_unplanned,General Drone/UAV Broad,FC-U8013 UAV Motor,drone accessories | UAV components | industrial UAV parts,FC-U8013 UAV Motor | N-TET,FC-U8013 UAV Motor,FC-U8013 UAV Motor Technical Specifications,true,true,true,true,补入关键词规划表，再决定是否改页面
/en/accessories/fc-u9-ag,en,accessory_detail,normal,strong,85,google_ads_keyword_library_unplanned,General Drone/UAV Broad,FC-U9-AG Agricultural Flight Controller,drone accessories | UAV components | industrial UAV parts,FC-U9-AG Agricultural Flight Controller | N-TET,FC-U9-AG Agricultural Flight Controller,FC-U9-AG Agricultural Flight Controller Technical Specifications,true,true,true,true,补入关键词规划表，再决定是否改页面
/en/accessories/fc-w2u-propeller,en,accessory_detail,normal,strong,85,google_ads_keyword_library_unplanned,General Drone/UAV Broad,FC-W2U UAV Propeller,drone accessories | UAV components | industrial UAV parts,FC-W2U UAV Propeller | N-TET,FC-W2U UAV Propeller,FC-W2U UAV Propeller Technical Specifications,true,true,true,true,补入关键词规划表，再决定是否改页面
/en/accessories/fc-x8030,en,accessory_detail,normal,strong,100,google_ads_keyword_library_unplanned,General Drone/UAV Broad,FC-X8030 UAV Motor,drone accessories | UAV components | industrial UAV parts,FC-X8030 UAV Motor | N-TET,FC-X8030 UAV Motor,FC-X8030 UAV Motor Technical Specifications,true,true,true,true,补入关键词规划表，再决定是否改页面
/en/accessories/fc-xh14,en,accessory_detail,normal,strong,100,google_ads_keyword_library_unplanned,General Drone/UAV Broad,FC-XH14 UAV Motor,drone accessories | UAV components | industrial UAV parts,FC-XH14 UAV Motor | N-TET,FC-XH14 UAV Motor,FC-XH14 UAV Motor Technical Specifications,true,true,true,true,补入关键词规划表，再决定是否改页面
/en/accessories/fc-yk15-remote-controller,en,accessory_detail,normal,strong,100,google_ads_keyword_library_unplanned,General Drone/UAV Broad,FC-YK15 UAV Remote Controller,drone accessories | UAV components | industrial UAV parts,FC-YK15 UAV Remote Controller | N-TET,FC-YK15 UAV Remote Controller,FC-YK15 UAV Remote Controller Technical Specifications,true,true,true,true,补入关键词规划表，再决定是否改页面
/en/accessories/fc-yk24-remote-controller,en,accessory_detail,normal,strong,85,google_ads_keyword_library_unplanned,General Drone/UAV Broad,FC-YK24 UAV Remote Controller,drone accessories | UAV components | industrial UAV parts,FC-YK24 UAV Remote Controller | N-TET,FC-YK24 UAV Remote Controller,FC-YK24 UAV Remote Controller Technical Specifications,true,true,true,true,补入关键词规划表，再决定是否改页面
/en/accessories/fc-yk32-remote-controller,en,accessory_detail,normal,strong,85,google_ads_keyword_library_unplanned,General Drone/UAV Broad,FC-YK32 UAV Remote Controller,drone accessories | UAV components | industrial UAV parts,FC-YK32 UAV Remote Controller | N-TET,FC-YK32 UAV Remote Controller,FC-YK32 UAV Remote Controller Technical Specifications,true,true,true,true,补入关键词规划表，再决定是否改页面
/en/accessories/fc-ykrc7-remote-controller,en,accessory_detail,normal,strong,85,google_ads_keyword_library_unplanned,General Drone/UAV Broad,FC-YKRC7 UAV Remote Controller,drone accessories | UAV components | industrial UAV parts,FC-YKRC7 UAV Remote Controller | N-TET,FC-YKRC7 UAV Remote Controller,FC-YKRC7 UAV Remote Controller Technical Specifications,true,true,true,true,补入关键词规划表，再决定是否改页面
/en/cases,en,case_index,normal,strong,100,inferred_from_page_topic,Industrial UAV Systems,UAV inspection cases,power line UAV patrol | low altitude monitoring case | water conservancy UAV patrol | refinery monitoring case,UAV Inspection Cases Case | N-TET,UAV Inspection Cases,UAV Inspection Cases Project Overview,true,true,true,true,按案例场景词做 E-E-A-T 支撑页，不强制接广告词
/en/cases/anhui-flood-season-uav-patrol,en,case_detail,normal,strong,100,inferred_from_page_topic,Industrial UAV Systems,Anhui Flood-Season Emergency UAV Patrol,N-TET,Anhui Flood-Season Emergency UAV Patrol Case | N-TET,Anhui Flood-Season Emergency UAV Patrol,Anhui Flood-Season Emergency UAV Patrol Project Overview,true,true,true,true,按案例场景词做 E-E-A-T 支撑页，不强制接广告词
/en/cases/brazil-refinery-low-altitude-monitoring,en,case_detail,normal,strong,100,inferred_from_page_topic,Deployment Case Evidence,Airspace Monitoring Case of a Refinery in Brazil,N-TET,Airspace Monitoring Case Of A Refinery In Brazil Case | N-TET,Airspace Monitoring Case Of A Refinery In Brazil,Airspace Monitoring Case Of A Refinery In Brazil Project Overview,true,true,true,true,按案例场景词做 E-E-A-T 支撑页，不强制接广告词
/en/cases/ice-snow-emergency-uav-inspection,en,case_detail,normal,strong,100,inferred_from_page_topic,Industrial UAV Systems,Ice and Snow Disaster Emergency UAV Inspection,N-TET,Ice And Snow Disaster Emergency UAV Inspection Case | N-TET,Ice And Snow Disaster Emergency UAV Inspection,Ice And Snow Disaster Emergency UAV Inspection Project Overview,true,true,true,true,按案例场景词做 E-E-A-T 支撑页，不强制接广告词
/en/cases/lidar-tree-obstruction-uav-inspection,en,case_detail,normal,strong,100,inferred_from_page_topic,Industrial UAV Systems,LiDAR Tree-Obstruction UAV Inspection,N-TET,LiDAR Tree-Obstruction UAV Inspection Case | N-TET,LiDAR Tree-Obstruction UAV Inspection,LiDAR Tree-Obstruction UAV Inspection Project Overview,true,true,true,true,按案例场景词做 E-E-A-T 支撑页，不强制接广告词
/en/cases/nigeria-factory-low-altitude-monitoring,en,case_detail,normal,strong,100,inferred_from_page_topic,Deployment Case Evidence,Airspace Monitoring Case of a Group Factory in Nigeria,N-TET,Airspace Monitoring Case Of A Group Factory In Nigeria Case | N-TET,Airspace Monitoring Case Of A Group Factory In Nigeria,Airspace Monitoring Case Of A Group Factory In Nigeria Project Overview,true,true,true,true,按案例场景词做 E-E-A-T 支撑页，不强制接广告词
/en/cases/pakistan-power-plant-low-altitude-monitoring,en,case_detail,normal,strong,100,inferred_from_page_topic,Deployment Case Evidence,Airspace Monitoring Case of a Power Plant in Pakistan,N-TET,Airspace Monitoring Case Of A Power Plant In Pakistan Case | N-TET,Airspace Monitoring Case Of A Power Plant In Pakistan,Airspace Monitoring Case Of A Power Plant In Pakistan Project Overview,true,true,true,true,按案例场景词做 E-E-A-T 支撑页，不强制接广告词
/en/cases/southern-grid-wildfire-uav-inspection,en,case_detail,normal,strong,100,inferred_from_page_topic,Industrial UAV Systems,Southern Grid Wildfire Prevention UAV Inspection,N-TET,Southern Grid Wildfire Prevention UAV Inspection Case | N-TET,Southern Grid Wildfire Prevention UAV Inspection,Southern Grid Wildfire Prevention UAV Inspection Project Overview,true,true,true,true,按案例场景词做 E-E-A-T 支撑页，不强制接广告词
/en/cases/wildfire-emergency-transmission-line-uav-patrol,en,case_detail,normal,strong,100,inferred_from_page_topic,Industrial UAV Systems,Wildfire Emergency Transmission-Line UAV Patrol,N-TET,Wildfire Emergency Transmission-Line UAV Patrol Case | N-TET,Wildfire Emergency Transmission-Line UAV Patrol,Wildfire Emergency Transmission-Line UAV Patrol Project Overview,true,true,true,true,按案例场景词做 E-E-A-T 支撑页，不强制接广告词
/en/cases/zhaoqing-long-distance-power-line-uav-inspection,en,case_detail,normal,strong,100,inferred_from_page_topic,Industrial UAV Systems,Zhaoqing Long-Distance Power-Line UAV Inspection,N-TET,Zhaoqing Long-Distance Power-Line UAV Inspection Case | N-TET,Zhaoqing Long-Distance Power-Line UAV Inspection,Zhaoqing Long-Distance Power-Line UAV Inspection Project Overview,true,true,true,true,按案例场景词做 E-E-A-T 支撑页，不强制接广告词
/en/contact,en,conversion,normal,strong,100,google_ads_planned_cluster,Industrial UAV Quote,industrial UAV quote,UAV system supplier | drone inspection solution | emergency response UAV | low altitude monitoring equipment,Industrial UAV Quote & Project Consultation | N-TET,Industrial UAV Quote,Industrial UAV Quote Overview,true,true,true,true,按广告关键词规划改 title、description、H1、H2、首段
/en/media,en,media_index,normal,strong,100,inferred_from_page_topic,Industrial UAV Systems,industrial UAV news,low altitude economy | tethered UAV surveillance | industrial UAV redundancy | border surveillance UAV network,Industrial UAV News Insights | N-TET,Industrial UAV News,Industrial UAV News Insights,true,true,true,true,按文章主题词做资讯 SEO，不强制接广告词
/en/media/border-surveillance-uav-network-2026,en,media_detail,normal,partial,70,inferred_from_page_topic,Perimeter Intelligence,UAV and EO/IR Networks Improve Remote Patrol Visibility,N-TET,UAV And EO/IR Networks Improve Remote Patrol Visibility Insights | N-TET,UAV And EO/IR Networks Improve Remote Patrol Visibility,UAV And EO/IR Networks Improve Remote Patrol Visibility Insights,true,true,false,true,按文章主题词做资讯 SEO，不强制接广告词
/en/media/industrial-uav-redundancy-2026,en,media_detail,normal,partial,70,inferred_from_page_topic,Industrial UAV Systems,Dual-Redundant Flight Control: How Industrial UAVs Achieve Mission-Grade Reliability,N-TET,Dual-Redundant Flight Control: How Industrial UAVs Achieve Mission-Grade Reliability Insights | N-TET,Dual-Redundant Flight Control: How Industrial UAVs Achieve Mission-Grade Reliability,Dual-Redundant Flight Control: How Industrial UAVs Achieve Mission-Grade Reliability Insights,true,true,false,true,按文章主题词做资讯 SEO，不强制接广告词
/en/media/low-altitude-economy-2026-outlook,en,media_detail,normal,partial,70,inferred_from_page_topic,Industry Insight Content,China's Low-Altitude Economy: 2026 Outlook on a Two-Trillion-RMB Trajectory,N-TET,China's Low-Altitude Economy: 2026 Outlook On A Two-Trillion-RMB Trajectory Insights | N-TET,China's Low-Altitude Economy: 2026 Outlook On A Two-Trillion-RMB Trajectory,China's Low-Altitude Economy: 2026 Outlook On A Two-Trillion-RMB Trajectory Insights,true,true,false,true,按文章主题词做资讯 SEO，不强制接广告词
/en/media/tethered-uav-persistent-surveillance-2026,en,media_detail,normal,partial,70,inferred_from_page_topic,Industrial UAV Systems,Tethered UAVs: Continuous Aerial Monitoring for Events and Remote Sites,N-TET,Tethered UAVs: Continuous Aerial Monitoring For Events And Remote Sites Insights | N-TET,Tethered UAVs: Continuous Aerial Monitoring For Events And Remote Sites,Tethered UAVs: Continuous Aerial Monitoring For Events And Remote Sites Insights,true,true,false,true,按文章主题词做资讯 SEO，不强制接广告词
/en/products,en,product_index,normal,partial,65,google_ads_planned_cluster,Industrial UAV Systems,industrial UAV systems,UAV inspection drone | emergency response UAV | low altitude monitoring equipment,Industrial UAV Systems | N-TET,Industrial UAV Systems,Industrial UAV Systems Technical Specifications,true,false,false,true,按广告关键词规划改 title、description、H1、H2、首段
/en/products/bailey-bridge,en,product_detail,normal,strong,100,inferred_from_page_topic,Engineering Materials,Bailey Steel Bridge Overview,engineering materials | Bailey steel bridge | infrastructure support equipment | N-TET,Bailey Steel Bridge Overview | N-TET,Bailey Steel Bridge Overview,Bailey Steel Bridge Overview Technical Specifications,true,true,true,true,按产品名称和品类词做长尾 SEO，不强制接广告词
/en/products/composite-electro-optical-tracking-system,en,product_detail,neutral_seo,strong,100,google_ads_keyword_library_unplanned,Drone Detection & Airspace Monitoring,Electro-Optical EO Tracking System,low altitude monitoring equipment | drone detection equipment | airspace monitoring system | N-TET,Electro-Optical EO Tracking System | N-TET,Electro-Optical EO Tracking System,Electro-Optical EO Tracking System Technical Specifications,true,true,true,true,补入关键词规划表，再决定是否改页面
/en/products/containerized-medical-rescue-system,en,product_detail,normal,strong,100,inferred_from_page_topic,Field Hospital Systems,Containerized Medical Rescue System,field hospital system | emergency medical shelter | N-TET,Containerized Medical Rescue System | N-TET,Containerized Medical Rescue System,Containerized Medical Rescue System Technical Specifications,true,true,true,true,按产品名称和品类词做长尾 SEO，不强制接广告词
/en/products/emergency-search-rescue-drone,en,product_detail,normal,strong,100,google_ads_keyword_library_unplanned,Search & Rescue UAV,thermal drones for search and rescue,search and rescue drone | search and rescue UAV | drone rescue | Emergency Search & Rescue Drone | industrial UAV systems | UAV inspection drone,Thermal Drones For Search And Rescue | N-TET,Thermal Drones For Search And Rescue,Thermal Drones For Search And Rescue Technical Specifications,true,true,true,true,补入关键词规划表，再决定是否改页面
/en/products/fbg-g15-fc06-explosion-containment-vessel,en,product_detail,normal,strong,100,inferred_from_page_topic,Brand and Product Support,Explosion Containment Vessel FBG-G1.5-FC06,security screening equipment | X-ray baggage scanner | walk-through metal detector | N-TET,Explosion Containment Vessel FBG-G1.5-FC06 | N-TET,Explosion Containment Vessel FBG-G1.5-FC06,Explosion Containment Vessel FBG-G1.5-FC06 Technical Specifications,true,true,true,true,按产品名称和品类词做长尾 SEO，不强制接广告词
/en/products/fbt-fc09-explosion-protection-blanket,en,product_detail,normal,strong,100,inferred_from_page_topic,Brand and Product Support,Explosion Protection Blanket FBT-FC09,security screening equipment | X-ray baggage scanner | walk-through metal detector | N-TET,Explosion Protection Blanket FBT-FC09 | N-TET,Explosion Protection Blanket FBT-FC09,Explosion Protection Blanket FBT-FC09 Technical Specifications,true,true,true,true,按产品名称和品类词做长尾 SEO，不强制接广告词
/en/products/fc-3000-ferromagnetic-detection-column,en,product_detail,normal,strong,100,inferred_from_page_topic,Brand and Product Support,Intelligent Ferromagnetic Detection System FC-3000,security screening equipment | X-ray baggage scanner | walk-through metal detector | N-TET,Intelligent Ferromagnetic Detection System FC-3000 | N-TET,Intelligent Ferromagnetic Detection System FC-3000,Intelligent Ferromagnetic Detection System FC-3000 Technical Specifications,true,true,true,true,按产品名称和品类词做长尾 SEO，不强制接广告词
/en/products/fc-c-deluxe-walk-through-metal-detector,en,product_detail,normal,strong,100,inferred_from_page_topic,Security Screening Equipment,Walk-Through Metal Detector FC-C Deluxe,security screening equipment | X-ray baggage scanner | walk-through metal detector | N-TET,Walk-Through Metal Detector FC-C Deluxe | N-TET,Walk-Through Metal Detector FC-C Deluxe,Walk-Through Metal Detector FC-C Deluxe Technical Specifications,true,true,true,true,按产品名称和品类词做长尾 SEO，不强制接广告词
/en/products/fc-c-lcd-walk-through-metal-detector,en,product_detail,normal,strong,100,inferred_from_page_topic,Security Screening Equipment,Walk-Through Metal Detector FC-C LCD,12-Zone | security screening equipment | X-ray baggage scanner | walk-through metal detector | N-TET,Walk-Through Metal Detector FC-C LCD | N-TET,Walk-Through Metal Detector FC-C LCD,Walk-Through Metal Detector FC-C LCD Technical Specifications,true,true,true,true,按产品名称和品类词做长尾 SEO，不强制接广告词
/en/products/fc-dlxj-01-power-grid-inspection-drone,en,product_detail,normal,strong,100,google_ads_keyword_library_unplanned,Power Line & Transmission Tower Inspection UAV | Utility Inspection UAV,drone power line inspection,power line inspection drone | UAV power line inspection | utility inspection drone | Power Grid Inspection Drone | industrial UAV systems | UAV inspection drone,Drone Power Line Inspection | N-TET,Drone Power Line Inspection,Drone Power Line Inspection Technical Specifications,true,true,true,true,补入关键词规划表，再决定是否改页面
/en/products/fc-dma-long-range-optical-turntable,en,product_detail,normal,strong,100,inferred_from_page_topic,Perimeter Intelligence,FC-DMA Multi-Spectral EO/IR PTZ Turret,perimeter intelligence | electro optical surveillance | radar vision fusion system | N-TET,FC-DMA Multi-Spectral EO/IR PTZ Turret | N-TET,FC-DMA Multi-Spectral EO/IR PTZ Turret,FC-DMA Multi-Spectral EO/IR PTZ Turret Technical Specifications,true,true,true,true,按产品名称和品类词做长尾 SEO，不强制接广告词
/en/products/fc-dms10-smart-electronic-sentinel,en,product_detail,normal,strong,100,inferred_from_page_topic,Perimeter Intelligence,FC-DMS10 Series Smart Electronic Sentinel,perimeter intelligence | electro optical surveillance | radar vision fusion system | N-TET,FC-DMS10 Series Smart Electronic Sentinel | N-TET,FC-DMS10 Series Smart Electronic Sentinel,FC-DMS10 Series Smart Electronic Sentinel Technical Specifications,true,true,true,true,按产品名称和品类词做长尾 SEO，不强制接广告词
/en/products/fc-dtvc-dual-band-thermal-ptz,en,product_detail,normal,strong,100,inferred_from_page_topic,Brand and Product Support,FC-DTVC Series Dual-Band Thermal High-Speed Dome,perimeter intelligence | electro optical surveillance | radar vision fusion system | N-TET,FC-DTVC Series Dual-Band Thermal High-Speed Dome | N-TET,FC-DTVC Series Dual-Band Thermal High-Speed Dome,FC-DTVC Series Dual-Band Thermal High-Speed Dome Technical Specifications,true,true,true,true,按产品名称和品类词做长尾 SEO，不强制接广告词
/en/products/fc-h-smart-phone-detection-gate,en,product_detail,normal,strong,100,inferred_from_page_topic,Brand and Product Support,Smart Phone Detection Gate FC-H,security screening equipment | X-ray baggage scanner | walk-through metal detector | N-TET,Smart Phone Detection Gate FC-H | N-TET,Smart Phone Detection Gate FC-H,Smart Phone Detection Gate FC-H Technical Specifications,true,true,true,true,按产品名称和品类词做长尾 SEO，不强制接广告词
/en/products/fc-h-smart-phone-detection-gate-29in,en,product_detail,normal,strong,100,inferred_from_page_topic,Brand and Product Support,Smart Phone Detection Gate FC-H 29-inch Display,security screening equipment | X-ray baggage scanner | walk-through metal detector | N-TET,Smart Phone Detection Gate FC-H 29-inch Display | N-TET,Smart Phone Detection Gate FC-H 29-inch Display,Smart Phone Detection Gate FC-H 29-inch Display Technical Specifications,true,true,true,true,按产品名称和品类词做长尾 SEO，不强制接广告词
/en/products/fc-pd500-personal-radiation-dose-alarm,en,product_detail,normal,strong,100,inferred_from_page_topic,Radiation Detection Equipment,FC-PD500 X-γ Personal Radiation Dose Alarm,security screening equipment | X-ray baggage scanner | walk-through metal detector | N-TET,FC-PD500 X-γ Personal Radiation Dose Alarm | N-TET,FC-PD500 X-γ Personal Radiation Dose Alarm,FC-PD500 X-γ Personal Radiation Dose Alarm Technical Specifications,true,true,true,true,按产品名称和品类词做长尾 SEO，不强制接广告词
/en/products/fc-rc-series-hd-laser-camera,en,product_detail,normal,strong,100,inferred_from_page_topic,Perimeter Intelligence,FC-RC Series HD Long-Range Laser Camera,perimeter intelligence | electro optical surveillance | radar vision fusion system | N-TET,FC-RC Series HD Long-Range Laser Camera | N-TET,FC-RC Series HD Long-Range Laser Camera,FC-RC Series HD Long-Range Laser Camera Technical Specifications,true,true,true,true,按产品名称和品类词做长尾 SEO，不强制接广告词
/en/products/fc-rds500-4r-radar-vision-sentinel,en,product_detail,normal,strong,100,inferred_from_page_topic,Perimeter Intelligence,FC-RDS500-4R Radar-Vision Fusion System,perimeter intelligence | electro optical surveillance | radar vision fusion system | N-TET,FC-RDS500-4R Radar-Vision Fusion System | N-TET,FC-RDS500-4R Radar-Vision Fusion System,FC-RDS500-4R Radar-Vision Fusion System Technical Specifications,true,true,true,true,按产品名称和品类词做长尾 SEO，不强制接广告词
/en/products/fc-sljc-01-water-conservancy-monitoring-drone,en,product_detail,normal,strong,100,google_ads_keyword_library_unplanned,Water Conservancy Monitoring UAV,water conservancy monitoring UAV,dam inspection UAV | river lake UAV monitoring | flood monitoring drone | industrial UAV systems | UAV inspection drone | emergency response UAV,Water Conservancy Monitoring UAV | N-TET,Water Conservancy Monitoring UAV,Water Conservancy Monitoring UAV Technical Specifications,true,true,true,true,补入关键词规划表，再决定是否改页面
/en/products/fc-smart-swing-turnstile,en,product_detail,normal,strong,100,inferred_from_page_topic,Brand and Product Support,Deluxe Smart Swing Turnstile,security screening equipment | X-ray baggage scanner | walk-through metal detector | N-TET,Deluxe Smart Swing Turnstile | N-TET,Deluxe Smart Swing Turnstile,Deluxe Smart Swing Turnstile Technical Specifications,true,true,true,true,按产品名称和品类词做长尾 SEO，不强制接广告词
/en/products/fc-ttvc-intelligent-multi-band-camera,en,product_detail,normal,strong,100,inferred_from_page_topic,Perimeter Intelligence,FC-TTVC Series Intelligent Multi-Band Camera,perimeter intelligence | electro optical surveillance | radar vision fusion system | N-TET,FC-TTVC Series Intelligent Multi-Band Camera | N-TET,FC-TTVC Series Intelligent Multi-Band Camera,FC-TTVC Series Intelligent Multi-Band Camera Technical Specifications,true,true,true,true,按产品名称和品类词做长尾 SEO，不强制接广告词
/en/products/fc-yjtx-01-emergency-communication-drone,en,product_detail,normal,strong,100,google_ads_keyword_library_unplanned,Emergency Communication UAV,emergency communication UAV,disaster response communication drone | tethered communication UAV | public safety UAV communications | Emergency Communication Tethered UAV | industrial UAV systems | UAV inspection drone,Emergency Communication UAV | N-TET,Emergency Communication UAV,Emergency Communication UAV Technical Specifications,true,true,true,true,补入关键词规划表，再决定是否改页面
/en/products/fc-yjxf-01-aerial-firefighting-drone,en,product_detail,normal,strong,100,google_ads_keyword_library_unplanned,Firefighting UAV | High-Rise Firefighting UAV,firefighting drone,drone fire fighting | drone for fire fighting | high-rise firefighting UAV | High-Rise Firefighting Tethered UAV | industrial UAV systems | UAV inspection drone,Firefighting Drone | N-TET,Firefighting Drone,Firefighting Drone Technical Specifications,true,true,true,true,补入关键词规划表，再决定是否改页面
/en/products/fc-yjzc-01-emergency-reconnaissance-drone,en,product_detail,normal,strong,100,google_ads_keyword_library_unplanned,Search & Rescue UAV,search and rescue drone,drone rescue | emergency reconnaissance drone | disaster response UAV | Emergency Response Drone | industrial UAV systems | UAV inspection drone,Search And Rescue Drone | N-TET,Search And Rescue Drone,Search And Rescue Drone Technical Specifications,true,true,true,true,补入关键词规划表，再决定是否改页面
/en/products/fc-yjzm-01-emergency-lighting-drone,en,product_detail,normal,strong,100,google_ads_keyword_library_unplanned,Tethered Lighting UAV,drone lighting,UAV lighting | tethered lighting UAV | emergency lighting drone | Tethered Lighting UAV | industrial UAV systems | UAV inspection drone,Drone Lighting | N-TET,Drone Lighting,Drone Lighting Technical Specifications,true,true,true,true,补入关键词规划表，再决定是否改页面
/en/products/fc-yqxj-01-utility-inspection-drone,en,product_detail,normal,strong,100,google_ads_planned_cluster,Utility Inspection UAV | Pipeline Inspection UAV,pipeline inspection drones,UAV pipeline inspection | oil and gas drone inspection | drone pipeline inspection | Oil & Gas Pipeline Inspection Drone | industrial UAV systems | UAV inspection drone,Pipeline Inspection Drones | N-TET,Pipeline Inspection Drones,Pipeline Inspection Drones Technical Specifications,true,true,true,true,按广告关键词规划改 title、description、H1、H2、首段
/en/products/fc1500-handheld-liquid-detector,en,product_detail,normal,strong,100,inferred_from_page_topic,Brand and Product Support,Handheld Liquid Detector FC1500,security screening equipment | X-ray baggage scanner | walk-through metal detector | N-TET,Handheld Liquid Detector FC1500 | N-TET,Handheld Liquid Detector FC1500,Handheld Liquid Detector FC1500 Technical Specifications,true,true,true,true,按产品名称和品类词做长尾 SEO，不强制接广告词
/en/products/fc1500b-desktop-liquid-security-inspector,en,product_detail,normal,strong,100,inferred_from_page_topic,Security Screening Equipment,Desktop Liquid Security Inspector FC1500B,security screening equipment | X-ray baggage scanner | walk-through metal detector | N-TET,Desktop Liquid Security Inspector FC1500B | N-TET,Desktop Liquid Security Inspector FC1500B,Desktop Liquid Security Inspector FC1500B Technical Specifications,true,true,true,true,按产品名称和品类词做长尾 SEO，不强制接广告词
/en/products/fc1800b-portable-explosives-and-narcotics-detector,en,product_detail,normal,strong,100,inferred_from_page_topic,Brand and Product Support,Portable Explosives & Narcotics Detector FC1800B,security screening equipment | X-ray baggage scanner | walk-through metal detector | N-TET,Portable Explosives & Narcotics Detector FC1800B | N-TET,Portable Explosives & Narcotics Detector FC1800B,Portable Explosives & Narcotics Detector FC1800B Technical Specifications,true,true,true,true,按产品名称和品类词做长尾 SEO，不强制接广告词
/en/products/fc1800t-desktop-explosives-narcotics-detector,en,product_detail,normal,strong,100,inferred_from_page_topic,Brand and Product Support,Desktop Explosives & Narcotics Detector FC1800T,security screening equipment | X-ray baggage scanner | walk-through metal detector | N-TET,Desktop Explosives & Narcotics Detector FC1800T | N-TET,Desktop Explosives & Narcotics Detector FC1800T,Desktop Explosives & Narcotics Detector FC1800T Technical Specifications,true,true,true,true,按产品名称和品类词做长尾 SEO，不强制接广告词
/en/products/fc2088-handheld-metal-detector,en,product_detail,normal,strong,100,inferred_from_page_topic,Security Screening Equipment,Handheld Metal Detector FC2088,security screening equipment | X-ray baggage scanner | walk-through metal detector | N-TET,Handheld Metal Detector FC2088 | N-TET,Handheld Metal Detector FC2088,Handheld Metal Detector FC2088 Technical Specifications,true,true,true,true,按产品名称和品类词做长尾 SEO，不强制接广告词
/en/products/fc4028-neutron-ambient-dose-rate-meter,en,product_detail,normal,strong,100,inferred_from_page_topic,Radiation Detection Equipment,FC4028 Neutron Ambient Dose Equivalent Rate Meter,security screening equipment | X-ray baggage scanner | walk-through metal detector | N-TET,FC4028 Neutron Ambient Dose Equivalent Rate Meter | N-TET,FC4028 Neutron Ambient Dose Equivalent Rate Meter,FC4028 Neutron Ambient Dose Equivalent Rate Meter Technical Specifications,true,true,true,true,按产品名称和品类词做长尾 SEO，不强制接广告词
/en/products/fc5030-compact-x-ray-baggage-scanner,en,product_detail,normal,strong,100,inferred_from_page_topic,Security Screening Equipment,X-Ray Baggage Scanner FC5030,security screening equipment | X-ray baggage scanner | walk-through metal detector | N-TET,X-Ray Baggage Scanner FC5030 | N-TET,X-Ray Baggage Scanner FC5030,X-Ray Baggage Scanner FC5030 Technical Specifications,true,true,true,true,按产品名称和品类词做长尾 SEO，不强制接广告词
/en/products/fc6550-standard-x-ray-baggage-scanner,en,product_detail,normal,strong,100,inferred_from_page_topic,Security Screening Equipment,X-Ray Baggage Scanner FC6550,security screening equipment | X-ray baggage scanner | walk-through metal detector | N-TET,X-Ray Baggage Scanner FC6550 | N-TET,X-Ray Baggage Scanner FC6550,X-Ray Baggage Scanner FC6550 Technical Specifications,true,true,true,true,按产品名称和品类词做长尾 SEO，不强制接广告词
/en/products/fc6550d-dual-view-baggage-scanner,en,product_detail,normal,strong,100,inferred_from_page_topic,Security Screening Equipment,Dual-View X-Ray Baggage Scanner FC6550D,security screening equipment | X-ray baggage scanner | walk-through metal detector | N-TET,Dual-View X-Ray Baggage Scanner FC6550D | N-TET,Dual-View X-Ray Baggage Scanner FC6550D,Dual-View X-Ray Baggage Scanner FC6550D Technical Specifications,true,true,true,true,按产品名称和品类词做长尾 SEO，不强制接广告词
/en/products/fc902-personal-radiation-dose-alarm,en,product_detail,normal,strong,100,inferred_from_page_topic,Radiation Detection Equipment,X-γ Radiation Dose Alarm FC902,security screening equipment | X-ray baggage scanner | walk-through metal detector | N-TET,X-γ Radiation Dose Alarm FC902 | N-TET,X-γ Radiation Dose Alarm FC902,X-γ Radiation Dose Alarm FC902 Technical Specifications,true,true,true,true,按产品名称和品类词做长尾 SEO，不强制接广告词
/en/products/handheld-rf-detection-system-mini,en,product_detail,normal,strong,100,google_ads_keyword_library_unplanned,Drone Detection & Airspace Monitoring,Handheld RF Detection System,low altitude monitoring equipment | drone detection equipment | airspace monitoring system | N-TET,Handheld RF Detection System | N-TET,Handheld RF Detection System,Handheld RF Detection System Technical Specifications,true,true,true,true,补入关键词规划表，再决定是否改页面
/en/products/intelligent-mobile-cabin-hospital,en,product_detail,normal,strong,100,inferred_from_page_topic,Field Hospital Systems,Intelligent Mobile Cabin Hospital,field hospital system | containerized medical rescue system | emergency medical shelter | N-TET,Intelligent Mobile Cabin Hospital | N-TET,Intelligent Mobile Cabin Hospital,Intelligent Mobile Cabin Hospital Technical Specifications,true,true,true,true,按产品名称和品类词做长尾 SEO，不强制接广告词
/en/products/low-altitude-3d-pulse-doppler-radar,en,product_detail,normal,strong,100,google_ads_keyword_library_unplanned,Drone Detection & Airspace Monitoring,Low-Altitude Detection Radar X-Band,low altitude monitoring equipment | drone detection equipment | airspace monitoring system | N-TET,Low-Altitude Detection Radar X-Band | N-TET,Low-Altitude Detection Radar X-Band,Low-Altitude Detection Radar X-Band Technical Specifications,true,true,true,true,补入关键词规划表，再决定是否改页面
/en/products/low-altitude-detection-radar-ku-band,en,product_detail,neutral_seo,strong,100,google_ads_keyword_library_unplanned,Drone Detection & Airspace Monitoring,Low-Altitude Detection Radar Ku-Band,low altitude monitoring equipment | drone detection equipment | airspace monitoring system | N-TET,Low-Altitude Detection Radar Ku-Band | N-TET,Low-Altitude Detection Radar Ku-Band,Low-Altitude Detection Radar Ku-Band Technical Specifications,true,true,true,true,补入关键词规划表，再决定是否改页面
/en/products/multi-rotor-20kg-payload-uav,en,product_detail,normal,strong,100,inferred_from_page_topic,Industrial UAV Systems,20kg Payload Multi-Rotor UAV,industrial UAV systems | UAV inspection drone | emergency response UAV | N-TET,20kg Payload Multi-Rotor UAV | N-TET,20kg Payload Multi-Rotor UAV,20kg Payload Multi-Rotor UAV Technical Specifications,true,true,true,true,按产品名称和品类词做长尾 SEO，不强制接广告词
/en/products/multi-rotor-3kg-payload-uav,en,product_detail,normal,strong,100,inferred_from_page_topic,Industrial UAV Systems,3kg Payload Multi-Rotor UAV,industrial UAV systems | UAV inspection drone | emergency response UAV | N-TET,3kg Payload Multi-Rotor UAV | N-TET,3kg Payload Multi-Rotor UAV,3kg Payload Multi-Rotor UAV Technical Specifications,true,true,true,true,按产品名称和品类词做长尾 SEO，不强制接广告词
/en/products/multi-rotor-50kg-payload-uav,en,product_detail,normal,strong,100,inferred_from_page_topic,Industrial UAV Systems,50kg Payload Multi-Rotor UAV,industrial UAV systems | UAV inspection drone | emergency response UAV | N-TET,50kg Payload Multi-Rotor UAV | N-TET,50kg Payload Multi-Rotor UAV,50kg Payload Multi-Rotor UAV Technical Specifications,true,true,true,true,按产品名称和品类词做长尾 SEO，不强制接广告词
/en/products/multi-rotor-8kg-payload-uav,en,product_detail,normal,strong,100,inferred_from_page_topic,Industrial UAV Systems,8kg Payload Multi-Rotor UAV,industrial UAV systems | UAV inspection drone | emergency response UAV | N-TET,8kg Payload Multi-Rotor UAV | N-TET,8kg Payload Multi-Rotor UAV,8kg Payload Multi-Rotor UAV Technical Specifications,true,true,true,true,按产品名称和品类词做长尾 SEO，不强制接广告词
/en/products/portable-rf-detection-case,en,product_detail,neutral_seo,strong,100,google_ads_keyword_library_unplanned,Drone Detection & Airspace Monitoring,Hand-carried RF Detection System,low altitude monitoring equipment | drone detection equipment | airspace monitoring system | N-TET,Hand-carried RF Detection System | N-TET,Hand-carried RF Detection System,Hand-carried RF Detection System Technical Specifications,true,true,true,true,补入关键词规划表，再决定是否改页面
/en/products/power-tower-inspection-drone,en,product_detail,normal,strong,100,google_ads_keyword_library_unplanned,Power Line & Transmission Tower Inspection UAV | Utility Inspection UAV,drone power line inspection,power line inspection drone | drones for utility inspection | transmission tower inspection UAV | Power Tower Inspection UAV | industrial UAV systems | UAV inspection drone,Drone Power Line Inspection | N-TET,Drone Power Line Inspection,Drone Power Line Inspection Technical Specifications,true,true,true,true,补入关键词规划表，再决定是否改页面
/en/products/smart-substation-autonomous-inspection-system,en,product_detail,normal,strong,100,google_ads_keyword_library_unplanned,Smart Substation Autonomous Inspection,smart substation autonomous inspection,substation inspection drone | power utility UAV inspection | autonomous UAV inspection | Smart Substation Autonomous UAV Inspection System | industrial UAV systems | UAV inspection drone,Smart Substation Autonomous Inspection | N-TET,Smart Substation Autonomous Inspection,Smart Substation Autonomous Inspection Technical Specifications,true,true,true,true,补入关键词规划表，再决定是否改页面
/en/products/stationary-rf-detection-system,en,product_detail,neutral_seo,strong,100,google_ads_keyword_library_unplanned,Drone Detection & Airspace Monitoring,Stationary RF Detection System,low altitude monitoring equipment | drone detection equipment | airspace monitoring system | N-TET,Stationary RF Detection System | N-TET,Stationary RF Detection System,Stationary RF Detection System Technical Specifications,true,true,true,true,补入关键词规划表，再决定是否改页面
/en/products/uav-remote-id-monitoring-system,en,product_detail,neutral_seo,strong,100,google_ads_keyword_library_unplanned,Drone Detection & Airspace Monitoring,UAV Remote ID Monitoring System,low altitude monitoring equipment | drone detection equipment | airspace monitoring system | N-TET,UAV Remote ID Monitoring System | N-TET,UAV Remote ID Monitoring System,UAV Remote ID Monitoring System Technical Specifications,true,true,true,true,补入关键词规划表，再决定是否改页面
/en/products/vtol-135kg-mtow-uav,en,product_detail,normal,strong,100,inferred_from_page_topic,Industrial UAV Systems,135kg MTOW VTOL Fixed-Wing UAV,industrial UAV systems | UAV inspection drone | emergency response UAV | N-TET,135kg MTOW VTOL Fixed-Wing UAV | N-TET,135kg MTOW VTOL Fixed-Wing UAV,135kg MTOW VTOL Fixed-Wing UAV Technical Specifications,true,true,true,true,按产品名称和品类词做长尾 SEO，不强制接广告词
/en/products/vtol-14kg-mtow-uav,en,product_detail,normal,strong,100,inferred_from_page_topic,Industrial UAV Systems,14kg MTOW VTOL Fixed-Wing UAV,industrial UAV systems | UAV inspection drone | emergency response UAV | N-TET,14kg MTOW VTOL Fixed-Wing UAV | N-TET,14kg MTOW VTOL Fixed-Wing UAV,14kg MTOW VTOL Fixed-Wing UAV Technical Specifications,true,true,true,true,按产品名称和品类词做长尾 SEO，不强制接广告词
/en/products/vtol-26kg-mtow-uav,en,product_detail,normal,strong,100,inferred_from_page_topic,Industrial UAV Systems,26kg MTOW VTOL Fixed-Wing UAV,industrial UAV systems | UAV inspection drone | emergency response UAV | N-TET,26kg MTOW VTOL Fixed-Wing UAV | N-TET,26kg MTOW VTOL Fixed-Wing UAV,26kg MTOW VTOL Fixed-Wing UAV Technical Specifications,true,true,true,true,按产品名称和品类词做长尾 SEO，不强制接广告词
/en/products/vtol-40kg-mtow-uav,en,product_detail,normal,strong,100,inferred_from_page_topic,Industrial UAV Systems,40kg MTOW VTOL Fixed-Wing UAV,industrial UAV systems | UAV inspection drone | emergency response UAV | N-TET,40kg MTOW VTOL Fixed-Wing UAV | N-TET,40kg MTOW VTOL Fixed-Wing UAV,40kg MTOW VTOL Fixed-Wing UAV Technical Specifications,true,true,true,true,按产品名称和品类词做长尾 SEO，不强制接广告词
/en/products/vtol-64kg-mtow-uav,en,product_detail,normal,strong,100,inferred_from_page_topic,Industrial UAV Systems,64kg MTOW VTOL Fixed-Wing UAV,industrial UAV systems | UAV inspection drone | emergency response UAV | N-TET,64kg MTOW VTOL Fixed-Wing UAV | N-TET,64kg MTOW VTOL Fixed-Wing UAV,64kg MTOW VTOL Fixed-Wing UAV Technical Specifications,true,true,true,true,按产品名称和品类词做长尾 SEO，不强制接广告词
/en/solutions,en,solution_index,normal,strong,100,google_ads_keyword_library_unplanned,Search & Rescue UAV | Firefighting UAV | Pipeline Inspection UAV | Water Conservancy Monitoring UAV | Tethered Lighting UAV,UAV inspection solutions,search and rescue drone | firefighting drone | drone power line inspection | pipeline inspection drones | water conservancy monitoring UAV | tethered lighting UAV,UAV Inspection Solutions Solution | N-TET,UAV Inspection Solutions,UAV Inspection Solutions Workflow,true,true,true,true,补入关键词规划表，再决定是否改页面
/en/solutions/airport-low-altitude-monitoring,en,solution_detail,normal,strong,85,inferred_from_page_topic,Brand and Product Support,Airport Airspace Monitoring Application,N-TET,Airport Airspace Monitoring Application Solution | N-TET,Airport Airspace Monitoring Application,Airport Airspace Monitoring Application Workflow,true,true,true,true,人工确认是否需要新增关键词库映射
/en/solutions/airport-security-protection,en,solution_detail,neutral_seo,strong,85,inferred_from_page_topic,Security Screening Equipment,Airport Security Protection,N-TET,Airport Security Protection Solution | N-TET,Airport Security Protection,Airport Security Protection Workflow,true,true,true,true,人工确认是否需要新增关键词库映射
/en/solutions/category/01_BorderPatrol,en,solution_category,normal,strong,100,google_ads_planned_cluster,Border Patrol UAV | Maritime & Coastal Patrol UAV,border patrol UAV,maritime patrol UAV | coastal monitoring drone | land based maritime surveillance,Border Patrol UAV Solutions | N-TET,Border Patrol UAV,Border Patrol UAV Workflow,true,true,true,true,按广告关键词规划改 title、description、H1、H2、首段
/en/solutions/category/02_InfrastructureProtection,en,solution_category,normal,strong,100,google_ads_planned_cluster,Industrial Facility Inspection UAV | Pipeline Inspection UAV | Water Conservancy Monitoring UAV,industrial facility inspection UAV,oil and gas drone inspection | pipeline inspection drones | chemical plant monitoring | water conservancy monitoring UAV,Industrial Facility Inspection UAV Solutions | N-TET,Industrial Facility Inspection UAV,Industrial Facility Inspection UAV Workflow,true,true,true,true,按广告关键词规划改 title、description、H1、H2、首段
/en/solutions/category/03_KeyAreaSecurity,en,solution_category,normal,strong,85,inferred_from_page_topic,Brand and Product Support,airport airspace monitoring,event security monitoring | key area security | smart security screening | low altitude monitoring equipment | electro optical surveillance,Airport Airspace Monitoring Solutions | N-TET,Airport Airspace Monitoring,Airport Airspace Monitoring Workflow,true,true,true,true,人工确认是否需要新增关键词库映射
/en/solutions/category/04_EmergencyRescue,en,solution_category,normal,weak,35,google_ads_keyword_library_unplanned,Search & Rescue UAV | Firefighting UAV | Emergency Communication UAV | Tethered Lighting UAV,search and rescue drone,firefighting drone | emergency communication UAV | drone lighting | emergency response drone | disaster response UAV,Search And Rescue Drone Solutions | N-TET,Search And Rescue Drone,Search And Rescue Drone Workflow,false,false,false,true,补入关键词规划表，再决定是否改页面
/en/solutions/chemical-plant-protection,en,solution_detail,neutral_seo,strong,100,google_ads_planned_cluster,Pipeline Inspection UAV | Chemical & Petrochemical Plant UAV,pipeline inspection drones,chemical plant monitoring | UAV pipeline inspection | oil and gas drone inspection,Pipeline Inspection Drones Solution | N-TET,Pipeline Inspection Drones,Pipeline Inspection Drones Workflow,true,true,true,true,按广告关键词规划改 title、description、H1、H2、首段
/en/solutions/disaster-site-search-rescue-reconnaissance-uav-solution,en,solution_detail,normal,strong,100,google_ads_planned_cluster,Search & Rescue UAV,search and rescue drone,thermal drones for search and rescue | search and rescue UAV | drone rescue,Search And Rescue Drone Solution | N-TET,Search And Rescue Drone,Search And Rescue Drone Workflow,true,true,true,true,按广告关键词规划改 title、description、H1、H2、首段
/en/solutions/emergency-communication-uav,en,solution_detail,normal,strong,100,google_ads_keyword_library_unplanned,Emergency Communication UAV,Emergency Communication UAV,N-TET,Emergency Communication UAV Solution | N-TET,Emergency Communication UAV,Emergency Communication UAV Workflow,true,true,true,true,补入关键词规划表，再决定是否改页面
/en/solutions/emergency-communication-uav-solution,en,solution_detail,normal,partial,70,inferred_from_page_topic,Industrial UAV Systems,Emergency Communication UAV Solution,N-TET,Emergency Communication UAV Solution Solution | N-TET,Emergency Communication UAV Solution,Emergency Communication UAV Solution Workflow,true,true,false,true,人工确认是否需要新增关键词库映射
/en/solutions/emergency-lighting-uav,en,solution_detail,normal,strong,85,google_ads_keyword_library_unplanned,Tethered Lighting UAV,Emergency Lighting UAV,N-TET,Emergency Lighting UAV Solution | N-TET,Emergency Lighting UAV,Emergency Lighting UAV Workflow,true,true,true,true,补入关键词规划表，再决定是否改页面
/en/solutions/emergency-reconnaissance-uav,en,solution_detail,normal,strong,85,inferred_from_page_topic,Industrial UAV Systems,Emergency Reconnaissance UAV,N-TET,Emergency Reconnaissance UAV Solution | N-TET,Emergency Reconnaissance UAV,Emergency Reconnaissance UAV Workflow,true,true,true,true,人工确认是否需要新增关键词库映射
/en/solutions/emergency-search-rescue-uav-solution,en,solution_detail,normal,partial,70,inferred_from_page_topic,Industrial UAV Systems,Emergency Search & Rescue UAV Solution,N-TET,Emergency Search & Rescue UAV Solution Solution | N-TET,Emergency Search & Rescue UAV Solution,Emergency Search & Rescue UAV Solution Workflow,true,true,false,true,人工确认是否需要新增关键词库映射
/en/solutions/high-rise-firefighting-uav-solution,en,solution_detail,normal,partial,70,inferred_from_page_topic,Industrial UAV Systems,High-Rise Firefighting UAV Solution,N-TET,High-Rise Firefighting UAV Solution Solution | N-TET,High-Rise Firefighting UAV Solution,High-Rise Firefighting UAV Solution Workflow,true,true,false,true,人工确认是否需要新增关键词库映射
/en/solutions/hydroelectric-dam-protection,en,solution_detail,neutral_seo,strong,85,inferred_from_page_topic,Brand and Product Support,Hydroelectric Dam Protection,N-TET,Hydroelectric Dam Protection Solution | N-TET,Hydroelectric Dam Protection,Hydroelectric Dam Protection Workflow,true,true,true,true,人工确认是否需要新增关键词库映射
/en/solutions/judicial-sector-security,en,solution_detail,neutral_seo,strong,85,inferred_from_page_topic,Security Screening Equipment,Judicial Sector Security Protection,N-TET,Judicial Sector Security Protection Solution | N-TET,Judicial Sector Security Protection,Judicial Sector Security Protection Workflow,true,true,true,true,人工确认是否需要新增关键词库映射
/en/solutions/land-based-maritime-surveillance,en,solution_detail,normal,strong,85,inferred_from_page_topic,Brand and Product Support,Land-based Maritime Surveillance & Early Warning,N-TET,Land-based Maritime Surveillance & Early Warning Solution | N-TET,Land-based Maritime Surveillance & Early Warning,Land-based Maritime Surveillance & Early Warning Workflow,true,true,true,true,人工确认是否需要新增关键词库映射
/en/solutions/night-emergency-lighting-support-uav-solution,en,solution_detail,normal,strong,100,google_ads_planned_cluster,Tethered Lighting UAV,tethered lighting UAV,drone lighting | UAV lighting system | emergency lighting drone,Tethered Lighting UAV Solution | N-TET,Tethered Lighting UAV,Tethered Lighting UAV Workflow,true,true,true,true,按广告关键词规划改 title、description、H1、H2、首段
/en/solutions/oil-production-base-protection,en,solution_detail,normal,strong,100,google_ads_planned_cluster,Oil & Gas Facility Inspection UAV | Industrial Facility Inspection UAV,oil and gas drone inspection,industrial facility inspection UAV | pipeline corridor inspection | oil production site monitoring,Oil And Gas Drone Inspection Solution | N-TET,Oil And Gas Drone Inspection,Oil And Gas Drone Inspection Workflow,true,true,true,true,按广告关键词规划改 title、description、H1、H2、首段
/en/solutions/post-disaster-emergency-communication-support-uav-solution,en,solution_detail,normal,strong,100,google_ads_planned_cluster,Emergency Communication UAV,emergency communication UAV,disaster response communication drone | tethered communication UAV | public safety UAV communications,Emergency Communication UAV Solution | N-TET,Emergency Communication UAV,Emergency Communication UAV Workflow,true,true,true,true,按广告关键词规划改 title、description、H1、H2、首段
/en/solutions/power-generation-facility-low-altitude-monitoring,en,solution_detail,normal,strong,85,inferred_from_page_topic,Brand and Product Support,Power Generation Facility Airspace Monitoring,N-TET,Power Generation Facility Airspace Monitoring Solution | N-TET,Power Generation Facility Airspace Monitoring,Power Generation Facility Airspace Monitoring Workflow,true,true,true,true,人工确认是否需要新增关键词库映射
/en/solutions/power-line-uav-intelligent-inspection-solution,en,solution_detail,normal,strong,100,google_ads_planned_cluster,Power Line & Transmission Tower Inspection UAV | Cell Tower Inspection UAV | Utility Inspection UAV,drone power line inspection,power line inspection drone | UAV power line inspection | drones for utility inspection | drone cell tower inspection,Drone Power Line Inspection Solution | N-TET,Drone Power Line Inspection,Drone Power Line Inspection Workflow,true,true,true,true,按广告关键词规划改 title、description、H1、H2、首段
/en/solutions/power-tower-inspection-uav-solution,en,solution_detail,normal,partial,70,google_ads_keyword_library_unplanned,Power Line & Transmission Tower Inspection UAV,Power Tower Inspection UAV Solution,N-TET,Power Tower Inspection UAV Solution Solution | N-TET,Power Tower Inspection UAV Solution,Power Tower Inspection UAV Solution Workflow,true,true,false,true,补入关键词规划表，再决定是否改页面
/en/solutions/smart-substation-autonomous-inspection-solution,en,solution_detail,normal,partial,70,inferred_from_page_topic,Industrial UAV Systems,Smart Substation Autonomous UAV Inspection Solution,N-TET,Smart Substation Autonomous UAV Inspection Solution Solution | N-TET,Smart Substation Autonomous UAV Inspection Solution,Smart Substation Autonomous UAV Inspection Solution Workflow,true,true,false,true,人工确认是否需要新增关键词库映射
/en/solutions/smart-substation-unattended-uav-inspection-solution,en,solution_detail,normal,strong,100,google_ads_planned_cluster,Smart Substation Autonomous Inspection,smart substation autonomous inspection,substation inspection drone | power utility UAV inspection | autonomous UAV inspection,Smart Substation Autonomous Inspection Solution | N-TET,Smart Substation Autonomous Inspection,Smart Substation Autonomous Inspection Workflow,true,true,true,true,按广告关键词规划改 title、description、H1、H2、首段
/en/solutions/sports-event-security,en,solution_detail,neutral_seo,strong,85,inferred_from_page_topic,Security Screening Equipment,Large Sports Event Security Protection,N-TET,Large Sports Event Security Protection Solution | N-TET,Large Sports Event Security Protection,Large Sports Event Security Protection Workflow,true,true,true,true,人工确认是否需要新增关键词库映射
/en/solutions/tethered-lighting-uav-solution,en,solution_detail,normal,partial,70,inferred_from_page_topic,Industrial UAV Systems,Tethered Lighting UAV Solution,N-TET,Tethered Lighting UAV Solution Solution | N-TET,Tethered Lighting UAV Solution,Tethered Lighting UAV Solution Workflow,true,true,false,true,人工确认是否需要新增关键词库映射
/en/solutions/uav-maritime-emergency-rescue,en,solution_detail,normal,strong,85,inferred_from_page_topic,Industrial UAV Systems,UAV Maritime Emergency Rescue,N-TET,UAV Maritime Emergency Rescue Solution | N-TET,UAV Maritime Emergency Rescue,UAV Maritime Emergency Rescue Workflow,true,true,true,true,人工确认是否需要新增关键词库映射
/en/solutions/uav-maritime-patrol,en,solution_detail,normal,strong,100,google_ads_planned_cluster,Maritime & Coastal Patrol UAV | Border Patrol UAV,maritime patrol UAV,coastal monitoring drone | border patrol UAV | UAV border patrol,Maritime Patrol UAV Solution | N-TET,Maritime Patrol UAV,Maritime Patrol UAV Workflow,true,true,true,true,按广告关键词规划改 title、description、H1、H2、首段
/en/solutions/urban-high-rise-firefighting-emergency-uav-solution,en,solution_detail,normal,strong,100,google_ads_planned_cluster,High-Rise Firefighting UAV | Firefighting UAV,firefighting drone,high-rise firefighting UAV | drone fire fighting | drone for fire fighting,Firefighting Drone Solution | N-TET,Firefighting Drone,Firefighting Drone Workflow,true,true,true,true,按广告关键词规划改 title、description、H1、H2、首段
/en/solutions/water-conservancy-monitoring-uav-solution,en,solution_detail,normal,partial,70,inferred_from_page_topic,Industrial UAV Systems,Water Conservancy Monitoring UAV Solution,N-TET,Water Conservancy Monitoring UAV Solution Solution | N-TET,Water Conservancy Monitoring UAV Solution,Water Conservancy Monitoring UAV Solution Workflow,true,true,false,true,人工确认是否需要新增关键词库映射
/en/solutions/water-conservancy-river-lake-uav-monitoring-solution,en,solution_detail,normal,strong,100,google_ads_planned_cluster,Water Conservancy Monitoring UAV,water conservancy monitoring UAV,dam inspection UAV | river lake UAV monitoring | flood monitoring drone,Water Conservancy Monitoring UAV Solution | N-TET,Water Conservancy Monitoring UAV,Water Conservancy Monitoring UAV Workflow,true,true,true,true,按广告关键词规划改 title、description、H1、H2、首段
/es,es,home,normal,strong,85,inferred_from_page_topic,Industrial UAV Systems,sistemas UAV industriales,monitoreo de baja altitud | dron de inspección UAV | UAV de emergencia | equipos de monitoreo aéreo,Sistemas UAV Industriales | N-TET,Sistemas UAV Industriales,Sistemas UAV Industriales Overview,true,true,false,true,人工确认是否需要新增关键词库映射
/es/about,es,brand,normal,partial,65,inferred_from_page_topic,Industrial UAV Systems,fabricante UAV industrial,proveedor de sistemas UAV | monitoreo de baja altitud | N-TET,Fabricante UAV Industrial | N-TET,Fabricante UAV Industrial,Fabricante UAV Industrial Overview,true,false,false,true,人工确认是否需要新增关键词库映射
/es/accessories,es,accessory_index,normal,partial,65,google_ads_keyword_library_unplanned,General Drone/UAV Broad,accesorios para drones,componentes UAV | gimbal UAV | motor UAV | enlace de datos UAV,Accesorios Para Drones | N-TET,Accesorios Para Drones,Accesorios Para Drones Technical Specifications,true,true,false,true,补入关键词规划表，再决定是否改页面
/es/accessories/fc-bt1,es,accessory_detail,normal,partial,70,google_ads_keyword_library_unplanned,General Drone/UAV Broad,Batería de estado sólido para UAV FC-BT1,drone accessories | UAV components | industrial UAV parts,Batería De Estado Sólido Para UAV FC-BT1 | N-TET,Batería De Estado Sólido Para UAV FC-BT1,Batería De Estado Sólido Para UAV FC-BT1 Technical Specifications,true,true,false,true,补入关键词规划表，再决定是否改页面
/es/accessories/fc-bt2,es,accessory_detail,normal,partial,70,google_ads_keyword_library_unplanned,General Drone/UAV Broad,Batería de estado sólido para UAV FC-BT2,drone accessories | UAV components | industrial UAV parts,Batería De Estado Sólido Para UAV FC-BT2 | N-TET,Batería De Estado Sólido Para UAV FC-BT2,Batería De Estado Sólido Para UAV FC-BT2 Technical Specifications,true,true,false,true,补入关键词规划表，再决定是否改页面
/es/accessories/fc-bt3,es,accessory_detail,normal,partial,70,google_ads_keyword_library_unplanned,General Drone/UAV Broad,Batería de estado sólido de alto voltaje para UAV FC-BT3,drone accessories | UAV components | industrial UAV parts,Batería De Estado Sólido De Alto Voltaje Para UAV FC-BT3 | N-TET,Batería De Estado Sólido De Alto Voltaje Para UAV FC-BT3,Batería De Estado Sólido De Alto Voltaje Para UAV FC-BT3 Technical Specifications,true,true,false,true,补入关键词规划表，再决定是否改页面
/es/accessories/fc-bt4,es,accessory_detail,normal,partial,70,google_ads_keyword_library_unplanned,General Drone/UAV Broad,Batería de estado sólido de alta energía para UAV FC-BT4,drone accessories | UAV components | industrial UAV parts,Batería De Estado Sólido De Alta Energía Para UAV FC-BT4 | N-TET,Batería De Estado Sólido De Alta Energía Para UAV FC-BT4,Batería De Estado Sólido De Alta Energía Para UAV FC-BT4 Technical Specifications,true,true,false,true,补入关键词规划表，再决定是否改页面
/es/accessories/fc-btg,es,accessory_detail,normal,partial,70,google_ads_keyword_library_unplanned,General Drone/UAV Broad,Batería de estado sólido para formación UAV FC-BTG,drone accessories | UAV components | industrial UAV parts,Batería De Estado Sólido Para Formación UAV FC-BTG | N-TET,Batería De Estado Sólido Para Formación UAV FC-BTG,Batería De Estado Sólido Para Formación UAV FC-BTG Technical Specifications,true,true,false,true,补入关键词规划表，再决定是否改页面
/es/accessories/fc-c2d-propeller,es,accessory_detail,normal,partial,70,google_ads_keyword_library_unplanned,General Drone/UAV Broad,Hélice UAV FC-C2D,drone accessories | UAV components | industrial UAV parts,Hélice UAV FC-C2D | N-TET,Hélice UAV FC-C2D,Hélice UAV FC-C2D Technical Specifications,true,true,false,true,补入关键词规划表，再决定是否改页面
/es/accessories/fc-c2e-propeller,es,accessory_detail,normal,partial,70,google_ads_keyword_library_unplanned,General Drone/UAV Broad,Hélice UAV FC-C2E,drone accessories | UAV components | industrial UAV parts,Hélice UAV FC-C2E | N-TET,Hélice UAV FC-C2E,Hélice UAV FC-C2E Technical Specifications,true,true,false,true,补入关键词规划表，再决定是否改页面
/es/accessories/fc-c2t-propeller,es,accessory_detail,normal,partial,70,google_ads_keyword_library_unplanned,General Drone/UAV Broad,Hélice UAV FC-C2T,drone accessories | UAV components | industrial UAV parts,Hélice UAV FC-C2T | N-TET,Hélice UAV FC-C2T,Hélice UAV FC-C2T Technical Specifications,true,true,false,true,补入关键词规划表，再决定是否改页面
/es/accessories/fc-c2u-propeller,es,accessory_detail,normal,partial,70,google_ads_keyword_library_unplanned,General Drone/UAV Broad,Hélice UAV FC-C2U,drone accessories | UAV components | industrial UAV parts,Hélice UAV FC-C2U | N-TET,Hélice UAV FC-C2U,Hélice UAV FC-C2U Technical Specifications,true,true,false,true,补入关键词规划表，再决定是否改页面
/es/accessories/fc-c2ud-propeller,es,accessory_detail,normal,partial,70,google_ads_keyword_library_unplanned,General Drone/UAV Broad,Hélice UAV FC-C2UD,drone accessories | UAV components | industrial UAV parts,Hélice UAV FC-C2UD | N-TET,Hélice UAV FC-C2UD,Hélice UAV FC-C2UD Technical Specifications,true,true,false,true,补入关键词规划表，再决定是否改页面
/es/accessories/fc-fdj-111,es,accessory_detail,normal,strong,85,google_ads_keyword_library_unplanned,General Drone/UAV Broad,Motor UAV FC-FDJ-111,drone accessories | UAV components | industrial UAV parts,Motor UAV FC-FDJ-111 | N-TET,Motor UAV FC-FDJ-111,Motor UAV FC-FDJ-111 Technical Specifications,true,true,false,true,补入关键词规划表，再决定是否改页面
/es/accessories/fc-fdj-120,es,accessory_detail,normal,strong,85,google_ads_keyword_library_unplanned,General Drone/UAV Broad,Motor UAV FC-FDJ-120,drone accessories | UAV components | industrial UAV parts,Motor UAV FC-FDJ-120 | N-TET,Motor UAV FC-FDJ-120,Motor UAV FC-FDJ-120 Technical Specifications,true,true,false,true,补入关键词规划表，再决定是否改页面
/es/accessories/fc-fdj-120hd,es,accessory_detail,normal,strong,85,google_ads_keyword_library_unplanned,General Drone/UAV Broad,Motor UAV FC-FDJ-120HD,drone accessories | UAV components | industrial UAV parts,Motor UAV FC-FDJ-120HD | N-TET,Motor UAV FC-FDJ-120HD,Motor UAV FC-FDJ-120HD Technical Specifications,true,true,false,true,补入关键词规划表，再决定是否改页面
/es/accessories/fc-fdj-170,es,accessory_detail,normal,strong,85,google_ads_keyword_library_unplanned,General Drone/UAV Broad,Motor UAV FC-FDJ-170,drone accessories | UAV components | industrial UAV parts,Motor UAV FC-FDJ-170 | N-TET,Motor UAV FC-FDJ-170,Motor UAV FC-FDJ-170 Technical Specifications,true,true,false,true,补入关键词规划表，再决定是否改页面
/es/accessories/fc-fdj-200,es,accessory_detail,normal,strong,85,google_ads_keyword_library_unplanned,General Drone/UAV Broad,Motor UAV FC-FDJ-200,drone accessories | UAV components | industrial UAV parts,Motor UAV FC-FDJ-200 | N-TET,Motor UAV FC-FDJ-200,Motor UAV FC-FDJ-200 Technical Specifications,true,true,false,true,补入关键词规划表，再决定是否改页面
/es/accessories/fc-fdj-222,es,accessory_detail,normal,strong,85,google_ads_keyword_library_unplanned,General Drone/UAV Broad,Motor UAV FC-FDJ-222,drone accessories | UAV components | industrial UAV parts,Motor UAV FC-FDJ-222 | N-TET,Motor UAV FC-FDJ-222,Motor UAV FC-FDJ-222 Technical Specifications,true,true,false,true,补入关键词规划表，再决定是否改页面
/es/accessories/fc-fdj-430,es,accessory_detail,normal,strong,85,google_ads_keyword_library_unplanned,General Drone/UAV Broad,Motor UAV FC-FDJ-430,drone accessories | UAV components | industrial UAV parts,Motor UAV FC-FDJ-430 | N-TET,Motor UAV FC-FDJ-430,Motor UAV FC-FDJ-430 Technical Specifications,true,true,false,true,补入关键词规划表，再决定是否改页面
/es/accessories/fc-fdj-55,es,accessory_detail,normal,strong,85,google_ads_keyword_library_unplanned,General Drone/UAV Broad,Motor UAV FC-FDJ-55,drone accessories | UAV components | industrial UAV parts,Motor UAV FC-FDJ-55 | N-TET,Motor UAV FC-FDJ-55,Motor UAV FC-FDJ-55 Technical Specifications,true,true,false,true,补入关键词规划表，再决定是否改页面
/es/accessories/fc-fdj-60,es,accessory_detail,normal,strong,85,google_ads_keyword_library_unplanned,General Drone/UAV Broad,Motor UAV FC-FDJ-60,drone accessories | UAV components | industrial UAV parts,Motor UAV FC-FDJ-60 | N-TET,Motor UAV FC-FDJ-60,Motor UAV FC-FDJ-60 Technical Specifications,true,true,false,true,补入关键词规划表，再决定是否改页面
/es/accessories/fc-fdj-61,es,accessory_detail,normal,strong,85,google_ads_keyword_library_unplanned,General Drone/UAV Broad,Motor UAV FC-FDJ-61,drone accessories | UAV components | industrial UAV parts,Motor UAV FC-FDJ-61 | N-TET,Motor UAV FC-FDJ-61,Motor UAV FC-FDJ-61 Technical Specifications,true,true,false,true,补入关键词规划表，再决定是否改页面
/es/accessories/fc-fdj-70hd,es,accessory_detail,normal,strong,85,google_ads_keyword_library_unplanned,General Drone/UAV Broad,Motor UAV FC-FDJ-70HD,drone accessories | UAV components | industrial UAV parts,Motor UAV FC-FDJ-70HD | N-TET,Motor UAV FC-FDJ-70HD,Motor UAV FC-FDJ-70HD Technical Specifications,true,true,false,true,补入关键词规划表，再决定是否改页面
/es/accessories/fc-fdj-85,es,accessory_detail,normal,strong,85,google_ads_keyword_library_unplanned,General Drone/UAV Broad,Motor UAV FC-FDJ-85,drone accessories | UAV components | industrial UAV parts,Motor UAV FC-FDJ-85 | N-TET,Motor UAV FC-FDJ-85,Motor UAV FC-FDJ-85 Technical Specifications,true,true,false,true,补入关键词规划表，再决定是否改页面
/es/accessories/fc-l10tr-three-light-gimbal,es,accessory_detail,normal,strong,85,google_ads_keyword_library_unplanned,General Drone/UAV Broad,FC-L10TR gimbal electro-optico,drone accessories | UAV components | industrial UAV parts,FC-L10TR Gimbal Electro-optico | N-TET,FC-L10TR Gimbal Electro-optico,FC-L10TR Gimbal Electro-optico Technical Specifications,true,true,false,true,补入关键词规划表，再决定是否改页面
/es/accessories/fc-l40-smart-optical-pod,es,accessory_detail,normal,strong,85,google_ads_keyword_library_unplanned,General Drone/UAV Broad,FC-L40 gimbal electro-optico,drone accessories | UAV components | industrial UAV parts,FC-L40 Gimbal Electro-optico | N-TET,FC-L40 Gimbal Electro-optico,FC-L40 Gimbal Electro-optico Technical Specifications,true,true,false,true,补入关键词规划表，再决定是否改页面
/es/accessories/fc-l40t-dual-light-gimbal,es,accessory_detail,normal,strong,85,google_ads_keyword_library_unplanned,General Drone/UAV Broad,FC-L40T gimbal electro-optico,drone accessories | UAV components | industrial UAV parts,FC-L40T Gimbal Electro-optico | N-TET,FC-L40T Gimbal Electro-optico,FC-L40T Gimbal Electro-optico Technical Specifications,true,true,false,true,补入关键词规划表，再决定是否改页面
/es/accessories/fc-l40tr-smart-optical-pod,es,accessory_detail,normal,strong,85,google_ads_keyword_library_unplanned,General Drone/UAV Broad,FC-L40TR gimbal electro-optico,drone accessories | UAV components | industrial UAV parts,FC-L40TR Gimbal Electro-optico | N-TET,FC-L40TR Gimbal Electro-optico,FC-L40TR Gimbal Electro-optico Technical Specifications,true,true,false,true,补入关键词规划表，再决定是否改页面
/es/accessories/fc-l50-smart-optical-pod,es,accessory_detail,normal,strong,85,google_ads_keyword_library_unplanned,General Drone/UAV Broad,FC-L50 gimbal electro-optico,drone accessories | UAV components | industrial UAV parts,FC-L50 Gimbal Electro-optico | N-TET,FC-L50 Gimbal Electro-optico,FC-L50 Gimbal Electro-optico Technical Specifications,true,true,false,true,补入关键词规划表，再决定是否改页面
/es/accessories/fc-ln100-dual-light-gimbal,es,accessory_detail,normal,strong,85,google_ads_keyword_library_unplanned,General Drone/UAV Broad,FC-LN100 gimbal electro-optico,drone accessories | UAV components | industrial UAV parts,FC-LN100 Gimbal Electro-optico | N-TET,FC-LN100 Gimbal Electro-optico,FC-LN100 Gimbal Electro-optico Technical Specifications,true,true,false,true,补入关键词规划表，再决定是否改页面
/es/accessories/fc-ln95-dual-light-gimbal,es,accessory_detail,normal,strong,85,google_ads_keyword_library_unplanned,General Drone/UAV Broad,FC-LN95 gimbal electro-optico,drone accessories | UAV components | industrial UAV parts,FC-LN95 Gimbal Electro-optico | N-TET,FC-LN95 Gimbal Electro-optico,FC-LN95 Gimbal Electro-optico Technical Specifications,true,true,false,true,补入关键词规划表，再决定是否改页面
/es/accessories/fc-max-5330,es,accessory_detail,normal,strong,85,google_ads_keyword_library_unplanned,General Drone/UAV Broad,Motor UAV FC-MAX 5330,drone accessories | UAV components | industrial UAV parts,Motor UAV FC-MAX 5330 | N-TET,Motor UAV FC-MAX 5330,Motor UAV FC-MAX 5330 Technical Specifications,true,true,false,true,补入关键词规划表，再决定是否改页面
/es/accessories/fc-mesh-100,es,accessory_detail,normal,partial,70,google_ads_keyword_library_unplanned,General Drone/UAV Broad,FC-Mesh-100 enlace de datos UAV,drone accessories | UAV components | industrial UAV parts,FC-Mesh-100 Enlace De Datos UAV | N-TET,FC-Mesh-100 Enlace De Datos UAV,FC-Mesh-100 Enlace De Datos UAV Technical Specifications,true,true,false,true,补入关键词规划表，再决定是否改页面
/es/accessories/fc-mini-l10tr-smart-optical-pod,es,accessory_detail,normal,strong,85,google_ads_keyword_library_unplanned,General Drone/UAV Broad,FC-MiniL10TR gimbal electro-optico,drone accessories | UAV components | industrial UAV parts,FC-MiniL10TR Gimbal Electro-optico | N-TET,FC-MiniL10TR Gimbal Electro-optico,FC-MiniL10TR Gimbal Electro-optico Technical Specifications,true,true,false,true,补入关键词规划表，再决定是否改页面
/es/accessories/fc-pab-propeller,es,accessory_detail,normal,partial,70,google_ads_keyword_library_unplanned,General Drone/UAV Broad,Hélice UAV FC-PAB,drone accessories | UAV components | industrial UAV parts,Hélice UAV FC-PAB | N-TET,Hélice UAV FC-PAB,Hélice UAV FC-PAB Technical Specifications,true,true,false,true,补入关键词规划表，再决定是否改页面
/es/accessories/fc-pad-propeller,es,accessory_detail,normal,partial,70,google_ads_keyword_library_unplanned,General Drone/UAV Broad,Hélice UAV FC-PAD,drone accessories | UAV components | industrial UAV parts,Hélice UAV FC-PAD | N-TET,Hélice UAV FC-PAD,Hélice UAV FC-PAD Technical Specifications,true,true,false,true,补入关键词规划表，再决定是否改页面
/es/accessories/fc-pae-propeller,es,accessory_detail,normal,partial,70,google_ads_keyword_library_unplanned,General Drone/UAV Broad,Hélice UAV FC-PAE,drone accessories | UAV components | industrial UAV parts,Hélice UAV FC-PAE | N-TET,Hélice UAV FC-PAE,Hélice UAV FC-PAE Technical Specifications,true,true,false,true,补入关键词规划表，再决定是否改页面
/es/accessories/fc-pbf-propeller,es,accessory_detail,normal,partial,70,google_ads_keyword_library_unplanned,General Drone/UAV Broad,Hélice UAV FC-PBF,drone accessories | UAV components | industrial UAV parts,Hélice UAV FC-PBF | N-TET,Hélice UAV FC-PBF,Hélice UAV FC-PBF Technical Specifications,true,true,false,true,补入关键词规划表，再决定是否改页面
/es/accessories/fc-rm10x,es,accessory_detail,normal,strong,85,google_ads_keyword_library_unplanned,General Drone/UAV Broad,Motor UAV FC-RM10X,drone accessories | UAV components | industrial UAV parts,Motor UAV FC-RM10X | N-TET,Motor UAV FC-RM10X,Motor UAV FC-RM10X Technical Specifications,true,true,false,true,补入关键词规划表，再决定是否改页面
/es/accessories/fc-rm30,es,accessory_detail,normal,strong,85,google_ads_keyword_library_unplanned,General Drone/UAV Broad,Motor UAV FC-RM30,drone accessories | UAV components | industrial UAV parts,Motor UAV FC-RM30 | N-TET,Motor UAV FC-RM30,Motor UAV FC-RM30 Technical Specifications,true,true,false,true,补入关键词规划表，再决定是否改页面
/es/accessories/fc-sjl-100,es,accessory_detail,normal,partial,70,google_ads_keyword_library_unplanned,General Drone/UAV Broad,FC-SJL-100 enlace de datos UAV,drone accessories | UAV components | industrial UAV parts,FC-SJL-100 Enlace De Datos UAV | N-TET,FC-SJL-100 Enlace De Datos UAV,FC-SJL-100 Enlace De Datos UAV Technical Specifications,true,true,false,true,补入关键词规划表，再决定是否改页面
/es/accessories/fc-sjl-200,es,accessory_detail,normal,partial,70,google_ads_keyword_library_unplanned,General Drone/UAV Broad,FC-SJL-200 enlace de datos UAV,drone accessories | UAV components | industrial UAV parts,FC-SJL-200 Enlace De Datos UAV | N-TET,FC-SJL-200 Enlace De Datos UAV,FC-SJL-200 Enlace De Datos UAV Technical Specifications,true,true,false,true,补入关键词规划表，再决定是否改页面
/es/accessories/fc-sjl-30,es,accessory_detail,normal,partial,70,google_ads_keyword_library_unplanned,General Drone/UAV Broad,FC-SJL-30 enlace de datos UAV,drone accessories | UAV components | industrial UAV parts,FC-SJL-30 Enlace De Datos UAV | N-TET,FC-SJL-30 Enlace De Datos UAV,FC-SJL-30 Enlace De Datos UAV Technical Specifications,true,true,false,true,补入关键词规划表，再决定是否改页面
/es/accessories/fc-sjl-380,es,accessory_detail,normal,partial,70,google_ads_keyword_library_unplanned,General Drone/UAV Broad,FC-SJL-380 enlace de datos UAV,drone accessories | UAV components | industrial UAV parts,FC-SJL-380 Enlace De Datos UAV | N-TET,FC-SJL-380 Enlace De Datos UAV,FC-SJL-380 Enlace De Datos UAV Technical Specifications,true,true,false,true,补入关键词规划表，再决定是否改页面
/es/accessories/fc-sjl-50,es,accessory_detail,normal,partial,70,google_ads_keyword_library_unplanned,General Drone/UAV Broad,FC-SJL-50 enlace de datos UAV,drone accessories | UAV components | industrial UAV parts,FC-SJL-50 Enlace De Datos UAV | N-TET,FC-SJL-50 Enlace De Datos UAV,FC-SJL-50 Enlace De Datos UAV Technical Specifications,true,true,false,true,补入关键词规划表，再决定是否改页面
/es/accessories/fc-u10-pro,es,accessory_detail,normal,partial,70,google_ads_keyword_library_unplanned,General Drone/UAV Broad,Controlador de vuelo FC-U10-PRO,drone accessories | UAV components | industrial UAV parts,Controlador De Vuelo FC-U10-PRO | N-TET,Controlador De Vuelo FC-U10-PRO,Controlador De Vuelo FC-U10-PRO Technical Specifications,true,true,false,true,补入关键词规划表，再决定是否改页面
/es/accessories/fc-u110,es,accessory_detail,normal,strong,85,google_ads_keyword_library_unplanned,General Drone/UAV Broad,Motor UAV FC-U110,drone accessories | UAV components | industrial UAV parts,Motor UAV FC-U110 | N-TET,Motor UAV FC-U110,Motor UAV FC-U110 Technical Specifications,true,true,false,true,补入关键词规划表，再决定是否改页面
/es/accessories/fc-u12,es,accessory_detail,normal,partial,70,google_ads_keyword_library_unplanned,General Drone/UAV Broad,Controlador de vuelo FC-U12,drone accessories | UAV components | industrial UAV parts,Controlador De Vuelo FC-U12 | N-TET,Controlador De Vuelo FC-U12,Controlador De Vuelo FC-U12 Technical Specifications,true,true,false,true,补入关键词规划表，再决定是否改页面
/es/accessories/fc-u8013,es,accessory_detail,normal,strong,85,google_ads_keyword_library_unplanned,General Drone/UAV Broad,Motor UAV FC-U8013,drone accessories | UAV components | industrial UAV parts,Motor UAV FC-U8013 | N-TET,Motor UAV FC-U8013,Motor UAV FC-U8013 Technical Specifications,true,true,false,true,补入关键词规划表，再决定是否改页面
/es/accessories/fc-u9-ag,es,accessory_detail,normal,partial,70,google_ads_keyword_library_unplanned,General Drone/UAV Broad,Controlador de vuelo agrícola FC-U9-AG,drone accessories | UAV components | industrial UAV parts,Controlador De Vuelo Agrícola FC-U9-AG | N-TET,Controlador De Vuelo Agrícola FC-U9-AG,Controlador De Vuelo Agrícola FC-U9-AG Technical Specifications,true,true,false,true,补入关键词规划表，再决定是否改页面
/es/accessories/fc-w2u-propeller,es,accessory_detail,normal,partial,70,google_ads_keyword_library_unplanned,General Drone/UAV Broad,Hélice UAV FC-W2U,drone accessories | UAV components | industrial UAV parts,Hélice UAV FC-W2U | N-TET,Hélice UAV FC-W2U,Hélice UAV FC-W2U Technical Specifications,true,true,false,true,补入关键词规划表，再决定是否改页面
/es/accessories/fc-x8030,es,accessory_detail,normal,strong,85,google_ads_keyword_library_unplanned,General Drone/UAV Broad,Motor UAV FC-X8030,drone accessories | UAV components | industrial UAV parts,Motor UAV FC-X8030 | N-TET,Motor UAV FC-X8030,Motor UAV FC-X8030 Technical Specifications,true,true,false,true,补入关键词规划表，再决定是否改页面
/es/accessories/fc-xh14,es,accessory_detail,normal,strong,85,google_ads_keyword_library_unplanned,General Drone/UAV Broad,Motor UAV FC-XH14,drone accessories | UAV components | industrial UAV parts,Motor UAV FC-XH14 | N-TET,Motor UAV FC-XH14,Motor UAV FC-XH14 Technical Specifications,true,true,false,true,补入关键词规划表，再决定是否改页面
/es/accessories/fc-yk15-remote-controller,es,accessory_detail,normal,partial,70,google_ads_keyword_library_unplanned,General Drone/UAV Broad,Control remoto para UAV FC-YK15,drone accessories | UAV components | industrial UAV parts,Control Remoto Para UAV FC-YK15 | N-TET,Control Remoto Para UAV FC-YK15,Control Remoto Para UAV FC-YK15 Technical Specifications,true,true,false,true,补入关键词规划表，再决定是否改页面
/es/accessories/fc-yk24-remote-controller,es,accessory_detail,normal,partial,70,google_ads_keyword_library_unplanned,General Drone/UAV Broad,Control remoto para UAV FC-YK24,drone accessories | UAV components | industrial UAV parts,Control Remoto Para UAV FC-YK24 | N-TET,Control Remoto Para UAV FC-YK24,Control Remoto Para UAV FC-YK24 Technical Specifications,true,true,false,true,补入关键词规划表，再决定是否改页面
/es/accessories/fc-yk32-remote-controller,es,accessory_detail,normal,partial,70,google_ads_keyword_library_unplanned,General Drone/UAV Broad,Control remoto para UAV FC-YK32,drone accessories | UAV components | industrial UAV parts,Control Remoto Para UAV FC-YK32 | N-TET,Control Remoto Para UAV FC-YK32,Control Remoto Para UAV FC-YK32 Technical Specifications,true,true,false,true,补入关键词规划表，再决定是否改页面
/es/accessories/fc-ykrc7-remote-controller,es,accessory_detail,normal,partial,70,google_ads_keyword_library_unplanned,General Drone/UAV Broad,Control remoto para UAV FC-YKRC7,drone accessories | UAV components | industrial UAV parts,Control Remoto Para UAV FC-YKRC7 | N-TET,Control Remoto Para UAV FC-YKRC7,Control Remoto Para UAV FC-YKRC7 Technical Specifications,true,true,false,true,补入关键词规划表，再决定是否改页面
/es/cases,es,case_index,normal,weak,50,inferred_from_page_topic,Industrial UAV Systems,casos UAV,patrullaje UAV | monitoreo de baja altitud | inspección UAV,Casos UAV Case | N-TET,Casos UAV,Casos UAV Project Overview,false,false,false,true,按案例场景词做 E-E-A-T 支撑页，不强制接广告词
/es/cases/anhui-flood-season-uav-patrol,es,case_detail,normal,strong,85,inferred_from_page_topic,Industrial UAV Systems,Anhui Flood-Season emergencia UAV patrullaje,N-TET,Anhui Flood-Season Emergencia UAV Patrullaje Case | N-TET,Anhui Flood-Season Emergencia UAV Patrullaje,Anhui Flood-Season Emergencia UAV Patrullaje Project Overview,true,true,false,true,按案例场景词做 E-E-A-T 支撑页，不强制接广告词
/es/cases/brazil-refinery-low-altitude-monitoring,es,case_detail,normal,strong,85,inferred_from_page_topic,Perimeter Intelligence,Espacio aéreo monitoreo Case of a Refinery in Brazil,N-TET,Espacio Aéreo Monitoreo Case Of A Refinery In Brazil Case | N-TET,Espacio Aéreo Monitoreo Case Of A Refinery In Brazil,Espacio Aéreo Monitoreo Case Of A Refinery In Brazil Project Overview,true,true,false,true,按案例场景词做 E-E-A-T 支撑页，不强制接广告词
/es/cases/ice-snow-emergency-uav-inspection,es,case_detail,normal,strong,85,inferred_from_page_topic,Industrial UAV Systems,Ice and Snow Disaster emergencia UAV inspección,N-TET,Ice And Snow Disaster Emergencia UAV Inspección Case | N-TET,Ice And Snow Disaster Emergencia UAV Inspección,Ice And Snow Disaster Emergencia UAV Inspección Project Overview,true,true,false,true,按案例场景词做 E-E-A-T 支撑页，不强制接广告词
/es/cases/lidar-tree-obstruction-uav-inspection,es,case_detail,normal,strong,85,inferred_from_page_topic,Industrial UAV Systems,LiDAR Tree-Obstruction UAV inspección,N-TET,LiDAR Tree-Obstruction UAV Inspección Case | N-TET,LiDAR Tree-Obstruction UAV Inspección,LiDAR Tree-Obstruction UAV Inspección Project Overview,true,true,false,true,按案例场景词做 E-E-A-T 支撑页，不强制接广告词
/es/cases/nigeria-factory-low-altitude-monitoring,es,case_detail,normal,strong,85,inferred_from_page_topic,Perimeter Intelligence,Espacio aéreo monitoreo Case of a Group Factory in Nigeria,N-TET,Espacio Aéreo Monitoreo Case Of A Group Factory In Nigeria Case | N-TET,Espacio Aéreo Monitoreo Case Of A Group Factory In Nigeria,Espacio Aéreo Monitoreo Case Of A Group Factory In Nigeria Project Overview,true,true,false,true,按案例场景词做 E-E-A-T 支撑页，不强制接广告词
/es/cases/pakistan-power-plant-low-altitude-monitoring,es,case_detail,normal,strong,85,inferred_from_page_topic,Perimeter Intelligence,Espacio aéreo monitoreo Case of a eléctrica Plant in Pakistan,N-TET,Espacio Aéreo Monitoreo Case Of A Eléctrica Plant In Pakistan Case | N-TET,Espacio Aéreo Monitoreo Case Of A Eléctrica Plant In Pakistan,Espacio Aéreo Monitoreo Case Of A Eléctrica Plant In Pakistan Project Overview,true,true,false,true,按案例场景词做 E-E-A-T 支撑页，不强制接广告词
/es/cases/southern-grid-wildfire-uav-inspection,es,case_detail,normal,strong,85,inferred_from_page_topic,Industrial UAV Systems,Southern red eléctrica Wildfire Prevention UAV inspección,N-TET,Southern Red Eléctrica Wildfire Prevention UAV Inspección Case | N-TET,Southern Red Eléctrica Wildfire Prevention UAV Inspección,Southern Red Eléctrica Wildfire Prevention UAV Inspección Project Overview,true,true,false,true,按案例场景词做 E-E-A-T 支撑页，不强制接广告词
/es/cases/wildfire-emergency-transmission-line-uav-patrol,es,case_detail,normal,strong,85,inferred_from_page_topic,Industrial UAV Systems,Wildfire emergencia Transmission-línea UAV patrullaje,N-TET,Wildfire Emergencia Transmission-línea UAV Patrullaje Case | N-TET,Wildfire Emergencia Transmission-línea UAV Patrullaje,Wildfire Emergencia Transmission-línea UAV Patrullaje Project Overview,true,true,false,true,按案例场景词做 E-E-A-T 支撑页，不强制接广告词
/es/cases/zhaoqing-long-distance-power-line-uav-inspection,es,case_detail,normal,strong,85,inferred_from_page_topic,Industrial UAV Systems,Zhaoqing Long-Distance eléctrica-línea UAV inspección,N-TET,Zhaoqing Long-Distance Eléctrica-línea UAV Inspección Case | N-TET,Zhaoqing Long-Distance Eléctrica-línea UAV Inspección,Zhaoqing Long-Distance Eléctrica-línea UAV Inspección Project Overview,true,true,false,true,按案例场景词做 E-E-A-T 支撑页，不强制接广告词
/es/contact,es,conversion,normal,weak,30,google_ads_planned_cluster,Industrial UAV Quote,cotización UAV industrial,proveedor UAV | solución de inspección con drones | monitoreo de baja altitud,Cotización UAV Industrial & Project Consultation | N-TET,Cotización UAV Industrial,Cotización UAV Industrial Overview,false,false,false,false,按广告关键词规划改 title、description、H1、H2、首段
/es/media,es,media_index,normal,weak,50,inferred_from_page_topic,Industrial UAV Systems,noticias UAV industriales,economía de baja altitud | UAV cautivo | monitoreo de infraestructura,Noticias UAV Industriales Insights | N-TET,Noticias UAV Industriales,Noticias UAV Industriales Insights,false,false,false,true,按文章主题词做资讯 SEO，不强制接广告词
/es/media/border-surveillance-uav-network-2026,es,media_detail,normal,strong,85,inferred_from_page_topic,Perimeter Intelligence,UAV and EO/IR Networks Improve remoto patrullaje Visibility,N-TET,UAV And EO/IR Networks Improve Remoto Patrullaje Visibility Insights | N-TET,UAV And EO/IR Networks Improve Remoto Patrullaje Visibility,UAV And EO/IR Networks Improve Remoto Patrullaje Visibility Insights,true,true,false,true,按文章主题词做资讯 SEO，不强制接广告词
/es/media/industrial-uav-redundancy-2026,es,media_detail,normal,strong,85,inferred_from_page_topic,Industrial UAV Systems,Dual-Redundant vuelo Control: How industrial UAV Achieve Mission-Grade Reliability,N-TET,Dual-Redundant Vuelo Control: How Industrial UAV Achieve Mission-Grade Reliability Insights | N-TET,Dual-Redundant Vuelo Control: How Industrial UAV Achieve Mission-Grade Reliability,Dual-Redundant Vuelo Control: How Industrial UAV Achieve Mission-Grade Reliability Insights,true,true,false,true,按文章主题词做资讯 SEO，不强制接广告词
/es/media/low-altitude-economy-2026-outlook,es,media_detail,normal,strong,85,inferred_from_page_topic,Industry Insight Content,China's baja altitud Economy: 2026 Outlook on a Two-Trillion-RMB Trajectory,N-TET,China's Baja Altitud Economy: 2026 Outlook On A Two-Trillion-RMB Trajectory Insights | N-TET,China's Baja Altitud Economy: 2026 Outlook On A Two-Trillion-RMB Trajectory,China's Baja Altitud Economy: 2026 Outlook On A Two-Trillion-RMB Trajectory Insights,true,true,false,true,按文章主题词做资讯 SEO，不强制接广告词
/es/media/tethered-uav-persistent-surveillance-2026,es,media_detail,normal,strong,85,inferred_from_page_topic,Perimeter Intelligence,Cautivo UAV: Continuous Aerial monitoreo for Events and remoto Sites,N-TET,Cautivo UAV: Continuous Aerial Monitoreo For Events And Remoto Sites Insights | N-TET,Cautivo UAV: Continuous Aerial Monitoreo For Events And Remoto Sites,Cautivo UAV: Continuous Aerial Monitoreo For Events And Remoto Sites Insights,true,true,false,true,按文章主题词做资讯 SEO，不强制接广告词
/es/products,es,product_index,normal,partial,65,google_ads_planned_cluster,Industrial UAV Systems,sistemas UAV industriales,dron de inspección | UAV cautivo | dron de emergencia | equipos de monitoreo de baja altitud,Sistemas UAV Industriales | N-TET,Sistemas UAV Industriales,Sistemas UAV Industriales Technical Specifications,true,false,false,true,按广告关键词规划改 title、description、H1、H2、首段
/es/products/bailey-bridge,es,product_detail,normal,strong,85,inferred_from_page_topic,Engineering Materials,Bailey Steel Bridge Overview,engineering materials | Bailey steel bridge | infrastructure support equipment | N-TET,Bailey Steel Bridge Overview | N-TET,Bailey Steel Bridge Overview,Bailey Steel Bridge Overview Technical Specifications,true,true,false,true,按产品名称和品类词做长尾 SEO，不强制接广告词
/es/products/composite-electro-optical-tracking-system,es,product_detail,neutral_seo,partial,65,google_ads_keyword_library_unplanned,Drone Detection & Airspace Monitoring,Electro-Optical EO seguimiento sistema,low altitude monitoring equipment | drone detection equipment | airspace monitoring system | N-TET,Electro-Optical EO Seguimiento Sistema | N-TET,Electro-Optical EO Seguimiento Sistema,Electro-Optical EO Seguimiento Sistema Technical Specifications,true,false,false,true,补入关键词规划表，再决定是否改页面
/es/products/containerized-medical-rescue-system,es,product_detail,normal,strong,85,inferred_from_page_topic,Field Hospital Systems,Containerized Medical rescate sistema,field hospital system | containerized medical rescue system | emergency medical shelter | N-TET,Containerized Medical Rescate Sistema | N-TET,Containerized Medical Rescate Sistema,Containerized Medical Rescate Sistema Technical Specifications,true,true,false,true,按产品名称和品类词做长尾 SEO，不强制接广告词
/es/products/emergency-search-rescue-drone,es,product_detail,normal,strong,85,google_ads_keyword_library_unplanned,Search & Rescue UAV,thermal drones for search and rescue,search and rescue drone | search and rescue UAV | drone rescue | Emergencia búsqueda & rescate dron | industrial UAV systems | UAV inspection drone,Thermal Drones For Search And Rescue | N-TET,Thermal Drones For Search And Rescue,Thermal Drones For Search And Rescue Technical Specifications,true,true,false,true,补入关键词规划表，再决定是否改页面
/es/products/fbg-g15-fc06-explosion-containment-vessel,es,product_detail,normal,strong,85,inferred_from_page_topic,Brand and Product Support,Explosion Containment Vessel FBG-G1.5-FC06,security screening equipment | X-ray baggage scanner | walk-through metal detector | N-TET,Explosion Containment Vessel FBG-G1.5-FC06 | N-TET,Explosion Containment Vessel FBG-G1.5-FC06,Explosion Containment Vessel FBG-G1.5-FC06 Technical Specifications,true,true,false,true,按产品名称和品类词做长尾 SEO，不强制接广告词
/es/products/fbt-fc09-explosion-protection-blanket,es,product_detail,normal,strong,85,inferred_from_page_topic,Brand and Product Support,Explosion Protection Blanket FBT-FC09,security screening equipment | X-ray baggage scanner | walk-through metal detector | N-TET,Explosion Protection Blanket FBT-FC09 | N-TET,Explosion Protection Blanket FBT-FC09,Explosion Protection Blanket FBT-FC09 Technical Specifications,true,true,false,true,按产品名称和品类词做长尾 SEO，不强制接广告词
/es/products/fc-3000-ferromagnetic-detection-column,es,product_detail,normal,strong,85,inferred_from_page_topic,Brand and Product Support,Intelligent Ferromagnetic detección sistema FC-3000,security screening equipment | X-ray baggage scanner | walk-through metal detector | N-TET,Intelligent Ferromagnetic Detección Sistema FC-3000 | N-TET,Intelligent Ferromagnetic Detección Sistema FC-3000,Intelligent Ferromagnetic Detección Sistema FC-3000 Technical Specifications,true,true,false,true,按产品名称和品类词做长尾 SEO，不强制接广告词
/es/products/fc-c-deluxe-walk-through-metal-detector,es,product_detail,normal,strong,85,inferred_from_page_topic,Security Screening Equipment,Walk-Through Metal Detector FC-C Deluxe,security screening equipment | X-ray baggage scanner | walk-through metal detector | N-TET,Walk-Through Metal Detector FC-C Deluxe | N-TET,Walk-Through Metal Detector FC-C Deluxe,Walk-Through Metal Detector FC-C Deluxe Technical Specifications,true,true,false,true,按产品名称和品类词做长尾 SEO，不强制接广告词
/es/products/fc-c-lcd-walk-through-metal-detector,es,product_detail,normal,strong,85,inferred_from_page_topic,Security Screening Equipment,Walk-Through Metal Detector FC-C LCD,12-Zone | security screening equipment | X-ray baggage scanner | walk-through metal detector | N-TET,Walk-Through Metal Detector FC-C LCD | N-TET,Walk-Through Metal Detector FC-C LCD,Walk-Through Metal Detector FC-C LCD Technical Specifications,true,true,false,true,按产品名称和品类词做长尾 SEO，不强制接广告词
/es/products/fc-dlxj-01-power-grid-inspection-drone,es,product_detail,normal,strong,85,google_ads_keyword_library_unplanned,Power Line & Transmission Tower Inspection UAV | Utility Inspection UAV,drone power line inspection,power line inspection drone | UAV power line inspection | utility inspection drone | Eléctrica red eléctrica inspección dron | industrial UAV systems | UAV inspection drone,Drone Power Line Inspection | N-TET,Drone Power Line Inspection,Drone Power Line Inspection Technical Specifications,true,true,false,true,补入关键词规划表，再决定是否改页面
/es/products/fc-dma-long-range-optical-turntable,es,product_detail,normal,strong,85,inferred_from_page_topic,Perimeter Intelligence,FC-DMA Multi-Spectral EO/IR PTZ Turret,perimeter intelligence | electro optical surveillance | radar vision fusion system | N-TET,FC-DMA Multi-Spectral EO/IR PTZ Turret | N-TET,FC-DMA Multi-Spectral EO/IR PTZ Turret,FC-DMA Multi-Spectral EO/IR PTZ Turret Technical Specifications,true,true,false,true,按产品名称和品类词做长尾 SEO，不强制接广告词
/es/products/fc-dms10-smart-electronic-sentinel,es,product_detail,normal,strong,85,inferred_from_page_topic,Perimeter Intelligence,FC-DMS10 Series Smart Electronic Sentinel,perimeter intelligence | electro optical surveillance | radar vision fusion system | N-TET,FC-DMS10 Series Smart Electronic Sentinel | N-TET,FC-DMS10 Series Smart Electronic Sentinel,FC-DMS10 Series Smart Electronic Sentinel Technical Specifications,true,true,false,true,按产品名称和品类词做长尾 SEO，不强制接广告词
/es/products/fc-dtvc-dual-band-thermal-ptz,es,product_detail,normal,strong,85,inferred_from_page_topic,Brand and Product Support,FC-DTVC Series Dual-Band Thermal High-Speed Dome,perimeter intelligence | electro optical surveillance | radar vision fusion system | N-TET,FC-DTVC Series Dual-Band Thermal High-Speed Dome | N-TET,FC-DTVC Series Dual-Band Thermal High-Speed Dome,FC-DTVC Series Dual-Band Thermal High-Speed Dome Technical Specifications,true,true,false,true,按产品名称和品类词做长尾 SEO，不强制接广告词
/es/products/fc-h-smart-phone-detection-gate,es,product_detail,normal,strong,85,inferred_from_page_topic,Brand and Product Support,Smart Phone detección Gate FC-H,security screening equipment | X-ray baggage scanner | walk-through metal detector | N-TET,Smart Phone Detección Gate FC-H | N-TET,Smart Phone Detección Gate FC-H,Smart Phone Detección Gate FC-H Technical Specifications,true,true,false,true,按产品名称和品类词做长尾 SEO，不强制接广告词
/es/products/fc-h-smart-phone-detection-gate-29in,es,product_detail,normal,partial,65,inferred_from_page_topic,Brand and Product Support,Smart Phone detección Gate FC-H 29-inch Display,security screening equipment | X-ray baggage scanner | walk-through metal detector | N-TET,Smart Phone Detección Gate FC-H 29-inch Display | N-TET,Smart Phone Detección Gate FC-H 29-inch Display,Smart Phone Detección Gate FC-H 29-inch Display Technical Specifications,true,false,false,true,按产品名称和品类词做长尾 SEO，不强制接广告词
/es/products/fc-pd500-personal-radiation-dose-alarm,es,product_detail,normal,strong,85,inferred_from_page_topic,Radiation Detection Equipment,FC-PD500 X-γ Personal Radiation Dose Alarm,security screening equipment | X-ray baggage scanner | walk-through metal detector | N-TET,FC-PD500 X-γ Personal Radiation Dose Alarm | N-TET,FC-PD500 X-γ Personal Radiation Dose Alarm,FC-PD500 X-γ Personal Radiation Dose Alarm Technical Specifications,true,true,false,true,按产品名称和品类词做长尾 SEO，不强制接广告词
/es/products/fc-rc-series-hd-laser-camera,es,product_detail,normal,strong,85,inferred_from_page_topic,Perimeter Intelligence,FC-RC Series HD Long-Range Laser Camera,perimeter intelligence | electro optical surveillance | radar vision fusion system | N-TET,FC-RC Series HD Long-Range Laser Camera | N-TET,FC-RC Series HD Long-Range Laser Camera,FC-RC Series HD Long-Range Laser Camera Technical Specifications,true,true,false,true,按产品名称和品类词做长尾 SEO，不强制接广告词
/es/products/fc-rds500-4r-radar-vision-sentinel,es,product_detail,normal,strong,85,inferred_from_page_topic,Perimeter Intelligence,FC-RDS500-4R Radar-Vision Fusion sistema,perimeter intelligence | electro optical surveillance | radar vision fusion system | N-TET,FC-RDS500-4R Radar-Vision Fusion Sistema | N-TET,FC-RDS500-4R Radar-Vision Fusion Sistema,FC-RDS500-4R Radar-Vision Fusion Sistema Technical Specifications,true,true,false,true,按产品名称和品类词做长尾 SEO，不强制接广告词
/es/products/fc-sljc-01-water-conservancy-monitoring-drone,es,product_detail,normal,strong,85,google_ads_keyword_library_unplanned,Water Conservancy Monitoring UAV,water conservancy monitoring UAV,dam inspection UAV | river lake UAV monitoring | flood monitoring drone | Gestión hídrica monitoreo UAV | industrial UAV systems | UAV inspection drone,Water Conservancy Monitoring UAV | N-TET,Water Conservancy Monitoring UAV,Water Conservancy Monitoring UAV Technical Specifications,true,true,false,true,补入关键词规划表，再决定是否改页面
/es/products/fc-smart-swing-turnstile,es,product_detail,normal,strong,85,inferred_from_page_topic,Brand and Product Support,Deluxe Smart Swing Turnstile,security screening equipment | X-ray baggage scanner | walk-through metal detector | N-TET,Deluxe Smart Swing Turnstile | N-TET,Deluxe Smart Swing Turnstile,Deluxe Smart Swing Turnstile Technical Specifications,true,true,false,true,按产品名称和品类词做长尾 SEO，不强制接广告词
/es/products/fc-ttvc-intelligent-multi-band-camera,es,product_detail,normal,strong,85,inferred_from_page_topic,Perimeter Intelligence,FC-TTVC Series Intelligent Multi-Band Camera,perimeter intelligence | electro optical surveillance | radar vision fusion system | N-TET,FC-TTVC Series Intelligent Multi-Band Camera | N-TET,FC-TTVC Series Intelligent Multi-Band Camera,FC-TTVC Series Intelligent Multi-Band Camera Technical Specifications,true,true,false,true,按产品名称和品类词做长尾 SEO，不强制接广告词
/es/products/fc-yjtx-01-emergency-communication-drone,es,product_detail,normal,strong,85,google_ads_keyword_library_unplanned,Emergency Communication UAV,emergency communication UAV,disaster response communication drone | tethered communication UAV | public safety UAV communications | Emergencia comunicación cautivo UAV | industrial UAV systems | UAV inspection drone,Emergency Communication UAV | N-TET,Emergency Communication UAV,Emergency Communication UAV Technical Specifications,true,true,false,true,补入关键词规划表，再决定是否改页面
/es/products/fc-yjxf-01-aerial-firefighting-drone,es,product_detail,normal,strong,85,google_ads_keyword_library_unplanned,Firefighting UAV | High-Rise Firefighting UAV,firefighting drone,drone fire fighting | drone for fire fighting | high-rise firefighting UAV | High-Rise apoyo contra incendios cautivo UAV | industrial UAV systems | UAV inspection drone,Firefighting Drone | N-TET,Firefighting Drone,Firefighting Drone Technical Specifications,true,true,false,true,补入关键词规划表，再决定是否改页面
/es/products/fc-yjzc-01-emergency-reconnaissance-drone,es,product_detail,normal,strong,85,google_ads_keyword_library_unplanned,Search & Rescue UAV,search and rescue drone,drone rescue | emergency reconnaissance drone | disaster response UAV | Emergencia Response dron | industrial UAV systems | UAV inspection drone,Search And Rescue Drone | N-TET,Search And Rescue Drone,Search And Rescue Drone Technical Specifications,true,true,false,true,补入关键词规划表，再决定是否改页面
/es/products/fc-yjzm-01-emergency-lighting-drone,es,product_detail,normal,strong,85,google_ads_keyword_library_unplanned,Tethered Lighting UAV,drone lighting,UAV lighting | tethered lighting UAV | emergency lighting drone | Cautivo iluminación UAV | industrial UAV systems | UAV inspection drone,Drone Lighting | N-TET,Drone Lighting,Drone Lighting Technical Specifications,true,true,false,true,补入关键词规划表，再决定是否改页面
/es/products/fc-yqxj-01-utility-inspection-drone,es,product_detail,normal,strong,85,google_ads_planned_cluster,Utility Inspection UAV | Pipeline Inspection UAV,pipeline inspection drones,UAV pipeline inspection | oil and gas drone inspection | drone pipeline inspection | Oil & Gas Pipeline inspección dron | industrial UAV systems | UAV inspection drone,Pipeline Inspection Drones | N-TET,Pipeline Inspection Drones,Pipeline Inspection Drones Technical Specifications,true,true,false,true,按广告关键词规划改 title、description、H1、H2、首段
/es/products/fc1500-handheld-liquid-detector,es,product_detail,normal,strong,85,inferred_from_page_topic,Brand and Product Support,Handheld Liquid Detector FC1500,security screening equipment | X-ray baggage scanner | walk-through metal detector | N-TET,Handheld Liquid Detector FC1500 | N-TET,Handheld Liquid Detector FC1500,Handheld Liquid Detector FC1500 Technical Specifications,true,true,false,true,按产品名称和品类词做长尾 SEO，不强制接广告词
/es/products/fc1500b-desktop-liquid-security-inspector,es,product_detail,normal,strong,85,inferred_from_page_topic,Brand and Product Support,Desktop Liquid seguridad Inspector FC1500B,security screening equipment | X-ray baggage scanner | walk-through metal detector | N-TET,Desktop Liquid Seguridad Inspector FC1500B | N-TET,Desktop Liquid Seguridad Inspector FC1500B,Desktop Liquid Seguridad Inspector FC1500B Technical Specifications,true,true,false,true,按产品名称和品类词做长尾 SEO，不强制接广告词
/es/products/fc1800b-portable-explosives-and-narcotics-detector,es,product_detail,normal,strong,85,inferred_from_page_topic,Brand and Product Support,Portable Explosives & Narcotics Detector FC1800B,security screening equipment | X-ray baggage scanner | walk-through metal detector | N-TET,Portable Explosives & Narcotics Detector FC1800B | N-TET,Portable Explosives & Narcotics Detector FC1800B,Portable Explosives & Narcotics Detector FC1800B Technical Specifications,true,true,false,true,按产品名称和品类词做长尾 SEO，不强制接广告词
/es/products/fc1800t-desktop-explosives-narcotics-detector,es,product_detail,normal,strong,85,inferred_from_page_topic,Brand and Product Support,Desktop Explosives & Narcotics Detector FC1800T,security screening equipment | X-ray baggage scanner | walk-through metal detector | N-TET,Desktop Explosives & Narcotics Detector FC1800T | N-TET,Desktop Explosives & Narcotics Detector FC1800T,Desktop Explosives & Narcotics Detector FC1800T Technical Specifications,true,true,false,true,按产品名称和品类词做长尾 SEO，不强制接广告词
/es/products/fc2088-handheld-metal-detector,es,product_detail,normal,strong,85,inferred_from_page_topic,Security Screening Equipment,Handheld Metal Detector FC2088,security screening equipment | X-ray baggage scanner | walk-through metal detector | N-TET,Handheld Metal Detector FC2088 | N-TET,Handheld Metal Detector FC2088,Handheld Metal Detector FC2088 Technical Specifications,true,true,false,true,按产品名称和品类词做长尾 SEO，不强制接广告词
/es/products/fc4028-neutron-ambient-dose-rate-meter,es,product_detail,normal,partial,65,inferred_from_page_topic,Radiation Detection Equipment,FC4028 Neutron Ambient Dose Equivalent Rate Meter,security screening equipment | X-ray baggage scanner | walk-through metal detector | N-TET,FC4028 Neutron Ambient Dose Equivalent Rate Meter | N-TET,FC4028 Neutron Ambient Dose Equivalent Rate Meter,FC4028 Neutron Ambient Dose Equivalent Rate Meter Technical Specifications,true,false,false,true,按产品名称和品类词做长尾 SEO，不强制接广告词
/es/products/fc5030-compact-x-ray-baggage-scanner,es,product_detail,normal,strong,85,inferred_from_page_topic,Security Screening Equipment,X-Ray Baggage Scanner FC5030,security screening equipment | X-ray baggage scanner | walk-through metal detector | N-TET,X-Ray Baggage Scanner FC5030 | N-TET,X-Ray Baggage Scanner FC5030,X-Ray Baggage Scanner FC5030 Technical Specifications,true,true,false,true,按产品名称和品类词做长尾 SEO，不强制接广告词
/es/products/fc6550-standard-x-ray-baggage-scanner,es,product_detail,normal,strong,85,inferred_from_page_topic,Security Screening Equipment,X-Ray Baggage Scanner FC6550,security screening equipment | X-ray baggage scanner | walk-through metal detector | N-TET,X-Ray Baggage Scanner FC6550 | N-TET,X-Ray Baggage Scanner FC6550,X-Ray Baggage Scanner FC6550 Technical Specifications,true,true,false,true,按产品名称和品类词做长尾 SEO，不强制接广告词
/es/products/fc6550d-dual-view-baggage-scanner,es,product_detail,normal,strong,85,inferred_from_page_topic,Security Screening Equipment,Dual-View X-Ray Baggage Scanner FC6550D,security screening equipment | X-ray baggage scanner | walk-through metal detector | N-TET,Dual-View X-Ray Baggage Scanner FC6550D | N-TET,Dual-View X-Ray Baggage Scanner FC6550D,Dual-View X-Ray Baggage Scanner FC6550D Technical Specifications,true,true,false,true,按产品名称和品类词做长尾 SEO，不强制接广告词
/es/products/fc902-personal-radiation-dose-alarm,es,product_detail,normal,strong,85,inferred_from_page_topic,Radiation Detection Equipment,X-γ Radiation Dose Alarm FC902,security screening equipment | X-ray baggage scanner | walk-through metal detector | N-TET,X-γ Radiation Dose Alarm FC902 | N-TET,X-γ Radiation Dose Alarm FC902,X-γ Radiation Dose Alarm FC902 Technical Specifications,true,true,false,true,按产品名称和品类词做长尾 SEO，不强制接广告词
/es/products/handheld-rf-detection-system-mini,es,product_detail,normal,strong,85,google_ads_keyword_library_unplanned,Drone Detection & Airspace Monitoring,Handheld RF detección sistema,low altitude monitoring equipment | drone detection equipment | airspace monitoring system | N-TET,Handheld RF Detección Sistema | N-TET,Handheld RF Detección Sistema,Handheld RF Detección Sistema Technical Specifications,true,true,false,true,补入关键词规划表，再决定是否改页面
/es/products/intelligent-mobile-cabin-hospital,es,product_detail,normal,strong,85,inferred_from_page_topic,Field Hospital Systems,Intelligent Mobile Cabin Hospital,field hospital system | containerized medical rescue system | emergency medical shelter | N-TET,Intelligent Mobile Cabin Hospital | N-TET,Intelligent Mobile Cabin Hospital,Intelligent Mobile Cabin Hospital Technical Specifications,true,true,false,true,按产品名称和品类词做长尾 SEO，不强制接广告词
/es/products/low-altitude-3d-pulse-doppler-radar,es,product_detail,normal,partial,65,google_ads_keyword_library_unplanned,Drone Detection & Airspace Monitoring,Baja altitud detección Radar X-Band,low altitude monitoring equipment | drone detection equipment | airspace monitoring system | N-TET,Baja Altitud Detección Radar X-Band | N-TET,Baja Altitud Detección Radar X-Band,Baja Altitud Detección Radar X-Band Technical Specifications,true,false,false,true,补入关键词规划表，再决定是否改页面
/es/products/low-altitude-detection-radar-ku-band,es,product_detail,neutral_seo,partial,65,google_ads_keyword_library_unplanned,Drone Detection & Airspace Monitoring,Baja altitud detección Radar Ku-Band,low altitude monitoring equipment | drone detection equipment | airspace monitoring system | N-TET,Baja Altitud Detección Radar Ku-Band | N-TET,Baja Altitud Detección Radar Ku-Band,Baja Altitud Detección Radar Ku-Band Technical Specifications,true,false,false,true,补入关键词规划表，再决定是否改页面
/es/products/multi-rotor-20kg-payload-uav,es,product_detail,normal,strong,85,inferred_from_page_topic,Industrial UAV Systems,20kg carga útil multirrotor UAV,industrial UAV systems | UAV inspection drone | emergency response UAV | N-TET,20kg Carga Útil Multirrotor UAV | N-TET,20kg Carga Útil Multirrotor UAV,20kg Carga Útil Multirrotor UAV Technical Specifications,true,true,false,true,按产品名称和品类词做长尾 SEO，不强制接广告词
/es/products/multi-rotor-3kg-payload-uav,es,product_detail,normal,strong,85,inferred_from_page_topic,Industrial UAV Systems,3kg carga útil multirrotor UAV,industrial UAV systems | UAV inspection drone | emergency response UAV | N-TET,3kg Carga Útil Multirrotor UAV | N-TET,3kg Carga Útil Multirrotor UAV,3kg Carga Útil Multirrotor UAV Technical Specifications,true,true,false,true,按产品名称和品类词做长尾 SEO，不强制接广告词
/es/products/multi-rotor-50kg-payload-uav,es,product_detail,normal,strong,85,inferred_from_page_topic,Industrial UAV Systems,50kg carga útil multirrotor UAV,industrial UAV systems | UAV inspection drone | emergency response UAV | N-TET,50kg Carga Útil Multirrotor UAV | N-TET,50kg Carga Útil Multirrotor UAV,50kg Carga Útil Multirrotor UAV Technical Specifications,true,true,false,true,按产品名称和品类词做长尾 SEO，不强制接广告词
/es/products/multi-rotor-8kg-payload-uav,es,product_detail,normal,strong,85,inferred_from_page_topic,Industrial UAV Systems,8kg carga útil multirrotor UAV,industrial UAV systems | UAV inspection drone | emergency response UAV | N-TET,8kg Carga Útil Multirrotor UAV | N-TET,8kg Carga Útil Multirrotor UAV,8kg Carga Útil Multirrotor UAV Technical Specifications,true,true,false,true,按产品名称和品类词做长尾 SEO，不强制接广告词
/es/products/portable-rf-detection-case,es,product_detail,neutral_seo,strong,85,google_ads_keyword_library_unplanned,Drone Detection & Airspace Monitoring,Hand-carried RF detección sistema,low altitude monitoring equipment | drone detection equipment | airspace monitoring system | N-TET,Hand-carried RF Detección Sistema | N-TET,Hand-carried RF Detección Sistema,Hand-carried RF Detección Sistema Technical Specifications,true,true,false,true,补入关键词规划表，再决定是否改页面
/es/products/power-tower-inspection-drone,es,product_detail,normal,strong,85,google_ads_keyword_library_unplanned,Power Line & Transmission Tower Inspection UAV | Utility Inspection UAV,drone power line inspection,power line inspection drone | drones for utility inspection | transmission tower inspection UAV | Eléctrica Tower inspección UAV | industrial UAV systems | UAV inspection drone,Drone Power Line Inspection | N-TET,Drone Power Line Inspection,Drone Power Line Inspection Technical Specifications,true,true,false,true,补入关键词规划表，再决定是否改页面
/es/products/smart-substation-autonomous-inspection-system,es,product_detail,normal,strong,85,google_ads_keyword_library_unplanned,Smart Substation Autonomous Inspection,smart substation autonomous inspection,substation inspection drone | power utility UAV inspection | autonomous UAV inspection | Smart subestación Autonomous UAV inspección sistema | industrial UAV systems | UAV inspection drone,Smart Substation Autonomous Inspection | N-TET,Smart Substation Autonomous Inspection,Smart Substation Autonomous Inspection Technical Specifications,true,true,false,true,补入关键词规划表，再决定是否改页面
/es/products/stationary-rf-detection-system,es,product_detail,neutral_seo,strong,85,google_ads_keyword_library_unplanned,Drone Detection & Airspace Monitoring,Stationary RF detección sistema,low altitude monitoring equipment | drone detection equipment | airspace monitoring system | N-TET,Stationary RF Detección Sistema | N-TET,Stationary RF Detección Sistema,Stationary RF Detección Sistema Technical Specifications,true,true,false,true,补入关键词规划表，再决定是否改页面
/es/products/uav-remote-id-monitoring-system,es,product_detail,neutral_seo,strong,85,google_ads_keyword_library_unplanned,Drone Detection & Airspace Monitoring,UAV remoto ID monitoreo sistema,low altitude monitoring equipment | drone detection equipment | airspace monitoring system | N-TET,UAV Remoto ID Monitoreo Sistema | N-TET,UAV Remoto ID Monitoreo Sistema,UAV Remoto ID Monitoreo Sistema Technical Specifications,true,true,false,true,补入关键词规划表，再决定是否改页面
/es/products/vtol-135kg-mtow-uav,es,product_detail,normal,strong,85,inferred_from_page_topic,Industrial UAV Systems,135kg MTOW VTOL ala fija UAV,industrial UAV systems | UAV inspection drone | emergency response UAV | N-TET,135kg MTOW VTOL Ala Fija UAV | N-TET,135kg MTOW VTOL Ala Fija UAV,135kg MTOW VTOL Ala Fija UAV Technical Specifications,true,true,false,true,按产品名称和品类词做长尾 SEO，不强制接广告词
/es/products/vtol-14kg-mtow-uav,es,product_detail,normal,strong,85,inferred_from_page_topic,Industrial UAV Systems,14kg MTOW VTOL ala fija UAV,industrial UAV systems | UAV inspection drone | emergency response UAV | N-TET,14kg MTOW VTOL Ala Fija UAV | N-TET,14kg MTOW VTOL Ala Fija UAV,14kg MTOW VTOL Ala Fija UAV Technical Specifications,true,true,false,true,按产品名称和品类词做长尾 SEO，不强制接广告词
/es/products/vtol-26kg-mtow-uav,es,product_detail,normal,strong,85,inferred_from_page_topic,Industrial UAV Systems,26kg MTOW VTOL ala fija UAV,industrial UAV systems | UAV inspection drone | emergency response UAV | N-TET,26kg MTOW VTOL Ala Fija UAV | N-TET,26kg MTOW VTOL Ala Fija UAV,26kg MTOW VTOL Ala Fija UAV Technical Specifications,true,true,false,true,按产品名称和品类词做长尾 SEO，不强制接广告词
/es/products/vtol-40kg-mtow-uav,es,product_detail,normal,strong,85,inferred_from_page_topic,Industrial UAV Systems,40kg MTOW VTOL ala fija UAV,industrial UAV systems | UAV inspection drone | emergency response UAV | N-TET,40kg MTOW VTOL Ala Fija UAV | N-TET,40kg MTOW VTOL Ala Fija UAV,40kg MTOW VTOL Ala Fija UAV Technical Specifications,true,true,false,true,按产品名称和品类词做长尾 SEO，不强制接广告词
/es/products/vtol-64kg-mtow-uav,es,product_detail,normal,strong,85,inferred_from_page_topic,Industrial UAV Systems,64kg MTOW VTOL ala fija UAV,industrial UAV systems | UAV inspection drone | emergency response UAV | N-TET,64kg MTOW VTOL Ala Fija UAV | N-TET,64kg MTOW VTOL Ala Fija UAV,64kg MTOW VTOL Ala Fija UAV Technical Specifications,true,true,false,true,按产品名称和品类词做长尾 SEO，不强制接广告词
/es/solutions,es,solution_index,normal,strong,85,google_ads_keyword_library_unplanned,General Drone/UAV Broad,soluciones UAV,dron de búsqueda y rescate | dron contra incendios | inspección de líneas eléctricas con UAV,Soluciones UAV Solution | N-TET,Soluciones UAV,Soluciones UAV Workflow,true,true,false,true,补入关键词规划表，再决定是否改页面
/es/solutions/airport-low-altitude-monitoring,es,solution_detail,normal,strong,85,inferred_from_page_topic,Perimeter Intelligence,Aeropuerto espacio aéreo monitoreo Application,N-TET,Aeropuerto Espacio Aéreo Monitoreo Application Solution | N-TET,Aeropuerto Espacio Aéreo Monitoreo Application,Aeropuerto Espacio Aéreo Monitoreo Application Workflow,true,true,false,true,人工确认是否需要新增关键词库映射
/es/solutions/airport-security-protection,es,solution_detail,neutral_seo,strong,85,inferred_from_page_topic,Brand and Product Support,Aeropuerto seguridad Protection,N-TET,Aeropuerto Seguridad Protection Solution | N-TET,Aeropuerto Seguridad Protection,Aeropuerto Seguridad Protection Workflow,true,true,false,true,人工确认是否需要新增关键词库映射
/es/solutions/category/01_BorderPatrol,es,solution_category,normal,weak,30,google_ads_planned_cluster,Border Patrol UAV | Maritime & Coastal Patrol UAV,border patrol drones,border patrol UAV | UAV border patrol | maritime patrol UAV | coastal monitoring drone | land based maritime surveillance,Border Patrol Drones Solutions | N-TET,Border Patrol Drones,Border Patrol Drones Workflow,true,false,false,false,按广告关键词规划改 title、description、H1、H2、首段
/es/solutions/category/02_InfrastructureProtection,es,solution_category,normal,weak,15,google_ads_planned_cluster,Industrial Facility Inspection UAV | Pipeline Inspection UAV | Water Conservancy Monitoring UAV,drone power line inspection,pipeline inspection drones | oil and gas drone inspection | chemical plant monitoring | water conservancy monitoring UAV | low altitude monitoring equipment,Drone Power Line Inspection Solutions | N-TET,Drone Power Line Inspection,Drone Power Line Inspection Workflow,false,false,false,false,按广告关键词规划改 title、description、H1、H2、首段
/es/solutions/category/03_KeyAreaSecurity,es,solution_category,normal,weak,30,inferred_from_page_topic,Brand and Product Support,airport airspace monitoring,event security monitoring | key area security | smart security screening | low altitude monitoring equipment | electro optical surveillance,Airport Airspace Monitoring Solutions | N-TET,Airport Airspace Monitoring,Airport Airspace Monitoring Workflow,true,false,false,false,人工确认是否需要新增关键词库映射
/es/solutions/category/04_EmergencyRescue,es,solution_category,normal,weak,15,google_ads_keyword_library_unplanned,Search & Rescue UAV | Firefighting UAV | Emergency Communication UAV | Tethered Lighting UAV,search and rescue drone,firefighting drone | emergency communication UAV | drone lighting | emergency response drone | disaster response UAV,Search And Rescue Drone Solutions | N-TET,Search And Rescue Drone,Search And Rescue Drone Workflow,false,false,false,false,补入关键词规划表，再决定是否改页面
/es/solutions/chemical-plant-protection,es,solution_detail,neutral_seo,weak,30,google_ads_planned_cluster,Pipeline Inspection UAV | Chemical & Petrochemical Plant UAV,pipeline inspection drones,UAV pipeline inspection | oil and gas drone inspection | drone inspection for oil and gas | drone pipeline inspection | chemical plant monitoring,Pipeline Inspection Drones Solution | N-TET,Pipeline Inspection Drones,Pipeline Inspection Drones Workflow,true,false,false,false,按广告关键词规划改 title、description、H1、H2、首段
/es/solutions/disaster-site-search-rescue-reconnaissance-uav-solution,es,solution_detail,normal,weak,45,google_ads_planned_cluster,Search & Rescue UAV,thermal drones for search and rescue,search and rescue drone | drone rescue | drones for search and rescue | search and rescue thermal drone | search and rescue UAV,Thermal Drones For Search And Rescue Solution | N-TET,Thermal Drones For Search And Rescue,Thermal Drones For Search And Rescue Workflow,true,false,false,false,按广告关键词规划改 title、description、H1、H2、首段
/es/solutions/emergency-communication-uav,es,solution_detail,normal,strong,85,inferred_from_page_topic,Industrial UAV Systems,Emergencia comunicación UAV,N-TET,Emergencia Comunicación UAV Solution | N-TET,Emergencia Comunicación UAV,Emergencia Comunicación UAV Workflow,true,true,false,true,人工确认是否需要新增关键词库映射
/es/solutions/emergency-communication-uav-solution,es,solution_detail,normal,strong,85,inferred_from_page_topic,Industrial UAV Systems,Emergencia comunicación UAV solución,N-TET,Emergencia Comunicación UAV Solución Solution | N-TET,Emergencia Comunicación UAV Solución,Emergencia Comunicación UAV Solución Workflow,true,true,false,true,人工确认是否需要新增关键词库映射
/es/solutions/emergency-lighting-uav,es,solution_detail,normal,strong,85,inferred_from_page_topic,Industrial UAV Systems,Emergencia iluminación UAV,N-TET,Emergencia Iluminación UAV Solution | N-TET,Emergencia Iluminación UAV,Emergencia Iluminación UAV Workflow,true,true,false,true,人工确认是否需要新增关键词库映射
/es/solutions/emergency-reconnaissance-uav,es,solution_detail,normal,strong,85,inferred_from_page_topic,Industrial UAV Systems,Emergencia reconocimiento UAV,N-TET,Emergencia Reconocimiento UAV Solution | N-TET,Emergencia Reconocimiento UAV,Emergencia Reconocimiento UAV Workflow,true,true,false,true,人工确认是否需要新增关键词库映射
/es/solutions/emergency-search-rescue-uav-solution,es,solution_detail,normal,strong,85,inferred_from_page_topic,Industrial UAV Systems,Emergencia búsqueda & rescate UAV solución,N-TET,Emergencia Búsqueda & Rescate UAV Solución Solution | N-TET,Emergencia Búsqueda & Rescate UAV Solución,Emergencia Búsqueda & Rescate UAV Solución Workflow,true,true,false,true,人工确认是否需要新增关键词库映射
/es/solutions/high-rise-firefighting-uav-solution,es,solution_detail,normal,strong,85,inferred_from_page_topic,Industrial UAV Systems,High-Rise apoyo contra incendios UAV solución,N-TET,High-Rise Apoyo Contra Incendios UAV Solución Solution | N-TET,High-Rise Apoyo Contra Incendios UAV Solución,High-Rise Apoyo Contra Incendios UAV Solución Workflow,true,true,false,true,人工确认是否需要新增关键词库映射
/es/solutions/hydroelectric-dam-protection,es,solution_detail,neutral_seo,strong,85,inferred_from_page_topic,Brand and Product Support,Presa hidroeléctrica Protection,N-TET,Presa Hidroeléctrica Protection Solution | N-TET,Presa Hidroeléctrica Protection,Presa Hidroeléctrica Protection Workflow,true,true,false,true,人工确认是否需要新增关键词库映射
/es/solutions/judicial-sector-security,es,solution_detail,neutral_seo,strong,85,inferred_from_page_topic,Brand and Product Support,Sector judicial seguridad Protection,N-TET,Sector Judicial Seguridad Protection Solution | N-TET,Sector Judicial Seguridad Protection,Sector Judicial Seguridad Protection Workflow,true,true,false,true,人工确认是否需要新增关键词库映射
/es/solutions/land-based-maritime-surveillance,es,solution_detail,normal,strong,85,inferred_from_page_topic,Brand and Product Support,Land-based marítimo vigilancia & Early Warning,N-TET,Land-based Marítimo Vigilancia & Early Warning Solution | N-TET,Land-based Marítimo Vigilancia & Early Warning,Land-based Marítimo Vigilancia & Early Warning Workflow,true,true,false,true,人工确认是否需要新增关键词库映射
/es/solutions/night-emergency-lighting-support-uav-solution,es,solution_detail,normal,partial,65,google_ads_planned_cluster,Tethered Lighting UAV,drone lighting,UAV lighting | tethered lighting UAV | UAV lighting system | emergency lighting drone | drone lighting company,Drone Lighting Solution | N-TET,Drone Lighting,Drone Lighting Workflow,true,false,false,true,按广告关键词规划改 title、description、H1、H2、首段
/es/solutions/oil-production-base-protection,es,solution_detail,normal,strong,85,google_ads_planned_cluster,Oil & Gas Facility Inspection UAV,Base de producción petrolera Protection,N-TET,Base De Producción Petrolera Protection Solution | N-TET,Base De Producción Petrolera Protection,Base De Producción Petrolera Protection Workflow,true,true,false,true,按广告关键词规划改 title、description、H1、H2、首段
/es/solutions/post-disaster-emergency-communication-support-uav-solution,es,solution_detail,normal,partial,65,google_ads_planned_cluster,Emergency Communication UAV,emergency communication UAV,disaster response communication drone | tethered communication UAV | public safety UAV communications | emergency communication drone,Emergency Communication UAV Solution | N-TET,Emergency Communication UAV,Emergency Communication UAV Workflow,true,false,false,true,按广告关键词规划改 title、description、H1、H2、首段
/es/solutions/power-generation-facility-low-altitude-monitoring,es,solution_detail,normal,strong,85,inferred_from_page_topic,Perimeter Intelligence,Eléctrica Generation Facility espacio aéreo monitoreo,N-TET,Eléctrica Generation Facility Espacio Aéreo Monitoreo Solution | N-TET,Eléctrica Generation Facility Espacio Aéreo Monitoreo,Eléctrica Generation Facility Espacio Aéreo Monitoreo Workflow,true,true,false,true,人工确认是否需要新增关键词库映射
/es/solutions/power-line-uav-intelligent-inspection-solution,es,solution_detail,normal,weak,15,google_ads_planned_cluster,Power Line & Transmission Tower Inspection UAV | Cell Tower Inspection UAV | Utility Inspection UAV,drones for utility inspection,drone power line inspection | utility inspection drone | drone cell tower inspection | power line inspection drone | UAV power line inspection,Drones For Utility Inspection Solution | N-TET,Drones For Utility Inspection,Drones For Utility Inspection Workflow,false,false,false,false,按广告关键词规划改 title、description、H1、H2、首段
/es/solutions/power-tower-inspection-uav-solution,es,solution_detail,normal,strong,85,inferred_from_page_topic,Industrial UAV Systems,Eléctrica Tower inspección UAV solución,N-TET,Eléctrica Tower Inspección UAV Solución Solution | N-TET,Eléctrica Tower Inspección UAV Solución,Eléctrica Tower Inspección UAV Solución Workflow,true,true,false,true,人工确认是否需要新增关键词库映射
/es/solutions/smart-substation-autonomous-inspection-solution,es,solution_detail,normal,strong,85,inferred_from_page_topic,Industrial UAV Systems,Smart subestación Autonomous UAV inspección solución,N-TET,Smart Subestación Autonomous UAV Inspección Solución Solution | N-TET,Smart Subestación Autonomous UAV Inspección Solución,Smart Subestación Autonomous UAV Inspección Solución Workflow,true,true,false,true,人工确认是否需要新增关键词库映射
/es/solutions/smart-substation-unattended-uav-inspection-solution,es,solution_detail,normal,weak,45,google_ads_planned_cluster,Smart Substation Autonomous Inspection,smart substation autonomous inspection,substation inspection drone | power utility UAV inspection | autonomous UAV inspection | UAV inspection system,Smart Substation Autonomous Inspection Solution | N-TET,Smart Substation Autonomous Inspection,Smart Substation Autonomous Inspection Workflow,true,false,false,false,按广告关键词规划改 title、description、H1、H2、首段
/es/solutions/sports-event-security,es,solution_detail,neutral_seo,strong,85,inferred_from_page_topic,Brand and Product Support,Large evento deportivo seguridad Protection,N-TET,Large Evento Deportivo Seguridad Protection Solution | N-TET,Large Evento Deportivo Seguridad Protection,Large Evento Deportivo Seguridad Protection Workflow,true,true,false,true,人工确认是否需要新增关键词库映射
/es/solutions/tethered-lighting-uav-solution,es,solution_detail,normal,strong,85,inferred_from_page_topic,Industrial UAV Systems,Cautivo iluminación UAV solución,N-TET,Cautivo Iluminación UAV Solución Solution | N-TET,Cautivo Iluminación UAV Solución,Cautivo Iluminación UAV Solución Workflow,true,true,false,true,人工确认是否需要新增关键词库映射
/es/solutions/uav-maritime-emergency-rescue,es,solution_detail,normal,strong,85,inferred_from_page_topic,Industrial UAV Systems,UAV marítimo emergencia rescate,N-TET,UAV Marítimo Emergencia Rescate Solution | N-TET,UAV Marítimo Emergencia Rescate,UAV Marítimo Emergencia Rescate Workflow,true,true,false,true,人工确认是否需要新增关键词库映射
/es/solutions/uav-maritime-patrol,es,solution_detail,normal,weak,45,google_ads_planned_cluster,Maritime & Coastal Patrol UAV | Border Patrol UAV,border patrol drones,border patrol UAV | UAV border patrol | drones for border patrol | maritime patrol UAV | coastal monitoring drone,Border Patrol Drones Solution | N-TET,Border Patrol Drones,Border Patrol Drones Workflow,true,false,false,false,按广告关键词规划改 title、description、H1、H2、首段
/es/solutions/urban-high-rise-firefighting-emergency-uav-solution,es,solution_detail,normal,weak,45,google_ads_planned_cluster,High-Rise Firefighting UAV | Firefighting UAV,firefighting drone,drone fire fighting | drone for fire fighting | fire fighting drones | drones firefighting | high-rise firefighting UAV,Firefighting Drone Solution | N-TET,Firefighting Drone,Firefighting Drone Workflow,true,false,false,false,按广告关键词规划改 title、description、H1、H2、首段
/es/solutions/water-conservancy-monitoring-uav-solution,es,solution_detail,normal,strong,85,inferred_from_page_topic,Perimeter Intelligence,Gestión hídrica monitoreo UAV solución,N-TET,Gestión Hídrica Monitoreo UAV Solución Solution | N-TET,Gestión Hídrica Monitoreo UAV Solución,Gestión Hídrica Monitoreo UAV Solución Workflow,true,true,false,true,人工确认是否需要新增关键词库映射
/es/solutions/water-conservancy-river-lake-uav-monitoring-solution,es,solution_detail,normal,weak,30,google_ads_planned_cluster,Water Conservancy Monitoring UAV,water conservancy monitoring UAV,dam inspection UAV | using UAV to monitor water quality in lakes | river lake UAV monitoring | flood monitoring drone,Water Conservancy Monitoring UAV Solution | N-TET,Water Conservancy Monitoring UAV,Water Conservancy Monitoring UAV Workflow,true,false,false,false,按广告关键词规划改 title、description、H1、H2、首段
/ru,ru,home,normal,weak,30,google_ads_keyword_library_unplanned,Drone Detection & Airspace Monitoring,industrial UAV systems,low altitude monitoring | UAV inspection drone | emergency response UAV | drone detection equipment | security screening systems,Industrial UAV Systems | N-TET,Industrial UAV Systems,Industrial UAV Systems Overview,true,false,false,false,补入关键词规划表，再决定是否改页面
/ru/about,ru,brand,normal,weak,45,google_ads_keyword_library_unplanned,Industrial UAV Systems,industrial UAV manufacturer,low altitude monitoring manufacturer | UAV system supplier | security equipment manufacturer | N-TET,Industrial UAV Manufacturer | N-TET,Industrial UAV Manufacturer,Industrial UAV Manufacturer Overview,true,false,false,false,补入关键词规划表，再决定是否改页面
/ru/accessories,ru,accessory_index,normal,weak,30,google_ads_keyword_library_unplanned,General Drone/UAV Broad,drone accessories,UAV components | UAV gimbal | UAV engine | UAV data link | drone propellers | UAV motors,Drone Accessories | N-TET,Drone Accessories,Drone Accessories Technical Specifications,true,false,false,false,补入关键词规划表，再决定是否改页面
/ru/accessories/fc-bt1,ru,accessory_detail,normal,partial,70,google_ads_keyword_library_unplanned,General Drone/UAV Broad,Твердотельная батарея для БПЛА FC-BT1,drone accessories | UAV components | industrial UAV parts,Твердотельная Батарея Для БПЛА FC-BT1 | N-TET,Твердотельная Батарея Для БПЛА FC-BT1,Твердотельная Батарея Для БПЛА FC-BT1 Technical Specifications,true,true,false,true,补入关键词规划表，再决定是否改页面
/ru/accessories/fc-bt2,ru,accessory_detail,normal,partial,70,google_ads_keyword_library_unplanned,General Drone/UAV Broad,Твердотельная батарея для БПЛА FC-BT2,drone accessories | UAV components | industrial UAV parts,Твердотельная Батарея Для БПЛА FC-BT2 | N-TET,Твердотельная Батарея Для БПЛА FC-BT2,Твердотельная Батарея Для БПЛА FC-BT2 Technical Specifications,true,true,false,true,补入关键词规划表，再决定是否改页面
/ru/accessories/fc-bt3,ru,accessory_detail,normal,partial,70,google_ads_keyword_library_unplanned,General Drone/UAV Broad,Высоковольтная твердотельная батарея для БПЛА FC-BT3,drone accessories | UAV components | industrial UAV parts,Высоковольтная Твердотельная Батарея Для БПЛА FC-BT3 | N-TET,Высоковольтная Твердотельная Батарея Для БПЛА FC-BT3,Высоковольтная Твердотельная Батарея Для БПЛА FC-BT3 Technical Specifications,true,true,false,true,补入关键词规划表，再决定是否改页面
/ru/accessories/fc-bt4,ru,accessory_detail,normal,partial,70,google_ads_keyword_library_unplanned,General Drone/UAV Broad,Высокоэнергетическая твердотельная батарея для БПЛА FC-BT4,drone accessories | UAV components | industrial UAV parts,Высокоэнергетическая Твердотельная Батарея Для БПЛА FC-BT4 | N-TET,Высокоэнергетическая Твердотельная Батарея Для БПЛА FC-BT4,Высокоэнергетическая Твердотельная Батарея Для БПЛА FC-BT4 Technical Specifications,true,true,false,true,补入关键词规划表，再决定是否改页面
/ru/accessories/fc-btg,ru,accessory_detail,normal,partial,70,google_ads_keyword_library_unplanned,General Drone/UAV Broad,Учебная твердотельная батарея для БПЛА FC-BTG,drone accessories | UAV components | industrial UAV parts,Учебная Твердотельная Батарея Для БПЛА FC-BTG | N-TET,Учебная Твердотельная Батарея Для БПЛА FC-BTG,Учебная Твердотельная Батарея Для БПЛА FC-BTG Technical Specifications,true,true,false,true,补入关键词规划表，再决定是否改页面
/ru/accessories/fc-c2d-propeller,ru,accessory_detail,normal,partial,70,google_ads_keyword_library_unplanned,General Drone/UAV Broad,Пропеллер БПЛА FC-C2D,drone accessories | UAV components | industrial UAV parts,Пропеллер БПЛА FC-C2D | N-TET,Пропеллер БПЛА FC-C2D,Пропеллер БПЛА FC-C2D Technical Specifications,true,true,false,true,补入关键词规划表，再决定是否改页面
/ru/accessories/fc-c2e-propeller,ru,accessory_detail,normal,partial,70,google_ads_keyword_library_unplanned,General Drone/UAV Broad,Пропеллер БПЛА FC-C2E,drone accessories | UAV components | industrial UAV parts,Пропеллер БПЛА FC-C2E | N-TET,Пропеллер БПЛА FC-C2E,Пропеллер БПЛА FC-C2E Technical Specifications,true,true,false,true,补入关键词规划表，再决定是否改页面
/ru/accessories/fc-c2t-propeller,ru,accessory_detail,normal,partial,70,google_ads_keyword_library_unplanned,General Drone/UAV Broad,Пропеллер БПЛА FC-C2T,drone accessories | UAV components | industrial UAV parts,Пропеллер БПЛА FC-C2T | N-TET,Пропеллер БПЛА FC-C2T,Пропеллер БПЛА FC-C2T Technical Specifications,true,true,false,true,补入关键词规划表，再决定是否改页面
/ru/accessories/fc-c2u-propeller,ru,accessory_detail,normal,partial,70,google_ads_keyword_library_unplanned,General Drone/UAV Broad,Пропеллер БПЛА FC-C2U,drone accessories | UAV components | industrial UAV parts,Пропеллер БПЛА FC-C2U | N-TET,Пропеллер БПЛА FC-C2U,Пропеллер БПЛА FC-C2U Technical Specifications,true,true,false,true,补入关键词规划表，再决定是否改页面
/ru/accessories/fc-c2ud-propeller,ru,accessory_detail,normal,partial,70,google_ads_keyword_library_unplanned,General Drone/UAV Broad,Пропеллер БПЛА FC-C2UD,drone accessories | UAV components | industrial UAV parts,Пропеллер БПЛА FC-C2UD | N-TET,Пропеллер БПЛА FC-C2UD,Пропеллер БПЛА FC-C2UD Technical Specifications,true,true,false,true,补入关键词规划表，再决定是否改页面
/ru/accessories/fc-fdj-111,ru,accessory_detail,normal,strong,85,google_ads_keyword_library_unplanned,General Drone/UAV Broad,Двигатель БПЛА FC-FDJ-111,drone accessories | UAV components | industrial UAV parts,Двигатель БПЛА FC-FDJ-111 | N-TET,Двигатель БПЛА FC-FDJ-111,Двигатель БПЛА FC-FDJ-111 Technical Specifications,true,true,false,true,补入关键词规划表，再决定是否改页面
/ru/accessories/fc-fdj-120,ru,accessory_detail,normal,strong,85,google_ads_keyword_library_unplanned,General Drone/UAV Broad,Двигатель БПЛА FC-FDJ-120,drone accessories | UAV components | industrial UAV parts,Двигатель БПЛА FC-FDJ-120 | N-TET,Двигатель БПЛА FC-FDJ-120,Двигатель БПЛА FC-FDJ-120 Technical Specifications,true,true,false,true,补入关键词规划表，再决定是否改页面
/ru/accessories/fc-fdj-120hd,ru,accessory_detail,normal,strong,85,google_ads_keyword_library_unplanned,General Drone/UAV Broad,Двигатель БПЛА FC-FDJ-120HD,drone accessories | UAV components | industrial UAV parts,Двигатель БПЛА FC-FDJ-120HD | N-TET,Двигатель БПЛА FC-FDJ-120HD,Двигатель БПЛА FC-FDJ-120HD Technical Specifications,true,true,false,true,补入关键词规划表，再决定是否改页面
/ru/accessories/fc-fdj-170,ru,accessory_detail,normal,strong,85,google_ads_keyword_library_unplanned,General Drone/UAV Broad,Двигатель БПЛА FC-FDJ-170,drone accessories | UAV components | industrial UAV parts,Двигатель БПЛА FC-FDJ-170 | N-TET,Двигатель БПЛА FC-FDJ-170,Двигатель БПЛА FC-FDJ-170 Technical Specifications,true,true,false,true,补入关键词规划表，再决定是否改页面
/ru/accessories/fc-fdj-200,ru,accessory_detail,normal,strong,85,google_ads_keyword_library_unplanned,General Drone/UAV Broad,Двигатель БПЛА FC-FDJ-200,drone accessories | UAV components | industrial UAV parts,Двигатель БПЛА FC-FDJ-200 | N-TET,Двигатель БПЛА FC-FDJ-200,Двигатель БПЛА FC-FDJ-200 Technical Specifications,true,true,false,true,补入关键词规划表，再决定是否改页面
/ru/accessories/fc-fdj-222,ru,accessory_detail,normal,strong,85,google_ads_keyword_library_unplanned,General Drone/UAV Broad,Двигатель БПЛА FC-FDJ-222,drone accessories | UAV components | industrial UAV parts,Двигатель БПЛА FC-FDJ-222 | N-TET,Двигатель БПЛА FC-FDJ-222,Двигатель БПЛА FC-FDJ-222 Technical Specifications,true,true,false,true,补入关键词规划表，再决定是否改页面
/ru/accessories/fc-fdj-430,ru,accessory_detail,normal,strong,85,google_ads_keyword_library_unplanned,General Drone/UAV Broad,Двигатель БПЛА FC-FDJ-430,drone accessories | UAV components | industrial UAV parts,Двигатель БПЛА FC-FDJ-430 | N-TET,Двигатель БПЛА FC-FDJ-430,Двигатель БПЛА FC-FDJ-430 Technical Specifications,true,true,false,true,补入关键词规划表，再决定是否改页面
/ru/accessories/fc-fdj-55,ru,accessory_detail,normal,strong,85,google_ads_keyword_library_unplanned,General Drone/UAV Broad,Двигатель БПЛА FC-FDJ-55,drone accessories | UAV components | industrial UAV parts,Двигатель БПЛА FC-FDJ-55 | N-TET,Двигатель БПЛА FC-FDJ-55,Двигатель БПЛА FC-FDJ-55 Technical Specifications,true,true,false,true,补入关键词规划表，再决定是否改页面
/ru/accessories/fc-fdj-60,ru,accessory_detail,normal,strong,85,google_ads_keyword_library_unplanned,General Drone/UAV Broad,Двигатель БПЛА FC-FDJ-60,drone accessories | UAV components | industrial UAV parts,Двигатель БПЛА FC-FDJ-60 | N-TET,Двигатель БПЛА FC-FDJ-60,Двигатель БПЛА FC-FDJ-60 Technical Specifications,true,true,false,true,补入关键词规划表，再决定是否改页面
/ru/accessories/fc-fdj-61,ru,accessory_detail,normal,strong,85,google_ads_keyword_library_unplanned,General Drone/UAV Broad,Двигатель БПЛА FC-FDJ-61,drone accessories | UAV components | industrial UAV parts,Двигатель БПЛА FC-FDJ-61 | N-TET,Двигатель БПЛА FC-FDJ-61,Двигатель БПЛА FC-FDJ-61 Technical Specifications,true,true,false,true,补入关键词规划表，再决定是否改页面
/ru/accessories/fc-fdj-70hd,ru,accessory_detail,normal,strong,85,google_ads_keyword_library_unplanned,General Drone/UAV Broad,Двигатель БПЛА FC-FDJ-70HD,drone accessories | UAV components | industrial UAV parts,Двигатель БПЛА FC-FDJ-70HD | N-TET,Двигатель БПЛА FC-FDJ-70HD,Двигатель БПЛА FC-FDJ-70HD Technical Specifications,true,true,false,true,补入关键词规划表，再决定是否改页面
/ru/accessories/fc-fdj-85,ru,accessory_detail,normal,strong,85,google_ads_keyword_library_unplanned,General Drone/UAV Broad,Двигатель БПЛА FC-FDJ-85,drone accessories | UAV components | industrial UAV parts,Двигатель БПЛА FC-FDJ-85 | N-TET,Двигатель БПЛА FC-FDJ-85,Двигатель БПЛА FC-FDJ-85 Technical Specifications,true,true,false,true,补入关键词规划表，再决定是否改页面
/ru/accessories/fc-l10tr-three-light-gimbal,ru,accessory_detail,normal,strong,85,google_ads_keyword_library_unplanned,General Drone/UAV Broad,FC-L10TR электрооптический подвес,drone accessories | UAV components | industrial UAV parts,FC-L10TR Электрооптический Подвес | N-TET,FC-L10TR Электрооптический Подвес,FC-L10TR Электрооптический Подвес Technical Specifications,true,true,false,true,补入关键词规划表，再决定是否改页面
/ru/accessories/fc-l40-smart-optical-pod,ru,accessory_detail,normal,strong,85,google_ads_keyword_library_unplanned,General Drone/UAV Broad,FC-L40 электрооптический подвес,drone accessories | UAV components | industrial UAV parts,FC-L40 Электрооптический Подвес | N-TET,FC-L40 Электрооптический Подвес,FC-L40 Электрооптический Подвес Technical Specifications,true,true,false,true,补入关键词规划表，再决定是否改页面
/ru/accessories/fc-l40t-dual-light-gimbal,ru,accessory_detail,normal,strong,85,google_ads_keyword_library_unplanned,General Drone/UAV Broad,FC-L40T электрооптический подвес,drone accessories | UAV components | industrial UAV parts,FC-L40T Электрооптический Подвес | N-TET,FC-L40T Электрооптический Подвес,FC-L40T Электрооптический Подвес Technical Specifications,true,true,false,true,补入关键词规划表，再决定是否改页面
/ru/accessories/fc-l40tr-smart-optical-pod,ru,accessory_detail,normal,strong,85,google_ads_keyword_library_unplanned,General Drone/UAV Broad,FC-L40TR электрооптический подвес,drone accessories | UAV components | industrial UAV parts,FC-L40TR Электрооптический Подвес | N-TET,FC-L40TR Электрооптический Подвес,FC-L40TR Электрооптический Подвес Technical Specifications,true,true,false,true,补入关键词规划表，再决定是否改页面
/ru/accessories/fc-l50-smart-optical-pod,ru,accessory_detail,normal,strong,85,google_ads_keyword_library_unplanned,General Drone/UAV Broad,FC-L50 электрооптический подвес,drone accessories | UAV components | industrial UAV parts,FC-L50 Электрооптический Подвес | N-TET,FC-L50 Электрооптический Подвес,FC-L50 Электрооптический Подвес Technical Specifications,true,true,false,true,补入关键词规划表，再决定是否改页面
/ru/accessories/fc-ln100-dual-light-gimbal,ru,accessory_detail,normal,strong,85,google_ads_keyword_library_unplanned,General Drone/UAV Broad,FC-LN100 электрооптический подвес,drone accessories | UAV components | industrial UAV parts,FC-LN100 Электрооптический Подвес | N-TET,FC-LN100 Электрооптический Подвес,FC-LN100 Электрооптический Подвес Technical Specifications,true,true,false,true,补入关键词规划表，再决定是否改页面
/ru/accessories/fc-ln95-dual-light-gimbal,ru,accessory_detail,normal,strong,85,google_ads_keyword_library_unplanned,General Drone/UAV Broad,FC-LN95 электрооптический подвес,drone accessories | UAV components | industrial UAV parts,FC-LN95 Электрооптический Подвес | N-TET,FC-LN95 Электрооптический Подвес,FC-LN95 Электрооптический Подвес Technical Specifications,true,true,false,true,补入关键词规划表，再决定是否改页面
/ru/accessories/fc-max-5330,ru,accessory_detail,normal,strong,85,google_ads_keyword_library_unplanned,General Drone/UAV Broad,Двигатель БПЛА FC-MAX 5330,drone accessories | UAV components | industrial UAV parts,Двигатель БПЛА FC-MAX 5330 | N-TET,Двигатель БПЛА FC-MAX 5330,Двигатель БПЛА FC-MAX 5330 Technical Specifications,true,true,false,true,补入关键词规划表，再决定是否改页面
/ru/accessories/fc-mesh-100,ru,accessory_detail,normal,partial,70,google_ads_keyword_library_unplanned,General Drone/UAV Broad,FC-Mesh-100 канал передачи данных БПЛА,drone accessories | UAV components | industrial UAV parts,FC-Mesh-100 Канал Передачи Данных БПЛА | N-TET,FC-Mesh-100 Канал Передачи Данных БПЛА,FC-Mesh-100 Канал Передачи Данных БПЛА Technical Specifications,true,true,false,true,补入关键词规划表，再决定是否改页面
/ru/accessories/fc-mini-l10tr-smart-optical-pod,ru,accessory_detail,normal,strong,85,google_ads_keyword_library_unplanned,General Drone/UAV Broad,FC-MiniL10TR электрооптический подвес,drone accessories | UAV components | industrial UAV parts,FC-MiniL10TR Электрооптический Подвес | N-TET,FC-MiniL10TR Электрооптический Подвес,FC-MiniL10TR Электрооптический Подвес Technical Specifications,true,true,false,true,补入关键词规划表，再决定是否改页面
/ru/accessories/fc-pab-propeller,ru,accessory_detail,normal,partial,70,google_ads_keyword_library_unplanned,General Drone/UAV Broad,Пропеллер БПЛА FC-PAB,drone accessories | UAV components | industrial UAV parts,Пропеллер БПЛА FC-PAB | N-TET,Пропеллер БПЛА FC-PAB,Пропеллер БПЛА FC-PAB Technical Specifications,true,true,false,true,补入关键词规划表，再决定是否改页面
/ru/accessories/fc-pad-propeller,ru,accessory_detail,normal,partial,70,google_ads_keyword_library_unplanned,General Drone/UAV Broad,Пропеллер БПЛА FC-PAD,drone accessories | UAV components | industrial UAV parts,Пропеллер БПЛА FC-PAD | N-TET,Пропеллер БПЛА FC-PAD,Пропеллер БПЛА FC-PAD Technical Specifications,true,true,false,true,补入关键词规划表，再决定是否改页面
/ru/accessories/fc-pae-propeller,ru,accessory_detail,normal,partial,70,google_ads_keyword_library_unplanned,General Drone/UAV Broad,Пропеллер БПЛА FC-PAE,drone accessories | UAV components | industrial UAV parts,Пропеллер БПЛА FC-PAE | N-TET,Пропеллер БПЛА FC-PAE,Пропеллер БПЛА FC-PAE Technical Specifications,true,true,false,true,补入关键词规划表，再决定是否改页面
/ru/accessories/fc-pbf-propeller,ru,accessory_detail,normal,partial,70,google_ads_keyword_library_unplanned,General Drone/UAV Broad,Пропеллер БПЛА FC-PBF,drone accessories | UAV components | industrial UAV parts,Пропеллер БПЛА FC-PBF | N-TET,Пропеллер БПЛА FC-PBF,Пропеллер БПЛА FC-PBF Technical Specifications,true,true,false,true,补入关键词规划表，再决定是否改页面
/ru/accessories/fc-rm10x,ru,accessory_detail,normal,strong,85,google_ads_keyword_library_unplanned,General Drone/UAV Broad,Двигатель БПЛА FC-RM10X,drone accessories | UAV components | industrial UAV parts,Двигатель БПЛА FC-RM10X | N-TET,Двигатель БПЛА FC-RM10X,Двигатель БПЛА FC-RM10X Technical Specifications,true,true,false,true,补入关键词规划表，再决定是否改页面
/ru/accessories/fc-rm30,ru,accessory_detail,normal,strong,85,google_ads_keyword_library_unplanned,General Drone/UAV Broad,Двигатель БПЛА FC-RM30,drone accessories | UAV components | industrial UAV parts,Двигатель БПЛА FC-RM30 | N-TET,Двигатель БПЛА FC-RM30,Двигатель БПЛА FC-RM30 Technical Specifications,true,true,false,true,补入关键词规划表，再决定是否改页面
/ru/accessories/fc-sjl-100,ru,accessory_detail,normal,partial,70,google_ads_keyword_library_unplanned,General Drone/UAV Broad,FC-SJL-100 канал передачи данных БПЛА,drone accessories | UAV components | industrial UAV parts,FC-SJL-100 Канал Передачи Данных БПЛА | N-TET,FC-SJL-100 Канал Передачи Данных БПЛА,FC-SJL-100 Канал Передачи Данных БПЛА Technical Specifications,true,true,false,true,补入关键词规划表，再决定是否改页面
/ru/accessories/fc-sjl-200,ru,accessory_detail,normal,partial,70,google_ads_keyword_library_unplanned,General Drone/UAV Broad,FC-SJL-200 канал передачи данных БПЛА,drone accessories | UAV components | industrial UAV parts,FC-SJL-200 Канал Передачи Данных БПЛА | N-TET,FC-SJL-200 Канал Передачи Данных БПЛА,FC-SJL-200 Канал Передачи Данных БПЛА Technical Specifications,true,true,false,true,补入关键词规划表，再决定是否改页面
/ru/accessories/fc-sjl-30,ru,accessory_detail,normal,partial,70,google_ads_keyword_library_unplanned,General Drone/UAV Broad,FC-SJL-30 канал передачи данных БПЛА,drone accessories | UAV components | industrial UAV parts,FC-SJL-30 Канал Передачи Данных БПЛА | N-TET,FC-SJL-30 Канал Передачи Данных БПЛА,FC-SJL-30 Канал Передачи Данных БПЛА Technical Specifications,true,true,false,true,补入关键词规划表，再决定是否改页面
/ru/accessories/fc-sjl-380,ru,accessory_detail,normal,partial,70,google_ads_keyword_library_unplanned,General Drone/UAV Broad,FC-SJL-380 канал передачи данных БПЛА,drone accessories | UAV components | industrial UAV parts,FC-SJL-380 Канал Передачи Данных БПЛА | N-TET,FC-SJL-380 Канал Передачи Данных БПЛА,FC-SJL-380 Канал Передачи Данных БПЛА Technical Specifications,true,true,false,true,补入关键词规划表，再决定是否改页面
/ru/accessories/fc-sjl-50,ru,accessory_detail,normal,partial,70,google_ads_keyword_library_unplanned,General Drone/UAV Broad,FC-SJL-50 канал передачи данных БПЛА,drone accessories | UAV components | industrial UAV parts,FC-SJL-50 Канал Передачи Данных БПЛА | N-TET,FC-SJL-50 Канал Передачи Данных БПЛА,FC-SJL-50 Канал Передачи Данных БПЛА Technical Specifications,true,true,false,true,补入关键词规划表，再决定是否改页面
/ru/accessories/fc-u10-pro,ru,accessory_detail,normal,partial,70,google_ads_keyword_library_unplanned,General Drone/UAV Broad,Полетный контроллер FC-U10-PRO,drone accessories | UAV components | industrial UAV parts,Полетный Контроллер FC-U10-PRO | N-TET,Полетный Контроллер FC-U10-PRO,Полетный Контроллер FC-U10-PRO Technical Specifications,true,true,false,true,补入关键词规划表，再决定是否改页面
/ru/accessories/fc-u110,ru,accessory_detail,normal,strong,85,google_ads_keyword_library_unplanned,General Drone/UAV Broad,Двигатель БПЛА FC-U110,drone accessories | UAV components | industrial UAV parts,Двигатель БПЛА FC-U110 | N-TET,Двигатель БПЛА FC-U110,Двигатель БПЛА FC-U110 Technical Specifications,true,true,false,true,补入关键词规划表，再决定是否改页面
/ru/accessories/fc-u12,ru,accessory_detail,normal,partial,70,google_ads_keyword_library_unplanned,General Drone/UAV Broad,Полетный контроллер FC-U12,drone accessories | UAV components | industrial UAV parts,Полетный Контроллер FC-U12 | N-TET,Полетный Контроллер FC-U12,Полетный Контроллер FC-U12 Technical Specifications,true,true,false,true,补入关键词规划表，再决定是否改页面
/ru/accessories/fc-u8013,ru,accessory_detail,normal,strong,85,google_ads_keyword_library_unplanned,General Drone/UAV Broad,Двигатель БПЛА FC-U8013,drone accessories | UAV components | industrial UAV parts,Двигатель БПЛА FC-U8013 | N-TET,Двигатель БПЛА FC-U8013,Двигатель БПЛА FC-U8013 Technical Specifications,true,true,false,true,补入关键词规划表，再决定是否改页面
/ru/accessories/fc-u9-ag,ru,accessory_detail,normal,partial,70,google_ads_keyword_library_unplanned,General Drone/UAV Broad,Аграрный полетный контроллер FC-U9-AG,drone accessories | UAV components | industrial UAV parts,Аграрный Полетный Контроллер FC-U9-AG | N-TET,Аграрный Полетный Контроллер FC-U9-AG,Аграрный Полетный Контроллер FC-U9-AG Technical Specifications,true,true,false,true,补入关键词规划表，再决定是否改页面
/ru/accessories/fc-w2u-propeller,ru,accessory_detail,normal,partial,70,google_ads_keyword_library_unplanned,General Drone/UAV Broad,Пропеллер БПЛА FC-W2U,drone accessories | UAV components | industrial UAV parts,Пропеллер БПЛА FC-W2U | N-TET,Пропеллер БПЛА FC-W2U,Пропеллер БПЛА FC-W2U Technical Specifications,true,true,false,true,补入关键词规划表，再决定是否改页面
/ru/accessories/fc-x8030,ru,accessory_detail,normal,strong,85,google_ads_keyword_library_unplanned,General Drone/UAV Broad,Двигатель БПЛА FC-X8030,drone accessories | UAV components | industrial UAV parts,Двигатель БПЛА FC-X8030 | N-TET,Двигатель БПЛА FC-X8030,Двигатель БПЛА FC-X8030 Technical Specifications,true,true,false,true,补入关键词规划表，再决定是否改页面
/ru/accessories/fc-xh14,ru,accessory_detail,normal,strong,85,google_ads_keyword_library_unplanned,General Drone/UAV Broad,Двигатель БПЛА FC-XH14,drone accessories | UAV components | industrial UAV parts,Двигатель БПЛА FC-XH14 | N-TET,Двигатель БПЛА FC-XH14,Двигатель БПЛА FC-XH14 Technical Specifications,true,true,false,true,补入关键词规划表，再决定是否改页面
/ru/accessories/fc-yk15-remote-controller,ru,accessory_detail,normal,partial,70,google_ads_keyword_library_unplanned,General Drone/UAV Broad,Пульт управления БПЛА FC-YK15,drone accessories | UAV components | industrial UAV parts,Пульт Управления БПЛА FC-YK15 | N-TET,Пульт Управления БПЛА FC-YK15,Пульт Управления БПЛА FC-YK15 Technical Specifications,true,true,false,true,补入关键词规划表，再决定是否改页面
/ru/accessories/fc-yk24-remote-controller,ru,accessory_detail,normal,partial,70,google_ads_keyword_library_unplanned,General Drone/UAV Broad,Пульт управления БПЛА FC-YK24,drone accessories | UAV components | industrial UAV parts,Пульт Управления БПЛА FC-YK24 | N-TET,Пульт Управления БПЛА FC-YK24,Пульт Управления БПЛА FC-YK24 Technical Specifications,true,true,false,true,补入关键词规划表，再决定是否改页面
/ru/accessories/fc-yk32-remote-controller,ru,accessory_detail,normal,partial,70,google_ads_keyword_library_unplanned,General Drone/UAV Broad,Пульт управления БПЛА FC-YK32,drone accessories | UAV components | industrial UAV parts,Пульт Управления БПЛА FC-YK32 | N-TET,Пульт Управления БПЛА FC-YK32,Пульт Управления БПЛА FC-YK32 Technical Specifications,true,true,false,true,补入关键词规划表，再决定是否改页面
/ru/accessories/fc-ykrc7-remote-controller,ru,accessory_detail,normal,partial,70,google_ads_keyword_library_unplanned,General Drone/UAV Broad,Пульт управления БПЛА FC-YKRC7,drone accessories | UAV components | industrial UAV parts,Пульт Управления БПЛА FC-YKRC7 | N-TET,Пульт Управления БПЛА FC-YKRC7,Пульт Управления БПЛА FC-YKRC7 Technical Specifications,true,true,false,true,补入关键词规划表，再决定是否改页面
/ru/cases,ru,case_index,normal,weak,45,inferred_from_page_topic,Industrial UAV Systems,UAV inspection cases,power line UAV patrol | low altitude monitoring case | water conservancy UAV patrol | refinery monitoring case,UAV Inspection Cases Case | N-TET,UAV Inspection Cases,UAV Inspection Cases Project Overview,true,false,false,false,按案例场景词做 E-E-A-T 支撑页，不强制接广告词
/ru/cases/anhui-flood-season-uav-patrol,ru,case_detail,normal,strong,85,inferred_from_page_topic,Deployment Case Evidence,Аварийный паводковый патруль БПЛА в Аньхое,N-TET,Аварийный Паводковый Патруль БПЛА В Аньхое Case | N-TET,Аварийный Паводковый Патруль БПЛА В Аньхое,Аварийный Паводковый Патруль БПЛА В Аньхое Project Overview,true,true,false,true,按案例场景词做 E-E-A-T 支撑页，不强制接广告词
/ru/cases/brazil-refinery-low-altitude-monitoring,ru,case_detail,normal,partial,70,inferred_from_page_topic,Deployment Case Evidence,Проект защиты нефтеперерабатывающего завода в Бразилии от БПЛА,N-TET,Проект Защиты Нефтеперерабатывающего Завода В Бразилии От БПЛА Case | N-TET,Проект Защиты Нефтеперерабатывающего Завода В Бразилии От БПЛА,Проект Защиты Нефтеперерабатывающего Завода В Бразилии От БПЛА Project Overview,true,true,false,true,按案例场景词做 E-E-A-T 支撑页，不强制接广告词
/ru/cases/ice-snow-emergency-uav-inspection,ru,case_detail,normal,strong,85,inferred_from_page_topic,Deployment Case Evidence,Аварийная инспекция БПЛА при снеголедовых бедствиях,N-TET,Аварийная Инспекция БПЛА При Снеголедовых Бедствиях Case | N-TET,Аварийная Инспекция БПЛА При Снеголедовых Бедствиях,Аварийная Инспекция БПЛА При Снеголедовых Бедствиях Project Overview,true,true,false,true,按案例场景词做 E-E-A-T 支撑页，不强制接广告词
/ru/cases/lidar-tree-obstruction-uav-inspection,ru,case_detail,normal,strong,85,inferred_from_page_topic,Deployment Case Evidence,Инспекция древесных помех с LiDAR-БПЛА,N-TET,Инспекция Древесных Помех С LiDAR-БПЛА Case | N-TET,Инспекция Древесных Помех С LiDAR-БПЛА,Инспекция Древесных Помех С LiDAR-БПЛА Project Overview,true,true,false,true,按案例场景词做 E-E-A-T 支撑页，不强制接广告词
/ru/cases/nigeria-factory-low-altitude-monitoring,ru,case_detail,normal,partial,70,inferred_from_page_topic,Deployment Case Evidence,Защита промышленного комплекса в Нигерии от БПЛА,N-TET,Защита Промышленного Комплекса В Нигерии От БПЛА Case | N-TET,Защита Промышленного Комплекса В Нигерии От БПЛА,Защита Промышленного Комплекса В Нигерии От БПЛА Project Overview,true,true,false,true,按案例场景词做 E-E-A-T 支撑页，不强制接广告词
/ru/cases/pakistan-power-plant-low-altitude-monitoring,ru,case_detail,normal,partial,70,inferred_from_page_topic,Deployment Case Evidence,Проект защиты электростанции в Пакистане от БПЛА,N-TET,Проект Защиты Электростанции В Пакистане От БПЛА Case | N-TET,Проект Защиты Электростанции В Пакистане От БПЛА,Проект Защиты Электростанции В Пакистане От БПЛА Project Overview,true,true,false,true,按案例场景词做 E-E-A-T 支撑页，不强制接广告词
/ru/cases/southern-grid-wildfire-uav-inspection,ru,case_detail,normal,strong,85,inferred_from_page_topic,Deployment Case Evidence,Пожарно-профилактическая инспекция Southern Grid с БПЛА,N-TET,Пожарно-профилактическая Инспекция Southern Grid С БПЛА Case | N-TET,Пожарно-профилактическая Инспекция Southern Grid С БПЛА,Пожарно-профилактическая Инспекция Southern Grid С БПЛА Project Overview,true,true,false,true,按案例场景词做 E-E-A-T 支撑页，不强制接广告词
/ru/cases/wildfire-emergency-transmission-line-uav-patrol,ru,case_detail,normal,strong,85,inferred_from_page_topic,Deployment Case Evidence,Аварийный пожарный патруль ЛЭП с БПЛА,N-TET,Аварийный Пожарный Патруль ЛЭП С БПЛА Case | N-TET,Аварийный Пожарный Патруль ЛЭП С БПЛА,Аварийный Пожарный Патруль ЛЭП С БПЛА Project Overview,true,true,false,true,按案例场景词做 E-E-A-T 支撑页，不强制接广告词
/ru/cases/zhaoqing-long-distance-power-line-uav-inspection,ru,case_detail,normal,strong,85,inferred_from_page_topic,Deployment Case Evidence,Дальняя инспекция ЛЭП с БПЛА в Чжаоцине,N-TET,Дальняя Инспекция ЛЭП С БПЛА В Чжаоцине Case | N-TET,Дальняя Инспекция ЛЭП С БПЛА В Чжаоцине,Дальняя Инспекция ЛЭП С БПЛА В Чжаоцине Project Overview,true,true,false,true,按案例场景词做 E-E-A-T 支撑页，不强制接广告词
/ru/contact,ru,conversion,normal,weak,45,google_ads_planned_cluster,Industrial UAV Quote,industrial UAV quote,UAV system supplier | drone inspection solution | emergency response UAV | low altitude monitoring equipment,Industrial UAV Quote & Project Consultation | N-TET,Industrial UAV Quote,Industrial UAV Quote Overview,true,false,false,false,按广告关键词规划改 title、description、H1、H2、首段
/ru/media,ru,media_index,normal,weak,45,inferred_from_page_topic,Industrial UAV Systems,industrial UAV news,low altitude economy | tethered UAV surveillance | industrial UAV redundancy | border surveillance UAV network,Industrial UAV News Insights | N-TET,Industrial UAV News,Industrial UAV News Insights,true,false,false,false,按文章主题词做资讯 SEO，不强制接广告词
/ru/media/border-surveillance-uav-network-2026,ru,media_detail,normal,partial,70,inferred_from_page_topic,Perimeter Intelligence,Сети БПЛА и EO/IR улучшают обзорность удаленного патрулирования,N-TET,Сети БПЛА И EO/IR Улучшают Обзорность Удаленного Патрулирования Insights | N-TET,Сети БПЛА И EO/IR Улучшают Обзорность Удаленного Патрулирования,Сети БПЛА И EO/IR Улучшают Обзорность Удаленного Патрулирования Insights,true,true,false,true,按文章主题词做资讯 SEO，不强制接广告词
/ru/media/industrial-uav-redundancy-2026,ru,media_detail,normal,partial,70,inferred_from_page_topic,Industry Insight Content,Двойное резервирование управления полетом: как промышленные БПЛА достигают надежности миссионного уровня,N-TET,Двойное Резервирование Управления Полетом: Как Промышленные БПЛА Достигают Надежности Миссионного Уровня Insights | N-TET,Двойное Резервирование Управления Полетом: Как Промышленные БПЛА Достигают Надежности Миссионного Уровня,Двойное Резервирование Управления Полетом: Как Промышленные БПЛА Достигают Надежности Миссионного Уровня Insights,true,true,false,true,按文章主题词做资讯 SEO，不强制接广告词
/ru/media/low-altitude-economy-2026-outlook,ru,media_detail,normal,partial,70,inferred_from_page_topic,Industry Insight Content,Экономика малых высот Китая: прогноз на 2026 год с оборотом в 2 трлн юаней,N-TET,Экономика Малых Высот Китая: Прогноз На 2026 Год С Оборотом В 2 Трлн Юаней Insights | N-TET,Экономика Малых Высот Китая: Прогноз На 2026 Год С Оборотом В 2 Трлн Юаней,Экономика Малых Высот Китая: Прогноз На 2026 Год С Оборотом В 2 Трлн Юаней Insights,true,true,false,true,按文章主题词做资讯 SEO，不强制接广告词
/ru/media/tethered-uav-persistent-surveillance-2026,ru,media_detail,normal,partial,70,inferred_from_page_topic,Industry Insight Content,Привязные БПЛА: непрерывное воздушное наблюдение для мероприятий и удаленных объектов,N-TET,Привязные БПЛА: Непрерывное Воздушное Наблюдение Для Мероприятий И Удаленных Объектов Insights | N-TET,Привязные БПЛА: Непрерывное Воздушное Наблюдение Для Мероприятий И Удаленных Объектов,Привязные БПЛА: Непрерывное Воздушное Наблюдение Для Мероприятий И Удаленных Объектов Insights,true,true,false,true,按文章主题词做资讯 SEO，不强制接广告词
/ru/products,ru,product_index,normal,weak,45,google_ads_planned_cluster,Industrial UAV Systems,industrial UAV systems,UAV inspection drone | tethered UAV | emergency response drone | low altitude monitoring equipment | security screening equipment,Industrial UAV Systems | N-TET,Industrial UAV Systems,Industrial UAV Systems Technical Specifications,true,false,false,false,按广告关键词规划改 title、description、H1、H2、首段
/ru/products/bailey-bridge,ru,product_detail,normal,strong,85,inferred_from_page_topic,Brand and Product Support,Стальной модульный мост Бейли,engineering materials | Bailey steel bridge | infrastructure support equipment | N-TET,Стальной Модульный Мост Бейли | N-TET,Стальной Модульный Мост Бейли,Стальной Модульный Мост Бейли Technical Specifications,true,true,false,true,按产品名称和品类词做长尾 SEO，不强制接广告词
/ru/products/composite-electro-optical-tracking-system,ru,product_detail,neutral_seo,weak,45,google_ads_keyword_library_unplanned,Drone Detection & Airspace Monitoring,Оптико-электронная система обнаружения и слежения ОЭС,low altitude monitoring equipment | drone detection equipment | airspace monitoring system | N-TET,Оптико-электронная Система Обнаружения И Слежения ОЭС | N-TET,Оптико-электронная Система Обнаружения И Слежения ОЭС,Оптико-электронная Система Обнаружения И Слежения ОЭС Technical Specifications,true,false,false,false,补入关键词规划表，再决定是否改页面
/ru/products/containerized-medical-rescue-system,ru,product_detail,normal,strong,85,inferred_from_page_topic,Brand and Product Support,Контейнерная система медицинской помощи,field hospital system | containerized medical rescue system | emergency medical shelter | N-TET,Контейнерная Система Медицинской Помощи | N-TET,Контейнерная Система Медицинской Помощи,Контейнерная Система Медицинской Помощи Technical Specifications,true,true,false,true,按产品名称和品类词做长尾 SEO，不强制接广告词
/ru/products/emergency-search-rescue-drone,ru,product_detail,normal,strong,85,google_ads_keyword_library_unplanned,Search & Rescue UAV,thermal drones for search and rescue,search and rescue drone | search and rescue UAV | drone rescue | БПЛА для аварийного поиска и спасения | industrial UAV systems | UAV inspection drone,Thermal Drones For Search And Rescue | N-TET,Thermal Drones For Search And Rescue,Thermal Drones For Search And Rescue Technical Specifications,true,true,false,true,补入关键词规划表，再决定是否改页面
/ru/products/fbg-g15-fc06-explosion-containment-vessel,ru,product_detail,normal,strong,85,inferred_from_page_topic,Brand and Product Support,Взрывозащитный контейнер FBG-G1.5-FC06,security screening equipment | X-ray baggage scanner | walk-through metal detector | N-TET,Взрывозащитный Контейнер FBG-G1.5-FC06 | N-TET,Взрывозащитный Контейнер FBG-G1.5-FC06,Взрывозащитный Контейнер FBG-G1.5-FC06 Technical Specifications,true,true,false,true,按产品名称和品类词做长尾 SEO，不强制接广告词
/ru/products/fbt-fc09-explosion-protection-blanket,ru,product_detail,normal,strong,85,inferred_from_page_topic,Brand and Product Support,Взрывозащитное одеяло FBT-FC09,security screening equipment | X-ray baggage scanner | walk-through metal detector | N-TET,Взрывозащитное Одеяло FBT-FC09 | N-TET,Взрывозащитное Одеяло FBT-FC09,Взрывозащитное Одеяло FBT-FC09 Technical Specifications,true,true,false,true,按产品名称和品类词做长尾 SEO，不强制接广告词
/ru/products/fc-3000-ferromagnetic-detection-column,ru,product_detail,normal,strong,85,inferred_from_page_topic,Brand and Product Support,Интеллектуальная система ферромагнитного детектирования FC-3000,security screening equipment | X-ray baggage scanner | walk-through metal detector | N-TET,Интеллектуальная Система Ферромагнитного Детектирования FC-3000 | N-TET,Интеллектуальная Система Ферромагнитного Детектирования FC-3000,Интеллектуальная Система Ферромагнитного Детектирования FC-3000 Technical Specifications,true,true,false,true,按产品名称和品类词做长尾 SEO，不强制接广告词
/ru/products/fc-c-deluxe-walk-through-metal-detector,ru,product_detail,normal,weak,45,inferred_from_page_topic,Brand and Product Support,Арочный металлодетектор FC-C Делюкс,security screening equipment | X-ray baggage scanner | walk-through metal detector | N-TET,Арочный Металлодетектор FC-C Делюкс | N-TET,Арочный Металлодетектор FC-C Делюкс,Арочный Металлодетектор FC-C Делюкс Technical Specifications,true,false,false,false,按产品名称和品类词做长尾 SEO，不强制接广告词
/ru/products/fc-c-lcd-walk-through-metal-detector,ru,product_detail,normal,strong,85,inferred_from_page_topic,Brand and Product Support,Арочный металлодетектор FC-C ЖК-экран,12 зон | security screening equipment | X-ray baggage scanner | walk-through metal detector | N-TET,Арочный Металлодетектор FC-C ЖК-экран | N-TET,Арочный Металлодетектор FC-C ЖК-экран,Арочный Металлодетектор FC-C ЖК-экран Technical Specifications,true,true,false,true,按产品名称和品类词做长尾 SEO，不强制接广告词
/ru/products/fc-dlxj-01-power-grid-inspection-drone,ru,product_detail,normal,weak,30,google_ads_keyword_library_unplanned,Power Line & Transmission Tower Inspection UAV | Utility Inspection UAV,drone power line inspection,power line inspection drone | UAV power line inspection | utility inspection drone | БПЛА для инспекции электросетей FC-DLXJ-01 VTOL | industrial UAV systems | UAV inspection drone,Drone Power Line Inspection | N-TET,Drone Power Line Inspection,Drone Power Line Inspection Technical Specifications,false,false,false,false,补入关键词规划表，再决定是否改页面
/ru/products/fc-dma-long-range-optical-turntable,ru,product_detail,normal,strong,85,inferred_from_page_topic,Brand and Product Support,Мультиспектральная оптико-электронная поворотная платформа FC-DMA,perimeter intelligence | electro optical surveillance | radar vision fusion system | N-TET,Мультиспектральная Оптико-электронная Поворотная Платформа FC-DMA | N-TET,Мультиспектральная Оптико-электронная Поворотная Платформа FC-DMA,Мультиспектральная Оптико-электронная Поворотная Платформа FC-DMA Technical Specifications,true,true,false,true,按产品名称和品类词做长尾 SEO，不强制接广告词
/ru/products/fc-dms10-smart-electronic-sentinel,ru,product_detail,normal,strong,85,inferred_from_page_topic,Brand and Product Support,Интеллектуальный электронный часовой серии FC-DMS10,perimeter intelligence | electro optical surveillance | radar vision fusion system | N-TET,Интеллектуальный Электронный Часовой Серии FC-DMS10 | N-TET,Интеллектуальный Электронный Часовой Серии FC-DMS10,Интеллектуальный Электронный Часовой Серии FC-DMS10 Technical Specifications,true,true,false,true,按产品名称和品类词做长尾 SEO，不强制接广告词
/ru/products/fc-dtvc-dual-band-thermal-ptz,ru,product_detail,normal,strong,85,inferred_from_page_topic,Brand and Product Support,Двухспектральная тепловизионная скоростная купольная камера FC-DTVC,perimeter intelligence | electro optical surveillance | radar vision fusion system | N-TET,Двухспектральная Тепловизионная Скоростная Купольная Камера FC-DTVC | N-TET,Двухспектральная Тепловизионная Скоростная Купольная Камера FC-DTVC,Двухспектральная Тепловизионная Скоростная Купольная Камера FC-DTVC Technical Specifications,true,true,false,true,按产品名称和品类词做长尾 SEO，不强制接广告词
/ru/products/fc-h-smart-phone-detection-gate,ru,product_detail,normal,strong,85,inferred_from_page_topic,Brand and Product Support,Интеллектуальная рамка обнаружения смартфонов FC-H,security screening equipment | X-ray baggage scanner | walk-through metal detector | N-TET,Интеллектуальная Рамка Обнаружения Смартфонов FC-H | N-TET,Интеллектуальная Рамка Обнаружения Смартфонов FC-H,Интеллектуальная Рамка Обнаружения Смартфонов FC-H Technical Specifications,true,true,false,true,按产品名称和品类词做长尾 SEO，不强制接广告词
/ru/products/fc-h-smart-phone-detection-gate-29in,ru,product_detail,normal,weak,45,inferred_from_page_topic,Brand and Product Support,Интеллектуальная рамка для обнаружения мобильных телефонов FC-H 29 дюймов,security screening equipment | X-ray baggage scanner | walk-through metal detector | N-TET,Интеллектуальная Рамка Для Обнаружения Мобильных Телефонов FC-H 29 Дюймов | N-TET,Интеллектуальная Рамка Для Обнаружения Мобильных Телефонов FC-H 29 Дюймов,Интеллектуальная Рамка Для Обнаружения Мобильных Телефонов FC-H 29 Дюймов Technical Specifications,true,false,false,false,按产品名称和品类词做长尾 SEO，不强制接广告词
/ru/products/fc-pd500-personal-radiation-dose-alarm,ru,product_detail,normal,strong,85,inferred_from_page_topic,Brand and Product Support,Индивидуальный сигнализатор дозы X-γ излучения FC-PD500,security screening equipment | X-ray baggage scanner | walk-through metal detector | N-TET,Индивидуальный Сигнализатор Дозы X-γ Излучения FC-PD500 | N-TET,Индивидуальный Сигнализатор Дозы X-γ Излучения FC-PD500,Индивидуальный Сигнализатор Дозы X-γ Излучения FC-PD500 Technical Specifications,true,true,false,true,按产品名称和品类词做长尾 SEO，不强制接广告词
/ru/products/fc-rc-series-hd-laser-camera,ru,product_detail,normal,strong,85,inferred_from_page_topic,Brand and Product Support,Лазерная HD-камера дальнего действия серии FC-RC,perimeter intelligence | electro optical surveillance | radar vision fusion system | N-TET,Лазерная HD-камера Дальнего Действия Серии FC-RC | N-TET,Лазерная HD-камера Дальнего Действия Серии FC-RC,Лазерная HD-камера Дальнего Действия Серии FC-RC Technical Specifications,true,true,false,true,按产品名称和品类词做长尾 SEO，不强制接广告词
/ru/products/fc-rds500-4r-radar-vision-sentinel,ru,product_detail,normal,strong,85,inferred_from_page_topic,Perimeter Intelligence,Интеллектуальная система Radar-Vision Fusion FC-RDS500-4R,perimeter intelligence | electro optical surveillance | radar vision fusion system | N-TET,Интеллектуальная Система Radar-Vision Fusion FC-RDS500-4R | N-TET,Интеллектуальная Система Radar-Vision Fusion FC-RDS500-4R,Интеллектуальная Система Radar-Vision Fusion FC-RDS500-4R Technical Specifications,true,true,false,true,按产品名称和品类词做长尾 SEO，不强制接广告词
/ru/products/fc-sljc-01-water-conservancy-monitoring-drone,ru,product_detail,normal,strong,85,google_ads_keyword_library_unplanned,Water Conservancy Monitoring UAV,water conservancy monitoring UAV,dam inspection UAV | river lake UAV monitoring | flood monitoring drone | БПЛА для мониторинга водного хозяйства | industrial UAV systems | UAV inspection drone,Water Conservancy Monitoring UAV | N-TET,Water Conservancy Monitoring UAV,Water Conservancy Monitoring UAV Technical Specifications,true,true,false,true,补入关键词规划表，再决定是否改页面
/ru/products/fc-smart-swing-turnstile,ru,product_detail,normal,strong,85,inferred_from_page_topic,Brand and Product Support,Интеллектуальный турникет-калитку класса люкс,security screening equipment | X-ray baggage scanner | walk-through metal detector | N-TET,Интеллектуальный Турникет-калитку Класса Люкс | N-TET,Интеллектуальный Турникет-калитку Класса Люкс,Интеллектуальный Турникет-калитку Класса Люкс Technical Specifications,true,true,false,true,按产品名称和品类词做长尾 SEO，不强制接广告词
/ru/products/fc-ttvc-intelligent-multi-band-camera,ru,product_detail,normal,strong,85,inferred_from_page_topic,Brand and Product Support,Интеллектуальная мультиспектральная камера серии FC-TTVC,perimeter intelligence | electro optical surveillance | radar vision fusion system | N-TET,Интеллектуальная Мультиспектральная Камера Серии FC-TTVC | N-TET,Интеллектуальная Мультиспектральная Камера Серии FC-TTVC,Интеллектуальная Мультиспектральная Камера Серии FC-TTVC Technical Specifications,true,true,false,true,按产品名称和品类词做长尾 SEO，不强制接广告词
/ru/products/fc-yjtx-01-emergency-communication-drone,ru,product_detail,normal,strong,85,google_ads_keyword_library_unplanned,Emergency Communication UAV,emergency communication UAV,disaster response communication drone | tethered communication UAV | public safety UAV communications | Привязной БПЛА для аварийной связи | industrial UAV systems | UAV inspection drone,Emergency Communication UAV | N-TET,Emergency Communication UAV,Emergency Communication UAV Technical Specifications,true,true,false,true,补入关键词规划表，再决定是否改页面
/ru/products/fc-yjxf-01-aerial-firefighting-drone,ru,product_detail,normal,strong,85,google_ads_keyword_library_unplanned,Firefighting UAV | High-Rise Firefighting UAV,firefighting drone,drone fire fighting | drone for fire fighting | high-rise firefighting UAV | Привязной БПЛА для тушения высотных пожаров | industrial UAV systems | UAV inspection drone,Firefighting Drone | N-TET,Firefighting Drone,Firefighting Drone Technical Specifications,true,true,false,true,补入关键词规划表，再决定是否改页面
/ru/products/fc-yjzc-01-emergency-reconnaissance-drone,ru,product_detail,normal,strong,85,google_ads_keyword_library_unplanned,Search & Rescue UAV,search and rescue drone,drone rescue | emergency reconnaissance drone | disaster response UAV | БПЛА для экстренного реагирования и разведки FC-YJZC-01 | industrial UAV systems | UAV inspection drone,Search And Rescue Drone | N-TET,Search And Rescue Drone,Search And Rescue Drone Technical Specifications,true,true,false,true,补入关键词规划表，再决定是否改页面
/ru/products/fc-yjzm-01-emergency-lighting-drone,ru,product_detail,normal,strong,85,google_ads_keyword_library_unplanned,Tethered Lighting UAV,drone lighting,UAV lighting | tethered lighting UAV | emergency lighting drone | Привязной БПЛА для освещения | industrial UAV systems | UAV inspection drone,Drone Lighting | N-TET,Drone Lighting,Drone Lighting Technical Specifications,true,true,false,true,补入关键词规划表，再决定是否改页面
/ru/products/fc-yqxj-01-utility-inspection-drone,ru,product_detail,normal,weak,30,google_ads_planned_cluster,Utility Inspection UAV | Pipeline Inspection UAV,pipeline inspection drones,UAV pipeline inspection | oil and gas drone inspection | drone pipeline inspection | БПЛА для инспекции нефтегазопроводов FC-YQXJ-01 VTOL | industrial UAV systems | UAV inspection drone,Pipeline Inspection Drones | N-TET,Pipeline Inspection Drones,Pipeline Inspection Drones Technical Specifications,false,false,false,false,按广告关键词规划改 title、description、H1、H2、首段
/ru/products/fc1500-handheld-liquid-detector,ru,product_detail,normal,strong,85,inferred_from_page_topic,Brand and Product Support,Портативный детектор опасных жидкостей FC1500,security screening equipment | X-ray baggage scanner | walk-through metal detector | N-TET,Портативный Детектор Опасных Жидкостей FC1500 | N-TET,Портативный Детектор Опасных Жидкостей FC1500,Портативный Детектор Опасных Жидкостей FC1500 Technical Specifications,true,true,false,true,按产品名称和品类词做长尾 SEO，不强制接广告词
/ru/products/fc1500b-desktop-liquid-security-inspector,ru,product_detail,normal,strong,85,inferred_from_page_topic,Brand and Product Support,Настольный детектор опасных жидкостей FC1500B,security screening equipment | X-ray baggage scanner | walk-through metal detector | N-TET,Настольный Детектор Опасных Жидкостей FC1500B | N-TET,Настольный Детектор Опасных Жидкостей FC1500B,Настольный Детектор Опасных Жидкостей FC1500B Technical Specifications,true,true,false,true,按产品名称和品类词做长尾 SEO，不强制接广告词
/ru/products/fc1800b-portable-explosives-and-narcotics-detector,ru,product_detail,normal,strong,85,inferred_from_page_topic,Brand and Product Support,Портативный детектор следов взрывчатых веществ и наркотиков FC1800B,security screening equipment | X-ray baggage scanner | walk-through metal detector | N-TET,Портативный Детектор Следов Взрывчатых Веществ И Наркотиков FC1800B | N-TET,Портативный Детектор Следов Взрывчатых Веществ И Наркотиков FC1800B,Портативный Детектор Следов Взрывчатых Веществ И Наркотиков FC1800B Technical Specifications,true,true,false,true,按产品名称和品类词做长尾 SEO，不强制接广告词
/ru/products/fc1800t-desktop-explosives-narcotics-detector,ru,product_detail,normal,strong,85,inferred_from_page_topic,Brand and Product Support,Настольный детектор следов взрывчатых веществ и наркотиков FC1800T,security screening equipment | X-ray baggage scanner | walk-through metal detector | N-TET,Настольный Детектор Следов Взрывчатых Веществ И Наркотиков FC1800T | N-TET,Настольный Детектор Следов Взрывчатых Веществ И Наркотиков FC1800T,Настольный Детектор Следов Взрывчатых Веществ И Наркотиков FC1800T Technical Specifications,true,true,false,true,按产品名称和品类词做长尾 SEO，不强制接广告词
/ru/products/fc2088-handheld-metal-detector,ru,product_detail,normal,strong,85,inferred_from_page_topic,Brand and Product Support,Ручной металлодетектор FC2088,security screening equipment | X-ray baggage scanner | walk-through metal detector | N-TET,Ручной Металлодетектор FC2088 | N-TET,Ручной Металлодетектор FC2088,Ручной Металлодетектор FC2088 Technical Specifications,true,true,false,true,按产品名称和品类词做长尾 SEO，不强制接广告词
/ru/products/fc4028-neutron-ambient-dose-rate-meter,ru,product_detail,normal,strong,85,inferred_from_page_topic,Brand and Product Support,Измеритель мощности амбиентного эквивалента дозы нейтронного излучения FC4028,security screening equipment | X-ray baggage scanner | walk-through metal detector | N-TET,Измеритель Мощности Амбиентного Эквивалента Дозы Нейтронного Излучения FC4028 | N-TET,Измеритель Мощности Амбиентного Эквивалента Дозы Нейтронного Излучения FC4028,Измеритель Мощности Амбиентного Эквивалента Дозы Нейтронного Излучения FC4028 Technical Specifications,true,true,false,true,按产品名称和品类词做长尾 SEO，不强制接广告词
/ru/products/fc5030-compact-x-ray-baggage-scanner,ru,product_detail,normal,strong,85,inferred_from_page_topic,Brand and Product Support,Малогабаритный рентгенотелевизионный интроскоп FC5030,security screening equipment | X-ray baggage scanner | walk-through metal detector | N-TET,Малогабаритный Рентгенотелевизионный Интроскоп FC5030 | N-TET,Малогабаритный Рентгенотелевизионный Интроскоп FC5030,Малогабаритный Рентгенотелевизионный Интроскоп FC5030 Technical Specifications,true,true,false,true,按产品名称和品类词做长尾 SEO，不强制接广告词
/ru/products/fc6550-standard-x-ray-baggage-scanner,ru,product_detail,normal,weak,45,inferred_from_page_topic,Brand and Product Support,Рентгенотелевизионная установка FC6550 Стандартная,security screening equipment | X-ray baggage scanner | walk-through metal detector | N-TET,Рентгенотелевизионная Установка FC6550 Стандартная | N-TET,Рентгенотелевизионная Установка FC6550 Стандартная,Рентгенотелевизионная Установка FC6550 Стандартная Technical Specifications,true,false,false,false,按产品名称和品类词做长尾 SEO，不强制接广告词
/ru/products/fc6550d-dual-view-baggage-scanner,ru,product_detail,normal,strong,85,inferred_from_page_topic,Brand and Product Support,Двухпроекционный рентгеновский интроскоп FC6550D,security screening equipment | X-ray baggage scanner | walk-through metal detector | N-TET,Двухпроекционный Рентгеновский Интроскоп FC6550D | N-TET,Двухпроекционный Рентгеновский Интроскоп FC6550D,Двухпроекционный Рентгеновский Интроскоп FC6550D Technical Specifications,true,true,false,true,按产品名称和品类词做长尾 SEO，不强制接广告词
/ru/products/fc902-personal-radiation-dose-alarm,ru,product_detail,normal,strong,85,inferred_from_page_topic,Brand and Product Support,Индивидуальный сигнализатор дозы рентгеновского и гамма-излучения FC902,security screening equipment | X-ray baggage scanner | walk-through metal detector | N-TET,Индивидуальный Сигнализатор Дозы Рентгеновского И Гамма-излучения FC902 | N-TET,Индивидуальный Сигнализатор Дозы Рентгеновского И Гамма-излучения FC902,Индивидуальный Сигнализатор Дозы Рентгеновского И Гамма-излучения FC902 Technical Specifications,true,true,false,true,按产品名称和品类词做长尾 SEO，不强制接广告词
/ru/products/handheld-rf-detection-system-mini,ru,product_detail,normal,strong,85,google_ads_keyword_library_unplanned,Drone Detection & Airspace Monitoring,Малогабаритный переносной радиочастотный обнаружитель БПЛА,low altitude monitoring equipment | drone detection equipment | airspace monitoring system | N-TET,Малогабаритный Переносной Радиочастотный Обнаружитель БПЛА | N-TET,Малогабаритный Переносной Радиочастотный Обнаружитель БПЛА,Малогабаритный Переносной Радиочастотный Обнаружитель БПЛА Technical Specifications,true,true,false,true,补入关键词规划表，再决定是否改页面
/ru/products/intelligent-mobile-cabin-hospital,ru,product_detail,normal,strong,85,inferred_from_page_topic,Brand and Product Support,Интеллектуальный мобильный многофункциональный госпиталь,field hospital system | containerized medical rescue system | emergency medical shelter | N-TET,Интеллектуальный Мобильный Многофункциональный Госпиталь | N-TET,Интеллектуальный Мобильный Многофункциональный Госпиталь,Интеллектуальный Мобильный Многофункциональный Госпиталь Technical Specifications,true,true,false,true,按产品名称和品类词做长尾 SEO，不强制接广告词
/ru/products/low-altitude-3d-pulse-doppler-radar,ru,product_detail,normal,weak,45,google_ads_keyword_library_unplanned,Drone Detection & Airspace Monitoring,Радар обнаружения маловысотных целей X-диапазон,low altitude monitoring equipment | drone detection equipment | airspace monitoring system | N-TET,Радар Обнаружения Маловысотных Целей X-диапазон | N-TET,Радар Обнаружения Маловысотных Целей X-диапазон,Радар Обнаружения Маловысотных Целей X-диапазон Technical Specifications,true,false,false,false,补入关键词规划表，再决定是否改页面
/ru/products/low-altitude-detection-radar-ku-band,ru,product_detail,neutral_seo,weak,45,google_ads_keyword_library_unplanned,Drone Detection & Airspace Monitoring,РЛС обнаружения маловысотных целей Ku-диапазон,low altitude monitoring equipment | drone detection equipment | airspace monitoring system | N-TET,РЛС Обнаружения Маловысотных Целей Ku-диапазон | N-TET,РЛС Обнаружения Маловысотных Целей Ku-диапазон,РЛС Обнаружения Маловысотных Целей Ku-диапазон Technical Specifications,true,false,false,false,补入关键词规划表，再决定是否改页面
/ru/products/multi-rotor-20kg-payload-uav,ru,product_detail,normal,strong,85,inferred_from_page_topic,Brand and Product Support,Мультироторный БПЛА с нагрузкой 20 kg,industrial UAV systems | UAV inspection drone | emergency response UAV | N-TET,Мультироторный БПЛА С Нагрузкой 20 Kg | N-TET,Мультироторный БПЛА С Нагрузкой 20 Kg,Мультироторный БПЛА С Нагрузкой 20 Kg Technical Specifications,true,true,false,true,按产品名称和品类词做长尾 SEO，不强制接广告词
/ru/products/multi-rotor-3kg-payload-uav,ru,product_detail,normal,strong,85,inferred_from_page_topic,Brand and Product Support,Мультироторный БПЛА с нагрузкой 3 kg,industrial UAV systems | UAV inspection drone | emergency response UAV | N-TET,Мультироторный БПЛА С Нагрузкой 3 Kg | N-TET,Мультироторный БПЛА С Нагрузкой 3 Kg,Мультироторный БПЛА С Нагрузкой 3 Kg Technical Specifications,true,true,false,true,按产品名称和品类词做长尾 SEO，不强制接广告词
/ru/products/multi-rotor-50kg-payload-uav,ru,product_detail,normal,strong,85,inferred_from_page_topic,Brand and Product Support,Мультироторный БПЛА с нагрузкой 50 kg,industrial UAV systems | UAV inspection drone | emergency response UAV | N-TET,Мультироторный БПЛА С Нагрузкой 50 Kg | N-TET,Мультироторный БПЛА С Нагрузкой 50 Kg,Мультироторный БПЛА С Нагрузкой 50 Kg Technical Specifications,true,true,false,true,按产品名称和品类词做长尾 SEO，不强制接广告词
/ru/products/multi-rotor-8kg-payload-uav,ru,product_detail,normal,strong,85,inferred_from_page_topic,Brand and Product Support,Мультироторный БПЛА с нагрузкой 8 kg,industrial UAV systems | UAV inspection drone | emergency response UAV | N-TET,Мультироторный БПЛА С Нагрузкой 8 Kg | N-TET,Мультироторный БПЛА С Нагрузкой 8 Kg,Мультироторный БПЛА С Нагрузкой 8 Kg Technical Specifications,true,true,false,true,按产品名称和品类词做长尾 SEO，不强制接广告词
/ru/products/portable-rf-detection-case,ru,product_detail,neutral_seo,weak,45,google_ads_keyword_library_unplanned,Drone Detection & Airspace Monitoring,Переносная кейс система радиочастотного обнаружения БПЛА,low altitude monitoring equipment | drone detection equipment | airspace monitoring system | N-TET,Переносная Кейс Система Радиочастотного Обнаружения БПЛА | N-TET,Переносная Кейс Система Радиочастотного Обнаружения БПЛА,Переносная Кейс Система Радиочастотного Обнаружения БПЛА Technical Specifications,true,false,false,false,补入关键词规划表，再决定是否改页面
/ru/products/power-tower-inspection-drone,ru,product_detail,normal,strong,85,google_ads_keyword_library_unplanned,Power Line & Transmission Tower Inspection UAV | Utility Inspection UAV,drone power line inspection,power line inspection drone | drones for utility inspection | transmission tower inspection UAV | БПЛА для инспекции опор ЛЭП | industrial UAV systems | UAV inspection drone,Drone Power Line Inspection | N-TET,Drone Power Line Inspection,Drone Power Line Inspection Technical Specifications,true,true,false,true,补入关键词规划表，再决定是否改页面
/ru/products/smart-substation-autonomous-inspection-system,ru,product_detail,normal,strong,85,google_ads_keyword_library_unplanned,Smart Substation Autonomous Inspection,smart substation autonomous inspection,substation inspection drone | power utility UAV inspection | autonomous UAV inspection | Автономная система инспекции умной подстанции с БПЛА | industrial UAV systems | UAV inspection drone,Smart Substation Autonomous Inspection | N-TET,Smart Substation Autonomous Inspection,Smart Substation Autonomous Inspection Technical Specifications,true,true,false,true,补入关键词规划表，再决定是否改页面
/ru/products/stationary-rf-detection-system,ru,product_detail,neutral_seo,strong,85,google_ads_keyword_library_unplanned,Drone Detection & Airspace Monitoring,Стационарная система радиочастотного обнаружения БПЛА,low altitude monitoring equipment | drone detection equipment | airspace monitoring system | N-TET,Стационарная Система Радиочастотного Обнаружения БПЛА | N-TET,Стационарная Система Радиочастотного Обнаружения БПЛА,Стационарная Система Радиочастотного Обнаружения БПЛА Technical Specifications,true,true,false,true,补入关键词规划表，再决定是否改页面
/ru/products/uav-remote-id-monitoring-system,ru,product_detail,neutral_seo,weak,45,google_ads_keyword_library_unplanned,Drone Detection & Airspace Monitoring,Система мониторинга удаленной идентификации БПЛА Remote ID,low altitude monitoring equipment | drone detection equipment | airspace monitoring system | N-TET,Система Мониторинга Удаленной Идентификации БПЛА Remote ID | N-TET,Система Мониторинга Удаленной Идентификации БПЛА Remote ID,Система Мониторинга Удаленной Идентификации БПЛА Remote ID Technical Specifications,true,false,false,false,补入关键词规划表，再决定是否改页面
/ru/products/vtol-135kg-mtow-uav,ru,product_detail,normal,strong,85,inferred_from_page_topic,Brand and Product Support,VTOL БПЛА с максимальной взлетной массой 135 kg,industrial UAV systems | UAV inspection drone | emergency response UAV | N-TET,VTOL БПЛА С Максимальной Взлетной Массой 135 Kg | N-TET,VTOL БПЛА С Максимальной Взлетной Массой 135 Kg,VTOL БПЛА С Максимальной Взлетной Массой 135 Kg Technical Specifications,true,true,false,true,按产品名称和品类词做长尾 SEO，不强制接广告词
/ru/products/vtol-14kg-mtow-uav,ru,product_detail,normal,strong,85,inferred_from_page_topic,Brand and Product Support,VTOL БПЛА с максимальной взлетной массой 14 kg,industrial UAV systems | UAV inspection drone | emergency response UAV | N-TET,VTOL БПЛА С Максимальной Взлетной Массой 14 Kg | N-TET,VTOL БПЛА С Максимальной Взлетной Массой 14 Kg,VTOL БПЛА С Максимальной Взлетной Массой 14 Kg Technical Specifications,true,true,false,true,按产品名称和品类词做长尾 SEO，不强制接广告词
/ru/products/vtol-26kg-mtow-uav,ru,product_detail,normal,strong,85,inferred_from_page_topic,Brand and Product Support,VTOL БПЛА с максимальной взлетной массой 26 kg,industrial UAV systems | UAV inspection drone | emergency response UAV | N-TET,VTOL БПЛА С Максимальной Взлетной Массой 26 Kg | N-TET,VTOL БПЛА С Максимальной Взлетной Массой 26 Kg,VTOL БПЛА С Максимальной Взлетной Массой 26 Kg Technical Specifications,true,true,false,true,按产品名称和品类词做长尾 SEO，不强制接广告词
/ru/products/vtol-40kg-mtow-uav,ru,product_detail,normal,strong,85,inferred_from_page_topic,Brand and Product Support,VTOL БПЛА с максимальной взлетной массой 40 kg,industrial UAV systems | UAV inspection drone | emergency response UAV | N-TET,VTOL БПЛА С Максимальной Взлетной Массой 40 Kg | N-TET,VTOL БПЛА С Максимальной Взлетной Массой 40 Kg,VTOL БПЛА С Максимальной Взлетной Массой 40 Kg Technical Specifications,true,true,false,true,按产品名称和品类词做长尾 SEO，不强制接广告词
/ru/products/vtol-64kg-mtow-uav,ru,product_detail,normal,strong,85,inferred_from_page_topic,Brand and Product Support,VTOL БПЛА с максимальной взлетной массой 64 kg,industrial UAV systems | UAV inspection drone | emergency response UAV | N-TET,VTOL БПЛА С Максимальной Взлетной Массой 64 Kg | N-TET,VTOL БПЛА С Максимальной Взлетной Массой 64 Kg,VTOL БПЛА С Максимальной Взлетной Массой 64 Kg Technical Specifications,true,true,false,true,按产品名称和品类词做长尾 SEO，不强制接广告词
/ru/solutions,ru,solution_index,normal,weak,45,google_ads_keyword_library_unplanned,Search & Rescue UAV | Firefighting UAV | Pipeline Inspection UAV | Water Conservancy Monitoring UAV | Tethered Lighting UAV,UAV inspection solutions,search and rescue drone | firefighting drone | drone power line inspection | pipeline inspection drones | water conservancy monitoring UAV | tethered lighting UAV,UAV Inspection Solutions Solution | N-TET,UAV Inspection Solutions,UAV Inspection Solutions Workflow,true,false,false,false,补入关键词规划表，再决定是否改页面
/ru/solutions/airport-low-altitude-monitoring,ru,solution_detail,normal,partial,70,inferred_from_page_topic,Brand and Product Support,Защита аэропортов от БПЛА,N-TET,Защита Аэропортов От БПЛА Solution | N-TET,Защита Аэропортов От БПЛА,Защита Аэропортов От БПЛА Workflow,true,true,false,true,人工确认是否需要新增关键词库映射
/ru/solutions/airport-security-protection,ru,solution_detail,neutral_seo,partial,70,inferred_from_page_topic,Brand and Product Support,Безопасность аэропортов,N-TET,Безопасность Аэропортов Solution | N-TET,Безопасность Аэропортов,Безопасность Аэропортов Workflow,true,true,false,true,人工确认是否需要新增关键词库映射
/ru/solutions/category/01_BorderPatrol,ru,solution_category,normal,weak,30,google_ads_planned_cluster,Border Patrol UAV | Maritime & Coastal Patrol UAV,border patrol drones,border patrol UAV | UAV border patrol | maritime patrol UAV | coastal monitoring drone | land based maritime surveillance,Border Patrol Drones Solutions | N-TET,Border Patrol Drones,Border Patrol Drones Workflow,true,false,false,false,按广告关键词规划改 title、description、H1、H2、首段
/ru/solutions/category/02_InfrastructureProtection,ru,solution_category,normal,weak,15,google_ads_planned_cluster,Industrial Facility Inspection UAV | Pipeline Inspection UAV | Water Conservancy Monitoring UAV,drone power line inspection,pipeline inspection drones | oil and gas drone inspection | chemical plant monitoring | water conservancy monitoring UAV | low altitude monitoring equipment,Drone Power Line Inspection Solutions | N-TET,Drone Power Line Inspection,Drone Power Line Inspection Workflow,false,false,false,false,按广告关键词规划改 title、description、H1、H2、首段
/ru/solutions/category/03_KeyAreaSecurity,ru,solution_category,normal,weak,30,inferred_from_page_topic,Brand and Product Support,airport airspace monitoring,event security monitoring | key area security | smart security screening | low altitude monitoring equipment | electro optical surveillance,Airport Airspace Monitoring Solutions | N-TET,Airport Airspace Monitoring,Airport Airspace Monitoring Workflow,true,false,false,false,人工确认是否需要新增关键词库映射
/ru/solutions/category/04_EmergencyRescue,ru,solution_category,normal,weak,15,google_ads_keyword_library_unplanned,Search & Rescue UAV | Firefighting UAV | Emergency Communication UAV | Tethered Lighting UAV,search and rescue drone,firefighting drone | emergency communication UAV | drone lighting | emergency response drone | disaster response UAV,Search And Rescue Drone Solutions | N-TET,Search And Rescue Drone,Search And Rescue Drone Workflow,false,false,false,false,补入关键词规划表，再决定是否改页面
/ru/solutions/chemical-plant-protection,ru,solution_detail,neutral_seo,weak,30,google_ads_planned_cluster,Pipeline Inspection UAV | Chemical & Petrochemical Plant UAV,pipeline inspection drones,UAV pipeline inspection | oil and gas drone inspection | drone inspection for oil and gas | drone pipeline inspection | chemical plant monitoring,Pipeline Inspection Drones Solution | N-TET,Pipeline Inspection Drones,Pipeline Inspection Drones Workflow,true,false,false,false,按广告关键词规划改 title、description、H1、H2、首段
/ru/solutions/disaster-site-search-rescue-reconnaissance-uav-solution,ru,solution_detail,normal,weak,45,google_ads_planned_cluster,Search & Rescue UAV,thermal drones for search and rescue,search and rescue drone | drone rescue | drones for search and rescue | search and rescue thermal drone | search and rescue UAV,Thermal Drones For Search And Rescue Solution | N-TET,Thermal Drones For Search And Rescue,Thermal Drones For Search And Rescue Workflow,true,false,false,false,按广告关键词规划改 title、description、H1、H2、首段
/ru/solutions/emergency-communication-uav,ru,solution_detail,normal,strong,85,inferred_from_page_topic,Brand and Product Support,БПЛА экстренной связи,N-TET,БПЛА Экстренной Связи Solution | N-TET,БПЛА Экстренной Связи,БПЛА Экстренной Связи Workflow,true,true,false,true,人工确认是否需要新增关键词库映射
/ru/solutions/emergency-communication-uav-solution,ru,solution_detail,normal,partial,70,inferred_from_page_topic,Brand and Product Support,Решение БПЛА для аварийной связи,N-TET,Решение БПЛА Для Аварийной Связи Solution | N-TET,Решение БПЛА Для Аварийной Связи,Решение БПЛА Для Аварийной Связи Workflow,true,true,false,true,人工确认是否需要新增关键词库映射
/ru/solutions/emergency-lighting-uav,ru,solution_detail,normal,partial,70,inferred_from_page_topic,Brand and Product Support,БПЛА аварийного освещения,N-TET,БПЛА Аварийного Освещения Solution | N-TET,БПЛА Аварийного Освещения,БПЛА Аварийного Освещения Workflow,true,true,false,true,人工确认是否需要新增关键词库映射
/ru/solutions/emergency-reconnaissance-uav,ru,solution_detail,normal,partial,70,inferred_from_page_topic,Brand and Product Support,БПЛА экстренной разведки,N-TET,БПЛА Экстренной Разведки Solution | N-TET,БПЛА Экстренной Разведки,БПЛА Экстренной Разведки Workflow,true,true,false,true,人工确认是否需要新增关键词库映射
/ru/solutions/emergency-search-rescue-uav-solution,ru,solution_detail,normal,partial,70,inferred_from_page_topic,Brand and Product Support,Решение поисково-спасательного БПЛА,N-TET,Решение Поисково-спасательного БПЛА Solution | N-TET,Решение Поисково-спасательного БПЛА,Решение Поисково-спасательного БПЛА Workflow,true,true,false,true,人工确认是否需要新增关键词库映射
/ru/solutions/high-rise-firefighting-uav-solution,ru,solution_detail,normal,partial,70,inferred_from_page_topic,Brand and Product Support,Решение БПЛА для тушения высотных пожаров,N-TET,Решение БПЛА Для Тушения Высотных Пожаров Solution | N-TET,Решение БПЛА Для Тушения Высотных Пожаров,Решение БПЛА Для Тушения Высотных Пожаров Workflow,true,true,false,true,人工确认是否需要新增关键词库映射
/ru/solutions/hydroelectric-dam-protection,ru,solution_detail,neutral_seo,partial,70,inferred_from_page_topic,Brand and Product Support,Защита гидроэлектрических плотин,N-TET,Защита Гидроэлектрических Плотин Solution | N-TET,Защита Гидроэлектрических Плотин,Защита Гидроэлектрических Плотин Workflow,true,true,false,true,人工确认是否需要新增关键词库映射
/ru/solutions/judicial-sector-security,ru,solution_detail,neutral_seo,partial,70,inferred_from_page_topic,Brand and Product Support,Безопасность судебного сектора,N-TET,Безопасность Судебного Сектора Solution | N-TET,Безопасность Судебного Сектора,Безопасность Судебного Сектора Workflow,true,true,false,true,人工确认是否需要新增关键词库映射
/ru/solutions/land-based-maritime-surveillance,ru,solution_detail,normal,partial,70,inferred_from_page_topic,Brand and Product Support,Береговое наблюдение и раннее предупреждение,N-TET,Береговое Наблюдение И Раннее Предупреждение Solution | N-TET,Береговое Наблюдение И Раннее Предупреждение,Береговое Наблюдение И Раннее Предупреждение Workflow,true,true,false,true,人工确认是否需要新增关键词库映射
/ru/solutions/night-emergency-lighting-support-uav-solution,ru,solution_detail,normal,partial,65,google_ads_planned_cluster,Tethered Lighting UAV,drone lighting,UAV lighting | tethered lighting UAV | UAV lighting system | emergency lighting drone | drone lighting company,Drone Lighting Solution | N-TET,Drone Lighting,Drone Lighting Workflow,true,false,false,true,按广告关键词规划改 title、description、H1、H2、首段
/ru/solutions/oil-production-base-protection,ru,solution_detail,normal,partial,70,google_ads_planned_cluster,Oil & Gas Facility Inspection UAV,Охрана нефтедобывающих баз,N-TET,Охрана Нефтедобывающих Баз Solution | N-TET,Охрана Нефтедобывающих Баз,Охрана Нефтедобывающих Баз Workflow,true,true,false,true,按广告关键词规划改 title、description、H1、H2、首段
/ru/solutions/post-disaster-emergency-communication-support-uav-solution,ru,solution_detail,normal,weak,45,google_ads_planned_cluster,Emergency Communication UAV,emergency communication UAV,disaster response communication drone | tethered communication UAV | public safety UAV communications | emergency communication drone,Emergency Communication UAV Solution | N-TET,Emergency Communication UAV,Emergency Communication UAV Workflow,true,false,false,false,按广告关键词规划改 title、description、H1、H2、首段
/ru/solutions/power-generation-facility-low-altitude-monitoring,ru,solution_detail,normal,partial,70,inferred_from_page_topic,Brand and Product Support,Защита энергетических объектов от БПЛА,N-TET,Защита Энергетических Объектов От БПЛА Solution | N-TET,Защита Энергетических Объектов От БПЛА,Защита Энергетических Объектов От БПЛА Workflow,true,true,false,true,人工确认是否需要新增关键词库映射
/ru/solutions/power-line-uav-intelligent-inspection-solution,ru,solution_detail,normal,weak,15,google_ads_planned_cluster,Power Line & Transmission Tower Inspection UAV | Cell Tower Inspection UAV | Utility Inspection UAV,drones for utility inspection,drone power line inspection | utility inspection drone | drone cell tower inspection | power line inspection drone | UAV power line inspection,Drones For Utility Inspection Solution | N-TET,Drones For Utility Inspection,Drones For Utility Inspection Workflow,false,false,false,false,按广告关键词规划改 title、description、H1、H2、首段
/ru/solutions/power-tower-inspection-uav-solution,ru,solution_detail,normal,partial,70,inferred_from_page_topic,Brand and Product Support,Решение БПЛА для инспекции опор ЛЭП,N-TET,Решение БПЛА Для Инспекции Опор ЛЭП Solution | N-TET,Решение БПЛА Для Инспекции Опор ЛЭП,Решение БПЛА Для Инспекции Опор ЛЭП Workflow,true,true,false,true,人工确认是否需要新增关键词库映射
/ru/solutions/smart-substation-autonomous-inspection-solution,ru,solution_detail,normal,partial,70,inferred_from_page_topic,Brand and Product Support,Решение автономной инспекции подстанций с БПЛА,N-TET,Решение Автономной Инспекции Подстанций С БПЛА Solution | N-TET,Решение Автономной Инспекции Подстанций С БПЛА,Решение Автономной Инспекции Подстанций С БПЛА Workflow,true,true,false,true,人工确认是否需要新增关键词库映射
/ru/solutions/smart-substation-unattended-uav-inspection-solution,ru,solution_detail,normal,weak,45,google_ads_planned_cluster,Smart Substation Autonomous Inspection,smart substation autonomous inspection,substation inspection drone | power utility UAV inspection | autonomous UAV inspection | UAV inspection system,Smart Substation Autonomous Inspection Solution | N-TET,Smart Substation Autonomous Inspection,Smart Substation Autonomous Inspection Workflow,true,false,false,false,按广告关键词规划改 title、description、H1、H2、首段
/ru/solutions/sports-event-security,ru,solution_detail,neutral_seo,partial,70,inferred_from_page_topic,Brand and Product Support,Безопасность крупных спортивных мероприятий,N-TET,Безопасность Крупных Спортивных Мероприятий Solution | N-TET,Безопасность Крупных Спортивных Мероприятий,Безопасность Крупных Спортивных Мероприятий Workflow,true,true,false,true,人工确认是否需要新增关键词库映射
/ru/solutions/tethered-lighting-uav-solution,ru,solution_detail,normal,partial,70,inferred_from_page_topic,Brand and Product Support,Решение привязного осветительного БПЛА,N-TET,Решение Привязного Осветительного БПЛА Solution | N-TET,Решение Привязного Осветительного БПЛА,Решение Привязного Осветительного БПЛА Workflow,true,true,false,true,人工确认是否需要新增关键词库映射
/ru/solutions/uav-maritime-emergency-rescue,ru,solution_detail,normal,partial,70,inferred_from_page_topic,Brand and Product Support,Аварийно-спасательные операции БПЛА на море,N-TET,Аварийно-спасательные Операции БПЛА На Море Solution | N-TET,Аварийно-спасательные Операции БПЛА На Море,Аварийно-спасательные Операции БПЛА На Море Workflow,true,true,false,true,人工确认是否需要新增关键词库映射
/ru/solutions/uav-maritime-patrol,ru,solution_detail,normal,weak,45,google_ads_planned_cluster,Maritime & Coastal Patrol UAV | Border Patrol UAV,border patrol drones,border patrol UAV | UAV border patrol | drones for border patrol | maritime patrol UAV | coastal monitoring drone,Border Patrol Drones Solution | N-TET,Border Patrol Drones,Border Patrol Drones Workflow,true,false,false,false,按广告关键词规划改 title、description、H1、H2、首段
/ru/solutions/urban-high-rise-firefighting-emergency-uav-solution,ru,solution_detail,normal,weak,45,google_ads_planned_cluster,High-Rise Firefighting UAV | Firefighting UAV,firefighting drone,drone fire fighting | drone for fire fighting | fire fighting drones | drones firefighting | high-rise firefighting UAV,Firefighting Drone Solution | N-TET,Firefighting Drone,Firefighting Drone Workflow,true,false,false,false,按广告关键词规划改 title、description、H1、H2、首段
/ru/solutions/water-conservancy-monitoring-uav-solution,ru,solution_detail,normal,partial,70,inferred_from_page_topic,Brand and Product Support,Решение БПЛА для мониторинга водного хозяйства,N-TET,Решение БПЛА Для Мониторинга Водного Хозяйства Solution | N-TET,Решение БПЛА Для Мониторинга Водного Хозяйства,Решение БПЛА Для Мониторинга Водного Хозяйства Workflow,true,true,false,true,人工确认是否需要新增关键词库映射
/ru/solutions/water-conservancy-river-lake-uav-monitoring-solution,ru,solution_detail,normal,weak,30,google_ads_planned_cluster,Water Conservancy Monitoring UAV,water conservancy monitoring UAV,dam inspection UAV | using UAV to monitor water quality in lakes | river lake UAV monitoring | flood monitoring drone,Water Conservancy Monitoring UAV Solution | N-TET,Water Conservancy Monitoring UAV,Water Conservancy Monitoring UAV Workflow,true,false,false,false,按广告关键词规划改 title、description、H1、H2、首段
